offset,file,text_en,byte_budget
scena/mp2010_07.dat:0x4feaa,scena/mp2010_07.dat,@&3 ,5
scena/mp2010_07.dat:0x6febc,scena/mp2010_07.dat,@& K,5
scena/mp2010_07.dat:0x70aa9,scena/mp2010_07.dat,@& L,5
scena/mp2010_07.dat:0x7f0e6,scena/mp2010_07.dat, &2_,5
scena/mp2010_07.dat:0x7fb33,scena/mp2010_07.dat,this gang that hangs out at the docks.,39
scena/mp2010_07.dat:0x7fb5a,scena/mp2010_07.dat,"My little brother Deen is part of the Ravens,",46
scena/mp2010_07.dat:0x7fb97,scena/mp2010_07.dat,Royal Tournament recently.,27
scena/mp2010_07.dat:0x7fbb2,scena/mp2010_07.dat,"Word is, they competed in the",30
scena/mp2010_07.dat:0x7fbea,scena/mp2010_07.dat, they just laze about all day.,31
scena/mp2010_07.dat:0x7fc09,scena/mp2010_07.dat,"I gotta say, I was impressed, but nothing's",44
scena/mp2010_07.dat:0x7fc44,scena/mp2010_07.dat,Shame they hardly ever do.,27
scena/mp2010_07.dat:0x7fc5f,scena/mp2010_07.dat,They're capable when they put their minds to it.,49
scena/mp2010_07.dat:0x7fc9f,scena/mp2010_07.dat,in the Royal Tournament recently.,34
scena/mp2010_07.dat:0x7fcc1,scena/mp2010_07.dat,Apparently my brother Deen competed,36
scena/mp2010_07.dat:0x7fcff,scena/mp2010_07.dat, they just laze about all day.,31
scena/mp2010_07.dat:0x7fd1e,scena/mp2010_07.dat,"I gotta say, I was impressed, but nothing's",44
scena/mp2010_07.dat:0x7fd59,scena/mp2010_07.dat,Shame they hardly ever do.,27
scena/mp2010_07.dat:0x7fd74,scena/mp2010_07.dat,They're capable when they put their minds to it.,49
scena/mp2010_07.dat:0x7fdb4,scena/mp2010_07.dat,is a supporter of Norman's campaign.,37
scena/mp2010_07.dat:0x7fdd9,scena/mp2010_07.dat,Everyone who does business around here,39
scena/mp2010_07.dat:0x7fe0f,scena/mp2010_07.dat,screwed without tourists.,26
scena/mp2010_07.dat:0x7fe29,scena/mp2010_07.dat,"Because, honestly, we'd be",27
scena/mp2010_07.dat:0x7fe53,scena/mp2010_07.dat,his campaign office in one of the rooms.,41
scena/mp2010_07.dat:0x7fe7c,scena/mp2010_07.dat,You know the hotel nearby? Norman's set up,43
scena/mp2010_07.dat:0x7feb6,scena/mp2010_07.dat,"takeout for his team, meaning business is good!",48
scena/mp2010_07.dat:0x7fee6,scena/mp2010_07.dat,I like having them there. He often orders,42
scena/mp2010_07.dat:0x7ff1f,scena/mp2010_07.dat,"Hello there, bracers.",22
scena/mp2010_07.dat:0x7ff44,scena/mp2010_07.dat,but I'm glad things settled peacefully.,40
scena/mp2010_07.dat:0x7ff6c,scena/mp2010_07.dat,"Things were touch and go there for a bit,",42
scena/mp2010_07.dat:0x7ffa5,scena/mp2010_07.dat,they act just a little bit more maturely?,42
scena/mp2010_07.dat:0x7ffcf,scena/mp2010_07.dat,"I'm glad both sides are passionate, but can't",46
scena/mp2010_07.dat:0x8000c,scena/mp2010_07.dat,but I'm glad things settled peacefully.,40
scena/mp2010_07.dat:0x80034,scena/mp2010_07.dat,"Things were touch and go there for a bit,",42
scena/mp2010_07.dat:0x8006d,scena/mp2010_07.dat,they act just a little bit more maturely?,42
scena/mp2010_07.dat:0x80097,scena/mp2010_07.dat,"I'm glad both sides are passionate, but can't",46
scena/mp2010_07.dat:0x800d4,scena/mp2010_07.dat,squandered all his money at the casino.,40
scena/mp2010_07.dat:0x800fc,scena/mp2010_07.dat,I decided to hire this customer who,36
scena/mp2010_07.dat:0x8012f,scena/mp2010_07.dat,have him here helping out.,27
scena/mp2010_07.dat:0x8014a,scena/mp2010_07.dat,It's no skin off my back to,28
scena/mp2010_07.dat:0x80175,scena/mp2010_07.dat,last mira. He can't even afford to go home!,44
scena/mp2010_07.dat:0x801a1,scena/mp2010_07.dat,"But, geez, I can't believe he gambled away his",47
scena/mp2010_07.dat:0x801df,scena/mp2010_07.dat,He must've gotten a bit TOO invested...,40
scena/mp2010_07.dat:0x80216,scena/mp2010_07.dat,stoves are still busted. This sucks.,37
scena/mp2010_07.dat:0x8023b,scena/mp2010_07.dat,"Man, the bridge is still stuck and the",39
scena/mp2010_07.dat:0x80271,scena/mp2010_07.dat,but I ain't all too optimistic.,32
scena/mp2010_07.dat:0x80291,scena/mp2010_07.dat,"We managed to open up shop,",28
scena/mp2010_07.dat:0x802bc,scena/mp2010_07.dat,I'll be able to carry on like this.,36
scena/mp2010_07.dat:0x802e0,scena/mp2010_07.dat,I honestly dunno how long,26
scena/mp2010_07.dat:0x80309,scena/mp2010_07.dat,stoves are still busted. This sucks.,37
scena/mp2010_07.dat:0x8032e,scena/mp2010_07.dat,"Man, the bridge is still stuck and the",39
scena/mp2010_07.dat:0x80364,scena/mp2010_07.dat,"there first, I just want this situation fixed!",47
scena/mp2010_07.dat:0x80393,scena/mp2010_07.dat,I don't care if the army or you bracers get,44
scena/mp2010_07.dat:0x803ce,scena/mp2010_07.dat,time my brother was here.,26
scena/mp2010_07.dat:0x803e8,scena/mp2010_07.dat,I can't even remember the last,31
scena/mp2010_07.dat:0x80416,scena/mp2010_07.dat,so I'll help him however I can.,32
scena/mp2010_07.dat:0x80436,scena/mp2010_07.dat,"He seems to have gotten his head in gear,",42
scena/mp2010_07.dat:0x8046f,scena/mp2010_07.dat,"I mean, he's my only brother, after all.",41
scena/mp2010_07.dat:0x804a7,scena/mp2010_07.dat,time my brother was here.,26
scena/mp2010_07.dat:0x804c1,scena/mp2010_07.dat,I can't even remember the last,31
scena/mp2010_07.dat:0x804ef,scena/mp2010_07.dat,keep this ol' place open.,26
scena/mp2010_07.dat:0x80509,scena/mp2010_07.dat,"Heh, I'm glad that we decided to",33
scena/mp2010_07.dat:0x80539,scena/mp2010_07.dat,Welcome to the Lavantar Casino & Bar.,38
scena/mp2010_07.dat:0x8056e,scena/mp2010_07.dat,rely on reason alone to make judgments.,40
scena/mp2010_07.dat:0x80596,scena/mp2010_07.dat,There are times in life when you cannot,40
scena/mp2010_07.dat:0x805cd,scena/mp2010_07.dat,get through these decisions nonetheless.,41
scena/mp2010_07.dat:0x805f6,scena/mp2010_07.dat,"However, the Goddess gifted us a way to",40
scena/mp2010_07.dat:0x8062d,scena/mp2010_07.dat,That method is...intuition.,28
scena/mp2010_07.dat:0x80658,scena/mp2010_07.dat,victory and loss is not decided by mere logic.,47
scena/mp2010_07.dat:0x80687,scena/mp2010_07.dat,"And just like life, gambling is a world where",46
scena/mp2010_07.dat:0x806c4,scena/mp2010_07.dat,or not you've got the sense to spot danger.,44
scena/mp2010_07.dat:0x806f0,scena/mp2010_07.dat,The essence of gambling lies in whether,40
scena/mp2010_07.dat:0x80727,scena/mp2010_07.dat,Welcome to the Lavantar Casino & Bar.,38
scena/mp2010_07.dat:0x8075c,scena/mp2010_07.dat,to announce our grand reopening is finally here.,49
scena/mp2010_07.dat:0x8078d,scena/mp2010_07.dat,Thank you for your patience. We are pleased,44
scena/mp2010_07.dat:0x807c8,scena/mp2010_07.dat,casino's pride and joy: our slot machines?,43
scena/mp2010_07.dat:0x807f3,scena/mp2010_07.dat,Have you had a chance to check out our,39
scena/mp2010_07.dat:0x80829,scena/mp2010_07.dat,especially for us at the Zeiss Central Factory.,48
scena/mp2010_07.dat:0x80859,scena/mp2010_07.dat,"They're state-of-the-art orbal machines, made",46
scena/mp2010_07.dat:0x80896,scena/mp2010_07.dat,happen to the Pom on screen. Watch out for it!,47
scena/mp2010_07.dat:0x808c5,scena/mp2010_07.dat,"When the slots line up, some interesting things",48
scena/mp2010_07.dat:0x80904,scena/mp2010_07.dat,casino's pride and joy: our slot machines?,43
scena/mp2010_07.dat:0x8092f,scena/mp2010_07.dat,Have you had a chance to check out our,39
scena/mp2010_07.dat:0x80965,scena/mp2010_07.dat,especially for us at the Zeiss Central Factory!,48
scena/mp2010_07.dat:0x80995,scena/mp2010_07.dat,"They're state-of-the-art orbal machines, made",46
scena/mp2010_07.dat:0x809d2,scena/mp2010_07.dat,"was...unfortunate, to say the least.",37
scena/mp2010_07.dat:0x809f7,scena/mp2010_07.dat,What happened with our previous mayor,38
scena/mp2010_07.dat:0x80a2c,scena/mp2010_07.dat,that promoted tourism in Ruan.,31
scena/mp2010_07.dat:0x80a4b,scena/mp2010_07.dat,"However, we benefited from his policies",40
scena/mp2010_07.dat:0x80a82,scena/mp2010_07.dat,will continue to do the same.,30
scena/mp2010_07.dat:0x80aa0,scena/mp2010_07.dat,I can only hope that the new mayor,35
scena/mp2010_07.dat:0x80ad2,scena/mp2010_07.dat,continue to support the tourism industry.,42
scena/mp2010_07.dat:0x80afc,scena/mp2010_07.dat,I can only hope that the new mayor will,40
scena/mp2010_07.dat:0x80b33,scena/mp2010_07.dat,"Hmm, that guy's on quite the winning streak.",45
scena/mp2010_07.dat:0x80b6f,scena/mp2010_07.dat,Let's hope his luck doesn't turn on him...,43
scena/mp2010_07.dat:0x80ba9,scena/mp2010_07.dat,disappear just as quickly.,27
scena/mp2010_07.dat:0x80bc4,scena/mp2010_07.dat,Luck that comes on a roll can,30
scena/mp2010_07.dat:0x80bf1,scena/mp2010_07.dat,it's only too easy to lose it all.,35
scena/mp2010_07.dat:0x80c14,scena/mp2010_07.dat,Once a winning streak ends,27
scena/mp2010_07.dat:0x80c3e,scena/mp2010_07.dat,cashing in his winnings soon.,30
scena/mp2010_07.dat:0x80c5c,scena/mp2010_07.dat,That customer will probably be,31
scena/mp2010_07.dat:0x80c8a,scena/mp2010_07.dat,"Hmm, it is what it is.",23
scena/mp2010_07.dat:0x80cb1,scena/mp2010_07.dat,It's about time for her to make her move.,42
scena/mp2010_07.dat:0x80cea,scena/mp2010_07.dat,Welcome to the Lavantar Casino & Bar.,38
scena/mp2010_07.dat:0x80d1f,scena/mp2010_07.dat,we will remain open for business.,34
scena/mp2010_07.dat:0x80d41,scena/mp2010_07.dat,"Despite the troubles in the world at large,",44
scena/mp2010_07.dat:0x80d7c,scena/mp2010_07.dat,"casino. It's a win for us both, wouldn't you say?",50
scena/mp2010_07.dat:0x80dae,scena/mp2010_07.dat,And do feel free to test everything else in the,48
scena/mp2010_07.dat:0x80ded,scena/mp2010_07.dat,we will remain open for business.,34
scena/mp2010_07.dat:0x80e0f,scena/mp2010_07.dat,"Despite the troubles in the world at large,",44
scena/mp2010_07.dat:0x80e4a,scena/mp2010_07.dat,need entertainment the most.,29
scena/mp2010_07.dat:0x80e67,scena/mp2010_07.dat,Times like these are when people,33
scena/mp2010_07.dat:0x80e97,scena/mp2010_07.dat,I went up for a break on the roof a minute ago.,48
scena/mp2010_07.dat:0x80ed6,scena/mp2010_07.dat,gleaming with this wonderful golden hue...,43
scena/mp2010_07.dat:0x80f01,scena/mp2010_07.dat,That floating thing in the sky is always,41
scena/mp2010_07.dat:0x80f39,scena/mp2010_07.dat,but recently I've gotten used to seeing it there.,50
scena/mp2010_07.dat:0x80f6b,scena/mp2010_07.dat,"I know that it's not normal in the slightest,",46
scena/mp2010_07.dat:0x80fa8,scena/mp2010_07.dat,"get used to something, huh?",28
scena/mp2010_07.dat:0x80fc4,scena/mp2010_07.dat,It's scary how quickly we can,30
scena/mp2010_07.dat:0x80ff1,scena/mp2010_07.dat,that something like simply exists...,37
scena/mp2010_07.dat:0x81016,scena/mp2010_07.dat,I'm well aware of how absurd it is,35
scena/mp2010_07.dat:0x81048,scena/mp2010_07.dat,"beings will get used to anything, really.",42
scena/mp2010_07.dat:0x81072,scena/mp2010_07.dat,But it is terrifying just how quickly human,44
scena/mp2010_07.dat:0x810bf,scena/mp2010_07.dat,restaurant to grab some grub.,30
scena/mp2010_07.dat:0x810dd,scena/mp2010_07.dat,"Heh, I'm here at my brother's",30
scena/mp2010_07.dat:0x8110b,scena/mp2010_07.dat,up with him outside the house.,31
scena/mp2010_07.dat:0x8112a,scena/mp2010_07.dat,I can't remember when I last met,33
scena/mp2010_07.dat:0x8115a,scena/mp2010_07.dat,"regularly to see him, I s'pose.",32
scena/mp2010_07.dat:0x8117a,scena/mp2010_07.dat,I'll have to make sure that I come by,38
scena/mp2010_07.dat:0x811af,scena/mp2010_07.dat,"Dude, my brother's cooking is out of this world.",49
scena/mp2010_07.dat:0x811ef,scena/mp2010_07.dat,ol' days when mom was around.,30
scena/mp2010_07.dat:0x8120d,scena/mp2010_07.dat,Heh... Reminds me of the good,30
scena/mp2010_07.dat:0x8123b,scena/mp2010_07.dat,machines are something else.,29
scena/mp2010_07.dat:0x81258,scena/mp2010_07.dat,Yep. These newfangled orbal slot,33
scena/mp2010_07.dat:0x81288,scena/mp2010_07.dat,Totally different from the old-school ones.,44
scena/mp2010_07.dat:0x812c3,scena/mp2010_07.dat,probably the reason why I lost.,32
scena/mp2010_07.dat:0x812e3,scena/mp2010_07.dat,"But, if you ask me, I think that's",35
scena/mp2010_07.dat:0x81315,scena/mp2010_07.dat,instincts for the slots back any time soon.,44
scena/mp2010_07.dat:0x81341,scena/mp2010_07.dat,"Hm, I don't think I'm going to get my",38
scena/mp2010_07.dat:0x81376,scena/mp2010_07.dat,a sucker to beat on the card table...,38
scena/mp2010_07.dat:0x8139c,scena/mp2010_07.dat,"Them's the breaks, I guess. Right, let's find",46
scena/mp2010_07.dat:0x813d9,scena/mp2010_07.dat,"NOOOOOO! Seriously, I lost again?!",35
scena/mp2010_07.dat:0x8140b,scena/mp2010_07.dat,There's no way I'd lose to an amateur!,39
scena/mp2010_07.dat:0x81432,scena/mp2010_07.dat,Th-There's got to be some kinda mistake.,41
scena/mp2010_07.dat:0x8146a,scena/mp2010_07.dat,now I can't afford the flight home...,38
scena/mp2010_07.dat:0x81490,scena/mp2010_07.dat,I gambled away every last mira I had and,41
scena/mp2010_07.dat:0x814c8,scena/mp2010_07.dat,So now I'm working here part-time.,35
scena/mp2010_07.dat:0x814fa,scena/mp2010_07.dat,"Mm-hmm, it feels good to do some physical labor.",49
scena/mp2010_07.dat:0x8153a,scena/mp2010_07.dat,dishwashing work I did downstairs!,35
scena/mp2010_07.dat:0x8155d,scena/mp2010_07.dat,I finally got my first paycheck for the,40
scena/mp2010_07.dat:0x81594,scena/mp2010_07.dat,Sooo I decided to try again to make it big!,44
scena/mp2010_07.dat:0x815cf,scena/mp2010_07.dat,by the time the airliners are back up.,39
scena/mp2010_07.dat:0x815f6,scena/mp2010_07.dat,I need to make back my travel funds,36
scena/mp2010_07.dat:0x81629,scena/mp2010_07.dat,"get back in my groove, I'll be raking it in.",45
scena/mp2010_07.dat:0x81656,scena/mp2010_07.dat,"I mean, I was just off my game earlier. Once I can",51
scena/mp2010_07.dat:0x81698,scena/mp2010_07.dat,get home before the airliners are back up.,43
scena/mp2010_07.dat:0x816c3,scena/mp2010_07.dat,I plan on making back the money to,35
scena/mp2010_07.dat:0x816f5,scena/mp2010_07.dat,revenge at the poker table.,28
scena/mp2010_07.dat:0x81711,scena/mp2010_07.dat,Heh. I'll start by getting my,30
scena/mp2010_07.dat:0x8173e,scena/mp2010_07.dat,"Excuse me, but it's your turn.",31
scena/mp2010_07.dat:0x81782,scena/mp2010_07.dat,Okay then! Call!,17
scena/mp2010_07.dat:0x817a2,scena/mp2010_07.dat,Got it! Call!,14
scena/mp2010_07.dat:0x817bf,scena/mp2010_07.dat,I-I've gotta win this time! I call!,36
scena/mp2010_07.dat:0x817f2,scena/mp2010_07.dat,All or nothing! Call!,22
scena/mp2010_07.dat:0x81817,scena/mp2010_07.dat,Hehe. You sure that's a good idea?,35
scena/mp2010_07.dat:0x81849,scena/mp2010_07.dat,I've got three aces.,21
scena/mp2010_07.dat:0x8186d,scena/mp2010_07.dat,There's no way you beat me.,28
scena/mp2010_07.dat:0x81889,scena/mp2010_07.dat,I've got a full house.,23
scena/mp2010_07.dat:0x818af,scena/mp2010_07.dat,I've got a four of a kind.,27
scena/mp2010_07.dat:0x818d9,scena/mp2010_07.dat,I've got a flush here.,23
scena/mp2010_07.dat:0x818ff,scena/mp2010_07.dat,I've got a straight!,21
scena/mp2010_07.dat:0x81914,scena/mp2010_07.dat,Hold on...,11
scena/mp2010_07.dat:0x8192e,scena/mp2010_07.dat,NOOOOOO! I lost AGAIN?!,24
scena/mp2010_07.dat:0x81955,scena/mp2010_07.dat,Hey there. Welcome.,20
scena/mp2010_07.dat:0x81978,scena/mp2010_07.dat,This table is for blackjack.,29
scena/mp2010_07.dat:0x819a4,scena/mp2010_07.dat,of cards where you can win it big.,35
scena/mp2010_07.dat:0x819c7,scena/mp2010_07.dat,It's a simple game that uses a small number,44
scena/mp2010_07.dat:0x81a02,scena/mp2010_07.dat,Feel free to give it a play.,29
scena/mp2010_07.dat:0x81a2e,scena/mp2010_07.dat,guests have an easier time at winning.,39
scena/mp2010_07.dat:0x81a55,scena/mp2010_07.dat,Blackjack is one of the games where,36
scena/mp2010_07.dat:0x81a88,scena/mp2010_07.dat,Feel free to give it a play.,29
scena/mp2010_07.dat:0x81ab4,scena/mp2010_07.dat,is knowing when to walk away.,30
scena/mp2010_07.dat:0x81ad2,scena/mp2010_07.dat,The most important thing in gambling,37
scena/mp2010_07.dat:0x81b06,scena/mp2010_07.dat,gambling can add some sparkle to your life.,44
scena/mp2010_07.dat:0x81b32,scena/mp2010_07.dat,"As long as you are aware of your limits,",41
scena/mp2010_07.dat:0x81b6a,scena/mp2010_07.dat,the supporters at the bridge.,30
scena/mp2010_07.dat:0x81b88,scena/mp2010_07.dat,Apparently a fight broke out among,35
scena/mp2010_07.dat:0x81bba,scena/mp2010_07.dat,what people in politics are like.,34
scena/mp2010_07.dat:0x81bdc,scena/mp2010_07.dat,"Underneath the surface, that's just",36
scena/mp2010_07.dat:0x81c0f,scena/mp2010_07.dat,I never want to get involved in that.,38
scena/mp2010_07.dat:0x81c44,scena/mp2010_07.dat,"I never want to get involved in politics, ever.",48
scena/mp2010_07.dat:0x81c83,scena/mp2010_07.dat,Yeah. I don't even vote.,25
scena/mp2010_07.dat:0x81cab,scena/mp2010_07.dat,but get too cocky and you'll be hurting.,41
scena/mp2010_07.dat:0x81cd4,scena/mp2010_07.dat,"You need to take risks to win sometimes,",41
scena/mp2010_07.dat:0x81d0c,scena/mp2010_07.dat,Knowing where you stand is the secret to gambling.,51
scena/mp2010_07.dat:0x81d4e,scena/mp2010_07.dat,but why not play a game or two?,32
scena/mp2010_07.dat:0x81d6e,scena/mp2010_07.dat,"Hey. I know things might seem gloomy,",38
scena/mp2010_07.dat:0x81da3,scena/mp2010_07.dat,a moment to unwind and enjoy life.,35
scena/mp2010_07.dat:0x81dc6,scena/mp2010_07.dat,"In times like these, you need to take",38
scena/mp2010_07.dat:0x81dfb,scena/mp2010_07.dat,slot machines. He's really gotten into them.,45
scena/mp2010_07.dat:0x81e28,scena/mp2010_07.dat,Spieler installed some state-of-the-art orbal,46
scena/mp2010_07.dat:0x81e65,scena/mp2010_07.dat,even he didn't see that coming!,32
scena/mp2010_07.dat:0x81e85,scena/mp2010_07.dat,"He may be the owner, but I bet",31
scena/mp2010_07.dat:0x81eb3,scena/mp2010_07.dat,And that's what makes it exciting!,35
scena/mp2010_07.dat:0x81ed6,scena/mp2010_07.dat,"Like gambling, life's unpredictable.",37
scena/mp2010_07.dat:0x81f1c,scena/mp2010_07.dat,leave your fate to the cards.,30
scena/mp2010_07.dat:0x81f3a,scena/mp2010_07.dat,Welcome to the world where you,31
scena/mp2010_07.dat:0x81f68,scena/mp2010_07.dat,I shall be your opponent.,26
scena/mp2010_07.dat:0x81f91,scena/mp2010_07.dat,Would you care to play cards?,30
scena/mp2010_07.dat:0x81fbe,scena/mp2010_07.dat,candidates are getting quite so heated...,42
scena/mp2010_07.dat:0x81fe8,scena/mp2010_07.dat,I really don't see why the supporters of the,45
scena/mp2010_07.dat:0x82024,scena/mp2010_07.dat,bets on who wins the election?,31
scena/mp2010_07.dat:0x82043,scena/mp2010_07.dat,Oh...! Do you think they're making,35
scena/mp2010_07.dat:0x82075,scena/mp2010_07.dat,This customer...is certainly on a roll.,40
scena/mp2010_07.dat:0x820ac,scena/mp2010_07.dat,How about it? Care to try your luck at a game?,47
scena/mp2010_07.dat:0x820ea,scena/mp2010_07.dat,Please leave the rest to us.,29
scena/mp2010_07.dat:0x82107,scena/mp2010_07.dat,"You've been working hard, and now it's my turn.",48
scena/mp2010_07.dat:0x82146,scena/mp2010_07.dat,I'll be sure to take care of that customer.,44
scena/mp2010_07.dat:0x82181,scena/mp2010_07.dat,"Bad luck, bracers. You can't win 'em all, huh?",47
scena/mp2010_07.dat:0x821bf,scena/mp2010_07.dat,Maybe it's about time for the big guns...,42
scena/mp2010_07.dat:0x821f9,scena/mp2010_07.dat,It certainly is a pleasure to see you again.,45
scena/mp2010_07.dat:0x82226,scena/mp2010_07.dat,"Well, now...",13
scena/mp2010_07.dat:0x82242,scena/mp2010_07.dat,game when you were here before.,32
scena/mp2010_07.dat:0x82262,scena/mp2010_07.dat,You certainly had a magnificent,32
scena/mp2010_07.dat:0x82291,scena/mp2010_07.dat,forgot about that job...,25
scena/mp2010_07.dat:0x822aa,scena/mp2010_07.dat,"Ahaha... Oh yeah, I almost",27
scena/mp2010_07.dat:0x822d9,scena/mp2010_07.dat,Not that I was much help...,28
scena/mp2010_07.dat:0x82308,scena/mp2010_07.dat,"Now, now. No need to be so modest.",35
scena/mp2010_07.dat:0x8233a,scena/mp2010_07.dat,I'm always happy to play against you if you wish.,50
scena/mp2010_07.dat:0x8237b,scena/mp2010_07.dat,"Now then, would you like a relaxed game?",41
scena/mp2010_07.dat:0x823b3,scena/mp2010_07.dat,I'm always happy to play against you if you wish.,50
scena/mp2010_07.dat:0x823f4,scena/mp2010_07.dat,"Now then, would you like a relaxed game?",41
scena/mp2010_07.dat:0x8242c,scena/mp2010_07.dat,we don't have many customers.,30
scena/mp2010_07.dat:0x8244a,scena/mp2010_07.dat,"The situation being what it is,",32
scena/mp2010_07.dat:0x82479,scena/mp2010_07.dat,come here any more.,20
scena/mp2010_07.dat:0x8248d,scena/mp2010_07.dat,The sailors from the South Block rarely,40
scena/mp2010_07.dat:0x824c4,scena/mp2010_07.dat,to be a big problem.,21
scena/mp2010_07.dat:0x824d9,scena/mp2010_07.dat,The bridge being inoperable is proving,39
scena/mp2010_07.dat:0x8250f,scena/mp2010_07.dat,we don't have many customers.,30
scena/mp2010_07.dat:0x8252d,scena/mp2010_07.dat,"The situation being what it is,",32
scena/mp2010_07.dat:0x8255c,scena/mp2010_07.dat,come here any more.,20
scena/mp2010_07.dat:0x82570,scena/mp2010_07.dat,The sailors from the South Block rarely,40
scena/mp2010_07.dat:0x825b9,scena/mp2010_07.dat,I've only recently started working here.,41
scena/mp2010_07.dat:0x825f1,scena/mp2010_07.dat,I love my job! It's so lively all the time!,44
scena/mp2010_07.dat:0x8264b,scena/mp2010_07.dat,If you need to learn the rules or,34
scena/mp2010_07.dat:0x8267c,scena/mp2010_07.dat,but I'm quite good at gambling.,32
scena/mp2010_07.dat:0x8269c,scena/mp2010_07.dat,"I might not look it,",21
scena/mp2010_07.dat:0x826c0,scena/mp2010_07.dat,are coming up or how the dice will roll.,41
scena/mp2010_07.dat:0x826e9,scena/mp2010_07.dat,For some reason I just know what cards,39
scena/mp2010_07.dat:0x8271f,scena/mp2010_07.dat,"...With the election, that is.",31
scena/mp2010_07.dat:0x8273e,scena/mp2010_07.dat,So I know how things will wind up.,35
scena/mp2010_07.dat:0x82770,scena/mp2010_07.dat,"Not that I'll tell anyone, of course.",38
scena/mp2010_07.dat:0x827a5,scena/mp2010_07.dat,"Ooh, someone's curious!",24
scena/mp2010_07.dat:0x82815,scena/mp2010_07.dat,...The person with long whiskers will win.,43
scena/mp2010_07.dat:0x8284f,scena/mp2010_07.dat,no matter how tough his opponent is.,37
scena/mp2010_07.dat:0x82874,scena/mp2010_07.dat,Mr. Spieler is able to remain totally calm,43
scena/mp2010_07.dat:0x828ae,scena/mp2010_07.dat,without showing any trace of emotion.,38
scena/mp2010_07.dat:0x828d4,scena/mp2010_07.dat,He'll chat about the weather or whatever,41
scena/mp2010_07.dat:0x8290c,scena/mp2010_07.dat,His poker face is legendary!,29
scena/mp2010_07.dat:0x82938,scena/mp2010_07.dat,exchanging glances for a while.,32
scena/mp2010_07.dat:0x82958,scena/mp2010_07.dat,Fuego and Spieler have been,28
scena/mp2010_07.dat:0x82983,scena/mp2010_07.dat,Wait... Is it my turn?!,24
scena/mp2010_07.dat:0x829aa,scena/mp2010_07.dat,You're all amazing! I'm sooo impressed!,40
scena/mp2010_07.dat:0x829e2,scena/mp2010_07.dat,"So bracers are good at gambling, too, huh?",43
scena/mp2010_07.dat:0x82a1d,scena/mp2010_07.dat,"Stop by just for fun next time, why don't you?",47
scena/mp2010_07.dat:0x82a90,scena/mp2010_07.dat,"Bad luck, guys.",16
scena/mp2010_07.dat:0x82aaf,scena/mp2010_07.dat,But don't you worry. I'll settle the score.,44
scena/mp2010_07.dat:0x82aea,scena/mp2010_07.dat,"Haha, it's been a while since I could go all out!",50
scena/mp2010_07.dat:0x82b4c,scena/mp2010_07.dat,Mr. Spieler stayed completely calm.,36
scena/mp2010_07.dat:0x82b70,scena/mp2010_07.dat,"Even when the orbments stopped working,",40
scena/mp2010_07.dat:0x82ba7,scena/mp2010_07.dat,he maintains his poker face.,29
scena/mp2010_07.dat:0x82bc4,scena/mp2010_07.dat,"No matter the situation,",25
scena/mp2010_07.dat:0x82bec,scena/mp2010_07.dat,he's secretly stressing out!,29
scena/mp2010_07.dat:0x82c09,scena/mp2010_07.dat,But it'd be really funny if inside,35
scena/mp2010_07.dat:0x82c3b,scena/mp2010_07.dat,"Aww, it's so lonely without any customers...",45
scena/mp2010_07.dat:0x82c77,scena/mp2010_07.dat,I hope the orbments will be working again soon.,48
scena/mp2010_07.dat:0x82cb6,scena/mp2010_07.dat,"Aww, it's so lonely without any customers...",45
scena/mp2010_07.dat:0x82cf2,scena/mp2010_07.dat,"And of course, our owner is as calm as ever...",47
scena/mp2010_07.dat:0x82d30,scena/mp2010_07.dat,Wahahaha! I've won yet again!,30
scena/mp2010_07.dat:0x82d5d,scena/mp2010_07.dat,Could I be...a gambling genius?!,33
scena/mp2010_07.dat:0x82d8d,scena/mp2010_07.dat,I even got a jackpot when I played the slots!,46
scena/mp2010_07.dat:0x82dbb,scena/mp2010_07.dat,I can't believe it...,22
scena/mp2010_07.dat:0x82de0,scena/mp2010_07.dat,my job and be a pro gambler?,29
scena/mp2010_07.dat:0x82dfd,scena/mp2010_07.dat,Is this fate telling me I should quit,38
scena/mp2010_07.dat:0x82e32,scena/mp2010_07.dat,from the Goddess Aidios herself!,33
scena/mp2010_07.dat:0x82e53,scena/mp2010_07.dat,"Yeah, this must be a divine revelation",39
scena/mp2010_07.dat:0x82e89,scena/mp2010_07.dat,won't play cards with me.,26
scena/mp2010_07.dat:0x82ea3,scena/mp2010_07.dat,Everyone is afraid of my skills and,36
scena/mp2010_07.dat:0x82ed6,scena/mp2010_07.dat,"I guess that means I'll have to play slots, then.",50
scena/mp2010_07.dat:0x82f17,scena/mp2010_07.dat,...Okay. Come on!,18
scena/mp2010_07.dat:0x82f38,scena/mp2010_07.dat,Bam! There! The jack!,22
scena/mp2010_07.dat:0x82f9c,scena/mp2010_07.dat,...You win.,12
scena/mp2010_07.dat:0x82fb7,scena/mp2010_07.dat,You were just up against a champ.,34
scena/mp2010_07.dat:0x82fd9,scena/mp2010_07.dat,"Hey, that wasn't a bad round.",30
scena/mp2010_07.dat:0x8301f,scena/mp2010_07.dat,You were just up against a champ.,34
scena/mp2010_07.dat:0x83041,scena/mp2010_07.dat,"Hey, that wasn't a bad round.",30
scena/mp2010_07.dat:0x83087,scena/mp2010_07.dat,Hahahaha. One loss is no big deal.,35
scena/mp2010_07.dat:0x830ba,scena/mp2010_07.dat,wins and recoup my losses in no time!,38
scena/mp2010_07.dat:0x830e0,scena/mp2010_07.dat,"Okay, I'm gonna have back-to-back",34
scena/mp2010_07.dat:0x83111,scena/mp2010_07.dat,Hahaha. Good effort there.,27
scena/mp2010_07.dat:0x8313c,scena/mp2010_07.dat,"Well, you don't always get easy opponents.",43
scena/mp2010_07.dat:0x83176,scena/mp2010_07.dat,Looks like I'm gonna be stuck here a while.,44
scena/mp2010_07.dat:0x831b2,scena/mp2010_07.dat,I won by pulling the lever at random.,38
scena/mp2010_07.dat:0x831d8,scena/mp2010_07.dat,Slot machines are fun.,23
scena/mp2010_07.dat:0x831fe,scena/mp2010_07.dat,Will we go home richer than before...?,39
scena/mp2010_07.dat:0x83225,scena/mp2010_07.dat,I noticed my husband is on a winning streak.,45
scena/mp2010_07.dat:0x83261,scena/mp2010_07.dat,when enough is enough.,23
scena/mp2010_07.dat:0x83278,scena/mp2010_07.dat,"Ah, but it's important to know",31
scena/mp2010_07.dat:0x832a6,scena/mp2010_07.dat,habit of losing sight of when to quit...,41
scena/mp2010_07.dat:0x832cf,scena/mp2010_07.dat,"Unfortunately, my husband has a",32
scena/mp2010_07.dat:0x832fe,scena/mp2010_07.dat,That's strange. There's no one here...,39
scena/mp2010_07.dat:0x83334,scena/mp2010_07.dat,I wonder where the bartender went.,35
scena/mp2010_07.dat:0x83366,scena/mp2010_07.dat,My husband is on a big lucky streak.,37
scena/mp2010_07.dat:0x8338b,scena/mp2010_07.dat,*Sigh* Oh dear...,18
scena/mp2010_07.dat:0x833ac,scena/mp2010_07.dat,he'll quit his job and become a gambler.,41
scena/mp2010_07.dat:0x833d5,scena/mp2010_07.dat,"At this rate, he's going to announce that",42
scena/mp2010_07.dat:0x8340e,scena/mp2010_07.dat,to secure a win against him soon!,34
scena/mp2010_07.dat:0x83430,scena/mp2010_07.dat,I really hope the house manages,32
scena/mp2010_07.dat:0x8345f,scena/mp2010_07.dat,so I came down to the first floor.,35
scena/mp2010_07.dat:0x83482,scena/mp2010_07.dat,"I couldn't stand to watch anymore,",35
scena/mp2010_07.dat:0x834b4,scena/mp2010_07.dat,to put an end to his madness!,30
scena/mp2010_07.dat:0x834d2,scena/mp2010_07.dat,I'm praying that the house manages,35
scena/mp2010_07.dat:0x83504,scena/mp2010_07.dat,he can make a living from gambling.,36
scena/mp2010_07.dat:0x83528,scena/mp2010_07.dat,That husband of mine... He seems to think,42
scena/mp2010_07.dat:0x83561,scena/mp2010_07.dat,"Somebody, anybody...!",22
scena/mp2010_07.dat:0x83577,scena/mp2010_07.dat,I just wish somebody would stop him!,37
scena/mp2010_07.dat:0x835ab,scena/mp2010_07.dat,Thank you for your help today.,31
scena/mp2010_07.dat:0x835d9,scena/mp2010_07.dat,I might call on you again sometime.,36
scena/mp2010_07.dat:0x8360c,scena/mp2010_07.dat,I'm waiting here for my husband.,33
scena/mp2010_07.dat:0x8363c,scena/mp2010_07.dat,take care of things somehow.,29
scena/mp2010_07.dat:0x83659,scena/mp2010_07.dat,I'm sure the casino people will,32
scena/mp2010_07.dat:0x83688,scena/mp2010_07.dat,Sorry for the trouble.,23
scena/mp2010_07.dat:0x836ae,scena/mp2010_07.dat,I'll be sure to come to you.,29
scena/mp2010_07.dat:0x836cb,scena/mp2010_07.dat,"If anything else comes up,",27
scena/mp2010_07.dat:0x836f5,scena/mp2010_07.dat,my husband a little longer.,28
scena/mp2010_07.dat:0x83711,scena/mp2010_07.dat,I'm going to wait here for,27
scena/mp2010_07.dat:0x8373b,scena/mp2010_07.dat,would do something to stop him.,32
scena/mp2010_07.dat:0x8375b,scena/mp2010_07.dat,I just wish the casino people,30
scena/mp2010_07.dat:0x837d2,scena/mp2010_07.dat,to the Lavantar Casino & Bar.,30
scena/mp2010_07.dat:0x837f0,scena/mp2010_07.dat,Greetings and welcome,22
scena/mp2010_07.dat:0x83816,scena/mp2010_07.dat,we're committed to keeping our doors open.,43
scena/mp2010_07.dat:0x83841,scena/mp2010_07.dat,"Even in these troubled times,",30
scena/mp2010_07.dat:0x8387a,scena/mp2010_07.dat,that enjoyment becomes all the more vital.,43
scena/mp2010_07.dat:0x838a5,scena/mp2010_07.dat,Because it's when hardship strikes,35
scena/mp2010_07.dat:0x838d7,scena/mp2010_07.dat,True... That's a fair point actually.,38
scena/mp2010_07.dat:0x83911,scena/mp2010_07.dat,mentally or physically.,24
scena/mp2010_07.dat:0x83978,scena/mp2010_07.dat,Heh. We're glad to hear you agree.,35
scena/mp2010_07.dat:0x839ab,scena/mp2010_07.dat,Our slot machines are orbal-powered.,37
scena/mp2010_07.dat:0x839d0,scena/mp2010_07.dat,"There is a slight complication, however.",41
scena/mp2010_07.dat:0x83a09,scena/mp2010_07.dat,We can't even start them up.,29
scena/mp2010_07.dat:0x83a26,scena/mp2010_07.dat,They've been inoperable since the crisis hit.,46
scena/mp2010_07.dat:0x83a68,scena/mp2010_07.dat,Central Factory. So they're definitely not broken.,51
scena/mp2010_07.dat:0x83ab5,scena/mp2010_07.dat, custom-made at the,20
scena/mp2010_07.dat:0x83ad9,scena/mp2010_07.dat,But we haven't got any way to even check.,42
scena/mp2010_07.dat:0x83b03,scena/mp2010_07.dat,"Or at least, I'd like to think.",32
scena/mp2010_07.dat:0x83b33,scena/mp2010_07.dat,That's a pickle...,19
scena/mp2010_07.dat:0x83b81,scena/mp2010_07.dat,Zero Field Generator do the trick?),36
scena/mp2010_07.dat:0x83ba5,scena/mp2010_07.dat,"(Hey, Joshua. Would the",24
scena/mp2010_07.dat:0x83c09,scena/mp2010_07.dat,"yeah, most likely.)",20
scena/mp2010_07.dat:0x83c1d,scena/mp2010_07.dat,"(Given slot machines aren't that big,",38
scena/mp2010_07.dat:0x83c5e,scena/mp2010_07.dat,Let's power one up.),21
scena/mp2010_07.dat:0x83c73,scena/mp2010_07.dat,"(They want to see if their machines work, right?",49
scena/mp2010_07.dat:0x83cb3,scena/mp2010_07.dat,(Heheh. You just read my mind.),32
scena/mp2010_07.dat:0x83ce3,scena/mp2010_07.dat,(Good. It's settled.),22
scena/mp2010_07.dat:0x83d3b,scena/mp2010_07.dat,"So, we have this idea...",25
scena/mp2010_07.dat:0x83da8,scena/mp2010_07.dat,Field Generator to test the Lavantar's machines.,49
scena/mp2010_07.dat:0x83dd9,scena/mp2010_07.dat,<C1>Our heroes laid out their idea for using the Zero,54
scena/mp2010_07.dat:0x83e1c,scena/mp2010_07.dat,you have at your disposal.,27
scena/mp2010_07.dat:0x83e37,scena/mp2010_07.dat,That's quite the contraption,29
scena/mp2010_07.dat:0x83e63,scena/mp2010_07.dat,"Please, go ahead.",18
scena/mp2010_07.dat:0x83e75,scena/mp2010_07.dat,Far be it from me to refuse such generosity.,45
scena/mp2010_07.dat:0x83eb1,scena/mp2010_07.dat,Heheh. Don't worry. We've got this.,36
scena/mp2010_07.dat:0x83eea,scena/mp2010_07.dat,"Well, here goes. Testing...",28
scena/mp2010_07.dat:0x83f63,scena/mp2010_07.dat,the slot machine's exterior.,29
scena/mp2010_07.dat:0x83f80,scena/mp2010_07.dat,<C1>Joshua placed the Zero Field Generator against,51
scena/mp2010_07.dat:0x83fc0,scena/mp2010_07.dat,It's the same light from the mine.,35
scena/mp2010_07.dat:0x83ffa,scena/mp2010_07.dat,Wait. Is that...,17
scena/mp2010_07.dat:0x84022,scena/mp2010_07.dat,The same light as the Gospel.,30
scena/mp2010_07.dat:0x84057,scena/mp2010_07.dat,This light. It's the same as the Gospel's.,43
scena/mp2010_07.dat:0x84099,scena/mp2010_07.dat,No shit. Same light as the Gospel.,35
scena/mp2010_07.dat:0x840d3,scena/mp2010_07.dat,The generator seems to be working.,35
scena/mp2010_07.dat:0x84187,scena/mp2010_07.dat,We did it!,11
scena/mp2010_07.dat:0x841a1,scena/mp2010_07.dat,module has temporarily returned.,33
scena/mp2010_07.dat:0x841c2,scena/mp2010_07.dat,Power to the machine's internal orbment,40
scena/mp2010_07.dat:0x841fd,scena/mp2010_07.dat,but only when we're close by.,30
scena/mp2010_07.dat:0x8421b,scena/mp2010_07.dat,"Meaning the machines will be usable,",37
scena/mp2010_07.dat:0x84262,scena/mp2010_07.dat,Heheh. Nice repair work!,25
scena/mp2010_07.dat:0x8428b,scena/mp2010_07.dat,"On behalf of Lavantar, thank you one and all.",46
scena/mp2010_07.dat:0x8433d,scena/mp2010_07.dat,has put my fears to rest.,26
scena/mp2010_07.dat:0x84357,scena/mp2010_07.dat,Seeing our machines up and running,35
scena/mp2010_07.dat:0x84391,scena/mp2010_07.dat, a little something from us. I insist.,39
scena/mp2010_07.dat:0x843d3,scena/mp2010_07.dat,"<C1>Received 1,000 medals.",27
scena/mp2010_07.dat:0x843fd,scena/mp2010_07.dat,"Oh, honestly, we couldn't...",29
scena/mp2010_07.dat:0x8442e,scena/mp2010_07.dat,...Wait. Medals?,17
scena/mp2010_07.dat:0x84460,scena/mp2010_07.dat,you know where to use them.,28
scena/mp2010_07.dat:0x8447c,scena/mp2010_07.dat,"Heheh. When you need to let off some steam,",44
scena/mp2010_07.dat:0x844b8,scena/mp2010_07.dat,"casino. It's a win for us both, wouldn't you say?",50
scena/mp2010_07.dat:0x844ea,scena/mp2010_07.dat,And do feel free to test everything else in the,48
scena/mp2010_07.dat:0x84529,scena/mp2010_07.dat,Aha. I see where this is going.,32
scena/mp2010_07.dat:0x84564,scena/mp2010_07.dat,He's certainly good at his job.,32
scena/mp2010_07.dat:0x8459f,scena/mp2010_07.dat,"Let's have fun. Just not too much, eh?",39
scena/mp2010_07.dat:0x845e1,scena/mp2010_07.dat,I could do with some fun.,26
scena/mp2010_07.dat:0x845fb,scena/mp2010_07.dat,"Seeing as we're already here,",30
scena/mp2010_07.dat:0x84634,scena/mp2010_07.dat,Just a bit.,12
scena/mp2010_07.dat:0x84640,scena/mp2010_07.dat,"Yeah, I could hit the slots for a bit...",41
scena/mp2010_07.dat:0x84682,scena/mp2010_07.dat,"Um, can I ask something?",25
scena/mp2010_07.dat:0x846aa,scena/mp2010_07.dat,Are you Lakeisha?,18
scena/mp2010_07.dat:0x846e6,scena/mp2010_07.dat,Are you all bracers?,21
scena/mp2010_07.dat:0x8470f,scena/mp2010_07.dat,Yep! We're here about the request you posted.,46
scena/mp2010_07.dat:0x84767,scena/mp2010_07.dat,need help with as soon as possible.,36
scena/mp2010_07.dat:0x8478b,scena/mp2010_07.dat,Th-There's something I absolutely,34
scena/mp2010_07.dat:0x847bd,scena/mp2010_07.dat,Would you mind hearing me out?,31
scena/mp2010_07.dat:0x847eb,scena/mp2010_07.dat,Oh! Welcome back!,18
scena/mp2010_07.dat:0x8480c,scena/mp2010_07.dat,Do you have a minute to go over the details?,45
scena/mp2010_07.dat:0x84848,scena/mp2010_07.dat,"Sure, go ahead!",16
scena/mp2010_07.dat:0x8486b,scena/mp2010_07.dat,It seems serious. What's up?,29
scena/mp2010_07.dat:0x8489b,scena/mp2010_07.dat,"Ah, sorry...",13
scena/mp2010_07.dat:0x848bc,scena/mp2010_07.dat,This is kind of a bad time.,28
scena/mp2010_07.dat:0x848fb,scena/mp2010_07.dat,Huh? It is?,12
scena/mp2010_07.dat:0x84917,scena/mp2010_07.dat,"Well, please hurry back when you get the chance.",49
scena/mp2010_07.dat:0x84965,scena/mp2010_07.dat,The future of my marriage is at stake here!,44
scena/mp2010_07.dat:0x849a0,scena/mp2010_07.dat,"U-Uh, okay. Sure thing.",24
scena/mp2010_07.dat:0x849dd,scena/mp2010_07.dat,"So, this might be a bit of an odd request, but...",50
scena/mp2010_07.dat:0x84a1f,scena/mp2010_07.dat,I need you to outgamble my husband!,36
scena/mp2010_07.dat:0x84a87,scena/mp2010_07.dat,...Say what?!,14
scena/mp2010_07.dat:0x84aa4,scena/mp2010_07.dat,"Huh, so that's the request?",28
scena/mp2010_07.dat:0x84acf,scena/mp2010_07.dat,That's the request?,20
scena/mp2010_07.dat:0x84af2,scena/mp2010_07.dat,husband in a wager? Is that all?,33
scena/mp2010_07.dat:0x84b13,scena/mp2010_07.dat,You simply wish for us to best your,36
scena/mp2010_07.dat:0x84b46,scena/mp2010_07.dat,"it is, either. I just need him to lose.",40
scena/mp2010_07.dat:0x84b6e,scena/mp2010_07.dat,"Yes, exactly. It doesn't matter which game",43
scena/mp2010_07.dat:0x84bb9,scena/mp2010_07.dat,"to get carried away with things, but...",40
scena/mp2010_07.dat:0x84be1,scena/mp2010_07.dat,My husband's always been the type,34
scena/mp2010_07.dat:0x84c13,scena/mp2010_07.dat,like he's some kind of pro gambler.,36
scena/mp2010_07.dat:0x84c37,scena/mp2010_07.dat,His recent win streak has got him acting,41
scena/mp2010_07.dat:0x84c95,scena/mp2010_07.dat, at the casino.,16
scena/mp2010_07.dat:0x84ca5,scena/mp2010_07.dat,"And if that keeps going, I know he'll spend all",48
scena/mp2010_07.dat:0x84cf3,scena/mp2010_07.dat,to his senses before that happens.,35
scena/mp2010_07.dat:0x84d16,scena/mp2010_07.dat,I need someone to drag him back,32
scena/mp2010_07.dat:0x84d61,scena/mp2010_07.dat,"A-Ahaha... Right, yeah.",24
scena/mp2010_07.dat:0x84d8e,scena/mp2010_07.dat,complicated between you two.,29
scena/mp2010_07.dat:0x84dab,scena/mp2010_07.dat,Sounds like things are pretty,30
scena/mp2010_07.dat:0x84ddd,scena/mp2010_07.dat,...It must be tough for ya.,28
scena/mp2010_07.dat:0x84e0e,scena/mp2010_07.dat,"Mhm, this can't be easy on you, either.",40
scena/mp2010_07.dat:0x84e4a,scena/mp2010_07.dat,"Honestly, I should have put my foot down sooner.",49
scena/mp2010_07.dat:0x84e8b,scena/mp2010_07.dat,along with him on this trip...,31
scena/mp2010_07.dat:0x84eaa,scena/mp2010_07.dat,If only I had just refused to go,33
scena/mp2010_07.dat:0x84eda,scena/mp2010_07.dat,"Well, there's no use crying over spilt milk.",45
scena/mp2010_07.dat:0x84f4b,scena/mp2010_07.dat,to fund your betting.,22
scena/mp2010_07.dat:0x84f61,scena/mp2010_07.dat,"...Here, let me give you 1,000 mira",36
scena/mp2010_07.dat:0x84fa0,scena/mp2010_07.dat,"<C1>Received 1,000 mira.",25
scena/mp2010_07.dat:0x84fc8,scena/mp2010_07.dat,my husband won't be able to resist.,36
scena/mp2010_07.dat:0x84fec,scena/mp2010_07.dat,"If you bet that whole amount,",30
scena/mp2010_07.dat:0x85019,scena/mp2010_07.dat,"Then, that means...",20
scena/mp2010_07.dat:0x85048,scena/mp2010_07.dat,He's gambling on the second floor as we speak?,47
scena/mp2010_07.dat:0x85086,scena/mp2010_07.dat,"Oh, you can hardly drag him away.",34
scena/mp2010_07.dat:0x850bc,scena/mp2010_07.dat,find him at one of the card tables.,36
scena/mp2010_07.dat:0x850e0,scena/mp2010_07.dat,His name is Filio. You can usually,35
scena/mp2010_07.dat:0x85124,scena/mp2010_07.dat,"Filio, wannabe card shark. Got it!",35
scena/mp2010_07.dat:0x8516f,scena/mp2010_07.dat,Be absolutely ruthless about it.,33
scena/mp2010_07.dat:0x85190,scena/mp2010_07.dat,And don't worry about sparing his feelings.,44
scena/mp2010_07.dat:0x851d0,scena/mp2010_07.dat,...Did you have any other questions?,37
scena/mp2010_07.dat:0x85215,scena/mp2010_07.dat,"Not about the job, no. It's just...",36
scena/mp2010_07.dat:0x85257,scena/mp2010_07.dat,supposed to win in the first place.,36
scena/mp2010_07.dat:0x8527b,scena/mp2010_07.dat,"Well, I was wondering how we're",32
scena/mp2010_07.dat:0x852db,scena/mp2010_07.dat,"really just comes down to luck, right? ",40
scena/mp2010_07.dat:0x85303,scena/mp2010_07.dat,The whole thing with gambling is that it,41
scena/mp2010_07.dat:0x8533b,scena/mp2010_07.dat,'em or fold 'em makes a big difference.,40
scena/mp2010_07.dat:0x85363,scena/mp2010_07.dat,"Pretty much, but knowing when to hold",38
scena/mp2010_07.dat:0x85399,scena/mp2010_07.dat,It all comes down to reading your opponent.,44
scena/mp2010_07.dat:0x853d4,scena/mp2010_07.dat,that is its own skill.,23
scena/mp2010_07.dat:0x853eb,scena/mp2010_07.dat,"You're not wrong, but navigating",33
scena/mp2010_07.dat:0x8541c,scena/mp2010_07.dat,What you need to do depends on the opponent.,45
scena/mp2010_07.dat:0x85458,scena/mp2010_07.dat,Heh! It's all a matter of strategy.,36
scena/mp2010_07.dat:0x8549d,scena/mp2010_07.dat,Huh... So that's how it works.,31
scena/mp2010_07.dat:0x854d3,scena/mp2010_07.dat,Filio's a complete amateur.,28
scena/mp2010_07.dat:0x854ef,scena/mp2010_07.dat,"Trust me, you'll be fine on that count.",40
scena/mp2010_07.dat:0x8556e,scena/mp2010_07.dat,able to read his face like a book...,37
scena/mp2010_07.dat:0x85593,scena/mp2010_07.dat,He's a terrible liar. You'll be,32
scena/mp2010_07.dat:0x855d1,scena/mp2010_07.dat,who should be gambling.,24
scena/mp2010_07.dat:0x855e9,scena/mp2010_07.dat,"Honestly, he's the last person",31
scena/mp2010_07.dat:0x85617,scena/mp2010_07.dat,"Wait, really?",14
scena/mp2010_07.dat:0x85639,scena/mp2010_07.dat,good about our odds now.,25
scena/mp2010_07.dat:0x85652,scena/mp2010_07.dat,"Okay, yeah. I feel pretty",26
scena/mp2010_07.dat:0x8568b,scena/mp2010_07.dat,...We've totally got this!,27
scena/mp2010_07.dat:0x856e5,scena/mp2010_07.dat,"Heh, there we go!",18
scena/mp2010_07.dat:0x85712,scena/mp2010_07.dat,"yourself, you've already lost.",31
scena/mp2010_07.dat:0x85731,scena/mp2010_07.dat,The second you start doubting,30
scena/mp2010_07.dat:0x8575e,scena/mp2010_07.dat,*Chuckle* Now that's more like it.,35
scena/mp2010_07.dat:0x85791,scena/mp2010_07.dat,spirit as it is technique.,27
scena/mp2010_07.dat:0x857ac,scena/mp2010_07.dat,Gambling's as much about,25
scena/mp2010_07.dat:0x857d4,scena/mp2010_07.dat,"Alright, good luck!",20
scena/mp2010_07.dat:0x857fd,scena/mp2010_07.dat,Make my husband rue the day he started gambling!,49
scena/mp2010_07.dat:0x85859,scena/mp2010_07.dat,Not right now,14
scena/mp2010_07.dat:0x858c0,scena/mp2010_07.dat,"Oho, this is quite the fine establishment!",43
scena/mp2010_07.dat:0x858fb,scena/mp2010_07.dat,Has it not been open long?,27
scena/mp2010_07.dat:0x85916,scena/mp2010_07.dat,The facilities all look brand new.,35
scena/mp2010_07.dat:0x85948,scena/mp2010_07.dat,time of the Birthday Festival.,31
scena/mp2010_07.dat:0x85967,scena/mp2010_07.dat,"Well, it reopened around the",29
scena/mp2010_07.dat:0x8599f,scena/mp2010_07.dat,"Oh, yeah. I remember it being under renovation.",48
scena/mp2010_07.dat:0x859e3,scena/mp2010_07.dat,You don't say...,17
scena/mp2010_07.dat:0x85a09,scena/mp2010_07.dat,"...By the way, has anyone seen our man yet?",44
scena/mp2010_07.dat:0x85a61,scena/mp2010_07.dat,"probably playing cards, so...",30
scena/mp2010_07.dat:0x85a7f,scena/mp2010_07.dat,"Hm, Lakeisha said that he's",28
scena/mp2010_07.dat:0x85ac8,scena/mp2010_07.dat,...Found him.,14
scena/mp2010_07.dat:0x85ae5,scena/mp2010_07.dat,...I believe that's our mark.,30
scena/mp2010_07.dat:0x85b5b,scena/mp2010_07.dat,"Alright, here it comes...!",27
scena/mp2010_07.dat:0x85ba5,scena/mp2010_07.dat,Bam! There it is! The jack!,28
scena/mp2010_07.dat:0x85bd0,scena/mp2010_07.dat,My luck just can't be beat.,28
scena/mp2010_07.dat:0x85bec,scena/mp2010_07.dat,"Yeeeah, that was a solid draw!",31
scena/mp2010_07.dat:0x85c35,scena/mp2010_07.dat,"...The pot goes to you, sir.",29
scena/mp2010_07.dat:0x85c62,scena/mp2010_07.dat,a lot more than that to beat a pro.,36
scena/mp2010_07.dat:0x85c86,scena/mp2010_07.dat,"You played a good round, but it takes",38
scena/mp2010_07.dat:0x85ce0,scena/mp2010_07.dat,"...That's him, alright.",24
scena/mp2010_07.dat:0x85d34,scena/mp2010_07.dat,"No ifs, ands, or buts.",23
scena/mp2010_07.dat:0x85d5a,scena/mp2010_07.dat,"C'mon, let's go say hi.",24
scena/mp2010_07.dat:0x85d92,scena/mp2010_07.dat,start dealing a new round.,27
scena/mp2010_07.dat:0x85dad,scena/mp2010_07.dat,"If we wait too long, they'll",29
scena/mp2010_07.dat:0x85dde,scena/mp2010_07.dat,"Well, let's go make our presence known.",40
scena/mp2010_07.dat:0x85e26,scena/mp2010_07.dat,to wait another round.,23
scena/mp2010_07.dat:0x85e3d,scena/mp2010_07.dat,"If we drag our feet, we'll have",32
scena/mp2010_07.dat:0x85e71,scena/mp2010_07.dat,"Oh, right. Good point.",23
scena/mp2010_07.dat:0x85f29,scena/mp2010_07.dat,Huh? Who're you?,17
scena/mp2010_07.dat:0x85f49,scena/mp2010_07.dat,good as everyone says!,23
scena/mp2010_07.dat:0x85f60,scena/mp2010_07.dat,Wow! You really are as,23
scena/mp2010_07.dat:0x85f98,scena/mp2010_07.dat,here to challenge you!,23
scena/mp2010_07.dat:0x85faf,scena/mp2010_07.dat,And that's why...we're,23
scena/mp2010_07.dat:0x85fd5,scena/mp2010_07.dat,Me? Are you sure?,18
scena/mp2010_07.dat:0x85ff6,scena/mp2010_07.dat,I'm not interested in paltry pots.,35
scena/mp2010_07.dat:0x86019,scena/mp2010_07.dat,"I'm game, but do you have the funds?",37
scena/mp2010_07.dat:0x8605a,scena/mp2010_07.dat,Winner takes all.,18
scena/mp2010_07.dat:0x8606c,scena/mp2010_07.dat,"What would ya say to 1,000 mira?",33
scena/mp2010_07.dat:0x8609c,scena/mp2010_07.dat,Winner takes all.,18
scena/mp2010_07.dat:0x860ae,scena/mp2010_07.dat,"Would 1,000 mira be enough?",28
scena/mp2010_07.dat:0x860d9,scena/mp2010_07.dat,Heh! I see you folks like to live dangerously.,47
scena/mp2010_07.dat:0x86136,scena/mp2010_07.dat,"Sure, I'll take that wager.",28
scena/mp2010_07.dat:0x8616c,scena/mp2010_07.dat,...So? Which one of you is going to play?,42
scena/mp2010_07.dat:0x861b4,scena/mp2010_07.dat,on at once. That'd be fine by me.,34
scena/mp2010_07.dat:0x861d6,scena/mp2010_07.dat,"Heck, I could even take you all",32
scena/mp2010_07.dat:0x86219,scena/mp2010_07.dat,It's not like we're playing Old Maid.,38
scena/mp2010_07.dat:0x8623f,scena/mp2010_07.dat,"U-Uh, isn't that basically overkill?",37
scena/mp2010_07.dat:0x8628a,scena/mp2010_07.dat,The game will be a simple form of poker...,43
scena/mp2010_07.dat:0x862b5,scena/mp2010_07.dat,"In that case, might I make a suggestion?",41
scena/mp2010_07.dat:0x86302,scena/mp2010_07.dat,to account for the situation.,30
scena/mp2010_07.dat:0x86320,scena/mp2010_07.dat,But with a few minor adjustments ,34
scena/mp2010_07.dat:0x86392,scena/mp2010_07.dat,How would that work?,21
scena/mp2010_07.dat:0x863bb,scena/mp2010_07.dat,"Yeah, lay it all out for us.",29
scena/mp2010_07.dat:0x863f4,scena/mp2010_07.dat,people to play against Mr. Filio.,34
scena/mp2010_07.dat:0x86416,scena/mp2010_07.dat,You shall begin by selecting three,35
scena/mp2010_07.dat:0x86454,scena/mp2010_07.dat,to win will secure victory for the entire team.,48
scena/mp2010_07.dat:0x86484,scena/mp2010_07.dat,"Each person will play in turn, but the first",45
scena/mp2010_07.dat:0x864d1,scena/mp2010_07.dat,to call it. Gotcha.,20
scena/mp2010_07.dat:0x864e5,scena/mp2010_07.dat,"So, one good hand's enough",27
scena/mp2010_07.dat:0x86517,scena/mp2010_07.dat,of us needs to come out on top.,32
scena/mp2010_07.dat:0x86537,scena/mp2010_07.dat,...Interesting. So only one,28
scena/mp2010_07.dat:0x86577,scena/mp2010_07.dat,"be permitted to fold without penalty, but...",45
scena/mp2010_07.dat:0x865a4,scena/mp2010_07.dat,"Precisely. As per regular rules, you will",42
scena/mp2010_07.dat:0x865ec,scena/mp2010_07.dat,one opportunity to do so.,26
scena/mp2010_07.dat:0x86606,scena/mp2010_07.dat,Each side will only have,25
scena/mp2010_07.dat:0x8662f,scena/mp2010_07.dat,regardless of its contents.,28
scena/mp2010_07.dat:0x8664b,scena/mp2010_07.dat,"that everyone must play their hand,",36
scena/mp2010_07.dat:0x8666f,scena/mp2010_07.dat,"So, one person may bow out, but after",38
scena/mp2010_07.dat:0x866a4,scena/mp2010_07.dat,"after just one game, or...",27
scena/mp2010_07.dat:0x866bf,scena/mp2010_07.dat,"Then, that means this could end",32
scena/mp2010_07.dat:0x866ef,scena/mp2010_07.dat,bringing us all the way to three.,34
scena/mp2010_07.dat:0x86711,scena/mp2010_07.dat,"Each side could fold once,",27
scena/mp2010_07.dat:0x8673b,scena/mp2010_07.dat,bring this contest to a swift conclusion.,42
scena/mp2010_07.dat:0x86765,scena/mp2010_07.dat,Heh! That sounds like a fair way to,36
scena/mp2010_07.dat:0x867a4,scena/mp2010_07.dat,"Yeah, I'm all for it!",22
scena/mp2010_07.dat:0x867ca,scena/mp2010_07.dat,"You're a party of four, though.",32
scena/mp2010_07.dat:0x867ea,scena/mp2010_07.dat,Hold on a second...,20
scena/mp2010_07.dat:0x86812,scena/mp2010_07.dat,"I mean, it's not like we all need to play.",43
scena/mp2010_07.dat:0x86857,scena/mp2010_07.dat,out if there are too many of us.,33
scena/mp2010_07.dat:0x86878,scena/mp2010_07.dat,Someone can just sit this one,30
scena/mp2010_07.dat:0x868a5,scena/mp2010_07.dat,"Ah, then if that's the case...",31
scena/mp2010_07.dat:0x868d4,scena/mp2010_07.dat,I would rather abstain.,24
scena/mp2010_07.dat:0x868fb,scena/mp2010_07.dat,Huh? Why's that?,17
scena/mp2010_07.dat:0x86920,scena/mp2010_07.dat,The academy forbids us from gambling.,38
scena/mp2010_07.dat:0x86972,scena/mp2010_07.dat,for me to participate this time...,35
scena/mp2010_07.dat:0x86995,scena/mp2010_07.dat,So it might be a bit difficult,31
scena/mp2010_07.dat:0x869d3,scena/mp2010_07.dat,who broke that rule all the time...),37
scena/mp2010_07.dat:0x869f8,scena/mp2010_07.dat,(Though there used to be a problem student,43
scena/mp2010_07.dat:0x86a35,scena/mp2010_07.dat,"Huh? ...Haha, gotcha.",22
scena/mp2010_07.dat:0x86a60,scena/mp2010_07.dat,wrong kind of educational experience.,38
scena/mp2010_07.dat:0x86a86,scena/mp2010_07.dat,"Yeah, I can see how that might be the",38
scena/mp2010_07.dat:0x86abc,scena/mp2010_07.dat,"Sure, that's totally fine!",27
scena/mp2010_07.dat:0x86ae6,scena/mp2010_07.dat,Thank you for your understanding.,34
scena/mp2010_07.dat:0x86b1c,scena/mp2010_07.dat,There! That leaves us with the requisite three.,48
scena/mp2010_07.dat:0x86b6f,scena/mp2010_07.dat,I'll play as many rounds as it takes.,38
scena/mp2010_07.dat:0x86ba4,scena/mp2010_07.dat,Doesn't matter to me. I'll still win in the end.,49
scena/mp2010_07.dat:0x86be5,scena/mp2010_07.dat,with those amended rules?,26
scena/mp2010_07.dat:0x86bff,scena/mp2010_07.dat,Are you all content to play,28
scena/mp2010_07.dat:0x86c35,scena/mp2010_07.dat,"Sure, fine by me.",18
scena/mp2010_07.dat:0x86c73,scena/mp2010_07.dat,"Yeah, no complaints here.",26
scena/mp2010_07.dat:0x86c9c,scena/mp2010_07.dat,Mhm. We agree to the terms.,28
scena/mp2010_07.dat:0x86cc7,scena/mp2010_07.dat,Then please allow me a moment to prepare.,42
scena/mp2010_07.dat:0x86d06,scena/mp2010_07.dat,determine your playing order.,30
scena/mp2010_07.dat:0x86d24,scena/mp2010_07.dat,It will be up to you to,24
scena/mp2010_07.dat:0x86d50,scena/mp2010_07.dat,So we just need to decide who plays when?,42
scena/mp2010_07.dat:0x86d89,scena/mp2010_07.dat,"Sure, will do!",15
scena/mp2010_07.dat:0x86db7,scena/mp2010_07.dat,Please let us know when you are ready.,39
scena/mp2010_07.dat:0x86df2,scena/mp2010_07.dat,"But don't take too long, alright?",34
scena/mp2010_07.dat:0x86e91,scena/mp2010_07.dat,Now what?,10
scena/mp2010_07.dat:0x86eb2,scena/mp2010_07.dat,who among us has any sort of skill.,36
scena/mp2010_07.dat:0x86ed6,scena/mp2010_07.dat,I suppose we ought to start by establishing,44
scena/mp2010_07.dat:0x86f16,scena/mp2010_07.dat,I suck at cards.,17
scena/mp2010_07.dat:0x86f27,scena/mp2010_07.dat,"Look, I'm just gonna say it.",29
scena/mp2010_07.dat:0x86f6d,scena/mp2010_07.dat,I lose to Joshua every time.,29
scena/mp2010_07.dat:0x86fa7,scena/mp2010_07.dat,"I swore off gambling ages ago, but...",38
scena/mp2010_07.dat:0x86fea,scena/mp2010_07.dat,I'll manage somehow.,21
scena/mp2010_07.dat:0x86fff,scena/mp2010_07.dat,"Like any good fight, it just takes guts.",41
scena/mp2010_07.dat:0x87037,scena/mp2010_07.dat,"And? How about you, fancy pants?",33
scena/mp2010_07.dat:0x87073,scena/mp2010_07.dat,with a rudimentary knowledge of the rules!,43
scena/mp2010_07.dat:0x8709e,scena/mp2010_07.dat,"Fear not, my friends! For I am equipped",40
scena/mp2010_07.dat:0x870e2,scena/mp2010_07.dat,tactical mind. I humbly ask you leave it to me.,48
scena/mp2010_07.dat:0x87112,scena/mp2010_07.dat,The middle position will surely require a,42
scena/mp2010_07.dat:0x87161,scena/mp2010_07.dat,"It's all yours, then.",22
scena/mp2010_07.dat:0x8718b,scena/mp2010_07.dat,"So, Olivier should go second.",30
scena/mp2010_07.dat:0x871bd,scena/mp2010_07.dat,Which leaves the two of us...,30
scena/mp2010_07.dat:0x871ef,scena/mp2010_07.dat,I'll go first.,15
scena/mp2010_07.dat:0x8720e,scena/mp2010_07.dat,"Estelle, you can bring up the rear.",36
scena/mp2010_07.dat:0x87286,scena/mp2010_07.dat,Wh-Who died and made you boss?,31
scena/mp2010_07.dat:0x872b9,scena/mp2010_07.dat,"Taking the initiative, I see.",30
scena/mp2010_07.dat:0x8730c,scena/mp2010_07.dat,either me or Agate winning a hand.,35
scena/mp2010_07.dat:0x8732f,scena/mp2010_07.dat,"So, our strategy hinges on",27
scena/mp2010_07.dat:0x87359,scena/mp2010_07.dat,"Yep, exactly.",14
scena/mp2010_07.dat:0x8737c,scena/mp2010_07.dat,to do with it. We just need a win.,35
scena/mp2010_07.dat:0x8739f,scena/mp2010_07.dat,"Well, the order's really got nothin'",37
scena/mp2010_07.dat:0x873d8,scena/mp2010_07.dat,of pressure on me now...,25
scena/mp2010_07.dat:0x873f1,scena/mp2010_07.dat,"I-I know, but there's like, a TON",34
scena/mp2010_07.dat:0x8742a,scena/mp2010_07.dat,"Players, are you ready?",24
scena/mp2010_07.dat:0x87459,scena/mp2010_07.dat,"Shall we, then?",16
scena/mp2010_07.dat:0x874af,scena/mp2010_07.dat,"...C'mon, let's do this.",25
scena/mp2010_07.dat:0x874fa,scena/mp2010_07.dat,"Good luck, Estelle.",20
scena/mp2010_07.dat:0x8752d,scena/mp2010_07.dat,Y-Yeah. Sure. Thanks.,22
scena/mp2010_07.dat:0x87558,scena/mp2010_07.dat,"Welp, there's no backing out now.",34
scena/mp2010_07.dat:0x87598,scena/mp2010_07.dat,"pretty confident, Schera.",26
scena/mp2010_07.dat:0x875b2,scena/mp2010_07.dat,"But, hey...! You must be feeling",33
scena/mp2010_07.dat:0x875f2,scena/mp2010_07.dat,"for fortune telling and stuff, right?",38
scena/mp2010_07.dat:0x87618,scena/mp2010_07.dat,"I mean, you use cards all the time",35
scena/mp2010_07.dat:0x8765d,scena/mp2010_07.dat,"Yeah, I know a thing or two.",29
scena/mp2010_07.dat:0x87689,scena/mp2010_07.dat,I have a particular ace up my sleeve...,40
scena/mp2010_07.dat:0x876b1,scena/mp2010_07.dat,"Though, in my case, it's more that",35
scena/mp2010_07.dat:0x87702,scena/mp2010_07.dat,Mhm. But I'll leave that as a surprise for later.,50
scena/mp2010_07.dat:0x87744,scena/mp2010_07.dat,ought to serve as the rearguard.,33
scena/mp2010_07.dat:0x87765,scena/mp2010_07.dat,"Heh! In that case, our lovely Schera",37
scena/mp2010_07.dat:0x877bf,scena/mp2010_07.dat,Not that it's any less daunting.,33
scena/mp2010_07.dat:0x877e0,scena/mp2010_07.dat,"I'll take the middle position, then.",37
scena/mp2010_07.dat:0x87815,scena/mp2010_07.dat,the most strategic thinking.,29
scena/mp2010_07.dat:0x87832,scena/mp2010_07.dat,"After all, that spot will require",34
scena/mp2010_07.dat:0x87869,scena/mp2010_07.dat,and Schera's after you...,26
scena/mp2010_07.dat:0x87883,scena/mp2010_07.dat,"So, if you're second,",22
scena/mp2010_07.dat:0x878ae,scena/mp2010_07.dat,"That means I'm up first, huh.",30
scena/mp2010_07.dat:0x87908,scena/mp2010_07.dat,"Mhm. No pressure that way, right?",34
scena/mp2010_07.dat:0x87949,scena/mp2010_07.dat,Just relax and enjoy the round.,32
scena/mp2010_07.dat:0x8797d,scena/mp2010_07.dat,"Sure, I guess it's not as stressful, but...",44
scena/mp2010_07.dat:0x879b8,scena/mp2010_07.dat,"Players, are you ready?",24
scena/mp2010_07.dat:0x879e7,scena/mp2010_07.dat,"Whoops, guess it's time.",25
scena/mp2010_07.dat:0x87a17,scena/mp2010_07.dat,"Shall we, then?",16
scena/mp2010_07.dat:0x87a42,scena/mp2010_07.dat,"Good luck, everyone.",21
scena/mp2010_07.dat:0x87a73,scena/mp2010_07.dat,Alright! I'm all fired up!,27
scena/mp2010_07.dat:0x87be0,scena/mp2010_07.dat,We will now begin the game.,28
scena/mp2010_07.dat:0x87c0c,scena/mp2010_07.dat,While all the regular rules of poker apply...,46
scena/mp2010_07.dat:0x87c49,scena/mp2010_07.dat,themselves are ranked.,23
scena/mp2010_07.dat:0x87c60,scena/mp2010_07.dat,<R>Please be aware that the suits,34
scena/mp2010_07.dat:0x87c91,scena/mp2010_07.dat,"Spades, hearts, diamonds, and finally, clubs.",46
scena/mp2010_07.dat:0x87cbf,scena/mp2010_07.dat,"From strongest to weakest, they are...",39
scena/mp2010_07.dat:0x87d12,scena/mp2010_07.dat,...Allow me to deal out the first cards.,41
scena/mp2010_07.dat:0x87d9f,scena/mp2010_07.dat,(...Hm. Not a great hand.),27
scena/mp2010_07.dat:0x87dd0,scena/mp2010_07.dat,"straight together, but...)",27
scena/mp2010_07.dat:0x87deb,scena/mp2010_07.dat,(I could maybe scrape a low,28
scena/mp2010_07.dat:0x87e1d,scena/mp2010_07.dat,"(Honestly, my odds aren't lookin' good.)",41
scena/mp2010_07.dat:0x87e5d,scena/mp2010_07.dat,you start a round of poker!,28
scena/mp2010_07.dat:0x87e79,scena/mp2010_07.dat,Woohoo! Now that's how,23
scena/mp2010_07.dat:0x87edc,scena/mp2010_07.dat,"Yessir, things are looking great over here!",44
scena/mp2010_07.dat:0x87f18,scena/mp2010_07.dat,"(U-Uh, he's in a good mood...)",31
scena/mp2010_07.dat:0x87f4d,scena/mp2010_07.dat,I doubt he'd avertise it so.),30
scena/mp2010_07.dat:0x87f6b,scena/mp2010_07.dat,"(Hmph. If his hand was truly good,",35
scena/mp2010_07.dat:0x87fcf,scena/mp2010_07.dat,folds before you can play them?),33
scena/mp2010_07.dat:0x87ff0,scena/mp2010_07.dat,(What use are strong cards if your opponent,44
scena/mp2010_07.dat:0x8802b,scena/mp2010_07.dat,"(Oh, yeah. Good point.)",24
scena/mp2010_07.dat:0x88096,scena/mp2010_07.dat,"(...Right, here we go.)",24
scena/mp2010_07.dat:0x880c3,scena/mp2010_07.dat,or shoot for a set of lower numbers?),38
scena/mp2010_07.dat:0x880e9,scena/mp2010_07.dat,"(Do I aim for the high-value cards,",36
scena/mp2010_07.dat:0x88122,scena/mp2010_07.dat,"(I'd say my odds are the same either way, but...)",50
scena/mp2010_07.dat:0x8816a,scena/mp2010_07.dat,I gotta go big or go home!),28
scena/mp2010_07.dat:0x88186,scena/mp2010_07.dat,(We're only just gettin' started.,34
scena/mp2010_07.dat:0x881ca,scena/mp2010_07.dat,Would you like to exchange any of your cards?,46
scena/mp2010_07.dat:0x8820f,scena/mp2010_07.dat,"Yeah, four of 'em.",19
scena/mp2010_07.dat:0x8823c,scena/mp2010_07.dat,"...And you, sir?",17
scena/mp2010_07.dat:0x88264,scena/mp2010_07.dat,I'll do three.,15
scena/mp2010_07.dat:0x8830b,scena/mp2010_07.dat,"(Alright, what've we got...?)",30
scena/mp2010_07.dat:0x88345,scena/mp2010_07.dat,(Guess I'm shootin' for the better hand.),42
scena/mp2010_07.dat:0x88391,scena/mp2010_07.dat,Would you like to exchange any of your cards?,46
scena/mp2010_07.dat:0x883d6,scena/mp2010_07.dat,"Sure, two.",11
scena/mp2010_07.dat:0x883fb,scena/mp2010_07.dat,"...And you, sir?",17
scena/mp2010_07.dat:0x88423,scena/mp2010_07.dat,I'll do three.,15
scena/mp2010_07.dat:0x884e2,scena/mp2010_07.dat,"(Alright, what've we got...?)",30
scena/mp2010_07.dat:0x88527,scena/mp2010_07.dat,(...Tch. A whole lot of nothin'.),34
scena/mp2010_07.dat:0x8855e,scena/mp2010_07.dat,blinked since the round started.),34
scena/mp2010_07.dat:0x88580,scena/mp2010_07.dat,(My goodness... Agate has hardly even,38
scena/mp2010_07.dat:0x885b5,scena/mp2010_07.dat,"(Yes, he has a stellar poker face.)",36
scena/mp2010_07.dat:0x885e9,scena/mp2010_07.dat,and his captivating virility.),31
scena/mp2010_07.dat:0x88608,scena/mp2010_07.dat,(Not to mention that fiery gaze,32
scena/mp2010_07.dat:0x88638,scena/mp2010_07.dat,This is just what I was waiting for!,37
scena/mp2010_07.dat:0x8865d,scena/mp2010_07.dat,Hehe! Now we're talking!,25
scena/mp2010_07.dat:0x886b9,scena/mp2010_07.dat,"Go ahead, tough guy! Do your worst!",36
scena/mp2010_07.dat:0x88722,scena/mp2010_07.dat,"(Now this guy, on the other hand...)",37
scena/mp2010_07.dat:0x88757,scena/mp2010_07.dat,bragging's actually true?),27
scena/mp2010_07.dat:0x88772,scena/mp2010_07.dat,(I wonder how much of that,27
scena/mp2010_07.dat:0x887a9,scena/mp2010_07.dat,"(Man, I don't even have a half-decent pair.)",45
scena/mp2010_07.dat:0x887ec,scena/mp2010_07.dat,got is gonna thrash my hand.),30
scena/mp2010_07.dat:0x8880a,scena/mp2010_07.dat,(Which means that whatever he's,32
scena/mp2010_07.dat:0x88840,scena/mp2010_07.dat,"(So, do I play it safe, or push my luck?)",42
scena/mp2010_07.dat:0x88882,scena/mp2010_07.dat,(Heh... Like I'd ever fold.),29
scena/mp2010_07.dat:0x888b4,scena/mp2010_07.dat,(That's not how I roll.),25
scena/mp2010_07.dat:0x888e1,scena/mp2010_07.dat,...Would you like to play your hand?,37
scena/mp2010_07.dat:0x88925,scena/mp2010_07.dat,Damn straight.,15
scena/mp2010_07.dat:0x88949,scena/mp2010_07.dat,I've got this one in the bag.,30
scena/mp2010_07.dat:0x8899f,scena/mp2010_07.dat,"Mine's pretty impressive, you know.",36
scena/mp2010_07.dat:0x889c3,scena/mp2010_07.dat,A-Are you sure about that?,27
scena/mp2010_07.dat:0x889ee,scena/mp2010_07.dat,...You're all talk.,20
scena/mp2010_07.dat:0x88a1d,scena/mp2010_07.dat,Play the hand or shut up and fold.,35
scena/mp2010_07.dat:0x88a40,scena/mp2010_07.dat,I'll believe it when I see it.,31
scena/mp2010_07.dat:0x88a6e,scena/mp2010_07.dat,"And you, sir?",14
scena/mp2010_07.dat:0x88a8f,scena/mp2010_07.dat,Uhhh... Gimme a sec.,21
scena/mp2010_07.dat:0x88ac6,scena/mp2010_07.dat,"could beat this hand, but...",29
scena/mp2010_07.dat:0x88ae3,scena/mp2010_07.dat,There's not a lot that,23
scena/mp2010_07.dat:0x88c1d,scena/mp2010_07.dat,I-I fold! I fold!,18
scena/mp2010_07.dat:0x88c50,scena/mp2010_07.dat,Just please don't hurt me!,27
scena/mp2010_07.dat:0x88c7b,scena/mp2010_07.dat,"Well, there ya have it.",24
scena/mp2010_07.dat:0x88cad,scena/mp2010_07.dat,"Hm?! Oh, I suppose that ends the round.",40
scena/mp2010_07.dat:0x88ce9,scena/mp2010_07.dat,you must play your next hand.,30
scena/mp2010_07.dat:0x88d1e,scena/mp2010_07.dat, that means,12
scena/mp2010_07.dat:0x88d59,scena/mp2010_07.dat,*Huff* *Huff*...,17
scena/mp2010_07.dat:0x88d7a,scena/mp2010_07.dat,Th-That was terrifying...,26
scena/mp2010_07.dat:0x88dad,scena/mp2010_07.dat,Alright! There goes his safety net!,36
scena/mp2010_07.dat:0x88de1,scena/mp2010_07.dat,Agate than he was of losing the game...,40
scena/mp2010_07.dat:0x88e09,scena/mp2010_07.dat,But I think he was more afraid of,34
scena/mp2010_07.dat:0x88e49,scena/mp2010_07.dat,*Chuckle*... Agate has that effect on people.,46
scena/mp2010_07.dat:0x88f36,scena/mp2010_07.dat,"Good game, Agate.",18
scena/mp2010_07.dat:0x88f57,scena/mp2010_07.dat,"your way through that one, huh?",32
scena/mp2010_07.dat:0x88f77,scena/mp2010_07.dat,You really did just kind of muscle,35
scena/mp2010_07.dat:0x88fb5,scena/mp2010_07.dat,effective at reversing an unfavorable situation.,49
scena/mp2010_07.dat:0x88fe6,scena/mp2010_07.dat,"Hmm... a crude approach, perhaps, but quite",44
scena/mp2010_07.dat:0x89021,scena/mp2010_07.dat,"Yeah, at least we're still in.",31
scena/mp2010_07.dat:0x8905c,scena/mp2010_07.dat,We gotta keep our heads in the game.,37
scena/mp2010_07.dat:0x89081,scena/mp2010_07.dat,But this ain't over yet.,25
scena/mp2010_07.dat:0x890b6,scena/mp2010_07.dat,That's true.,13
scena/mp2010_07.dat:0x890de,scena/mp2010_07.dat,"If we lose even once, it's over.",33
scena/mp2010_07.dat:0x8910e,scena/mp2010_07.dat,depending on the situation.,28
scena/mp2010_07.dat:0x8912a,scena/mp2010_07.dat,"It may even be prudent to fold ourselves,",42
scena/mp2010_07.dat:0x89164,scena/mp2010_07.dat,"(...Man, this is just the first round.)",40
scena/mp2010_07.dat:0x891a1,scena/mp2010_07.dat,some dumb reason this early.),30
scena/mp2010_07.dat:0x891bf,scena/mp2010_07.dat,(I'd kick myself if we lost for,32
scena/mp2010_07.dat:0x891f5,scena/mp2010_07.dat,...Would you like to play your hand?,37
scena/mp2010_07.dat:0x8926d,scena/mp2010_07.dat,"...Nah, I fold.",16
scena/mp2010_07.dat:0x8928d,scena/mp2010_07.dat,Huh? You do?,13
scena/mp2010_07.dat:0x892b4,scena/mp2010_07.dat,There goes my awesome hand!,28
scena/mp2010_07.dat:0x892d0,scena/mp2010_07.dat,"Man, that's a shame.",21
scena/mp2010_07.dat:0x892f5,scena/mp2010_07.dat,be unable to fold for the rest of the match.,45
scena/mp2010_07.dat:0x89322,scena/mp2010_07.dat,Then I must remind you that your team will,43
scena/mp2010_07.dat:0x89364,scena/mp2010_07.dat,"Aww, so much for that.",23
scena/mp2010_07.dat:0x8938f,scena/mp2010_07.dat,"Alas, the cards don't always fall in our favor.",48
scena/mp2010_07.dat:0x89464,scena/mp2010_07.dat,"Good game, Agate.",18
scena/mp2010_07.dat:0x89485,scena/mp2010_07.dat,"I didn't think you'd actually fold, though.",44
scena/mp2010_07.dat:0x894cf,scena/mp2010_07.dat,I didn't peg myself as the type either.,40
scena/mp2010_07.dat:0x894f7,scena/mp2010_07.dat,"Ugh, don't remind me...",24
scena/mp2010_07.dat:0x89523,scena/mp2010_07.dat,"gone this soon, too.",21
scena/mp2010_07.dat:0x89538,scena/mp2010_07.dat,...I hate that our safety net's,32
scena/mp2010_07.dat:0x89570,scena/mp2010_07.dat,for one opportunity to fold.,29
scena/mp2010_07.dat:0x8958d,scena/mp2010_07.dat,"Yes, since the rules only allow",32
scena/mp2010_07.dat:0x895cc,scena/mp2010_07.dat,"Oh, right...",13
scena/mp2010_07.dat:0x895f5,scena/mp2010_07.dat,"That's actually pretty harsh, huh.",35
scena/mp2010_07.dat:0x89628,scena/mp2010_07.dat,"Players, are you ready to begin the next round?",48
scena/mp2010_07.dat:0x89696,scena/mp2010_07.dat,"Oho, my time has come.",23
scena/mp2010_07.dat:0x896fe,scena/mp2010_07.dat,"Well then, wish me luck!",25
scena/mp2010_07.dat:0x89736,scena/mp2010_07.dat,Don't let us down.,19
scena/mp2010_07.dat:0x8975c,scena/mp2010_07.dat,You better not lose after all that talk!,41
scena/mp2010_07.dat:0x8979c,scena/mp2010_07.dat,Trade everything but the king,30
scena/mp2010_07.dat:0x897ba,scena/mp2010_07.dat,Try for a straight (4-8),25
scena/mp2010_07.dat:0x897d4,scena/mp2010_07.dat,Play your hand,15
scena/mp2010_07.dat:0x89885,scena/mp2010_07.dat,We will now begin the game.,28
scena/mp2010_07.dat:0x898b1,scena/mp2010_07.dat,While all the regular rules of poker apply...,46
scena/mp2010_07.dat:0x898ee,scena/mp2010_07.dat,themselves are ranked.,23
scena/mp2010_07.dat:0x89905,scena/mp2010_07.dat,<R>Please be aware that the suits,34
scena/mp2010_07.dat:0x89936,scena/mp2010_07.dat,"Spades, hearts, diamonds, and finally, clubs.",46
scena/mp2010_07.dat:0x89964,scena/mp2010_07.dat,"From strongest to weakest, they are...",39
scena/mp2010_07.dat:0x899b7,scena/mp2010_07.dat,...Allow me to deal out the first cards.,41
scena/mp2010_07.dat:0x89a71,scena/mp2010_07.dat,"(Ehehehe, that's not a bad start!)",35
scena/mp2010_07.dat:0x89aaa,scena/mp2010_07.dat,but aren't those kinda hard to get?),37
scena/mp2010_07.dat:0x89acf,scena/mp2010_07.dat,"(I could maybe try for a flush,",32
scena/mp2010_07.dat:0x89b04,scena/mp2010_07.dat,you start a round of poker!,28
scena/mp2010_07.dat:0x89b20,scena/mp2010_07.dat,Woohoo! Now that's how,23
scena/mp2010_07.dat:0x89b71,scena/mp2010_07.dat,"Yessir, things are looking great over here!",44
scena/mp2010_07.dat:0x89bba,scena/mp2010_07.dat,(Filio certainly seems pleased with his hand.),47
scena/mp2010_07.dat:0x89c0b,scena/mp2010_07.dat,I doubt he'd avertise it so.),30
scena/mp2010_07.dat:0x89c29,scena/mp2010_07.dat,"(Hmph. If his hand was truly good,",35
scena/mp2010_07.dat:0x89c75,scena/mp2010_07.dat,folds before you can play them?),33
scena/mp2010_07.dat:0x89c96,scena/mp2010_07.dat,(What use are strong cards if your opponent,44
scena/mp2010_07.dat:0x89cdc,scena/mp2010_07.dat,logic's not lost on Estelle...),32
scena/mp2010_07.dat:0x89cfc,scena/mp2010_07.dat,(Let's just hope that,22
scena/mp2010_07.dat:0x89d49,scena/mp2010_07.dat,"(...Okay, here we go.)",23
scena/mp2010_07.dat:0x89d76,scena/mp2010_07.dat,or stick with the one I've got?),33
scena/mp2010_07.dat:0x89d97,scena/mp2010_07.dat,"(Should I go for a better hand,",32
scena/mp2010_07.dat:0x89dcc,scena/mp2010_07.dat,since it's still the first round.),35
scena/mp2010_07.dat:0x89def,scena/mp2010_07.dat,"(Playing it safe feels right,",30
scena/mp2010_07.dat:0x89e22,scena/mp2010_07.dat,Would you like to exchange any of your cards?,46
scena/mp2010_07.dat:0x89e67,scena/mp2010_07.dat,"Yep! Three, please.",20
scena/mp2010_07.dat:0x89e95,scena/mp2010_07.dat,"...And you, sir?",17
scena/mp2010_07.dat:0x89ebd,scena/mp2010_07.dat,"I'll do three, too.",20
scena/mp2010_07.dat:0x89f69,scena/mp2010_07.dat,"(C'mooon, good cards!)",23
scena/mp2010_07.dat:0x89f9d,scena/mp2010_07.dat,(Hmm... Nope. That didn't help.),33
scena/mp2010_07.dat:0x89fd3,scena/mp2010_07.dat,"(Eh, a pair's better than nothing!)",36
scena/mp2010_07.dat:0x8a00c,scena/mp2010_07.dat,It's starting to show on her face.),36
scena/mp2010_07.dat:0x8a030,scena/mp2010_07.dat,"(Oh, Estelle...",16
scena/mp2010_07.dat:0x8a050,scena/mp2010_07.dat,her opponent will notice... I hope.),37
scena/mp2010_07.dat:0x8a075,scena/mp2010_07.dat,"(Indeed, but not so much so that",33
scena/mp2010_07.dat:0x8a0be,scena/mp2010_07.dat,"If her hand was awful, we'd all know.)",39
scena/mp2010_07.dat:0x8a0e5,scena/mp2010_07.dat,(Only because she has something decent.,40
scena/mp2010_07.dat:0x8a152,scena/mp2010_07.dat,"strong suit, so we can't be too hard on her.)",46
scena/mp2010_07.dat:0x8a180,scena/mp2010_07.dat,"(Well, she did say that card games aren't her",46
scena/mp2010_07.dat:0x8a1f6,scena/mp2010_07.dat,"since it's still early, but...)",32
scena/mp2010_07.dat:0x8a216,scena/mp2010_07.dat,"(I should probably play it safe,",33
scena/mp2010_07.dat:0x8a24c,scena/mp2010_07.dat,(Nope! I'm gonna go for it!),29
scena/mp2010_07.dat:0x8a27d,scena/mp2010_07.dat,Would you like to exchange any of your cards?,46
scena/mp2010_07.dat:0x8a2c2,scena/mp2010_07.dat,"Yep! Two, please.",18
scena/mp2010_07.dat:0x8a2ee,scena/mp2010_07.dat,"...And you, sir?",17
scena/mp2010_07.dat:0x8a316,scena/mp2010_07.dat,I'll do three.,15
scena/mp2010_07.dat:0x8a3bd,scena/mp2010_07.dat,"(C'mooon, good cards!)",23
scena/mp2010_07.dat:0x8a3f1,scena/mp2010_07.dat,(Aw maaaan! I was SO close!),29
scena/mp2010_07.dat:0x8a42e,scena/mp2010_07.dat,"Wait, doesn't that mean my hand's worthless?!)",47
scena/mp2010_07.dat:0x8a45d,scena/mp2010_07.dat,"(Ugh, just one off...",22
scena/mp2010_07.dat:0x8a4b0,scena/mp2010_07.dat,It's really showing on her face...),36
scena/mp2010_07.dat:0x8a4d4,scena/mp2010_07.dat,"(Oh, Estelle...",16
scena/mp2010_07.dat:0x8a500,scena/mp2010_07.dat,her heart on her sleeve.),26
scena/mp2010_07.dat:0x8a51a,scena/mp2010_07.dat,(Heh! She certainly does wear,30
scena/mp2010_07.dat:0x8a556,scena/mp2010_07.dat,but I didn't think she'd be THAT bad.),39
scena/mp2010_07.dat:0x8a57d,scena/mp2010_07.dat,"(*Sigh*... She said she wasn't very good,",42
scena/mp2010_07.dat:0x8a5b7,scena/mp2010_07.dat,(It's no wonder Joshua always wins.),37
scena/mp2010_07.dat:0x8a5ec,scena/mp2010_07.dat,This is just what I was waiting for!,37
scena/mp2010_07.dat:0x8a611,scena/mp2010_07.dat,Heheh! Now we're talking!,26
scena/mp2010_07.dat:0x8a67d,scena/mp2010_07.dat,"Come on, then. Let's see what you've got!",42
scena/mp2010_07.dat:0x8a6d4,scena/mp2010_07.dat,(Filio seems confident.),25
scena/mp2010_07.dat:0x8a6fd,scena/mp2010_07.dat,(But how much of that is for show?),36
scena/mp2010_07.dat:0x8a73d,scena/mp2010_07.dat,comes down to what Filio has.),31
scena/mp2010_07.dat:0x8a75c,scena/mp2010_07.dat,"(A pair's not bad, but it really",33
scena/mp2010_07.dat:0x8a793,scena/mp2010_07.dat,(Uuugh... I've got nothing.),29
scena/mp2010_07.dat:0x8a7c6,scena/mp2010_07.dat,I'll lose for sure.),21
scena/mp2010_07.dat:0x8a7db,scena/mp2010_07.dat,"(If I play this hand against his,",34
scena/mp2010_07.dat:0x8a813,scena/mp2010_07.dat,my way through this?),22
scena/mp2010_07.dat:0x8a829,scena/mp2010_07.dat,"(Should I fold, or bluff",25
scena/mp2010_07.dat:0x8a863,scena/mp2010_07.dat,"(If I fold, that's basically admitting defeat.)",48
scena/mp2010_07.dat:0x8a8a9,scena/mp2010_07.dat,(And that's just not who I am.),32
scena/mp2010_07.dat:0x8a905,scena/mp2010_07.dat,...Would you like to play your hand?,37
scena/mp2010_07.dat:0x8a949,scena/mp2010_07.dat,You betcha! I've got this in the bag!,38
scena/mp2010_07.dat:0x8a9ba,scena/mp2010_07.dat,"Mine's pretty impressive, you know.",36
scena/mp2010_07.dat:0x8a9de,scena/mp2010_07.dat,A-Are you sure about that?,27
scena/mp2010_07.dat:0x8aa0e,scena/mp2010_07.dat,"Pfft, I'll believe it when I see it.",37
scena/mp2010_07.dat:0x8aa50,scena/mp2010_07.dat,me what you've got?,20
scena/mp2010_07.dat:0x8aa64,scena/mp2010_07.dat,"C'mon, why don't you show",26
scena/mp2010_07.dat:0x8aa92,scena/mp2010_07.dat,"And you, sir?",14
scena/mp2010_07.dat:0x8aab3,scena/mp2010_07.dat,Uhhh... Gimme a sec.,21
scena/mp2010_07.dat:0x8aad7,scena/mp2010_07.dat,"This hand's decent, but it's not a sure thing...",49
scena/mp2010_07.dat:0x8ab4a,scena/mp2010_07.dat,...Forget it. I fold.,22
scena/mp2010_07.dat:0x8ab70,scena/mp2010_07.dat,you must play your next hand.,30
scena/mp2010_07.dat:0x8aba5,scena/mp2010_07.dat, that means,12
scena/mp2010_07.dat:0x8abc8,scena/mp2010_07.dat,Yeah! I did it!,16
scena/mp2010_07.dat:0x8ac79,scena/mp2010_07.dat,Haha! Looks like you pulled through!,37
scena/mp2010_07.dat:0x8acae,scena/mp2010_07.dat,Playing it bold was the right call.,36
scena/mp2010_07.dat:0x8acee,scena/mp2010_07.dat,"Honestly, I'm just glad I didn't lose.",39
scena/mp2010_07.dat:0x8ad28,scena/mp2010_07.dat,Heh! That's more than enough.,30
scena/mp2010_07.dat:0x8ad62,scena/mp2010_07.dat,You've driven our opponent into a corner.,42
scena/mp2010_07.dat:0x8ad9b,scena/mp2010_07.dat,"Oh, right...! Since we can only fold once.",43
scena/mp2010_07.dat:0x8add9,scena/mp2010_07.dat,We gotta stay focused!,23
scena/mp2010_07.dat:0x8adf0,scena/mp2010_07.dat,"Still, that wasn't a real win, either.",39
scena/mp2010_07.dat:0x8ae2a,scena/mp2010_07.dat,That's true.,13
scena/mp2010_07.dat:0x8ae47,scena/mp2010_07.dat,then the game is finished.,27
scena/mp2010_07.dat:0x8ae62,scena/mp2010_07.dat,"If we lose even once,",22
scena/mp2010_07.dat:0x8ae93,scena/mp2010_07.dat,"Sometimes, the braver move is to back out.",43
scena/mp2010_07.dat:0x8aebe,scena/mp2010_07.dat,There's no shame in playing cautiously.,40
scena/mp2010_07.dat:0x8af01,scena/mp2010_07.dat,Hmm... You sure about that?,28
scena/mp2010_07.dat:0x8af3c,scena/mp2010_07.dat,I guess you could be hiding something.,39
scena/mp2010_07.dat:0x8af63,scena/mp2010_07.dat,"You don't look too confident, but...",37
scena/mp2010_07.dat:0x8afb3,scena/mp2010_07.dat,T-Talk's cheap! Let's see those cards!,39
scena/mp2010_07.dat:0x8b008,scena/mp2010_07.dat,"And you, sir?",14
scena/mp2010_07.dat:0x8b029,scena/mp2010_07.dat,Uhhh... Gimme a sec.,21
scena/mp2010_07.dat:0x8b04d,scena/mp2010_07.dat,"This hand's decent, but it's not a sure thing...",49
scena/mp2010_07.dat:0x8b0c0,scena/mp2010_07.dat,"...Alright, let's play this hand out.",38
scena/mp2010_07.dat:0x8b105,scena/mp2010_07.dat,"(Aw, heck! He's going for it!)",31
scena/mp2010_07.dat:0x8b144,scena/mp2010_07.dat,"Players, if you could please reveal your hands.",48
scena/mp2010_07.dat:0x8b1e5,scena/mp2010_07.dat,...I've got nothing.,21
scena/mp2010_07.dat:0x8b20b,scena/mp2010_07.dat,"Phew, that was a close one.",28
scena/mp2010_07.dat:0x8b227,scena/mp2010_07.dat,There! A pair of jacks.,24
scena/mp2010_07.dat:0x8b257,scena/mp2010_07.dat,The pot goes to Mr. Filio.,27
scena/mp2010_07.dat:0x8b295,scena/mp2010_07.dat,"agreed upon, that ends the game.",33
scena/mp2010_07.dat:0x8b2b6,scena/mp2010_07.dat,In accordance with the rules that were,39
scena/mp2010_07.dat:0x8b329,scena/mp2010_07.dat,"O-Oh dear, we've lost.",23
scena/mp2010_07.dat:0x8b35b,scena/mp2010_07.dat,"...Well, that didn't take long.",32
scena/mp2010_07.dat:0x8b39c,scena/mp2010_07.dat,Hahaha! That's Estelle for you.,32
scena/mp2010_07.dat:0x8b3cc,scena/mp2010_07.dat,"Always bold, even in defeat...",31
scena/mp2010_07.dat:0x8b43f,scena/mp2010_07.dat,Okay! So! Just one more round!,31
scena/mp2010_07.dat:0x8b485,scena/mp2010_07.dat,"Please, that's all I'm asking for!",35
scena/mp2010_07.dat:0x8b4d4,scena/mp2010_07.dat,*Sigh*... The nerve of that girl...,36
scena/mp2010_07.dat:0x8b507,scena/mp2010_07.dat,she makes even more of a scene.,32
scena/mp2010_07.dat:0x8b527,scena/mp2010_07.dat,"Come on, we'd better drag her off before",41
scena/mp2010_07.dat:0x8b56f,scena/mp2010_07.dat,"(...I mean, this is just the first round.)",43
scena/mp2010_07.dat:0x8b5af,scena/mp2010_07.dat,"(If I push my luck now, we'd lose instantly.)",46
scena/mp2010_07.dat:0x8b5f1,scena/mp2010_07.dat,...Would you like to play your hand?,37
scena/mp2010_07.dat:0x8b635,scena/mp2010_07.dat,"Nope, I'm gonna fold.",22
scena/mp2010_07.dat:0x8b65f,scena/mp2010_07.dat,Huh? You are?,14
scena/mp2010_07.dat:0x8b687,scena/mp2010_07.dat,There goes my awesome hand!,28
scena/mp2010_07.dat:0x8b6a3,scena/mp2010_07.dat,"Man, that's a shame.",21
scena/mp2010_07.dat:0x8b6c8,scena/mp2010_07.dat,be unable to fold for the rest of the match.,45
scena/mp2010_07.dat:0x8b6f5,scena/mp2010_07.dat,Then I must remind you that your team will,43
scena/mp2010_07.dat:0x8b748,scena/mp2010_07.dat,"Oof, she had to fold, huh?",27
scena/mp2010_07.dat:0x8b777,scena/mp2010_07.dat,too confident in her odds.,27
scena/mp2010_07.dat:0x8b792,scena/mp2010_07.dat,She certainly didn't seem,26
scena/mp2010_07.dat:0x8b851,scena/mp2010_07.dat,"That was a pretty responsible move, Estelle.",45
scena/mp2010_07.dat:0x8b88d,scena/mp2010_07.dat,play it out no matter what.,28
scena/mp2010_07.dat:0x8b8a9,scena/mp2010_07.dat,I thought that you'd want to,29
scena/mp2010_07.dat:0x8b8e3,scena/mp2010_07.dat,I just didn't stand a chance.,30
scena/mp2010_07.dat:0x8b901,scena/mp2010_07.dat,"I mean, I did! Don't get me wrong.",35
scena/mp2010_07.dat:0x8b938,scena/mp2010_07.dat,I'd just lose if I tried to force it.,38
scena/mp2010_07.dat:0x8b971,scena/mp2010_07.dat,That's one way to look at it.,30
scena/mp2010_07.dat:0x8b9ab,scena/mp2010_07.dat,"Still, we're at a disadvantage now.",36
scena/mp2010_07.dat:0x8b9de,scena/mp2010_07.dat,for one opportunity to fold.,29
scena/mp2010_07.dat:0x8b9fb,scena/mp2010_07.dat,"Yes, since the rules only allow",32
scena/mp2010_07.dat:0x8ba36,scena/mp2010_07.dat,"Oh, right...",13
scena/mp2010_07.dat:0x8ba56,scena/mp2010_07.dat,"That's actually pretty harsh, huh.",35
scena/mp2010_07.dat:0x8ba8c,scena/mp2010_07.dat,"Players, are you ready to begin the next round?",48
scena/mp2010_07.dat:0x8bafa,scena/mp2010_07.dat,"Oho, my time has come.",23
scena/mp2010_07.dat:0x8bb62,scena/mp2010_07.dat,This shouldn't take long.,26
scena/mp2010_07.dat:0x8bb9b,scena/mp2010_07.dat,We're counting on you.,23
scena/mp2010_07.dat:0x8bbd2,scena/mp2010_07.dat,You better not lose after all that talk!,41
scena/mp2010_07.dat:0x8bc22,scena/mp2010_07.dat,Trade everything but the pair,30
scena/mp2010_07.dat:0x8bc40,scena/mp2010_07.dat,Try for a flush of hearts,26
scena/mp2010_07.dat:0x8bc5b,scena/mp2010_07.dat,Play your hand,15
scena/mp2010_07.dat:0x8bcac,scena/mp2010_07.dat,...Allow me to deal out the first cards.,41
scena/mp2010_07.dat:0x8bd3e,scena/mp2010_07.dat,"(Hm, a pair of fours.)",23
scena/mp2010_07.dat:0x8bd69,scena/mp2010_07.dat,"to put me at ease, though.)",28
scena/mp2010_07.dat:0x8bd85,scena/mp2010_07.dat,(That isn't quite enough,25
scena/mp2010_07.dat:0x8bdda,scena/mp2010_07.dat,I could...try for that?,24
scena/mp2010_07.dat:0x8be12,scena/mp2010_07.dat,better luck going the other way.,33
scena/mp2010_07.dat:0x8be33,scena/mp2010_07.dat,"No, wait... I feel like I'd have",33
scena/mp2010_07.dat:0x8be8c,scena/mp2010_07.dat,"hard over there, huh?)",23
scena/mp2010_07.dat:0x8bea3,scena/mp2010_07.dat,"(H-He's, uh, thinking pretty",29
scena/mp2010_07.dat:0x8becf,scena/mp2010_07.dat,"(Indeed, he seems different from before.)",42
scena/mp2010_07.dat:0x8bf19,scena/mp2010_07.dat,(He might just have something.),32
scena/mp2010_07.dat:0x8bf48,scena/mp2010_07.dat,has something worth playing.),30
scena/mp2010_07.dat:0x8bf66,scena/mp2010_07.dat,We should assume that he,25
scena/mp2010_07.dat:0x8bfb5,scena/mp2010_07.dat,"(Let's see, how shall I progress?)",35
scena/mp2010_07.dat:0x8bfec,scena/mp2010_07.dat,or take the opportunity to rattle my opponent?),48
scena/mp2010_07.dat:0x8c01c,scena/mp2010_07.dat,"(Should I attempt to strengthen my position,",45
scena/mp2010_07.dat:0x8c06a,scena/mp2010_07.dat,(Heh! Either option should prove to be amusing.),49
scena/mp2010_07.dat:0x8c0b0,scena/mp2010_07.dat,straightforward approach is in order.),39
scena/mp2010_07.dat:0x8c0d7,scena/mp2010_07.dat,(Hm... perhaps a more,22
scena/mp2010_07.dat:0x8c101,scena/mp2010_07.dat,Would you like to exchange any of your cards?,46
scena/mp2010_07.dat:0x8c146,scena/mp2010_07.dat,"Three of them, my good man.",28
scena/mp2010_07.dat:0x8c17c,scena/mp2010_07.dat,"...And you, sir?",17
scena/mp2010_07.dat:0x8c1a4,scena/mp2010_07.dat,Two for me.,12
scena/mp2010_07.dat:0x8c256,scena/mp2010_07.dat,"(Now then, what have we got?)",30
scena/mp2010_07.dat:0x8c291,scena/mp2010_07.dat,"(Oho, a second pair.)",22
scena/mp2010_07.dat:0x8c2bc,scena/mp2010_07.dat,(This is a perfectly respectable hand.),40
scena/mp2010_07.dat:0x8c2f8,scena/mp2010_07.dat,misdirection is in order.),27
scena/mp2010_07.dat:0x8c313,scena/mp2010_07.dat,(Hm... perhaps a little,24
scena/mp2010_07.dat:0x8c33f,scena/mp2010_07.dat,Would you like to exchange any of your cards?,46
scena/mp2010_07.dat:0x8c384,scena/mp2010_07.dat,"Just the one, if you please.",29
scena/mp2010_07.dat:0x8c3bb,scena/mp2010_07.dat,"...And you, sir?",17
scena/mp2010_07.dat:0x8c3e3,scena/mp2010_07.dat,Two for me.,12
scena/mp2010_07.dat:0x8c495,scena/mp2010_07.dat,"(Now then, what have we got?)",30
scena/mp2010_07.dat:0x8c4d0,scena/mp2010_07.dat,"(...Alas, nothing of note.)",28
scena/mp2010_07.dat:0x8c500,scena/mp2010_07.dat,"(The rest depends on our friend, Filio.)",41
scena/mp2010_07.dat:0x8c53e,scena/mp2010_07.dat,his expression at all.),24
scena/mp2010_07.dat:0x8c556,scena/mp2010_07.dat,"(Hmm, nope. I can't read",25
scena/mp2010_07.dat:0x8c57e,scena/mp2010_07.dat,(I wonder what Olivier's thinking...?),39
scena/mp2010_07.dat:0x8c5b4,scena/mp2010_07.dat,(Hehe... That's quite the poker face.),39
scena/mp2010_07.dat:0x8c5eb,scena/mp2010_07.dat,...There we go.,16
scena/mp2010_07.dat:0x8c656,scena/mp2010_07.dat,"Yeah, that should do the trick.",32
scena/mp2010_07.dat:0x8c685,scena/mp2010_07.dat,(He's gone real quiet all of a sudden...),42
scena/mp2010_07.dat:0x8c6be,scena/mp2010_07.dat,(...Did he get something big?),31
scena/mp2010_07.dat:0x8c6ec,scena/mp2010_07.dat,he seems strangely reserved...),32
scena/mp2010_07.dat:0x8c70c,scena/mp2010_07.dat,"(Compared to last round,",25
scena/mp2010_07.dat:0x8c734,scena/mp2010_07.dat,(Could he have drawn a strong hand?),37
scena/mp2010_07.dat:0x8c768,scena/mp2010_07.dat,is fairly unsettling...),25
scena/mp2010_07.dat:0x8c781,scena/mp2010_07.dat,(While his change in demeanor,30
scena/mp2010_07.dat:0x8c7b4,scena/mp2010_07.dat,so I will simply have to soldier on.),38
scena/mp2010_07.dat:0x8c7da,scena/mp2010_07.dat,"(Folding isn't an option,",26
scena/mp2010_07.dat:0x8c814,scena/mp2010_07.dat,is fairly unsettling...),25
scena/mp2010_07.dat:0x8c82d,scena/mp2010_07.dat,(While his change in demeanor,30
scena/mp2010_07.dat:0x8c860,scena/mp2010_07.dat,So... how to proceed?),23
scena/mp2010_07.dat:0x8c877,scena/mp2010_07.dat,(This could still go either way.,33
scena/mp2010_07.dat:0x8c8b8,scena/mp2010_07.dat,"a valid option, but...)",24
scena/mp2010_07.dat:0x8c8d0,scena/mp2010_07.dat,"(In theory, folding would be",29
scena/mp2010_07.dat:0x8c902,scena/mp2010_07.dat,(I believe I'll err on the side of confidence.),48
scena/mp2010_07.dat:0x8c946,scena/mp2010_07.dat,he must play his hand no matter what.),39
scena/mp2010_07.dat:0x8c96d,scena/mp2010_07.dat,"(Since Filio folded earlier, that means",40
scena/mp2010_07.dat:0x8c9aa,scena/mp2010_07.dat,into a corner does not always end well...),43
scena/mp2010_07.dat:0x8c9d5,scena/mp2010_07.dat,(And driving an injured beast ever further,43
scena/mp2010_07.dat:0x8ca14,scena/mp2010_07.dat,...Would you like to play your hand?,37
scena/mp2010_07.dat:0x8ca58,scena/mp2010_07.dat,"Ha! Regretfully, I fold.",25
scena/mp2010_07.dat:0x8ca85,scena/mp2010_07.dat,"At times, retreating is the superior tactic.",45
scena/mp2010_07.dat:0x8cac1,scena/mp2010_07.dat,Tch! So much for that hand...,30
scena/mp2010_07.dat:0x8caff,scena/mp2010_07.dat,Oh? You certainly seem frustrated.,35
scena/mp2010_07.dat:0x8cb31,scena/mp2010_07.dat,My apologies if I made you waste a good hand.,46
scena/mp2010_07.dat:0x8cb6f,scena/mp2010_07.dat,"N-Nah, that's fine. Doesn't bug me at all.",43
scena/mp2010_07.dat:0x8cbaa,scena/mp2010_07.dat,Mine wasn't anything special either.,37
scena/mp2010_07.dat:0x8cbe3,scena/mp2010_07.dat,will also be unable to fold in the next round.,47
scena/mp2010_07.dat:0x8cc12,scena/mp2010_07.dat,"Now, I must remind you that your team",38
scena/mp2010_07.dat:0x8cc59,scena/mp2010_07.dat,"Aw, geez. He folded...",23
scena/mp2010_07.dat:0x8cc7f,scena/mp2010_07.dat,Guess he thought Filio had the better hand.,44
scena/mp2010_07.dat:0x8ccc6,scena/mp2010_07.dat,that Filio had a better hand.,30
scena/mp2010_07.dat:0x8cce4,scena/mp2010_07.dat,"Hmph, he must have decided",27
scena/mp2010_07.dat:0x8cdff,scena/mp2010_07.dat,my brilliant read of the situation?,36
scena/mp2010_07.dat:0x8ce23,scena/mp2010_07.dat,Heh! Well? What did you think of,33
scena/mp2010_07.dat:0x8ce5e,scena/mp2010_07.dat,"Okay, but was his hand really all that good?",45
scena/mp2010_07.dat:0x8ce9e,scena/mp2010_07.dat,him if you'd played yours.,27
scena/mp2010_07.dat:0x8ceb9,scena/mp2010_07.dat,You still might've been able to beat,37
scena/mp2010_07.dat:0x8cef2,scena/mp2010_07.dat,"No, no. I'm absolutely sure of it.",35
scena/mp2010_07.dat:0x8cf31,scena/mp2010_07.dat,in an ocean of our own tears right now.,40
scena/mp2010_07.dat:0x8cf59,scena/mp2010_07.dat,"Had I taken that risk, we'd be swimming",40
scena/mp2010_07.dat:0x8cfb6,scena/mp2010_07.dat,"Yeesh, so dramatic.",20
scena/mp2010_07.dat:0x8cfd9,scena/mp2010_07.dat,used up their chance to fold.,30
scena/mp2010_07.dat:0x8cff7,scena/mp2010_07.dat,"Either way, now both sides have",32
scena/mp2010_07.dat:0x8d041,scena/mp2010_07.dat,"Yep, exactly.",14
scena/mp2010_07.dat:0x8d0bb,scena/mp2010_07.dat,"this, no matter what.",22
scena/mp2010_07.dat:0x8d0d1,scena/mp2010_07.dat,The next round's gonna settle,30
scena/mp2010_07.dat:0x8d103,scena/mp2010_07.dat,"That's for sure. ...Uh, hold up.",33
scena/mp2010_07.dat:0x8d145,scena/mp2010_07.dat,Doesn't that mean it's my turn?!,33
scena/mp2010_07.dat:0x8d175,scena/mp2010_07.dat,"C'mon, get your head in the game.",34
scena/mp2010_07.dat:0x8d1d3,scena/mp2010_07.dat,"Please do your best, Estelle.",30
scena/mp2010_07.dat:0x8d201,scena/mp2010_07.dat,"in the wings, as your guardian angel.",38
scena/mp2010_07.dat:0x8d227,scena/mp2010_07.dat,"That being said, I shall be waiting",36
scena/mp2010_07.dat:0x8d274,scena/mp2010_07.dat,"I-I mean, I appreciate the thought, but...",43
scena/mp2010_07.dat:0x8d2b4,scena/mp2010_07.dat,That's not going to get me any good cards.,43
scena/mp2010_07.dat:0x8d2f3,scena/mp2010_07.dat,Heh! I wouldn't be so sure about that...,41
scena/mp2010_07.dat:0x8d32c,scena/mp2010_07.dat,being so dang cryptic?,23
scena/mp2010_07.dat:0x8d343,scena/mp2010_07.dat,"...Wait, what? Why are you",27
scena/mp2010_07.dat:0x8d372,scena/mp2010_07.dat,"Estelle, allow me to offer a little advice.",44
scena/mp2010_07.dat:0x8d3ae,scena/mp2010_07.dat,"victory, simply discard your entire hand.",42
scena/mp2010_07.dat:0x8d3d8,scena/mp2010_07.dat,If you are struggling to find the path to,42
scena/mp2010_07.dat:0x8d422,scena/mp2010_07.dat,"After all, you know what they say.",35
scena/mp2010_07.dat:0x8d454,scena/mp2010_07.dat,than salvage the frosting.',28
scena/mp2010_07.dat:0x8d470,scena/mp2010_07.dat,'It's easier to remake the cake,32
scena/mp2010_07.dat:0x8d4a0,scena/mp2010_07.dat,heard ANYONE say that.,23
scena/mp2010_07.dat:0x8d4b7,scena/mp2010_07.dat,"...Uh, I don't think I've ever",31
scena/mp2010_07.dat:0x8d4ed,scena/mp2010_07.dat,And why are you even telling me this?,38
scena/mp2010_07.dat:0x8d52a,scena/mp2010_07.dat,things might work out better that way.,39
scena/mp2010_07.dat:0x8d551,scena/mp2010_07.dat,"Oh, no reason in particular. I just thought",44
scena/mp2010_07.dat:0x8d59d,scena/mp2010_07.dat,begin the final round?,23
scena/mp2010_07.dat:0x8d5b4,scena/mp2010_07.dat,"Players, are you ready to",26
scena/mp2010_07.dat:0x8d622,scena/mp2010_07.dat,"Welp, you'd better get goin'.",30
scena/mp2010_07.dat:0x8d654,scena/mp2010_07.dat,"Best of luck to you, Estelle.",30
scena/mp2010_07.dat:0x8d68d,scena/mp2010_07.dat,"(Yeah, something's definitely up.)",35
scena/mp2010_07.dat:0x8d6ef,scena/mp2010_07.dat,"Right, exactly.",16
scena/mp2010_07.dat:0x8d75c,scena/mp2010_07.dat,be over in the next round.,27
scena/mp2010_07.dat:0x8d777,scena/mp2010_07.dat,"No matter what, this'll all",28
scena/mp2010_07.dat:0x8d7a7,scena/mp2010_07.dat,"Which means it's up to you, Schera...",38
scena/mp2010_07.dat:0x8d7f8,scena/mp2010_07.dat,But! I kinda get the feeling that,34
scena/mp2010_07.dat:0x8d835,scena/mp2010_07.dat,That would be nice...,22
scena/mp2010_07.dat:0x8d85b,scena/mp2010_07.dat,Aidios is feeling today.,25
scena/mp2010_07.dat:0x8d874,scena/mp2010_07.dat,"Well, we'll see how generous",29
scena/mp2010_07.dat:0x8d8a0,scena/mp2010_07.dat,begin the final round?,23
scena/mp2010_07.dat:0x8d8b7,scena/mp2010_07.dat,"Players, are you ready to",26
scena/mp2010_07.dat:0x8d91c,scena/mp2010_07.dat,"Ah, that's your cue.",21
scena/mp2010_07.dat:0x8d95e,scena/mp2010_07.dat,dazzling skills on display!,28
scena/mp2010_07.dat:0x8d97a,scena/mp2010_07.dat,"Go on, Schera. Put your",24
scena/mp2010_07.dat:0x8d9b2,scena/mp2010_07.dat,Hehe... Let's see if I can live up to that.,44
scena/mp2010_07.dat:0x8d9f2,scena/mp2010_07.dat,Trade everything but the pair,30
scena/mp2010_07.dat:0x8da10,scena/mp2010_07.dat,"Keep the pair, and trade 1 card",32
scena/mp2010_07.dat:0x8da31,scena/mp2010_07.dat,Play your hand,15
scena/mp2010_07.dat:0x8da41,scena/mp2010_07.dat,Play your hand,15
scena/mp2010_07.dat:0x8db0c,scena/mp2010_07.dat,...Would you like to play your hand?,37
scena/mp2010_07.dat:0x8db40,scena/mp2010_07.dat,Heh! Without question.,23
scena/mp2010_07.dat:0x8db6c,scena/mp2010_07.dat,'retreat' in MY dictionary!,28
scena/mp2010_07.dat:0x8db88,scena/mp2010_07.dat,You will not find the word,27
scena/mp2010_07.dat:0x8dbb7,scena/mp2010_07.dat,"And you, sir?",14
scena/mp2010_07.dat:0x8dbd8,scena/mp2010_07.dat,"Yeah, I'm in.",14
scena/mp2010_07.dat:0x8dc01,scena/mp2010_07.dat,"Players, if you could please reveal your hands.",48
scena/mp2010_07.dat:0x8dc93,scena/mp2010_07.dat,Ha! Two pair!,14
scena/mp2010_07.dat:0x8dd07,scena/mp2010_07.dat,Ha! A pair of fours.,21
scena/mp2010_07.dat:0x8dd34,scena/mp2010_07.dat,was a huge mistake.,20
scena/mp2010_07.dat:0x8dd48,scena/mp2010_07.dat,Hehe. Laying that down,23
scena/mp2010_07.dat:0x8dd77,scena/mp2010_07.dat,Three aces. And that's the game.,33
scena/mp2010_07.dat:0x8dd98,scena/mp2010_07.dat,<R>Read 'em and weep.,22
scena/mp2010_07.dat:0x8ddf4,scena/mp2010_07.dat,The pot goes to Mr. Filio.,27
scena/mp2010_07.dat:0x8de32,scena/mp2010_07.dat,"agreed upon, that ends the game.",33
scena/mp2010_07.dat:0x8de53,scena/mp2010_07.dat,In accordance with the rules that were,39
scena/mp2010_07.dat:0x8de8e,scena/mp2010_07.dat,"One day she's smiling upon you, and the next...",48
scena/mp2010_07.dat:0x8debe,scena/mp2010_07.dat,"Alas, fortune is a fickle mistress.",36
scena/mp2010_07.dat:0x8def6,scena/mp2010_07.dat,"Well, uh... that's a rather new sensation...",45
scena/mp2010_07.dat:0x8df32,scena/mp2010_07.dat,singed by the wrath of a vengeful star...,42
scena/mp2010_07.dat:0x8df5c,scena/mp2010_07.dat,My back feels... hot. As though I were being,45
scena/mp2010_07.dat:0x8dfd2,scena/mp2010_07.dat,"You lousy, bargain-bin bard...",31
scena/mp2010_07.dat:0x8e001,scena/mp2010_07.dat,Olivieeer...! You knew how important this was!,47
scena/mp2010_07.dat:0x8e03f,scena/mp2010_07.dat,"E-Estelle, this is not the time for violence.",46
scena/mp2010_07.dat:0x8e07d,scena/mp2010_07.dat,It's not like you have a leg to stand on here.,47
scena/mp2010_07.dat:0x8e0e1,scena/mp2010_07.dat,"before we even started playing, huh?",37
scena/mp2010_07.dat:0x8e106,scena/mp2010_07.dat,Who was complaining up a storm,31
scena/mp2010_07.dat:0x8e15e,scena/mp2010_07.dat,"Well, not entirely.",20
scena/mp2010_07.dat:0x8e172,scena/mp2010_07.dat,Our loss ain't his fault.,26
scena/mp2010_07.dat:0x8e19c,scena/mp2010_07.dat,We gotta go explain this to the client.,40
scena/mp2010_07.dat:0x8e1c4,scena/mp2010_07.dat,You can chew him out later.,28
scena/mp2010_07.dat:0x8e1ef,scena/mp2010_07.dat,"O-Oh, right... We botched the job...",37
scena/mp2010_07.dat:0x8e223,scena/mp2010_07.dat,Uuugh... I can't face her after this.,38
scena/mp2010_07.dat:0x8e259,scena/mp2010_07.dat,position to be complaining?,28
scena/mp2010_07.dat:0x8e275,scena/mp2010_07.dat,"Oh, Estelle. Are you really in any",35
scena/mp2010_07.dat:0x8e2cd,scena/mp2010_07.dat,"in the first round, remember?",30
scena/mp2010_07.dat:0x8e2eb,scena/mp2010_07.dat,You're the one who folded,26
scena/mp2010_07.dat:0x8e33e,scena/mp2010_07.dat,Olivier had no choice but to play what he had.,47
scena/mp2010_07.dat:0x8e37d,scena/mp2010_07.dat,"shouldn't be throwing stones, hm?",34
scena/mp2010_07.dat:0x8e39f,scena/mp2010_07.dat,Perhaps those in card houses,29
scena/mp2010_07.dat:0x8e3cb,scena/mp2010_07.dat,"Okay, okay, you made your point. Geez.",39
scena/mp2010_07.dat:0x8e402,scena/mp2010_07.dat,gonna break this to Lakeisha.,30
scena/mp2010_07.dat:0x8e420,scena/mp2010_07.dat,*Sigh*... I just don't know how we're,38
scena/mp2010_07.dat:0x8e473,scena/mp2010_07.dat,for not playing my hand now.,29
scena/mp2010_07.dat:0x8e490,scena/mp2010_07.dat,"Maaan, I'm really kicking myself",33
scena/mp2010_07.dat:0x8e4c1,scena/mp2010_07.dat,position to be complaining?,28
scena/mp2010_07.dat:0x8e4dd,scena/mp2010_07.dat,"Oh, Estelle. Are you really in any",35
scena/mp2010_07.dat:0x8e535,scena/mp2010_07.dat,being bad at cards before we even started?,43
scena/mp2010_07.dat:0x8e560,scena/mp2010_07.dat,Remind me. Who was the one moaning about,41
scena/mp2010_07.dat:0x8e5c2,scena/mp2010_07.dat,Our loss isn't any one person's fault.,39
scena/mp2010_07.dat:0x8e5f9,scena/mp2010_07.dat,thinking about how to explain this to the client.,50
scena/mp2010_07.dat:0x8e62b,scena/mp2010_07.dat,"If you've got energy to gripe, you're better off",49
scena/mp2010_07.dat:0x8e66b,scena/mp2010_07.dat,"O-Oh, right... We botched the job...",37
scena/mp2010_07.dat:0x8e69f,scena/mp2010_07.dat,Uuugh... I can't face her after this.,38
scena/mp2010_07.dat:0x8e858,scena/mp2010_07.dat,I see that both players are settled.,37
scena/mp2010_07.dat:0x8e891,scena/mp2010_07.dat,"Now then, let us start the last round.",39
scena/mp2010_07.dat:0x8e91d,scena/mp2010_07.dat,(Hmm... This isn't a great setup.),35
scena/mp2010_07.dat:0x8e954,scena/mp2010_07.dat,but I could try for a flush.),30
scena/mp2010_07.dat:0x8e972,scena/mp2010_07.dat,"(I can't do much with it right now,",36
scena/mp2010_07.dat:0x8e9aa,scena/mp2010_07.dat,"(But, how's Filio doing?)",26
scena/mp2010_07.dat:0x8ea03,scena/mp2010_07.dat,...No. No way! This is just unreal!,36
scena/mp2010_07.dat:0x8ea70,scena/mp2010_07.dat,"I-I mean, it's un...remarkable.",32
scena/mp2010_07.dat:0x8eaab,scena/mp2010_07.dat,"Y-Yeah. Boring, really.",24
scena/mp2010_07.dat:0x8ead3,scena/mp2010_07.dat,"I-It's too bad, this could've been great...",44
scena/mp2010_07.dat:0x8eb1f,scena/mp2010_07.dat,This probably won't end well for me.,37
scena/mp2010_07.dat:0x8eb44,scena/mp2010_07.dat,*Sigh* It's a darn shame.,26
scena/mp2010_07.dat:0x8eb95,scena/mp2010_07.dat,"(He's...not hiding it very well, is he?)",41
scena/mp2010_07.dat:0x8ebce,scena/mp2010_07.dat,"(Yep. Whatever he's got, it's good.)",37
scena/mp2010_07.dat:0x8ec03,scena/mp2010_07.dat,"(Now then, Estelle. What will you do?)",39
scena/mp2010_07.dat:0x8ec3f,scena/mp2010_07.dat,wasn't wasted on her...),25
scena/mp2010_07.dat:0x8ec58,scena/mp2010_07.dat,(Let's hope my little hint,27
scena/mp2010_07.dat:0x8ecb0,scena/mp2010_07.dat,got an awesome hand.),22
scena/mp2010_07.dat:0x8ecc6,scena/mp2010_07.dat,(...Shoot. Filio's definitely,30
scena/mp2010_07.dat:0x8ecf9,scena/mp2010_07.dat,throw down something even better.),35
scena/mp2010_07.dat:0x8ed1c,scena/mp2010_07.dat,"(Even if I DO manage a flush, he might",39
scena/mp2010_07.dat:0x8ed5b,scena/mp2010_07.dat,only thing I could put together.),34
scena/mp2010_07.dat:0x8ed7d,scena/mp2010_07.dat,"(Either way, I think a flush is the",36
scena/mp2010_07.dat:0x8edb5,scena/mp2010_07.dat,"all my cards, just like Olivier said.)",39
scena/mp2010_07.dat:0x8eddc,scena/mp2010_07.dat,"(Uuugh, I've got half a mind to ditch",38
scena/mp2010_07.dat:0x8ee17,scena/mp2010_07.dat,probably my best option.),26
scena/mp2010_07.dat:0x8ee31,scena/mp2010_07.dat,"(Well, shooting for a flush is",31
scena/mp2010_07.dat:0x8ee64,scena/mp2010_07.dat,(I probably shouldn't count on a miracle here.),48
scena/mp2010_07.dat:0x8eea8,scena/mp2010_07.dat,Would you like to exchange any of your cards?,46
scena/mp2010_07.dat:0x8eeed,scena/mp2010_07.dat,"Yep! Two, please.",18
scena/mp2010_07.dat:0x8ef19,scena/mp2010_07.dat,"...And you, sir?",17
scena/mp2010_07.dat:0x8ef41,scena/mp2010_07.dat,Oh. Just one for me.,21
scena/mp2010_07.dat:0x8effa,scena/mp2010_07.dat,"(C'mooon, diamonds!)",21
scena/mp2010_07.dat:0x8f02c,scena/mp2010_07.dat,(N-NO WAAAAY!),15
scena/mp2010_07.dat:0x8f054,scena/mp2010_07.dat,It's a perfect flush!),23
scena/mp2010_07.dat:0x8f06b,scena/mp2010_07.dat,(I seriously lucked out!,25
scena/mp2010_07.dat:0x8f0ab,scena/mp2010_07.dat,whatever she was hoping for.),30
scena/mp2010_07.dat:0x8f0c9,scena/mp2010_07.dat,(Ah. Estelle also seems to have gotten,39
scena/mp2010_07.dat:0x8f0ff,scena/mp2010_07.dat,"be a rather formidable hand, but...)",37
scena/mp2010_07.dat:0x8f124,scena/mp2010_07.dat,"(Judging by her expression, it must",36
scena/mp2010_07.dat:0x8f158,scena/mp2010_07.dat,if we couldn't tell at all.),29
scena/mp2010_07.dat:0x8f175,scena/mp2010_07.dat,(Well. It would be better,26
scena/mp2010_07.dat:0x8f1af,scena/mp2010_07.dat,be waving a massive flag.),27
scena/mp2010_07.dat:0x8f1ca,scena/mp2010_07.dat,"(Honestly, she might as well",29
scena/mp2010_07.dat:0x8f206,scena/mp2010_07.dat,"that's... a special kind of bad, yeah.)",40
scena/mp2010_07.dat:0x8f22e,scena/mp2010_07.dat,"(She said she was lousy at cards, but",38
scena/mp2010_07.dat:0x8f264,scena/mp2010_07.dat,going to mean anything if I lose.),35
scena/mp2010_07.dat:0x8f287,scena/mp2010_07.dat,"(Even if I get a flush, it's not",33
scena/mp2010_07.dat:0x8f2bc,scena/mp2010_07.dat,to try doing things Olivier's way.),36
scena/mp2010_07.dat:0x8f2e0,scena/mp2010_07.dat,(Oooh... I guess it couldn't hurt,34
scena/mp2010_07.dat:0x8f317,scena/mp2010_07.dat,Would you like to exchange any of your cards?,46
scena/mp2010_07.dat:0x8f373,scena/mp2010_07.dat,"I'd like to swap all five, thanks.",35
scena/mp2010_07.dat:0x8f3dc,scena/mp2010_07.dat,(See? I did what you suggested.),33
scena/mp2010_07.dat:0x8f41d,scena/mp2010_07.dat,"(Heh! A fine decision, my dear.)",33
scena/mp2010_07.dat:0x8f4b8,scena/mp2010_07.dat,"...And you, sir?",17
scena/mp2010_07.dat:0x8f4e0,scena/mp2010_07.dat,Oh. Just one for me.,21
scena/mp2010_07.dat:0x8f50f,scena/mp2010_07.dat,"(...U-Um, what are you doing?)",31
scena/mp2010_07.dat:0x8f5d0,scena/mp2010_07.dat,O-Oh my word...!,17
scena/mp2010_07.dat:0x8f5f5,scena/mp2010_07.dat,Wh-What on earth are you doing?!,33
scena/mp2010_07.dat:0x8f636,scena/mp2010_07.dat,simply too much for me to bear.,32
scena/mp2010_07.dat:0x8f656,scena/mp2010_07.dat,Hahaha! My apologies. The tension was,38
scena/mp2010_07.dat:0x8f691,scena/mp2010_07.dat,I was only hoping to lighten the mood.,39
scena/mp2010_07.dat:0x8f719,scena/mp2010_07.dat,(Th-This idiooot...!),22
scena/mp2010_07.dat:0x8f740,scena/mp2010_07.dat,"Sir, you have done quite enough!",33
scena/mp2010_07.dat:0x8f771,scena/mp2010_07.dat,The round cannot continue otherwise!,37
scena/mp2010_07.dat:0x8f796,scena/mp2010_07.dat,"Please, withdraw from the table!",33
scena/mp2010_07.dat:0x8f7cb,scena/mp2010_07.dat,"Alas, I see that my presence is not desired here.",50
scena/mp2010_07.dat:0x8f85f,scena/mp2010_07.dat,for trusting that lute-for-brains.),36
scena/mp2010_07.dat:0x8f883,scena/mp2010_07.dat,(...Except that I'm the bigger idiot,37
scena/mp2010_07.dat:0x8f8c1,scena/mp2010_07.dat,A-Ahem. Moving on...,21
scena/mp2010_07.dat:0x8f907,scena/mp2010_07.dat,"...You requested five cards, yes?",34
scena/mp2010_07.dat:0x8f940,scena/mp2010_07.dat,U-Uh... Yeah...,16
scena/mp2010_07.dat:0x8f96b,scena/mp2010_07.dat,"And, one for this gentleman.",29
scena/mp2010_07.dat:0x8f99f,scena/mp2010_07.dat,Heh heh... Now we're talking!,30
scena/mp2010_07.dat:0x8fa51,scena/mp2010_07.dat,"Your hands are both in order now, correct?",43
scena/mp2010_07.dat:0x8fa8b,scena/mp2010_07.dat,"Now, then...",13
scena/mp2010_07.dat:0x8faa8,scena/mp2010_07.dat,Please reveal your cards.,26
scena/mp2010_07.dat:0x8fad1,scena/mp2010_07.dat,Okay! I'd be happy to go first.,32
scena/mp2010_07.dat:0x8fb34,scena/mp2010_07.dat,Here goes...,13
scena/mp2010_07.dat:0x8fb59,scena/mp2010_07.dat,Wait for it...,15
scena/mp2010_07.dat:0x8fb7f,scena/mp2010_07.dat,Waaait for it...,17
scena/mp2010_07.dat:0x8fba7,scena/mp2010_07.dat,<S6>I got it. I really got it!,31
scena/mp2010_07.dat:0x8fbdd,scena/mp2010_07.dat,A royal flush!,15
scena/mp2010_07.dat:0x8fbec,scena/mp2010_07.dat,Read 'em and weep!,19
scena/mp2010_07.dat:0x8fc5d,scena/mp2010_07.dat,D-Did I hear that right?!,26
scena/mp2010_07.dat:0x8fc8b,scena/mp2010_07.dat,"Isn't that, like, the best hand you can get?!",46
scena/mp2010_07.dat:0x8fcc8,scena/mp2010_07.dat,That's what he's bustin' out?!,31
scena/mp2010_07.dat:0x8fce7,scena/mp2010_07.dat,"Whoa, whoa, whoa...",20
scena/mp2010_07.dat:0x8fd0a,scena/mp2010_07.dat,That ain't your average hand.,30
scena/mp2010_07.dat:0x8fd48,scena/mp2010_07.dat,would seem that we've lost.,28
scena/mp2010_07.dat:0x8fd64,scena/mp2010_07.dat,"Then, unfortunately...it",25
scena/mp2010_07.dat:0x8fd9a,scena/mp2010_07.dat,no choice but to admit defeat.,31
scena/mp2010_07.dat:0x8fdb9,scena/mp2010_07.dat,Hahaha! I suppose we have,26
scena/mp2010_07.dat:0x8fde3,scena/mp2010_07.dat,Heh heh...,11
scena/mp2010_07.dat:0x8fdfe,scena/mp2010_07.dat,"Well, I wouldn't say that just yet.",36
scena/mp2010_07.dat:0x8fe8e,scena/mp2010_07.dat,"...Miss, if you would please reveal your cards.",48
scena/mp2010_07.dat:0x8fed9,scena/mp2010_07.dat,both hands have been played.,29
scena/mp2010_07.dat:0x8fef6,scena/mp2010_07.dat,The round is not over until,28
scena/mp2010_07.dat:0x8ff21,scena/mp2010_07.dat,safe to call this one...,25
scena/mp2010_07.dat:0x8ff3a,scena/mp2010_07.dat,"N-Nah, I think it's pretty",27
scena/mp2010_07.dat:0x8ff6a,scena/mp2010_07.dat,A diamond flush.,17
scena/mp2010_07.dat:0x8ff7b,scena/mp2010_07.dat,It's just what it looks like...,32
scena/mp2010_07.dat:0x8ffb3,scena/mp2010_07.dat,Hmm... Indeed.,15
scena/mp2010_07.dat:0x8ffea,scena/mp2010_07.dat,The pot goes to Mr. Filio.,27
scena/mp2010_07.dat:0x90005,scena/mp2010_07.dat,"So, after three full rounds...",31
scena/mp2010_07.dat:0x90053,scena/mp2010_07.dat,Hahaha! And the streak continues!,34
scena/mp2010_07.dat:0x90097,scena/mp2010_07.dat,My hat's off to you!,21
scena/mp2010_07.dat:0x900ac,scena/mp2010_07.dat,"Still, you folks played a mean game.",37
scena/mp2010_07.dat:0x900f3,scena/mp2010_07.dat,*Sigh*... What a shame.,24
scena/mp2010_07.dat:0x9011f,scena/mp2010_07.dat,We almost had him.,19
scena/mp2010_07.dat:0x90132,scena/mp2010_07.dat,A cruel twist of fate.,23
scena/mp2010_07.dat:0x9015c,scena/mp2010_07.dat,your opponent's got that kinda luck.,37
scena/mp2010_07.dat:0x90181,scena/mp2010_07.dat,"Eh, not much you can do when",29
scena/mp2010_07.dat:0x9020a,scena/mp2010_07.dat,"Sorry, I totally failed.",25
scena/mp2010_07.dat:0x90237,scena/mp2010_07.dat,We got thrashed as a team.,27
scena/mp2010_07.dat:0x90252,scena/mp2010_07.dat,"Hey, you've got nothin' to apologize for.",42
scena/mp2010_07.dat:0x90290,scena/mp2010_07.dat,it all went down to the client.,32
scena/mp2010_07.dat:0x902b0,scena/mp2010_07.dat,"But, we still gotta explain how",32
scena/mp2010_07.dat:0x902e3,scena/mp2010_07.dat,"complete the request, after all.",33
scena/mp2010_07.dat:0x90304,scena/mp2010_07.dat,"O-Oh, right... We failed to",28
scena/mp2010_07.dat:0x9034d,scena/mp2010_07.dat,to tell Lakeisha we lost.,26
scena/mp2010_07.dat:0x90367,scena/mp2010_07.dat,Uuugh... I really don't want,29
scena/mp2010_07.dat:0x90394,scena/mp2010_07.dat,"I know, but that's all part of the gig.",40
scena/mp2010_07.dat:0x903dc,scena/mp2010_07.dat,...Being a bracer's not always fun and games.,46
scena/mp2010_07.dat:0x90419,scena/mp2010_07.dat,"...Right, yep, I hear you.",27
scena/mp2010_07.dat:0x90447,scena/mp2010_07.dat,"against a hand like that, but...",33
scena/mp2010_07.dat:0x90468,scena/mp2010_07.dat,Not that I think there's any point,35
scena/mp2010_07.dat:0x9049f,scena/mp2010_07.dat,"Wow, guess I got some pretty high cards...",43
scena/mp2010_07.dat:0x90532,scena/mp2010_07.dat,Is this for real...?!,22
scena/mp2010_07.dat:0x90548,scena/mp2010_07.dat,"W-Wait, hang on...",19
scena/mp2010_07.dat:0x90572,scena/mp2010_07.dat,N-No way...! Another royal flush?!,35
scena/mp2010_07.dat:0x905c5,scena/mp2010_07.dat,"...Indeed it is, miss.",23
scena/mp2010_07.dat:0x905fc,scena/mp2010_07.dat,"Moreover, since the suit is spades...",38
scena/mp2010_07.dat:0x90637,scena/mp2010_07.dat,It trumps Mr. Filio's hand.,28
scena/mp2010_07.dat:0x90667,scena/mp2010_07.dat,Wh-What?! Th-That's impossible!,32
scena/mp2010_07.dat:0x906a2,scena/mp2010_07.dat,The pot goes to the trio.,26
scena/mp2010_07.dat:0x906bc,scena/mp2010_07.dat,"So, after three full rounds...",31
scena/mp2010_07.dat:0x906f0,scena/mp2010_07.dat,W-We did it...!,16
scena/mp2010_07.dat:0x9070f,scena/mp2010_07.dat,We won!,8
scena/mp2010_07.dat:0x90738,scena/mp2010_07.dat,Woohoo! We're the champs!,26
scena/mp2010_07.dat:0x90767,scena/mp2010_07.dat,"...Your winnings, miss. Please take them.",42
scena/mp2010_07.dat:0x907b8,scena/mp2010_07.dat,"<C1>Received 2,000 mira.",25
scena/mp2010_07.dat:0x9080f,scena/mp2010_07.dat,W-We won...?,13
scena/mp2010_07.dat:0x9082b,scena/mp2010_07.dat,dramatic turn of events!,25
scena/mp2010_07.dat:0x90844,scena/mp2010_07.dat,Hahaha! What a marvelously,27
scena/mp2010_07.dat:0x908bb,scena/mp2010_07.dat,"I-Is something the matter, Agate?",34
scena/mp2010_07.dat:0x9090b,scena/mp2010_07.dat,"...Huh. Yeah, that WAS a good show.",36
scena/mp2010_07.dat:0x9093f,scena/mp2010_07.dat,"you managed to slip in there, too.",35
scena/mp2010_07.dat:0x90962,scena/mp2010_07.dat,Pretty entertaining song and dance,35
scena/mp2010_07.dat:0x90994,scena/mp2010_07.dat,"Haha! Why, whatever could you be referring to?",47
scena/mp2010_07.dat:0x909d8,scena/mp2010_07.dat,Forget it... I'll pretend I didn't see anything.,49
scena/mp2010_07.dat:0x90a25,scena/mp2010_07.dat,got us the win and all.,24
scena/mp2010_07.dat:0x90a3d,scena/mp2010_07.dat,Since that whole production,28
scena/mp2010_07.dat:0x90a74,scena/mp2010_07.dat,Haha... I do aim to please.,28
scena/mp2010_07.dat:0x90b4b,scena/mp2010_07.dat,"U-Uh, what's with the staring contest?",39
scena/mp2010_07.dat:0x90bb5,scena/mp2010_07.dat,Heh! Isn't it obvious?,23
scena/mp2010_07.dat:0x90bdc,scena/mp2010_07.dat,"his eyes away from me during the game, he said.",48
scena/mp2010_07.dat:0x90c0c,scena/mp2010_07.dat,Agate here is simply smitten. Couldn't tear,44
scena/mp2010_07.dat:0x90c54,scena/mp2010_07.dat, Not like that!,16
scena/mp2010_07.dat:0x90c7f,scena/mp2010_07.dat,the hotter it burns.,21
scena/mp2010_07.dat:0x90c94,scena/mp2010_07.dat,"Hahaha! The harder you smother desire,",39
scena/mp2010_07.dat:0x90d3d,scena/mp2010_07.dat,"...Eugh, that gave me chills...",32
scena/mp2010_07.dat:0x90d72,scena/mp2010_07.dat,H-Hey! Don't listen to him!,28
scena/mp2010_07.dat:0x90dd9,scena/mp2010_07.dat,Like reporting this win to the client!,39
scena/mp2010_07.dat:0x90e00,scena/mp2010_07.dat,"C-C'mon, we got work to do!",28
scena/mp2010_07.dat:0x90e46,scena/mp2010_07.dat,Try for a diamond flush,24
scena/mp2010_07.dat:0x90e5e,scena/mp2010_07.dat,Discard your entire hand,25
scena/mp2010_07.dat:0x90feb,scena/mp2010_07.dat,I see that both players are settled.,37
scena/mp2010_07.dat:0x91024,scena/mp2010_07.dat,"Now then, let us start the last round.",39
scena/mp2010_07.dat:0x910b0,scena/mp2010_07.dat,"(Hmm, interesting...)",22
scena/mp2010_07.dat:0x910da,scena/mp2010_07.dat,aim for the best hand in the game?),36
scena/mp2010_07.dat:0x910fe,scena/mp2010_07.dat,(Should I throw caution to the wind and,40
scena/mp2010_07.dat:0x9113a,scena/mp2010_07.dat,"(Ah, but... How's my opponent doing?)",38
scena/mp2010_07.dat:0x911ab,scena/mp2010_07.dat,...No. No way! This is just unreal!,36
scena/mp2010_07.dat:0x91218,scena/mp2010_07.dat,"I-I mean, it's un...remarkable.",32
scena/mp2010_07.dat:0x91253,scena/mp2010_07.dat,"Y-Yeah. Boring, really.",24
scena/mp2010_07.dat:0x9127b,scena/mp2010_07.dat,"I-It's too bad, this could've been great...",44
scena/mp2010_07.dat:0x912c7,scena/mp2010_07.dat,This probably won't end well for me.,37
scena/mp2010_07.dat:0x912ec,scena/mp2010_07.dat,*Sigh* It's a darn shame.,26
scena/mp2010_07.dat:0x9133d,scena/mp2010_07.dat,"(He's...not hiding it very well, is he?)",41
scena/mp2010_07.dat:0x91376,scena/mp2010_07.dat,"(Okay, so you just KNOW his hand's good.)",42
scena/mp2010_07.dat:0x913b0,scena/mp2010_07.dat,"(Now then, Schera. How will you proceed?)",42
scena/mp2010_07.dat:0x91416,scena/mp2010_07.dat,to say that he's holding some impressive cards.),49
scena/mp2010_07.dat:0x91447,scena/mp2010_07.dat,"(Judging by that little scene, it's probably safe",50
scena/mp2010_07.dat:0x9148f,scena/mp2010_07.dat,is more than likely going to get beaten.),42
scena/mp2010_07.dat:0x914b9,scena/mp2010_07.dat,"(So, I should assume that anything basic",41
scena/mp2010_07.dat:0x914f8,scena/mp2010_07.dat,the line and aim for a royal flush?),37
scena/mp2010_07.dat:0x9151d,scena/mp2010_07.dat,"(In that case, should I put it all on",38
scena/mp2010_07.dat:0x91558,scena/mp2010_07.dat,I could be left with nothing.),31
scena/mp2010_07.dat:0x91577,scena/mp2010_07.dat,"(But, if I split up my pair of aces,",37
scena/mp2010_07.dat:0x915b2,scena/mp2010_07.dat,"(...Right, I've made up my mind.)",34
scena/mp2010_07.dat:0x915e9,scena/mp2010_07.dat,Would you like to exchange any of your cards?,46
scena/mp2010_07.dat:0x9162e,scena/mp2010_07.dat,"Three, please.",15
scena/mp2010_07.dat:0x91658,scena/mp2010_07.dat,Oh. Just one for me.,21
scena/mp2010_07.dat:0x91713,scena/mp2010_07.dat,(Let's see...),15
scena/mp2010_07.dat:0x9173f,scena/mp2010_07.dat,(Hm. Still just the one pair.),31
scena/mp2010_07.dat:0x91772,scena/mp2010_07.dat,I could make it is three of a kind.),37
scena/mp2010_07.dat:0x91797,scena/mp2010_07.dat,"(Even with my trump card, the best",35
scena/mp2010_07.dat:0x917cf,scena/mp2010_07.dat,but time will soon tell...),28
scena/mp2010_07.dat:0x917eb,scena/mp2010_07.dat,"(Which might be enough,",24
scena/mp2010_07.dat:0x91818,scena/mp2010_07.dat,Would you like to exchange any of your cards?,46
scena/mp2010_07.dat:0x9185d,scena/mp2010_07.dat,"Two, please.",13
scena/mp2010_07.dat:0x91885,scena/mp2010_07.dat,"...And you, sir?",17
scena/mp2010_07.dat:0x918ad,scena/mp2010_07.dat,Oh. Just one for me.,21
scena/mp2010_07.dat:0x91968,scena/mp2010_07.dat,(Let's see...),15
scena/mp2010_07.dat:0x91994,scena/mp2010_07.dat,"(...There, just what I was hoping for.)",40
scena/mp2010_07.dat:0x919d0,scena/mp2010_07.dat,(I'm only one card short.),27
scena/mp2010_07.dat:0x91a00,scena/mp2010_07.dat,my skills haven't gotten rusty.),33
scena/mp2010_07.dat:0x91a21,scena/mp2010_07.dat,(Alright... Here's hoping that,31
scena/mp2010_07.dat:0x91ad9,scena/mp2010_07.dat,"Your hands are both in order now, correct?",43
scena/mp2010_07.dat:0x91b13,scena/mp2010_07.dat,"Now, then...",13
scena/mp2010_07.dat:0x91b30,scena/mp2010_07.dat,Please reveal your cards.,26
scena/mp2010_07.dat:0x91b59,scena/mp2010_07.dat,Okay! I'd be happy to go first.,32
scena/mp2010_07.dat:0x91bbc,scena/mp2010_07.dat,Here goes...,13
scena/mp2010_07.dat:0x91be1,scena/mp2010_07.dat,Wait for it...,15
scena/mp2010_07.dat:0x91c07,scena/mp2010_07.dat,Waaait for it...,17
scena/mp2010_07.dat:0x91c2f,scena/mp2010_07.dat,<S6>I got it. I really got it!,31
scena/mp2010_07.dat:0x91c65,scena/mp2010_07.dat,A royal flush!,15
scena/mp2010_07.dat:0x91c74,scena/mp2010_07.dat,Read 'em and weep!,19
scena/mp2010_07.dat:0x91d25,scena/mp2010_07.dat,D-Did I hear that right?!,26
scena/mp2010_07.dat:0x91d4e,scena/mp2010_07.dat,"Isn't that, like, the best hand you can get?!",46
scena/mp2010_07.dat:0x91d96,scena/mp2010_07.dat,This is not good...,20
scena/mp2010_07.dat:0x91df5,scena/mp2010_07.dat,"...Miss, if you would please reveal your cards.",48
scena/mp2010_07.dat:0x91e40,scena/mp2010_07.dat,both hands have been played.,29
scena/mp2010_07.dat:0x91e5d,scena/mp2010_07.dat,The round is not over until,28
scena/mp2010_07.dat:0x91e88,scena/mp2010_07.dat,"True, but I'd consider this game finished.",43
scena/mp2010_07.dat:0x91ec8,scena/mp2010_07.dat,I've only got a pair of aces.,30
scena/mp2010_07.dat:0x91efe,scena/mp2010_07.dat,Hmm... Indeed.,15
scena/mp2010_07.dat:0x91f35,scena/mp2010_07.dat,The pot goes to Mr. Filio.,27
scena/mp2010_07.dat:0x91f50,scena/mp2010_07.dat,"So, after three full rounds...",31
scena/mp2010_07.dat:0x91f9e,scena/mp2010_07.dat,Hahaha! And the streak continues!,34
scena/mp2010_07.dat:0x91fe2,scena/mp2010_07.dat,My hat's off to you!,21
scena/mp2010_07.dat:0x91ff7,scena/mp2010_07.dat,"Still, you folks played a mean game.",37
scena/mp2010_07.dat:0x9203e,scena/mp2010_07.dat,*Sigh*... What a shame.,24
scena/mp2010_07.dat:0x9206a,scena/mp2010_07.dat,I thought we truly had a chance.,33
scena/mp2010_07.dat:0x9208b,scena/mp2010_07.dat,"Mhm, an absolute tragedy.",26
scena/mp2010_07.dat:0x92110,scena/mp2010_07.dat,"Sorry, I let us all down.",26
scena/mp2010_07.dat:0x9213f,scena/mp2010_07.dat,couldn't bring myself to take the plunge.,42
scena/mp2010_07.dat:0x92169,scena/mp2010_07.dat,"I might've been able to top him, but I",39
scena/mp2010_07.dat:0x921a4,scena/mp2010_07.dat,then none of us could've.,26
scena/mp2010_07.dat:0x921be,scena/mp2010_07.dat,"Nah, if you couldn't swing it,",31
scena/mp2010_07.dat:0x921f2,scena/mp2010_07.dat,"this request, though.",22
scena/mp2010_07.dat:0x92208,scena/mp2010_07.dat,We officially bombed,21
scena/mp2010_07.dat:0x9223e,scena/mp2010_07.dat,break that to Lakeisha?,24
scena/mp2010_07.dat:0x92256,scena/mp2010_07.dat,Uuugh... How are we gonna,26
scena/mp2010_07.dat:0x92285,scena/mp2010_07.dat,"But, we still have to give her the news.",41
scena/mp2010_07.dat:0x922ae,scena/mp2010_07.dat,"There's no good way to do it, honestly.",40
scena/mp2010_07.dat:0x922f6,scena/mp2010_07.dat,"Well, that's one of the tougher parts of the job.",50
scena/mp2010_07.dat:0x92337,scena/mp2010_07.dat,Heh! Exactly.,14
scena/mp2010_07.dat:0x9236d,scena/mp2010_07.dat,"Pfft, you're just delaying the inevitable.",43
scena/mp2010_07.dat:0x923ac,scena/mp2010_07.dat,I've already got the best possible hand!,41
scena/mp2010_07.dat:0x923f7,scena/mp2010_07.dat,"Oh, but is it...?",18
scena/mp2010_07.dat:0x924de,scena/mp2010_07.dat,What is it?,12
scena/mp2010_07.dat:0x924f9,scena/mp2010_07.dat,"I-I swear, I just saw Schera...",32
scena/mp2010_07.dat:0x9256c,scena/mp2010_07.dat,Probably just my imagination.,30
scena/mp2010_07.dat:0x9258a,scena/mp2010_07.dat,...N-Nope. Never mind.,23
scena/mp2010_07.dat:0x925c5,scena/mp2010_07.dat,While that hand would usually reign supreme...,47
scena/mp2010_07.dat:0x9260c,scena/mp2010_07.dat,are ranked in this game?,25
scena/mp2010_07.dat:0x92625,scena/mp2010_07.dat,Have you forgotten that the suits,34
scena/mp2010_07.dat:0x9265f,scena/mp2010_07.dat,isn't quite at the pinnacle.,29
scena/mp2010_07.dat:0x9267c,scena/mp2010_07.dat,Which means that your hand,27
scena/mp2010_07.dat:0x926bb,scena/mp2010_07.dat,"say, another royal flush.",26
scena/mp2010_07.dat:0x926d5,scena/mp2010_07.dat,"It could be overthrown by,",27
scena/mp2010_07.dat:0x92708,scena/mp2010_07.dat,of spades has seen fit to crown me instead!,44
scena/mp2010_07.dat:0x92734,scena/mp2010_07.dat,"And, rather unfortunately for you... The queen",47
scena/mp2010_07.dat:0x92794,scena/mp2010_07.dat,N-No way!,10
scena/mp2010_07.dat:0x927b2,scena/mp2010_07.dat,...It seems that was indeed the case.,38
scena/mp2010_07.dat:0x927ef,scena/mp2010_07.dat,"Moreover, since the suit is spades...",38
scena/mp2010_07.dat:0x9282a,scena/mp2010_07.dat,It trumps Mr. Filio's hand.,28
scena/mp2010_07.dat:0x9285a,scena/mp2010_07.dat,Wh-What?! Th-That's impossible!,32
scena/mp2010_07.dat:0x92895,scena/mp2010_07.dat,The pot goes to the trio.,26
scena/mp2010_07.dat:0x928af,scena/mp2010_07.dat,"So, after three full rounds...",31
scena/mp2010_07.dat:0x928e3,scena/mp2010_07.dat,"Phew, what a match...",22
scena/mp2010_07.dat:0x92940,scena/mp2010_07.dat,"...Your winnings, miss. Please take them.",42
scena/mp2010_07.dat:0x92985,scena/mp2010_07.dat,"<C1>Received 2,000 mira.",25
scena/mp2010_07.dat:0x929ad,scena/mp2010_07.dat,"Ahaha...! W-Wow, we actually won!",34
scena/mp2010_07.dat:0x929e4,scena/mp2010_07.dat,I-I almost can't believe it...,31
scena/mp2010_07.dat:0x92a17,scena/mp2010_07.dat,dramatic turn of events!,25
scena/mp2010_07.dat:0x92a30,scena/mp2010_07.dat,Hahaha! What a marvelously,27
scena/mp2010_07.dat:0x92acd,scena/mp2010_07.dat,"Great job, Schera!",19
scena/mp2010_07.dat:0x92b2f,scena/mp2010_07.dat,"Like, you pulled that whole round right back!",46
scena/mp2010_07.dat:0x92b6d,scena/mp2010_07.dat,Heh! A fine display of your skills.,36
scena/mp2010_07.dat:0x92bab,scena/mp2010_07.dat,"so I was a little nervous, but...",34
scena/mp2010_07.dat:0x92bcd,scena/mp2010_07.dat,"It's been ages since I've pulled a move like that,",51
scena/mp2010_07.dat:0x92c14,scena/mp2010_07.dat,"Well, what matters is that no one noticed.",43
scena/mp2010_07.dat:0x92c52,scena/mp2010_07.dat,Huh? What're you talking about?,32
scena/mp2010_07.dat:0x92c81,scena/mp2010_07.dat,"Why, simply some trade secrets.",32
scena/mp2010_07.dat:0x92cb6,scena/mp2010_07.dat,D-Does that mean...,20
scena/mp2010_07.dat:0x92d0a,scena/mp2010_07.dat,......You didn't?!,19
scena/mp2010_07.dat:0x92d46,scena/mp2010_07.dat,Hm? Didn't you notice?,23
scena/mp2010_07.dat:0x92d78,scena/mp2010_07.dat,would see right through me.,28
scena/mp2010_07.dat:0x92d94,scena/mp2010_07.dat,I was so sure that you and Olivier,35
scena/mp2010_07.dat:0x92dd6,scena/mp2010_07.dat,No. Freaking. Way.,19
scena/mp2010_07.dat:0x92e01,scena/mp2010_07.dat,"I thought something was up, but...",35
scena/mp2010_07.dat:0x92e3b,scena/mp2010_07.dat,"Heh! Well, it takes a fox to beat one.",39
scena/mp2010_07.dat:0x92e81,scena/mp2010_07.dat,and gave the client the good news.,35
scena/mp2010_07.dat:0x92ea4,scena/mp2010_07.dat,"...And on that note, it's high time we went",44
scena/mp2010_07.dat:0x92edf,scena/mp2010_07.dat,but I'd rather not linger.,27
scena/mp2010_07.dat:0x92efa,scena/mp2010_07.dat,"I doubt anyone else saw it,",28
scena/mp2010_07.dat:0x92f26,scena/mp2010_07.dat,"R-Right, good call.",20
scena/mp2010_07.dat:0x92f4a,scena/mp2010_07.dat,"C'mon, let's go!",17
scena/mp2010_07.dat:0x92f8a,scena/mp2010_07.dat,Trade everything but the aces,30
scena/mp2010_07.dat:0x92fa8,scena/mp2010_07.dat,Trade everything but the spades,32
scena/mp2010_07.dat:0x92fd3,scena/mp2010_07.dat,Y-You did...?!,15
scena/mp2010_07.dat:0x92ff1,scena/mp2010_07.dat,You actually broke my husband's winning streak?!,49
scena/mp2010_07.dat:0x93031,scena/mp2010_07.dat,but we pulled through in the end.,34
scena/mp2010_07.dat:0x93053,scena/mp2010_07.dat,"Yep! It wasn't easy,",21
scena/mp2010_07.dat:0x93083,scena/mp2010_07.dat,Here's your money back.,24
scena/mp2010_07.dat:0x930aa,scena/mp2010_07.dat,"We managed to double that 1,000 mira you gave us.",50
scena/mp2010_07.dat:0x930eb,scena/mp2010_07.dat,"Here, your gambling funds.",27
scena/mp2010_07.dat:0x93115,scena/mp2010_07.dat,"We doubled the money, so it's 2,000 mira now.",46
scena/mp2010_07.dat:0x93152,scena/mp2010_07.dat,"Oh, no. It's fine, you can keep it.",36
scena/mp2010_07.dat:0x9318a,scena/mp2010_07.dat,since the actual reward is so low.,35
scena/mp2010_07.dat:0x931ad,scena/mp2010_07.dat,"Consider it a bonus,",21
scena/mp2010_07.dat:0x931e3,scena/mp2010_07.dat,Huh? You're sure?,18
scena/mp2010_07.dat:0x93220,scena/mp2010_07.dat,"I mean, not that I'm complaining, but...",41
scena/mp2010_07.dat:0x93258,scena/mp2010_07.dat,"Because, honestly?",19
scena/mp2010_07.dat:0x9326b,scena/mp2010_07.dat,Did we really do enough?,25
scena/mp2010_07.dat:0x93294,scena/mp2010_07.dat,Filio didn't look too put out by that loss.,44
scena/mp2010_07.dat:0x932db,scena/mp2010_07.dat,"Oh, I'll leave the rest up to the casino.",42
scena/mp2010_07.dat:0x93319,scena/mp2010_07.dat,I expect they'll capitalize on this.,37
scena/mp2010_07.dat:0x9333e,scena/mp2010_07.dat,"They're professionals, after all.",34
scena/mp2010_07.dat:0x93373,scena/mp2010_07.dat,Heh! You can count on that.,28
scena/mp2010_07.dat:0x9339f,scena/mp2010_07.dat,"So, we're gonna head out.",26
scena/mp2010_07.dat:0x933b9,scena/mp2010_07.dat,"Well, it sounds like you've got this.",38
scena/mp2010_07.dat:0x933ee,scena/mp2010_07.dat,"We're all good here, right?",28
scena/mp2010_07.dat:0x93419,scena/mp2010_07.dat,"Haha! Oh, without question.",28
scena/mp2010_07.dat:0x93445,scena/mp2010_07.dat,time for us to get going.,26
scena/mp2010_07.dat:0x9345f,scena/mp2010_07.dat,"So, on that note, it's about",29
scena/mp2010_07.dat:0x9348b,scena/mp2010_07.dat,...Unless you have any other concerns?,39
scena/mp2010_07.dat:0x934c1,scena/mp2010_07.dat,plenty to move things along.,29
scena/mp2010_07.dat:0x934de,scena/mp2010_07.dat,"No, go right ahead. You've done",32
scena/mp2010_07.dat:0x9351d,scena/mp2010_07.dat,slightly ridiculous request so seriously.,42
scena/mp2010_07.dat:0x93547,scena/mp2010_07.dat,"Honestly, I'm impressed that you took this",43
scena/mp2010_07.dat:0x93581,scena/mp2010_07.dat,...I'm definitely a bigger fan of bracers now.,47
scena/mp2010_07.dat:0x935c5,scena/mp2010_07.dat,"Hehe, thanks!",14
scena/mp2010_07.dat:0x935e3,scena/mp2010_07.dat,at whatever comes our way!,27
scena/mp2010_07.dat:0x935fe,scena/mp2010_07.dat,We'll keep working hard,24
scena/mp2010_07.dat:0x93625,scena/mp2010_07.dat,sure to let you know.,22
scena/mp2010_07.dat:0x9363b,scena/mp2010_07.dat,"If anything else comes up, I'll be",35
scena/mp2010_07.dat:0x93672,scena/mp2010_07.dat,"Hey, anytime.",14
scena/mp2010_07.dat:0x9369f,scena/mp2010_07.dat,Of course. Don't hesitate to ask.,34
scena/mp2010_07.dat:0x9372e,scena/mp2010_07.dat,"...So, I hate to say it, but...",32
scena/mp2010_07.dat:0x9375e,scena/mp2010_07.dat,couldn't cut it this time.,27
scena/mp2010_07.dat:0x93779,scena/mp2010_07.dat,We lost. Our best just,23
scena/mp2010_07.dat:0x937b1,scena/mp2010_07.dat,"We're really, really sorry.",28
scena/mp2010_07.dat:0x937dd,scena/mp2010_07.dat,"Yep, there are no excuses.",27
scena/mp2010_07.dat:0x93808,scena/mp2010_07.dat,our league this time.,22
scena/mp2010_07.dat:0x9381e,scena/mp2010_07.dat,We were way out of,19
scena/mp2010_07.dat:0x93840,scena/mp2010_07.dat,We have no excuses.,20
scena/mp2010_07.dat:0x93864,scena/mp2010_07.dat,out of our depth here.,23
scena/mp2010_07.dat:0x9387b,scena/mp2010_07.dat,We were considerably,21
scena/mp2010_07.dat:0x9389f,scena/mp2010_07.dat,"Ah, so he lives to gamble another day...",41
scena/mp2010_07.dat:0x938d8,scena/mp2010_07.dat,"After all, luck is a huge element.",35
scena/mp2010_07.dat:0x938fb,scena/mp2010_07.dat,"Well, that's alright. These things happen.",43
scena/mp2010_07.dat:0x93935,scena/mp2010_07.dat,been able to find a way around that.,37
scena/mp2010_07.dat:0x9395a,scena/mp2010_07.dat,"Though, I'd hoped that bracers would have",42
scena/mp2010_07.dat:0x939a4,scena/mp2010_07.dat,W-We're so sorry...,20
scena/mp2010_07.dat:0x939cd,scena/mp2010_07.dat,to stop your husband through our own merits...,47
scena/mp2010_07.dat:0x939fc,scena/mp2010_07.dat,Alas! While it is true that we were not able,45
scena/mp2010_07.dat:0x93a3e,scena/mp2010_07.dat,spend much longer fretting about him.,38
scena/mp2010_07.dat:0x93a64,scena/mp2010_07.dat,I'm quite confident that you will not,38
scena/mp2010_07.dat:0x93ac5,scena/mp2010_07.dat,Hm? What makes you say that?,29
scena/mp2010_07.dat:0x93af1,scena/mp2010_07.dat,"C-C'mon, Olivier. That's a bit much...",39
scena/mp2010_07.dat:0x93b27,scena/mp2010_07.dat,"Nah, let him finish.",21
scena/mp2010_07.dat:0x93b56,scena/mp2010_07.dat,"I wanna hear the rest of this one, too.",40
scena/mp2010_07.dat:0x93b8d,scena/mp2010_07.dat,"No, no. Let him finish.",24
scena/mp2010_07.dat:0x93bbf,scena/mp2010_07.dat,"I'd like to hear where he's going with this, too.",50
scena/mp2010_07.dat:0x93c00,scena/mp2010_07.dat,I-If you say so...,19
scena/mp2010_07.dat:0x93c2d,scena/mp2010_07.dat,in place to deal with nuisance players.,40
scena/mp2010_07.dat:0x93c55,scena/mp2010_07.dat,"Now, most casinos have a contingency plan",42
scena/mp2010_07.dat:0x93c99,scena/mp2010_07.dat,one that would not normally be out on the floor.,49
scena/mp2010_07.dat:0x93cca,scena/mp2010_07.dat,"That is to say, a wickedly capable dealer,",43
scena/mp2010_07.dat:0x93d0e,scena/mp2010_07.dat,Judging by what I saw on our excursion...,42
scena/mp2010_07.dat:0x93d58,scena/mp2010_07.dat,that particular fail-safe just yet.,36
scena/mp2010_07.dat:0x93d7c,scena/mp2010_07.dat,The casino has not seen fit to deploy,38
scena/mp2010_07.dat:0x93dbd,scena/mp2010_07.dat,is just waiting in the wings?,30
scena/mp2010_07.dat:0x93ddb,scena/mp2010_07.dat,"So, you're sayin' that this hotshot",36
scena/mp2010_07.dat:0x93e16,scena/mp2010_07.dat,hasn't made an appearance yet?,31
scena/mp2010_07.dat:0x93e35,scena/mp2010_07.dat,So their secret weapon,23
scena/mp2010_07.dat:0x93e63,scena/mp2010_07.dat,they'll release them sooner rather than later.,47
scena/mp2010_07.dat:0x93e92,scena/mp2010_07.dat,"Yes. After our rather dramatic loss, I expect",46
scena/mp2010_07.dat:0x93edd,scena/mp2010_07.dat,"...A living trump card, huh?",29
scena/mp2010_07.dat:0x93f11,scena/mp2010_07.dat,"a nice, tidy ending to all this...",35
scena/mp2010_07.dat:0x93f34,scena/mp2010_07.dat,*Sigh*... While that sounds like,33
scena/mp2010_07.dat:0x93f96,scena/mp2010_07.dat,that too good to be true?,26
scena/mp2010_07.dat:0x93fb0,scena/mp2010_07.dat,"Can I really believe him, or is",32
scena/mp2010_07.dat:0x9401f,scena/mp2010_07.dat,W-Weeeeeell... I don't know.,29
scena/mp2010_07.dat:0x9404c,scena/mp2010_07.dat,I think you'll have to be the judge of that.,45
scena/mp2010_07.dat:0x94088,scena/mp2010_07.dat,"I suppose I'll wait a little while longer, then.",49
scena/mp2010_07.dat:0x940dc,scena/mp2010_07.dat,like this gentleman said.,26
scena/mp2010_07.dat:0x940f6,scena/mp2010_07.dat,Things might turn out just,27
scena/mp2010_07.dat:0x9413f,scena/mp2010_07.dat,"That's that, then. We're gonna head out.",41
scena/mp2010_07.dat:0x94183,scena/mp2010_07.dat,Sorry again for the botched request.,37
scena/mp2010_07.dat:0x941b7,scena/mp2010_07.dat,"Well, that's all we can do here, so we'll be off.",50
scena/mp2010_07.dat:0x94204,scena/mp2010_07.dat,We're sorry we couldn't bring you better news.,47
scena/mp2010_07.dat:0x94242,scena/mp2010_07.dat,"Oh, I have no doubts that you did your best.",45
scena/mp2010_07.dat:0x9427e,scena/mp2010_07.dat,sure to let you bracers know.,30
scena/mp2010_07.dat:0x9429c,scena/mp2010_07.dat,"If anything else comes up, I'll be",35
scena/mp2010_07.dat:0x942cf,scena/mp2010_07.dat,"Yep, please do! Anytime!",25
scena/mp2010_07.dat:0x9430b,scena/mp2010_07.dat,The Heart of Gambling,22
scena/mp2010_07.dat:0x94321,scena/mp2010_07.dat,<C1>Lavantar Casino & Bar,26
scena/mp2010_07.dat:0x9433b,scena/mp2010_07.dat,Thrills and excitement await!,30
scena/mp2010_07.dat:0x94359,scena/mp2010_07.dat,Lavantar Casino & Bar,22
scena/mp2010_07.dat:0x9436f,scena/mp2010_07.dat,<C1>Grand reopening!,21
scena/mp2010_07.dat:0x9439f,scena/mp2010_07.dat,It doesn't seem to be working right now.,41
scena/mp2010_07.dat:0x943c8,scena/mp2010_07.dat,<C1>There's an orbal-powered slot machine.,43
scena/mp2010_07.dat:0x94414,scena/mp2010_07.dat,Play one-medal slots,21
scena/mp2010_07.dat:0x94429,scena/mp2010_07.dat,Not right now,14
scena/mp2010_07.dat:0x944b7,scena/mp2010_07.dat,It doesn't seem to be working right now.,41
scena/mp2010_07.dat:0x944e0,scena/mp2010_07.dat,<C1>There's an orbal-powered slot machine.,43
scena/mp2010_07.dat:0x9452c,scena/mp2010_07.dat,Play ten-medal slots,21
scena/mp2010_07.dat:0x94541,scena/mp2010_07.dat,Not right now,14
scena/mp2010_07.dat:0x94562,scena/mp2010_07.dat,Play ten-medal slots,21
scena/mp2010_07.dat:0x94577,scena/mp2010_07.dat,Play twenty-medal slots,24
scena/mp2010_07.dat:0x9458f,scena/mp2010_07.dat,Not right now,14
