offset,file,text_en,byte_budget
scena/mp2000_ev.dat:0x10399d,scena/mp2000_ev.dat,@& #,5
scena/mp2000_ev.dat:0x1101e8,scena/mp2000_ev.dat, &D-,5
scena/mp2000_ev.dat:0x110f9d,scena/mp2000_ev.dat, &y.,5
scena/mp2000_ev.dat:0x13cb1e,scena/mp2000_ev.dat,@& a,5
scena/mp2000_ev.dat:0x1d61f3,scena/mp2000_ev.dat,City of Ruan,13
scena/mp2000_ev.dat:0x1d62ac,scena/mp2000_ev.dat,"Lloyd, is that you?!",21
scena/mp2000_ev.dat:0x1d62e9,scena/mp2000_ev.dat,"Well, well, it's you guys.",27
scena/mp2000_ev.dat:0x1d6318,scena/mp2000_ev.dat,How's it going? Did you try out the rod yet?,45
scena/mp2000_ev.dat:0x1d6354,scena/mp2000_ev.dat,"No, 'fraid not.",16
scena/mp2000_ev.dat:0x1d6379,scena/mp2000_ev.dat,I've been kinda busy.,22
scena/mp2000_ev.dat:0x1d63a3,scena/mp2000_ev.dat,Oh well. It happens.,21
scena/mp2000_ev.dat:0x1d63d7,scena/mp2000_ev.dat,I can show you a good spot just round the corner.,50
scena/mp2000_ev.dat:0x1d6425,scena/mp2000_ev.dat,It's really not far.,21
scena/mp2000_ev.dat:0x1d645a,scena/mp2000_ev.dat,Really? Sure!,14
scena/mp2000_ev.dat:0x1d6499,scena/mp2000_ev.dat,the Ravens about that ghost sighting?,38
scena/mp2000_ev.dat:0x1d64bf,scena/mp2000_ev.dat,"...Hey, aren't we supposed to be asking",40
scena/mp2000_ev.dat:0x1d6502,scena/mp2000_ev.dat,the Ravens about that ghost sighting?,38
scena/mp2000_ev.dat:0x1d6528,scena/mp2000_ev.dat,Weren't we supposed to be going to ask,39
scena/mp2000_ev.dat:0x1d6589,scena/mp2000_ev.dat,"Yeah, yeah, I know.",20
scena/mp2000_ev.dat:0x1d65b1,scena/mp2000_ev.dat,"It won't take long, though.",28
scena/mp2000_ev.dat:0x1d660d,scena/mp2000_ev.dat,"Okay, I guess... Let's make it snappy, okay?",45
scena/mp2000_ev.dat:0x1d666b,scena/mp2000_ev.dat,"I'll tag along, too.",21
scena/mp2000_ev.dat:0x1d6680,scena/mp2000_ev.dat,"Hehe, looks like your mind's made up.",38
scena/mp2000_ev.dat:0x1d66cb,scena/mp2000_ev.dat,No need to worry. We'll be done in no time.,44
scena/mp2000_ev.dat:0x1d6707,scena/mp2000_ev.dat,Okay then. Just follow me.,27
scena/mp2000_ev.dat:0x1d6770,scena/mp2000_ev.dat,So this is the spot?,21
scena/mp2000_ev.dat:0x1d67a5,scena/mp2000_ev.dat,Yep. Look at the surface of the water.,39
scena/mp2000_ev.dat:0x1d6800,scena/mp2000_ev.dat,Do you see the ripples?,24
scena/mp2000_ev.dat:0x1d682c,scena/mp2000_ev.dat,That means that there are fish under the surface.,50
scena/mp2000_ev.dat:0x1d6872,scena/mp2000_ev.dat,good look. You'll usually spot some.,37
scena/mp2000_ev.dat:0x1d6897,scena/mp2000_ev.dat,"Whenever you're by the water, take a",37
scena/mp2000_ev.dat:0x1d68d0,scena/mp2000_ev.dat,Okay. So I just need to check out the surface.,47
scena/mp2000_ev.dat:0x1d6912,scena/mp2000_ev.dat,"Yep, that's how to find a good spot.",37
scena/mp2000_ev.dat:0x1d694b,scena/mp2000_ev.dat,And I'd also like to give you this.,36
scena/mp2000_ev.dat:0x1d698a,scena/mp2000_ev.dat, x5.,5
scena/mp2000_ev.dat:0x1d698f,scena/mp2000_ev.dat,Received ,10
scena/mp2000_ev.dat:0x1d69a8,scena/mp2000_ev.dat,This is bait to use when you're fishing.,41
scena/mp2000_ev.dat:0x1d69e1,scena/mp2000_ev.dat,so you have to get hold of it yourself.,40
scena/mp2000_ev.dat:0x1d6a09,scena/mp2000_ev.dat,"They don't sell it in the shops,",33
scena/mp2000_ev.dat:0x1d6a39,scena/mp2000_ev.dat,bracers should have no trouble.,32
scena/mp2000_ev.dat:0x1d6a59,scena/mp2000_ev.dat,"Monsters often drop them, so you",33
scena/mp2000_ev.dat:0x1d6a89,scena/mp2000_ev.dat,Great. That should be really useful.,37
scena/mp2000_ev.dat:0x1d6ac1,scena/mp2000_ev.dat,That's about all I've got to tell you right now.,49
scena/mp2000_ev.dat:0x1d6b11,scena/mp2000_ev.dat,Try it out for yourself and see how it goes.,45
scena/mp2000_ev.dat:0x1d6b4d,scena/mp2000_ev.dat,"Great, thanks. You've been a huge help.",40
scena/mp2000_ev.dat:0x1d6b85,scena/mp2000_ev.dat,work for the Fisherman's Guild.,32
scena/mp2000_ev.dat:0x1d6ba5,scena/mp2000_ev.dat,Not at all. It's all in a day's,32
scena/mp2000_ev.dat:0x1d6beb,scena/mp2000_ev.dat,you'll catch loads of fish!,28
scena/mp2000_ev.dat:0x1d6c07,scena/mp2000_ev.dat,See you later. I'm sure,24
scena/mp2000_ev.dat:0x1d6c3e,scena/mp2000_ev.dat, x5.,5
scena/mp2000_ev.dat:0x1d6c43,scena/mp2000_ev.dat,Received ,10
scena/mp2000_ev.dat:0x1d6c92,scena/mp2000_ev.dat,like forever since I was last here.,36
scena/mp2000_ev.dat:0x1d6cb6,scena/mp2000_ev.dat,Air-Letten Checkpoint... It feels,34
scena/mp2000_ev.dat:0x1d6cf8,scena/mp2000_ev.dat,"the you-know-what, right?",26
scena/mp2000_ev.dat:0x1d6d12,scena/mp2000_ev.dat,This is where the soldier saw,30
scena/mp2000_ev.dat:0x1d6d4a,scena/mp2000_ev.dat,"Yeah, so Jean said.",20
scena/mp2000_ev.dat:0x1d6d77,scena/mp2000_ev.dat,and find out who it was.,25
scena/mp2000_ev.dat:0x1d6d90,scena/mp2000_ev.dat,Let's look for the commander,29
scena/mp2000_ev.dat:0x1d6dbc,scena/mp2000_ev.dat,"Yeah, so Jean said.",20
scena/mp2000_ev.dat:0x1d6de9,scena/mp2000_ev.dat,commander and ask who it was?,30
scena/mp2000_ev.dat:0x1d6e07,scena/mp2000_ev.dat,Why don't we look for the,26
scena/mp2000_ev.dat:0x1d6e30,scena/mp2000_ev.dat,Sure. Will do.,15
scena/mp2000_ev.dat:0x1d6e56,scena/mp2000_ev.dat,"It's kinda weird, though, huh?",31
scena/mp2000_ev.dat:0x1d6e85,scena/mp2000_ev.dat,appear in a nice place like this.,34
scena/mp2000_ev.dat:0x1d6ea7,scena/mp2000_ev.dat,To think the you-know-what would,33
scena/mp2000_ev.dat:0x1d6edc,scena/mp2000_ev.dat,shadow' and the 'you-know-what.',33
scena/mp2000_ev.dat:0x1d6efd,scena/mp2000_ev.dat,"Geez, enough already with the 'white",37
scena/mp2000_ev.dat:0x1d6f32,scena/mp2000_ev.dat,"Just call it a ghost, for crying out loud!",43
scena/mp2000_ev.dat:0x1d6f76,scena/mp2000_ev.dat,"Hey, back off, will you?",25
scena/mp2000_ev.dat:0x1d6fa4,scena/mp2000_ev.dat,"I'm just trying to fake it till I make it, okay?!",50
scena/mp2000_ev.dat:0x1d6feb,scena/mp2000_ev.dat,Estelle... It's not good to keep fooling yourself.,51
scena/mp2000_ev.dat:0x1d703a,scena/mp2000_ev.dat,and start calling it a ghost?,30
scena/mp2000_ev.dat:0x1d7058,scena/mp2000_ev.dat,Why don't you quit with the euphemisms,39
scena/mp2000_ev.dat:0x1d7098,scena/mp2000_ev.dat,La la la... I caaan't heeear yooou!,36
scena/mp2000_ev.dat:0x1d70d1,scena/mp2000_ev.dat,"I'll call it what I like, got it?!",35
scena/mp2000_ev.dat:0x1d7141,scena/mp2000_ev.dat,Hello. You want to enter the tunnel?,37
scena/mp2000_ev.dat:0x1d7175,scena/mp2000_ev.dat,Just a second. I'll open the gate.,35
scena/mp2000_ev.dat:0x1d71a7,scena/mp2000_ev.dat,"Actually, no. We don't want to go in.",38
scena/mp2000_ev.dat:0x1d71e0,scena/mp2000_ev.dat,We're here from the Bracer Guild.,34
scena/mp2000_ev.dat:0x1d7215,scena/mp2000_ev.dat,investigating the 'white shadow.',34
scena/mp2000_ev.dat:0x1d7237,scena/mp2000_ev.dat,We've come because we're,25
scena/mp2000_ev.dat:0x1d7270,scena/mp2000_ev.dat,You don't mean...,18
scena/mp2000_ev.dat:0x1d7291,scena/mp2000_ev.dat,things when I was half asleep.,31
scena/mp2000_ev.dat:0x1d72b0,scena/mp2000_ev.dat,"B-But, that was just me seeing",31
scena/mp2000_ev.dat:0x1d72de,scena/mp2000_ev.dat,"That's where you're wrong, actually.",37
scena/mp2000_ev.dat:0x1d7317,scena/mp2000_ev.dat,who claim to have seen the same thing.,39
scena/mp2000_ev.dat:0x1d733e,scena/mp2000_ev.dat,There are other people across Ruan,35
scena/mp2000_ev.dat:0x1d7374,scena/mp2000_ev.dat,commanding officer didn't know.,32
scena/mp2000_ev.dat:0x1d7394,scena/mp2000_ev.dat,But it sounds like you and your,32
scena/mp2000_ev.dat:0x1d73c8,scena/mp2000_ev.dat,He said he owed you an apology.,32
scena/mp2000_ev.dat:0x1d73fb,scena/mp2000_ev.dat,commanding officer didn't know.,32
scena/mp2000_ev.dat:0x1d741b,scena/mp2000_ev.dat,But it sounds like you and your,32
scena/mp2000_ev.dat:0x1d744f,scena/mp2000_ev.dat,He said he owed you an apology.,32
scena/mp2000_ev.dat:0x1d7482,scena/mp2000_ev.dat,"Oh, right. Wow.",16
scena/mp2000_ev.dat:0x1d74b0,scena/mp2000_ev.dat,I thought it seemed real for a dream.,38
scena/mp2000_ev.dat:0x1d74d6,scena/mp2000_ev.dat,"Well, that's quite a relief.",29
scena/mp2000_ev.dat:0x1d7503,scena/mp2000_ev.dat,then that's absolutely terrifying!,35
scena/mp2000_ev.dat:0x1d7526,scena/mp2000_ev.dat,"...Although, if it wasn't a dream,",35
scena/mp2000_ev.dat:0x1d7569,scena/mp2000_ev.dat,"...Yeah, I get where you're coming from.",41
scena/mp2000_ev.dat:0x1d75bb,scena/mp2000_ev.dat,us more about what happened?,29
scena/mp2000_ev.dat:0x1d75d8,scena/mp2000_ev.dat,"Still, do you think you could tell",35
scena/mp2000_ev.dat:0x1d760f,scena/mp2000_ev.dat,"As many details as you can, okay?",34
scena/mp2000_ev.dat:0x1d7644,scena/mp2000_ev.dat,"Um, yeah, sure.",16
scena/mp2000_ev.dat:0x1d766b,scena/mp2000_ev.dat,I was standing here like this on guard duty.,45
scena/mp2000_ev.dat:0x1d7698,scena/mp2000_ev.dat,"...In the middle of the night three days ago,",46
scena/mp2000_ev.dat:0x1d76e1,scena/mp2000_ev.dat,"The waterfall is pretty loud, right?",37
scena/mp2000_ev.dat:0x1d7715,scena/mp2000_ev.dat,it kinda lulls you to sleep.,29
scena/mp2000_ev.dat:0x1d7732,scena/mp2000_ev.dat,"But when you get used to the rhythm,",37
scena/mp2000_ev.dat:0x1d7766,scena/mp2000_ev.dat,so I was feeling kinda sleepy.,31
scena/mp2000_ev.dat:0x1d7785,scena/mp2000_ev.dat,"I'd just eaten before coming on duty,",38
scena/mp2000_ev.dat:0x1d77bb,scena/mp2000_ev.dat,down to try to stay awake.,27
scena/mp2000_ev.dat:0x1d77d6,scena/mp2000_ev.dat,So I started walking up and,28
scena/mp2000_ev.dat:0x1d7801,scena/mp2000_ev.dat,And that's when... That's when I saw it.,41
scena/mp2000_ev.dat:0x1d7857,scena/mp2000_ev.dat,What do you mean by 'it?',26
scena/mp2000_ev.dat:0x1d7884,scena/mp2000_ev.dat,was wearing old-fashioned clothes.,35
scena/mp2000_ev.dat:0x1d78a7,scena/mp2000_ev.dat,It was white and blurry and it,31
scena/mp2000_ev.dat:0x1d78d5,scena/mp2000_ev.dat,circles above the waterfall.,29
scena/mp2000_ev.dat:0x1d78f2,scena/mp2000_ev.dat,And it was dancing around in,29
scena/mp2000_ev.dat:0x1d792e,scena/mp2000_ev.dat,shouldered my rifle...,23
scena/mp2000_ev.dat:0x1d7945,scena/mp2000_ev.dat,I was so scared that I instinctively,37
scena/mp2000_ev.dat:0x1d7993,scena/mp2000_ev.dat,"<S5>Wait, whaaat?!",19
scena/mp2000_ev.dat:0x1d79c0,scena/mp2000_ev.dat,"I mean, you shot the thing?!",29
scena/mp2000_ev.dat:0x1d7a0a,scena/mp2000_ev.dat,"a warning shot, but I hit it.",30
scena/mp2000_ev.dat:0x1d7a28,scena/mp2000_ev.dat,Uh-huh... It was meant to be,29
scena/mp2000_ev.dat:0x1d7a73,scena/mp2000_ev.dat,It just carried on floating around.,36
scena/mp2000_ev.dat:0x1d7a97,scena/mp2000_ev.dat,But it didn't flinch in the slightest.,39
scena/mp2000_ev.dat:0x1d7ad1,scena/mp2000_ev.dat,And then it suddenly flew off to the north.,44
scena/mp2000_ev.dat:0x1d7b3d,scena/mp2000_ev.dat,Huh... That sounds like the real deal.,39
scena/mp2000_ev.dat:0x1d7b82,scena/mp2000_ev.dat,Oh my! That sounds spooky!,27
scena/mp2000_ev.dat:0x1d7bba,scena/mp2000_ev.dat,"up Officer Hahn and everyone, but...",37
scena/mp2000_ev.dat:0x1d7bdf,scena/mp2000_ev.dat,I went straight back inside and woke,37
scena/mp2000_ev.dat:0x1d7c13,scena/mp2000_ev.dat,good reason.',14
scena/mp2000_ev.dat:0x1d7c21,scena/mp2000_ev.dat,on duty' and discharging my weapon 'without,44
scena/mp2000_ev.dat:0x1d7c4d,scena/mp2000_ev.dat,I got a proper telling off for 'falling asleep,47
scena/mp2000_ev.dat:0x1d7c98,scena/mp2000_ev.dat,*Sigh*... It wasn't pretty.,28
scena/mp2000_ev.dat:0x1d7cc4,scena/mp2000_ev.dat,You poor thing.,16
scena/mp2000_ev.dat:0x1d7ce7,scena/mp2000_ev.dat,"dream and forget all about it, huh? Sound good?",48
scena/mp2000_ev.dat:0x1d7d17,scena/mp2000_ev.dat,Maybe you should just keep thinking of it as a,47
scena/mp2000_ev.dat:0x1d7d6a,scena/mp2000_ev.dat,"to do that now, I'm afraid.",28
scena/mp2000_ev.dat:0x1d7d86,scena/mp2000_ev.dat,I really doubt I'll be able,28
scena/mp2000_ev.dat:0x1d7db1,scena/mp2000_ev.dat,like that. I sure hope you can help it somehow.,48
scena/mp2000_ev.dat:0x1d7de1,scena/mp2000_ev.dat,...I don't know why it's wandering around lost,47
scena/mp2000_ev.dat:0x1d7e20,scena/mp2000_ev.dat,"spirit world as well as the living, huh?",41
scena/mp2000_ev.dat:0x1d7e49,scena/mp2000_ev.dat,You bracer folk can probably help the,38
scena/mp2000_ev.dat:0x1d7e7e,scena/mp2000_ev.dat,N-No way! Do I look like a priest?!,36
scena/mp2000_ev.dat:0x1d7ec0,scena/mp2000_ev.dat,why it keeps showing up.,25
scena/mp2000_ev.dat:0x1d7ed9,scena/mp2000_ev.dat,But there must be a reason,27
scena/mp2000_ev.dat:0x1d7f04,scena/mp2000_ev.dat,And it's up to us to find out what it is.,42
scena/mp2000_ev.dat:0x1d7f3d,scena/mp2000_ev.dat,"Yeah, well, I hope you manage to.",34
scena/mp2000_ev.dat:0x1d7fea,scena/mp2000_ev.dat,"Huh, now there's a surprise.",29
scena/mp2000_ev.dat:0x1d8021,scena/mp2000_ev.dat,They did a great job.,22
scena/mp2000_ev.dat:0x1d8037,scena/mp2000_ev.dat,This place was burnt to a crisp.,33
scena/mp2000_ev.dat:0x1d8067,scena/mp2000_ev.dat,had been burned down...,24
scena/mp2000_ev.dat:0x1d807f,scena/mp2000_ev.dat,Wow. I heard that this place,29
scena/mp2000_ev.dat:0x1d80b6,scena/mp2000_ev.dat,"But you'd never know it, looking at it now.",44
scena/mp2000_ev.dat:0x1d80f1,scena/mp2000_ev.dat,"but still, it looks exactly like it used to!",45
scena/mp2000_ev.dat:0x1d811e,scena/mp2000_ev.dat,"I know they rebuilt it,",24
scena/mp2000_ev.dat:0x1d8152,scena/mp2000_ev.dat,"Oh, what a relief.",19
scena/mp2000_ev.dat:0x1d818d,scena/mp2000_ev.dat,Woman's Voice,14
scena/mp2000_ev.dat:0x1d81e4,scena/mp2000_ev.dat,Matron Theresa!,16
scena/mp2000_ev.dat:0x1d8203,scena/mp2000_ev.dat,I thought it was you!,22
scena/mp2000_ev.dat:0x1d8229,scena/mp2000_ev.dat,Welcome back. It's so nice of you to come.,43
scena/mp2000_ev.dat:0x1d8263,scena/mp2000_ev.dat,"And...Agate, if I'm not mistaken?",34
scena/mp2000_ev.dat:0x1d8299,scena/mp2000_ev.dat,"Yeah. It's been a while, huh?",30
scena/mp2000_ev.dat:0x1d82d4,scena/mp2000_ev.dat,that incident with Clem.,25
scena/mp2000_ev.dat:0x1d82ed,scena/mp2000_ev.dat,"Yes, I haven't seen you since",30
scena/mp2000_ev.dat:0x1d831a,scena/mp2000_ev.dat,You were a big help to us back then.,37
scena/mp2000_ev.dat:0x1d833f,scena/mp2000_ev.dat,Nice to see you again.,23
scena/mp2000_ev.dat:0x1d8376,scena/mp2000_ev.dat,"Nah, it was nothin'.",21
scena/mp2000_ev.dat:0x1d839a,scena/mp2000_ev.dat,I'm just sorry I didn't swing by again sooner.,47
scena/mp2000_ev.dat:0x1d83e6,scena/mp2000_ev.dat,I thought it was you!,22
scena/mp2000_ev.dat:0x1d840c,scena/mp2000_ev.dat,Welcome back. It's so nice of you to come.,43
scena/mp2000_ev.dat:0x1d8446,scena/mp2000_ev.dat,And this young lady... I don't believe we've met?,50
scena/mp2000_ev.dat:0x1d84a7,scena/mp2000_ev.dat,The name's Scherazard Harvey.,30
scena/mp2000_ev.dat:0x1d84c5,scena/mp2000_ev.dat,"I'm a bracer, Estelle's senior.",32
scena/mp2000_ev.dat:0x1d8500,scena/mp2000_ev.dat,"I've heard so much about you, Matron.",38
scena/mp2000_ev.dat:0x1d8536,scena/mp2000_ev.dat,you're a mother to everyone.,29
scena/mp2000_ev.dat:0x1d8553,scena/mp2000_ev.dat,"About how good your tea is, and how",36
scena/mp2000_ev.dat:0x1d85a8,scena/mp2000_ev.dat,Oh my... I'm flattered!,24
scena/mp2000_ev.dat:0x1d85f5,scena/mp2000_ev.dat,orphanage rebuilt already.,27
scena/mp2000_ev.dat:0x1d8610,scena/mp2000_ev.dat,Congratulations on getting the,31
scena/mp2000_ev.dat:0x1d8671,scena/mp2000_ev.dat,It's amazing how it looks just like before.,44
scena/mp2000_ev.dat:0x1d86ac,scena/mp2000_ev.dat,of the people of Manoria and local businesses.,47
scena/mp2000_ev.dat:0x1d86db,scena/mp2000_ev.dat,We couldn't have done it without the generosity,48
scena/mp2000_ev.dat:0x1d872f,scena/mp2000_ev.dat,it feel like Mercia Orphanage again.,37
scena/mp2000_ev.dat:0x1d8754,scena/mp2000_ev.dat,"In the end, this is what really makes",38
scena/mp2000_ev.dat:0x1d879b,scena/mp2000_ev.dat,"Mmm... Yeah, totally.",22
scena/mp2000_ev.dat:0x1d87c1,scena/mp2000_ev.dat,So... Are the kids all inside?,31
scena/mp2000_ev.dat:0x1d87ef,scena/mp2000_ev.dat,"Village to study, actually.",28
scena/mp2000_ev.dat:0x1d880b,scena/mp2000_ev.dat,They've just headed off to Manoria,35
scena/mp2000_ev.dat:0x1d8849,scena/mp2000_ev.dat,and teaches Sunday School for them.,36
scena/mp2000_ev.dat:0x1d886d,scena/mp2000_ev.dat,A wandering priest visits once a week,38
scena/mp2000_ev.dat:0x1d88a2,scena/mp2000_ev.dat,Oh... Hmm.,11
scena/mp2000_ev.dat:0x1d88c7,scena/mp2000_ev.dat,had some questions to ask.,27
scena/mp2000_ev.dat:0x1d88e2,scena/mp2000_ev.dat,"I wanted to say hi, and also, I",32
scena/mp2000_ev.dat:0x1d8953,scena/mp2000_ev.dat,in white that Polly saw?,25
scena/mp2000_ev.dat:0x1d896c,scena/mp2000_ev.dat,"Ah, is this about that man",27
scena/mp2000_ev.dat:0x1d8996,scena/mp2000_ev.dat,"Yeah, that's the one!",22
scena/mp2000_ev.dat:0x1d89c7,scena/mp2000_ev.dat,"So, it was Polly who saw it, huh?",34
scena/mp2000_ev.dat:0x1d8a00,scena/mp2000_ev.dat,She was always pretty observant.,33
scena/mp2000_ev.dat:0x1d8a5b,scena/mp2000_ev.dat,Why don't you wait inside until they get back?,47
scena/mp2000_ev.dat:0x1d8a99,scena/mp2000_ev.dat,I'll prepare some tea and cookies.,35
scena/mp2000_ev.dat:0x1d8acc,scena/mp2000_ev.dat,Oh! Thank you...,17
scena/mp2000_ev.dat:0x1d8b4e,scena/mp2000_ev.dat,Huh? What's up?,16
scena/mp2000_ev.dat:0x1d8b79,scena/mp2000_ev.dat,"What's wrong, Estelle?",23
scena/mp2000_ev.dat:0x1d8bb9,scena/mp2000_ev.dat,Matron Theresa...,18
scena/mp2000_ev.dat:0x1d8bdb,scena/mp2000_ev.dat,You're...not going to ask about Joshua?,40
scena/mp2000_ev.dat:0x1d8c67,scena/mp2000_ev.dat,...I heard all about it from Kloe.,35
scena/mp2000_ev.dat:0x1d8cab,scena/mp2000_ev.dat,"She worries a lot, and needed a listening ear.",47
scena/mp2000_ev.dat:0x1d8d13,scena/mp2000_ev.dat,Oh Estelle... You've had a terrible time.,42
scena/mp2000_ev.dat:0x1d8dcd,scena/mp2000_ev.dat,"<W500>Haha... Oh, man...",25
scena/mp2000_ev.dat:0x1d8dfb,scena/mp2000_ev.dat,"<W500>If you comfort me like that, I...I...",44
scena/mp2000_ev.dat:0x1d8e8a,scena/mp2000_ev.dat,<W500>I'm not gonna be able to keep it together...,51
scena/mp2000_ev.dat:0x1d8f45,scena/mp2000_ev.dat,Oh... Estelle...,17
scena/mp2000_ev.dat:0x1d8f95,scena/mp2000_ev.dat,You don't need to hold it all in.,34
scena/mp2000_ev.dat:0x1d8fc6,scena/mp2000_ev.dat,is no longer by your side.,27
scena/mp2000_ev.dat:0x1d8fe1,scena/mp2000_ev.dat,Somebody important to you,26
scena/mp2000_ev.dat:0x1d9077,scena/mp2000_ev.dat,You don't have to say a word.,30
scena/mp2000_ev.dat:0x1d90a5,scena/mp2000_ev.dat,I know I'm no substitute for your real mother...,49
scena/mp2000_ev.dat:0x1d90ea,scena/mp2000_ev.dat,Let me hold you and comfort you.,33
scena/mp2000_ev.dat:0x1d910b,scena/mp2000_ev.dat,"But, just for a while...",25
scena/mp2000_ev.dat:0x1d919c,scena/mp2000_ev.dat,"The Matron's still the same as ever, huh?",42
scena/mp2000_ev.dat:0x1d91d5,scena/mp2000_ev.dat,They're both seriously impressive.,35
scena/mp2000_ev.dat:0x1d91f8,scena/mp2000_ev.dat,Reminds me of Queen Alicia.,28
scena/mp2000_ev.dat:0x1d9224,scena/mp2000_ev.dat,"Haha, so even you feel it too, huh?",36
scena/mp2000_ev.dat:0x1d9258,scena/mp2000_ev.dat,me of my mom as well.,22
scena/mp2000_ev.dat:0x1d926e,scena/mp2000_ev.dat,"Actually, they kind of remind",30
scena/mp2000_ev.dat:0x1d92a3,scena/mp2000_ev.dat,"Oh, yeah...",12
scena/mp2000_ev.dat:0x1d92c3,scena/mp2000_ev.dat,"She died in the war ten years back, right?",43
scena/mp2000_ev.dat:0x1d932f,scena/mp2000_ev.dat,"What's up, Agate?",18
scena/mp2000_ev.dat:0x1d9354,scena/mp2000_ev.dat,Oh... I dunno.,15
scena/mp2000_ev.dat:0x1d937f,scena/mp2000_ev.dat,I was just thinking how strong women are.,42
scena/mp2000_ev.dat:0x1d93b8,scena/mp2000_ev.dat,Say what now?!,15
scena/mp2000_ev.dat:0x1d93e9,scena/mp2000_ev.dat,...Never mind.,15
scena/mp2000_ev.dat:0x1d9408,scena/mp2000_ev.dat,"kids back from Manoria, okay?",30
scena/mp2000_ev.dat:0x1d9426,scena/mp2000_ev.dat,"Come on, let's go fetch those",30
scena/mp2000_ev.dat:0x1d9458,scena/mp2000_ev.dat,"Hm. She is one great lady, huh?",32
scena/mp2000_ev.dat:0x1d9488,scena/mp2000_ev.dat,"kind of reminds me of your mom, Lena.",38
scena/mp2000_ev.dat:0x1d94ae,scena/mp2000_ev.dat,They're totally different and yet she,38
scena/mp2000_ev.dat:0x1d94e3,scena/mp2000_ev.dat,"Oh! You see it, too, Schera?",29
scena/mp2000_ev.dat:0x1d950f,scena/mp2000_ev.dat,she also reminds me of Queen Alicia.,37
scena/mp2000_ev.dat:0x1d9534,scena/mp2000_ev.dat,"Actually, she reminds me of Mom, but",37
scena/mp2000_ev.dat:0x1d9574,scena/mp2000_ev.dat,like a kind of warm feeling inside.,36
scena/mp2000_ev.dat:0x1d9598,scena/mp2000_ev.dat,I can't put my finger on it...but it's,39
scena/mp2000_ev.dat:0x1d95cf,scena/mp2000_ev.dat,nurturing vibe or something.,29
scena/mp2000_ev.dat:0x1d95ec,scena/mp2000_ev.dat,Maybe it's a kind of motherly,30
scena/mp2000_ev.dat:0x1d962b,scena/mp2000_ev.dat,Hah! Not something I'm gonna have any time soon!,49
scena/mp2000_ev.dat:0x1d967f,scena/mp2000_ev.dat,"Nah, I think you're on the right track, Schera.",48
scena/mp2000_ev.dat:0x1d96be,scena/mp2000_ev.dat,drinking if you want to really go for it.,42
scena/mp2000_ev.dat:0x1d96e8,scena/mp2000_ev.dat,Although you could cut back on the,35
scena/mp2000_ev.dat:0x1d972c,scena/mp2000_ev.dat,Oof! That hit where it hurts!,30
scena/mp2000_ev.dat:0x1d9759,scena/mp2000_ev.dat,village and find those kiddos.,31
scena/mp2000_ev.dat:0x1d9778,scena/mp2000_ev.dat,"Anyway, let's get moving to the",32
scena/mp2000_ev.dat:0x1d97d4,scena/mp2000_ev.dat,Manoria Village,16
scena/mp2000_ev.dat:0x1d97e4,scena/mp2000_ev.dat,official since that donation theft drama.,42
scena/mp2000_ev.dat:0x1d980e,scena/mp2000_ev.dat,"Ah, Manoria... Haven't been here for anythin'",46
scena/mp2000_ev.dat:0x1d984b,scena/mp2000_ev.dat,Still looks pretty sleepy.,27
scena/mp2000_ev.dat:0x1d9875,scena/mp2000_ev.dat,"That's a good thing, surely?",29
scena/mp2000_ev.dat:0x1d98a6,scena/mp2000_ev.dat,"and peaceful, too, remember?",29
scena/mp2000_ev.dat:0x1d98c3,scena/mp2000_ev.dat,"Your village, Ravennue, was nice",33
scena/mp2000_ev.dat:0x1d98f9,scena/mp2000_ev.dat,"Yeah, I guess it was.",22
scena/mp2000_ev.dat:0x1d991f,scena/mp2000_ev.dat,be somewhere in the village.,29
scena/mp2000_ev.dat:0x1d993c,scena/mp2000_ev.dat,"Anyhow, the Sunday School should",33
scena/mp2000_ev.dat:0x1d9981,scena/mp2000_ev.dat,How 'bout we go check it out?,30
scena/mp2000_ev.dat:0x1d99b3,scena/mp2000_ev.dat,I was last here. Doubly so for work.,37
scena/mp2000_ev.dat:0x1d99d8,scena/mp2000_ev.dat,"Manoria, huh? Feels like forever since",39
scena/mp2000_ev.dat:0x1d9a0e,scena/mp2000_ev.dat,come to Ruan for that matter.,30
scena/mp2000_ev.dat:0x1d9a2c,scena/mp2000_ev.dat,"Although, I guess I hardly ever",32
scena/mp2000_ev.dat:0x1d9a5b,scena/mp2000_ev.dat,No kidding?,12
scena/mp2000_ev.dat:0x1d9a7b,scena/mp2000_ev.dat,"over the place, not just hanging out in Rolent.",48
scena/mp2000_ev.dat:0x1d9aab,scena/mp2000_ev.dat,I thought you and Dad were always flying off all,49
scena/mp2000_ev.dat:0x1d9af0,scena/mp2000_ev.dat,"most of the time, actually.",28
scena/mp2000_ev.dat:0x1d9b0c,scena/mp2000_ev.dat,"Nah, I'd say I'm in Rolent",27
scena/mp2000_ev.dat:0x1d9b3b,scena/mp2000_ev.dat,and the capital quite often.,29
scena/mp2000_ev.dat:0x1d9b58,scena/mp2000_ev.dat,"Although, I do head out to Bose",32
scena/mp2000_ev.dat:0x1d9b99,scena/mp2000_ev.dat,assigned to a specific branch.,31
scena/mp2000_ev.dat:0x1d9bb8,scena/mp2000_ev.dat,I think it's only Agate who isn't,34
scena/mp2000_ev.dat:0x1d9be9,scena/mp2000_ev.dat,kinda seem like a drifter.,27
scena/mp2000_ev.dat:0x1d9c04,scena/mp2000_ev.dat,"Now you mention it, he does",28
scena/mp2000_ev.dat:0x1d9c34,scena/mp2000_ev.dat,But I don't remember ever seeing him in Rolent.,48
scena/mp2000_ev.dat:0x1d9c78,scena/mp2000_ev.dat,He would've wanted to keep his distance.,41
scena/mp2000_ev.dat:0x1d9ca1,scena/mp2000_ev.dat,"Yeah, well, that's because Cassius is often there.",51
scena/mp2000_ev.dat:0x1d9cf5,scena/mp2000_ev.dat,complex around him or something.,33
scena/mp2000_ev.dat:0x1d9d16,scena/mp2000_ev.dat,It seems he's got some kind of a,33
scena/mp2000_ev.dat:0x1d9d4b,scena/mp2000_ev.dat,Ahaha... That's pretty cute.,29
scena/mp2000_ev.dat:0x1d9d78,scena/mp2000_ev.dat,I wonder what those guys are up to right now.,46
scena/mp2000_ev.dat:0x1d9db5,scena/mp2000_ev.dat,so I guess they're just finding their feet.,44
scena/mp2000_ev.dat:0x1d9de1,scena/mp2000_ev.dat,"Well, they've only just got started, too,",42
scena/mp2000_ev.dat:0x1d9e2a,scena/mp2000_ev.dat,be somewhere in the village.,29
scena/mp2000_ev.dat:0x1d9e47,scena/mp2000_ev.dat,"Anyhow, the Sunday School should",33
scena/mp2000_ev.dat:0x1d9e78,scena/mp2000_ev.dat,Let's see if we can work out where.,36
scena/mp2000_ev.dat:0x1d9eab,scena/mp2000_ev.dat,"Sure, okay.",12
scena/mp2000_ev.dat:0x1d9f6d,scena/mp2000_ev.dat,Huh? What's up?,16
scena/mp2000_ev.dat:0x1d9f8c,scena/mp2000_ev.dat,Estelle... What's the matter?,30
scena/mp2000_ev.dat:0x1d9fd2,scena/mp2000_ev.dat,with Joshua here once...,25
scena/mp2000_ev.dat:0x1d9feb,scena/mp2000_ev.dat,It's just that I ate lunch,27
scena/mp2000_ev.dat:0x1da016,scena/mp2000_ev.dat,I guess I was reminiscing a little.,36
scena/mp2000_ev.dat:0x1da05f,scena/mp2000_ev.dat,"...Oh, really?",15
scena/mp2000_ev.dat:0x1da07d,scena/mp2000_ev.dat,But it doesn't matter. It's no big deal.,41
scena/mp2000_ev.dat:0x1da0bb,scena/mp2000_ev.dat,But it doesn't matter. It's no big deal.,41
scena/mp2000_ev.dat:0x1da116,scena/mp2000_ev.dat,I didn't understand my feelings.,33
scena/mp2000_ev.dat:0x1da137,scena/mp2000_ev.dat,I was such a kid back then.,28
scena/mp2000_ev.dat:0x1da162,scena/mp2000_ev.dat,"me feed him, even with other people around.",44
scena/mp2000_ev.dat:0x1da18e,scena/mp2000_ev.dat,I'd do stupid things like getting him to let,45
scena/mp2000_ev.dat:0x1da1d8,scena/mp2000_ev.dat,"me feed him, even with other people around.",44
scena/mp2000_ev.dat:0x1da204,scena/mp2000_ev.dat,I'd do stupid things like getting him to let,45
scena/mp2000_ev.dat:0x1da262,scena/mp2000_ev.dat,I must've really annoyed him.,30
scena/mp2000_ev.dat:0x1da280,scena/mp2000_ev.dat,I was such a pain in the butt.,31
scena/mp2000_ev.dat:0x1da2b4,scena/mp2000_ev.dat,a kid if you ask me.,21
scena/mp2000_ev.dat:0x1da2c9,scena/mp2000_ev.dat,Honestly? You're still basically,33
scena/mp2000_ev.dat:0x1da2f9,scena/mp2000_ev.dat,a kid if you ask me.,21
scena/mp2000_ev.dat:0x1da30e,scena/mp2000_ev.dat,Honestly? You're still basically,33
scena/mp2000_ev.dat:0x1da34f,scena/mp2000_ev.dat,So... You want to rest here a while?,37
scena/mp2000_ev.dat:0x1da383,scena/mp2000_ev.dat,Hehe... I can imagine you doing that.,38
scena/mp2000_ev.dat:0x1da3b9,scena/mp2000_ev.dat,Hehe... I can imagine you doing that.,38
scena/mp2000_ev.dat:0x1da400,scena/mp2000_ev.dat,So what now? You wanna take a moment?,38
scena/mp2000_ev.dat:0x1da435,scena/mp2000_ev.dat,"No, it's fine. We can't afford to stop right now.",50
scena/mp2000_ev.dat:0x1da477,scena/mp2000_ev.dat,"No, it's fine. We can't afford to stop right now.",50
scena/mp2000_ev.dat:0x1da4cf,scena/mp2000_ev.dat,Sunday School is still going on.,33
scena/mp2000_ev.dat:0x1da4f0,scena/mp2000_ev.dat,We should check whether the,28
scena/mp2000_ev.dat:0x1da51b,scena/mp2000_ev.dat,"No, it's fine. We can't afford to stop right now.",50
scena/mp2000_ev.dat:0x1da55d,scena/mp2000_ev.dat,"No, it's fine. We can't afford to stop right now.",50
scena/mp2000_ev.dat:0x1da5b5,scena/mp2000_ev.dat,pay a visit to the orphanage.,30
scena/mp2000_ev.dat:0x1da5d3,scena/mp2000_ev.dat,"Since we're here, we should",28
scena/mp2000_ev.dat:0x1da5fe,scena/mp2000_ev.dat,we need to ask about the 'white shadow.',41
scena/mp2000_ev.dat:0x1da627,scena/mp2000_ev.dat,"It'd be nice to see everyone again, and",40
scena/mp2000_ev.dat:0x1da65e,scena/mp2000_ev.dat,"Yeah, good point.",18
scena/mp2000_ev.dat:0x1da683,scena/mp2000_ev.dat,"Yeah, you're right.",20
scena/mp2000_ev.dat:0x1da6f5,scena/mp2000_ev.dat,Class in Progress,18
scena/mp2000_ev.dat:0x1da707,scena/mp2000_ev.dat,<C1>Sunday School,18
scena/mp2000_ev.dat:0x1da719,scena/mp2000_ev.dat,Oh! So this is where they hold the Sunday School.,50
scena/mp2000_ev.dat:0x1da75e,scena/mp2000_ev.dat,I wonder what lesson they're doing.,36
scena/mp2000_ev.dat:0x1da782,scena/mp2000_ev.dat,Looks like they're not done yet.,33
scena/mp2000_ev.dat:0x1da7b6,scena/mp2000_ev.dat,Maybe we should peek inside.,29
scena/mp2000_ev.dat:0x1da7eb,scena/mp2000_ev.dat,down the sign when they finished.,34
scena/mp2000_ev.dat:0x1da80d,scena/mp2000_ev.dat,They might've just forgotten to take,37
scena/mp2000_ev.dat:0x1da846,scena/mp2000_ev.dat,Why don't we take a peek inside?,33
scena/mp2000_ev.dat:0x1da87b,scena/mp2000_ev.dat,down the sign when they finished.,34
scena/mp2000_ev.dat:0x1da89d,scena/mp2000_ev.dat,They might've just forgotten to take,37
scena/mp2000_ev.dat:0x1da8d6,scena/mp2000_ev.dat,"Yeah, let's take a look.",25
scena/mp2000_ev.dat:0x1da93c,scena/mp2000_ev.dat,"(Okay, let's see...)",21
scena/mp2000_ev.dat:0x1da97a,scena/mp2000_ev.dat,(Oh! I know that guy!),23
scena/mp2000_ev.dat:0x1daa14,scena/mp2000_ev.dat,"Estelle, Agate.",16
scena/mp2000_ev.dat:0x1daa33,scena/mp2000_ev.dat,"Estelle, Scherazard.",21
scena/mp2000_ev.dat:0x1daa57,scena/mp2000_ev.dat,please do feel free to stop by again.,38
scena/mp2000_ev.dat:0x1daa7d,scena/mp2000_ev.dat,"If you're going be around Ruan,",32
scena/mp2000_ev.dat:0x1daabb,scena/mp2000_ev.dat,"you next have classes, Father Kevin.",37
scena/mp2000_ev.dat:0x1daae0,scena/mp2000_ev.dat,And I hope you'll drop in again when,37
scena/mp2000_ev.dat:0x1dab18,scena/mp2000_ev.dat,Absolutely. I'll be back!,26
scena/mp2000_ev.dat:0x1dab49,scena/mp2000_ev.dat,"Heh, if I get the chance, I'll swing by again.",47
scena/mp2000_ev.dat:0x1dab94,scena/mp2000_ev.dat,"Come back soon, Father Kevin!",30
scena/mp2000_ev.dat:0x1dabd6,scena/mp2000_ev.dat,"And you too, Estelle!",22
scena/mp2000_ev.dat:0x1dabff,scena/mp2000_ev.dat,Make sure you bring Joshua next time!,38
scena/mp2000_ev.dat:0x1dac34,scena/mp2000_ev.dat,"Um, yeah...",12
scena/mp2000_ev.dat:0x1dac55,scena/mp2000_ev.dat,we'll be back someday!,23
scena/mp2000_ev.dat:0x1dac6c,scena/mp2000_ev.dat,"I don't know when, but I'm sure",32
scena/mp2000_ev.dat:0x1daca0,scena/mp2000_ev.dat,"Wow, they're a great bunch, huh?",33
scena/mp2000_ev.dat:0x1dacd1,scena/mp2000_ev.dat,I guess the Matron brings out the best in them.,48
scena/mp2000_ev.dat:0x1dad10,scena/mp2000_ev.dat,"They were all such lovely, genuine kids.",41
scena/mp2000_ev.dat:0x1dad48,scena/mp2000_ev.dat,That'll be Matron Theresa's doing.,35
scena/mp2000_ev.dat:0x1dad7f,scena/mp2000_ev.dat,"Actually, there's a girl who helps out there, too.",51
scena/mp2000_ev.dat:0x1dadc5,scena/mp2000_ev.dat,school's in the middle of exams.,33
scena/mp2000_ev.dat:0x1dade6,scena/mp2000_ev.dat,She's not around today because her,35
scena/mp2000_ev.dat:0x1dae29,scena/mp2000_ev.dat,Oh yeah?,9
scena/mp2000_ev.dat:0x1dae41,scena/mp2000_ev.dat,headin' back to Ruan.,22
scena/mp2000_ev.dat:0x1dae57,scena/mp2000_ev.dat,"Anyhow, I guess I'd better be",30
scena/mp2000_ev.dat:0x1dae95,scena/mp2000_ev.dat,Shall we head for town together?,33
scena/mp2000_ev.dat:0x1daeb6,scena/mp2000_ev.dat,What about you guys?,21
scena/mp2000_ev.dat:0x1daeda,scena/mp2000_ev.dat,asking questions around here.,30
scena/mp2000_ev.dat:0x1daef8,scena/mp2000_ev.dat,"Well, I guess we're done",25
scena/mp2000_ev.dat:0x1daf2d,scena/mp2000_ev.dat,"Sure, let's head out together.",31
scena/mp2000_ev.dat:0x1daf5b,scena/mp2000_ev.dat,asking questions around here.,30
scena/mp2000_ev.dat:0x1daf79,scena/mp2000_ev.dat,"Yeah, I guess we're done",25
scena/mp2000_ev.dat:0x1dafae,scena/mp2000_ev.dat,We may as well head out together.,34
scena/mp2000_ev.dat:0x1dafdf,scena/mp2000_ev.dat,Sounds like a plan!,20
scena/mp2000_ev.dat:0x1db00d,scena/mp2000_ev.dat,"Ruan, here we come!",20
scena/mp2000_ev.dat:0x1db092,scena/mp2000_ev.dat,"Whew, we finally made it back.",31
scena/mp2000_ev.dat:0x1db0c1,scena/mp2000_ev.dat,You got me here safe and sound!,32
scena/mp2000_ev.dat:0x1db0e1,scena/mp2000_ev.dat,Thanks for everythin'.,23
scena/mp2000_ev.dat:0x1db107,scena/mp2000_ev.dat,Hahaha! No need to thank us!,29
scena/mp2000_ev.dat:0x1db133,scena/mp2000_ev.dat,been just fine on your own.,28
scena/mp2000_ev.dat:0x1db14f,scena/mp2000_ev.dat,"Yeah, I'm sure you would've",28
scena/mp2000_ev.dat:0x1db188,scena/mp2000_ev.dat,but you know how to use it.,28
scena/mp2000_ev.dat:0x1db1a4,scena/mp2000_ev.dat,"That crossbow of yours may be old-fashioned,",45
scena/mp2000_ev.dat:0x1db1e0,scena/mp2000_ev.dat,been just fine on your own.,28
scena/mp2000_ev.dat:0x1db1fc,scena/mp2000_ev.dat,Totally! I'm sure you would've,31
scena/mp2000_ev.dat:0x1db239,scena/mp2000_ev.dat,but you sure know how to use it.,33
scena/mp2000_ev.dat:0x1db25a,scena/mp2000_ev.dat,"The crossbow's kinda weird,",28
scena/mp2000_ev.dat:0x1db296,scena/mp2000_ev.dat,a fair amount of travelin' outside of towns.,45
scena/mp2000_ev.dat:0x1db2c3,scena/mp2000_ev.dat,"Well, we wandering priests have to do",38
scena/mp2000_ev.dat:0x1db2fd,scena/mp2000_ev.dat,but I'm nothin' compared to the pros.,38
scena/mp2000_ev.dat:0x1db323,scena/mp2000_ev.dat,"I can get by with what I've got,",33
scena/mp2000_ev.dat:0x1db357,scena/mp2000_ev.dat,"Huh, I'm not so sure about that.",33
scena/mp2000_ev.dat:0x1db393,scena/mp2000_ev.dat,"good enough to become a bracer, even.",38
scena/mp2000_ev.dat:0x1db3b9,scena/mp2000_ev.dat,"From what I've seen, I'd say you were",38
scena/mp2000_ev.dat:0x1db406,scena/mp2000_ev.dat,"Oh yeah? Flattery will get you everywhere, Estelle.",52
scena/mp2000_ev.dat:0x1db44a,scena/mp2000_ev.dat,"So whaddaya say, huh?",22
scena/mp2000_ev.dat:0x1db470,scena/mp2000_ev.dat,I don't know what you're talking about!,40
scena/mp2000_ev.dat:0x1db4ab,scena/mp2000_ev.dat,"Haha, okay, message received.",30
scena/mp2000_ev.dat:0x1db4d8,scena/mp2000_ev.dat,some folk have come to Ruan Chapel for advice.,47
scena/mp2000_ev.dat:0x1db507,scena/mp2000_ev.dat,"Anyway, about that ghost story from before. Seems",50
scena/mp2000_ev.dat:0x1db548,scena/mp2000_ev.dat,it doesn't seem like no ordinary ghost.,40
scena/mp2000_ev.dat:0x1db570,scena/mp2000_ev.dat,"But, accordin' to Father Theodore,",35
scena/mp2000_ev.dat:0x1db5a3,scena/mp2000_ev.dat,'No ordinary ghost'?,21
scena/mp2000_ev.dat:0x1db5db,scena/mp2000_ev.dat,go up to the heavens when they die?,36
scena/mp2000_ev.dat:0x1db5ff,scena/mp2000_ev.dat,Doesn't the Church say that good folk,38
scena/mp2000_ev.dat:0x1db645,scena/mp2000_ev.dat,"to the heavens when they die, right?",37
scena/mp2000_ev.dat:0x1db66a,scena/mp2000_ev.dat,The Church says that good people go up,39
scena/mp2000_ev.dat:0x1db6a0,scena/mp2000_ev.dat,are cast down to Gehenna.,26
scena/mp2000_ev.dat:0x1db6ba,scena/mp2000_ev.dat,"Yeah, and the sinful souls",27
scena/mp2000_ev.dat:0x1db6e9,scena/mp2000_ev.dat,either camp and they can't go either way.,42
scena/mp2000_ev.dat:0x1db713,scena/mp2000_ev.dat,Sometimes there are folk who don't fit in,42
scena/mp2000_ev.dat:0x1db750,scena/mp2000_ev.dat,the definition of a 'ghost.',29
scena/mp2000_ev.dat:0x1db76d,scena/mp2000_ev.dat,"In the Church's eyes, that'd be",32
scena/mp2000_ev.dat:0x1db7b0,scena/mp2000_ev.dat,Uh-huh... A kind of lost soul.,31
scena/mp2000_ev.dat:0x1db7df,scena/mp2000_ev.dat,not being a normal one?,24
scena/mp2000_ev.dat:0x1db7f7,scena/mp2000_ev.dat,So what's all this about it,28
scena/mp2000_ev.dat:0x1db822,scena/mp2000_ev.dat,that they have an attachment to somethin'.,43
scena/mp2000_ev.dat:0x1db84d,scena/mp2000_ev.dat,"Well, you usually find with these lost souls",45
scena/mp2000_ev.dat:0x1db896,scena/mp2000_ev.dat,"Sometimes places, sometimes people.",36
scena/mp2000_ev.dat:0x1db8c9,scena/mp2000_ev.dat,this thing everyone's been seein'.,35
scena/mp2000_ev.dat:0x1db8ec,scena/mp2000_ev.dat,But that doesn't seem to apply with,36
scena/mp2000_ev.dat:0x1db924,scena/mp2000_ev.dat,scratchin' his head about it.,30
scena/mp2000_ev.dat:0x1db942,scena/mp2000_ev.dat,That's why the Father was,26
scena/mp2000_ev.dat:0x1db990,scena/mp2000_ev.dat,Right... It does sound strange.,32
scena/mp2000_ev.dat:0x1db9da,scena/mp2000_ev.dat,"Yeah, could be useful while you're investigatin'.",50
scena/mp2000_ev.dat:0x1dba1c,scena/mp2000_ev.dat,"Anyhow, the chapel awaits!",27
scena/mp2000_ev.dat:0x1dba46,scena/mp2000_ev.dat,"See ya later, you guys.",24
scena/mp2000_ev.dat:0x1dba88,scena/mp2000_ev.dat,when he was handing out advice.,32
scena/mp2000_ev.dat:0x1dbaa8,scena/mp2000_ev.dat,"Well, he sure sounded like a priest",36
scena/mp2000_ev.dat:0x1dbadc,scena/mp2000_ev.dat,real priest can look like...that.,34
scena/mp2000_ev.dat:0x1dbafe,scena/mp2000_ev.dat,But it's still hard to believe a,33
scena/mp2000_ev.dat:0x1dbb2e,scena/mp2000_ev.dat,can be kinda eccentric.,24
scena/mp2000_ev.dat:0x1dbb46,scena/mp2000_ev.dat,"Yeah, some of these wandering priests",38
scena/mp2000_ev.dat:0x1dbb7c,scena/mp2000_ev.dat,years ago was a pretty strange creature.,41
scena/mp2000_ev.dat:0x1dbba5,scena/mp2000_ev.dat,The guy that used to come to Ravennue,38
scena/mp2000_ev.dat:0x1dbbda,scena/mp2000_ev.dat,for you. They can be kinda weird.,34
scena/mp2000_ev.dat:0x1dbbfc,scena/mp2000_ev.dat,"Hehe, well, that's wandering priests",37
scena/mp2000_ev.dat:0x1dbc36,scena/mp2000_ev.dat,"for some reason, back when I was in the troupe.",48
scena/mp2000_ev.dat:0x1dbc66,scena/mp2000_ev.dat,We had a strange Sister who used to travel with us,51
scena/mp2000_ev.dat:0x1dbcc8,scena/mp2000_ev.dat,"everything Jean asked us to, right?",36
scena/mp2000_ev.dat:0x1dbcec,scena/mp2000_ev.dat,We've managed to investigate,29
scena/mp2000_ev.dat:0x1dbd28,scena/mp2000_ev.dat,So should we report back to the guild?,39
scena/mp2000_ev.dat:0x1dbd63,scena/mp2000_ev.dat,We still have some investigating to do.,40
scena/mp2000_ev.dat:0x1dbdaa,scena/mp2000_ev.dat,Ready to tackle the next one?,30
scena/mp2000_ev.dat:0x1dbddc,scena/mp2000_ev.dat,"Yeah, good point.",18
scena/mp2000_ev.dat:0x1dbe01,scena/mp2000_ev.dat,"Yeah, you're right.",20
scena/mp2000_ev.dat:0x1dc481,scena/mp2000_ev.dat,Stop playing dumb!,19
scena/mp2000_ev.dat:0x1dc4a3,scena/mp2000_ev.dat,at the hotel was your guys' doing!,35
scena/mp2000_ev.dat:0x1dc4c6,scena/mp2000_ev.dat,We know that the so-called 'ghost',35
scena/mp2000_ev.dat:0x1dc4f8,scena/mp2000_ev.dat,that he hasn't left his bed!,29
scena/mp2000_ev.dat:0x1dc515,scena/mp2000_ev.dat,Norman's son was so shocked,28
scena/mp2000_ev.dat:0x1dc551,scena/mp2000_ev.dat,You've taken things too far this time!,39
scena/mp2000_ev.dat:0x1dc587,scena/mp2000_ev.dat,Hah! That kid's one of those Raven delinquents.,48
scena/mp2000_ev.dat:0x1dc5d0,scena/mp2000_ev.dat,Why should anyone believe a lowlife like him?!,47
scena/mp2000_ev.dat:0x1dc60e,scena/mp2000_ev.dat,...Now wait just a minute.,27
scena/mp2000_ev.dat:0x1dc63d,scena/mp2000_ev.dat,but don't go attacking my family.,34
scena/mp2000_ev.dat:0x1dc65f,scena/mp2000_ev.dat,"Criticize me by all means,",27
scena/mp2000_ev.dat:0x1dc69b,scena/mp2000_ev.dat,I demand you take back the lowlife comment.,44
scena/mp2000_ev.dat:0x1dc6d6,scena/mp2000_ev.dat,"Yes, that might have been a little over the line.",50
scena/mp2000_ev.dat:0x1dc73e,scena/mp2000_ev.dat,"Hold on, boss! Don't be so easily swayed!",42
scena/mp2000_ev.dat:0x1dc777,scena/mp2000_ev.dat,bunch is getting so full of themselves.,40
scena/mp2000_ev.dat:0x1dc79f,scena/mp2000_ev.dat,It's because you're so soft that the tourism,45
scena/mp2000_ev.dat:0x1dc80e,scena/mp2000_ev.dat,Wh-What did you say?!,22
scena/mp2000_ev.dat:0x1dc844,scena/mp2000_ev.dat,the port that are getting carried away!,40
scena/mp2000_ev.dat:0x1dc86c,scena/mp2000_ev.dat,It's you guys harping on about maintaining,43
scena/mp2000_ev.dat:0x1dc8b9,scena/mp2000_ev.dat,a ghost sighting to try to freak us out!,41
scena/mp2000_ev.dat:0x1dc8e2,scena/mp2000_ev.dat,Stooping to low-level tactics like faking,42
scena/mp2000_ev.dat:0x1dc91c,scena/mp2000_ev.dat,Uh-oh... Things are heating up.,32
scena/mp2000_ev.dat:0x1dc9b0,scena/mp2000_ev.dat,Don't you think we should step in?,35
scena/mp2000_ev.dat:0x1dc9e3,scena/mp2000_ev.dat,I reckon we can afford to wait.,32
scena/mp2000_ev.dat:0x1dca03,scena/mp2000_ev.dat,They're all just talk right now.,33
scena/mp2000_ev.dat:0x1dca34,scena/mp2000_ev.dat,in case a fight does break out.,32
scena/mp2000_ev.dat:0x1dca54,scena/mp2000_ev.dat,But it would be good if we could get closer,44
scena/mp2000_ev.dat:0x1dca8f,scena/mp2000_ev.dat,so I think we can afford to wait.,34
scena/mp2000_ev.dat:0x1dcab1,scena/mp2000_ev.dat,"They're not actually fighting just yet,",40
scena/mp2000_ev.dat:0x1dcae9,scena/mp2000_ev.dat,closer in case it does come to blows.,38
scena/mp2000_ev.dat:0x1dcb0f,scena/mp2000_ev.dat,But it would be good if we could move,38
scena/mp2000_ev.dat:0x1dcb44,scena/mp2000_ev.dat,"Yeah, but there's too many onlookers in the way.",49
scena/mp2000_ev.dat:0x1dcb8f,scena/mp2000_ev.dat,managed to get so far forward.,31
scena/mp2000_ev.dat:0x1dcbae,scena/mp2000_ev.dat,Goddess knows how Nial and Dorothy,35
scena/mp2000_ev.dat:0x1dcc8d,scena/mp2000_ev.dat,<S5>I've had enough of this!,29
scena/mp2000_ev.dat:0x1dccc2,scena/mp2000_ev.dat,stand no chance in a fight!,28
scena/mp2000_ev.dat:0x1dccde,scena/mp2000_ev.dat,<S5>A bunch of wimps like you would,36
scena/mp2000_ev.dat:0x1dcd1e,scena/mp2000_ev.dat,Oh yeah?! Let's do it!,23
scena/mp2000_ev.dat:0x1dcd44,scena/mp2000_ev.dat,nothing to defend Mr. Norman's honor!,38
scena/mp2000_ev.dat:0x1dcd6a,scena/mp2000_ev.dat,The Norman Trading Company will stop at,40
scena/mp2000_ev.dat:0x1dcda1,scena/mp2000_ev.dat,"Stop it, all of you! Violence is not the answer!",49
scena/mp2000_ev.dat:0x1dcdf4,scena/mp2000_ev.dat,Restrain yourselves! We must talk calmly.,42
scena/mp2000_ev.dat:0x1dce4c,scena/mp2000_ev.dat,(Uh-oh... This has gotten out of hand.),40
scena/mp2000_ev.dat:0x1dce83,scena/mp2000_ev.dat,(Things have gotten out of hand.),34
scena/mp2000_ev.dat:0x1dd165,scena/mp2000_ev.dat,Young Man's Voice,18
scena/mp2000_ev.dat:0x1dd177,scena/mp2000_ev.dat,Oh... What a sorry sight.,26
scena/mp2000_ev.dat:0x1dd1c6,scena/mp2000_ev.dat,Blond-Haired Young Man,23
scena/mp2000_ev.dat:0x1dd1dd,scena/mp2000_ev.dat,It creates rifts and nothing more.,35
scena/mp2000_ev.dat:0x1dd200,scena/mp2000_ev.dat,Nothing is ever born from fighting...,38
scena/mp2000_ev.dat:0x1dd236,scena/mp2000_ev.dat,"Rather, allow me to sing you a song.",37
scena/mp2000_ev.dat:0x1dd281,scena/mp2000_ev.dat,and the joining together of hands...,37
scena/mp2000_ev.dat:0x1dd2a6,scena/mp2000_ev.dat,"A gentle, heartbreaking melody about overcoming these rifts,",61
scena/mp2000_ev.dat:0x1dd32c,scena/mp2000_ev.dat,Blond-Haired Young Man,23
scena/mp2000_ev.dat:0x1dd343,scena/mp2000_ev.dat,a bright rainbow bridge...,27
scena/mp2000_ev.dat:0x1dd35e,scena/mp2000_ev.dat,Shining sunlight gleams upon,29
scena/mp2000_ev.dat:0x1dd3fb,scena/mp2000_ev.dat,Straight to you...,19
scena/mp2000_ev.dat:0x1dd40e,scena/mp2000_ev.dat,"Crossing over, step by step",28
scena/mp2000_ev.dat:0x1dd43e,scena/mp2000_ev.dat,it doth fade and thin...,25
scena/mp2000_ev.dat:0x1dd457,scena/mp2000_ev.dat,"Though I seek thy love, oh my path,",36
scena/mp2000_ev.dat:0x1dd48f,scena/mp2000_ev.dat,"And I dance alone, restlessly with the wind...",47
scena/mp2000_ev.dat:0x1dd4e0,scena/mp2000_ev.dat,And my true love is not to be reached,38
scena/mp2000_ev.dat:0x1dd506,scena/mp2000_ev.dat,If this fleeting wish shall never be,37
scena/mp2000_ev.dat:0x1dd5ea,scena/mp2000_ev.dat,with just one single scar...,29
scena/mp2000_ev.dat:0x1dd607,scena/mp2000_ev.dat,"Release me, let me go,",23
scena/mp2000_ev.dat:0x1dd67a,scena/mp2000_ev.dat,A sweet promise unkept up till now...,38
scena/mp2000_ev.dat:0x1dd6a0,scena/mp2000_ev.dat,A first promise and eternal vow,32
scena/mp2000_ev.dat:0x1dd79d,scena/mp2000_ev.dat,I'll turn it to amber... ,26
scena/mp2000_ev.dat:0x1dd7b7,scena/mp2000_ev.dat,"It's with your fleeting breath,",32
scena/mp2000_ev.dat:0x1dd7e6,scena/mp2000_ev.dat,I'll seal away our dream...,28
scena/mp2000_ev.dat:0x1dd802,scena/mp2000_ev.dat,"And with your sweet amber breath,",34
scena/mp2000_ev.dat:0x1ddb43,scena/mp2000_ev.dat,Heh... It seems you've all felt the depth of my passion.,57
scena/mp2000_ev.dat:0x1ddbcf,scena/mp2000_ev.dat,"After all, there is only one truth.",36
scena/mp2000_ev.dat:0x1ddc44,scena/mp2000_ev.dat,<w2000>LOVE IS ETERNAL!,24
scena/mp2000_ev.dat:0x1ddc5c,scena/mp2000_ev.dat,"That is to say,",16
scena/mp2000_ev.dat:0x1ddcd1,scena/mp2000_ev.dat,"A-Anyway, Portos.",18
scena/mp2000_ev.dat:0x1ddd03,scena/mp2000_ev.dat,"cool down a little, don't you?",31
scena/mp2000_ev.dat:0x1ddd22,scena/mp2000_ev.dat,I think perhaps we should all,30
scena/mp2000_ev.dat:0x1ddd4f,scena/mp2000_ev.dat,"We're blocking everyone's way, after all.",42
scena/mp2000_ev.dat:0x1ddd79,scena/mp2000_ev.dat,"Quite right, Norman.",21
scena/mp2000_ev.dat:0x1ddda5,scena/mp2000_ev.dat,"Back to the harbor, everybody!",31
scena/mp2000_ev.dat:0x1dddd3,scena/mp2000_ev.dat,"Y-Yeah, good idea.",19
scena/mp2000_ev.dat:0x1dddf5,scena/mp2000_ev.dat,Right... I-I have flyers to be handing out!,44
scena/mp2000_ev.dat:0x1dde55,scena/mp2000_ev.dat,(They all ran away...),23
scena/mp2000_ev.dat:0x1dde7b,scena/mp2000_ev.dat,(...I don't blame 'em.),24
scena/mp2000_ev.dat:0x1ddeab,scena/mp2000_ev.dat,(*Sigh*... Typical.),21
scena/mp2000_ev.dat:0x1ddedb,scena/mp2000_ev.dat,cool as quickly as they catch ablaze.,38
scena/mp2000_ev.dat:0x1ddf01,scena/mp2000_ev.dat,"No matter the nation, people's hearts",38
scena/mp2000_ev.dat:0x1ddf41,scena/mp2000_ev.dat,can restore calm in an instant!,32
scena/mp2000_ev.dat:0x1ddf61,scena/mp2000_ev.dat,"Still, how miraculous that this melody",39
scena/mp2000_ev.dat:0x1ddfa4,scena/mp2000_ev.dat,Let my dashing visage adorn the front page!,44
scena/mp2000_ev.dat:0x1ddfd0,scena/mp2000_ev.dat,<w1000>Take as many pictures as you wish.,42
scena/mp2000_ev.dat:0x1ddffa,scena/mp2000_ev.dat,"Now then, my eager reporters.",30
scena/mp2000_ev.dat:0x1de064,scena/mp2000_ev.dat,Then I'll get snapping!,24
scena/mp2000_ev.dat:0x1de07c,scena/mp2000_ev.dat,Yay! Are you sure?,19
scena/mp2000_ev.dat:0x1de0e9,scena/mp2000_ev.dat,"Yes, yes! Magnifique!",22
scena/mp2000_ev.dat:0x1de130,scena/mp2000_ev.dat,"So, anyway...",14
scena/mp2000_ev.dat:0x1de189,scena/mp2000_ev.dat,were about to say before.,26
scena/mp2000_ev.dat:0x1de1a3,scena/mp2000_ev.dat,I'd like to hear what you,26
scena/mp2000_ev.dat:0x1de1cc,scena/mp2000_ev.dat,"O-Oh, right.",13
scena/mp2000_ev.dat:0x1de1e9,scena/mp2000_ev.dat,if we don't report back soon.,30
scena/mp2000_ev.dat:0x1de207,scena/mp2000_ev.dat,We might start forgetting things,33
scena/mp2000_ev.dat:0x1de241,scena/mp2000_ev.dat,and talk to Jean.,18
scena/mp2000_ev.dat:0x1de253,scena/mp2000_ev.dat,Let's head back to the guild,29
scena/mp2000_ev.dat:0x1de287,scena/mp2000_ev.dat,and talk to Jean then.,23
scena/mp2000_ev.dat:0x1de29e,scena/mp2000_ev.dat,Let's head back to the guild,29
scena/mp2000_ev.dat:0x1de353,scena/mp2000_ev.dat,"Pray tell, where are you going?",32
scena/mp2000_ev.dat:0x1de373,scena/mp2000_ev.dat,"Wait a moment, my dear Estelle.",32
scena/mp2000_ev.dat:0x1de3fe,scena/mp2000_ev.dat,"Wait! Wait for me, I-I beg of you!",35
scena/mp2000_ev.dat:0x1de48d,scena/mp2000_ev.dat,Whoa! What a great expression!,31
scena/mp2000_ev.dat:0x1de525,scena/mp2000_ev.dat,"I guess it's kinda late to bring this up, but...",49
scena/mp2000_ev.dat:0x1de566,scena/mp2000_ev.dat,"with us, right, Olivier?",25
scena/mp2000_ev.dat:0x1de57f,scena/mp2000_ev.dat,You're planning on coming,26
scena/mp2000_ev.dat:0x1de5b9,scena/mp2000_ev.dat,"Need you even ask, my dear Estelle?",36
scena/mp2000_ev.dat:0x1de5f5,scena/mp2000_ev.dat,the sea? Of course I wish to accompany you!,44
scena/mp2000_ev.dat:0x1de621,scena/mp2000_ev.dat,Do birds fly in the sky? Do fish swim in,41
scena/mp2000_ev.dat:0x1de664,scena/mp2000_ev.dat,comforts of the hot springs to find myself here?,49
scena/mp2000_ev.dat:0x1de695,scena/mp2000_ev.dat,Why else would I have abandoned the tempting,45
scena/mp2000_ev.dat:0x1de6fc,scena/mp2000_ev.dat,this guy tagging along?,24
scena/mp2000_ev.dat:0x1de714,scena/mp2000_ev.dat,"Um, Agate? Are you okay with",29
scena/mp2000_ev.dat:0x1de740,scena/mp2000_ev.dat,...If he's gotta.,18
scena/mp2000_ev.dat:0x1de762,scena/mp2000_ev.dat,I don't trust you one bit.,27
scena/mp2000_ev.dat:0x1de77d,scena/mp2000_ev.dat,"But I'm tellin' you, bard,",27
scena/mp2000_ev.dat:0x1de7ca,scena/mp2000_ev.dat,the song right outta ya.,25
scena/mp2000_ev.dat:0x1de7e3,scena/mp2000_ev.dat,"Try anything funny, and I'll knock",35
scena/mp2000_ev.dat:0x1de837,scena/mp2000_ev.dat,How sad that you feel the need to threaten me.,47
scena/mp2000_ev.dat:0x1de876,scena/mp2000_ev.dat,daresay it could spice up my romantic life...,46
scena/mp2000_ev.dat:0x1de8a4,scena/mp2000_ev.dat,"Hotheads like you aren't my usual type, but I",46
scena/mp2000_ev.dat:0x1de905,scena/mp2000_ev.dat,Heh. No need to get so prickly.,32
scena/mp2000_ev.dat:0x1de935,scena/mp2000_ev.dat,until I've gained your trust.,30
scena/mp2000_ev.dat:0x1de953,scena/mp2000_ev.dat,I'll hold off on the sweet talk,32
scena/mp2000_ev.dat:0x1dea1e,scena/mp2000_ev.dat,hell are you talking about?!,29
scena/mp2000_ev.dat:0x1dea3b,scena/mp2000_ev.dat,<S5>Are you freakin' crazy? What the,37
scena/mp2000_ev.dat:0x1dea9d,scena/mp2000_ev.dat,romantic tension in the air~!,30
scena/mp2000_ev.dat:0x1deabb,scena/mp2000_ev.dat,Ooh~! My heart is racing from the,34
scena/mp2000_ev.dat:0x1deaf7,scena/mp2000_ev.dat,with this on his own...),25
scena/mp2000_ev.dat:0x1deb10,scena/mp2000_ev.dat,(I think I'll let Agate deal,29
scena/mp2000_ev.dat:0x1deb4c,scena/mp2000_ev.dat,Can he tag along?,18
scena/mp2000_ev.dat:0x1deb5e,scena/mp2000_ev.dat,"What do you say, Schera?",25
scena/mp2000_ev.dat:0x1deb86,scena/mp2000_ev.dat,have an extra pair of hands...,31
scena/mp2000_ev.dat:0x1deba5,scena/mp2000_ev.dat,Hmm... It might be good to,27
scena/mp2000_ev.dat:0x1debd0,scena/mp2000_ev.dat,"But can I ask you a question, Olivier?",39
scena/mp2000_ev.dat:0x1dec19,scena/mp2000_ev.dat,still hanging around in Liberl?,32
scena/mp2000_ev.dat:0x1dec39,scena/mp2000_ev.dat,Does Master Cassius know that you're,37
scena/mp2000_ev.dat:0x1decca,scena/mp2000_ev.dat,What an insightful question!,29
scena/mp2000_ev.dat:0x1dece7,scena/mp2000_ev.dat,"Sharp as ever, Schera.",23
scena/mp2000_ev.dat:0x1ded1c,scena/mp2000_ev.dat,is well aware I'm here.,24
scena/mp2000_ev.dat:0x1ded34,scena/mp2000_ev.dat,And the answer is yes. Cassius,31
scena/mp2000_ev.dat:0x1ded84,scena/mp2000_ev.dat,"Well, are your doubts cleared?",31
scena/mp2000_ev.dat:0x1dedc7,scena/mp2000_ev.dat,"Heh, I guess so.",17
scena/mp2000_ev.dat:0x1dee03,scena/mp2000_ev.dat,know that I'll hold you to your word.,38
scena/mp2000_ev.dat:0x1dee29,scena/mp2000_ev.dat,"But if you're promising to help us,",36
scena/mp2000_ev.dat:0x1dee77,scena/mp2000_ev.dat,"If I catch you slacking off, I'll put you",42
scena/mp2000_ev.dat:0x1deee1,scena/mp2000_ev.dat,"Oh, I shall do my utmost to satisfy you.",41
scena/mp2000_ev.dat:0x1def28,scena/mp2000_ev.dat,romantic tension in the air~!,30
scena/mp2000_ev.dat:0x1def46,scena/mp2000_ev.dat,Ooh~! My heart is racing from the,34
scena/mp2000_ev.dat:0x1def82,scena/mp2000_ev.dat,just how to handle him.),25
scena/mp2000_ev.dat:0x1def9b,scena/mp2000_ev.dat,"(Nice one, Schera. You know",28
scena/mp2000_ev.dat:0x1df01d,scena/mp2000_ev.dat,attacked by enemies while moving in battle.,44
scena/mp2000_ev.dat:0x1df049,scena/mp2000_ev.dat,<C1>Escorted characters can take damage if,43
scena/mp2000_ev.dat:0x1df074,scena/mp2000_ev.dat,"automatic game over, so be careful.",36
scena/mp2000_ev.dat:0x1df098,scena/mp2000_ev.dat,"<C1>If they become incapacitated, it's an",42
scena/mp2000_ev.dat:0x1df0c2,scena/mp2000_ev.dat,recover a little HP after each battle.,39
scena/mp2000_ev.dat:0x1df0e9,scena/mp2000_ev.dat,"<C1>However, escorted characters automatically",47
scena/mp2000_ev.dat:0x1df118,scena/mp2000_ev.dat,party members.,15
scena/mp2000_ev.dat:0x1df127,scena/mp2000_ev.dat,"with arts or items, just like your other",41
scena/mp2000_ev.dat:0x1df150,scena/mp2000_ev.dat,"<C1>During command battles, you can heal them",46
scena/mp2000_ev.dat:0x1df1a4,scena/mp2000_ev.dat,amount of damage and stun damage inflicted.,44
scena/mp2000_ev.dat:0x1df1d0,scena/mp2000_ev.dat,"<C1>The lower the enemy's level, the greater the",49
scena/mp2000_ev.dat:0x1df201,scena/mp2000_ev.dat,"to 2x, making battles considerably easier.",43
scena/mp2000_ev.dat:0x1df22c,scena/mp2000_ev.dat,"enemy, damage dealt will increase by up",40
scena/mp2000_ev.dat:0x1df254,scena/mp2000_ev.dat,<C1>If you are 5 or more levels higher than an,47
scena/mp2000_ev.dat:0x1df283,scena/mp2000_ev.dat,"the enemy, try using <I914>Target Lock.",40
scena/mp2000_ev.dat:0x1df2ab,scena/mp2000_ev.dat,<C1>If you want to check your level against,44
scena/mp2000_ev.dat:0x1df309,scena/mp2000_ev.dat,Jenis Royal Academy,20
scena/mp2000_ev.dat:0x1df332,scena/mp2000_ev.dat,"So, this is Jenis Royal Academy.",33
scena/mp2000_ev.dat:0x1df362,scena/mp2000_ev.dat,tears of youthful buds beginning to blossom...,47
scena/mp2000_ev.dat:0x1df391,scena/mp2000_ev.dat,"An institution filled with the blood, sweat, and",49
scena/mp2000_ev.dat:0x1df3d2,scena/mp2000_ev.dat,Heh... It lives up to its reputation.,38
scena/mp2000_ev.dat:0x1df408,scena/mp2000_ev.dat,things to photograph here~,27
scena/mp2000_ev.dat:0x1df423,scena/mp2000_ev.dat,Oh my! There are sooo many,27
scena/mp2000_ev.dat:0x1df45b,scena/mp2000_ev.dat,I'm gonna take a ton of pictures while I can~,46
scena/mp2000_ev.dat:0x1df499,scena/mp2000_ev.dat,ghost thing and nothin' else.,30
scena/mp2000_ev.dat:0x1df4b7,scena/mp2000_ev.dat,"Hey, we're here to investigate the",35
scena/mp2000_ev.dat:0x1df515,scena/mp2000_ev.dat,You better keep that in mind.,30
scena/mp2000_ev.dat:0x1df542,scena/mp2000_ev.dat,*Sigh* Let's not get sidetracked.,34
scena/mp2000_ev.dat:0x1df59f,scena/mp2000_ev.dat,Don't forget we're here on an investigation.,45
scena/mp2000_ev.dat:0x1df5db,scena/mp2000_ev.dat,"Wow, this really takes me back.",32
scena/mp2000_ev.dat:0x1df664,scena/mp2000_ev.dat,"academy, but still...",22
scena/mp2000_ev.dat:0x1df67a,scena/mp2000_ev.dat,I only spent a week at this,28
scena/mp2000_ev.dat:0x1df6bd,scena/mp2000_ev.dat,with your friends here in that one week.,41
scena/mp2000_ev.dat:0x1df6e6,scena/mp2000_ev.dat,Just goes to show how much you bonded,38
scena/mp2000_ev.dat:0x1df72e,scena/mp2000_ev.dat,play at the school festival?,29
scena/mp2000_ev.dat:0x1df74b,scena/mp2000_ev.dat,Weren't you in some kinda,26
scena/mp2000_ev.dat:0x1df780,scena/mp2000_ev.dat,with your friends here in that one week.,41
scena/mp2000_ev.dat:0x1df7a9,scena/mp2000_ev.dat,Seems like you had quite a meaningful time,43
scena/mp2000_ev.dat:0x1df7f6,scena/mp2000_ev.dat,play at the school festival?,29
scena/mp2000_ev.dat:0x1df813,scena/mp2000_ev.dat,Weren't you in some kind of,28
scena/mp2000_ev.dat:0x1df83e,scena/mp2000_ev.dat,"Oh, yeah. Nial said something about that!",42
scena/mp2000_ev.dat:0x1df880,scena/mp2000_ev.dat,"played a princess, right?!",27
scena/mp2000_ev.dat:0x1df89b,scena/mp2000_ev.dat,"Estelle and Kloe were knights, and Joshua",42
scena/mp2000_ev.dat:0x1df8f9,scena/mp2000_ev.dat,"Oh, if only I could've snapped a picture!",42
scena/mp2000_ev.dat:0x1df967,scena/mp2000_ev.dat,By the Goddess... Is that true?!,33
scena/mp2000_ev.dat:0x1df9fe,scena/mp2000_ev.dat,such an alluring sight!,24
scena/mp2000_ev.dat:0x1dfa16,scena/mp2000_ev.dat,H-How cruel that I wasn't here to witness,42
scena/mp2000_ev.dat:0x1dfa69,scena/mp2000_ev.dat,with him to don the costume once more!,39
scena/mp2000_ev.dat:0x1dfa90,scena/mp2000_ev.dat,I must hunt Joshua down and plead,34
scena/mp2000_ev.dat:0x1dfae0,scena/mp2000_ev.dat,feel a lot less sentimental.,29
scena/mp2000_ev.dat:0x1dfafd,scena/mp2000_ev.dat,"Okay, now I'm starting to",26
scena/mp2000_ev.dat:0x1dfb37,scena/mp2000_ev.dat,something about exams happening.,33
scena/mp2000_ev.dat:0x1dfb58,scena/mp2000_ev.dat,"Anyway, Matron Theresa mentioned",33
scena/mp2000_ev.dat:0x1dfbe6,scena/mp2000_ev.dat,I wonder if they're still going on.,36
scena/mp2000_ev.dat:0x1dfd14,scena/mp2000_ev.dat,but I guess you're welcoming us?,33
scena/mp2000_ev.dat:0x1dfd35,scena/mp2000_ev.dat,"Haha... I have no idea what you're saying,",43
scena/mp2000_ev.dat:0x1dfd7a,scena/mp2000_ev.dat,"Long time no see, Sieg. How've you been?",41
scena/mp2000_ev.dat:0x1dfdda,scena/mp2000_ev.dat,Girl's Voice,13
scena/mp2000_ev.dat:0x1dfe97,scena/mp2000_ev.dat,I haven't seen you since the Birthday Festival!,48
scena/mp2000_ev.dat:0x1dfeef,scena/mp2000_ev.dat,"Yes, it's been a while...",26
scena/mp2000_ev.dat:0x1dff58,scena/mp2000_ev.dat,Um... I...,11
scena/mp2000_ev.dat:0x1e0032,scena/mp2000_ev.dat,"Whoa! What's wrong, Kloe?",26
scena/mp2000_ev.dat:0x1e007f,scena/mp2000_ev.dat,"<W600>I'm sorry... I'm so, so sorry...",39
scena/mp2000_ev.dat:0x1e00fe,scena/mp2000_ev.dat,And I...I couldn't do anything to help you!,44
scena/mp2000_ev.dat:0x1e012a,scena/mp2000_ev.dat,<W600>You were going through so much...,40
scena/mp2000_ev.dat:0x1e01ce,scena/mp2000_ev.dat,<W600>I just feel so completely useless...,43
scena/mp2000_ev.dat:0x1e0212,scena/mp2000_ev.dat,"<W600>Hey, come on... Don't say things like that.",50
scena/mp2000_ev.dat:0x1e026b,scena/mp2000_ev.dat,much means a lot!,18
scena/mp2000_ev.dat:0x1e027d,scena/mp2000_ev.dat,<W600>Just the fact that you care so,37
scena/mp2000_ev.dat:0x1e02ba,scena/mp2000_ev.dat,<W600>And I know Joshua would feel the same.,45
scena/mp2000_ev.dat:0x1e02fb,scena/mp2000_ev.dat,<W600>And besides... It's great to see you again.,50
scena/mp2000_ev.dat:0x1e03a6,scena/mp2000_ev.dat,<W800>It's great to see you too...,35
scena/mp2000_ev.dat:0x1e03ed,scena/mp2000_ev.dat,us back together again!,24
scena/mp2000_ev.dat:0x1e0405,scena/mp2000_ev.dat,<W800>I'm so grateful to the Goddess for bringing,50
scena/mp2000_ev.dat:0x1e045a,scena/mp2000_ev.dat,"Okay, okay. Enough of the drama, you two!",42
scena/mp2000_ev.dat:0x1e04b9,scena/mp2000_ev.dat,"seen each other since the Birthday Festival, right?",52
scena/mp2000_ev.dat:0x1e04ed,scena/mp2000_ev.dat,"Good to see you, Estelle. I don't think we've",46
scena/mp2000_ev.dat:0x1e0542,scena/mp2000_ev.dat,"Yeah, that's right.",20
scena/mp2000_ev.dat:0x1e0573,scena/mp2000_ev.dat,"You too, Hans. Long time no see.",33
scena/mp2000_ev.dat:0x1e05a3,scena/mp2000_ev.dat,"Yeah, it's been a while.",25
scena/mp2000_ev.dat:0x1e05d3,scena/mp2000_ev.dat,but I'll save it for later.,28
scena/mp2000_ev.dat:0x1e05ef,scena/mp2000_ev.dat,"There's a lot I want to talk to you about,",43
scena/mp2000_ev.dat:0x1e062a,scena/mp2000_ev.dat,show you to Headmaster Collins' office.,40
scena/mp2000_ev.dat:0x1e0652,scena/mp2000_ev.dat,"You're here on bracer business, right? I can",45
scena/mp2000_ev.dat:0x1e06b7,scena/mp2000_ev.dat,Uh-oh! How did it get so late?!,32
scena/mp2000_ev.dat:0x1e06eb,scena/mp2000_ev.dat,council room?,14
scena/mp2000_ev.dat:0x1e06f9,scena/mp2000_ev.dat,the students. Shall we go back to the student,46
scena/mp2000_ev.dat:0x1e0727,scena/mp2000_ev.dat,"Well, I think we've spoken to most of",38
scena/mp2000_ev.dat:0x1e0766,scena/mp2000_ev.dat,"Yeah, let's go.",16
scena/mp2000_ev.dat:0x1e0790,scena/mp2000_ev.dat,when we all share our findings.,32
scena/mp2000_ev.dat:0x1e07b0,scena/mp2000_ev.dat,Hopefully something will come to light,39
scena/mp2000_ev.dat:0x1e0806,scena/mp2000_ev.dat,<C1>The back gate is locked.,29
scena/mp2000_ev.dat:0x1e0833,scena/mp2000_ev.dat,Use key,8
scena/mp2000_ev.dat:0x1e083b,scena/mp2000_ev.dat,Don't use key,14
scena/mp2000_ev.dat:0x1e08bb,scena/mp2000_ev.dat,Alright. Here we are.,22
scena/mp2000_ev.dat:0x1e08e8,scena/mp2000_ev.dat,There's the old schoolhouse.,29
scena/mp2000_ev.dat:0x1e091c,scena/mp2000_ev.dat,"It certainly looks the part, heh.",34
scena/mp2000_ev.dat:0x1e0963,scena/mp2000_ev.dat,This is going to be one spine-tingling adventure.,50
scena/mp2000_ev.dat:0x1e09b8,scena/mp2000_ev.dat,Teehee... I've got goosebumps already!,39
scena/mp2000_ev.dat:0x1e09ef,scena/mp2000_ev.dat,don't look all that scared.,28
scena/mp2000_ev.dat:0x1e0a0b,scena/mp2000_ev.dat,I've gotta say you guys,24
scena/mp2000_ev.dat:0x1e0a60,scena/mp2000_ev.dat,What's up?,11
scena/mp2000_ev.dat:0x1e0a7b,scena/mp2000_ev.dat,"Estelle, look at the door.",27
scena/mp2000_ev.dat:0x1e0b19,scena/mp2000_ev.dat,What's this? A card?,21
scena/mp2000_ev.dat:0x1e0b42,scena/mp2000_ev.dat,There's something written on it.,33
scena/mp2000_ev.dat:0x1e0b9f,scena/mp2000_ev.dat,"<C2>Unbidden visitor, welcome to my transient abode.",53
scena/mp2000_ev.dat:0x1e0bd4,scena/mp2000_ev.dat,pray present yourself to me.,29
scena/mp2000_ev.dat:0x1e0bf1,scena/mp2000_ev.dat,"<C2>Should you not fear a thousand-year curse,",47
scena/mp2000_ev.dat:0x1e0c20,scena/mp2000_ev.dat,Seek a 'hollow flame.',23
scena/mp2000_ev.dat:0x1e0c37,scena/mp2000_ev.dat,<C2>The first curse awaits in the great hall.,46
scena/mp2000_ev.dat:0x1e0ced,scena/mp2000_ev.dat,<K4>Th-The heck just happened?!,32
scena/mp2000_ev.dat:0x1e0d1c,scena/mp2000_ev.dat,<K4>What was that?!,20
scena/mp2000_ev.dat:0x1e0d5e,scena/mp2000_ev.dat,"Spontaneous combustion, maybe?",31
scena/mp2000_ev.dat:0x1e0d90,scena/mp2000_ev.dat,with poltergeists!,19
scena/mp2000_ev.dat:0x1e0da3,scena/mp2000_ev.dat,<R>Apparently you get that sometimes,37
scena/mp2000_ev.dat:0x1e0dd7,scena/mp2000_ev.dat,Hmph. A flashy provocation.,28
scena/mp2000_ev.dat:0x1e0e03,scena/mp2000_ev.dat,He's challenging us with a riddle.,35
scena/mp2000_ev.dat:0x1e0e43,scena/mp2000_ev.dat,"Hah! Bring it on, ghostie!",27
scena/mp2000_ev.dat:0x1e0e77,scena/mp2000_ev.dat,"of living, breathing humans?!",30
scena/mp2000_ev.dat:0x1e0e95,scena/mp2000_ev.dat,You think you can get the better,33
scena/mp2000_ev.dat:0x1e0ec5,scena/mp2000_ev.dat,Nice fighting talk.,20
scena/mp2000_ev.dat:0x1e0f18,scena/mp2000_ev.dat,Anyhow... What's all this about a 'hollow flame?',50
scena/mp2000_ev.dat:0x1e0f5f,scena/mp2000_ev.dat,"putting on a brave face, Estelle.",34
scena/mp2000_ev.dat:0x1e0f81,scena/mp2000_ev.dat,I'm impressed with how you're still,36
scena/mp2000_ev.dat:0x1e0fe5,scena/mp2000_ev.dat,'hollow flame' might mean?,27
scena/mp2000_ev.dat:0x1e1000,scena/mp2000_ev.dat,Anyway... What do you think this,33
scena/mp2000_ev.dat:0x1e1036,scena/mp2000_ev.dat,entrance hall.,15
scena/mp2000_ev.dat:0x1e1045,scena/mp2000_ev.dat,I expect the 'great hall' is probably the big,46
scena/mp2000_ev.dat:0x1e108b,scena/mp2000_ev.dat,see what awaits us there.,26
scena/mp2000_ev.dat:0x1e10a5,scena/mp2000_ev.dat,"Well, we'll have to go inside and",34
scena/mp2000_ev.dat:0x1e10d6,scena/mp2000_ev.dat,Y-Yeah... Let's go in!,23
scena/mp2000_ev.dat:0x1e116d,scena/mp2000_ev.dat,The 'fallen head' lies 'within the garden'...,46
scena/mp2000_ev.dat:0x1e11aa,scena/mp2000_ev.dat,"Could this be it, do you think?",32
scena/mp2000_ev.dat:0x1e11d9,scena/mp2000_ev.dat,Yeah... I think you're right.,30
scena/mp2000_ev.dat:0x1e1247,scena/mp2000_ev.dat,key inside the stone planter.,30
scena/mp2000_ev.dat:0x1e1265,scena/mp2000_ev.dat,<C1>There was a card and an old,32
scena/mp2000_ev.dat:0x1e1285,scena/mp2000_ev.dat,test and present yourself to me.,33
scena/mp2000_ev.dat:0x1e12a6,scena/mp2000_ev.dat,<C2>The curse is now complete. Pass the final,46
scena/mp2000_ev.dat:0x1e1311,scena/mp2000_ev.dat,Obtained ,10
scena/mp2000_ev.dat:0x1e1341,scena/mp2000_ev.dat,"So that's the end of the riddles, huh?",39
scena/mp2000_ev.dat:0x1e138a,scena/mp2000_ev.dat,"is now complete' part, though.",31
scena/mp2000_ev.dat:0x1e13a9,scena/mp2000_ev.dat,I'm not loving the sound of the 'curse,39
scena/mp2000_ev.dat:0x1e13e0,scena/mp2000_ev.dat,Heh. But our ghost has led us to a key.,40
scena/mp2000_ev.dat:0x1e1429,scena/mp2000_ev.dat,We just have to figure out where to use it.,44
scena/mp2000_ev.dat:0x1e1476,scena/mp2000_ev.dat,Obtained ,10
scena/mp2000_ev.dat:0x1e14f0,scena/mp2000_ev.dat,"still linger, burning with unspent desire...",45
scena/mp2000_ev.dat:0x1e151d,scena/mp2000_ev.dat,"The festivities have ended, and yet we",39
scena/mp2000_ev.dat:0x1e155c,scena/mp2000_ev.dat,soothing breath of the sea to tame the fire in my,50
scena/mp2000_ev.dat:0x1e158e,scena/mp2000_ev.dat,I wait but for the pale light of the moon and the,50
scena/mp2000_ev.dat:0x1e15cf,scena/mp2000_ev.dat,Young Man's Voice,18
scena/mp2000_ev.dat:0x1e15e1,scena/mp2000_ev.dat,...Sorry to keep you waiting.,30
scena/mp2000_ev.dat:0x1e1623,scena/mp2000_ev.dat,"Heh, you're right on time.",27
scena/mp2000_ev.dat:0x1e165b,scena/mp2000_ev.dat,"And reliable to a fault, as always.",36
scena/mp2000_ev.dat:0x1e168e,scena/mp2000_ev.dat,"every once in a while, you know...",35
scena/mp2000_ev.dat:0x1e16b1,scena/mp2000_ev.dat,It is no sin to be fashionably late,36
scena/mp2000_ev.dat:0x1e16ef,scena/mp2000_ev.dat,Silver-Haired Young Man,24
scena/mp2000_ev.dat:0x1e1707,scena/mp2000_ev.dat,This is just how I am.,23
scena/mp2000_ev.dat:0x1e172e,scena/mp2000_ev.dat,Back to business. I'm ready to hear your report.,49
scena/mp2000_ev.dat:0x1e176e,scena/mp2000_ev.dat,"Haha, no need for such haste!",30
scena/mp2000_ev.dat:0x1e17bd,scena/mp2000_ev.dat,Allow me to bask in it a while longer.,39
scena/mp2000_ev.dat:0x1e17e4,scena/mp2000_ev.dat,I'm having a delightful evening.,33
scena/mp2000_ev.dat:0x1e1814,scena/mp2000_ev.dat,"taken quite a liking to them, then.",36
scena/mp2000_ev.dat:0x1e1838,scena/mp2000_ev.dat,Hm... Seems like you've,24
scena/mp2000_ev.dat:0x1e188d,scena/mp2000_ev.dat,continues to win my heart.,27
scena/mp2000_ev.dat:0x1e18a8,scena/mp2000_ev.dat,"Yes, the lovely princess",25
scena/mp2000_ev.dat:0x1e18d0,scena/mp2000_ev.dat,unexpected rival in matters of beauty.,39
scena/mp2000_ev.dat:0x1e18f7,scena/mp2000_ev.dat,And I happened to encounter an,31
scena/mp2000_ev.dat:0x1e1925,scena/mp2000_ev.dat,Heheh... There's much to be done.,34
scena/mp2000_ev.dat:0x1e1956,scena/mp2000_ev.dat,You never change.,18
scena/mp2000_ev.dat:0x1e1978,scena/mp2000_ev.dat,but don't let them jeopardize the plan.,40
scena/mp2000_ev.dat:0x1e19a0,scena/mp2000_ev.dat,"It's not a sin to have hobbies,",32
scena/mp2000_ev.dat:0x1e19de,scena/mp2000_ev.dat,"Heh, you need not worry about that.",36
scena/mp2000_ev.dat:0x1e1a26,scena/mp2000_ev.dat, take this.,12
scena/mp2000_ev.dat:0x1e1a9d,scena/mp2000_ev.dat,...Very good.,14
scena/mp2000_ev.dat:0x1e1aba,scena/mp2000_ev.dat,Well then... How did your experiments go?,42
scena/mp2000_ev.dat:0x1e1afd,scena/mp2000_ev.dat,we have around a 90% success rate.,35
scena/mp2000_ev.dat:0x1e1b20,scena/mp2000_ev.dat,"Hm, yes... I would say that",28
scena/mp2000_ev.dat:0x1e1b4c,scena/mp2000_ev.dat,successfully reached quite distant coordinates.,48
scena/mp2000_ev.dat:0x1e1b7c,scena/mp2000_ev.dat,The holograms from our projection device,41
scena/mp2000_ev.dat:0x1e1bb4,scena/mp2000_ev.dat,of attempts ended in failure...,32
scena/mp2000_ev.dat:0x1e1bd4,scena/mp2000_ev.dat,"Unfortunately, the first couple",32
scena/mp2000_ev.dat:0x1e1c13,scena/mp2000_ev.dat,"things did go smoothly, however.",33
scena/mp2000_ev.dat:0x1e1c34,scena/mp2000_ev.dat,"From the third attempt onward,",31
scena/mp2000_ev.dat:0x1e1c62,scena/mp2000_ev.dat,but acceptable.,16
scena/mp2000_ev.dat:0x1e1c72,scena/mp2000_ev.dat,"Hmm... Not exactly what we wanted,",35
scena/mp2000_ev.dat:0x1e1ca9,scena/mp2000_ev.dat,I'll let the Professor know right away.,40
scena/mp2000_ev.dat:0x1e1cfd,scena/mp2000_ev.dat,But about that Gospel...,25
scena/mp2000_ev.dat:0x1e1d25,scena/mp2000_ev.dat,as demonstrated during the Orbal Shutdown.,43
scena/mp2000_ev.dat:0x1e1d50,scena/mp2000_ev.dat,"It far exceeds our current technology,",39
scena/mp2000_ev.dat:0x1e1d86,scena/mp2000_ev.dat,"Thirteen Factories, but how does it work?",42
scena/mp2000_ev.dat:0x1e1db0,scena/mp2000_ev.dat,I heard it was developed by the,32
scena/mp2000_ev.dat:0x1e1ddf,scena/mp2000_ev.dat,"I don't know the details, either.",34
scena/mp2000_ev.dat:0x1e1e11,scena/mp2000_ev.dat,part of a 'miracle.',21
scena/mp2000_ev.dat:0x1e1e26,scena/mp2000_ev.dat,each of these phenomena constitutes,36
scena/mp2000_ev.dat:0x1e1e4a,scena/mp2000_ev.dat,"But according to the Professor,",32
scena/mp2000_ev.dat:0x1e1e79,scena/mp2000_ev.dat,"A miracle, you say...",22
scena/mp2000_ev.dat:0x1e1eab,scena/mp2000_ev.dat,domain of the Goddess alone.,29
scena/mp2000_ev.dat:0x1e1ec8,scena/mp2000_ev.dat,Hmm... Miracles are the,24
scena/mp2000_ev.dat:0x1e1efb,scena/mp2000_ev.dat,What could he have meant by that?,34
scena/mp2000_ev.dat:0x1e1f37,scena/mp2000_ev.dat,experiments will reveal its true potential.,44
scena/mp2000_ev.dat:0x1e1f63,scena/mp2000_ev.dat,"At any rate, I imagine that further",36
scena/mp2000_ev.dat:0x1e1f97,scena/mp2000_ev.dat,And then...,12
scena/mp2000_ev.dat:0x1e2031,scena/mp2000_ev.dat,into the theatre during our play.,34
scena/mp2000_ev.dat:0x1e2053,scena/mp2000_ev.dat,It seems a little mouse has snuck,34
scena/mp2000_ev.dat:0x1e2084,scena/mp2000_ev.dat,the script to accommodate our guest?,37
scena/mp2000_ev.dat:0x1e20a9,scena/mp2000_ev.dat,"Now, however shall we rewrite",30
scena/mp2000_ev.dat:0x1e20f8,scena/mp2000_ev.dat,mouse decides to behave.,25
scena/mp2000_ev.dat:0x1e2111,scena/mp2000_ev.dat,That depends on how the,24
scena/mp2000_ev.dat:0x1e2155,scena/mp2000_ev.dat,"Hah, indeed.",13
scena/mp2000_ev.dat:0x1e2194,scena/mp2000_ev.dat,Now then... I do so wonder how,31
scena/mp2000_ev.dat:0x1e21c2,scena/mp2000_ev.dat,Drunk Voice,12
scena/mp2000_ev.dat:0x1e21ce,scena/mp2000_ev.dat,<S3>*Hic* Hoo boy...,21
scena/mp2000_ev.dat:0x1e224b,scena/mp2000_ev.dat,live to squeak another day.,28
scena/mp2000_ev.dat:0x1e2267,scena/mp2000_ev.dat,It seems our wayward rodent will,33
scena/mp2000_ev.dat:0x1e2297,scena/mp2000_ev.dat,They should thank the Goddess.,31
scena/mp2000_ev.dat:0x1e2441,scena/mp2000_ev.dat,"Gyahaha, bring out more booze!",31
scena/mp2000_ev.dat:0x1e2470,scena/mp2000_ev.dat,Urp... Nope... Can't keep...drinking...,40
scena/mp2000_ev.dat:0x1e24c9,scena/mp2000_ev.dat, I-I can get stronger... I swear I can!,40
scena/mp2000_ev.dat:0x1e256e,scena/mp2000_ev.dat,Phew... I thought I was done for...,36
scena/mp2000_ev.dat:0x1e25a2,scena/mp2000_ev.dat,my endless thanks to Aidios for this.,38
scena/mp2000_ev.dat:0x1e25c8,scena/mp2000_ev.dat,"Heh, and naturally I'll be givin'",34
scena/mp2000_ev.dat:0x1e262e,scena/mp2000_ev.dat,But man...were those guys even human?,38
scena/mp2000_ev.dat:0x1e2663,scena/mp2000_ev.dat,"the Society are like, huh...",29
scena/mp2000_ev.dat:0x1e2680,scena/mp2000_ev.dat,So that's what Enforcers from,30
scena/mp2000_ev.dat:0x1e2767,scena/mp2000_ev.dat,Alrighty... We should head out for Zeiss.,42
scena/mp2000_ev.dat:0x1e27a1,scena/mp2000_ev.dat,Let's go to the landing port when we're all ready.,51
scena/mp2000_ev.dat:0x1e27fb,scena/mp2000_ev.dat,we should hit the road.,24
scena/mp2000_ev.dat:0x1e2813,scena/mp2000_ev.dat,"If there's nothing else to do,",31
scena/mp2000_ev.dat:0x1e2863,scena/mp2000_ev.dat,we should get going.,21
scena/mp2000_ev.dat:0x1e2878,scena/mp2000_ev.dat,"If we don't have anything else to do,",38
scena/mp2000_ev.dat:0x1e28c6,scena/mp2000_ev.dat,Wherever did Ms. Dorothy run off to?,37
scena/mp2000_ev.dat:0x1e28eb,scena/mp2000_ev.dat,That reminds me...,19
scena/mp2000_ev.dat:0x1e290d,scena/mp2000_ev.dat,She seems to have vanished into thin air.,42
scena/mp2000_ev.dat:0x1e2946,scena/mp2000_ev.dat,"Oh, she went to go see Nial at the hotel.",42
scena/mp2000_ev.dat:0x1e298c,scena/mp2000_ev.dat,before we leave Ruan.,22
scena/mp2000_ev.dat:0x1e29a2,scena/mp2000_ev.dat,Maybe we should go say bye,27
scena/mp2000_ev.dat:0x1e29cc,scena/mp2000_ev.dat,"Hehe, yes, that's a great idea.",32
scena/mp2000_ev.dat:0x1e29fc,scena/mp2000_ev.dat,"children and Matron Theresa, too, but...",41
scena/mp2000_ev.dat:0x1e2a25,scena/mp2000_ev.dat,I would've liked to say goodbye to the,39
scena/mp2000_ev.dat:0x1e2a67,scena/mp2000_ev.dat,it seems they weren't home.,28
scena/mp2000_ev.dat:0x1e2a83,scena/mp2000_ev.dat,"When I tried getting in touch earlier,",39
scena/mp2000_ev.dat:0x1e2aba,scena/mp2000_ev.dat,"Oh, I see. That's a shame.",27
scena/mp2000_ev.dat:0x1e2ae4,scena/mp2000_ev.dat,"one more time, too.",20
scena/mp2000_ev.dat:0x1e2af8,scena/mp2000_ev.dat,Aww... I wanted to see them,28
scena/mp2000_ev.dat:0x1e2b24,scena/mp2000_ev.dat,once we get to Zeiss.,22
scena/mp2000_ev.dat:0x1e2b3a,scena/mp2000_ev.dat,You could just send 'em a letter,33
scena/mp2000_ev.dat:0x1e2b86,scena/mp2000_ev.dat,if we need to.,15
scena/mp2000_ev.dat:0x1e2b95,scena/mp2000_ev.dat,"Besides, we can always come back",33
scena/mp2000_ev.dat:0x1e2bc5,scena/mp2000_ev.dat,a letter when we get to Zeiss?,31
scena/mp2000_ev.dat:0x1e2be4,scena/mp2000_ev.dat,Why don't you send them,24
scena/mp2000_ev.dat:0x1e2c4c,scena/mp2000_ev.dat,we can come right back to visit.,33
scena/mp2000_ev.dat:0x1e2c6d,scena/mp2000_ev.dat,"And if we really want to,",26
scena/mp2000_ev.dat:0x1e2ca3,scena/mp2000_ev.dat,"Yes, I think I will.",21
scena/mp2000_ev.dat:0x1e2cc7,scena/mp2000_ev.dat,"Yeah, I'll write one with you!",31
scena/mp2000_ev.dat:0x1e2d05,scena/mp2000_ev.dat,Heh... Then let us be on our merry way.,40
scena/mp2000_ev.dat:0x1e2d6c,scena/mp2000_ev.dat,where the kingdom's greatest minds converge...,47
scena/mp2000_ev.dat:0x1e2d9b,scena/mp2000_ev.dat,"To the bastion of industry and orbal innovation,",49
scena/mp2000_ev.dat:0x1e2e3b,scena/mp2000_ev.dat,"Hey, welcome.",14
scena/mp2000_ev.dat:0x1e2e58,scena/mp2000_ev.dat,"to Zeiss, aren't you?",22
scena/mp2000_ev.dat:0x1e2e6e,scena/mp2000_ev.dat,You're the bracers traveling,29
scena/mp2000_ev.dat:0x1e2e9a,scena/mp2000_ev.dat,"Um, yeah, we are.",18
scena/mp2000_ev.dat:0x1e2ebf,scena/mp2000_ev.dat,The guild will be covering your fare.,38
scena/mp2000_ev.dat:0x1e2ee5,scena/mp2000_ev.dat,Jean's filled me in.,21
scena/mp2000_ev.dat:0x1e2f16,scena/mp2000_ev.dat,You wanna check in right now?,30
scena/mp2000_ev.dat:0x1e2f43,scena/mp2000_ev.dat,Ready to check in?,19
scena/mp2000_ev.dat:0x1e2f56,scena/mp2000_ev.dat,Lemme know what your plan is.,30
scena/mp2000_ev.dat:0x1e2f83,scena/mp2000_ev.dat,wait here until the ship arrives.,34
scena/mp2000_ev.dat:0x1e2fa5,scena/mp2000_ev.dat,"Once we've checked in, we should",33
scena/mp2000_ev.dat:0x1e2fde,scena/mp2000_ev.dat,"us to do in Ruan, is there?",28
scena/mp2000_ev.dat:0x1e2ffa,scena/mp2000_ev.dat,There's nothing left for,25
scena/mp2000_ev.dat:0x1e3022,scena/mp2000_ev.dat,we should wait here for the ship.,34
scena/mp2000_ev.dat:0x1e3044,scena/mp2000_ev.dat,"Once we're checked in,",23
scena/mp2000_ev.dat:0x1e3073,scena/mp2000_ev.dat,"We've finished all there is to do in Ruan, right?",50
scena/mp2000_ev.dat:0x1e30b4,scena/mp2000_ev.dat,you're ready to get checked in.,32
scena/mp2000_ev.dat:0x1e30d4,scena/mp2000_ev.dat,"Alright, give us a shout when",30
scena/mp2000_ev.dat:0x1e3118,scena/mp2000_ev.dat,Please just sign this for me.,30
scena/mp2000_ev.dat:0x1e3136,scena/mp2000_ev.dat,"Alright then, everybody.",25
scena/mp2000_ev.dat:0x1e315e,scena/mp2000_ev.dat,"Okay, we will.",15
scena/mp2000_ev.dat:0x1e31b9,scena/mp2000_ev.dat,procedures for their flight.,29
scena/mp2000_ev.dat:0x1e31d6,scena/mp2000_ev.dat,<C1>They completed check-in,28
scena/mp2000_ev.dat:0x1e3206,scena/mp2000_ev.dat,"Great, everyone's good to go.",30
scena/mp2000_ev.dat:0x1e3250,scena/mp2000_ev.dat,in the dock until the airliner arrives.,40
scena/mp2000_ev.dat:0x1e3278,scena/mp2000_ev.dat,You can relax and take it easy over,36
scena/mp2000_ev.dat:0x1e32ab,scena/mp2000_ev.dat,Sure thing!,12
scena/mp2000_ev.dat:0x1e32db,scena/mp2000_ev.dat,Check in,9
scena/mp2000_ev.dat:0x1e32e4,scena/mp2000_ev.dat,I still have things to do,26
scena/mp2000_ev.dat:0x1e33fc,scena/mp2000_ev.dat,"Alright, let's get on board, too.",34
scena/mp2000_ev.dat:0x1e3448,scena/mp2000_ev.dat,"Yes, we should...",18
scena/mp2000_ev.dat:0x1e3485,scena/mp2000_ev.dat,Boy's Voice,12
scena/mp2000_ev.dat:0x1e3491,scena/mp2000_ev.dat,"Look, there she is!",20
scena/mp2000_ev.dat:0x1e34e9,scena/mp2000_ev.dat,"Wh-Whoa, you guys?!",20
scena/mp2000_ev.dat:0x1e350c,scena/mp2000_ev.dat,Why are you all here...?,25
scena/mp2000_ev.dat:0x1e354b,scena/mp2000_ev.dat,We came to say bye!,20
scena/mp2000_ev.dat:0x1e356f,scena/mp2000_ev.dat,"Man, do you even care about us?",32
scena/mp2000_ev.dat:0x1e35a7,scena/mp2000_ev.dat,How could you leave without telling us first?!,47
scena/mp2000_ev.dat:0x1e35ea,scena/mp2000_ev.dat,Yeah! We're super mad!,23
scena/mp2000_ev.dat:0x1e3632,scena/mp2000_ev.dat,"Umm, Kloe? Are you really leaving?",35
scena/mp2000_ev.dat:0x1e3664,scena/mp2000_ev.dat,Yes... I'm sorry.,18
scena/mp2000_ev.dat:0x1e3685,scena/mp2000_ev.dat,but I was told that you were out...,36
scena/mp2000_ev.dat:0x1e36a9,scena/mp2000_ev.dat,"I wanted to say goodbye,",25
scena/mp2000_ev.dat:0x1e36d2,scena/mp2000_ev.dat,were on their way to Ruan.,27
scena/mp2000_ev.dat:0x1e36ed,scena/mp2000_ev.dat,Guess it was because they,26
scena/mp2000_ev.dat:0x1e3771,scena/mp2000_ev.dat,Woman's Voice,14
scena/mp2000_ev.dat:0x1e377f,scena/mp2000_ev.dat,Hehe. I'm glad we made it in time.,35
scena/mp2000_ev.dat:0x1e3844,scena/mp2000_ev.dat,"Matron! Wait, and you guys too?!",33
scena/mp2000_ev.dat:0x1e3874,scena/mp2000_ev.dat,Ahaha! Made it...but just barely.,34
scena/mp2000_ev.dat:0x1e38a6,scena/mp2000_ev.dat,decided to do a 'surprise' send-off!,37
scena/mp2000_ev.dat:0x1e38cb,scena/mp2000_ev.dat,"Ugh, this is all because you suddenly",38
scena/mp2000_ev.dat:0x1e3908,scena/mp2000_ev.dat,"Well, we made it, didn't we?",29
scena/mp2000_ev.dat:0x1e3987,scena/mp2000_ev.dat,you were getting ready to leave.,33
scena/mp2000_ev.dat:0x1e39a8,scena/mp2000_ev.dat,"So, Jill and the others told me",32
scena/mp2000_ev.dat:0x1e3a04,scena/mp2000_ev.dat,come and say our goodbyes.,27
scena/mp2000_ev.dat:0x1e3a1f,scena/mp2000_ev.dat,We decided we should all,25
scena/mp2000_ev.dat:0x1e3a62,scena/mp2000_ev.dat,join the little excursion too.,31
scena/mp2000_ev.dat:0x1e3a81,scena/mp2000_ev.dat,"Haha. Naturally, I decided to",30
scena/mp2000_ev.dat:0x1e3aaf,scena/mp2000_ev.dat,"Right, I see now...",20
scena/mp2000_ev.dat:0x1e3b48,scena/mp2000_ev.dat,"Hey, Estelle?",14
scena/mp2000_ev.dat:0x1e3b6a,scena/mp2000_ev.dat,We heard that Joshua...ran away from home.,43
scena/mp2000_ev.dat:0x1e3bdf,scena/mp2000_ev.dat,The matron told us about what happened...,42
scena/mp2000_ev.dat:0x1e3c18,scena/mp2000_ev.dat,I see...,9
scena/mp2000_ev.dat:0x1e3c38,scena/mp2000_ev.dat,"Yeah, it's true. I'm sorry for not telling you.",48
scena/mp2000_ev.dat:0x1e3c87,scena/mp2000_ev.dat,"No, it's okay.",15
scena/mp2000_ev.dat:0x1e3d01,scena/mp2000_ev.dat,the Goddess every single day!,30
scena/mp2000_ev.dat:0x1e3d1f,scena/mp2000_ev.dat,"Um, we'll make sure to pray to",31
scena/mp2000_ev.dat:0x1e3d82,scena/mp2000_ev.dat,home as soon as possible!,26
scena/mp2000_ev.dat:0x1e3d9c,scena/mp2000_ev.dat,We'll ask her to bring Joshua,30
scena/mp2000_ev.dat:0x1e3dda,scena/mp2000_ev.dat,"Yeah, I'll pray too!",21
scena/mp2000_ev.dat:0x1e3dff,scena/mp2000_ev.dat,I'm sure she'll answer us!,27
scena/mp2000_ev.dat:0x1e3e42,scena/mp2000_ev.dat,"Oh, you guys...",16
scena/mp2000_ev.dat:0x1e3e61,scena/mp2000_ev.dat,"Hehe, thank you.",17
scena/mp2000_ev.dat:0x1e3e82,scena/mp2000_ev.dat,We'll chip in and offer our prayers as well.,45
scena/mp2000_ev.dat:0x1e3ebf,scena/mp2000_ev.dat,"Estelle, Kloe... Take care on your travels.",44
scena/mp2000_ev.dat:0x1e3f24,scena/mp2000_ev.dat,"should know your limits, too.",30
scena/mp2000_ev.dat:0x1e3f42,scena/mp2000_ev.dat,"It's good to work hard, but you",32
scena/mp2000_ev.dat:0x1e3f71,scena/mp2000_ev.dat,if something bad happened to either of you.,44
scena/mp2000_ev.dat:0x1e3f9d,scena/mp2000_ev.dat,A certain someone would never forgive himself,46
scena/mp2000_ev.dat:0x1e3feb,scena/mp2000_ev.dat,"Jill, Hans...",14
scena/mp2000_ev.dat:0x1e4008,scena/mp2000_ev.dat,Right... We'll be careful.,27
scena/mp2000_ev.dat:0x1e403a,scena/mp2000_ev.dat,"Estelle, please look after Kloe for me.",40
scena/mp2000_ev.dat:0x1e4071,scena/mp2000_ev.dat,but she's more vulnerable than she lets on.,44
scena/mp2000_ev.dat:0x1e409d,scena/mp2000_ev.dat,"She puts on a brave face,",26
scena/mp2000_ev.dat:0x1e40e1,scena/mp2000_ev.dat,"Hehe, she's safe with me.",26
scena/mp2000_ev.dat:0x1e412d,scena/mp2000_ev.dat,be the one looking after me.,29
scena/mp2000_ev.dat:0x1e414a,scena/mp2000_ev.dat,"But to be honest, I think she'll",33
scena/mp2000_ev.dat:0x1e41a4,scena/mp2000_ev.dat,opportunity to reflect.,24
scena/mp2000_ev.dat:0x1e41bc,scena/mp2000_ev.dat,"Kloe, I hope you can use this as an",36
scena/mp2000_ev.dat:0x1e421a,scena/mp2000_ev.dat,what's really right for you.,29
scena/mp2000_ev.dat:0x1e4237,scena/mp2000_ev.dat,Take your time and figure out,30
scena/mp2000_ev.dat:0x1e428b,scena/mp2000_ev.dat,Yes... I will.,15
scena/mp2000_ev.dat:0x1e42c7,scena/mp2000_ev.dat,Both are noble paths to walk.,30
scena/mp2000_ev.dat:0x1e42e5,scena/mp2000_ev.dat,Bracer and student...,22
scena/mp2000_ev.dat:0x1e430b,scena/mp2000_ev.dat,much through all that's happened.,34
scena/mp2000_ev.dat:0x1e432d,scena/mp2000_ev.dat,And the two of you have grown so,33
scena/mp2000_ev.dat:0x1e435d,scena/mp2000_ev.dat,without letting it go to your head.,36
scena/mp2000_ev.dat:0x1e4381,scena/mp2000_ev.dat,Learn to use that strength,27
scena/mp2000_ev.dat:0x1e43b3,scena/mp2000_ev.dat,challenges can be overcome.,28
scena/mp2000_ev.dat:0x1e43cf,scena/mp2000_ev.dat,"Achieve that, and even the hardest",35
scena/mp2000_ev.dat:0x1e4422,scena/mp2000_ev.dat,Estelle & Kloe,15
scena/mp2000_ev.dat:0x1e4431,scena/mp2000_ev.dat,"Yes, sir!",10
scena/mp2000_ev.dat:0x1e445b,scena/mp2000_ev.dat,Woman's Voice,14
scena/mp2000_ev.dat:0x1e4469,scena/mp2000_ev.dat,is about to depart.,20
scena/mp2000_ev.dat:0x1e447d,scena/mp2000_ev.dat,"<C1>The airliner Cecilia, bound for Zeiss,",43
scena/mp2000_ev.dat:0x1e44f8,scena/mp2000_ev.dat,"<C1>All passengers, please board now.",38
scena/mp2000_ev.dat:0x1e452e,scena/mp2000_ev.dat,"Oh, shoot...!",14
scena/mp2000_ev.dat:0x1e458d,scena/mp2000_ev.dat,"Okay, we're off now!",21
scena/mp2000_ev.dat:0x1e45b2,scena/mp2000_ev.dat,"Take care, everyone.",21
scena/mp2000_ev.dat:0x1e45ed,scena/mp2000_ev.dat,"You too, Kloe!",15
scena/mp2000_ev.dat:0x1e461a,scena/mp2000_ev.dat,"with some good stories, okay?",30
scena/mp2000_ev.dat:0x1e4638,scena/mp2000_ev.dat,Bring Joshua back home along,29
scena/mp2000_ev.dat:0x1e4873,scena/mp2000_ev.dat,Gull Seaside Way,17
scena/mp2000_ev.dat:0x1e4884,scena/mp2000_ev.dat,Gull Seaside Way,17
scena/mp2000_ev.dat:0x1e48b9,scena/mp2000_ev.dat,"This is goodbye, Estelle.",26
scena/mp2000_ev.dat:0x1e48e8,scena/mp2000_ev.dat,This is the end of the road.,29
scena/mp2000_ev.dat:0x1e4905,scena/mp2000_ev.dat,Stop chasing after me.,23
scena/mp2000_ev.dat:0x1e4992,scena/mp2000_ev.dat,"you one last time, but...",26
scena/mp2000_ev.dat:0x1e49ac,scena/mp2000_ev.dat,I'm happy I was able to see,28
scena/mp2000_ev.dat:0x1e4a12,scena/mp2000_ev.dat,"In the end, it's best if we're not together.",45
scena/mp2000_ev.dat:0x1e4a77,scena/mp2000_ev.dat,with someone like me.,22
scena/mp2000_ev.dat:0x1e4a8d,scena/mp2000_ev.dat,There's no good in being,25
scena/mp2000_ev.dat:0x1e4ab6,scena/mp2000_ev.dat,would only slow me down.,25
scena/mp2000_ev.dat:0x1e4acf,scena/mp2000_ev.dat,"And honestly, being with you",29
scena/mp2000_ev.dat:0x1e4b29,scena/mp2000_ev.dat,...You liar.,13
scena/mp2000_ev.dat:0x1e4ba0,scena/mp2000_ev.dat,"Listen, Joshua.",16
scena/mp2000_ev.dat:0x1e4bdb,scena/mp2000_ev.dat,I've learned a lot about you.,30
scena/mp2000_ev.dat:0x1e4bf9,scena/mp2000_ev.dat,"Over the course of this journey,",33
scena/mp2000_ev.dat:0x1e4c62,scena/mp2000_ev.dat,Including the real reason you left.,36
scena/mp2000_ev.dat:0x1e4c9a,scena/mp2000_ev.dat,the reason yourself.,21
scena/mp2000_ev.dat:0x1e4caf,scena/mp2000_ev.dat,I don't think you've even realized,35
scena/mp2000_ev.dat:0x1e4d63,scena/mp2000_ev.dat,which is why you can't be with me?,35
scena/mp2000_ev.dat:0x1e4d86,scena/mp2000_ev.dat,"You're fundamentally broken,",29
scena/mp2000_ev.dat:0x1e4db3,scena/mp2000_ev.dat,that happened to someone else?,31
scena/mp2000_ev.dat:0x1e4dd2,scena/mp2000_ev.dat,Our time together is like something,36
scena/mp2000_ev.dat:0x1e4e1a,scena/mp2000_ev.dat,There's no good in me being with you?,38
scena/mp2000_ev.dat:0x1e4e50,scena/mp2000_ev.dat,I'll only slow you down?,25
scena/mp2000_ev.dat:0x1e4e9e,scena/mp2000_ev.dat,All lies. All of it.,21
scena/mp2000_ev.dat:0x1e4f01,scena/mp2000_ev.dat,There's more. Just listen.,27
scena/mp2000_ev.dat:0x1e4f47,scena/mp2000_ev.dat,"Listen to me, Joshua... You're scared.",39
scena/mp2000_ev.dat:0x1e4fd6,scena/mp2000_ev.dat,You blame yourself for your sister's death...,46
scena/mp2000_ev.dat:0x1e5021,scena/mp2000_ev.dat,...and couldn't bear to see me suffer the same fate.,53
scena/mp2000_ev.dat:0x1e5093,scena/mp2000_ev.dat,That's why you ran away that night.,36
scena/mp2000_ev.dat:0x1e50d4,scena/mp2000_ev.dat,Everything else is an attempt to deceive yourself.,51
scena/mp2000_ev.dat:0x1e518c,scena/mp2000_ev.dat,Haha. You got it all wrong.,28
scena/mp2000_ev.dat:0x1e51e5,scena/mp2000_ev.dat,he hypnotically purged it of the ability to fear.,50
scena/mp2000_ev.dat:0x1e5217,scena/mp2000_ev.dat,"When the Professor rebuilt my mind,",36
scena/mp2000_ev.dat:0x1e5261,scena/mp2000_ev.dat,Such an emotion would only hinder me in the field.,51
scena/mp2000_ev.dat:0x1e5304,scena/mp2000_ev.dat,That's why your argument...is simply wrong.,44
scena/mp2000_ev.dat:0x1e535f,scena/mp2000_ev.dat,That's just surface-level stuff.,33
scena/mp2000_ev.dat:0x1e5380,scena/mp2000_ev.dat,"No, you're still not following me.",35
scena/mp2000_ev.dat:0x1e5427,scena/mp2000_ev.dat,"...Hey, Joshua.",16
scena/mp2000_ev.dat:0x1e544b,scena/mp2000_ev.dat,sister's death. Like it's someone else's tragedy...,52
scena/mp2000_ev.dat:0x1e547f,scena/mp2000_ev.dat,You feel so emotionally detached from your,43
scena/mp2000_ev.dat:0x1e54ca,scena/mp2000_ev.dat,Do you know why you feel that way?,35
scena/mp2000_ev.dat:0x1e54fc,scena/mp2000_ev.dat,I just said...,15
scena/mp2000_ev.dat:0x1e5543,scena/mp2000_ev.dat,...It's because I'm broken.,28
scena/mp2000_ev.dat:0x1e558d,scena/mp2000_ev.dat,"No, you're wrong.",18
scena/mp2000_ev.dat:0x1e55db,scena/mp2000_ev.dat,it was to lose someone you loved so much.,42
scena/mp2000_ev.dat:0x1e5605,scena/mp2000_ev.dat,You just don't want to remember how painful,44
scena/mp2000_ev.dat:0x1e5666,scena/mp2000_ev.dat,to distance yourself from what happened that day.,50
scena/mp2000_ev.dat:0x1e5698,scena/mp2000_ev.dat,That's why you've been subconsciously trying,45
scena/mp2000_ev.dat:0x1e5709,scena/mp2000_ev.dat,The same goes for saving me earlier.,37
scena/mp2000_ev.dat:0x1e5752,scena/mp2000_ev.dat,But you did it anyways.,24
scena/mp2000_ev.dat:0x1e576a,scena/mp2000_ev.dat,Sneaking onto that ship was anything but easy.,47
scena/mp2000_ev.dat:0x1e57ad,scena/mp2000_ev.dat,without any hesitation.,24
scena/mp2000_ev.dat:0x1e57c5,scena/mp2000_ev.dat,And swooped in to save me,26
scena/mp2000_ev.dat:0x1e580e,scena/mp2000_ev.dat,thought of me being in danger.,31
scena/mp2000_ev.dat:0x1e582d,scena/mp2000_ev.dat,Because you couldn't bear the,30
scena/mp2000_ev.dat:0x1e58c9,scena/mp2000_ev.dat,"You're not broken, Joshua.",27
scena/mp2000_ev.dat:0x1e5913,scena/mp2000_ev.dat,you've been lying to yourself.,31
scena/mp2000_ev.dat:0x1e5932,scena/mp2000_ev.dat,"You're just scared. And so,",28
scena/mp2000_ev.dat:0x1e597b,scena/mp2000_ev.dat,and total confidence.,22
scena/mp2000_ev.dat:0x1e5991,scena/mp2000_ev.dat,I can say that with complete,29
scena/mp2000_ev.dat:0x1e59dd,scena/mp2000_ev.dat,"B-But, I... How can you...",27
scena/mp2000_ev.dat:0x1e5bde,scena/mp2000_ev.dat,"Whew. This is a little embarrassing, huh?",42
scena/mp2000_ev.dat:0x1e5c18,scena/mp2000_ev.dat,...Yeah. A little.,19
scena/mp2000_ev.dat:0x1e5c3a,scena/mp2000_ev.dat,"Oh, before I forget!",21
scena/mp2000_ev.dat:0x1e5cb6,scena/mp2000_ev.dat,Here. This is yours.,21
scena/mp2000_ev.dat:0x1e5d1b,scena/mp2000_ev.dat,"thinking, shoving this onto me?",32
scena/mp2000_ev.dat:0x1e5d3b,scena/mp2000_ev.dat,"Come on, Joshua. What were you",31
scena/mp2000_ev.dat:0x1e5d78,scena/mp2000_ev.dat,It's a priceless keepsake of your sister!,42
scena/mp2000_ev.dat:0x1e5dd6,scena/mp2000_ev.dat,That was careless of me. Sorry.,32
scena/mp2000_ev.dat:0x1e5e3f,scena/mp2000_ev.dat,"...What was she like, by the way? Your sister.",47
scena/mp2000_ev.dat:0x1e5e88,scena/mp2000_ev.dat,Karin? Hm...,13
scena/mp2000_ev.dat:0x1e5ea5,scena/mp2000_ev.dat,"But she had grace and composure, too.",38
scena/mp2000_ev.dat:0x1e5ecb,scena/mp2000_ev.dat,She was very sweet and had a warm aura about her.,50
scena/mp2000_ev.dat:0x1e5f3e,scena/mp2000_ev.dat,that they even made me kind of jealous as a kid.,49
scena/mp2000_ev.dat:0x1e5f6f,scena/mp2000_ev.dat,She and Loewe were a perfect pair. So much so,46
scena/mp2000_ev.dat:0x1e5fc7,scena/mp2000_ev.dat,"Sweet, warm. Graceful and composed...",38
scena/mp2000_ev.dat:0x1e600f,scena/mp2000_ev.dat,"Sounds an awful lot like Kloe, wouldn't you say?",49
scena/mp2000_ev.dat:0x1e6068,scena/mp2000_ev.dat,Haha. Maybe.,13
scena/mp2000_ev.dat:0x1e6084,scena/mp2000_ev.dat,"Different faces, for sure. But similar personalities.",54
scena/mp2000_ev.dat:0x1e6123,scena/mp2000_ev.dat,What's up?,11
scena/mp2000_ev.dat:0x1e6150,scena/mp2000_ev.dat,I-It's nothing.,16
scena/mp2000_ev.dat:0x1e617e,scena/mp2000_ev.dat,"Kloe included, was worried sick.",33
scena/mp2000_ev.dat:0x1e619f,scena/mp2000_ev.dat,"Oh, just so you know, everyone,",32
scena/mp2000_ev.dat:0x1e61de,scena/mp2000_ev.dat,You'd better have a solid apology ready to go.,47
scena/mp2000_ev.dat:0x1e6237,scena/mp2000_ev.dat,"About that, I...",17
scena/mp2000_ev.dat:0x1e6270,scena/mp2000_ev.dat,"Nope, not having it.",21
scena/mp2000_ev.dat:0x1e6285,scena/mp2000_ev.dat,What? Don't deserve to come back home?,39
scena/mp2000_ev.dat:0x1e62cf,scena/mp2000_ev.dat,you were basically sleepwalking.,33
scena/mp2000_ev.dat:0x1e6336,scena/mp2000_ev.dat,"the end goal of sticking it to the Society, right?",51
scena/mp2000_ev.dat:0x1e6369,scena/mp2000_ev.dat,And stealing back the Bobcat? You did it with,46
scena/mp2000_ev.dat:0x1e63ca,scena/mp2000_ev.dat,evil plan and consider it even.,32
scena/mp2000_ev.dat:0x1e63ea,scena/mp2000_ev.dat,Just tell my dad about their secret,36
scena/mp2000_ev.dat:0x1e644f,scena/mp2000_ev.dat, a 'plea bargain?' Do that.,28
scena/mp2000_ev.dat:0x1e647b,scena/mp2000_ev.dat,I'm not sure this would qualify...,35
scena/mp2000_ev.dat:0x1e64c1,scena/mp2000_ev.dat,back onto the Glorious anytime soon.,37
scena/mp2000_ev.dat:0x1e64e6,scena/mp2000_ev.dat,"Plus, it's not like you'll be sneaking",39
scena/mp2000_ev.dat:0x1e6562,scena/mp2000_ev.dat,you'll need to stick with us.,30
scena/mp2000_ev.dat:0x1e6580,scena/mp2000_ev.dat,"If you're set on tanking the Society,",38
scena/mp2000_ev.dat:0x1e65cc,scena/mp2000_ev.dat,right about now...,19
scena/mp2000_ev.dat:0x1e65df,scena/mp2000_ev.dat,Glorious would actually be a smoldering wreck,46
scena/mp2000_ev.dat:0x1e660d,scena/mp2000_ev.dat,"About that. If you hadn't been abducted, the",45
scena/mp2000_ev.dat:0x1e6649,scena/mp2000_ev.dat,Oof. Point taken.,18
scena/mp2000_ev.dat:0x1e667f,scena/mp2000_ev.dat,...Wait a sec. What about everyone inside?,43
scena/mp2000_ev.dat:0x1e66be,scena/mp2000_ev.dat,planned on blowing ALL of them out of the sky?,47
scena/mp2000_ev.dat:0x1e66ed,scena/mp2000_ev.dat,"I know they're Society, but don't tell me you",46
scena/mp2000_ev.dat:0x1e6751,scena/mp2000_ev.dat,to take out Loewe and the Professor.,37
scena/mp2000_ev.dat:0x1e6776,scena/mp2000_ev.dat,...That was the only way I could think of,42
scena/mp2000_ev.dat:0x1e67c8,scena/mp2000_ev.dat,more than that to finish off those two.,40
scena/mp2000_ev.dat:0x1e67f0,scena/mp2000_ev.dat,"Though realistically, it'd probably take",41
scena/mp2000_ev.dat:0x1e684a,scena/mp2000_ev.dat,"Oh, for the love of...",23
scena/mp2000_ev.dat:0x1e6871,scena/mp2000_ev.dat,I take it back. I'm glad I got caught...,41
scena/mp2000_ev.dat:0x1e68c7,scena/mp2000_ev.dat,...and prevented you from making a huge mistake.,49
scena/mp2000_ev.dat:0x1e6997,scena/mp2000_ev.dat,S-Speak of the freaking devil!,31
scena/mp2000_ev.dat:0x1e69d7,scena/mp2000_ev.dat,"Oh. Airhead. You made it out too, huh?",39
scena/mp2000_ev.dat:0x1e6a30,scena/mp2000_ev.dat,you'd still be stuck in there.,31
scena/mp2000_ev.dat:0x1e6a4f,scena/mp2000_ev.dat,"Ugh. If I had things my way,",29
scena/mp2000_ev.dat:0x1e6aba,scena/mp2000_ev.dat,We didn't come here to fight.,30
scena/mp2000_ev.dat:0x1e6ad8,scena/mp2000_ev.dat,"C'mon, Josette. Be nice.",25
scena/mp2000_ev.dat:0x1e6b55,scena/mp2000_ev.dat,"Nah, we didn't. So whaddaya say, bracer girl?",46
scena/mp2000_ev.dat:0x1e6baa,scena/mp2000_ev.dat,You did save our butts earlier.,32
scena/mp2000_ev.dat:0x1e6bca,scena/mp2000_ev.dat,Sure. Why not.,15
scena/mp2000_ev.dat:0x1e6bf7,scena/mp2000_ev.dat,what we would've done without you guys.,40
scena/mp2000_ev.dat:0x1e6c1f,scena/mp2000_ev.dat,"Thanks for that, by the way. I don't know",42
scena/mp2000_ev.dat:0x1e6c6e,scena/mp2000_ev.dat,Gahaha. Don't mention it.,26
scena/mp2000_ev.dat:0x1e6cb0,scena/mp2000_ev.dat,"Yeah, exactly. Don't even mention it.",38
scena/mp2000_ev.dat:0x1e6ce6,scena/mp2000_ev.dat,Cause saving you wasn't in the plan!,37
scena/mp2000_ev.dat:0x1e6d33,scena/mp2000_ev.dat,deserve to get thrown back in jail.,36
scena/mp2000_ev.dat:0x1e6d57,scena/mp2000_ev.dat,"Grr... Well on second thought, maybe YOU",41
scena/mp2000_ev.dat:0x1e6d8f,scena/mp2000_ev.dat,"So Joshua, whatcha gonna do now?",33
scena/mp2000_ev.dat:0x1e6e36,scena/mp2000_ev.dat,"stab at recruiting you, but...",31
scena/mp2000_ev.dat:0x1e6e55,scena/mp2000_ev.dat,We came here to take another,29
scena/mp2000_ev.dat:0x1e6e90,scena/mp2000_ev.dat,"From the looks of things, guess we're too late.",48
scena/mp2000_ev.dat:0x1e6efa,scena/mp2000_ev.dat,"Yeah. Sorry, guys.",19
scena/mp2000_ev.dat:0x1e6f1c,scena/mp2000_ev.dat,"I don't know what the future will bring, but...",48
scena/mp2000_ev.dat:0x1e6f6e,scena/mp2000_ev.dat,And it's with Estelle.,23
scena/mp2000_ev.dat:0x1e6f85,scena/mp2000_ev.dat,"For now, at least, my path is set.",35
scena/mp2000_ev.dat:0x1e6ff6,scena/mp2000_ev.dat,Heh. That so?,14
scena/mp2000_ev.dat:0x1e708c,scena/mp2000_ev.dat,There'll be more chances down the road.,40
scena/mp2000_ev.dat:0x1e70b4,scena/mp2000_ev.dat,Oh well... Fine.,17
scena/mp2000_ev.dat:0x1e70e8,scena/mp2000_ev.dat,What's that now?,17
scena/mp2000_ev.dat:0x1e712a,scena/mp2000_ev.dat,"Hey, Joshua!",13
scena/mp2000_ev.dat:0x1e7146,scena/mp2000_ev.dat,"Come by when you get sick of that airhead, yeah?",49
scena/mp2000_ev.dat:0x1e7177,scena/mp2000_ev.dat,There's always a place for you on the Bobcat!,46
scena/mp2000_ev.dat:0x1e71b4,scena/mp2000_ev.dat,We'll be waiting!,18
scena/mp2000_ev.dat:0x1e71e7,scena/mp2000_ev.dat,"Grr, STOP calling me an airhead!",33
scena/mp2000_ev.dat:0x1e721e,scena/mp2000_ev.dat,"Haha. Thanks, Josette. For everything.",39
scena/mp2000_ev.dat:0x1e726f,scena/mp2000_ev.dat,"Don, Kyle. It's been a pleasure!",33
scena/mp2000_ev.dat:0x1e72f0,scena/mp2000_ev.dat,"Heh. The pleasure was ours, kid!",33
scena/mp2000_ev.dat:0x1e7320,scena/mp2000_ev.dat,See ya around. Hopefully sooner than later!,44
scena/mp2000_ev.dat:0x1e7402,scena/mp2000_ev.dat,"You know, Estelle...",21
scena/mp2000_ev.dat:0x1e7479,scena/mp2000_ev.dat,I want you to know how powerful our enemies are.,49
scena/mp2000_ev.dat:0x1e74ba,scena/mp2000_ev.dat,captured you to force me out of hiding.,40
scena/mp2000_ev.dat:0x1e74e2,scena/mp2000_ev.dat,It's very possible the Professor,33
scena/mp2000_ev.dat:0x1e751f,scena/mp2000_ev.dat,the Glorious while he was away.,32
scena/mp2000_ev.dat:0x1e753f,scena/mp2000_ev.dat,Thus preventing me from destroying,35
scena/mp2000_ev.dat:0x1e759b,scena/mp2000_ev.dat,the engines.,13
scena/mp2000_ev.dat:0x1e75a8,scena/mp2000_ev.dat,possible for him to take us out before restoring,49
scena/mp2000_ev.dat:0x1e75d9,scena/mp2000_ev.dat,"As for Loewe, it would have been entirely",42
scena/mp2000_ev.dat:0x1e7612,scena/mp2000_ev.dat,me as a threat.,16
scena/mp2000_ev.dat:0x1e7622,scena/mp2000_ev.dat,pity on me. I don't think he even acknowledged,47
scena/mp2000_ev.dat:0x1e7651,scena/mp2000_ev.dat,The only reason he didn't was because he took,46
scena/mp2000_ev.dat:0x1e76e8,scena/mp2000_ev.dat,The same goes for the other Enforcers.,39
scena/mp2000_ev.dat:0x1e771f,scena/mp2000_ev.dat,I simply can't compete.,24
scena/mp2000_ev.dat:0x1e7737,scena/mp2000_ev.dat,"In terms of raw combat ability,",32
scena/mp2000_ev.dat:0x1e7766,scena/mp2000_ev.dat,"It'll be an uphill battle, that's for sure.",44
scena/mp2000_ev.dat:0x1e77e8,scena/mp2000_ev.dat,But I can promise you this.,28
scena/mp2000_ev.dat:0x1e7837,scena/mp2000_ev.dat,Not again. Not ever.,21
scena/mp2000_ev.dat:0x1e784c,scena/mp2000_ev.dat,I won't turn a blind eye to reality.,37
scena/mp2000_ev.dat:0x1e78a0,scena/mp2000_ev.dat,Right to the very end.,23
scena/mp2000_ev.dat:0x1e78b7,scena/mp2000_ev.dat,And we'll walk this path together.,35
scena/mp2000_ev.dat:0x1e795f,scena/mp2000_ev.dat,Same here. And I'll hold you to it!,36
scena/mp2000_ev.dat:0x1e7cc1,scena/mp2000_ev.dat,Gull Seaside Way,17
scena/mp2000_ev.dat:0x1e7d36,scena/mp2000_ev.dat,They're still advancing.,25
scena/mp2000_ev.dat:0x1e7d66,scena/mp2000_ev.dat,If only we could reach the Manoria garrison.,45
scena/mp2000_ev.dat:0x1e7da2,scena/mp2000_ev.dat,We have to make it!,20
scena/mp2000_ev.dat:0x1e7db6,scena/mp2000_ev.dat,Keep your nerve!,17
scena/mp2000_ev.dat:0x1e7ef0,scena/mp2000_ev.dat,It's okay. Don't you fret.,27
scena/mp2000_ev.dat:0x1e7f1f,scena/mp2000_ev.dat,I won't let them lay a finger on you.,38
scena/mp2000_ev.dat:0x1e7fd2,scena/mp2000_ev.dat,Oh no. Now we're in trouble!,29
scena/mp2000_ev.dat:0x1e80d9,scena/mp2000_ev.dat,They're coming from the opposite direction?!,45
scena/mp2000_ev.dat:0x1e81d0,scena/mp2000_ev.dat,Stay back!,11
scena/mp2000_ev.dat:0x1e81db,scena/mp2000_ev.dat,Oh no you won't!,17
scena/mp2000_ev.dat:0x1e8262,scena/mp2000_ev.dat,Save us poor powerless souls.),31
scena/mp2000_ev.dat:0x1e8281,scena/mp2000_ev.dat,"(Oh, Aidios...",15
scena/mp2000_ev.dat:0x1e8744,scena/mp2000_ev.dat,Wh-Who are you?!,17
scena/mp2000_ev.dat:0x1e87f7,scena/mp2000_ev.dat,Are you...,11
scena/mp2000_ev.dat:0x1e8898,scena/mp2000_ev.dat,"Hey, sorry to keep you waiting.",32
scena/mp2000_ev.dat:0x1e88e2,scena/mp2000_ev.dat,"You're not hurt, are you?",26
scena/mp2000_ev.dat:0x1e88fc,scena/mp2000_ev.dat,Are you alright?,17
scena/mp2000_ev.dat:0x1e8956,scena/mp2000_ev.dat,We're fine.,12
scena/mp2000_ev.dat:0x1e8972,scena/mp2000_ev.dat,Woman's Voice,14
scena/mp2000_ev.dat:0x1e8980,scena/mp2000_ev.dat,I'm so glad we made it.,24
scena/mp2000_ev.dat:0x1e89bd,scena/mp2000_ev.dat,Goodness me...Carna!,21
scena/mp2000_ev.dat:0x1e89fb,scena/mp2000_ev.dat,"Hi, Matron. Long time no see.",30
scena/mp2000_ev.dat:0x1e8a28,scena/mp2000_ev.dat,Are you evacuating to Manoria?,31
scena/mp2000_ev.dat:0x1e8a56,scena/mp2000_ev.dat,us make our way there.,23
scena/mp2000_ev.dat:0x1e8a6d,scena/mp2000_ev.dat,"Yes, the soldiers were helping",31
scena/mp2000_ev.dat:0x1e8b6f,scena/mp2000_ev.dat,We'll handle this!,19
scena/mp2000_ev.dat:0x1e8baa,scena/mp2000_ev.dat,Take the children and hurry to Manoria!,40
scena/mp2000_ev.dat:0x1e8c00,scena/mp2000_ev.dat,Th-Thank you!,14
scena/mp2000_ev.dat:0x1e8c2d,scena/mp2000_ev.dat,"Everyone, follow me!",21
scena/mp2000_ev.dat:0x1e8c66,scena/mp2000_ev.dat,Got it!,8
scena/mp2000_ev.dat:0x1e8cbd,scena/mp2000_ev.dat,This looks like it could be tough.,35
scena/mp2000_ev.dat:0x1e8d33,scena/mp2000_ev.dat,"Yeah, but we have to give it a go.",35
scena/mp2000_ev.dat:0x1e8dbf,scena/mp2000_ev.dat,It's okay. We'll manage somehow.,33
scena/mp2000_ev.dat:0x1e8e09,scena/mp2000_ev.dat,and the others are doing at the towers!,40
scena/mp2000_ev.dat:0x1e8e31,scena/mp2000_ev.dat,This is nothing compared to what Estelle,41
scena/mp2000_ev.dat:0x1e8ea7,scena/mp2000_ev.dat,"Yeah, you have a point.",24
scena/mp2000_ev.dat:0x1e8eda,scena/mp2000_ev.dat,they can go off and fight without fretting.,44
scena/mp2000_ev.dat:0x1e8f06,scena/mp2000_ev.dat,We need to take care of things here so,39
scena/mp2000_ev.dat:0x1e8f6f,scena/mp2000_ev.dat,Fangshu: Impervious Steel!,27
scena/mp2000_ev.dat:0x1e9035,scena/mp2000_ev.dat,"Let's go, everyone!",20
scena/mp2000_ev.dat:0x1e9078,scena/mp2000_ev.dat,Anelace & Grant & Carna,24
scena/mp2000_ev.dat:0x1e9090,scena/mp2000_ev.dat,<S5>Got it! / Yes! / Yep!,26
scena/mp2000_ev.dat:0x1e9366,scena/mp2000_ev.dat,Return to the Arseille?,24
scena/mp2000_ev.dat:0x1e937e,scena/mp2000_ev.dat,Return to the ship,19
scena/mp2000_ev.dat:0x1e9391,scena/mp2000_ev.dat,Don't return,13
scena/mp2000_ev.dat:0x1e9448,scena/mp2000_ev.dat,The Sapphirl Tower...,22
scena/mp2000_ev.dat:0x1e9472,scena/mp2000_ev.dat,I wonder where we'll end up this time.,39
scena/mp2000_ev.dat:0x1e94ba,scena/mp2000_ev.dat,We won't know until we go in.,30
scena/mp2000_ev.dat:0x1e94e8,scena/mp2000_ev.dat,towers. How it works inside is anybody's guess.,48
scena/mp2000_ev.dat:0x1e9518,scena/mp2000_ev.dat,It doesn't have spatial constraints like regular,49
scena/mp2000_ev.dat:0x1e9558,scena/mp2000_ev.dat,Huh... That sounds creepy.,27
scena/mp2000_ev.dat:0x1e9598,scena/mp2000_ev.dat,Hmm... I don't like the sound of that.,39
scena/mp2000_ev.dat:0x1e95e3,scena/mp2000_ev.dat,"Oh boy, that sounds weird as anythin'.",39
scena/mp2000_ev.dat:0x1e962e,scena/mp2000_ev.dat,That is rather unsettling.,27
scena/mp2000_ev.dat:0x1e966d,scena/mp2000_ev.dat,Yikes! Now I'm feeling nervous!,32
scena/mp2000_ev.dat:0x1e96bf,scena/mp2000_ev.dat,I suppose we just have to go in.,33
scena/mp2000_ev.dat:0x1e9713,scena/mp2000_ev.dat,"Let's get moving. Stay alert, everyone.",40
scena/mp2000_ev.dat:0x1e986e,scena/mp2000_ev.dat,Woman's Voice,14
scena/mp2000_ev.dat:0x1e987c,scena/mp2000_ev.dat,Looks like you were a little late.,35
scena/mp2000_ev.dat:0x1e99d3,scena/mp2000_ev.dat,How nice to see you after all this time.,41
scena/mp2000_ev.dat:0x1e99fc,scena/mp2000_ev.dat,And Joshua too.,16
scena/mp2000_ev.dat:0x1e9a56,scena/mp2000_ev.dat,Why are you cooperating with the Professor?,44
scena/mp2000_ev.dat:0x1e9a91,scena/mp2000_ev.dat,I didn't think you were exactly close.,39
scena/mp2000_ev.dat:0x1e9aeb,scena/mp2000_ev.dat,I visited it on tour.,22
scena/mp2000_ev.dat:0x1e9b01,scena/mp2000_ev.dat,I'm sentimental about this place.,34
scena/mp2000_ev.dat:0x1e9b32,scena/mp2000_ev.dat,I guess I just got kinda carried away.,39
scena/mp2000_ev.dat:0x1e9b6d,scena/mp2000_ev.dat,why are you doing this?!,25
scena/mp2000_ev.dat:0x1e9b86,scena/mp2000_ev.dat,"But! But if it's so sentimental,",33
scena/mp2000_ev.dat:0x1e9bc5,scena/mp2000_ev.dat,How do you think Schera feels?!,32
scena/mp2000_ev.dat:0x1e9c03,scena/mp2000_ev.dat,Estelle... It's okay.,22
scena/mp2000_ev.dat:0x1e9c49,scena/mp2000_ev.dat,to get an answer out of her.,29
scena/mp2000_ev.dat:0x1e9c66,scena/mp2000_ev.dat,Words alone aren't enough,26
scena/mp2000_ev.dat:0x1e9c90,scena/mp2000_ev.dat,Not unless I prove I'm worthy of a response.,45
scena/mp2000_ev.dat:0x1e9d01,scena/mp2000_ev.dat,Ah... Hehe...,14
scena/mp2000_ev.dat:0x1e9d30,scena/mp2000_ev.dat,You know me all too well.,26
scena/mp2000_ev.dat:0x1e9d6d,scena/mp2000_ev.dat,taught me something new.,25
scena/mp2000_ev.dat:0x1e9d86,scena/mp2000_ev.dat,It was always that way when you,32
scena/mp2000_ev.dat:0x1e9dc2,scena/mp2000_ev.dat,"So, Luci... Promise me.",24
scena/mp2000_ev.dat:0x1e9e01,scena/mp2000_ev.dat,why you're helping the Society!,32
scena/mp2000_ev.dat:0x1e9e21,scena/mp2000_ev.dat,"If I prove myself to you, you'll tell me",41
scena/mp2000_ev.dat:0x1e9e8c,scena/mp2000_ev.dat,Hehe... You have a deal.,25
scena/mp2000_ev.dat:0x1e9f3c,scena/mp2000_ev.dat,L-Look out!,12
scena/mp2000_ev.dat:0x1e9f57,scena/mp2000_ev.dat,They're Eastern spirits of yin and yang!,41
scena/mp2000_ev.dat:0x1e9f80,scena/mp2000_ev.dat,Those things...,16
scena/mp2000_ev.dat:0x1e9fac,scena/mp2000_ev.dat,It's my own take on Eastern talisman magic.,44
scena/mp2000_ev.dat:0x1e9fe8,scena/mp2000_ev.dat,Let's see what you can do.,27
scena/mp2000_ev.dat:0x1ea01f,scena/mp2000_ev.dat,gained since we parted ways.,29
scena/mp2000_ev.dat:0x1ea03c,scena/mp2000_ev.dat,Show me the power you've,25
scena/mp2000_ev.dat:0x1ea08b,scena/mp2000_ev.dat,...Very well.,14
scena/mp2000_ev.dat:0x1ea0ad,scena/mp2000_ev.dat,<S5>Get ready for the Silver Streak!,37
scena/mp2000_ev.dat:0x1ea372,scena/mp2000_ev.dat,My spirits were defeated?!,27
scena/mp2000_ev.dat:0x1ea38d,scena/mp2000_ev.dat,"Oh, my...",10
scena/mp2000_ev.dat:0x1ea3a6,scena/mp2000_ev.dat,"The Divine Blade taught you well, hm?",38
scena/mp2000_ev.dat:0x1ea3db,scena/mp2000_ev.dat,*Pant* *Pant*,14
scena/mp2000_ev.dat:0x1ea3f9,scena/mp2000_ev.dat,"Well, Luci? We had a deal!",27
scena/mp2000_ev.dat:0x1ea437,scena/mp2000_ev.dat,You deserve an answer.,23
scena/mp2000_ev.dat:0x1ea44e,scena/mp2000_ev.dat,You did well.,14
scena/mp2000_ev.dat:0x1ea46b,scena/mp2000_ev.dat,<w2200>I wanted to explore my own darkness.,44
scena/mp2000_ev.dat:0x1ea497,scena/mp2000_ev.dat,Why did I join the Society...?,31
scena/mp2000_ev.dat:0x1ea528,scena/mp2000_ev.dat,Eight years ago...,19
scena/mp2000_ev.dat:0x1ea550,scena/mp2000_ev.dat,died after falling off a cliff?,32
scena/mp2000_ev.dat:0x1ea570,scena/mp2000_ev.dat,You remember when Mr. Harvey,29
scena/mp2000_ev.dat:0x1ea5a7,scena/mp2000_ev.dat,O-Of course I do.,18
scena/mp2000_ev.dat:0x1ea679,scena/mp2000_ev.dat,all went our separate ways.,28
scena/mp2000_ev.dat:0x1ea695,scena/mp2000_ev.dat,"Yes, the troupe disbanded and we",33
scena/mp2000_ev.dat:0x1ea6c6,scena/mp2000_ev.dat,alone in such a deserted place.,32
scena/mp2000_ev.dat:0x1ea6e6,scena/mp2000_ev.dat,But nobody knew why he'd been all,34
scena/mp2000_ev.dat:0x1ea726,scena/mp2000_ev.dat,Why do you think that was?,27
scena/mp2000_ev.dat:0x1ea750,scena/mp2000_ev.dat,Wh-Why...? Um...,17
scena/mp2000_ev.dat:0x1ea770,scena/mp2000_ev.dat,The answer is simple.,22
scena/mp2000_ev.dat:0x1ea795,scena/mp2000_ev.dat,alone that day on the cliff.,29
scena/mp2000_ev.dat:0x1ea7b2,scena/mp2000_ev.dat,"The fact is, he wasn't actually",32
scena/mp2000_ev.dat:0x1ea7e2,scena/mp2000_ev.dat,<w2200>He didn't fall. He was pushed.,38
scena/mp2000_ev.dat:0x1ea808,scena/mp2000_ev.dat,I was there with him.,22
scena/mp2000_ev.dat:0x1ea897,scena/mp2000_ev.dat,<W500>Wh-What do you mean?,27
scena/mp2000_ev.dat:0x1ea8da,scena/mp2000_ev.dat,Haha... I mean what I said.,28
scena/mp2000_ev.dat:0x1ea906,scena/mp2000_ev.dat,I killed Mr. Harvey with my own bare hands.,44
scena/mp2000_ev.dat:0x1ea950,scena/mp2000_ev.dat,"...This is some kind of sick joke, right?",42
scena/mp2000_ev.dat:0x1ea9e2,scena/mp2000_ev.dat,to you all as if nothing had happened.,39
scena/mp2000_ev.dat:0x1eaa09,scena/mp2000_ev.dat,I killed him and then came back,32
scena/mp2000_ev.dat:0x1eaa39,scena/mp2000_ev.dat,hear an illusion of his scream.,32
scena/mp2000_ev.dat:0x1eaa59,scena/mp2000_ev.dat,Then I rang my bell and made you all,37
scena/mp2000_ev.dat:0x1eaa8e,scena/mp2000_ev.dat,it was simple enough to do.,28
scena/mp2000_ev.dat:0x1eaaaa,scena/mp2000_ev.dat,"With my mastery of the art,",28
scena/mp2000_ev.dat:0x1eaaeb,scena/mp2000_ev.dat,<S5>No! Stop it!,17
scena/mp2000_ev.dat:0x1eab1f,scena/mp2000_ev.dat,I refuse to believe it!,24
scena/mp2000_ev.dat:0x1eab37,scena/mp2000_ev.dat,<S5>You can't have murdered him!,33
scena/mp2000_ev.dat:0x1eab83,scena/mp2000_ev.dat,"No, even closer than that!",27
scena/mp2000_ev.dat:0x1eab9e,scena/mp2000_ev.dat,You two were like family...,28
scena/mp2000_ev.dat:0x1eabec,scena/mp2000_ev.dat,And that's why I couldn't forgive him.,39
scena/mp2000_ev.dat:0x1eac22,scena/mp2000_ev.dat,How could he ever think of leaving us?,39
scena/mp2000_ev.dat:0x1ead06,scena/mp2000_ev.dat,It's going back to normal!,27
scena/mp2000_ev.dat:0x1ead3c,scena/mp2000_ev.dat,It's reverting!,16
scena/mp2000_ev.dat:0x1ead67,scena/mp2000_ev.dat,Is it reverting?,17
scena/mp2000_ev.dat:0x1ead93,scena/mp2000_ev.dat,It's going back to normal!,27
scena/mp2000_ev.dat:0x1eadc9,scena/mp2000_ev.dat,Huh! It's reverting!,21
scena/mp2000_ev.dat:0x1eaefd,scena/mp2000_ev.dat,It seems we're out of time.,28
scena/mp2000_ev.dat:0x1eaf84,scena/mp2000_ev.dat,Hold on...,11
scena/mp2000_ev.dat:0x1eafa2,scena/mp2000_ev.dat,What was the point of that barrier that was here?,50
scena/mp2000_ev.dat:0x1eafe3,scena/mp2000_ev.dat,Just what is the Society playing at?,37
scena/mp2000_ev.dat:0x1eb034,scena/mp2000_ev.dat,"any details, even to us.",25
scena/mp2000_ev.dat:0x1eb04d,scena/mp2000_ev.dat,I'm afraid they won't divulge,30
scena/mp2000_ev.dat:0x1eb07b,scena/mp2000_ev.dat,I was just doing what the Professor told me to.,48
scena/mp2000_ev.dat:0x1eb0ba,scena/mp2000_ev.dat,"tower, I have a pretty good idea.",34
scena/mp2000_ev.dat:0x1eb0dc,scena/mp2000_ev.dat,But now that I've seen the inside of the,41
scena/mp2000_ev.dat:0x1eb1e2,scena/mp2000_ev.dat,You haven't explained everything yet!,38
scena/mp2000_ev.dat:0x1eb208,scena/mp2000_ev.dat,"<S5>Wait, Luci!",16
scena/mp2000_ev.dat:0x1eb24f,scena/mp2000_ev.dat,<S5>I don't understand why you killed Mr. Harvey!,50
scena/mp2000_ev.dat:0x1eb29b,scena/mp2000_ev.dat,He was like a father to us!,28
scena/mp2000_ev.dat:0x1eb2b7,scena/mp2000_ev.dat,<S5>...He was such a lovely man.,33
scena/mp2000_ev.dat:0x1eb330,scena/mp2000_ev.dat,"Sorry, but that's all for now.",31
scena/mp2000_ev.dat:0x1eb381,scena/mp2000_ev.dat,I'll tell you the whole story when we meet again.,50
scena/mp2000_ev.dat:0x1eb3f5,scena/mp2000_ev.dat,You behave yourself in the meantime.,37
scena/mp2000_ev.dat:0x1eb503,scena/mp2000_ev.dat,"Hey, Schera...",15
scena/mp2000_ev.dat:0x1eb53e,scena/mp2000_ev.dat,...It's okay. Don't worry.,27
scena/mp2000_ev.dat:0x1eb569,scena/mp2000_ev.dat,the truth about Luci.,22
scena/mp2000_ev.dat:0x1eb57f,scena/mp2000_ev.dat,I'm one step closer to finding out,35
scena/mp2000_ev.dat:0x1eb5c0,scena/mp2000_ev.dat,For now...it's enough.,23
scena/mp2000_ev.dat:0x1eb631,scena/mp2000_ev.dat,Ms. Schera...,14
scena/mp2000_ev.dat:0x1eb6ad,scena/mp2000_ev.dat,That's three towers down...,28
scena/mp2000_ev.dat:0x1eb6e6,scena/mp2000_ev.dat,and head for the last one.,27
scena/mp2000_ev.dat:0x1eb701,scena/mp2000_ev.dat,Let's go back to the Arseille,30
scena/mp2000_ev.dat:0x1ebb78,scena/mp2000_ev.dat,Wh-What the heck?,18
scena/mp2000_ev.dat:0x1ebb9e,scena/mp2000_ev.dat,"Wow, that's quite the crowd...",31
scena/mp2000_ev.dat:0x1ebbfd,scena/mp2000_ev.dat,Middle-Aged Man,16
scena/mp2000_ev.dat:0x1ebc0d,scena/mp2000_ev.dat,"What, are you folks lookin' to get across, too?",48
scena/mp2000_ev.dat:0x1ebc87,scena/mp2000_ev.dat,"...Uh, across what?",20
scena/mp2000_ev.dat:0x1ebcb4,scena/mp2000_ev.dat,"C'mon, what else?",18
scena/mp2000_ev.dat:0x1ebce6,scena/mp2000_ev.dat,got stuck while it was raised!,31
scena/mp2000_ev.dat:0x1ebd05,scena/mp2000_ev.dat,Haven't ya heard? The Langland Bridge,38
scena/mp2000_ev.dat:0x1ebd44,scena/mp2000_ev.dat,if you want to get to the other side.,38
scena/mp2000_ev.dat:0x1ebd6a,scena/mp2000_ev.dat,"Now, thanks to that whole deal, it's boat or nothin'",53
scena/mp2000_ev.dat:0x1ebdb4,scena/mp2000_ev.dat,This here's where you catch that ferry.,40
scena/mp2000_ev.dat:0x1ebe40,scena/mp2000_ev.dat,"A-Ah, gotcha.",14
scena/mp2000_ev.dat:0x1ebe5d,scena/mp2000_ev.dat,I see... That sounds quite inconvenient.,41
scena/mp2000_ev.dat:0x1ebea8,scena/mp2000_ev.dat,"But, there's no gettin' around it.",35
scena/mp2000_ev.dat:0x1ebecb,scena/mp2000_ev.dat,A right pain in the neck is what it is.,40
scena/mp2000_ev.dat:0x1ebf03,scena/mp2000_ev.dat,"sure it's free, but...",23
scena/mp2000_ev.dat:0x1ebf1a,scena/mp2000_ev.dat,The new mayor's made,21
scena/mp2000_ev.dat:0x1ebf3e,scena/mp2000_ev.dat,takes at least half an hour.,29
scena/mp2000_ev.dat:0x1ebf5b,scena/mp2000_ev.dat,Just gettin' through the line,30
scena/mp2000_ev.dat:0x1ebf88,scena/mp2000_ev.dat,"Hang on, this sounds familiar...",33
scena/mp2000_ev.dat:0x1ebfbd,scena/mp2000_ev.dat,"Yeah, the ferry system that Jean told us about.",48
scena/mp2000_ev.dat:0x1ec075,scena/mp2000_ev.dat,Middle-Aged Man,16
scena/mp2000_ev.dat:0x1ec085,scena/mp2000_ev.dat,"What, are you folks lookin' to get across, too?",48
scena/mp2000_ev.dat:0x1ec0c9,scena/mp2000_ev.dat,"Um, yeah, we are.",18
scena/mp2000_ev.dat:0x1ec0f4,scena/mp2000_ev.dat,"...It's gonna cost us, huh.",28
scena/mp2000_ev.dat:0x1ec124,scena/mp2000_ev.dat,"made sure it's free, but...",28
scena/mp2000_ev.dat:0x1ec140,scena/mp2000_ev.dat,Nah. The new mayor's,21
scena/mp2000_ev.dat:0x1ec165,scena/mp2000_ev.dat,takes at least half an hour.,29
scena/mp2000_ev.dat:0x1ec182,scena/mp2000_ev.dat,Just gettin' through the line,30
scena/mp2000_ev.dat:0x1ec1af,scena/mp2000_ev.dat,"Honestly, I'm over it.",23
scena/mp2000_ev.dat:0x1ec1d5,scena/mp2000_ev.dat,No way...! Does it really take that long?,42
scena/mp2000_ev.dat:0x1ec218,scena/mp2000_ev.dat,"Well, that's a wait and a half.",32
scena/mp2000_ev.dat:0x1ec24c,scena/mp2000_ev.dat,"Yeesh, that's a lot of time to be standin' around.",51
scena/mp2000_ev.dat:0x1ec298,scena/mp2000_ev.dat,"round trips, that does make sense.",35
scena/mp2000_ev.dat:0x1ec2bb,scena/mp2000_ev.dat,Considering that they're making,32
scena/mp2000_ev.dat:0x1ec2f4,scena/mp2000_ev.dat,Figures that it'd take a while.,32
scena/mp2000_ev.dat:0x1ec314,scena/mp2000_ev.dat,"Still, I guess they gotta go both ways.",40
scena/mp2000_ev.dat:0x1ec355,scena/mp2000_ev.dat,That would take a lot of time.,31
scena/mp2000_ev.dat:0x1ec374,scena/mp2000_ev.dat,"Then again, they are loading people on both sides.",51
scena/mp2000_ev.dat:0x1ec3e1,scena/mp2000_ev.dat,Should we join the line?,25
scena/mp2000_ev.dat:0x1ec3fa,scena/mp2000_ev.dat,"What do you think, Estelle?",28
scena/mp2000_ev.dat:0x1ec4a9,scena/mp2000_ev.dat,"Nah, not right now.",20
scena/mp2000_ev.dat:0x1ec4d1,scena/mp2000_ev.dat,"Let's finish up here first, then head over.",44
scena/mp2000_ev.dat:0x1ec511,scena/mp2000_ev.dat,"Alright. Let's head back, then.",32
scena/mp2000_ev.dat:0x1ec562,scena/mp2000_ev.dat,like there's another way across.,33
scena/mp2000_ev.dat:0x1ec583,scena/mp2000_ev.dat,"...Ugh, we're gonna have to. It's not",38
scena/mp2000_ev.dat:0x1ec5bd,scena/mp2000_ev.dat,"Alright. Time to join the line, then.",38
scena/mp2000_ev.dat:0x1ec6bf,scena/mp2000_ev.dat,Thanks for waiting. You folks are up next.,43
scena/mp2000_ev.dat:0x1ec6fe,scena/mp2000_ev.dat,"Go on, all aboard with you now.",32
scena/mp2000_ev.dat:0x1ec73d,scena/mp2000_ev.dat,Ah. Right.,11
scena/mp2000_ev.dat:0x1ec760,scena/mp2000_ev.dat,Thank you very much.,21
scena/mp2000_ev.dat:0x1ec87e,scena/mp2000_ev.dat,"Right. It's your turn, folks.",30
scena/mp2000_ev.dat:0x1ec8b0,scena/mp2000_ev.dat,so hop on nice and quick.,26
scena/mp2000_ev.dat:0x1ec8ca,scena/mp2000_ev.dat,"That line's a doozy,",21
scena/mp2000_ev.dat:0x1ec90e,scena/mp2000_ev.dat,Cross to the South Block,25
scena/mp2000_ev.dat:0x1ec927,scena/mp2000_ev.dat,Don't take the ferry,21
scena/mp2000_ev.dat:0x1ecd84,scena/mp2000_ev.dat,Wh-What the heck?,18
scena/mp2000_ev.dat:0x1ecda9,scena/mp2000_ev.dat,"Wow, that's quite the crowd...",31
scena/mp2000_ev.dat:0x1ecdfc,scena/mp2000_ev.dat,Middle-Aged Man,16
scena/mp2000_ev.dat:0x1ece0c,scena/mp2000_ev.dat,"What, are you folks lookin' to get across, too?",48
scena/mp2000_ev.dat:0x1ece86,scena/mp2000_ev.dat,"...Uh, across what?",20
scena/mp2000_ev.dat:0x1eceb3,scena/mp2000_ev.dat,"C'mon, what else?",18
scena/mp2000_ev.dat:0x1ecee4,scena/mp2000_ev.dat,got stuck while it was raised!,31
scena/mp2000_ev.dat:0x1ecf03,scena/mp2000_ev.dat,Haven't ya heard? The Langland Bridge,38
scena/mp2000_ev.dat:0x1ecf41,scena/mp2000_ev.dat,if you want to get to the other side.,38
scena/mp2000_ev.dat:0x1ecf67,scena/mp2000_ev.dat,"Now, thanks to that whole deal, it's boat or nothin'",53
scena/mp2000_ev.dat:0x1ecfb0,scena/mp2000_ev.dat,This here's where you catch that ferry.,40
scena/mp2000_ev.dat:0x1ed03b,scena/mp2000_ev.dat,"A-Ah, gotcha.",14
scena/mp2000_ev.dat:0x1ed058,scena/mp2000_ev.dat,I see... That sounds quite inconvenient.,41
scena/mp2000_ev.dat:0x1ed0a3,scena/mp2000_ev.dat,"But, there's no gettin' around it.",35
scena/mp2000_ev.dat:0x1ed0c6,scena/mp2000_ev.dat,A right pain in the neck is what it is.,40
scena/mp2000_ev.dat:0x1ed0fe,scena/mp2000_ev.dat,"sure it's free, but...",23
scena/mp2000_ev.dat:0x1ed115,scena/mp2000_ev.dat,The new mayor's made,21
scena/mp2000_ev.dat:0x1ed139,scena/mp2000_ev.dat,takes at least half an hour.,29
scena/mp2000_ev.dat:0x1ed156,scena/mp2000_ev.dat,Just gettin' through the line,30
scena/mp2000_ev.dat:0x1ed183,scena/mp2000_ev.dat,"Hang on, this sounds familiar...",33
scena/mp2000_ev.dat:0x1ed1b7,scena/mp2000_ev.dat,"Yeah, the ferry system that Jean told us about.",48
scena/mp2000_ev.dat:0x1ed263,scena/mp2000_ev.dat,Middle-Aged Man,16
scena/mp2000_ev.dat:0x1ed273,scena/mp2000_ev.dat,"What, are you folks lookin' to get across, too?",48
scena/mp2000_ev.dat:0x1ed2b7,scena/mp2000_ev.dat,"Um, yeah, we are.",18
scena/mp2000_ev.dat:0x1ed2e2,scena/mp2000_ev.dat,"...It's gonna cost us, huh.",28
scena/mp2000_ev.dat:0x1ed312,scena/mp2000_ev.dat,"made sure it's free, but...",28
scena/mp2000_ev.dat:0x1ed32e,scena/mp2000_ev.dat,Nah. The new mayor's,21
scena/mp2000_ev.dat:0x1ed353,scena/mp2000_ev.dat,takes at least half an hour.,29
scena/mp2000_ev.dat:0x1ed370,scena/mp2000_ev.dat,Just gettin' through the line,30
scena/mp2000_ev.dat:0x1ed39d,scena/mp2000_ev.dat,"Honestly, I'm over it.",23
scena/mp2000_ev.dat:0x1ed3c3,scena/mp2000_ev.dat,No way...! Does it really take that long?,42
scena/mp2000_ev.dat:0x1ed406,scena/mp2000_ev.dat,"Well, that's a wait and a half.",32
scena/mp2000_ev.dat:0x1ed43a,scena/mp2000_ev.dat,"Yeesh, that's a lot of time to be standin' around.",51
scena/mp2000_ev.dat:0x1ed486,scena/mp2000_ev.dat,"round trips, that does make sense.",35
scena/mp2000_ev.dat:0x1ed4a9,scena/mp2000_ev.dat,Considering that they're making,32
scena/mp2000_ev.dat:0x1ed4e2,scena/mp2000_ev.dat,Figures that it'd take a while.,32
scena/mp2000_ev.dat:0x1ed502,scena/mp2000_ev.dat,"Still, I guess they gotta go both ways.",40
scena/mp2000_ev.dat:0x1ed543,scena/mp2000_ev.dat,That would take a lot of time.,31
scena/mp2000_ev.dat:0x1ed562,scena/mp2000_ev.dat,"Then again, they are loading people on both sides.",51
scena/mp2000_ev.dat:0x1ed5d4,scena/mp2000_ev.dat,Should we join the line?,25
scena/mp2000_ev.dat:0x1ed5ed,scena/mp2000_ev.dat,"What do you think, Estelle?",28
scena/mp2000_ev.dat:0x1ed69b,scena/mp2000_ev.dat,"Nah, not right now.",20
scena/mp2000_ev.dat:0x1ed6be,scena/mp2000_ev.dat,"Let's finish up here first, then head over.",44
scena/mp2000_ev.dat:0x1ed6f9,scena/mp2000_ev.dat,"Alright. Let's head back, then.",32
scena/mp2000_ev.dat:0x1ed761,scena/mp2000_ev.dat,like there's another way across.,33
scena/mp2000_ev.dat:0x1ed782,scena/mp2000_ev.dat,"...Ugh, we're gonna have to. It's not",38
scena/mp2000_ev.dat:0x1ed7b7,scena/mp2000_ev.dat,"Alright. Time to join the line, then.",38
scena/mp2000_ev.dat:0x1ed8b9,scena/mp2000_ev.dat,Thanks for waiting. You folks are up next.,43
scena/mp2000_ev.dat:0x1ed8f8,scena/mp2000_ev.dat,"Go on, all aboard with you now.",32
scena/mp2000_ev.dat:0x1ed937,scena/mp2000_ev.dat,Ah. Right.,11
scena/mp2000_ev.dat:0x1ed95a,scena/mp2000_ev.dat,Thank you very much.,21
scena/mp2000_ev.dat:0x1eda86,scena/mp2000_ev.dat,"Right. It's your turn, folks.",30
scena/mp2000_ev.dat:0x1edab8,scena/mp2000_ev.dat,so hop on nice and quick.,26
scena/mp2000_ev.dat:0x1edad2,scena/mp2000_ev.dat,"That line's a doozy,",21
scena/mp2000_ev.dat:0x1edb16,scena/mp2000_ev.dat,Cross to the North Block,25
scena/mp2000_ev.dat:0x1edb2f,scena/mp2000_ev.dat,Don't take the ferry,21
scena/mp2000_ev.dat:0x1edbab,scena/mp2000_ev.dat,How's it going for you two?,28
scena/mp2000_ev.dat:0x1edbd6,scena/mp2000_ev.dat,just like you asked.,21
scena/mp2000_ev.dat:0x1edbeb,scena/mp2000_ev.dat,"Well, I've been guiding people,",32
scena/mp2000_ev.dat:0x1edc2e,scena/mp2000_ev.dat,Just like that.,16
scena/mp2000_ev.dat:0x1edc3e,scena/mp2000_ev.dat,"to the South Block, use the hotel boat.'",41
scena/mp2000_ev.dat:0x1edc67,scena/mp2000_ev.dat,'The bridge is out of commission. If you want to go,52
scena/mp2000_ev.dat:0x1edcaa,scena/mp2000_ev.dat,The others were working their posts too.,41
scena/mp2000_ev.dat:0x1edcf6,scena/mp2000_ev.dat,hard-working than you'd think.,31
scena/mp2000_ev.dat:0x1edd15,scena/mp2000_ev.dat,A lot of our guys are more,27
scena/mp2000_ev.dat:0x1edd4e,scena/mp2000_ev.dat,"Yeah, right now they're all doing their jobs.",46
scena/mp2000_ev.dat:0x1edd90,scena/mp2000_ev.dat,"If you see anyone slacking off, come and find me.",50
scena/mp2000_ev.dat:0x1eddde,scena/mp2000_ev.dat,I'll beat some sense into them.,32
scena/mp2000_ev.dat:0x1ede3e,scena/mp2000_ev.dat,What are you all plotting over here?,37
scena/mp2000_ev.dat:0x1ede98,scena/mp2000_ev.dat,Who are you beating up?,24
scena/mp2000_ev.dat:0x1edec0,scena/mp2000_ev.dat,must be up to no good again.,29
scena/mp2000_ev.dat:0x1ededd,scena/mp2000_ev.dat,"With all this whispering, you",30
scena/mp2000_ev.dat:0x1edf18,scena/mp2000_ev.dat,...You guys never learn.,25
scena/mp2000_ev.dat:0x1edf7d,scena/mp2000_ev.dat,Wow. Look at that.,19
scena/mp2000_ev.dat:0x1edf9f,scena/mp2000_ev.dat,They really are working hard.,30
scena/mp2000_ev.dat:0x1ee007,scena/mp2000_ev.dat,Y-You guys...,14
scena/mp2000_ev.dat:0x1ee047,scena/mp2000_ev.dat,Hey there. It's been a while.,30
scena/mp2000_ev.dat:0x1ee079,scena/mp2000_ev.dat,We saw you scurrying around in the South Block.,48
scena/mp2000_ev.dat:0x1ee0c5,scena/mp2000_ev.dat,Are you guys up to something or what?,38
scena/mp2000_ev.dat:0x1ee115,scena/mp2000_ev.dat,"you have going this time, huh?",31
scena/mp2000_ev.dat:0x1ee134,scena/mp2000_ev.dat,"So, what's the petty little scheme",35
scena/mp2000_ev.dat:0x1ee167,scena/mp2000_ev.dat,Bag snatching? Shakedowns? Spit it out!,40
scena/mp2000_ev.dat:0x1ee19e,scena/mp2000_ev.dat,"W-Wait, Estelle, you've got the wrong idea!",44
scena/mp2000_ev.dat:0x1ee1eb,scena/mp2000_ev.dat,The Ravens aren't like that anymore.,37
scena/mp2000_ev.dat:0x1ee242,scena/mp2000_ev.dat,Huh? What do you mean?,23
scena/mp2000_ev.dat:0x1ee26d,scena/mp2000_ev.dat,Y-Yeah... It was Rocco's idea.,31
scena/mp2000_ev.dat:0x1ee2a8,scena/mp2000_ev.dat,around town and acting as guides.,34
scena/mp2000_ev.dat:0x1ee2ca,scena/mp2000_ev.dat,"Recently, we've been working security",38
scena/mp2000_ev.dat:0x1ee323,scena/mp2000_ev.dat,Y-You've gotta be kidding...,29
scena/mp2000_ev.dat:0x1ee34f,scena/mp2000_ev.dat,Are you serious...?,20
scena/mp2000_ev.dat:0x1ee37e,scena/mp2000_ev.dat,So you're...some kind of neighborhood watch?,45
scena/mp2000_ev.dat:0x1ee3c9,scena/mp2000_ev.dat,Nothing that serious.,22
scena/mp2000_ev.dat:0x1ee3fc,scena/mp2000_ev.dat,to touch base about our plans.,31
scena/mp2000_ev.dat:0x1ee41b,scena/mp2000_ev.dat,But we were meeting just now,29
scena/mp2000_ev.dat:0x1ee482,scena/mp2000_ev.dat,I'm having a hard time believing this is real...,49
scena/mp2000_ev.dat:0x1ee4ca,scena/mp2000_ev.dat,They seem to be telling the truth.,35
scena/mp2000_ev.dat:0x1ee504,scena/mp2000_ev.dat,I-It's not like we care if you believe us or not.,50
scena/mp2000_ev.dat:0x1ee557,scena/mp2000_ev.dat,way of settling the score. We started it on our,48
scena/mp2000_ev.dat:0x1ee587,scena/mp2000_ev.dat,We're not doing this for anyone else... It's our,49
scena/mp2000_ev.dat:0x1ee5e5,scena/mp2000_ev.dat,...Now we're gonna get on with our meeting.,44
scena/mp2000_ev.dat:0x1ee64f,scena/mp2000_ev.dat,"go to the South Block, okay?",29
scena/mp2000_ev.dat:0x1ee66c,scena/mp2000_ev.dat,Use the ferry if you want to,29
scena/mp2000_ev.dat:0x1ee6a5,scena/mp2000_ev.dat,from the basement of the hotel.,32
scena/mp2000_ev.dat:0x1ee6c5,scena/mp2000_ev.dat,You can get to the dock,24
scena/mp2000_ev.dat:0x1ee6fd,scena/mp2000_ev.dat,"Hehe. How's it goin', Estelle?",31
scena/mp2000_ev.dat:0x1ee72c,scena/mp2000_ev.dat,good stuff we've been doing?,29
scena/mp2000_ev.dat:0x1ee749,scena/mp2000_ev.dat,Did you hear about all the,27
scena/mp2000_ev.dat:0x1ee773,scena/mp2000_ev.dat,Jean told me.,14
scena/mp2000_ev.dat:0x1ee7b8,scena/mp2000_ev.dat,Great job preventing a panic here in the city.,47
scena/mp2000_ev.dat:0x1ee7f6,scena/mp2000_ev.dat,"Yeah, it was Rocco's idea.",27
scena/mp2000_ev.dat:0x1ee82c,scena/mp2000_ev.dat,around town and are acting as guides.,38
scena/mp2000_ev.dat:0x1ee852,scena/mp2000_ev.dat,We've taken responsibility for security,40
scena/mp2000_ev.dat:0x1ee889,scena/mp2000_ev.dat,So you're...some kind of neighborhood watch?,45
scena/mp2000_ev.dat:0x1ee8e7,scena/mp2000_ev.dat,Nothing that serious.,22
scena/mp2000_ev.dat:0x1ee912,scena/mp2000_ev.dat,to touch base about our plans.,31
scena/mp2000_ev.dat:0x1ee931,scena/mp2000_ev.dat,But we were meeting just now,29
scena/mp2000_ev.dat:0x1ee962,scena/mp2000_ev.dat,your own way to make things right.,35
scena/mp2000_ev.dat:0x1ee985,scena/mp2000_ev.dat,"Well, looks like you've found",30
scena/mp2000_ev.dat:0x1ee9c0,scena/mp2000_ev.dat,Let's see what you can do.,27
scena/mp2000_ev.dat:0x1ee9ea,scena/mp2000_ev.dat,we won't make trouble for you guys.,36
scena/mp2000_ev.dat:0x1eea0e,scena/mp2000_ev.dat,"We started this on our own, and",32
scena/mp2000_ev.dat:0x1eea4f,scena/mp2000_ev.dat,with the guild every step of the way.,38
scena/mp2000_ev.dat:0x1eea75,scena/mp2000_ev.dat,"And of course, we'll be working",32
scena/mp2000_ev.dat:0x1eeab1,scena/mp2000_ev.dat,"Uh, right. Please do.",22
scena/mp2000_ev.dat:0x1eead6,scena/mp2000_ev.dat,It's much appreciated.,23
scena/mp2000_ev.dat:0x1eeb13,scena/mp2000_ev.dat,"Anyway, we've gotta get on with our meeting.",45
scena/mp2000_ev.dat:0x1eeb5e,scena/mp2000_ev.dat,"go to the South Block, okay?",29
scena/mp2000_ev.dat:0x1eeb7b,scena/mp2000_ev.dat,Use the ferry if you want to,29
scena/mp2000_ev.dat:0x1eebbb,scena/mp2000_ev.dat,from the basement of the hotel.,32
scena/mp2000_ev.dat:0x1eebdb,scena/mp2000_ev.dat,You can get to the dock,24
scena/mp2000_ev.dat:0x1eec0b,scena/mp2000_ev.dat,See you round.,15
scena/mp2000_ev.dat:0x1eeccd,scena/mp2000_ev.dat,I-It's doing something...,26
scena/mp2000_ev.dat:0x1eecfe,scena/mp2000_ev.dat,"An ancient relic, huh.",23
scena/mp2000_ev.dat:0x1eed2d,scena/mp2000_ev.dat,It should be inactive...,25
scena/mp2000_ev.dat:0x1eed55,scena/mp2000_ev.dat,A relic from an ancient civilization...,40
scena/mp2000_ev.dat:0x1eed95,scena/mp2000_ev.dat,It shouldn't be able to function...,36
scena/mp2000_ev.dat:0x1eeddf,scena/mp2000_ev.dat,That glow is otherworldly...,29
scena/mp2000_ev.dat:0x1eee10,scena/mp2000_ev.dat,"Heh, you can really feel the ancient wisdom.",45
scena/mp2000_ev.dat:0x1eee92,scena/mp2000_ev.dat,How can you be so laid-back?,29
scena/mp2000_ev.dat:0x1eeefb,scena/mp2000_ev.dat,"Well, at least it doesn't seem dangerous...",44
scena/mp2000_ev.dat:0x1eef37,scena/mp2000_ev.dat,"B-But, how is it even working?",31
scena/mp2000_ev.dat:0x1eef76,scena/mp2000_ev.dat,At least it doesn't seem dangerous...,38
scena/mp2000_ev.dat:0x1eefce,scena/mp2000_ev.dat,"Yeah, but we still can't let our guard down.",45
scena/mp2000_ev.dat:0x1ef00b,scena/mp2000_ev.dat,There's no telling what might go down.,39
scena/mp2000_ev.dat:0x1ef041,scena/mp2000_ev.dat,"Yeah, but we still need to stay alert.",39
scena/mp2000_ev.dat:0x1ef078,scena/mp2000_ev.dat,"After all, we don't know what might happen.",44
scena/mp2000_ev.dat:0x1ef0b3,scena/mp2000_ev.dat,"...Yep, you're right.",22
scena/mp2000_ev.dat:0x1ef12c,scena/mp2000_ev.dat,It's definitely operational...,31
scena/mp2000_ev.dat:0x1ef1a8,scena/mp2000_ev.dat,I-It's really working...,25
scena/mp2000_ev.dat:0x1ef1d8,scena/mp2000_ev.dat,Just as he said...,19
scena/mp2000_ev.dat:0x1ef210,scena/mp2000_ev.dat,I see. Just as he said...,26
scena/mp2000_ev.dat:0x1ef266,scena/mp2000_ev.dat,That glow is otherworldly...,29
scena/mp2000_ev.dat:0x1ef297,scena/mp2000_ev.dat,"Heh, you can really feel the ancient wisdom.",45
scena/mp2000_ev.dat:0x1ef319,scena/mp2000_ev.dat,How can you be so laid-back?,29
scena/mp2000_ev.dat:0x1ef382,scena/mp2000_ev.dat,Nothing seems to be happening...yet.,37
scena/mp2000_ev.dat:0x1ef3d0,scena/mp2000_ev.dat,to get a bad feeling about this place.,39
scena/mp2000_ev.dat:0x1ef3f7,scena/mp2000_ev.dat,Hurry and take the photo. I'm starting,39
scena/mp2000_ev.dat:0x1ef42d,scena/mp2000_ev.dat,No sign of anything happening so far...,40
scena/mp2000_ev.dat:0x1ef47e,scena/mp2000_ev.dat,This place gives me the creeps.,32
scena/mp2000_ev.dat:0x1ef49e,scena/mp2000_ev.dat,Let's just hurry and take the photo.,37
scena/mp2000_ev.dat:0x1ef4fe,scena/mp2000_ev.dat,take the photo from?,21
scena/mp2000_ev.dat:0x1ef513,scena/mp2000_ev.dat,Alright! Which angle should I,30
scena/mp2000_ev.dat:0x1ef55f,scena/mp2000_ev.dat,"want to take the photo from, and press <I1542>.",48
scena/mp2000_ev.dat:0x1ef58f,scena/mp2000_ev.dat,"<C1>*Make Estelle the leader, move to the spot you",51
scena/mp2000_ev.dat:0x1ef681,scena/mp2000_ev.dat,Hmm... this spot should be okay.,33
scena/mp2000_ev.dat:0x1ef6f0,scena/mp2000_ev.dat,"...Okay, I'm gonna take it here.",33
scena/mp2000_ev.dat:0x1ef72c,scena/mp2000_ev.dat,Here we go!,12
scena/mp2000_ev.dat:0x1ef7bb,scena/mp2000_ev.dat,"Alright, photo taken!",22
scena/mp2000_ev.dat:0x1ef800,scena/mp2000_ev.dat,Let's check out some other spots.,34
scena/mp2000_ev.dat:0x1ef85b,scena/mp2000_ev.dat,Take the photo from here,25
scena/mp2000_ev.dat:0x1ef874,scena/mp2000_ev.dat,Check out other spots,22
scena/mp2000_ev.dat:0x1ef94a,scena/mp2000_ev.dat,Hmm... this spot should be okay.,33
scena/mp2000_ev.dat:0x1ef9b9,scena/mp2000_ev.dat,"...Okay, I'm gonna take it from here.",38
scena/mp2000_ev.dat:0x1ef9fa,scena/mp2000_ev.dat,Here we go!,12
scena/mp2000_ev.dat:0x1efa89,scena/mp2000_ev.dat,"Alright, photo taken!",22
scena/mp2000_ev.dat:0x1eface,scena/mp2000_ev.dat,Let's check out some other spots.,34
scena/mp2000_ev.dat:0x1efb29,scena/mp2000_ev.dat,Take the photo from here,25
scena/mp2000_ev.dat:0x1efb42,scena/mp2000_ev.dat,Check out other spots,22
scena/mp2000_ev.dat:0x1efc18,scena/mp2000_ev.dat,This spot...might actually be perfect?!,40
scena/mp2000_ev.dat:0x1efc84,scena/mp2000_ev.dat,"...Okay, I'm gonna take it from here.",38
scena/mp2000_ev.dat:0x1efcc5,scena/mp2000_ev.dat,Here we go!,12
scena/mp2000_ev.dat:0x1efd54,scena/mp2000_ev.dat,"Alright, photo taken!",22
scena/mp2000_ev.dat:0x1efd9a,scena/mp2000_ev.dat,...Maybe another spot would be better?,39
scena/mp2000_ev.dat:0x1efdfa,scena/mp2000_ev.dat,Take the photo from here,25
scena/mp2000_ev.dat:0x1efe13,scena/mp2000_ev.dat,Check out other spots,22
scena/mp2000_ev.dat:0x1efea5,scena/mp2000_ev.dat,Whaaa... You're giving up?,27
scena/mp2000_ev.dat:0x1efeea,scena/mp2000_ev.dat,"Hey, what's up?",16
scena/mp2000_ev.dat:0x1eff09,scena/mp2000_ev.dat,"Oh, is something wrong?",24
scena/mp2000_ev.dat:0x1eff30,scena/mp2000_ev.dat,have to be me taking the photo.,32
scena/mp2000_ev.dat:0x1eff50,scena/mp2000_ev.dat,"...Thinking about it, it doesn't necessarily",45
scena/mp2000_ev.dat:0x1eff92,scena/mp2000_ev.dat,have to be me taking the photo.,32
scena/mp2000_ev.dat:0x1effb2,scena/mp2000_ev.dat,"...Thinking about it, it doesn't necessarily",45
scena/mp2000_ev.dat:0x1efff4,scena/mp2000_ev.dat,have to be me taking the photo.,32
scena/mp2000_ev.dat:0x1f0014,scena/mp2000_ev.dat,"...Thinking about it, it doesn't necessarily",45
scena/mp2000_ev.dat:0x1f0056,scena/mp2000_ev.dat,a professional on hand...,26
scena/mp2000_ev.dat:0x1f0070,scena/mp2000_ev.dat,And we do happen to have,25
scena/mp2000_ev.dat:0x1f009d,scena/mp2000_ev.dat,"Ah, gotcha.",12
scena/mp2000_ev.dat:0x1f00bc,scena/mp2000_ev.dat,"Ah, so that's what you mean.",29
scena/mp2000_ev.dat:0x1f00ec,scena/mp2000_ev.dat,"It's fine if I ask Dorothy, right?",35
scena/mp2000_ev.dat:0x1f012a,scena/mp2000_ev.dat,I don't see why not.,21
scena/mp2000_ev.dat:0x1f0153,scena/mp2000_ev.dat,"Yeah, I don't mind.",20
scena/mp2000_ev.dat:0x1f017b,scena/mp2000_ev.dat,Guess I'll leave it to her then.,33
scena/mp2000_ev.dat:0x1f01ab,scena/mp2000_ev.dat,Would you mind taking the picture for me?,42
scena/mp2000_ev.dat:0x1f01d5,scena/mp2000_ev.dat,"Hey, Dorothy.",14
scena/mp2000_ev.dat:0x1f01fe,scena/mp2000_ev.dat,"Sure, it'd be my pleasure~",27
scena/mp2000_ev.dat:0x1f025d,scena/mp2000_ev.dat,"Hehe, thanks.",14
scena/mp2000_ev.dat:0x1f02d2,scena/mp2000_ev.dat,<C1>Estelle handed the orbal camera to Dorothy.,48
scena/mp2000_ev.dat:0x1f037b,scena/mp2000_ev.dat,Whoa! What a cheeky expression~,32
scena/mp2000_ev.dat:0x1f0405,scena/mp2000_ev.dat,"Sorry for the wait, Estelle~",29
scena/mp2000_ev.dat:0x1f0432,scena/mp2000_ev.dat,I think I got a really nice shot~,34
scena/mp2000_ev.dat:0x1f0463,scena/mp2000_ev.dat,Your shooting style is totally one of a kind.,46
scena/mp2000_ev.dat:0x1f04c9,scena/mp2000_ev.dat,<C1>Dorothy returned the orbal camera to Estelle.,50
scena/mp2000_ev.dat:0x1f050a,scena/mp2000_ev.dat,"Haha, thanks.",14
scena/mp2000_ev.dat:0x1f0528,scena/mp2000_ev.dat,"Alright, we got the photo!",27
scena/mp2000_ev.dat:0x1f0552,scena/mp2000_ev.dat,"Good job, Estelle.",19
scena/mp2000_ev.dat:0x1f0579,scena/mp2000_ev.dat,Guess we should head back to town.,35
scena/mp2000_ev.dat:0x1f05af,scena/mp2000_ev.dat,"Nice work, Estelle.",20
scena/mp2000_ev.dat:0x1f05d7,scena/mp2000_ev.dat,Let's return to town.,22
scena/mp2000_ev.dat:0x1f0600,scena/mp2000_ev.dat,"Yeah, we should be careful on the way back, too.",49
scena/mp2000_ev.dat:0x1f065f,scena/mp2000_ev.dat,"Right, let's head back down the tower.",39
scena/mp2000_ev.dat:0x1f0764,scena/mp2000_ev.dat,Thank you so much for your help today.,39
scena/mp2000_ev.dat:0x1f079a,scena/mp2000_ev.dat,The children were delighted to have you.,41
scena/mp2000_ev.dat:0x1f07d2,scena/mp2000_ev.dat,And your lecture was absolutely wonderful.,43
scena/mp2000_ev.dat:0x1f081c,scena/mp2000_ev.dat,Hehe. Don't mention it.,24
scena/mp2000_ev.dat:0x1f0849,scena/mp2000_ev.dat,but I guess it worked out.,27
scena/mp2000_ev.dat:0x1f0864,scena/mp2000_ev.dat,"I had a few butterflies before going up there,",47
scena/mp2000_ev.dat:0x1f08bd,scena/mp2000_ev.dat,More lessons to teach.,23
scena/mp2000_ev.dat:0x1f08d4,scena/mp2000_ev.dat,"Well, my day isn't quite done yet.",35
scena/mp2000_ev.dat:0x1f090a,scena/mp2000_ev.dat,"Until then, may the Goddess be with you.",41
scena/mp2000_ev.dat:0x1f0933,scena/mp2000_ev.dat,But we'd be delighted to have you back.,40
scena/mp2000_ev.dat:0x1f0985,scena/mp2000_ev.dat,"Take care, Sister Frieda.",26
scena/mp2000_ev.dat:0x1f0a2f,scena/mp2000_ev.dat,"Well, Ms. Bright. Kudos. You made it outta there.",50
scena/mp2000_ev.dat:0x1f0a8f,scena/mp2000_ev.dat,"Very nice, Ms. Bright. You survived the lesson.",48
scena/mp2000_ev.dat:0x1f0add,scena/mp2000_ev.dat,Yeah. But don't ask me how.,28
scena/mp2000_ev.dat:0x1f0b19,scena/mp2000_ev.dat,"Come now, you needn't be so modest.",36
scena/mp2000_ev.dat:0x1f0b52,scena/mp2000_ev.dat,of a seasoned educator.,24
scena/mp2000_ev.dat:0x1f0b6a,scena/mp2000_ev.dat,You bore yourself with the skill,33
scena/mp2000_ev.dat:0x1f0bb2,scena/mp2000_ev.dat,"All's well that ends well, I guess.",36
scena/mp2000_ev.dat:0x1f0bd6,scena/mp2000_ev.dat,Oh... Really?,14
scena/mp2000_ev.dat:0x1f0c01,scena/mp2000_ev.dat,my bracer knowledge was lacking.,33
scena/mp2000_ev.dat:0x1f0c22,scena/mp2000_ev.dat,"That said, I honestly felt",27
scena/mp2000_ev.dat:0x1f0c4d,scena/mp2000_ev.dat,I got flustered.,17
scena/mp2000_ev.dat:0x1f0c5e,scena/mp2000_ev.dat,"Any time they pressed for specifics,",37
scena/mp2000_ev.dat:0x1f0ca6,scena/mp2000_ev.dat,Well. Work on it. Simple fix.,30
scena/mp2000_ev.dat:0x1f0cd4,scena/mp2000_ev.dat,who doesn't know the guild protocol.,37
scena/mp2000_ev.dat:0x1f0cf9,scena/mp2000_ev.dat,No one's gonna trust a bracer,30
scena/mp2000_ev.dat:0x1f0d3a,scena/mp2000_ev.dat,You'll just have to hit the books again.,41
scena/mp2000_ev.dat:0x1f0d73,scena/mp2000_ev.dat,who doesn't know the guild protocol.,37
scena/mp2000_ev.dat:0x1f0d98,scena/mp2000_ev.dat,No one's going to trust a bracer,33
scena/mp2000_ev.dat:0x1f0de7,scena/mp2000_ev.dat,Yeah... You're right.,22
scena/mp2000_ev.dat:0x1f0e11,scena/mp2000_ev.dat,Time to dust off the books.,28
scena/mp2000_ev.dat:0x1f0e41,scena/mp2000_ev.dat,Thank you for your...ahem...assistance.,40
scena/mp2000_ev.dat:0x1f0e7e,scena/mp2000_ev.dat,While the children were delighted to have you...,49
scena/mp2000_ev.dat:0x1f0ec3,scena/mp2000_ev.dat,a little brushing up on bracer basics.,39
scena/mp2000_ev.dat:0x1f0eea,scena/mp2000_ev.dat,...perhaps you would benefit from,34
scena/mp2000_ev.dat:0x1f0f1b,scena/mp2000_ev.dat,Gah. You're right. I blew it...,32
scena/mp2000_ev.dat:0x1f0f64,scena/mp2000_ev.dat,with a lesson like that.,25
scena/mp2000_ev.dat:0x1f0f7d,scena/mp2000_ev.dat,You won't earn the children's trust,36
scena/mp2000_ev.dat:0x1f0fb0,scena/mp2000_ev.dat,for the children. Kindly keep that in mind.,44
scena/mp2000_ev.dat:0x1f0fdc,scena/mp2000_ev.dat,You bracers are supposed to be role models,43
scena/mp2000_ev.dat:0x1f1016,scena/mp2000_ev.dat,I-I will. I'll try to do better.,33
scena/mp2000_ev.dat:0x1f105d,scena/mp2000_ev.dat,More lessons to teach.,23
scena/mp2000_ev.dat:0x1f1074,scena/mp2000_ev.dat,"Well, the day is long in the service of Aidios.",48
scena/mp2000_ev.dat:0x1f10b8,scena/mp2000_ev.dat,"apply ourselves, yes? Farewell.",32
scena/mp2000_ev.dat:0x1f10d8,scena/mp2000_ev.dat,Until we meet again. Let us both,33
scena/mp2000_ev.dat:0x1f1169,scena/mp2000_ev.dat,The hell did you teach those kids?,35
scena/mp2000_ev.dat:0x1f11a7,scena/mp2000_ev.dat,I bore witness to the entire spectacle...,42
scena/mp2000_ev.dat:0x1f11e1,scena/mp2000_ev.dat,"...and a spectacle it was, indeed. Hoho.",41
scena/mp2000_ev.dat:0x1f1228,scena/mp2000_ev.dat,That was some lesson. A lesson in pain.,40
scena/mp2000_ev.dat:0x1f126b,scena/mp2000_ev.dat,Not for me. I rather enjoyed myself.,37
scena/mp2000_ev.dat:0x1f12a0,scena/mp2000_ev.dat,I had fun. Can we do it again?,31
scena/mp2000_ev.dat:0x1f12e9,scena/mp2000_ev.dat,I'm about to turn over a new leaf here!,40
scena/mp2000_ev.dat:0x1f1311,scena/mp2000_ev.dat,"Everyone, shut up! Please!",27
scena/mp2000_ev.dat:0x1f1350,scena/mp2000_ev.dat,"From this moment onward, I swear to study.",43
scena/mp2000_ev.dat:0x1f139c,scena/mp2000_ev.dat,"guild protocol, start to finish!",33
scena/mp2000_ev.dat:0x1f13bd,scena/mp2000_ev.dat,I'll learn to recite the whole,31
scena/mp2000_ev.dat:0x1f13fd,scena/mp2000_ev.dat,Hell. You better.,18
scena/mp2000_ev.dat:0x1f141f,scena/mp2000_ev.dat,who doesn't know the protocol.,31
scena/mp2000_ev.dat:0x1f143e,scena/mp2000_ev.dat,'Cause no one's gonna trust a bracer,37
scena/mp2000_ev.dat:0x1f1480,scena/mp2000_ev.dat,"Honestly, you really should.",29
scena/mp2000_ev.dat:0x1f14ad,scena/mp2000_ev.dat,who doesn't know the guild protocol.,37
scena/mp2000_ev.dat:0x1f14d2,scena/mp2000_ev.dat,Because no one's going to trust a bracer,41
scena/mp2000_ev.dat:0x1f1527,scena/mp2000_ev.dat,Yeah... You're right. You're so right.,39
scena/mp2000_ev.dat:0x1f155d,scena/mp2000_ev.dat,Okay! Time to hit the books!,29
scena/mp2000_ev.dat:0x1f15e0,scena/mp2000_ev.dat,the problem a little better.,29
scena/mp2000_ev.dat:0x1f15fd,scena/mp2000_ev.dat,I think I'm starting to understand,35
scena/mp2000_ev.dat:0x1f1635,scena/mp2000_ev.dat,"consistently, it seems.",24
scena/mp2000_ev.dat:0x1f164d,scena/mp2000_ev.dat,The bridge is having issues pretty,35
scena/mp2000_ev.dat:0x1f1684,scena/mp2000_ev.dat,if everyone's gabbin' about it.,32
scena/mp2000_ev.dat:0x1f16a4,scena/mp2000_ev.dat,"Yeah, it must break down often enough",38
scena/mp2000_ev.dat:0x1f16e6,scena/mp2000_ev.dat,it's only a matter of time.,28
scena/mp2000_ev.dat:0x1f1702,scena/mp2000_ev.dat,"And while no one's gotten hurt yet,",36
scena/mp2000_ev.dat:0x1f1735,scena/mp2000_ev.dat,means it breaks down often enough.,35
scena/mp2000_ev.dat:0x1f1758,scena/mp2000_ev.dat,The fact that people are talking about it,42
scena/mp2000_ev.dat:0x1f179e,scena/mp2000_ev.dat,until something really bad happens.,36
scena/mp2000_ev.dat:0x1f17c2,scena/mp2000_ev.dat,And it's only a matter of time,31
scena/mp2000_ev.dat:0x1f17f0,scena/mp2000_ev.dat,suspicious enough to point to a cause...,41
scena/mp2000_ev.dat:0x1f1819,scena/mp2000_ev.dat,"However, there's nothing overtly",33
scena/mp2000_ev.dat:0x1f184a,scena/mp2000_ev.dat,might be a hint of sorts.,26
scena/mp2000_ev.dat:0x1f1864,scena/mp2000_ev.dat,"Which, in and of itself,",25
scena/mp2000_ev.dat:0x1f188c,scena/mp2000_ev.dat,"Wait, what do you mean?",24
scena/mp2000_ev.dat:0x1f18b8,scena/mp2000_ev.dat,even broken to begin with?,27
scena/mp2000_ev.dat:0x1f18d3,scena/mp2000_ev.dat,"It begs the question, is the bridge",36
scena/mp2000_ev.dat:0x1f1906,scena/mp2000_ev.dat,yet the situation remains unchanged.,37
scena/mp2000_ev.dat:0x1f192b,scena/mp2000_ev.dat,"it and performed maintenance,",30
scena/mp2000_ev.dat:0x1f1949,scena/mp2000_ev.dat,The Central Factory tech inspected,35
scena/mp2000_ev.dat:0x1f197c,scena/mp2000_ev.dat,"So, with that in mind, what's a possible theory?",49
scena/mp2000_ev.dat:0x1f19c6,scena/mp2000_ev.dat,A possible theory...?,22
scena/mp2000_ev.dat:0x1f1a24,scena/mp2000_ev.dat,Like...a glitch no one's found yet?,36
scena/mp2000_ev.dat:0x1f1a63,scena/mp2000_ev.dat,Factory tech did an incredibly thorough job.,45
scena/mp2000_ev.dat:0x1f1a90,scena/mp2000_ev.dat,I highly doubt that. I'm certain the Central,45
scena/mp2000_ev.dat:0x1f1ad0,scena/mp2000_ev.dat,providing less than stellar service.,37
scena/mp2000_ev.dat:0x1f1af5,scena/mp2000_ev.dat,"the town, and I can't imagine them",35
scena/mp2000_ev.dat:0x1f1b18,scena/mp2000_ev.dat,The bridge is far too important to,35
scena/mp2000_ev.dat:0x1f1b4f,scena/mp2000_ev.dat,the lifting mechanism.,23
scena/mp2000_ev.dat:0x1f1b66,scena/mp2000_ev.dat,bridge is still operating within the limits of,47
scena/mp2000_ev.dat:0x1f1b95,scena/mp2000_ev.dat,The biggest hint we have is the fact that the,46
scena/mp2000_ev.dat:0x1f1bfb,scena/mp2000_ev.dat,G-Get out of town!,19
scena/mp2000_ev.dat:0x1f1c29,scena/mp2000_ev.dat,it just does the wrong things at the wrong time.,49
scena/mp2000_ev.dat:0x1f1c5a,scena/mp2000_ev.dat,"...You're right. It still works,",33
scena/mp2000_ev.dat:0x1f1c98,scena/mp2000_ev.dat,be moving it without permission?,33
scena/mp2000_ev.dat:0x1f1cb9,scena/mp2000_ev.dat,So that means...someone might,30
scena/mp2000_ev.dat:0x1f1cf3,scena/mp2000_ev.dat,We appear to have arrived at the same conclusion.,50
scena/mp2000_ev.dat:0x1f1d35,scena/mp2000_ev.dat,"S-So, like, a ghost or something?",34
scena/mp2000_ev.dat:0x1f1d67,scena/mp2000_ev.dat,"development, let's not jump to conclusions.",44
scena/mp2000_ev.dat:0x1f1d93,scena/mp2000_ev.dat,While that would be a very fascinating,39
scena/mp2000_ev.dat:0x1f1dcd,scena/mp2000_ev.dat,evidence pointing to a spectral miscreant.,43
scena/mp2000_ev.dat:0x1f1df8,scena/mp2000_ev.dat,"Unlike the 'white shadow' case, there's no",43
scena/mp2000_ev.dat:0x1f1e37,scena/mp2000_ev.dat,the lifting mechanism.,23
scena/mp2000_ev.dat:0x1f1e4e,scena/mp2000_ev.dat,bridge is still operating within the limits of,47
scena/mp2000_ev.dat:0x1f1e7d,scena/mp2000_ev.dat,The biggest hint we have is the fact that the,46
scena/mp2000_ev.dat:0x1f1ee3,scena/mp2000_ev.dat,G-Get out of town!,19
scena/mp2000_ev.dat:0x1f1f11,scena/mp2000_ev.dat,"Oh, right! The bridge can be operated manually!",48
scena/mp2000_ev.dat:0x1f1f50,scena/mp2000_ev.dat,Aha... You might be onto something there.,42
scena/mp2000_ev.dat:0x1f1f9e,scena/mp2000_ev.dat,of this size can't be easy.,28
scena/mp2000_ev.dat:0x1f1fba,scena/mp2000_ev.dat,But still... Operating a bridge,32
scena/mp2000_ev.dat:0x1f1fea,scena/mp2000_ev.dat,"messin' with it, they'd get caught red-handed.",47
scena/mp2000_ev.dat:0x1f2019,scena/mp2000_ev.dat,"The control panel's in town, so if anyone tried",48
scena/mp2000_ev.dat:0x1f2058,scena/mp2000_ev.dat,I see... So it seems we're on the right track.,47
scena/mp2000_ev.dat:0x1f20ac,scena/mp2000_ev.dat,"bridge is that easy, right?",28
scena/mp2000_ev.dat:0x1f20c8,scena/mp2000_ev.dat,But...it's not like moving an entire,37
scena/mp2000_ev.dat:0x1f20fd,scena/mp2000_ev.dat,I can't imagine you'd get away with it for long.,49
scena/mp2000_ev.dat:0x1f212e,scena/mp2000_ev.dat,"Even if the controls to do so are in town,",43
scena/mp2000_ev.dat:0x1f2168,scena/mp2000_ev.dat,is exactly subtle when it moves.,33
scena/mp2000_ev.dat:0x1f2189,scena/mp2000_ev.dat,G-Good point... It's not like the bridge,41
scena/mp2000_ev.dat:0x1f21c6,scena/mp2000_ev.dat,but this problem has been ongoing for two weeks.,49
scena/mp2000_ev.dat:0x1f21f7,scena/mp2000_ev.dat,"Any potential culprit would be arrested on the spot,",53
scena/mp2000_ev.dat:0x1f224a,scena/mp2000_ev.dat,And here I thought we'd cracked the case.,42
scena/mp2000_ev.dat:0x1f2289,scena/mp2000_ev.dat,Oh? I wasn't expectin' to see you guys here.,45
scena/mp2000_ev.dat:0x1f239d,scena/mp2000_ev.dat,Huh? Kevin?,12
scena/mp2000_ev.dat:0x1f23c9,scena/mp2000_ev.dat,We can't get rid of you.,25
scena/mp2000_ev.dat:0x1f23f1,scena/mp2000_ev.dat,Hi again.,10
scena/mp2000_ev.dat:0x1f2413,scena/mp2000_ev.dat,Us meetin' musta been written in the stars.,44
scena/mp2000_ev.dat:0x1f2454,scena/mp2000_ev.dat,two while I had my back turned.,32
scena/mp2000_ev.dat:0x1f2474,scena/mp2000_ev.dat,And it looks like the gang's grown by,38
scena/mp2000_ev.dat:0x1f24ae,scena/mp2000_ev.dat,You must be the notorious Father Kevin.,40
scena/mp2000_ev.dat:0x1f24e5,scena/mp2000_ev.dat,Erebonia's preeminent musician.,32
scena/mp2000_ev.dat:0x1f2505,scena/mp2000_ev.dat,"I am Olivier Lenheim,",22
scena/mp2000_ev.dat:0x1f255d,scena/mp2000_ev.dat,a photographer for the Liberl News~,36
scena/mp2000_ev.dat:0x1f2581,scena/mp2000_ev.dat,"And I'm Dorothy Hyatt,",23
scena/mp2000_ev.dat:0x1f25a8,scena/mp2000_ev.dat,like a playboy than a priest~,30
scena/mp2000_ev.dat:0x1f25c6,scena/mp2000_ev.dat,"Gotta say, mister, you seem more",33
scena/mp2000_ev.dat:0x1f2610,scena/mp2000_ev.dat,Cut me some slack...,21
scena/mp2000_ev.dat:0x1f2652,scena/mp2000_ev.dat,during that whole bridge fiasco...,35
scena/mp2000_ev.dat:0x1f2675,scena/mp2000_ev.dat,a lute showed up outta nowhere,31
scena/mp2000_ev.dat:0x1f2694,scena/mp2000_ev.dat,"Anyway, I heard some weirdo with",33
scena/mp2000_ev.dat:0x1f26eb,scena/mp2000_ev.dat,got quite the lineup here.,27
scena/mp2000_ev.dat:0x1f2706,scena/mp2000_ev.dat,"And, well...seems you guys have",32
scena/mp2000_ev.dat:0x1f2736,scena/mp2000_ev.dat,"Hahaha, that's one way to put it.",34
scena/mp2000_ev.dat:0x1f2768,scena/mp2000_ev.dat,"I'm actually surprised you're still here, Kevin.",49
scena/mp2000_ev.dat:0x1f27b1,scena/mp2000_ev.dat,but I got some time to kill before takeoff.,44
scena/mp2000_ev.dat:0x1f27dd,scena/mp2000_ev.dat,"I'm takin' the next airship outta town,",40
scena/mp2000_ev.dat:0x1f282d,scena/mp2000_ev.dat,out the bridge the travel guide was ravin' about.,50
scena/mp2000_ev.dat:0x1f285f,scena/mp2000_ev.dat,"Since I'm here, I figured I may as well check",46
scena/mp2000_ev.dat:0x1f28ea,scena/mp2000_ev.dat,Have I got news for you...,27
scena/mp2000_ev.dat:0x1f2914,scena/mp2000_ev.dat,in the worst possible way.,27
scena/mp2000_ev.dat:0x1f292f,scena/mp2000_ev.dat,"<P1>Your timing truly is impeccable,",37
scena/mp2000_ev.dat:0x1f2984,scena/mp2000_ev.dat,"Huh? I checked, and it should be goin' up about now.",53
scena/mp2000_ev.dat:0x1f29cd,scena/mp2000_ev.dat,but you're welcome to join me...,33
scena/mp2000_ev.dat:0x1f29ee,scena/mp2000_ev.dat,"I'm sure y'all have seen it a dozen times,",43
scena/mp2000_ev.dat:0x1f2a2e,scena/mp2000_ev.dat,"Uh, Kevin? About the bridge...",31
scena/mp2000_ev.dat:0x1f2a98,scena/mp2000_ev.dat,bridge malfunction at Chief Portos' request.,45
scena/mp2000_ev.dat:0x1f2ac5,scena/mp2000_ev.dat,<C1>They explained they were investigating the,47
scena/mp2000_ev.dat:0x1f2b2b,scena/mp2000_ev.dat,"*Sigh* Well, that's just bizarre...",36
scena/mp2000_ev.dat:0x1f2b70,scena/mp2000_ev.dat,won't even work right when the time comes.,43
scena/mp2000_ev.dat:0x1f2b9b,scena/mp2000_ev.dat,Guess that means there's a chance it,37
scena/mp2000_ev.dat:0x1f2bcf,scena/mp2000_ev.dat,to figure out what's wrong.,28
scena/mp2000_ev.dat:0x1f2beb,scena/mp2000_ev.dat,We're in the middle of trying,30
scena/mp2000_ev.dat:0x1f2c1d,scena/mp2000_ev.dat,"before you go, but we're a little stuck.",41
scena/mp2000_ev.dat:0x1f2c46,scena/mp2000_ev.dat,It'd be great if you could see it,34
scena/mp2000_ev.dat:0x1f2c7b,scena/mp2000_ev.dat,I'll do my darndest to help you out.,37
scena/mp2000_ev.dat:0x1f2ca0,scena/mp2000_ev.dat,In that case...,16
scena/mp2000_ev.dat:0x1f2cfc,scena/mp2000_ev.dat,profound knowledge of orbments?,32
scena/mp2000_ev.dat:0x1f2d1c,scena/mp2000_ev.dat,"Do you, by chance, possess a",29
scena/mp2000_ev.dat:0x1f2d48,scena/mp2000_ev.dat,"Haha! I wouldn't call it profound, per se.",43
scena/mp2000_ev.dat:0x1f2d87,scena/mp2000_ev.dat,for a situation like this.,27
scena/mp2000_ev.dat:0x1f2da2,scena/mp2000_ev.dat,But I've got just the ticket,29
scena/mp2000_ev.dat:0x1f2dee,scena/mp2000_ev.dat,Is that a grail emblem...?,27
scena/mp2000_ev.dat:0x1f2e20,scena/mp2000_ev.dat,Is that a grail emblem...?,27
scena/mp2000_ev.dat:0x1f2e52,scena/mp2000_ev.dat,leads us somewhere interesting.,32
scena/mp2000_ev.dat:0x1f2e72,scena/mp2000_ev.dat,Let's give it a whirl and see if it,36
scena/mp2000_ev.dat:0x1f2eb1,scena/mp2000_ev.dat,senses somethin' strange nearby.,33
scena/mp2000_ev.dat:0x1f2ed2,scena/mp2000_ev.dat,This medal starts vibratin' if it,34
scena/mp2000_ev.dat:0x1f2f0f,scena/mp2000_ev.dat,It's a technique folks refer to as dowsing.,44
scena/mp2000_ev.dat:0x1f2f77,scena/mp2000_ev.dat,So that thing can tell us where the problem is?,48
scena/mp2000_ev.dat:0x1f2fb6,scena/mp2000_ev.dat,septium veins with tricks like that...,39
scena/mp2000_ev.dat:0x1f2fdd,scena/mp2000_ev.dat,I've heard about people finding,32
scena/mp2000_ev.dat:0x1f300c,scena/mp2000_ev.dat,finding septium veins that way...,34
scena/mp2000_ev.dat:0x1f302e,scena/mp2000_ev.dat,I've heard stories of people,29
scena/mp2000_ev.dat:0x1f305a,scena/mp2000_ev.dat,hunting article in our paranormal magazine before~,51
scena/mp2000_ev.dat:0x1f308d,scena/mp2000_ev.dat,"Ohh, I might've seen it mentioned in a treasure",48
scena/mp2000_ev.dat:0x1f30e4,scena/mp2000_ev.dat,There are p-paranormal magazines?,34
scena/mp2000_ev.dat:0x1f3122,scena/mp2000_ev.dat,We're not exactly drowning in leads here.,42
scena/mp2000_ev.dat:0x1f314c,scena/mp2000_ev.dat,"Hahaha! Well, why don't we give it a shot?",43
scena/mp2000_ev.dat:0x1f31b0,scena/mp2000_ev.dat,"After all, I am the Good Lady's servant.",41
scena/mp2000_ev.dat:0x1f31d9,scena/mp2000_ev.dat,"Exactly, and those who believe will be saved!",46
scena/mp2000_ev.dat:0x1f3217,scena/mp2000_ev.dat,Now you've really got me worried...,36
scena/mp2000_ev.dat:0x1f323b,scena/mp2000_ev.dat,Saved from what?,17
scena/mp2000_ev.dat:0x1f326c,scena/mp2000_ev.dat,It's not like we can be picky right now.,41
scena/mp2000_ev.dat:0x1f3295,scena/mp2000_ev.dat,...But I guess you're right.,29
scena/mp2000_ev.dat:0x1f32c7,scena/mp2000_ev.dat,"You really don't mind helping out, Kevin?",42
scena/mp2000_ev.dat:0x1f33aa,scena/mp2000_ev.dat,Wh-What the heck...? Is it glowing?,36
scena/mp2000_ev.dat:0x1f33dd,scena/mp2000_ev.dat,That doesn't look like orbal magic...,38
scena/mp2000_ev.dat:0x1f3412,scena/mp2000_ev.dat,It doesn't seem to be orbal magic...,37
scena/mp2000_ev.dat:0x1f3446,scena/mp2000_ev.dat,A practice passed down through the church...,45
scena/mp2000_ev.dat:0x1f3473,scena/mp2000_ev.dat,I've heard tales of this.,26
scena/mp2000_ev.dat:0x1f34a9,scena/mp2000_ev.dat,"Yep, we call it 'thaumaturgy'.",31
scena/mp2000_ev.dat:0x1f3510,scena/mp2000_ev.dat,somethin' on the bridge.,25
scena/mp2000_ev.dat:0x1f3529,scena/mp2000_ev.dat,"Well, I'll be... It's reactin' to",34
scena/mp2000_ev.dat:0x1f355b,scena/mp2000_ev.dat,How 'bout we get a closer look?,32
scena/mp2000_ev.dat:0x1f358a,scena/mp2000_ev.dat,"Y-Yeah, let's do it!",21
scena/mp2000_ev.dat:0x1f35f3,scena/mp2000_ev.dat,Some still unknown defect,26
scena/mp2000_ev.dat:0x1f360d,scena/mp2000_ev.dat,Human intervention,19
scena/mp2000_ev.dat:0x1f3620,scena/mp2000_ev.dat,Some kind of paranormal activity,33
scena/mp2000_ev.dat:0x1f3736,scena/mp2000_ev.dat,...Check this out...,21
scena/mp2000_ev.dat:0x1f375a,scena/mp2000_ev.dat,mean there's something here?,29
scena/mp2000_ev.dat:0x1f3777,scena/mp2000_ev.dat,The light's getting stronger! Does that,40
scena/mp2000_ev.dat:0x1f37ae,scena/mp2000_ev.dat,I don't really see anything that stands out...,47
scena/mp2000_ev.dat:0x1f37fd,scena/mp2000_ev.dat,at this spot specifically.,27
scena/mp2000_ev.dat:0x1f3818,scena/mp2000_ev.dat,...I don't think it's pointin',31
scena/mp2000_ev.dat:0x1f3847,scena/mp2000_ev.dat,...! Watch out!,16
scena/mp2000_ev.dat:0x1f3983,scena/mp2000_ev.dat,What's going on?!,18
scena/mp2000_ev.dat:0x1f39ac,scena/mp2000_ev.dat,Am I gonna fall for real this time!?,37
scena/mp2000_ev.dat:0x1f3a32,scena/mp2000_ev.dat,Tch! There's the malfunction...!,33
scena/mp2000_ev.dat:0x1f3a98,scena/mp2000_ev.dat,Tch! It's dangerous here! We have,34
scena/mp2000_ev.dat:0x1f3b2b,scena/mp2000_ev.dat,...And it's back the way it was.,33
scena/mp2000_ev.dat:0x1f3b5c,scena/mp2000_ev.dat,I think I saw my life flash before my eyes...,46
scena/mp2000_ev.dat:0x1f3b9a,scena/mp2000_ev.dat,start acting up with us on it!,31
scena/mp2000_ev.dat:0x1f3bb9,scena/mp2000_ev.dat,I didn't think the bridge would,32
scena/mp2000_ev.dat:0x1f3c3e,scena/mp2000_ev.dat,At least nothing serious happened...,37
scena/mp2000_ev.dat:0x1f3c78,scena/mp2000_ev.dat,...That was no coincidence.,28
scena/mp2000_ev.dat:0x1f3d08,scena/mp2000_ev.dat,The medal's goin' nuts over it.,32
scena/mp2000_ev.dat:0x1f3d28,scena/mp2000_ev.dat,<P1>That mansion over yonder.,30
scena/mp2000_ev.dat:0x1f3d55,scena/mp2000_ev.dat,What?! But that's...,21
scena/mp2000_ev.dat:0x1f3dbb,scena/mp2000_ev.dat,...the former mayor's residence? Why there?,44
scena/mp2000_ev.dat:0x1f3dfe,scena/mp2000_ev.dat,What's so special about it?,28
scena/mp2000_ev.dat:0x1f3e1a,scena/mp2000_ev.dat,...the former mayor's residence.,33
scena/mp2000_ev.dat:0x1f3e52,scena/mp2000_ev.dat,"mansion before, if I recall.",29
scena/mp2000_ev.dat:0x1f3e6f,scena/mp2000_ev.dat,"Estelle, you've been inside that",33
scena/mp2000_ev.dat:0x1f3ea0,scena/mp2000_ev.dat,it could be reacting to?,25
scena/mp2000_ev.dat:0x1f3eb9,scena/mp2000_ev.dat,Do you have any idea what,26
scena/mp2000_ev.dat:0x1f3ee2,scena/mp2000_ev.dat,but we're investigating the bridge.,36
scena/mp2000_ev.dat:0x1f3f06,scena/mp2000_ev.dat,Th-There's tons of weird stuff in there...,43
scena/mp2000_ev.dat:0x1f3feb,scena/mp2000_ev.dat,"Actually, come to think of it...",33
scena/mp2000_ev.dat:0x1f401c,scena/mp2000_ev.dat,Why did the bridge go up at that exact moment?,47
scena/mp2000_ev.dat:0x1f40a2,scena/mp2000_ev.dat,Come again?,12
scena/mp2000_ev.dat:0x1f40bd,scena/mp2000_ev.dat,What do you mean?,18
scena/mp2000_ev.dat:0x1f40eb,scena/mp2000_ev.dat,managed to escape at first.,28
scena/mp2000_ev.dat:0x1f4107,scena/mp2000_ev.dat,"Back during that incident, Mayor Dalmore",41
scena/mp2000_ev.dat:0x1f414b,scena/mp2000_ev.dat,mansion and sailed past the bridge.,36
scena/mp2000_ev.dat:0x1f416f,scena/mp2000_ev.dat,He hopped on the yacht behind his,34
scena/mp2000_ev.dat:0x1f41ad,scena/mp2000_ev.dat,"but looking back, it seems way too convenient...",49
scena/mp2000_ev.dat:0x1f41de,scena/mp2000_ev.dat,"I didn't give it a second thought at the time,",47
scena/mp2000_ev.dat:0x1f4232,scena/mp2000_ev.dat,seeing a weird-looking device...,33
scena/mp2000_ev.dat:0x1f4253,scena/mp2000_ev.dat,"...Come to think of it, I remember",35
scena/mp2000_ev.dat:0x1f42cc,scena/mp2000_ev.dat,Heh! Could that be it?,23
scena/mp2000_ev.dat:0x1f4310,scena/mp2000_ev.dat,Could that be what? I wanna know~,34
scena/mp2000_ev.dat:0x1f4356,scena/mp2000_ev.dat,but I think you've got yourself a clue.,40
scena/mp2000_ev.dat:0x1f437e,scena/mp2000_ev.dat,"followin' you on the particulars,",34
scena/mp2000_ev.dat:0x1f43a0,scena/mp2000_ev.dat,"Haha! Well, I can't quite say I'm",34
scena/mp2000_ev.dat:0x1f43d1,scena/mp2000_ev.dat,Y-Yeah. I don't know if it'll pan out...,41
scena/mp2000_ev.dat:0x1f4428,scena/mp2000_ev.dat,And give that secret room another sweep!,41
scena/mp2000_ev.dat:0x1f4451,scena/mp2000_ev.dat,But let's go to the mayor's residence!,39
scena/mp2000_ev.dat:0x1f44a0,scena/mp2000_ev.dat,soldiers in the former mayor's residence...,44
scena/mp2000_ev.dat:0x1f44cc,scena/mp2000_ev.dat,<C1>They explained the situation to the Royal Army,51
scena/mp2000_ev.dat:0x1f44ff,scena/mp2000_ev.dat,open the door to the secret room.,34
scena/mp2000_ev.dat:0x1f4521,scena/mp2000_ev.dat,<C1>And were given permission to,33
scena/mp2000_ev.dat:0x1f4675,scena/mp2000_ev.dat,You've gotta be kiddin' me...,30
scena/mp2000_ev.dat:0x1f46ae,scena/mp2000_ev.dat,N-No way...,12
scena/mp2000_ev.dat:0x1f46d5,scena/mp2000_ev.dat,Who knew? ,11
scena/mp2000_ev.dat:0x1f46e0,scena/mp2000_ev.dat,"Wow... So monsters can appear in towns, too.",45
scena/mp2000_ev.dat:0x1f473e,scena/mp2000_ev.dat,to be stranger than fiction.,29
scena/mp2000_ev.dat:0x1f475b,scena/mp2000_ev.dat,Hahaha! Truth does tend,24
scena/mp2000_ev.dat:0x1f4783,scena/mp2000_ev.dat,and the Royal Army!,20
scena/mp2000_ev.dat:0x1f47f4,scena/mp2000_ev.dat,stationed around Ruan rushed to the scene.,43
scena/mp2000_ev.dat:0x1f481f,scena/mp2000_ev.dat,"<C1>After learning of the situation, the soldiers",50
scena/mp2000_ev.dat:0x1f4851,scena/mp2000_ev.dat,implemented around the residence.,34
scena/mp2000_ev.dat:0x1f4873,scena/mp2000_ev.dat,<C1>Emergency security measures were,37
scena/mp2000_ev.dat:0x1f4898,scena/mp2000_ev.dat,was kept from the public to prevent mass panic.,48
scena/mp2000_ev.dat:0x1f48c8,scena/mp2000_ev.dat,<C1>But the sudden appearance of a monster in town,51
scena/mp2000_ev.dat:0x1f49b4,scena/mp2000_ev.dat,"Hey, glad you made it.",23
scena/mp2000_ev.dat:0x1f49e9,scena/mp2000_ev.dat,"Kevin! So, is this the spot?",29
scena/mp2000_ev.dat:0x1f4a20,scena/mp2000_ev.dat,there before has toppled over.,31
scena/mp2000_ev.dat:0x1f4a3f,scena/mp2000_ev.dat,Looks like the large rock that was,35
scena/mp2000_ev.dat:0x1f4a76,scena/mp2000_ev.dat,it over while rushin' to get in.,33
scena/mp2000_ev.dat:0x1f4a97,scena/mp2000_ev.dat,"Yeah, that monster prolly knocked",34
scena/mp2000_ev.dat:0x1f4b34,scena/mp2000_ev.dat,There's no doubt that thing's in there.,40
scena/mp2000_ev.dat:0x1f4b5c,scena/mp2000_ev.dat,My medal's goin' nuts again.,29
scena/mp2000_ev.dat:0x1f4b98,scena/mp2000_ev.dat,"Ready to roll, Estelle?",24
scena/mp2000_ev.dat:0x1f4bb0,scena/mp2000_ev.dat,All we gotta do is finish it off.,34
scena/mp2000_ev.dat:0x1f4bed,scena/mp2000_ev.dat,"Ready to go, Estelle?",22
scena/mp2000_ev.dat:0x1f4c03,scena/mp2000_ev.dat,All that's left is to get rid of it.,37
scena/mp2000_ev.dat:0x1f4ca1,scena/mp2000_ev.dat, but first...,14
scena/mp2000_ev.dat:0x1f4d1d,scena/mp2000_ev.dat,"And don't follow us in, no matter what.",40
scena/mp2000_ev.dat:0x1f4d45,scena/mp2000_ev.dat,"Wait right here, Dorothy.",26
scena/mp2000_ev.dat:0x1f4d73,scena/mp2000_ev.dat,Aww! But this seems like such a great photo op~,48
scena/mp2000_ev.dat:0x1f4dd8,scena/mp2000_ev.dat,How Does the Former Mayor's Orbment Taste?!',45
scena/mp2000_ev.dat:0x1f4e05,scena/mp2000_ev.dat,'Gourmet Monster: Up Close and Personal!,41
scena/mp2000_ev.dat:0x1f4e4e,scena/mp2000_ev.dat,<W400>Just. Wait. Here.,24
scena/mp2000_ev.dat:0x1f4e9f,scena/mp2000_ev.dat,Prolly safer out here.,23
scena/mp2000_ev.dat:0x1f4eb6,scena/mp2000_ev.dat,It seems as crafty as it is big.,33
scena/mp2000_ev.dat:0x1f4ef8,scena/mp2000_ev.dat,We'll be back before you know it.,34
scena/mp2000_ev.dat:0x1f4f1a,scena/mp2000_ev.dat,It shouldn't take us long.,27
scena/mp2000_ev.dat:0x1f4ffe,scena/mp2000_ev.dat,<K>There it is!,16
scena/mp2000_ev.dat:0x1f5074,scena/mp2000_ev.dat, let's go!,11
scena/mp2000_ev.dat:0x1f50b5,scena/mp2000_ev.dat, let's go!,11
scena/mp2000_ev.dat:0x1f50cf,scena/mp2000_ev.dat,I've got your back!,20
scena/mp2000_ev.dat:0x1f5165,scena/mp2000_ev.dat,<C1>Charge into the monster's nest?,36
scena/mp2000_ev.dat:0x1f5190,scena/mp2000_ev.dat,Not right now,14
scena/mp2000_ev.dat:0x1f5289,scena/mp2000_ev.dat,<K>Rgh! Still not ready to give up?!,37
scena/mp2000_ev.dat:0x1f52bd,scena/mp2000_ev.dat,but you've got nowhere to run!,31
scena/mp2000_ev.dat:0x1f5304,scena/mp2000_ev.dat,but we've got you cornered!,28
scena/mp2000_ev.dat:0x1f5398,scena/mp2000_ev.dat,"<C2><W400>...Hew, <w500>hewp...",32
scena/mp2000_ev.dat:0x1f53d2,scena/mp2000_ev.dat,<C2><S5>Hewp meee...!,22
scena/mp2000_ev.dat:0x1f541f,scena/mp2000_ev.dat,What the...?! (D-Did it just say 'help me?!'),46
scena/mp2000_ev.dat:0x1f5603,scena/mp2000_ev.dat,"Whew... Looks like it didn't getcha, Estelle.",46
scena/mp2000_ev.dat:0x1f56d4,scena/mp2000_ev.dat,I knew that monster was too damn smart.,40
scena/mp2000_ev.dat:0x1f5715,scena/mp2000_ev.dat, so I kept my guard up just in case.,37
scena/mp2000_ev.dat:0x1f573a,scena/mp2000_ev.dat,And I had a hunch it might try somethin',41
scena/mp2000_ev.dat:0x1f5791,scena/mp2000_ev.dat,to pretendin' to beg for its life.,35
scena/mp2000_ev.dat:0x1f57b4,scena/mp2000_ev.dat,"...Still, I didn't think it'd stoop",36
scena/mp2000_ev.dat:0x1f57f9,scena/mp2000_ev.dat,those words actually mean.,27
scena/mp2000_ev.dat:0x1f5814,scena/mp2000_ev.dat,It probably has no idea what,29
scena/mp2000_ev.dat:0x1f5853,scena/mp2000_ev.dat,But it knows humans hesitate when they hear them.,50
scena/mp2000_ev.dat:0x1f5899,scena/mp2000_ev.dat,it pegged her as an easy mark.,31
scena/mp2000_ev.dat:0x1f58b8,scena/mp2000_ev.dat,And it went after Estelle 'cause,33
scena/mp2000_ev.dat:0x1f58f9,scena/mp2000_ev.dat,That really was one crafty monster.,36
scena/mp2000_ev.dat:0x1f591d,scena/mp2000_ev.dat,"I thought I was ready for it, but damn...",42
scena/mp2000_ev.dat:0x1f5957,scena/mp2000_ev.dat,it saw her as an easy target.,30
scena/mp2000_ev.dat:0x1f5975,scena/mp2000_ev.dat,It went after Estelle because,30
scena/mp2000_ev.dat:0x1f59b3,scena/mp2000_ev.dat,that truly was a cunning monster.,34
scena/mp2000_ev.dat:0x1f59d5,scena/mp2000_ev.dat,"I thought I was prepared for it, but...",40
scena/mp2000_ev.dat:0x1f5a0d,scena/mp2000_ev.dat,"Heh, but you handled it expertly, Kevin!",41
scena/mp2000_ev.dat:0x1f5a70,scena/mp2000_ev.dat,experience as a wandering priest?,34
scena/mp2000_ev.dat:0x1f5a92,scena/mp2000_ev.dat,I take it that comes from your,31
scena/mp2000_ev.dat:0x1f5ac0,scena/mp2000_ev.dat,"Yeah, somethin' like that.",27
scena/mp2000_ev.dat:0x1f5af0,scena/mp2000_ev.dat,share of monsters during my travels.,37
scena/mp2000_ev.dat:0x1f5b15,scena/mp2000_ev.dat,Let's just say I've encountered my fair,40
scena/mp2000_ev.dat:0x1f5b51,scena/mp2000_ev.dat,"We owe you big time. Thanks, shady priest.",43
scena/mp2000_ev.dat:0x1f5b9b,scena/mp2000_ev.dat,"You really helped us out. Thanks a lot, Father.",48
scena/mp2000_ev.dat:0x1f5bea,scena/mp2000_ev.dat,Don't mention it.,18
scena/mp2000_ev.dat:0x1f5c1a,scena/mp2000_ev.dat,...*Sigh* What's wrong with me?,32
scena/mp2000_ev.dat:0x1f5cee,scena/mp2000_ev.dat,go back at Perzel Farm...,26
scena/mp2000_ev.dat:0x1f5d08,scena/mp2000_ev.dat,When we let those crop munchers,32
scena/mp2000_ev.dat:0x1f5d3c,scena/mp2000_ev.dat,worried something like this might happen?,42
scena/mp2000_ev.dat:0x1f5d66,scena/mp2000_ev.dat,Was Joshua all for killing them because he was,47
scena/mp2000_ev.dat:0x1f5db8,scena/mp2000_ev.dat,feel better for getting left behind? Hahaha...,47
scena/mp2000_ev.dat:0x1f5de7,scena/mp2000_ev.dat,...Or am I just twisting the facts to make myself,50
scena/mp2000_ev.dat:0x1f5e37,scena/mp2000_ev.dat,still nowhere near good enough.,32
scena/mp2000_ev.dat:0x1f5e57,scena/mp2000_ev.dat,"I might be a senior bracer now, but I'm",40
scena/mp2000_ev.dat:0x1f5ec5,scena/mp2000_ev.dat,how smart that monster was.,28
scena/mp2000_ev.dat:0x1f5ee1,scena/mp2000_ev.dat,We knew going into this just,29
scena/mp2000_ev.dat:0x1f5f26,scena/mp2000_ev.dat,any trick under the sun in a split second.,43
scena/mp2000_ev.dat:0x1f5f51,scena/mp2000_ev.dat,Professionals gotta be ready to deal with,42
scena/mp2000_ev.dat:0x1f5f8b,scena/mp2000_ev.dat,and that put you and everyone else in danger...,48
scena/mp2000_ev.dat:0x1f5fbb,scena/mp2000_ev.dat,"But you let your guard down,",29
scena/mp2000_ev.dat:0x1f5fe7,scena/mp2000_ev.dat,much you have left to learn as a bracer.,41
scena/mp2000_ev.dat:0x1f6010,scena/mp2000_ev.dat,Looks like you got a lesson in how,35
scena/mp2000_ev.dat:0x1f6051,scena/mp2000_ev.dat,<P2>Yeah... A painful one.,27
scena/mp2000_ev.dat:0x1f608c,scena/mp2000_ev.dat,Accept your 'weakness' as a part of you.,41
scena/mp2000_ev.dat:0x1f60b5,scena/mp2000_ev.dat,Then all the more reason to cheer up.,38
scena/mp2000_ev.dat:0x1f60eb,scena/mp2000_ev.dat,Even when they're a literal monster.,37
scena/mp2000_ev.dat:0x1f6110,scena/mp2000_ev.dat,judgement on 'em until the very end.,37
scena/mp2000_ev.dat:0x1f6135,scena/mp2000_ev.dat,"You empathize with others, and don't pass",42
scena/mp2000_ev.dat:0x1f616e,scena/mp2000_ev.dat,that's your own way of being a bracer.,39
scena/mp2000_ev.dat:0x1f622f,scena/mp2000_ev.dat,Which is why you'll also never give up on Joshua.,50
scena/mp2000_ev.dat:0x1f6271,scena/mp2000_ev.dat,"someone else, you gotta grow at your own pace.",47
scena/mp2000_ev.dat:0x1f62a0,scena/mp2000_ev.dat,So instead of wasting time comparing yourself to,49
scena/mp2000_ev.dat:0x1f62e0,scena/mp2000_ev.dat,"That's what we're here for, after all.",39
scena/mp2000_ev.dat:0x1f6307,scena/mp2000_ev.dat,...And we'll have your back whenever you screw up.,51
scena/mp2000_ev.dat:0x1f637a,scena/mp2000_ev.dat,monster was going into this.,29
scena/mp2000_ev.dat:0x1f6397,scena/mp2000_ev.dat,We knew how smart that,23
scena/mp2000_ev.dat:0x1f63d6,scena/mp2000_ev.dat,get points off for not noticing fast enough.,45
scena/mp2000_ev.dat:0x1f6403,scena/mp2000_ev.dat,"That move was certainly a low blow, but you",44
scena/mp2000_ev.dat:0x1f643f,scena/mp2000_ev.dat,you and everyone else in danger.,33
scena/mp2000_ev.dat:0x1f6460,scena/mp2000_ev.dat,Because being slow to react puts,33
scena/mp2000_ev.dat:0x1f6490,scena/mp2000_ev.dat,you still need to work on that.,32
scena/mp2000_ev.dat:0x1f651b,scena/mp2000_ev.dat,"<P2>...Yeah, I know.",21
scena/mp2000_ev.dat:0x1f6551,scena/mp2000_ev.dat,part of you naive and tell you to fix it.,42
scena/mp2000_ev.dat:0x1f657b,scena/mp2000_ev.dat,But...it'd be wrong to just call that,38
scena/mp2000_ev.dat:0x1f65b1,scena/mp2000_ev.dat,Even when they're a literal monster.,37
scena/mp2000_ev.dat:0x1f65d6,scena/mp2000_ev.dat,judgement on them until the very end.,38
scena/mp2000_ev.dat:0x1f65fc,scena/mp2000_ev.dat,"You empathize with others, and don't pass",42
scena/mp2000_ev.dat:0x1f6635,scena/mp2000_ev.dat,that's your own way of being a bracer.,39
scena/mp2000_ev.dat:0x1f66f3,scena/mp2000_ev.dat,That's also why you'll never give up on Joshua.,48
scena/mp2000_ev.dat:0x1f6733,scena/mp2000_ev.dat,to anyone. Just grow at your own pace.,39
scena/mp2000_ev.dat:0x1f675a,scena/mp2000_ev.dat,You don't need to compare yourself,35
scena/mp2000_ev.dat:0x1f678c,scena/mp2000_ev.dat,That's what we're here for.,28
scena/mp2000_ev.dat:0x1f67a8,scena/mp2000_ev.dat,"Besides, you know we've got your back.",39
scena/mp2000_ev.dat:0x1f6809,scena/mp2000_ev.dat,"Yeah, you're right.",20
scena/mp2000_ev.dat:0x1f681d,scena/mp2000_ev.dat,"My own way, huh...",19
scena/mp2000_ev.dat:0x1f684f,scena/mp2000_ev.dat,It's about being able to walk beside him...!,45
scena/mp2000_ev.dat:0x1f687c,scena/mp2000_ev.dat,It's not just about chasing after him.,39
scena/mp2000_ev.dat:0x1f68bf,scena/mp2000_ev.dat,That's the Estelle I know.,27
scena/mp2000_ev.dat:0x1f68da,scena/mp2000_ev.dat,Heh! Back on your feet already.,32
scena/mp2000_ev.dat:0x1f6931,scena/mp2000_ev.dat,wouldn't want her any other way.,33
scena/mp2000_ev.dat:0x1f6952,scena/mp2000_ev.dat,Haha... Exactly. And I,23
scena/mp2000_ev.dat:0x1f6987,scena/mp2000_ev.dat,it sure does bring back memories.),35
scena/mp2000_ev.dat:0x1f69aa,scena/mp2000_ev.dat,"(I don't get it myself, but when I look at you...",50
scena/mp2000_ev.dat:0x1f6a8a,scena/mp2000_ev.dat,they took care of the monster...,33
scena/mp2000_ev.dat:0x1f6aab,scena/mp2000_ev.dat,others notified the guild and Royal Army that,46
scena/mp2000_ev.dat:0x1f6ad9,scena/mp2000_ev.dat,"<C1>After returning to Ruan, Estelle and the",45
scena/mp2000_ev.dat:0x1f6b06,scena/mp2000_ev.dat,that the crisis was over.,26
scena/mp2000_ev.dat:0x1f6b20,scena/mp2000_ev.dat,<C1>They also let Portos know,30
scena/mp2000_ev.dat:0x1f6c00,scena/mp2000_ev.dat,been restored to safe and working order.,41
scena/mp2000_ev.dat:0x1f6c29,scena/mp2000_ev.dat,"<C1>The group went to observe the bridge, which had",52
scena/mp2000_ev.dat:0x1f6c5d,scena/mp2000_ev.dat,he left for his next assignment.,33
scena/mp2000_ev.dat:0x1f6c7e,scena/mp2000_ev.dat,<C1>They then saw Kevin off as,31
scena/mp2000_ev.dat:0x1f6cf0,scena/mp2000_ev.dat,I really learned a lot this time.,34
scena/mp2000_ev.dat:0x1f6d21,scena/mp2000_ev.dat,"saving our butts, Kevin.",25
scena/mp2000_ev.dat:0x1f6d3a,scena/mp2000_ev.dat,It seems like you're always,28
scena/mp2000_ev.dat:0x1f6d6e,scena/mp2000_ev.dat,"And like I keep sayin', it's really no big deal.",49
scena/mp2000_ev.dat:0x1f6db3,scena/mp2000_ev.dat,down that boyfriend of yours.,30
scena/mp2000_ev.dat:0x1f6dd1,scena/mp2000_ev.dat,Don't give up on chasin',25
scena/mp2000_ev.dat:0x1f6e41,scena/mp2000_ev.dat,"But if it doesn't work out,",28
scena/mp2000_ev.dat:0x1f6e72,scena/mp2000_ev.dat,You're a real piece of work...,31
scena/mp2000_ev.dat:0x1f6ee1,scena/mp2000_ev.dat,But thanks.,12
scena/mp2000_ev.dat:0x1f6f09,scena/mp2000_ev.dat,Take care. I'm sure we'll meet again.,38
scena/mp2000_ev.dat:0x1f6f4a,scena/mp2000_ev.dat,Take care out there. Until we meet again.,42
scena/mp2000_ev.dat:0x1f6f8f,scena/mp2000_ev.dat,May Aidios watch over you.,27
scena/mp2000_ev.dat:0x1f6fca,scena/mp2000_ev.dat,worth taking a picture of~,27
scena/mp2000_ev.dat:0x1f6fe5,scena/mp2000_ev.dat,Let me know if you see anything,32
scena/mp2000_ev.dat:0x1f7032,scena/mp2000_ev.dat,"Haha... Yep, see y'all around!",31
scena/mp2000_ev.dat:0x1f717a,scena/mp2000_ev.dat,"Hehe. Well, we solved the case.",32
scena/mp2000_ev.dat:0x1f71b8,scena/mp2000_ev.dat,"turn out that way, though.",27
scena/mp2000_ev.dat:0x1f71d3,scena/mp2000_ev.dat,I never dreamed it would,25
scena/mp2000_ev.dat:0x1f720f,scena/mp2000_ev.dat,"As they say, truth is stranger than fiction.",45
scena/mp2000_ev.dat:0x1f727b,scena/mp2000_ev.dat,I can take pride in a job well done.,37
scena/mp2000_ev.dat:0x1f72a0,scena/mp2000_ev.dat,"Well, as your gallant assistant,",33
scena/mp2000_ev.dat:0x1f72f2,scena/mp2000_ev.dat,You didn't do a thing.,23
scena/mp2000_ev.dat:0x1f7318,scena/mp2000_ev.dat,"Oh, but I'm really grateful for your help, Kloe.",49
scena/mp2000_ev.dat:0x1f7358,scena/mp2000_ev.dat,really helpful during the investigation.,41
scena/mp2000_ev.dat:0x1f7381,scena/mp2000_ev.dat,"You gave me a lot of advice, and it was",40
scena/mp2000_ev.dat:0x1f73b9,scena/mp2000_ev.dat,Hehe. Glad I could be of use.,30
scena/mp2000_ev.dat:0x1f73eb,scena/mp2000_ev.dat,you don't have to thank me.,28
scena/mp2000_ev.dat:0x1f7407,scena/mp2000_ev.dat,"But, you know, Estelle,",24
scena/mp2000_ev.dat:0x1f7432,scena/mp2000_ev.dat,"Oh, right. You two are official assistants now.",48
scena/mp2000_ev.dat:0x1f7471,scena/mp2000_ev.dat,their jobs and do them well.,29
scena/mp2000_ev.dat:0x1f748e,scena/mp2000_ev.dat,"Yeah, they've gotta do",23
scena/mp2000_ev.dat:0x1f74c5,scena/mp2000_ev.dat,"...Okay, let's blow this joint.",32
scena/mp2000_ev.dat:0x1f7500,scena/mp2000_ev.dat,We'll be counting on you.,26
scena/mp2000_ev.dat:0x1f751a,scena/mp2000_ev.dat,"Mhm, you're merely doing your jobs, right?",43
scena/mp2000_ev.dat:0x1f7567,scena/mp2000_ev.dat,"...Okay, we should get moving.",31
scena/mp2000_ev.dat:0x1f75a1,scena/mp2000_ev.dat,"Yeah, next up is the Zeiss region.",35
scena/mp2000_ev.dat:0x1f76c9,scena/mp2000_ev.dat,Sorry about the wait...,24
scena/mp2000_ev.dat:0x1f76f1,scena/mp2000_ev.dat,Time to hit the road.,22
scena/mp2000_ev.dat:0x1f7716,scena/mp2000_ev.dat,Thanks for waiting...,22
scena/mp2000_ev.dat:0x1f773c,scena/mp2000_ev.dat,"Shall we head off, then?",25
scena/mp2000_ev.dat:0x1f7764,scena/mp2000_ev.dat,"Sure, but who was the culprit in the end?",42
scena/mp2000_ev.dat:0x1f77a2,scena/mp2000_ev.dat,"Heh heh, you won't believe this...",35
scena/mp2000_ev.dat:0x1f77d5,scena/mp2000_ev.dat,"Zip it, you. Not a word.",25
scena/mp2000_ev.dat:0x1f7802,scena/mp2000_ev.dat,"Olivier, shush.",16
scena/mp2000_ev.dat:0x1f7838,scena/mp2000_ev.dat,Huh? What's the deal? Why won't you tell me?,45
scena/mp2000_ev.dat:0x1f78ad,scena/mp2000_ev.dat,down after you already gave up.,32
scena/mp2000_ev.dat:0x1f78cd,scena/mp2000_ev.dat,Don't go pryin' into what went,31
scena/mp2000_ev.dat:0x1f78fc,scena/mp2000_ev.dat,confidential as a general rule.,32
scena/mp2000_ev.dat:0x1f791c,scena/mp2000_ev.dat,Not to mention that our work is,32
scena/mp2000_ev.dat:0x1f795e,scena/mp2000_ev.dat,"That goes for other bracers, too.",34
scena/mp2000_ev.dat:0x1f799d,scena/mp2000_ev.dat,the details after you chose to give up.,40
scena/mp2000_ev.dat:0x1f79c5,scena/mp2000_ev.dat,I'm not sure what I think about asking for,43
scena/mp2000_ev.dat:0x1f7a00,scena/mp2000_ev.dat,work is confidential as a general rule.,40
scena/mp2000_ev.dat:0x1f7a28,scena/mp2000_ev.dat,And I don't need to mention that our,37
scena/mp2000_ev.dat:0x1f7a70,scena/mp2000_ev.dat,Even when it comes to other bracers.,37
scena/mp2000_ev.dat:0x1f7ab1,scena/mp2000_ev.dat,"Oh, right... I forgot about that.",34
scena/mp2000_ev.dat:0x1f7ae3,scena/mp2000_ev.dat,"Wow, the rules are so strict...",32
scena/mp2000_ev.dat:0x1f7b22,scena/mp2000_ev.dat,Trust is a key element of business.,36
scena/mp2000_ev.dat:0x1f7b5b,scena/mp2000_ev.dat,with loose lips...,19
scena/mp2000_ev.dat:0x1f7b6e,scena/mp2000_ev.dat,This is no line of work for fools,34
scena/mp2000_ev.dat:0x1f7bb5,scena/mp2000_ev.dat,Our work is based on trust.,28
scena/mp2000_ev.dat:0x1f7be6,scena/mp2000_ev.dat,It's not a job for people with loose lips...,45
scena/mp2000_ev.dat:0x1f7c51,scena/mp2000_ev.dat,Oh? What is with that accusatory stare?,40
scena/mp2000_ev.dat:0x1f7c9c,scena/mp2000_ev.dat,My lips are anything but 'loose.',34
scena/mp2000_ev.dat:0x1f7cbe,scena/mp2000_ev.dat,"Honestly, I'm offended...",26
scena/mp2000_ev.dat:0x1f7ce8,scena/mp2000_ev.dat,the ascending bubbles of the finest champagne!,47
scena/mp2000_ev.dat:0x1f7d17,scena/mp2000_ev.dat,I just 'allow' my words to flow forth. Like,44
scena/mp2000_ev.dat:0x1f7d68,scena/mp2000_ev.dat,"Yeah, yeah. Keep telling yourself that.",40
scena/mp2000_ev.dat:0x1f7db5,scena/mp2000_ev.dat,I'd kept at it a little longer.,32
scena/mp2000_ev.dat:0x1f7dd5,scena/mp2000_ev.dat,"Still, if that's how it is, I wish",35
scena/mp2000_ev.dat:0x1f7e2d,scena/mp2000_ev.dat,Then don't leave your work to others.,38
scena/mp2000_ev.dat:0x1f7e75,scena/mp2000_ev.dat,"...Anyway, time to blow this joint.",36
scena/mp2000_ev.dat:0x1f7ea8,scena/mp2000_ev.dat,The lesson is to not leave your work to others.,48
scena/mp2000_ev.dat:0x1f7efa,scena/mp2000_ev.dat,"...Now, then. Shall we get going?",34
scena/mp2000_ev.dat:0x1f7fbf,scena/mp2000_ev.dat,Boy's Voice,12
scena/mp2000_ev.dat:0x1f8047,scena/mp2000_ev.dat,Did you hear that...?!,23
scena/mp2000_ev.dat:0x1f8087,scena/mp2000_ev.dat,"Let's hurry, Estelle!",22
scena/mp2000_ev.dat:0x1f8114,scena/mp2000_ev.dat,end up like this?,18
scena/mp2000_ev.dat:0x1f8126,scena/mp2000_ev.dat,W-Why... How'd things,22
scena/mp2000_ev.dat:0x1f8164,scena/mp2000_ev.dat,I-I've got to get help...!,27
scena/mp2000_ev.dat:0x1f82f3,scena/mp2000_ev.dat,I-It's you guys...!,20
scena/mp2000_ev.dat:0x1f8321,scena/mp2000_ev.dat,we've dealt with these things!,31
scena/mp2000_ev.dat:0x1f8340,scena/mp2000_ev.dat,Chatting can wait until after,30
scena/mp2000_ev.dat:0x1f836d,scena/mp2000_ev.dat,to get caught up in this.,26
scena/mp2000_ev.dat:0x1f8387,scena/mp2000_ev.dat,Stay back. You don't want,26
scena/mp2000_ev.dat:0x1f83b0,scena/mp2000_ev.dat,armored beasts doing here?!,28
scena/mp2000_ev.dat:0x1f83cc,scena/mp2000_ev.dat,Wh-What are the Society's,26
scena/mp2000_ev.dat:0x1f83f9,scena/mp2000_ev.dat,beasts be in a place like this?,32
scena/mp2000_ev.dat:0x1f8419,scena/mp2000_ev.dat,Why would the Society's armored,32
scena/mp2000_ev.dat:0x1f844c,scena/mp2000_ev.dat,monsters doing here?,21
scena/mp2000_ev.dat:0x1f8461,scena/mp2000_ev.dat,What the hell are the Society's armored,40
scena/mp2000_ev.dat:0x1f849c,scena/mp2000_ev.dat,...Brace yourselves!,21
scena/mp2000_ev.dat:0x1f84e4,scena/mp2000_ev.dat,...Here they come!,19
scena/mp2000_ev.dat:0x1f8618,scena/mp2000_ev.dat,Phew... Those things sure are tough.,37
scena/mp2000_ev.dat:0x1f864c,scena/mp2000_ev.dat,here when we did.,18
scena/mp2000_ev.dat:0x1f865e,scena/mp2000_ev.dat,Yeah. We're lucky we made it,29
scena/mp2000_ev.dat:0x1f868b,scena/mp2000_ev.dat,"O-Oh, thank Aidios...",22
scena/mp2000_ev.dat:0x1f86f7,scena/mp2000_ev.dat,"You're Estelle...and Joshua, right?",36
scena/mp2000_ev.dat:0x1f8739,scena/mp2000_ev.dat,"Thanks, you really saved my bacon.",35
scena/mp2000_ev.dat:0x1f8776,scena/mp2000_ev.dat,"Hey, that's all in a day's work for us.",40
scena/mp2000_ev.dat:0x1f87b1,scena/mp2000_ev.dat,"More importantly, what's going on here?",40
scena/mp2000_ev.dat:0x1f87e8,scena/mp2000_ev.dat,you'd usually see around these parts.,38
scena/mp2000_ev.dat:0x1f880e,scena/mp2000_ev.dat,Those monsters weren't the sort that,37
scena/mp2000_ev.dat:0x1f8842,scena/mp2000_ev.dat,"W-Well, uh...",14
scena/mp2000_ev.dat:0x1f8877,scena/mp2000_ev.dat,The Royal Academy's under attack!,34
scena/mp2000_ev.dat:0x1f88ff,scena/mp2000_ev.dat,...You're going to need to give us more details.,49
scena/mp2000_ev.dat:0x1f8944,scena/mp2000_ev.dat,...You gonna elaborate on that?,32
scena/mp2000_ev.dat:0x1f8978,scena/mp2000_ev.dat,What more can you tell us?,27
scena/mp2000_ev.dat:0x1f89aa,scena/mp2000_ev.dat,"Okay, so...",12
scena/mp2000_ev.dat:0x1f89ca,scena/mp2000_ev.dat,"behind the schoolhouse, as usual.",34
scena/mp2000_ev.dat:0x1f89ec,scena/mp2000_ev.dat,I'd ditched class and was hanging out,38
scena/mp2000_ev.dat:0x1f8a23,scena/mp2000_ev.dat,stormed in through the front gate.,35
scena/mp2000_ev.dat:0x1f8a46,scena/mp2000_ev.dat,"Then, suddenly, these soldiers in red armor",44
scena/mp2000_ev.dat:0x1f8a8d,scena/mp2000_ev.dat,"The janitor tried to stop them, but...",39
scena/mp2000_ev.dat:0x1f8ad1,scena/mp2000_ev.dat,and sh-shot him...,19
scena/mp2000_ev.dat:0x1f8ae4,scena/mp2000_ev.dat,Th-They drew their guns...,27
scena/mp2000_ev.dat:0x1f8b26,scena/mp2000_ev.dat,Oh no...!,10
scena/mp2000_ev.dat:0x1f8b50,scena/mp2000_ev.dat,N-No way...,12
scena/mp2000_ev.dat:0x1f8b70,scena/mp2000_ev.dat,This is serious...,19
scena/mp2000_ev.dat:0x1f8b99,scena/mp2000_ev.dat,"Well, shit.",12
scena/mp2000_ev.dat:0x1f8bbb,scena/mp2000_ev.dat,"Wh-When I saw that, I just froze up.",37
scena/mp2000_ev.dat:0x1f8c08,scena/mp2000_ev.dat,I ran all the way here...,26
scena/mp2000_ev.dat:0x1f8c22,scena/mp2000_ev.dat,"I knew I had to get help, so",29
scena/mp2000_ev.dat:0x1f8c4e,scena/mp2000_ev.dat,...We understand the situation now.,36
scena/mp2000_ev.dat:0x1f8c86,scena/mp2000_ev.dat,Ruan and alert the guild?,26
scena/mp2000_ev.dat:0x1f8ca0,scena/mp2000_ev.dat,Would you be able to head into,31
scena/mp2000_ev.dat:0x1f8cda,scena/mp2000_ev.dat,out at the academy right away.,31
scena/mp2000_ev.dat:0x1f8cf9,scena/mp2000_ev.dat,"That way, we can go check things",33
scena/mp2000_ev.dat:0x1f8d29,scena/mp2000_ev.dat,"S-Sure, I can do that.",23
scena/mp2000_ev.dat:0x1f8d53,scena/mp2000_ev.dat,"these massive puppet things with them, too.",44
scena/mp2000_ev.dat:0x1f8d7f,scena/mp2000_ev.dat,"By the way, it wasn't just the monsters. They had",50
scena/mp2000_ev.dat:0x1f8dc0,scena/mp2000_ev.dat,"Whatever you do, stay safe!",28
scena/mp2000_ev.dat:0x1f8fd0,scena/mp2000_ev.dat,"as soon as we heard what was up, but...",40
scena/mp2000_ev.dat:0x1f8ff8,scena/mp2000_ev.dat,We made the right call runnin' over here,41
scena/mp2000_ev.dat:0x1f9035,scena/mp2000_ev.dat,This is worse than I was expectin'.,36
scena/mp2000_ev.dat:0x1f906c,scena/mp2000_ev.dat,"heard the news, but...",23
scena/mp2000_ev.dat:0x1f9083,scena/mp2000_ev.dat,It's good we came the second we,32
scena/mp2000_ev.dat:0x1f90b7,scena/mp2000_ev.dat,It's somehow worse than I imagined.,36
scena/mp2000_ev.dat:0x1f90ee,scena/mp2000_ev.dat,"we got the word, but...",24
scena/mp2000_ev.dat:0x1f9106,scena/mp2000_ev.dat,It's good that we ran over the moment,38
scena/mp2000_ev.dat:0x1f9140,scena/mp2000_ev.dat,This isn't going to be an easy fix.,36
scena/mp2000_ev.dat:0x1f9177,scena/mp2000_ev.dat,"U-Um, Mr. Jean contacted the Royal Army, but...",48
scena/mp2000_ev.dat:0x1f91b7,scena/mp2000_ev.dat,any reinforcements get here.,29
scena/mp2000_ev.dat:0x1f91d4,scena/mp2000_ev.dat,It'll probably be a while before,33
scena/mp2000_ev.dat:0x1f9204,scena/mp2000_ev.dat,"Jean called the Royal Army, just in case, but...",49
scena/mp2000_ev.dat:0x1f9245,scena/mp2000_ev.dat,"Well, it's going to take them a while to get here.",51
scena/mp2000_ev.dat:0x1f9287,scena/mp2000_ev.dat,"what was going on, but...",26
scena/mp2000_ev.dat:0x1f92a1,scena/mp2000_ev.dat,Jean let the Royal Army know,29
scena/mp2000_ev.dat:0x1f92ce,scena/mp2000_ev.dat,Reinforcements won't be arriving anytime soon.,47
scena/mp2000_ev.dat:0x1f9329,scena/mp2000_ev.dat,they're not going to be much help anyway.,42
scena/mp2000_ev.dat:0x1f9353,scena/mp2000_ev.dat,"With all the orbal weapons out of order,",41
scena/mp2000_ev.dat:0x1f938b,scena/mp2000_ev.dat,since we're used to close combat.,34
scena/mp2000_ev.dat:0x1f93ad,scena/mp2000_ev.dat,"It's probably going to come down to us,",40
scena/mp2000_ev.dat:0x1f93e4,scena/mp2000_ev.dat,they'll probably be as useful as bricks.,41
scena/mp2000_ev.dat:0x1f940d,scena/mp2000_ev.dat,"Still, since all the orbal weapons are shot,",45
scena/mp2000_ev.dat:0x1f9449,scena/mp2000_ev.dat,on our own close combat skills.,32
scena/mp2000_ev.dat:0x1f9469,scena/mp2000_ev.dat,I'm bettin' we'll just have to rely,36
scena/mp2000_ev.dat:0x1f949c,scena/mp2000_ev.dat,they won't be able to do much in the first place.,50
scena/mp2000_ev.dat:0x1f94ce,scena/mp2000_ev.dat,"But, with their orbal weapons out of commission,",49
scena/mp2000_ev.dat:0x1f950e,scena/mp2000_ev.dat,the right skills to take care of this.,39
scena/mp2000_ev.dat:0x1f9535,scena/mp2000_ev.dat,We're probably the only ones with,34
scena/mp2000_ev.dat:0x1f9575,scena/mp2000_ev.dat,in the academy hostage.,24
scena/mp2000_ev.dat:0x1f958d,scena/mp2000_ev.dat,"B-But, they're holding everyone",32
scena/mp2000_ev.dat:0x1f95bc,scena/mp2000_ev.dat,What should we do?,19
scena/mp2000_ev.dat:0x1f95de,scena/mp2000_ev.dat,"on campus hostage, though.",27
scena/mp2000_ev.dat:0x1f95f9,scena/mp2000_ev.dat,It looks like they're holding everyone,39
scena/mp2000_ev.dat:0x1f962f,scena/mp2000_ev.dat,We can't do anything rash.,27
scena/mp2000_ev.dat:0x1f9659,scena/mp2000_ev.dat,on campus is bein' held hostage.,33
scena/mp2000_ev.dat:0x1f967a,scena/mp2000_ev.dat,"But, we gotta remember that everyone",37
scena/mp2000_ev.dat:0x1f96ae,scena/mp2000_ev.dat,We can't go rushin' into trouble.,34
scena/mp2000_ev.dat:0x1f96df,scena/mp2000_ev.dat,"Man, this is a tough one...",28
scena/mp2000_ev.dat:0x1f970f,scena/mp2000_ev.dat,"was happening on the inside, but...",36
scena/mp2000_ev.dat:0x1f9733,scena/mp2000_ev.dat,It would be great if we knew what,34
scena/mp2000_ev.dat:0x1f97e4,scena/mp2000_ev.dat,...Wait here. I'll go investigate.,35
scena/mp2000_ev.dat:0x1f9876,scena/mp2000_ev.dat,What are you planning?,23
scena/mp2000_ev.dat:0x1f989c,scena/mp2000_ev.dat,Working in the shadows is what I do best.,42
scena/mp2000_ev.dat:0x1f98e1,scena/mp2000_ev.dat,get a good sense of the situation.,35
scena/mp2000_ev.dat:0x1f9904,scena/mp2000_ev.dat,I should be able to sneak in and,33
scena/mp2000_ev.dat:0x1f9934,scena/mp2000_ev.dat,Makes sense...,15
scena/mp2000_ev.dat:0x1f995a,scena/mp2000_ev.dat,with a real plan would be ideal.,33
scena/mp2000_ev.dat:0x1f997b,scena/mp2000_ev.dat,"Mm, being able to come at this",31
scena/mp2000_ev.dat:0x1f99c8,scena/mp2000_ev.dat,"B-But, it's not safe in there!",31
scena/mp2000_ev.dat:0x1f9a03,scena/mp2000_ev.dat,infiltration missions than this.,33
scena/mp2000_ev.dat:0x1f9a24,scena/mp2000_ev.dat,"Don't worry, I've done more dangerous",38
scena/mp2000_ev.dat:0x1f9a68,scena/mp2000_ev.dat,It's nothing I can't handle.,29
scena/mp2000_ev.dat:0x1f9ab7,scena/mp2000_ev.dat,"I-I guess, but...! You shouldn't have to!",42
scena/mp2000_ev.dat:0x1f9b32,scena/mp2000_ev.dat,"on going alone, Joshua?",24
scena/mp2000_ev.dat:0x1f9b4a,scena/mp2000_ev.dat,...Are you that dead set,25
scena/mp2000_ev.dat:0x1f9b80,scena/mp2000_ev.dat,I'd prefer to.,15
scena/mp2000_ev.dat:0x1f9b9f,scena/mp2000_ev.dat,the best chance of success.,28
scena/mp2000_ev.dat:0x1f9bbb,scena/mp2000_ev.dat,Working solo would give me,27
scena/mp2000_ev.dat:0x1f9bff,scena/mp2000_ev.dat,There's just one thing.,24
scena/mp2000_ev.dat:0x1f9c27,scena/mp2000_ev.dat,"You didn't forget our promise, right?",38
scena/mp2000_ev.dat:0x1f9c61,scena/mp2000_ev.dat,To walk together until the end...,34
scena/mp2000_ev.dat:0x1f9c93,scena/mp2000_ev.dat,I know. I won't disappoint you.,32
scena/mp2000_ev.dat:0x1f9cc7,scena/mp2000_ev.dat,"Okay, that's that!",19
scena/mp2000_ev.dat:0x1f9cf4,scena/mp2000_ev.dat,"Be careful, Joshua.",20
scena/mp2000_ev.dat:0x1f9d1f,scena/mp2000_ev.dat,Of course.,11
scena/mp2000_ev.dat:0x1f9d4f,scena/mp2000_ev.dat,I won't be long.,17
scena/mp2000_ev.dat:0x1f9df1,scena/mp2000_ev.dat,"Hey, are you...cool with this?",31
scena/mp2000_ev.dat:0x1f9e3d,scena/mp2000_ev.dat,would just drag him down.,26
scena/mp2000_ev.dat:0x1f9e57,scena/mp2000_ev.dat,"If I went along with him, I really",35
scena/mp2000_ev.dat:0x1f9eb5,scena/mp2000_ev.dat,I trust Joshua.,16
scena/mp2000_ev.dat:0x1f9f16,scena/mp2000_ev.dat,more like a mature adult.,26
scena/mp2000_ev.dat:0x1f9f30,scena/mp2000_ev.dat,Heh...! You're sounding more and,33
scena/mp2000_ev.dat:0x1fa060,scena/mp2000_ev.dat,the rear side as I move along.),32
scena/mp2000_ev.dat:0x1fa080,scena/mp2000_ev.dat,(...It might be best to keep to,32
scena/mp2000_ev.dat:0x1fa0b5,scena/mp2000_ev.dat,"they have, and how the hostages are doing.)",44
scena/mp2000_ev.dat:0x1fa0e1,scena/mp2000_ev.dat,(Now I need to figure out how many men,39
scena/mp2000_ev.dat:0x1fa1b0,scena/mp2000_ev.dat,(There are two enemies in the boys' dormitory...),50
scena/mp2000_ev.dat:0x1fa1f6,scena/mp2000_ev.dat,just to be sure.),18
scena/mp2000_ev.dat:0x1fa208,scena/mp2000_ev.dat,"(I should check all the buildings,",35
scena/mp2000_ev.dat:0x1fa273,scena/mp2000_ev.dat,and the janitor who was attacked.),35
scena/mp2000_ev.dat:0x1fa296,scena/mp2000_ev.dat,(There are two male students here...,37
scena/mp2000_ev.dat:0x1fa2cb,scena/mp2000_ev.dat,(That wound...doesn't look fatal.),35
scena/mp2000_ev.dat:0x1fa30b,scena/mp2000_ev.dat,"(That's a relief, at least...)",31
scena/mp2000_ev.dat:0x1fa36f,scena/mp2000_ev.dat,(No one's here...),19
scena/mp2000_ev.dat:0x1fa3ef,scena/mp2000_ev.dat,but to dash through.),22
scena/mp2000_ev.dat:0x1fa405,scena/mp2000_ev.dat,(...I've got no other option,29
scena/mp2000_ev.dat:0x1fa539,scena/mp2000_ev.dat,(Four enemies here...),23
scena/mp2000_ev.dat:0x1fa560,scena/mp2000_ev.dat,(I'm guessing these guys are a backup team.),45
scena/mp2000_ev.dat:0x1fa59e,scena/mp2000_ev.dat,on the second floor.),22
scena/mp2000_ev.dat:0x1fa5b4,scena/mp2000_ev.dat,(There might also be hostages,30
scena/mp2000_ev.dat:0x1fa635,scena/mp2000_ev.dat,<C1>The back gate is locked.,29
scena/mp2000_ev.dat:0x1fa652,scena/mp2000_ev.dat,(This leads to the old schoolhouse.),37
scena/mp2000_ev.dat:0x1fa68c,scena/mp2000_ev.dat,"(...It might be worth unlocking, just in case.)",48
scena/mp2000_ev.dat:0x1fa6e0,scena/mp2000_ev.dat,with a set of specialized tools.,33
scena/mp2000_ev.dat:0x1fa701,scena/mp2000_ev.dat,<C1>Joshua quickly picked the lock,35
scena/mp2000_ev.dat:0x1fa767,scena/mp2000_ev.dat,(Is he the one behind all this...?),36
scena/mp2000_ev.dat:0x1fa79b,scena/mp2000_ev.dat,(He did mention he was a Jenis alumnus.),41
scena/mp2000_ev.dat:0x1fa828,scena/mp2000_ev.dat,(I don't see any teachers...),30
scena/mp2000_ev.dat:0x1fa856,scena/mp2000_ev.dat,(They must be keeping them in another location.),49
scena/mp2000_ev.dat:0x1fa8ea,scena/mp2000_ev.dat,someone coming from the hallway.),34
scena/mp2000_ev.dat:0x1fa90c,scena/mp2000_ev.dat,"(I can't see from this angle, but I hear",41
scena/mp2000_ev.dat:0x1fa945,scena/mp2000_ev.dat,"(A patrolling soldier, most likely.)",37
scena/mp2000_ev.dat:0x1faa3d,scena/mp2000_ev.dat,the waiting room is occupied.),31
scena/mp2000_ev.dat:0x1faa5c,scena/mp2000_ev.dat,"(Hm, I don't see any signs that",32
scena/mp2000_ev.dat:0x1faa8c,scena/mp2000_ev.dat,(There must not be anyone here.),33
scena/mp2000_ev.dat:0x1fac1c,scena/mp2000_ev.dat,(Three girls...),17
scena/mp2000_ev.dat:0x1fac3d,scena/mp2000_ev.dat,"in the main building, then?)",29
scena/mp2000_ev.dat:0x1fac5a,scena/mp2000_ev.dat,(Are the rest of the students,30
scena/mp2000_ev.dat:0x1facb7,scena/mp2000_ev.dat,(No one's here...),19
scena/mp2000_ev.dat:0x1fad08,scena/mp2000_ev.dat,"(Hm, two guards.)",18
scena/mp2000_ev.dat:0x1fad2a,scena/mp2000_ev.dat,(No sign of anyone else in the other rooms.),45
scena/mp2000_ev.dat:0x1fad6a,scena/mp2000_ev.dat,"(Alright, I think I've checked everything now.)",48
scena/mp2000_ev.dat:0x1fadae,scena/mp2000_ev.dat,probably take them all out myself.),36
scena/mp2000_ev.dat:0x1fadd2,scena/mp2000_ev.dat,"(Going by what I've seen, I could",34
scena/mp2000_ev.dat:0x1fae3c,scena/mp2000_ev.dat,"(...No, this isn't the time for that.)",39
scena/mp2000_ev.dat:0x1fae78,scena/mp2000_ev.dat,(I'd better hurry back to the group.),38
scena/mp2000_ev.dat:0x1fafe4,scena/mp2000_ev.dat,confirm while I was scouting out the campus.,45
scena/mp2000_ev.dat:0x1fb011,scena/mp2000_ev.dat,"...So, that's everything that I managed to",43
scena/mp2000_ev.dat:0x1fb050,scena/mp2000_ev.dat,"Hm, I see... You really got a good look around.",48
scena/mp2000_ev.dat:0x1fb0a3,scena/mp2000_ev.dat,work out a half-decent plan.,29
scena/mp2000_ev.dat:0x1fb0c0,scena/mp2000_ev.dat,"And thanks to that, we can",27
scena/mp2000_ev.dat:0x1fb0ea,scena/mp2000_ev.dat,"charge of this attack, huh...",30
scena/mp2000_ev.dat:0x1fb108,scena/mp2000_ev.dat,"But, Gilbert's the one in",26
scena/mp2000_ev.dat:0x1fb13e,scena/mp2000_ev.dat,"Plus, you said he's after Kloe?",32
scena/mp2000_ev.dat:0x1fb172,scena/mp2000_ev.dat,licking his wounds!,20
scena/mp2000_ev.dat:0x1fb186,scena/mp2000_ev.dat,the last time we saw him that he'd STILL be,44
scena/mp2000_ev.dat:0x1fb1b2,scena/mp2000_ev.dat,Uuugh! We should've busted his butt so badly,45
scena/mp2000_ev.dat:0x1fb217,scena/mp2000_ev.dat,the Society's gopher the next.,31
scena/mp2000_ev.dat:0x1fb236,scena/mp2000_ev.dat,"Capable mayoral aide one day,",30
scena/mp2000_ev.dat:0x1fb272,scena/mp2000_ev.dat,Classic example of a failed prodigy gone rotten.,49
scena/mp2000_ev.dat:0x1fb2c1,scena/mp2000_ev.dat,"Yep, totally got those vibes.",30
scena/mp2000_ev.dat:0x1fb2f7,scena/mp2000_ev.dat,"...Anyway, what's the plan?",28
scena/mp2000_ev.dat:0x1fb35b,scena/mp2000_ev.dat,"armored beasts and archaisms too, right?",41
scena/mp2000_ev.dat:0x1fb384,scena/mp2000_ev.dat,"Their numbers are whatever, but they've got",44
scena/mp2000_ev.dat:0x1fb3bf,scena/mp2000_ev.dat,But if they have working archaisms...,38
scena/mp2000_ev.dat:0x1fb404,scena/mp2000_ev.dat,"That means the Society can still use orbments, right?",54
scena/mp2000_ev.dat:0x1fb46c,scena/mp2000_ev.dat,the Professor's Zero Field Generator.,38
scena/mp2000_ev.dat:0x1fb492,scena/mp2000_ev.dat,They seem to have something that works like,44
scena/mp2000_ev.dat:0x1fb4df,scena/mp2000_ev.dat,more than just a handful of them.,34
scena/mp2000_ev.dat:0x1fb501,scena/mp2000_ev.dat,"And to make matters worse, they have",37
scena/mp2000_ev.dat:0x1fb539,scena/mp2000_ev.dat,use all the guns or arts they want.,36
scena/mp2000_ev.dat:0x1fb55d,scena/mp2000_ev.dat,Shit. Which means those jerks can,34
scena/mp2000_ev.dat:0x1fb59d,scena/mp2000_ev.dat,"Yeah, that'll be a pain in the ass.",36
scena/mp2000_ev.dat:0x1fb5dd,scena/mp2000_ev.dat,sense to split into two groups.,32
scena/mp2000_ev.dat:0x1fb5fd,scena/mp2000_ev.dat,"Going back to strategy, it makes the most",42
scena/mp2000_ev.dat:0x1fb637,scena/mp2000_ev.dat,the other to strike at them from behind.,41
scena/mp2000_ev.dat:0x1fb660,scena/mp2000_ev.dat,"One to charge on ahead and distract the troops,",48
scena/mp2000_ev.dat:0x1fb69f,scena/mp2000_ev.dat,quite enough people to do it right.,36
scena/mp2000_ev.dat:0x1fb6c3,scena/mp2000_ev.dat,"I'm with you there, but we don't have",38
scena/mp2000_ev.dat:0x1fb705,scena/mp2000_ev.dat,That main force should at least be a team of six.,50
scena/mp2000_ev.dat:0x1fb75e,scena/mp2000_ev.dat,waiting in the wings to rush over here.,40
scena/mp2000_ev.dat:0x1fb786,scena/mp2000_ev.dat,That would be enough to get the soldiers,41
scena/mp2000_ev.dat:0x1fb7be,scena/mp2000_ev.dat,"Still, six people... That's all of us.",39
scena/mp2000_ev.dat:0x1fb805,scena/mp2000_ev.dat,wait until the Royal Army shows up?,36
scena/mp2000_ev.dat:0x1fb829,scena/mp2000_ev.dat,"Ugh, are we just going to have to",34
scena/mp2000_ev.dat:0x1fb85a,scena/mp2000_ev.dat,Man's Voice,12
scena/mp2000_ev.dat:0x1fb866,scena/mp2000_ev.dat,I think we might be able to fill some gaps.,44
scena/mp2000_ev.dat:0x1fb920,scena/mp2000_ev.dat,What are you doing here?!,26
scena/mp2000_ev.dat:0x1fb93a,scena/mp2000_ev.dat,A-Anelace? Guys?!,18
scena/mp2000_ev.dat:0x1fb95f,scena/mp2000_ev.dat,timed that more perfectly.,27
scena/mp2000_ev.dat:0x1fb97a,scena/mp2000_ev.dat,Haha! You couldn't have,24
scena/mp2000_ev.dat:0x1fb9a6,scena/mp2000_ev.dat,"Heh! Well, we had just gotten to the Ruan branch.",50
scena/mp2000_ev.dat:0x1fb9e7,scena/mp2000_ev.dat,"details, we ran right over.",28
scena/mp2000_ev.dat:0x1fba03,scena/mp2000_ev.dat,Once Jean gave us all the,26
scena/mp2000_ev.dat:0x1fba2c,scena/mp2000_ev.dat,have asked for better reinforcements.,38
scena/mp2000_ev.dat:0x1fba52,scena/mp2000_ev.dat,Aidios sure came through for us. We couldn't,45
scena/mp2000_ev.dat:0x1fba92,scena/mp2000_ev.dat,"me at the lakeside lab, Estelle. ",34
scena/mp2000_ev.dat:0x1fbab4,scena/mp2000_ev.dat,...I haven't seen you since you saved,38
scena/mp2000_ev.dat:0x1fbaee,scena/mp2000_ev.dat,You really got me out of a tight spot.,39
scena/mp2000_ev.dat:0x1fbb15,scena/mp2000_ev.dat,I owe you for that.,20
scena/mp2000_ev.dat:0x1fbb3d,scena/mp2000_ev.dat,the whole thing...,19
scena/mp2000_ev.dat:0x1fbb50,scena/mp2000_ev.dat,"though, so I felt kinda responsible for",40
scena/mp2000_ev.dat:0x1fbb78,scena/mp2000_ev.dat,"I heard that you got snatched up after that,",45
scena/mp2000_ev.dat:0x1fbbb4,scena/mp2000_ev.dat,"to worry about, honest!",24
scena/mp2000_ev.dat:0x1fbbcc,scena/mp2000_ev.dat,Haha! That's nothing you need,30
scena/mp2000_ev.dat:0x1fbbfd,scena/mp2000_ev.dat,<w1500>Now Joshua's back with us.,34
scena/mp2000_ev.dat:0x1fbc55,scena/mp2000_ev.dat,"Oh, right...",13
scena/mp2000_ev.dat:0x1fbc72,scena/mp2000_ev.dat,"Hehe! Long time no see, Joshua!",32
scena/mp2000_ev.dat:0x1fbca2,scena/mp2000_ev.dat,Hope you still remember me.,28
scena/mp2000_ev.dat:0x1fbccd,scena/mp2000_ev.dat,How could I forget?,20
scena/mp2000_ev.dat:0x1fbcf8,scena/mp2000_ev.dat,Estelle while I was away.,26
scena/mp2000_ev.dat:0x1fbd12,scena/mp2000_ev.dat,Thank you for looking after,28
scena/mp2000_ev.dat:0x1fbd3d,scena/mp2000_ev.dat,I'm in your debt.,18
scena/mp2000_ev.dat:0x1fbd5e,scena/mp2000_ev.dat,the other way around.,22
scena/mp2000_ev.dat:0x1fbd74,scena/mp2000_ev.dat,"Actually, I think it was mostly",32
scena/mp2000_ev.dat:0x1fbdd4,scena/mp2000_ev.dat,how mopey Estelle got while you were gone.,43
scena/mp2000_ev.dat:0x1fbdff,scena/mp2000_ev.dat,"But, what you really missed out on was seeing just",51
scena/mp2000_ev.dat:0x1fbe88,scena/mp2000_ev.dat,"U-Um, could you not?!",22
scena/mp2000_ev.dat:0x1fbefc,scena/mp2000_ev.dat,"Aw, I'm just teasing you.",26
scena/mp2000_ev.dat:0x1fbf3f,scena/mp2000_ev.dat,time to relax and chat right now.,34
scena/mp2000_ev.dat:0x1fbf61,scena/mp2000_ev.dat,"...And besides, I don't think it's the",39
scena/mp2000_ev.dat:0x1fbfaf,scena/mp2000_ev.dat,"Ugh, you can say that again.",29
scena/mp2000_ev.dat:0x1fbfe3,scena/mp2000_ev.dat,of what's happening on campus?,31
scena/mp2000_ev.dat:0x1fc002,scena/mp2000_ev.dat,"Joshua, would you mind giving them the rundown",47
scena/mp2000_ev.dat:0x1fc045,scena/mp2000_ev.dat,Of course.,11
scena/mp2000_ev.dat:0x1fc11c,scena/mp2000_ev.dat,"Hm, so that's what's going on.",31
scena/mp2000_ev.dat:0x1fc158,scena/mp2000_ev.dat,be the quickest way to solve things.,37
scena/mp2000_ev.dat:0x1fc17d,scena/mp2000_ev.dat,Splitting into two groups really would,39
scena/mp2000_ev.dat:0x1fc1b3,scena/mp2000_ev.dat,"So, since there's ten of us here...",36
scena/mp2000_ev.dat:0x1fc1f4,scena/mp2000_ev.dat,"group, and four on the strike team?",36
scena/mp2000_ev.dat:0x1fc218,scena/mp2000_ev.dat,What would you folks say to six in the main,44
scena/mp2000_ev.dat:0x1fc270,scena/mp2000_ev.dat,"That sounds about right, yeah.",31
scena/mp2000_ev.dat:0x1fc29e,scena/mp2000_ev.dat,"The only question is, who's gonna be in which?",47
scena/mp2000_ev.dat:0x1fc2dd,scena/mp2000_ev.dat,myself for the strike team.,28
scena/mp2000_ev.dat:0x1fc2f9,scena/mp2000_ev.dat,"Actually, I was gonna nominate",31
scena/mp2000_ev.dat:0x1fc327,scena/mp2000_ev.dat,better than most of you guys.,30
scena/mp2000_ev.dat:0x1fc345,scena/mp2000_ev.dat,Since I probably know the academy,34
scena/mp2000_ev.dat:0x1fc376,scena/mp2000_ev.dat,"I know it well, too.",21
scena/mp2000_ev.dat:0x1fc3a6,scena/mp2000_ev.dat,came back from scouting it out.,32
scena/mp2000_ev.dat:0x1fc3c6,scena/mp2000_ev.dat,"...And more importantly, I just",32
scena/mp2000_ev.dat:0x1fc3f5,scena/mp2000_ev.dat,Mind if I join you?,20
scena/mp2000_ev.dat:0x1fc421,scena/mp2000_ev.dat,together sometime soon.,24
scena/mp2000_ev.dat:0x1fc439,scena/mp2000_ev.dat,I promised Estelle we'd fight,30
scena/mp2000_ev.dat:0x1fc466,scena/mp2000_ev.dat,"Oh, Anelace...",15
scena/mp2000_ev.dat:0x1fc496,scena/mp2000_ev.dat,I second that suggestion.,26
scena/mp2000_ev.dat:0x1fc4b0,scena/mp2000_ev.dat,"Knowing how light on her feet she is,",38
scena/mp2000_ev.dat:0x1fc4e5,scena/mp2000_ev.dat,"like to be right in the thick of things, so...",47
scena/mp2000_ev.dat:0x1fc514,scena/mp2000_ev.dat,My only concern is that all three of you,41
scena/mp2000_ev.dat:0x1fc561,scena/mp2000_ev.dat,you who can serve as support.,30
scena/mp2000_ev.dat:0x1fc57f,scena/mp2000_ev.dat,You should have someone with,29
scena/mp2000_ev.dat:0x1fc5ab,scena/mp2000_ev.dat,"In that case, I'll go with them.",33
scena/mp2000_ev.dat:0x1fc5db,scena/mp2000_ev.dat,provide some decent backup.,28
scena/mp2000_ev.dat:0x1fc5f7,scena/mp2000_ev.dat,The techniques I use should,28
scena/mp2000_ev.dat:0x1fc62a,scena/mp2000_ev.dat,"Thanks, Kurt!",14
scena/mp2000_ev.dat:0x1fc64b,scena/mp2000_ev.dat,We'd really appreciate it.,27
scena/mp2000_ev.dat:0x1fc67a,scena/mp2000_ev.dat,"Heh! That's that, then.",24
scena/mp2000_ev.dat:0x1fc6b2,scena/mp2000_ev.dat,"Wait, Carna... Are you gonna be good on weapons?",49
scena/mp2000_ev.dat:0x1fc6f2,scena/mp2000_ev.dat,"Ah, you mean my orbal gun?",27
scena/mp2000_ev.dat:0x1fc71c,scena/mp2000_ev.dat,to do...until I found this baby.,33
scena/mp2000_ev.dat:0x1fc73d,scena/mp2000_ev.dat,"Honestly, I wasn't sure what",29
scena/mp2000_ev.dat:0x1fc796,scena/mp2000_ev.dat,Wh-What the heck is that thing?!,33
scena/mp2000_ev.dat:0x1fc7ca,scena/mp2000_ev.dat,Oh! Is that what I think it is...?!,36
scena/mp2000_ev.dat:0x1fc801,scena/mp2000_ev.dat,relic from the Reinford Company.,33
scena/mp2000_ev.dat:0x1fc822,scena/mp2000_ev.dat,Heh! This assault rifle's a pre-orbal,38
scena/mp2000_ev.dat:0x1fc858,scena/mp2000_ev.dat,from Eva's own collection.,27
scena/mp2000_ev.dat:0x1fc873,scena/mp2000_ev.dat,"A genuine antique, straight",28
scena/mp2000_ev.dat:0x1fc89e,scena/mp2000_ev.dat,I had to beg her to lend it to me.,35
scena/mp2000_ev.dat:0x1fc8d0,scena/mp2000_ev.dat,You sure don't see those every day.,36
scena/mp2000_ev.dat:0x1fc907,scena/mp2000_ev.dat,firearms just aren't used any more.,36
scena/mp2000_ev.dat:0x1fc92b,scena/mp2000_ev.dat,Or pretty much ever. Gunpowder-based,37
scena/mp2000_ev.dat:0x1fc95f,scena/mp2000_ev.dat,"Well...except by you, Tita.",28
scena/mp2000_ev.dat:0x1fc98a,scena/mp2000_ev.dat,Ehehe... Yep!,14
scena/mp2000_ev.dat:0x1fc9a8,scena/mp2000_ev.dat,so it's nice of him to let me borrow from it.,46
scena/mp2000_ev.dat:0x1fc9d6,scena/mp2000_ev.dat,"My Grandpa's really proud of his collection,",45
scena/mp2000_ev.dat:0x1fca12,scena/mp2000_ev.dat,"heavy, and run out of bullets way too fast.",44
scena/mp2000_ev.dat:0x1fca3e,scena/mp2000_ev.dat,"Honestly, compared to orbal guns, they're awkward,",51
scena/mp2000_ev.dat:0x1fca85,scena/mp2000_ev.dat,And it's a lot better than nothing.,36
scena/mp2000_ev.dat:0x1fcaa9,scena/mp2000_ev.dat,"But, they do pack a punch.",27
scena/mp2000_ev.dat:0x1fcad3,scena/mp2000_ev.dat,team's going to be just fine.,30
scena/mp2000_ev.dat:0x1fcaf1,scena/mp2000_ev.dat,"Hm, sounds like the decoy",26
scena/mp2000_ev.dat:0x1fcb95,scena/mp2000_ev.dat,"Alright, time to get to work.",30
scena/mp2000_ev.dat:0x1fcbf0,scena/mp2000_ev.dat,Let's do this!,15
scena/mp2000_ev.dat:0x1fcc1e,scena/mp2000_ev.dat,replacing Scherazard and Agate!,32
scena/mp2000_ev.dat:0x1fcc3e,scena/mp2000_ev.dat,"<C1>Kurt and Anelace joined the party,",39
scena/mp2000_ev.dat:0x1fcc65,scena/mp2000_ev.dat,replacing Scherazard and Tita!,31
scena/mp2000_ev.dat:0x1fcc84,scena/mp2000_ev.dat,"<C1>Kurt and Anelace joined the party,",39
scena/mp2000_ev.dat:0x1fccab,scena/mp2000_ev.dat,replacing Scherazard and Zin!,30
scena/mp2000_ev.dat:0x1fccc9,scena/mp2000_ev.dat,"<C1>Kurt and Anelace joined the party,",39
scena/mp2000_ev.dat:0x1fccf0,scena/mp2000_ev.dat,replacing Agate and Tita!,26
scena/mp2000_ev.dat:0x1fcd0a,scena/mp2000_ev.dat,"<C1>Kurt and Anelace joined the party,",39
scena/mp2000_ev.dat:0x1fcd31,scena/mp2000_ev.dat,replacing Agate and Zin!,25
scena/mp2000_ev.dat:0x1fcd4a,scena/mp2000_ev.dat,"<C1>Kurt and Anelace joined the party,",39
scena/mp2000_ev.dat:0x1fcd71,scena/mp2000_ev.dat,replacing Tita and Zin!,24
scena/mp2000_ev.dat:0x1fcd89,scena/mp2000_ev.dat,"<C1>Kurt and Anelace joined the party,",39
scena/mp2000_ev.dat:0x1fcdb0,scena/mp2000_ev.dat,their plan to take back the campus.,36
scena/mp2000_ev.dat:0x1fcdd4,scena/mp2000_ev.dat,"<C1>And so, the bracers kicked off",35
scena/mp2000_ev.dat:0x1fcdf7,scena/mp2000_ev.dat,gates and distract the enhanced jaegers...,43
scena/mp2000_ev.dat:0x1fce22,scena/mp2000_ev.dat,"Grant, and Tita went to go storm the",37
scena/mp2000_ev.dat:0x1fce47,scena/mp2000_ev.dat,"<C1>While Agate, Scherazard, Zin, Carna,",41
scena/mp2000_ev.dat:0x1fce70,scena/mp2000_ev.dat,"circuitous route, to go rescue the hostages.",45
scena/mp2000_ev.dat:0x1fce9d,scena/mp2000_ev.dat,"<C1>Estelle, Joshua, Anelace, and Kurt took a more",51
scena/mp2000_ev.dat:0x1fd1c2,scena/mp2000_ev.dat,Enhanced Jaeger,16
scena/mp2000_ev.dat:0x1fd1d2,scena/mp2000_ev.dat,"...The hell's Gilbert thinking, anyway?",40
scena/mp2000_ev.dat:0x1fd209,scena/mp2000_ev.dat,is getting a bunch of brats to piss their pants.,49
scena/mp2000_ev.dat:0x1fd23a,scena/mp2000_ev.dat,The only thing we get from taking over this place,50
scena/mp2000_ev.dat:0x1fd27b,scena/mp2000_ev.dat,Enhanced Jaeger,16
scena/mp2000_ev.dat:0x1fd28b,scena/mp2000_ev.dat,more sense to target a city...,31
scena/mp2000_ev.dat:0x1fd2aa,scena/mp2000_ev.dat,"kingdom into chaos, it would make",34
scena/mp2000_ev.dat:0x1fd2cc,scena/mp2000_ev.dat,Damn right. If the goal is to throw the,40
scena/mp2000_ev.dat:0x1fd304,scena/mp2000_ev.dat,the rich kids go.,18
scena/mp2000_ev.dat:0x1fd316,scena/mp2000_ev.dat,"That said, this place is where all",35
scena/mp2000_ev.dat:0x1fd348,scena/mp2000_ev.dat,"here. In disguise, but still.",30
scena/mp2000_ev.dat:0x1fd366,scena/mp2000_ev.dat,"Hell, I even heard that royalty's enrolled",43
scena/mp2000_ev.dat:0x1fd3a0,scena/mp2000_ev.dat,"Wait, you mean...Princess Klaudia?!",36
scena/mp2000_ev.dat:0x1fd3d7,scena/mp2000_ev.dat,in the castle with tutors and stuff.,37
scena/mp2000_ev.dat:0x1fd3fc,scena/mp2000_ev.dat,Haha! No way. She's gotta be all holed up,42
scena/mp2000_ev.dat:0x1fd435,scena/mp2000_ev.dat,to be a royal.,15
scena/mp2000_ev.dat:0x1fd444,scena/mp2000_ev.dat,for is a student here and she's supposed,41
scena/mp2000_ev.dat:0x1fd46d,scena/mp2000_ev.dat,"But, the lady the Phantom Thief's head-over-heels",50
scena/mp2000_ev.dat:0x1fd4b6,scena/mp2000_ev.dat,who that mystery student is.,29
scena/mp2000_ev.dat:0x1fd4d3,scena/mp2000_ev.dat,"So, Gilbert's looking to figure out exactly",44
scena/mp2000_ev.dat:0x1fd50e,scena/mp2000_ev.dat,he'd earn some serious brownie points.,39
scena/mp2000_ev.dat:0x1fd535,scena/mp2000_ev.dat,"Ah, gotcha. If he can piece that together,",43
scena/mp2000_ev.dat:0x1fd573,scena/mp2000_ev.dat,probably gonna be breathing down our necks.,44
scena/mp2000_ev.dat:0x1fd59f,scena/mp2000_ev.dat,"But, if that's true, then the army AND guild are",49
scena/mp2000_ev.dat:0x1fd5e0,scena/mp2000_ev.dat,We'd better keep an eye out.,29
scena/mp2000_ev.dat:0x1fd60c,scena/mp2000_ev.dat,No way anyone's getting here that fast.,40
scena/mp2000_ev.dat:0x1fd634,scena/mp2000_ev.dat,"Pfft, relax. We only just took over.",37
scena/mp2000_ev.dat:0x1fd66c,scena/mp2000_ev.dat,"weapons, and they can't.",25
scena/mp2000_ev.dat:0x1fd685,scena/mp2000_ev.dat,"Besides, we can use orbal",26
scena/mp2000_ev.dat:0x1fd6ae,scena/mp2000_ev.dat,All we have to do is outgun 'em.,33
scena/mp2000_ev.dat:0x1fd6de,scena/mp2000_ev.dat,"Yeah, that's true.",19
scena/mp2000_ev.dat:0x1fd7cb,scena/mp2000_ev.dat,They're seriously hauling antiques around...?,46
scena/mp2000_ev.dat:0x1fd7f9,scena/mp2000_ev.dat,W-Was that an actual firearm?!,31
scena/mp2000_ev.dat:0x1fd82b,scena/mp2000_ev.dat,Go call up the reserves!,25
scena/mp2000_ev.dat:0x1fd844,scena/mp2000_ev.dat,"At this rate, they're going to make it inside...",49
scena/mp2000_ev.dat:0x1fd99a,scena/mp2000_ev.dat,...Sounds like they've started!,32
scena/mp2000_ev.dat:0x1fd9c9,scena/mp2000_ev.dat,"Yep, so we'd better get a move on!",35
scena/mp2000_ev.dat:0x1fda10,scena/mp2000_ev.dat,I unlocked the back gate earlier.,34
scena/mp2000_ev.dat:0x1fda4d,scena/mp2000_ev.dat,We can get through there in no time.,37
scena/mp2000_ev.dat:0x1fda81,scena/mp2000_ev.dat,Sounds good.,13
scena/mp2000_ev.dat:0x1fdaad,scena/mp2000_ev.dat,and get those hostages freed.,30
scena/mp2000_ev.dat:0x1fdacb,scena/mp2000_ev.dat,"Let's get in as fast as we can,",32
scena/mp2000_ev.dat:0x1fdafb,scena/mp2000_ev.dat,then we won't miss anyone.,27
scena/mp2000_ev.dat:0x1fdb16,scena/mp2000_ev.dat,"If we check off the names as we go,",36
scena/mp2000_ev.dat:0x1fdb52,scena/mp2000_ev.dat,Got it!,8
scena/mp2000_ev.dat:0x1fdb6d,scena/mp2000_ev.dat,"C'mon, what are we waiting for?",32
scena/mp2000_ev.dat:0x1fdc99,scena/mp2000_ev.dat,Girl's Voice,13
scena/mp2000_ev.dat:0x1fdccd,scena/mp2000_ev.dat,Did you hear that?!,20
scena/mp2000_ev.dat:0x1fdcfc,scena/mp2000_ev.dat,It came from over there! Behind the academy!,45
scena/mp2000_ev.dat:0x1fdd40,scena/mp2000_ev.dat,That's got to be her!,22
scena/mp2000_ev.dat:0x1fdd56,scena/mp2000_ev.dat,We're only missing one person on the list...,45
scena/mp2000_ev.dat:0x1fdd9a,scena/mp2000_ev.dat,"C'mon, there's no time to lose!",32
scena/mp2000_ev.dat:0x1fde4d,scena/mp2000_ev.dat,"Kurt, Anelace. And you, too, Carna and Grant.",46
scena/mp2000_ev.dat:0x1fde8f,scena/mp2000_ev.dat,Thank you so much for your help today.,39
scena/mp2000_ev.dat:0x1fdec9,scena/mp2000_ev.dat,Hahaha... No need to act so stuffy!,36
scena/mp2000_ev.dat:0x1fdefc,scena/mp2000_ev.dat,"Yeah, we were just doing our jobs as bracers.",46
scena/mp2000_ev.dat:0x1fdf4e,scena/mp2000_ev.dat,even after the lakeside.,25
scena/mp2000_ev.dat:0x1fdf67,scena/mp2000_ev.dat,"Haha, and now we're finally",28
scena/mp2000_ev.dat:0x1fdfa3,scena/mp2000_ev.dat,I'm always happy to help.,26
scena/mp2000_ev.dat:0x1fdfbd,scena/mp2000_ev.dat,"If anything else comes up,",27
scena/mp2000_ev.dat:0x1fdfe7,scena/mp2000_ev.dat,"Heh, I'll hold you to that.",28
scena/mp2000_ev.dat:0x1fe01f,scena/mp2000_ev.dat,Where are you guys off to next?,32
scena/mp2000_ev.dat:0x1fe04e,scena/mp2000_ev.dat,We're heading over to Bose via the Krone Pass.,47
scena/mp2000_ev.dat:0x1fe0a0,scena/mp2000_ev.dat,stuff like this from happening again.,38
scena/mp2000_ev.dat:0x1fe0c6,scena/mp2000_ev.dat,While keeping an eye out to stop,33
scena/mp2000_ev.dat:0x1fe103,scena/mp2000_ev.dat,I see...,9
scena/mp2000_ev.dat:0x1fe12a,scena/mp2000_ev.dat,"Hey, um... Be careful, okay?",29
scena/mp2000_ev.dat:0x1fe156,scena/mp2000_ev.dat,"Haha, same to you.",19
scena/mp2000_ev.dat:0x1fe179,scena/mp2000_ev.dat,is keep on keeping on.,23
scena/mp2000_ev.dat:0x1fe190,scena/mp2000_ev.dat,"In times like these, all we can do",35
scena/mp2000_ev.dat:0x1fe1c2,scena/mp2000_ev.dat,Yep. Let's all keep pushin'.,29
scena/mp2000_ev.dat:0x1fe220,scena/mp2000_ev.dat,"Oh... Hey, Estelle?",20
scena/mp2000_ev.dat:0x1fe24d,scena/mp2000_ev.dat,What's up?,11
scena/mp2000_ev.dat:0x1fe29e,scena/mp2000_ev.dat,When I was fighting beside you this time...,44
scena/mp2000_ev.dat:0x1fe2f1,scena/mp2000_ev.dat,were decisive and smooth.,26
scena/mp2000_ev.dat:0x1fe30b,scena/mp2000_ev.dat,I noticed your movements,25
scena/mp2000_ev.dat:0x1fe333,scena/mp2000_ev.dat,I'm honestly impressed by how much you've grown.,49
scena/mp2000_ev.dat:0x1fe374,scena/mp2000_ev.dat,"Aww, shucks~ Flattery will get you everywhere.",47
scena/mp2000_ev.dat:0x1fe3b7,scena/mp2000_ev.dat,really stepped up your game.,29
scena/mp2000_ev.dat:0x1fe3d4,scena/mp2000_ev.dat,"Anyway, you're the one who",27
scena/mp2000_ev.dat:0x1fe402,scena/mp2000_ev.dat,I've had a lot of practice recently.,37
scena/mp2000_ev.dat:0x1fe44d,scena/mp2000_ev.dat,"strength in your heart, too.",29
scena/mp2000_ev.dat:0x1fe46a,scena/mp2000_ev.dat,that have gotten stronger. I can tell there's a new,52
scena/mp2000_ev.dat:0x1fe49e,scena/mp2000_ev.dat,"But in your case, it's not just your fighting skills",53
scena/mp2000_ev.dat:0x1fe4f8,scena/mp2000_ev.dat,own path while searching for Joshua.,37
scena/mp2000_ev.dat:0x1fe51d,scena/mp2000_ev.dat,I think it's because you found your,36
scena/mp2000_ev.dat:0x1fe55f,scena/mp2000_ev.dat,You've gotten so strong... Really.,35
scena/mp2000_ev.dat:0x1fe5d0,scena/mp2000_ev.dat,I'm not just gonna roll over.,30
scena/mp2000_ev.dat:0x1fe5ee,scena/mp2000_ev.dat,"Heh, but as your rival,",24
scena/mp2000_ev.dat:0x1fe616,scena/mp2000_ev.dat,"If we get the chance, let's team up again, okay?",49
scena/mp2000_ev.dat:0x1fe665,scena/mp2000_ev.dat,"And next time, I'll be the one to surprise you!",48
scena/mp2000_ev.dat:0x1fe6a4,scena/mp2000_ev.dat,Hahaha... Sure! I'll be waiting!,33
scena/mp2000_ev.dat:0x1fe6e5,scena/mp2000_ev.dat,the Ruan branch ahead of the group...,38
scena/mp2000_ev.dat:0x1fe70b,scena/mp2000_ev.dat,"<C1>After that, Tita and Zin returned to",41
scena/mp2000_ev.dat:0x1fe734,scena/mp2000_ev.dat,the Ruan branch ahead of the group...,38
scena/mp2000_ev.dat:0x1fe75a,scena/mp2000_ev.dat,"<C1>After that, Agate and Zin returned to",42
scena/mp2000_ev.dat:0x1fe784,scena/mp2000_ev.dat,the Ruan branch ahead of the group...,38
scena/mp2000_ev.dat:0x1fe7aa,scena/mp2000_ev.dat,"<C1>After that, Agate and Tita returned to",43
scena/mp2000_ev.dat:0x1fe7d5,scena/mp2000_ev.dat,to the Ruan branch ahead of the group...,41
scena/mp2000_ev.dat:0x1fe7fe,scena/mp2000_ev.dat,"<C1>After that, Scherazard and Zin returned",44
scena/mp2000_ev.dat:0x1fe82a,scena/mp2000_ev.dat,to the Ruan branch ahead of the group...,41
scena/mp2000_ev.dat:0x1fe853,scena/mp2000_ev.dat,"<C1>After that, Scherazard and Tita returned",45
scena/mp2000_ev.dat:0x1fe880,scena/mp2000_ev.dat,to the Ruan branch ahead of the group...,41
scena/mp2000_ev.dat:0x1fe8a9,scena/mp2000_ev.dat,"<C1>After that, Scherazard and Agate returned",46
scena/mp2000_ev.dat:0x1fe8d7,scena/mp2000_ev.dat,headed back to Kloe.,21
scena/mp2000_ev.dat:0x1fe8ec,scena/mp2000_ev.dat,"<C1>Sieg, who'd flown in from the capital,",43
scena/mp2000_ev.dat:0x1fe917,scena/mp2000_ev.dat,at the academy before taking off.,34
scena/mp2000_ev.dat:0x1fe939,scena/mp2000_ev.dat,<C1>And the group said goodbye to everyone,43
scena/mp2000_ev.dat:0x1fea44,scena/mp2000_ev.dat,"Hey, do you have a sec?",24
scena/mp2000_ev.dat:0x1fea6b,scena/mp2000_ev.dat,What's up?,11
scena/mp2000_ev.dat:0x1feab6,scena/mp2000_ev.dat,situation before showing him Murdock's letter.,47
scena/mp2000_ev.dat:0x1feae5,scena/mp2000_ev.dat,<C1>Estelle and the others explained the,41
scena/mp2000_ev.dat:0x1feb0e,scena/mp2000_ev.dat,"Gas, huh? Yep, it definitely arrived.",38
scena/mp2000_ev.dat:0x1feb47,scena/mp2000_ev.dat,"the power went belly up, so it's still in storage.",51
scena/mp2000_ev.dat:0x1feb7a,scena/mp2000_ev.dat,I was about to ship it over to Zeiss when,42
scena/mp2000_ev.dat:0x1febb7,scena/mp2000_ev.dat,"Aww, yeah!",11
scena/mp2000_ev.dat:0x1febd2,scena/mp2000_ev.dat,Is it okay if we take it off your hands?,41
scena/mp2000_ev.dat:0x1fec0a,scena/mp2000_ev.dat,"Sure, but...there's a lot of it.",33
scena/mp2000_ev.dat:0x1fec3f,scena/mp2000_ev.dat,carrying all of it by yourselves.,34
scena/mp2000_ev.dat:0x1fec61,scena/mp2000_ev.dat,You're gonna have a hard time,30
scena/mp2000_ev.dat:0x1feca0,scena/mp2000_ev.dat,Good point...,14
scena/mp2000_ev.dat:0x1fecbe,scena/mp2000_ev.dat,as we can reasonably carry.,28
scena/mp2000_ev.dat:0x1fecda,scena/mp2000_ev.dat,Let's just take as much,24
scena/mp2000_ev.dat:0x1fed2a,scena/mp2000_ev.dat,Let's just grab as much as we can carry.,41
scena/mp2000_ev.dat:0x1fed72,scena/mp2000_ev.dat,Makes sense...,15
scena/mp2000_ev.dat:0x1fed91,scena/mp2000_ev.dat,Let's just get whatever we can carry.,38
scena/mp2000_ev.dat:0x1fee42,scena/mp2000_ev.dat,"Let's see... This should be enough, right?",43
scena/mp2000_ev.dat:0x1fee81,scena/mp2000_ev.dat,"Yes, that should last for a while.",35
scena/mp2000_ev.dat:0x1feebb,scena/mp2000_ev.dat,"Yeah, that should be enough to last for a while.",49
scena/mp2000_ev.dat:0x1fef03,scena/mp2000_ev.dat,This'll be light work.,23
scena/mp2000_ev.dat:0x1fef3a,scena/mp2000_ev.dat,I should be able to handle carryin' this much.,47
scena/mp2000_ev.dat:0x1fef89,scena/mp2000_ev.dat,a massage after this workout.,30
scena/mp2000_ev.dat:0x1fefa7,scena/mp2000_ev.dat,Phew... I'm going to need,26
scena/mp2000_ev.dat:0x1fefe5,scena/mp2000_ev.dat,Obtained ,10
scena/mp2000_ev.dat:0x1ff023,scena/mp2000_ev.dat,"else, let me know.",19
scena/mp2000_ev.dat:0x1ff036,scena/mp2000_ev.dat,Well then... If you need anything,34
scena/mp2000_ev.dat:0x1ff073,scena/mp2000_ev.dat,gets cleaned up before then.,29
scena/mp2000_ev.dat:0x1ff090,scena/mp2000_ev.dat,Though hopefully this whole mess,33
scena/mp2000_ev.dat:0x1ff0c0,scena/mp2000_ev.dat,"Yeah, I hear ya.",17
scena/mp2000_ev.dat:0x1ff0e0,scena/mp2000_ev.dat,Thanks again for your help.,28
scena/mp2000_ev.dat:0x1ff14c,scena/mp2000_ev.dat,Okay... We have everything we need.,36
scena/mp2000_ev.dat:0x1ff180,scena/mp2000_ev.dat,and start working on the pump?,31
scena/mp2000_ev.dat:0x1ff19f,scena/mp2000_ev.dat,Should we get back to Elmo,27
scena/mp2000_ev.dat:0x1ff1c9,scena/mp2000_ev.dat,"Yep, I'm ready whenever you are.",33
scena/mp2000_ev.dat:0x1ff1fe,scena/mp2000_ev.dat,never get that pump running.,29
scena/mp2000_ev.dat:0x1ff21b,scena/mp2000_ev.dat,"You know, without Tita, we'll",30
scena/mp2000_ev.dat:0x1ff262,scena/mp2000_ev.dat,and meet up with her.,22
scena/mp2000_ev.dat:0x1ff278,scena/mp2000_ev.dat,Let's head back to the guild,29
scena/mp2000_ev.dat:0x1ff2a9,scena/mp2000_ev.dat,Okay... We've got the gasoline.,32
scena/mp2000_ev.dat:0x1ff2d9,scena/mp2000_ev.dat,All that's left is the combustion engine...,44
scena/mp2000_ev.dat:0x1ff314,scena/mp2000_ev.dat,apparently diverted to Tratt Plains mid-flight.,48
scena/mp2000_ev.dat:0x1ff344,scena/mp2000_ev.dat,The patrol ship carrying the engine,36
scena/mp2000_ev.dat:0x1ff37b,scena/mp2000_ev.dat,So we should probably look there.,34
scena/mp2000_ev.dat:0x1ff3b0,scena/mp2000_ev.dat,"Right, yeah.",13
scena/mp2000_ev.dat:0x1ff3dc,scena/mp2000_ev.dat,He apparently handed it over to the Royal Army.,48
scena/mp2000_ev.dat:0x1ff41f,scena/mp2000_ev.dat,Fortress and ask them about it.,32
scena/mp2000_ev.dat:0x1ff43f,scena/mp2000_ev.dat,So all we can do is stop by Leiston,36
scena/mp2000_ev.dat:0x1ff476,scena/mp2000_ev.dat,"Right, yeah.",13
scena/mp2000_ev.dat:0x1ff4a2,scena/mp2000_ev.dat,"Gustav's the guy in charge of the engine, right?",49
scena/mp2000_ev.dat:0x1ff4e6,scena/mp2000_ev.dat,Let's head over to the Zeiss dock.,35
scena/mp2000_ev.dat:0x1ff51c,scena/mp2000_ev.dat,"Okie-doke, sounds good.",24
scena/mp2000_ev.dat:0x1ff565,scena/mp2000_ev.dat,Obtained ,10
scena/mp2000_ev.dat:0x1ff58a,scena/mp2000_ev.dat,<C1>A large monster is roaming around.,39
scena/mp2000_ev.dat:0x1ff5d7,scena/mp2000_ev.dat,Eliminate it,13
scena/mp2000_ev.dat:0x1ff62c,scena/mp2000_ev.dat,<C1>A large monster is roaming around.,39
scena/mp2000_ev.dat:0x1ff679,scena/mp2000_ev.dat,Eliminate it,13
scena/mp2000_ev.dat:0x1ff6ce,scena/mp2000_ev.dat,<C1>A large monster is roaming around.,39
scena/mp2000_ev.dat:0x1ff71b,scena/mp2000_ev.dat,Eliminate it,13
scena/mp2000_ev.dat:0x1ff770,scena/mp2000_ev.dat,<C1>A large monster is roaming around.,39
scena/mp2000_ev.dat:0x1ff7bd,scena/mp2000_ev.dat,Eliminate it,13
scena/mp2000_ev.dat:0x1ff812,scena/mp2000_ev.dat,<C1>A large monster is roaming around.,39
scena/mp2000_ev.dat:0x1ff85f,scena/mp2000_ev.dat,Eliminate it,13
scena/mp2000_ev.dat:0x1ff8b4,scena/mp2000_ev.dat,<C1>A large monster is roaming around.,39
scena/mp2000_ev.dat:0x1ff901,scena/mp2000_ev.dat,Eliminate it,13
scena/mp2000_ev.dat:0x1ff956,scena/mp2000_ev.dat,<C1>A large monster is roaming around.,39
scena/mp2000_ev.dat:0x1ff9a3,scena/mp2000_ev.dat,Eliminate it,13
scena/mp2000_ev.dat:0x2002fd,scena/mp2000_ev.dat,How can you...be so sure...?,29
scena/mp2000_ev.dat:0x200322,scena/mp2000_ev.dat,authority on all things Joshua!,32
scena/mp2000_ev.dat:0x200342,scena/mp2000_ev.dat,"Well, it's like I said. I am an",32
scena/mp2000_ev.dat:0x2003e6,scena/mp2000_ev.dat,I don't think I have a rival for that title.,45
scena/mp2000_ev.dat:0x200413,scena/mp2000_ev.dat,"And now that I know your whole past,",37
scena/mp2000_ev.dat:0x2004ce,scena/mp2000_ev.dat,can hold a candle to me.,25
scena/mp2000_ev.dat:0x2004e7,scena/mp2000_ev.dat,Not the Professor or even Loewe,32
scena/mp2000_ev.dat:0x2005a7,scena/mp2000_ev.dat,Scared Joshua and brave Joshua.,32
scena/mp2000_ev.dat:0x2005c8,scena/mp2000_ev.dat,Lying Joshua and honest Joshua.,32
scena/mp2000_ev.dat:0x2005e9,scena/mp2000_ev.dat,I love them all... I love you.,31
scena/mp2000_ev.dat:0x200703,scena/mp2000_ev.dat,"dying to say to you, Joshua.",29
scena/mp2000_ev.dat:0x200720,scena/mp2000_ev.dat,Those are the words I've been,30
scena/mp2000_ev.dat:0x20089c,scena/mp2000_ev.dat,girl you need to protect all the time.,39
scena/mp2000_ev.dat:0x2008c3,scena/mp2000_ev.dat,"Just so you know, I'm not some helpless",40
scena/mp2000_ev.dat:0x2008ec,scena/mp2000_ev.dat,I'm a bracer. Danger comes with the job.,41
scena/mp2000_ev.dat:0x200998,scena/mp2000_ev.dat,"how it'll be, whether you're here or not.",42
scena/mp2000_ev.dat:0x2009c2,scena/mp2000_ev.dat,"And that's just how it is, and that's",38
scena/mp2000_ev.dat:0x2009e9,scena/mp2000_ev.dat,To be who I really am.,23
scena/mp2000_ev.dat:0x200a00,scena/mp2000_ev.dat,"After all, this is the path I've chosen myself.",48
scena/mp2000_ev.dat:0x200ad4,scena/mp2000_ev.dat,And so...,10
scena/mp2000_ev.dat:0x200adf,scena/mp2000_ev.dat,Let's make a promise. Here and now.,36
scena/mp2000_ev.dat:0x200b9d,scena/mp2000_ev.dat,protect each other as equals.,30
scena/mp2000_ev.dat:0x200bbb,scena/mp2000_ev.dat,Let's walk the same path and,29
scena/mp2000_ev.dat:0x200c67,scena/mp2000_ev.dat,I can watch your back just fine.,33
scena/mp2000_ev.dat:0x200c88,scena/mp2000_ev.dat,"I've gotten way stronger, you know?",36
scena/mp2000_ev.dat:0x200d3e,scena/mp2000_ev.dat,really think there's nothing I can't do.,41
scena/mp2000_ev.dat:0x200d85,scena/mp2000_ev.dat," I really,",11
scena/mp2000_ev.dat:0x200e21,scena/mp2000_ev.dat,I'm not going anywhere.,24
scena/mp2000_ev.dat:0x200e39,scena/mp2000_ev.dat,The Society can throw everything they have at me.,50
scena/mp2000_ev.dat:0x200e6c,scena/mp2000_ev.dat,You don't have to be afraid anymore.,37
scena/mp2000_ev.dat:0x200e91,scena/mp2000_ev.dat,So Joshua...it's okay.,23
scena/mp2000_ev.dat:0x201089,scena/mp2000_ev.dat,I haven't cried since...Karin died...,38
scena/mp2000_ev.dat:0x2010af,scena/mp2000_ev.dat,Why am I... crying?,20
scena/mp2000_ev.dat:0x201142,scena/mp2000_ev.dat,Not...a single...tear...,25
scena/mp2000_ev.dat:0x20115b,scena/mp2000_ev.dat,I couldn't even fake them...,29
scena/mp2000_ev.dat:0x201179,scena/mp2000_ev.dat,I see... It's alright.,23
scena/mp2000_ev.dat:0x201229,scena/mp2000_ev.dat,So go on. Cry all you like.,28
scena/mp2000_ev.dat:0x201245,scena/mp2000_ev.dat,I promise not to look.,23
scena/mp2000_ev.dat:0x2012c8,scena/mp2000_ev.dat,Holding you until you're all done.,35
scena/mp2000_ev.dat:0x2012eb,scena/mp2000_ev.dat,I'll be right here...,22
scena/mp2000_ev.dat:0x201f6f,scena/mp2000_ev.dat,I'm forever naive in my internal la-la land. Right?,52
scena/mp2000_ev.dat:0x201fa3,scena/mp2000_ev.dat,Hey. I know that look. You're thinking about how,49
scena/mp2000_ev.dat:0x201fd5,scena/mp2000_ev.dat,You've taken on a much more mature air.,40
scena/mp2000_ev.dat:0x201ffd,scena/mp2000_ev.dat,"No, no. Not quite, anyway.",27
scena/mp2000_ev.dat:0x2020f5,scena/mp2000_ev.dat,"But at the end of the day, you're still you.",45
scena/mp2000_ev.dat:0x202165,scena/mp2000_ev.dat,And that's a wonderful thing.,30
scena/mp2000_ev.dat:0x202256,scena/mp2000_ev.dat,"(G-Get it together, Estelle!)",30
scena/mp2000_ev.dat:0x202276,scena/mp2000_ev.dat,to be way past melting at his smile!),38
scena/mp2000_ev.dat:0x20229c,scena/mp2000_ev.dat,(This is Joshua. I'm supposed,30
scena/mp2000_ev.dat:0x2022bd,scena/mp2000_ev.dat,"(Well, hmm. It HAS been a while...)",36
scena/mp2000_ev.dat:0x202310,scena/mp2000_ev.dat,Estelle? Is something wrong?,29
scena/mp2000_ev.dat:0x2023c5,scena/mp2000_ev.dat,"So, uh...",10
scena/mp2000_ev.dat:0x2023d0,scena/mp2000_ev.dat,"You two got pretty close, huh?",31
scena/mp2000_ev.dat:0x2023ef,scena/mp2000_ev.dat,You and the stupid tomboy.,27
scena/mp2000_ev.dat:0x202488,scena/mp2000_ev.dat,Tomboy... Ah. You mean Josette.,32
scena/mp2000_ev.dat:0x2024a9,scena/mp2000_ev.dat,Though she hated me with a vengeance at first.,47
scena/mp2000_ev.dat:0x2024d8,scena/mp2000_ev.dat,"Yeah, more or less.",20
scena/mp2000_ev.dat:0x20256e,scena/mp2000_ev.dat,"She opened up to me eventually, I think.",41
scena/mp2000_ev.dat:0x202597,scena/mp2000_ev.dat,"Over time, that changed.",25
scena/mp2000_ev.dat:0x2025f8,scena/mp2000_ev.dat,'Opened up'...,15
scena/mp2000_ev.dat:0x202677,scena/mp2000_ev.dat,"So did you guys...kiss...or, whatever?",39
scena/mp2000_ev.dat:0x20269f,scena/mp2000_ev.dat,"So did you guys...kiss...or, whatever?",39
scena/mp2000_ev.dat:0x2026c7,scena/mp2000_ev.dat,Excuse me?,11
scena/mp2000_ev.dat:0x20274b,scena/mp2000_ev.dat,JUST ANSWER THE QUESTION!,26
scena/mp2000_ev.dat:0x20276f,scena/mp2000_ev.dat,"No, of course not.",19
scena/mp2000_ev.dat:0x202789,scena/mp2000_ev.dat,I-In that case...,18
scena/mp2000_ev.dat:0x20288d,scena/mp2000_ev.dat,of the other night... Right?,29
scena/mp2000_ev.dat:0x2028aa,scena/mp2000_ev.dat,You won't mind if I ask for a redo,35
scena/mp2000_ev.dat:0x202971,scena/mp2000_ev.dat,a pretty big deal for a girl...,32
scena/mp2000_ev.dat:0x202991,scena/mp2000_ev.dat,"Cause, you know. The first kiss is",35
scena/mp2000_ev.dat:0x202a06,scena/mp2000_ev.dat,Don't you think...,19
scena/mp2000_ev.dat:0x202a19,scena/mp2000_ev.dat,"And you kinda screwed it up last time, so.",43
scena/mp2000_ev.dat:0x202b00,scena/mp2000_ev.dat,...you should do something about it?,37
scena/mp2000_ev.dat:0x202d21,scena/mp2000_ev.dat,Girl's Voice,13
scena/mp2000_ev.dat:0x202d2e,scena/mp2000_ev.dat,<C1>Heeey! Joshuaaa!,21
scena/mp2000_ev.dat:0x2030fa,scena/mp2000_ev.dat,This is the end of the demo.,29
scena/mp2000_ev.dat:0x203117,scena/mp2000_ev.dat,<C1>Thank you for playing the Trails in the Sky 2nd Chapter demo.,66
scena/mp2000_ev.dat:0x203159,scena/mp2000_ev.dat,in the full version of the game.,33
scena/mp2000_ev.dat:0x20317a,scena/mp2000_ev.dat,by loading your demo save data,31
scena/mp2000_ev.dat:0x203199,scena/mp2000_ev.dat,<C1>You can continue your adventure,36
