offset,file,text_en,byte_budget
scena/mp0000_ev.dat:0xcb123,scena/mp0000_ev.dat,@&2 ,5
scena/mp0000_ev.dat:0xcb17d,scena/mp0000_ev.dat,@&B ,5
scena/mp0000_ev.dat:0xcb1e1,scena/mp0000_ev.dat,@&R ,5
scena/mp0000_ev.dat:0xcb23b,scena/mp0000_ev.dat,@&b ,5
scena/mp0000_ev.dat:0xcb29f,scena/mp0000_ev.dat,@&r ,5
scena/mp0000_ev.dat:0xf9e7a,scena/mp0000_ev.dat, &.R,5
scena/mp0000_ev.dat:0xfa141,scena/mp0000_ev.dat, &gR,5
scena/mp0000_ev.dat:0xfa18f,scena/mp0000_ev.dat, &oR,5
scena/mp0000_ev.dat:0x1194b6,scena/mp0000_ev.dat, &Ur,5
scena/mp0000_ev.dat:0x166c9d,scena/mp0000_ev.dat,City of Rolent,15
scena/mp0000_ev.dat:0x166d5e,scena/mp0000_ev.dat,Whew. Rolent at last.,22
scena/mp0000_ev.dat:0x166d9f,scena/mp0000_ev.dat,there's a whole lot of nothing here.,37
scena/mp0000_ev.dat:0x166dc4,scena/mp0000_ev.dat,"Aside from this landing port,",30
scena/mp0000_ev.dat:0x166e14,scena/mp0000_ev.dat,Sorry we're no metropolis.,27
scena/mp0000_ev.dat:0x166e3e,scena/mp0000_ev.dat,have our own church.,21
scena/mp0000_ev.dat:0x166e53,scena/mp0000_ev.dat,"That being said, we at least",29
scena/mp0000_ev.dat:0x166e7f,scena/mp0000_ev.dat,and greet your resident priest.,32
scena/mp0000_ev.dat:0x166e9f,scena/mp0000_ev.dat,Do ya now? I'll have to stop by,32
scena/mp0000_ev.dat:0x166edd,scena/mp0000_ev.dat,Let's getcha home.,19
scena/mp0000_ev.dat:0x166ef0,scena/mp0000_ev.dat,"So, which way to your house, Estelle?",38
scena/mp0000_ev.dat:0x166f3b,scena/mp0000_ev.dat,getting home on my own.,24
scena/mp0000_ev.dat:0x166f53,scena/mp0000_ev.dat,"Yeah, about that... I'll really be fine",40
scena/mp0000_ev.dat:0x166f8a,scena/mp0000_ev.dat,"And I am a bracer, in case you forgot.",39
scena/mp0000_ev.dat:0x166fb1,scena/mp0000_ev.dat,It's right on the outskirts of town.,37
scena/mp0000_ev.dat:0x166ff6,scena/mp0000_ev.dat,your abode is my duty as a gentleman.,38
scena/mp0000_ev.dat:0x16701c,scena/mp0000_ev.dat,"Haha! Oh, don't be shy. Seeing you safely to",45
scena/mp0000_ev.dat:0x167064,scena/mp0000_ev.dat,of yours is a rare honor I can't pass up.,42
scena/mp0000_ev.dat:0x16708e,scena/mp0000_ev.dat,"Besides, meeting this legendary boyfriend",42
scena/mp0000_ev.dat:0x1670d6,scena/mp0000_ev.dat,"Boyfriend...? Oh, please. It's not like that.",46
scena/mp0000_ev.dat:0x16716a,scena/mp0000_ev.dat,...But fine. I guess I do owe you a cup of tea.,48
scena/mp0000_ev.dat:0x1671cd,scena/mp0000_ev.dat,"Much obliged. Lead the way, young lady.",40
scena/mp0000_ev.dat:0x167235,scena/mp0000_ev.dat,"Ooh. Hearth an' home is here, I assume?",40
scena/mp0000_ev.dat:0x167271,scena/mp0000_ev.dat,and it's not even mine.,24
scena/mp0000_ev.dat:0x167289,scena/mp0000_ev.dat,"I like it. Feels like home,",28
scena/mp0000_ev.dat:0x1672d6,scena/mp0000_ev.dat,Hehehe. I know what you mean.,30
scena/mp0000_ev.dat:0x167347,scena/mp0000_ev.dat,"My father, mother, and me...",29
scena/mp0000_ev.dat:0x167378,scena/mp0000_ev.dat,so many memories here. That's why.,35
scena/mp0000_ev.dat:0x1673b3,scena/mp0000_ev.dat, we all made,13
scena/mp0000_ev.dat:0x1673db,scena/mp0000_ev.dat,Mm-hm. Charming.,17
scena/mp0000_ev.dat:0x1673fc,scena/mp0000_ev.dat,He's the one that should be home right now?,44
scena/mp0000_ev.dat:0x167434,scena/mp0000_ev.dat," 'Joshua,' was it?",19
scena/mp0000_ev.dat:0x167472,scena/mp0000_ev.dat,Yep. I guarantee it!,21
scena/mp0000_ev.dat:0x1674a6,scena/mp0000_ev.dat,C'mon in. I'll introduce you.,30
scena/mp0000_ev.dat:0x167554,scena/mp0000_ev.dat,helluva piece of work.,23
scena/mp0000_ev.dat:0x16756b,scena/mp0000_ev.dat,"Whoever this guy is, he's one",30
scena/mp0000_ev.dat:0x1675a8,scena/mp0000_ev.dat,*Sigh* ...It is what it is.,28
scena/mp0000_ev.dat:0x16764d,scena/mp0000_ev.dat,City of Rolent,15
scena/mp0000_ev.dat:0x16780f,scena/mp0000_ev.dat,Whoa... Look how white it is.,30
scena/mp0000_ev.dat:0x16783c,scena/mp0000_ev.dat,Yeah... You can't see the city at all.,39
scena/mp0000_ev.dat:0x167872,scena/mp0000_ev.dat,takeoffs until it clears.,26
scena/mp0000_ev.dat:0x16788c,scena/mp0000_ev.dat,It seems they're suspending,28
scena/mp0000_ev.dat:0x1678dc,scena/mp0000_ev.dat,check in with the guild first.,31
scena/mp0000_ev.dat:0x1678fb,scena/mp0000_ev.dat,I think we should get off and,30
scena/mp0000_ev.dat:0x167954,scena/mp0000_ev.dat,"Yeah, good idea.",17
scena/mp0000_ev.dat:0x167975,scena/mp0000_ev.dat,Huh? Why the guild?,20
scena/mp0000_ev.dat:0x16799f,scena/mp0000_ev.dat,apparently none of you locals recognize.,41
scena/mp0000_ev.dat:0x1679c8,scena/mp0000_ev.dat,We're looking at a strange fog that,36
scena/mp0000_ev.dat:0x167a07,scena/mp0000_ev.dat,has something to do with it.,29
scena/mp0000_ev.dat:0x167a24,scena/mp0000_ev.dat,It could mean the Society,26
scena/mp0000_ev.dat:0x167a62,scena/mp0000_ev.dat,Hm... The only locations left are Bose and Rolent.,51
scena/mp0000_ev.dat:0x167adf,scena/mp0000_ev.dat,strike here first and not Bose?,32
scena/mp0000_ev.dat:0x167aff,scena/mp0000_ev.dat,Does this mean they intend to,30
scena/mp0000_ev.dat:0x167bae,scena/mp0000_ev.dat,"Ugh, this is some thick fog we're dealing with.",48
scena/mp0000_ev.dat:0x167bf2,scena/mp0000_ev.dat,I still feel like I'm gonna get lost.,38
scena/mp0000_ev.dat:0x167c18,scena/mp0000_ev.dat,I know this place top to bottom and,36
scena/mp0000_ev.dat:0x167c5a,scena/mp0000_ev.dat, to prevent that.,18
scena/mp0000_ev.dat:0x167c6c,scena/mp0000_ev.dat,That's what the map and compass,32
scena/mp0000_ev.dat:0x167c9c,scena/mp0000_ev.dat,if you get turned around.,26
scena/mp0000_ev.dat:0x167cb6,scena/mp0000_ev.dat,Don't be afraid to rely on them,32
scena/mp0000_ev.dat:0x167ce5,scena/mp0000_ev.dat,<P2>Good point. I will!,24
scena/mp0000_ev.dat:0x167d0c,scena/mp0000_ev.dat,the fog along those roads...,29
scena/mp0000_ev.dat:0x167d29,scena/mp0000_ev.dat,"<P2>Now, before we start investigating",39
scena/mp0000_ev.dat:0x167d6e,scena/mp0000_ev.dat,"Agate, Tita?",13
scena/mp0000_ev.dat:0x167d8a,scena/mp0000_ev.dat,"Agate, Olivier?",16
scena/mp0000_ev.dat:0x167da9,scena/mp0000_ev.dat,"Agate, Kloe?",13
scena/mp0000_ev.dat:0x167dc5,scena/mp0000_ev.dat,"Agate, Zin?",12
scena/mp0000_ev.dat:0x167de0,scena/mp0000_ev.dat,"Tita, Olivier?",15
scena/mp0000_ev.dat:0x167dfe,scena/mp0000_ev.dat,"Tita, Kloe?",12
scena/mp0000_ev.dat:0x167e19,scena/mp0000_ev.dat,"Tita, Zin?",11
scena/mp0000_ev.dat:0x167e33,scena/mp0000_ev.dat,"Kloe, Olivier?",15
scena/mp0000_ev.dat:0x167e51,scena/mp0000_ev.dat,"Olivier, Zin?",14
scena/mp0000_ev.dat:0x167e6e,scena/mp0000_ev.dat,"Kloe, Zin?",11
scena/mp0000_ev.dat:0x167e95,scena/mp0000_ev.dat,my house to check on it?,25
scena/mp0000_ev.dat:0x167eae,scena/mp0000_ev.dat,Do you mind if we stop off at,30
scena/mp0000_ev.dat:0x167ef0,scena/mp0000_ev.dat,"Yeah, that's fine.",19
scena/mp0000_ev.dat:0x167f1a,scena/mp0000_ev.dat,"No, not at all!",16
scena/mp0000_ev.dat:0x167f3a,scena/mp0000_ev.dat,Of course not. Lead the way.,29
scena/mp0000_ev.dat:0x167f73,scena/mp0000_ev.dat,Not in the slightest.,22
scena/mp0000_ev.dat:0x167fae,scena/mp0000_ev.dat,"Wow, we get to see your place? I can't wait!",45
scena/mp0000_ev.dat:0x167ff7,scena/mp0000_ev.dat,The Bright family abode... This ought to be fun.,49
scena/mp0000_ev.dat:0x16804e,scena/mp0000_ev.dat,The Bright family home... I'm excited to see it.,49
scena/mp0000_ev.dat:0x16808f,scena/mp0000_ev.dat,"Haha, I wasn't expecting to visit it this soon!",48
scena/mp0000_ev.dat:0x1680e2,scena/mp0000_ev.dat,"Great. With that settled, let's roll out.",42
scena/mp0000_ev.dat:0x168175,scena/mp0000_ev.dat,What the...?,13
scena/mp0000_ev.dat:0x16819d,scena/mp0000_ev.dat,"What's wrong, Estelle?",23
scena/mp0000_ev.dat:0x1681cf,scena/mp0000_ev.dat,"What's the matter, Estelle?",28
scena/mp0000_ev.dat:0x168206,scena/mp0000_ev.dat,"Is something the matter, Estelle?",34
scena/mp0000_ev.dat:0x168243,scena/mp0000_ev.dat,"What is it, Estelle?",21
scena/mp0000_ev.dat:0x168267,scena/mp0000_ev.dat,"Er, it's nothing. My bad.",26
scena/mp0000_ev.dat:0x16829e,scena/mp0000_ev.dat,around here last time I visited.),34
scena/mp0000_ev.dat:0x1682c0,scena/mp0000_ev.dat,(I could've sworn there was a path,35
scena/mp0000_ev.dat:0x168306,scena/mp0000_ev.dat,while since I was in Mistwald...),34
scena/mp0000_ev.dat:0x168328,scena/mp0000_ev.dat,(Maybe I'm lost. It has been a,31
scena/mp0000_ev.dat:0x1683d7,scena/mp0000_ev.dat,"Man, the fog's thick around here, too.",39
scena/mp0000_ev.dat:0x16841f,scena/mp0000_ev.dat,"Oooh, so this is your house!",29
scena/mp0000_ev.dat:0x16845f,scena/mp0000_ev.dat,"Well, well, so this is House Bright.",37
scena/mp0000_ev.dat:0x1684b0,scena/mp0000_ev.dat,"Oh, so this is your house, is it, Estelle?",43
scena/mp0000_ev.dat:0x1684fd,scena/mp0000_ev.dat,"old man settled down, huh?",27
scena/mp0000_ev.dat:0x168518,scena/mp0000_ev.dat,"Heh, so this is where your",27
scena/mp0000_ev.dat:0x168556,scena/mp0000_ev.dat,"kick back and relax, I've gotta say.",37
scena/mp0000_ev.dat:0x16857b,scena/mp0000_ev.dat,Looks like a pretty sweet place to,35
scena/mp0000_ev.dat:0x1685c1,scena/mp0000_ev.dat,"somewhere classy, and so he does.",34
scena/mp0000_ev.dat:0x1685e3,scena/mp0000_ev.dat,I always imagined Cassius would live,37
scena/mp0000_ev.dat:0x168632,scena/mp0000_ev.dat,discerning taste.,18
scena/mp0000_ev.dat:0x168644,scena/mp0000_ev.dat,I can tell the owner is a man of,33
scena/mp0000_ev.dat:0x168691,scena/mp0000_ev.dat,wonderful place to call home.,30
scena/mp0000_ev.dat:0x1686af,scena/mp0000_ev.dat,It looks like an absolutely,28
scena/mp0000_ev.dat:0x168700,scena/mp0000_ev.dat,"Uh, I guess so. Thanks.",24
scena/mp0000_ev.dat:0x168739,scena/mp0000_ev.dat,I'll brew everyone some tea.,29
scena/mp0000_ev.dat:0x168756,scena/mp0000_ev.dat,"Anyway, come on inside, you guys.",34
scena/mp0000_ev.dat:0x16878f,scena/mp0000_ev.dat,"I'll take care of the drinks, Estelle.",39
scena/mp0000_ev.dat:0x1687d2,scena/mp0000_ev.dat,You should head up to the attic.,33
scena/mp0000_ev.dat:0x168802,scena/mp0000_ev.dat,The attic? Why?,16
scena/mp0000_ev.dat:0x168826,scena/mp0000_ev.dat,Take a look for yourself.,26
scena/mp0000_ev.dat:0x16884f,scena/mp0000_ev.dat,Oh... Yikes.,13
scena/mp0000_ev.dat:0x16886f,scena/mp0000_ev.dat,house all muggy and damp.,26
scena/mp0000_ev.dat:0x168889,scena/mp0000_ev.dat,"Blegh, all this fog is gonna make the",38
scena/mp0000_ev.dat:0x1688e9,scena/mp0000_ev.dat,"Wow, it got brighter all of a sudden.",38
scena/mp0000_ev.dat:0x168922,scena/mp0000_ev.dat,"Heh, look at all that sunshine pouring in.",43
scena/mp0000_ev.dat:0x168960,scena/mp0000_ev.dat,"Well, the skies certainly are brighter here.",45
scena/mp0000_ev.dat:0x1689a0,scena/mp0000_ev.dat,How about that for some surprise sunlight?,43
scena/mp0000_ev.dat:0x1689df,scena/mp0000_ev.dat,"Huh, it's so much brighter all of a sudden.",44
scena/mp0000_ev.dat:0x168a1e,scena/mp0000_ev.dat,This must be as far as the fog goes.,37
scena/mp0000_ev.dat:0x168a56,scena/mp0000_ev.dat,Guess this is where the fog ends.,34
scena/mp0000_ev.dat:0x168a8b,scena/mp0000_ev.dat,"I suppose the fog ends here, then.",35
scena/mp0000_ev.dat:0x168ac1,scena/mp0000_ev.dat,This must be as far as the fog extends.,40
scena/mp0000_ev.dat:0x168afc,scena/mp0000_ev.dat,"That tells us where the fog ends, I suppose.",45
scena/mp0000_ev.dat:0x168b3c,scena/mp0000_ev.dat,"Hehe, yay, the fog's cleared up!",33
scena/mp0000_ev.dat:0x168b7e,scena/mp0000_ev.dat,"No more fog, eh? Can't complain.",33
scena/mp0000_ev.dat:0x168bb2,scena/mp0000_ev.dat,It seems the fog is gone.,26
scena/mp0000_ev.dat:0x168bdf,scena/mp0000_ev.dat,It's nice to see the fog disappear.,36
scena/mp0000_ev.dat:0x168c16,scena/mp0000_ev.dat,The fog must've cleared up.,28
scena/mp0000_ev.dat:0x168c45,scena/mp0000_ev.dat,"Hehe, yay, the fog's cleared up!",33
scena/mp0000_ev.dat:0x168c87,scena/mp0000_ev.dat,"No more fog, eh? Can't complain.",33
scena/mp0000_ev.dat:0x168cbb,scena/mp0000_ev.dat,It seems the fog is gone.,26
scena/mp0000_ev.dat:0x168ce8,scena/mp0000_ev.dat,It's nice to see the fog disappear.,36
scena/mp0000_ev.dat:0x168d1f,scena/mp0000_ev.dat,The fog must've cleared up.,28
scena/mp0000_ev.dat:0x168d4e,scena/mp0000_ev.dat,"Actually, before we do that...",31
scena/mp0000_ev.dat:0x168d87,scena/mp0000_ev.dat,Weren't you going to check on your house first?,48
scena/mp0000_ev.dat:0x168de1,scena/mp0000_ev.dat,"Oh, right! I totally forgot.",29
scena/mp0000_ev.dat:0x168e19,scena/mp0000_ev.dat,we check in with the guild.,28
scena/mp0000_ev.dat:0x168e35,scena/mp0000_ev.dat,I'd better do that before,26
scena/mp0000_ev.dat:0x168e62,scena/mp0000_ev.dat,Sounds like a plan.,20
scena/mp0000_ev.dat:0x168f25,scena/mp0000_ev.dat,from Rolent along Elize Highway.,33
scena/mp0000_ev.dat:0x168f46,scena/mp0000_ev.dat,"Well, we're about 60 selge out",31
scena/mp0000_ev.dat:0x168f84,scena/mp0000_ev.dat,we should have no trouble securing this route.,47
scena/mp0000_ev.dat:0x168fb3,scena/mp0000_ev.dat,"Since we didn't run into any monsters in the fog,",50
scena/mp0000_ev.dat:0x169002,scena/mp0000_ev.dat,Works for me.,14
scena/mp0000_ev.dat:0x169038,scena/mp0000_ev.dat,and see how they're shaping up.,32
scena/mp0000_ev.dat:0x169058,scena/mp0000_ev.dat,Now to just check the other roads,34
scena/mp0000_ev.dat:0x169089,scena/mp0000_ev.dat,Works for me.,14
scena/mp0000_ev.dat:0x1690bf,scena/mp0000_ev.dat,to check is Milch Main Road.,29
scena/mp0000_ev.dat:0x1690dc,scena/mp0000_ev.dat,"At this point, all we've got left",34
scena/mp0000_ev.dat:0x16910d,scena/mp0000_ev.dat,Works for me.,14
scena/mp0000_ev.dat:0x169143,scena/mp0000_ev.dat,left to check is Malga Trail.,30
scena/mp0000_ev.dat:0x169161,scena/mp0000_ev.dat,"At this point, all we've got",29
scena/mp0000_ev.dat:0x16918d,scena/mp0000_ev.dat,Works for me.,14
scena/mp0000_ev.dat:0x1691b2,scena/mp0000_ev.dat,of how widespread this fog is now.,35
scena/mp0000_ev.dat:0x1691d5,scena/mp0000_ev.dat,"Okay, I think we have a good sense",35
scena/mp0000_ev.dat:0x169214,scena/mp0000_ev.dat,to the guild and fill Aina in.,31
scena/mp0000_ev.dat:0x169233,scena/mp0000_ev.dat,We should probably get back,28
scena/mp0000_ev.dat:0x1692f4,scena/mp0000_ev.dat,Young Man's Voice,18
scena/mp0000_ev.dat:0x169363,scena/mp0000_ev.dat,Who have we got here?,22
scena/mp0000_ev.dat:0x1693ac,scena/mp0000_ev.dat,Ridge! Good to see you.,24
scena/mp0000_ev.dat:0x1693d7,scena/mp0000_ev.dat,"What's up, Ridge!",18
scena/mp0000_ev.dat:0x169405,scena/mp0000_ev.dat,I haven't seen you since you left for the training,51
scena/mp0000_ev.dat:0x169438,scena/mp0000_ev.dat,"All good on my end, but what about you, Estelle?",49
scena/mp0000_ev.dat:0x169489,scena/mp0000_ev.dat,Aina told me you're working on a hard case?,44
scena/mp0000_ev.dat:0x1694c9,scena/mp0000_ev.dat,Yeah... She's not wrong.,25
scena/mp0000_ev.dat:0x1694f5,scena/mp0000_ev.dat,you need to escort somewhere?,30
scena/mp0000_ev.dat:0x169513,scena/mp0000_ev.dat,Let me guess: you've got some people,37
scena/mp0000_ev.dat:0x169558,scena/mp0000_ev.dat,urgently need to get to the capital.,37
scena/mp0000_ev.dat:0x16957d,scena/mp0000_ev.dat,Yeah. I've got some clients here who,37
scena/mp0000_ev.dat:0x1695ca,scena/mp0000_ev.dat,be personally escorting them to the big city.,46
scena/mp0000_ev.dat:0x1695f8,scena/mp0000_ev.dat,"The airliner's not an option today, so I'll",44
scena/mp0000_ev.dat:0x16963b,scena/mp0000_ev.dat,That makes sense. Can't do much else.,38
scena/mp0000_ev.dat:0x169674,scena/mp0000_ev.dat,Are you departing for Grancel soon?,36
scena/mp0000_ev.dat:0x1696b8,scena/mp0000_ev.dat,"Yeah, everybody's here and ready to go.",40
scena/mp0000_ev.dat:0x169708,scena/mp0000_ev.dat,"the guild there, as well, of course.",37
scena/mp0000_ev.dat:0x16972d,scena/mp0000_ev.dat,"Once I arrive, I'll check in with",34
scena/mp0000_ev.dat:0x169774,scena/mp0000_ev.dat,Sounds good. Good luck with that.,34
scena/mp0000_ev.dat:0x1697a5,scena/mp0000_ev.dat,got back from surveying the fog.,33
scena/mp0000_ev.dat:0x1697c6,scena/mp0000_ev.dat,Thanks. Looks like you guys just,33
scena/mp0000_ev.dat:0x1697fb,scena/mp0000_ev.dat,How do the roads look out there right now?,43
scena/mp0000_ev.dat:0x16983a,scena/mp0000_ev.dat,much of Elize Highway.,23
scena/mp0000_ev.dat:0x169851,scena/mp0000_ev.dat,"Luckily for you, it's not covering",35
scena/mp0000_ev.dat:0x169898,scena/mp0000_ev.dat,visibility is back to normal.,30
scena/mp0000_ev.dat:0x1698b6,scena/mp0000_ev.dat,It won't be long before the,28
scena/mp0000_ev.dat:0x1698ed,scena/mp0000_ev.dat,"<P1>Phew, that's a relief to hear.",35
scena/mp0000_ev.dat:0x169920,scena/mp0000_ev.dat,"<P1>Take care, you guys. I'll see you later.",45
scena/mp0000_ev.dat:0x169979,scena/mp0000_ev.dat,leaving for Grancel now.,25
scena/mp0000_ev.dat:0x169992,scena/mp0000_ev.dat,"Alright, everyone. We're",25
scena/mp0000_ev.dat:0x1699d0,scena/mp0000_ev.dat,Stay close to me. Don't fall behind.,37
scena/mp0000_ev.dat:0x169a21,scena/mp0000_ev.dat,After you! Lead the way.,25
scena/mp0000_ev.dat:0x169a66,scena/mp0000_ev.dat,"Thanks for taking us, Mr. Bracer.",34
scena/mp0000_ev.dat:0x169b58,scena/mp0000_ev.dat,from Rolent along Milch Main Road.,35
scena/mp0000_ev.dat:0x169b7b,scena/mp0000_ev.dat,"Well, we're about 80 selge out",31
scena/mp0000_ev.dat:0x169bd4,scena/mp0000_ev.dat,"fog, it looks pretty dangerous to travel through it.",53
scena/mp0000_ev.dat:0x169c09,scena/mp0000_ev.dat,With all the monsters we found inside the,42
scena/mp0000_ev.dat:0x169c50,scena/mp0000_ev.dat,"Yeah, I agree.",15
scena/mp0000_ev.dat:0x169c84,scena/mp0000_ev.dat,ASAP and then go talk to Aina.,31
scena/mp0000_ev.dat:0x169ca3,scena/mp0000_ev.dat,Better check those other roads,31
scena/mp0000_ev.dat:0x169cd1,scena/mp0000_ev.dat,Agreed. We'd better report this to Aina.,41
scena/mp0000_ev.dat:0x169d22,scena/mp0000_ev.dat,to check is Elize Highway.,27
scena/mp0000_ev.dat:0x169d3d,scena/mp0000_ev.dat,"At this point, all we've got left",34
scena/mp0000_ev.dat:0x169d6e,scena/mp0000_ev.dat,Agreed. We'd better report this to Aina.,41
scena/mp0000_ev.dat:0x169dbf,scena/mp0000_ev.dat,left to check is Malga Trail.,30
scena/mp0000_ev.dat:0x169ddd,scena/mp0000_ev.dat,"At this point, all we've got",29
scena/mp0000_ev.dat:0x169e09,scena/mp0000_ev.dat,"Yeah, definitely.",18
scena/mp0000_ev.dat:0x169e2a,scena/mp0000_ev.dat,of how widespread this fog is now.,35
scena/mp0000_ev.dat:0x169e4d,scena/mp0000_ev.dat,"Okay, I think we have a good sense",35
scena/mp0000_ev.dat:0x169e8c,scena/mp0000_ev.dat,to the guild and fill Aina in.,31
scena/mp0000_ev.dat:0x169eab,scena/mp0000_ev.dat,We should probably get back,28
scena/mp0000_ev.dat:0x169f72,scena/mp0000_ev.dat,from Rolent along Malga Trail.,31
scena/mp0000_ev.dat:0x169f91,scena/mp0000_ev.dat,"Well, we're about 140 selge out",32
scena/mp0000_ev.dat:0x169fea,scena/mp0000_ev.dat,roaming around.,16
scena/mp0000_ev.dat:0x169ffa,scena/mp0000_ev.dat,it's also dangerous with all the monsters,42
scena/mp0000_ev.dat:0x16a024,scena/mp0000_ev.dat,"Not only does the fog stretch out far,",39
scena/mp0000_ev.dat:0x16a068,scena/mp0000_ev.dat,"Yeah, I agree.",15
scena/mp0000_ev.dat:0x16a09c,scena/mp0000_ev.dat,ASAP and then go talk to Aina.,31
scena/mp0000_ev.dat:0x16a0bb,scena/mp0000_ev.dat,Better check those other roads,31
scena/mp0000_ev.dat:0x16a0e9,scena/mp0000_ev.dat,Agreed. We'd better report this to Aina.,41
scena/mp0000_ev.dat:0x16a137,scena/mp0000_ev.dat,to check is Elize Highway.,27
scena/mp0000_ev.dat:0x16a152,scena/mp0000_ev.dat,"At this point, all we've got left",34
scena/mp0000_ev.dat:0x16a183,scena/mp0000_ev.dat,Agreed. We'd better report this to Aina.,41
scena/mp0000_ev.dat:0x16a1d1,scena/mp0000_ev.dat,to check is Milch Main Road.,29
scena/mp0000_ev.dat:0x16a1ee,scena/mp0000_ev.dat,"At this point, all we've got left",34
scena/mp0000_ev.dat:0x16a21f,scena/mp0000_ev.dat,"Yeah, definitely.",18
scena/mp0000_ev.dat:0x16a245,scena/mp0000_ev.dat,of how widespread this fog is now.,35
scena/mp0000_ev.dat:0x16a268,scena/mp0000_ev.dat,"Okay, I think we have a good sense",35
scena/mp0000_ev.dat:0x16a2a7,scena/mp0000_ev.dat,to the guild and fill Aina in.,31
scena/mp0000_ev.dat:0x16a2c6,scena/mp0000_ev.dat,We should probably get back,28
scena/mp0000_ev.dat:0x16a378,scena/mp0000_ev.dat,Is it just me or did I hear a bell?,36
scena/mp0000_ev.dat:0x16a3bc,scena/mp0000_ev.dat,"No, I heard it out in the distance.",36
scena/mp0000_ev.dat:0x16a403,scena/mp0000_ev.dat,It ain't just you. It sounded out in the distance.,51
scena/mp0000_ev.dat:0x16a459,scena/mp0000_ev.dat,Indeed. It sounded as though it was a ways off.,48
scena/mp0000_ev.dat:0x16a4ac,scena/mp0000_ev.dat,"I did, as well. It sounded as if it was far away.",50
scena/mp0000_ev.dat:0x16a501,scena/mp0000_ev.dat,"I did, too. It sounded out in the distance.",44
scena/mp0000_ev.dat:0x16a553,scena/mp0000_ev.dat,"That was a pretty sound, whatever it was.",42
scena/mp0000_ev.dat:0x16a599,scena/mp0000_ev.dat,"Sounded kinda nice, not gonna lie.",35
scena/mp0000_ev.dat:0x16a5da,scena/mp0000_ev.dat,It had an elegant ring to it. Pardon the pun.,46
scena/mp0000_ev.dat:0x16a625,scena/mp0000_ev.dat,It was certainly a beautiful sound.,36
scena/mp0000_ev.dat:0x16a666,scena/mp0000_ev.dat,"It sounded pretty elegant, whatever it was.",44
scena/mp0000_ev.dat:0x16a6a1,scena/mp0000_ev.dat,"Yeah! Almost hypnotic, even.",29
scena/mp0000_ev.dat:0x16a785,scena/mp0000_ev.dat,Schera? What's the matter?,27
scena/mp0000_ev.dat:0x16a7d9,scena/mp0000_ev.dat,"Oh, it's nothing. I'm fine.",28
scena/mp0000_ev.dat:0x16a811,scena/mp0000_ev.dat,entranced for a second there.,30
scena/mp0000_ev.dat:0x16a82f,scena/mp0000_ev.dat,"It was just so pretty, I was",29
scena/mp0000_ev.dat:0x16a85c,scena/mp0000_ev.dat,"You too, huh?",14
scena/mp0000_ev.dat:0x16a883,scena/mp0000_ev.dat,Rinon got a new shipment of them at his shop?,46
scena/mp0000_ev.dat:0x16a8b1,scena/mp0000_ev.dat,Not often you hear bells around here. Maybe,44
scena/mp0000_ev.dat:0x16a8f5,scena/mp0000_ev.dat,"That could explain it, yeah.",29
scena/mp0000_ev.dat:0x16a934,scena/mp0000_ev.dat,a good idea of how big this fog is now.,40
scena/mp0000_ev.dat:0x16a95c,scena/mp0000_ev.dat,"Well, bell or no bell, I think we've got",41
scena/mp0000_ev.dat:0x16a995,scena/mp0000_ev.dat,What do you say we get back to the guild now?,46
scena/mp0000_ev.dat:0x16a9df,scena/mp0000_ev.dat,"Oh, right. We shouldn't keep Aina waiting.",43
scena/mp0000_ev.dat:0x16aaa3,scena/mp0000_ev.dat,"Hey, you guys...",17
scena/mp0000_ev.dat:0x16aac8,scena/mp0000_ev.dat,Do you think the Society is behind this after all?,51
scena/mp0000_ev.dat:0x16ab17,scena/mp0000_ev.dat,"I think it's become a lot more likely, yeah.",45
scena/mp0000_ev.dat:0x16ab67,scena/mp0000_ev.dat,of that are now quite high.,28
scena/mp0000_ev.dat:0x16ab83,scena/mp0000_ev.dat,Indeed. I suspect the odds,27
scena/mp0000_ev.dat:0x16abc2,scena/mp0000_ev.dat,"Yeah, at this point, I'd say it's a safe bet.",46
scena/mp0000_ev.dat:0x16ac07,scena/mp0000_ev.dat,is now much more likely.,25
scena/mp0000_ev.dat:0x16ac20,scena/mp0000_ev.dat,I think so. Their involvement,30
scena/mp0000_ev.dat:0x16ac55,scena/mp0000_ev.dat,why those people are unconscious.,34
scena/mp0000_ev.dat:0x16ac77,scena/mp0000_ev.dat,Not even the priest could figure out,37
scena/mp0000_ev.dat:0x16acbd,scena/mp0000_ev.dat,something 'nobody could imagine.',34
scena/mp0000_ev.dat:0x16acdf,scena/mp0000_ev.dat,That sounds to me like,23
scena/mp0000_ev.dat:0x16ad05,scena/mp0000_ev.dat,could determine the cause of this...,37
scena/mp0000_ev.dat:0x16ad2a,scena/mp0000_ev.dat,If not even a man of the church,32
scena/mp0000_ev.dat:0x16ad66,scena/mp0000_ev.dat,else that 'nobody could imagine.',34
scena/mp0000_ev.dat:0x16ad88,scena/mp0000_ev.dat,That could well be something,29
scena/mp0000_ev.dat:0x16adb4,scena/mp0000_ev.dat,why those people passed out.,29
scena/mp0000_ev.dat:0x16add1,scena/mp0000_ev.dat,"I mean, not even that priest knows",35
scena/mp0000_ev.dat:0x16ae10,scena/mp0000_ev.dat,thing 'nobody could imagine.',30
scena/mp0000_ev.dat:0x16ae2e,scena/mp0000_ev.dat,I bet that's another,21
scena/mp0000_ev.dat:0x16ae52,scena/mp0000_ev.dat,diagnose it speaks volumes.,28
scena/mp0000_ev.dat:0x16ae6e,scena/mp0000_ev.dat,The fact that even a priest couldn't,37
scena/mp0000_ev.dat:0x16aeaf,scena/mp0000_ev.dat,something 'nobody could imagine.',34
scena/mp0000_ev.dat:0x16aed1,scena/mp0000_ev.dat,"Surely, that qualifies as",26
scena/mp0000_ev.dat:0x16aefa,scena/mp0000_ev.dat,"You think so, too, huh?",24
scena/mp0000_ev.dat:0x16af2c,scena/mp0000_ev.dat,some sort of signal also?,26
scena/mp0000_ev.dat:0x16af46,scena/mp0000_ev.dat,Then is this supposed to send,30
scena/mp0000_ev.dat:0x16af80,scena/mp0000_ev.dat,"out exactly what, though.",26
scena/mp0000_ev.dat:0x16af9a,scena/mp0000_ev.dat,Probably. We need to figure,28
scena/mp0000_ev.dat:0x16afc6,scena/mp0000_ev.dat,everyone affected in your handbook?,36
scena/mp0000_ev.dat:0x16afea,scena/mp0000_ev.dat,Did you write down the names of,32
scena/mp0000_ev.dat:0x16b026,scena/mp0000_ev.dat,"Oh, hold on! I still need to.",30
scena/mp0000_ev.dat:0x16b073,scena/mp0000_ev.dat,focusing on those related to the victims.,42
scena/mp0000_ev.dat:0x16b09d,scena/mp0000_ev.dat,"Let's ask people around town,",30
scena/mp0000_ev.dat:0x16b0dd,scena/mp0000_ev.dat,to the guild and check in with Aina.,37
scena/mp0000_ev.dat:0x16b102,scena/mp0000_ev.dat,"Once we've done that, we'll return",35
scena/mp0000_ev.dat:0x16b142,scena/mp0000_ev.dat,"Okay, got it!",14
scena/mp0000_ev.dat:0x16b19d,scena/mp0000_ev.dat,I suppose it's time we all turn in for the night.,50
scena/mp0000_ev.dat:0x16b1cf,scena/mp0000_ev.dat,"Well, seeing as it's getting rather late,",42
scena/mp0000_ev.dat:0x16b212,scena/mp0000_ev.dat,Off we go to your lovely abode!,32
scena/mp0000_ev.dat:0x16b232,scena/mp0000_ev.dat,"So, lead the way, my dear Estelle!",35
scena/mp0000_ev.dat:0x16b283,scena/mp0000_ev.dat,EXCUSE me? Why're YOU coming along?,36
scena/mp0000_ev.dat:0x16b2be,scena/mp0000_ev.dat,"alarm, I assure you.",21
scena/mp0000_ev.dat:0x16b2d3,scena/mp0000_ev.dat,Hahaha! There is no cause for,30
scena/mp0000_ev.dat:0x16b30d,scena/mp0000_ev.dat,such an abundance of female company!,37
scena/mp0000_ev.dat:0x16b332,scena/mp0000_ev.dat,"I shall always remain decent, even amidst",42
scena/mp0000_ev.dat:0x16b35c,scena/mp0000_ev.dat,"I am a gentleman, through and through.",39
scena/mp0000_ev.dat:0x16b41d,scena/mp0000_ev.dat,"Your eyes suggest otherwise, Olivier.",38
scena/mp0000_ev.dat:0x16b460,scena/mp0000_ev.dat,up and chuck you into the closest river...,43
scena/mp0000_ev.dat:0x16b48b,scena/mp0000_ev.dat,I wonder if anyone will care if I tie you,42
scena/mp0000_ev.dat:0x16b4ed,scena/mp0000_ev.dat,"said you could join 'em, huh?",30
scena/mp0000_ev.dat:0x16b50b,scena/mp0000_ev.dat,"Not so fast, playboy. Who",26
scena/mp0000_ev.dat:0x16b5d0,scena/mp0000_ev.dat,patrol and when tonight.,25
scena/mp0000_ev.dat:0x16b5e9,scena/mp0000_ev.dat,We need to figure out who's gonna,34
scena/mp0000_ev.dat:0x16b61a,scena/mp0000_ev.dat,What's that?,13
scena/mp0000_ev.dat:0x16b648,scena/mp0000_ev.dat,"Oh, what a jokester you are.",29
scena/mp0000_ev.dat:0x16b665,scena/mp0000_ev.dat,"Hahaha! Very funny, Agate.",27
scena/mp0000_ev.dat:0x16b6a1,scena/mp0000_ev.dat,would graciously volunteer to keep watch?,42
scena/mp0000_ev.dat:0x16b6cb,scena/mp0000_ev.dat,Did you not just say that you and Zin,38
scena/mp0000_ev.dat:0x16b705,scena/mp0000_ev.dat,That's not what I said. At all.,32
scena/mp0000_ev.dat:0x16b748,scena/mp0000_ev.dat,all of us. No exceptions.,26
scena/mp0000_ev.dat:0x16b762,scena/mp0000_ev.dat,"When I said us guys, I meant",29
scena/mp0000_ev.dat:0x16b7ad,scena/mp0000_ev.dat,I-Is that so?,14
scena/mp0000_ev.dat:0x16b7d0,scena/mp0000_ev.dat,"You're comin' with us, moron.",30
scena/mp0000_ev.dat:0x16b81a,scena/mp0000_ev.dat,about this for a moment.,25
scena/mp0000_ev.dat:0x16b833,scena/mp0000_ev.dat,"A-Agate, please. Let's talk",28
scena/mp0000_ev.dat:0x16b878,scena/mp0000_ev.dat,ladies presents itself only once in a lifetime.,48
scena/mp0000_ev.dat:0x16b8a8,scena/mp0000_ev.dat,The opportunity to join a gathering of such fine,49
scena/mp0000_ev.dat:0x16b900,scena/mp0000_ev.dat,enough for the both of us!,27
scena/mp0000_ev.dat:0x16b91b,scena/mp0000_ev.dat,"I beg of you, let me go! I'll enjoy myself",43
scena/mp0000_ev.dat:0x16b96c,scena/mp0000_ev.dat,"Alright, that's enough out of you. Let's go.",45
scena/mp0000_ev.dat:0x16ba63,scena/mp0000_ev.dat,So that's how you tame a wild Olivier...,41
scena/mp0000_ev.dat:0x16ba9c,scena/mp0000_ev.dat,to try that kind of crap right now?,36
scena/mp0000_ev.dat:0x16bac0,scena/mp0000_ev.dat,"But seriously, how can he be in the mood",41
scena/mp0000_ev.dat:0x16bb20,scena/mp0000_ev.dat,when he is and isn't joking around.,36
scena/mp0000_ev.dat:0x16bb44,scena/mp0000_ev.dat,"Hehe, it is a little hard to discern",37
scena/mp0000_ev.dat:0x16bb86,scena/mp0000_ev.dat,he was not joking this time...,31
scena/mp0000_ev.dat:0x16bba5,scena/mp0000_ev.dat,I am absolutely positive,25
scena/mp0000_ev.dat:0x16bbde,scena/mp0000_ev.dat,"for kids like you, Tita.",25
scena/mp0000_ev.dat:0x16bbf7,scena/mp0000_ev.dat,He's the worst role model ever,31
scena/mp0000_ev.dat:0x16bc31,scena/mp0000_ev.dat,"Aw, now I feel a little sorry for him.",39
scena/mp0000_ev.dat:0x16bcd1,scena/mp0000_ev.dat,"What is it, Schera?",20
scena/mp0000_ev.dat:0x16bcf4,scena/mp0000_ev.dat,"Oh, it's nothing. Don't mind me.",33
scena/mp0000_ev.dat:0x16bd31,scena/mp0000_ev.dat,I think we should get some rest now.,37
scena/mp0000_ev.dat:0x16bd56,scena/mp0000_ev.dat,"Anyway, getting back to the topic at hand,",43
scena/mp0000_ev.dat:0x16bd91,scena/mp0000_ev.dat,"Yeah, me too.",14
scena/mp0000_ev.dat:0x16bdd5,scena/mp0000_ev.dat,I'll show you guys where I grew up!,36
scena/mp0000_ev.dat:0x16bdf9,scena/mp0000_ev.dat,"Let's go, Tita, Kloe.",22
scena/mp0000_ev.dat:0x16beaa,scena/mp0000_ev.dat,"Ugh, this fog just won't give up, will it?",43
scena/mp0000_ev.dat:0x16bf58,scena/mp0000_ev.dat,Only the bottom floor left.,28
scena/mp0000_ev.dat:0x16c014,scena/mp0000_ev.dat,"Whoa, did the fog somehow get worse today?",43
scena/mp0000_ev.dat:0x16c06a,scena/mp0000_ev.dat,than it was before.,20
scena/mp0000_ev.dat:0x16c07e,scena/mp0000_ev.dat,I'd say so. It's clearly thicker,33
scena/mp0000_ev.dat:0x16c0cb,scena/mp0000_ev.dat,into any trouble last night...,31
scena/mp0000_ev.dat:0x16c0ea,scena/mp0000_ev.dat,I hope Agate and the others didn't run,39
scena/mp0000_ev.dat:0x16c13a,scena/mp0000_ev.dat,"Yeah, fingers crossed.",23
scena/mp0000_ev.dat:0x16c166,scena/mp0000_ev.dat,"only patrolling, but who knows?",32
scena/mp0000_ev.dat:0x16c186,scena/mp0000_ev.dat,Hopefully not since they were,30
scena/mp0000_ev.dat:0x16c1b8,scena/mp0000_ev.dat,We'd better check in with the guild first thing.,49
scena/mp0000_ev.dat:0x16c22b,scena/mp0000_ev.dat,to discuss and catch up on.,28
scena/mp0000_ev.dat:0x16c247,scena/mp0000_ev.dat,I'm sure there's going to be plenty,36
scena/mp0000_ev.dat:0x16c27a,scena/mp0000_ev.dat,Right. Good idea.,18
scena/mp0000_ev.dat:0x16c583,scena/mp0000_ev.dat,Is that...,11
scena/mp0000_ev.dat:0x16c5da,scena/mp0000_ev.dat,"Everyone, halt.",16
scena/mp0000_ev.dat:0x16c605,scena/mp0000_ev.dat,Ashton! Nice to see you!,25
scena/mp0000_ev.dat:0x16c62d,scena/mp0000_ev.dat,"with Scherazard today, huh?",28
scena/mp0000_ev.dat:0x16c649,scena/mp0000_ev.dat,"Nice to see you, too. And you're",33
scena/mp0000_ev.dat:0x16c67d,scena/mp0000_ev.dat,Are you ladies out on guild business?,38
scena/mp0000_ev.dat:0x16c6b6,scena/mp0000_ev.dat,Ashton! Hey!,13
scena/mp0000_ev.dat:0x16c6d2,scena/mp0000_ev.dat,"Oh, hello, Estelle. And you, as well, Scherazard.",50
scena/mp0000_ev.dat:0x16c717,scena/mp0000_ev.dat,Are you ladies out on guild business?,38
scena/mp0000_ev.dat:0x16c750,scena/mp0000_ev.dat,"Yeah, we are.",14
scena/mp0000_ev.dat:0x16c76d,scena/mp0000_ev.dat,in to watch over Rolent?,25
scena/mp0000_ev.dat:0x16c786,scena/mp0000_ev.dat,Are you guys the squad coming,30
scena/mp0000_ev.dat:0x16c7f9,scena/mp0000_ev.dat,"Yep, that's right.",19
scena/mp0000_ev.dat:0x16c823,scena/mp0000_ev.dat,along with reinforcements from Haken Gate.,43
scena/mp0000_ev.dat:0x16c84e,scena/mp0000_ev.dat,We'll be keeping guard over the town,37
scena/mp0000_ev.dat:0x16c882,scena/mp0000_ev.dat,Gotcha. Makes sense.,21
scena/mp0000_ev.dat:0x16c8a6,scena/mp0000_ev.dat,We appreciate you guys doing this.,35
scena/mp0000_ev.dat:0x16c8d8,scena/mp0000_ev.dat,we be if we didn't serve and protect the people?,49
scena/mp0000_ev.dat:0x16c909,scena/mp0000_ev.dat,"Oh, don't mention it. What kind of army would",46
scena/mp0000_ev.dat:0x16c94c,scena/mp0000_ev.dat,How are things across town?,28
scena/mp0000_ev.dat:0x16c9a3,scena/mp0000_ev.dat,"Nobody else has fainted, at least, but...",42
scena/mp0000_ev.dat:0x16c9cd,scena/mp0000_ev.dat,The fog's gotten thicker today.,32
scena/mp0000_ev.dat:0x16ca1a,scena/mp0000_ev.dat,"Uh, um, Ashton? Is...?",23
scena/mp0000_ev.dat:0x16ca40,scena/mp0000_ev.dat,"You want to ask about Luke, right?",35
scena/mp0000_ev.dat:0x16ca72,scena/mp0000_ev.dat,said there's no danger to his health.,38
scena/mp0000_ev.dat:0x16ca98,scena/mp0000_ev.dat,"He hasn't woken up, but the doctor",35
scena/mp0000_ev.dat:0x16cacb,scena/mp0000_ev.dat,"Try not to worry about him so much, if you can.",48
scena/mp0000_ev.dat:0x16cb24,scena/mp0000_ev.dat,can do right now is carry them out.,36
scena/mp0000_ev.dat:0x16cb48,scena/mp0000_ev.dat,We both have missions. All we,30
scena/mp0000_ev.dat:0x16cb75,scena/mp0000_ev.dat,"will help my son, and the others, too.",39
scena/mp0000_ev.dat:0x16cb9c,scena/mp0000_ev.dat,I have to believe that focusing on that,40
scena/mp0000_ev.dat:0x16cbf5,scena/mp0000_ev.dat,I'm so sorry...,16
scena/mp0000_ev.dat:0x16cc14,scena/mp0000_ev.dat,I agree with him.,18
scena/mp0000_ev.dat:0x16cc42,scena/mp0000_ev.dat,"town while we're away. Okay, Chief?",36
scena/mp0000_ev.dat:0x16cc66,scena/mp0000_ev.dat,You boys take good care of the,31
scena/mp0000_ev.dat:0x16cc94,scena/mp0000_ev.dat,We most certainly will.,24
scena/mp0000_ev.dat:0x16ccbb,scena/mp0000_ev.dat,"We're almost to Rolent, men!",29
scena/mp0000_ev.dat:0x16ccec,scena/mp0000_ev.dat,set up a security perimeter.,29
scena/mp0000_ev.dat:0x16cd09,scena/mp0000_ev.dat,"Once we arrive, we'll immediately",34
scena/mp0000_ev.dat:0x16cd3f,scena/mp0000_ev.dat,Royal Army Soldiers,20
scena/mp0000_ev.dat:0x16cd53,scena/mp0000_ev.dat,"Yes, sir!",10
scena/mp0000_ev.dat:0x16cda0,scena/mp0000_ev.dat,Is that man we just saw...,27
scena/mp0000_ev.dat:0x16cdca,scena/mp0000_ev.dat,Yeah. He's Luke's dad.,23
scena/mp0000_ev.dat:0x16cdf1,scena/mp0000_ev.dat,about his son deep down.,25
scena/mp0000_ev.dat:0x16ce0a,scena/mp0000_ev.dat,I'm sure he's worried sick,27
scena/mp0000_ev.dat:0x16ce34,scena/mp0000_ev.dat,He seems to be an incredibly strong man.,41
scena/mp0000_ev.dat:0x16ce76,scena/mp0000_ev.dat,"He is. We can't let him down, either.",38
scena/mp0000_ev.dat:0x16cecd,scena/mp0000_ev.dat,<K3>Now let's hurry to Perzel Farm.,36
scena/mp0000_ev.dat:0x16cfe1,scena/mp0000_ev.dat,Perzel Farm,12
scena/mp0000_ev.dat:0x16cfed,scena/mp0000_ev.dat,fog here yesterday!,20
scena/mp0000_ev.dat:0x16d001,scena/mp0000_ev.dat,We didn't even see any,23
scena/mp0000_ev.dat:0x16d027,scena/mp0000_ev.dat,This house brings back memories.,33
scena/mp0000_ev.dat:0x16d048,scena/mp0000_ev.dat,Tio's place...,15
scena/mp0000_ev.dat:0x16d066,scena/mp0000_ev.dat,fog. And definitely not this thick.,36
scena/mp0000_ev.dat:0x16d08a,scena/mp0000_ev.dat,"But in my memories, there's not usually",40
scena/mp0000_ev.dat:0x16d0ce,scena/mp0000_ev.dat,fill him in on why we're here.,31
scena/mp0000_ev.dat:0x16d0ed,scena/mp0000_ev.dat,We should find Franz and,25
scena/mp0000_ev.dat:0x16d116,scena/mp0000_ev.dat,any deliveries in this weather.,32
scena/mp0000_ev.dat:0x16d136,scena/mp0000_ev.dat,I hope he's not trying to make,31
scena/mp0000_ev.dat:0x16d164,scena/mp0000_ev.dat,Yeah... I don't think he would.,32
scena/mp0000_ev.dat:0x16d1bb,scena/mp0000_ev.dat,W-Was that...?,15
scena/mp0000_ev.dat:0x16d1d9,scena/mp0000_ev.dat,It couldn't be!,16
scena/mp0000_ev.dat:0x16d218,scena/mp0000_ev.dat,Let's move!,12
scena/mp0000_ev.dat:0x16d3bc,scena/mp0000_ev.dat,Wh-What the heck?!,19
scena/mp0000_ev.dat:0x16d3de,scena/mp0000_ev.dat,Fog monsters...?!,18
scena/mp0000_ev.dat:0x16d415,scena/mp0000_ev.dat,We can ask questions later! Let's take them out first!,55
scena/mp0000_ev.dat:0x16d5a8,scena/mp0000_ev.dat,Did we... Did we get them all?,31
scena/mp0000_ev.dat:0x16d5d6,scena/mp0000_ev.dat,Yeah...but those were just a distraction.,42
scena/mp0000_ev.dat:0x16d610,scena/mp0000_ev.dat,We need to find the Perzels.,29
scena/mp0000_ev.dat:0x16d715,scena/mp0000_ev.dat,"Looks like this place is covered in fog, too.",46
scena/mp0000_ev.dat:0x16d769,scena/mp0000_ev.dat,Now it's even more treacherous to walk in.,43
scena/mp0000_ev.dat:0x16d794,scena/mp0000_ev.dat,It was already hard to see your way around.,44
scena/mp0000_ev.dat:0x16d7cf,scena/mp0000_ev.dat,"If we're not careful, we could get really lost.",48
scena/mp0000_ev.dat:0x16d80e,scena/mp0000_ev.dat,Better stay sharp or we'll get lost fast.,42
scena/mp0000_ev.dat:0x16d855,scena/mp0000_ev.dat,"about us, lest we get lost.",28
scena/mp0000_ev.dat:0x16d871,scena/mp0000_ev.dat,We'd best keep our wits,24
scena/mp0000_ev.dat:0x16d8ab,scena/mp0000_ev.dat,We could well end up lost if we aren't careful.,48
scena/mp0000_ev.dat:0x16d8ea,scena/mp0000_ev.dat,We could get lost if we don't stay focused.,44
scena/mp0000_ev.dat:0x16d933,scena/mp0000_ev.dat,We'll have to keep a close eye on our compass.,47
scena/mp0000_ev.dat:0x16d971,scena/mp0000_ev.dat,Keep your eyes peeled on that compass.,39
scena/mp0000_ev.dat:0x16d9a7,scena/mp0000_ev.dat,Make sure to stay mindful of our compass.,42
scena/mp0000_ev.dat:0x16d9e0,scena/mp0000_ev.dat,We should pay close attention to our compass.,46
scena/mp0000_ev.dat:0x16da1d,scena/mp0000_ev.dat,Be sure to check your compass often.,37
scena/mp0000_ev.dat:0x16de72,scena/mp0000_ev.dat,W-We made it out.,18
scena/mp0000_ev.dat:0x16dec0,scena/mp0000_ev.dat,It looks like we're near the Great Servais Tree.,49
scena/mp0000_ev.dat:0x16df28,scena/mp0000_ev.dat,inside a barrier until now.,28
scena/mp0000_ev.dat:0x16df44,scena/mp0000_ev.dat,We must've been trapped,24
scena/mp0000_ev.dat:0x16df92,scena/mp0000_ev.dat,A barrier?,11
scena/mp0000_ev.dat:0x16dfb1,scena/mp0000_ev.dat,Wait. Are you telling me...,28
scena/mp0000_ev.dat:0x16dff9,scena/mp0000_ev.dat,THAT'S why the path to the tree up and vanished?!,50
scena/mp0000_ev.dat:0x16e03f,scena/mp0000_ev.dat,You've got a good eye to notice that.,38
scena/mp0000_ev.dat:0x16e074,scena/mp0000_ev.dat,it impossible to venture deeper into the forest.,49
scena/mp0000_ev.dat:0x16e0a5,scena/mp0000_ev.dat,"The barrier probably distorted our vision, making",50
scena/mp0000_ev.dat:0x16e0e6,scena/mp0000_ev.dat,Is that really possible...?,28
scena/mp0000_ev.dat:0x16e117,scena/mp0000_ev.dat,we'll have to jump through.,28
scena/mp0000_ev.dat:0x16e133,scena/mp0000_ev.dat,I doubt that's the only hurdle,31
scena/mp0000_ev.dat:0x16e18b,scena/mp0000_ev.dat,We need to be prepared for anything.,37
scena/mp0000_ev.dat:0x16e1cb,scena/mp0000_ev.dat,Betcha that won't be the only headache we have.,48
scena/mp0000_ev.dat:0x16e234,scena/mp0000_ev.dat,Better be ready to find anything out here.,43
scena/mp0000_ev.dat:0x16e27a,scena/mp0000_ev.dat,be the beginning of our troubles.,34
scena/mp0000_ev.dat:0x16e29c,scena/mp0000_ev.dat,"If anything, this may well only",32
scena/mp0000_ev.dat:0x16e2f5,scena/mp0000_ev.dat,I say we should prepare ourselves for anything.,48
scena/mp0000_ev.dat:0x16e340,scena/mp0000_ev.dat,That may not be the only difficulty we encounter.,50
scena/mp0000_ev.dat:0x16e3ab,scena/mp0000_ev.dat,I think we should be prepared for anything.,44
scena/mp0000_ev.dat:0x16e5b1,scena/mp0000_ev.dat,Of course it was a Gospel.,27
scena/mp0000_ev.dat:0x16e5f6,scena/mp0000_ev.dat,The fog is flowing out from the water.,39
scena/mp0000_ev.dat:0x16e62c,scena/mp0000_ev.dat,Is this where it's all coming from...?,39
scena/mp0000_ev.dat:0x16e66e,scena/mp0000_ev.dat,This fog flowing from the water...,35
scena/mp0000_ev.dat:0x16e6a5,scena/mp0000_ev.dat,This fog flowing from the water...,35
scena/mp0000_ev.dat:0x16e6dc,scena/mp0000_ev.dat,Could this possibly be the source of it all?,45
scena/mp0000_ev.dat:0x16e724,scena/mp0000_ev.dat,This fog rising from the surface of the water...,49
scena/mp0000_ev.dat:0x16e769,scena/mp0000_ev.dat,This fog rising from the surface of the water...,49
scena/mp0000_ev.dat:0x16e7ae,scena/mp0000_ev.dat,I see now. We may have just found the source.,46
scena/mp0000_ev.dat:0x16e7f7,scena/mp0000_ev.dat,That fog coming out of the water...,36
scena/mp0000_ev.dat:0x16e82f,scena/mp0000_ev.dat,That fog coming out of the water...,36
scena/mp0000_ev.dat:0x16e867,scena/mp0000_ev.dat,where it's all coming from?,28
scena/mp0000_ev.dat:0x16e883,scena/mp0000_ev.dat,You think this could be,24
scena/mp0000_ev.dat:0x16e8b6,scena/mp0000_ev.dat,We have to get that Gospel out of there. Now!,46
scena/mp0000_ev.dat:0x16e944,scena/mp0000_ev.dat,"Estelle, wait!",15
scena/mp0000_ev.dat:0x16eb05,scena/mp0000_ev.dat,Wh-What are these things?!,27
scena/mp0000_ev.dat:0x16eb2f,scena/mp0000_ev.dat,creatures we found at the farm.,32
scena/mp0000_ev.dat:0x16eb4f,scena/mp0000_ev.dat,They look different from the,29
scena/mp0000_ev.dat:0x16eb7b,scena/mp0000_ev.dat,Here they come!,16
scena/mp0000_ev.dat:0x16eb9a,scena/mp0000_ev.dat,Now we're talkin'!,19
scena/mp0000_ev.dat:0x16ebbc,scena/mp0000_ev.dat,En garde!,10
scena/mp0000_ev.dat:0x16ebd5,scena/mp0000_ev.dat,They're coming!,16
scena/mp0000_ev.dat:0x16ee96,scena/mp0000_ev.dat,*Huff* *Huff*,14
scena/mp0000_ev.dat:0x16ef7a,scena/mp0000_ev.dat,Those things were strong. Crazy strong.,40
scena/mp0000_ev.dat:0x16efc3,scena/mp0000_ev.dat,Don't relax just yet! Those were merely familiars!,51
scena/mp0000_ev.dat:0x16f009,scena/mp0000_ev.dat,The person controlling them has to be somewhere!,49
scena/mp0000_ev.dat:0x16f066,scena/mp0000_ev.dat,Woman's Voice,14
scena/mp0000_ev.dat:0x16f074,scena/mp0000_ev.dat,Hehe... You all must be so tired.,34
scena/mp0000_ev.dat:0x16f0de,scena/mp0000_ev.dat,Here. I think you all deserve a little reward.,47
scena/mp0000_ev.dat:0x16f1f6,scena/mp0000_ev.dat,Damn it!,9
scena/mp0000_ev.dat:0x16f28b,scena/mp0000_ev.dat,This is...my house?,20
scena/mp0000_ev.dat:0x16f2e8,scena/mp0000_ev.dat,But I was just in Mistwald.,28
scena/mp0000_ev.dat:0x16f324,scena/mp0000_ev.dat,And...when did the fog clear up?,33
scena/mp0000_ev.dat:0x16f45b,scena/mp0000_ev.dat,Phew! Should be done about now.,32
scena/mp0000_ev.dat:0x16f500,scena/mp0000_ev.dat,"Oh, hey, Estelle.",18
scena/mp0000_ev.dat:0x16f521,scena/mp0000_ev.dat,You're up nice and early. What gives?,38
scena/mp0000_ev.dat:0x16f56c,scena/mp0000_ev.dat,"Oh, I get it.",14
scena/mp0000_ev.dat:0x16f58a,scena/mp0000_ev.dat,some attention now that he's finally back.,43
scena/mp0000_ev.dat:0x16f5b5,scena/mp0000_ev.dat,You must want your old man to give you,39
scena/mp0000_ev.dat:0x16f5f7,scena/mp0000_ev.dat,open arms for another loving embrace!,38
scena/mp0000_ev.dat:0x16f61d,scena/mp0000_ev.dat,Alright! Come leap into your father's,38
scena/mp0000_ev.dat:0x16f653,scena/mp0000_ev.dat,Dad! I'm not a little kid anymore.,35
scena/mp0000_ev.dat:0x16f685,scena/mp0000_ev.dat,You said you were gonna be busy.,33
scena/mp0000_ev.dat:0x16f6a6,scena/mp0000_ev.dat,When did you find time to come back?,37
scena/mp0000_ev.dat:0x16f6ff,scena/mp0000_ev.dat,I would've tried to free up my,31
scena/mp0000_ev.dat:0x16f78a,scena/mp0000_ev.dat,Woman's Voice,14
scena/mp0000_ev.dat:0x16f798,scena/mp0000_ev.dat,"My, my. You two sure are noisy this morning.",45
scena/mp0000_ev.dat:0x16f85a,scena/mp0000_ev.dat,"Oh, Lena.",10
scena/mp0000_ev.dat:0x16f873,scena/mp0000_ev.dat,girl with all my wood chopping.,32
scena/mp0000_ev.dat:0x16f893,scena/mp0000_ev.dat,I may have woken up our little,31
scena/mp0000_ev.dat:0x16f8d8,scena/mp0000_ev.dat,a father-daughter moment.,26
scena/mp0000_ev.dat:0x16f8f2,scena/mp0000_ev.dat,We were just about to have,27
scena/mp0000_ev.dat:0x16f92e,scena/mp0000_ev.dat,Woman's Voice,14
scena/mp0000_ev.dat:0x16f93c,scena/mp0000_ev.dat,"Aw, how sweet.",15
scena/mp0000_ev.dat:0x16f95b,scena/mp0000_ev.dat,Estelle looks right now.,25
scena/mp0000_ev.dat:0x16f974,scena/mp0000_ev.dat,"But honey, look how confused",29
scena/mp0000_ev.dat:0x16f9ac,scena/mp0000_ev.dat,or she might even start to dislike you...,42
scena/mp0000_ev.dat:0x16f9d6,scena/mp0000_ev.dat,"Don't force your 'moment' onto her,",36
scena/mp0000_ev.dat:0x16fa24,scena/mp0000_ev.dat,"O-Oh, Estelle, my girl...",26
scena/mp0000_ev.dat:0x16fa65,scena/mp0000_ev.dat,"You don't hate your own father, do you? You can't!",51
scena/mp0000_ev.dat:0x16faa7,scena/mp0000_ev.dat,away all the time.,19
scena/mp0000_ev.dat:0x16faba,scena/mp0000_ev.dat,I know that work keeps me,26
scena/mp0000_ev.dat:0x16faf5,scena/mp0000_ev.dat,"whole world than my little girl, you know!",43
scena/mp0000_ev.dat:0x16fb20,scena/mp0000_ev.dat,But there's nobody I love more in this,39
scena/mp0000_ev.dat:0x16fb83,scena/mp0000_ev.dat,Woman's Voice,14
scena/mp0000_ev.dat:0x16fbc2,scena/mp0000_ev.dat,shy now that you're finally back.,34
scena/mp0000_ev.dat:0x16fbe4,scena/mp0000_ev.dat,I'm sure she's just feeling a little,37
scena/mp0000_ev.dat:0x16fc18,scena/mp0000_ev.dat,"Isn't that right, Estelle?",27
scena/mp0000_ev.dat:0x16fc5a,scena/mp0000_ev.dat,W-Wait a second. A-Are you...,30
scena/mp0000_ev.dat:0x16fd53,scena/mp0000_ev.dat,Woman's Voice,14
scena/mp0000_ev.dat:0x16fd61,scena/mp0000_ev.dat,What a strange question to ask!,32
scena/mp0000_ev.dat:0x16fd9e,scena/mp0000_ev.dat,How could you forget your own mother's face?,45
scena/mp0000_ev.dat:0x16fe66,scena/mp0000_ev.dat,Mom... It's really you...,26
scena/mp0000_ev.dat:0x16feca,scena/mp0000_ev.dat,"Oh, goodness.",14
scena/mp0000_ev.dat:0x16ff47,scena/mp0000_ev.dat,"My word. What's gotten into you, honey?",40
scena/mp0000_ev.dat:0x16ff7e,scena/mp0000_ev.dat,Did you have a nightmare?,26
scena/mp0000_ev.dat:0x16ffa7,scena/mp0000_ev.dat,*Hic* *Hic*,12
scena/mp0000_ev.dat:0x16ffc3,scena/mp0000_ev.dat,"I-I don't really remember, but...",34
scena/mp0000_ev.dat:0x16fff5,scena/mp0000_ev.dat,All I know is...you went somewhere.,36
scena/mp0000_ev.dat:0x170037,scena/mp0000_ev.dat,You disappeared and...never came back...,41
scena/mp0000_ev.dat:0x170087,scena/mp0000_ev.dat,"Oh, sweetie...",15
scena/mp0000_ev.dat:0x1700a6,scena/mp0000_ev.dat,"I'm here, Estelle. Everything is going to be fine.",51
scena/mp0000_ev.dat:0x1700e9,scena/mp0000_ev.dat,I'm not going anywhere.,24
scena/mp0000_ev.dat:0x17011f,scena/mp0000_ev.dat,You have nothing to worry about.,33
scena/mp0000_ev.dat:0x17015e,scena/mp0000_ev.dat,Okay... Good...,16
scena/mp0000_ev.dat:0x1701b2,scena/mp0000_ev.dat,Aren't you forgetting the man of the house?,44
scena/mp0000_ev.dat:0x170217,scena/mp0000_ev.dat,"Oh, you're still here?",23
scena/mp0000_ev.dat:0x17023d,scena/mp0000_ev.dat,"Lena, how could you!",21
scena/mp0000_ev.dat:0x170262,scena/mp0000_ev.dat,"Hehe, I'm only joking.",23
scena/mp0000_ev.dat:0x1702ac,scena/mp0000_ev.dat,"Come here, darling.",20
scena/mp0000_ev.dat:0x17030f,scena/mp0000_ev.dat,Hehe... Hehehe!,16
scena/mp0000_ev.dat:0x170362,scena/mp0000_ev.dat,"Morning, Dad!",14
scena/mp0000_ev.dat:0x17039b,scena/mp0000_ev.dat,"Oof, nice tackle.",18
scena/mp0000_ev.dat:0x1703bd,scena/mp0000_ev.dat,going to play whatever you like! Your choice!,46
scena/mp0000_ev.dat:0x1703eb,scena/mp0000_ev.dat,"Today's your lucky day, Estelle. We're",39
scena/mp0000_ev.dat:0x170450,scena/mp0000_ev.dat,never goes back on his word!,29
scena/mp0000_ev.dat:0x17046d,scena/mp0000_ev.dat,Of course! Cassius Bright,26
scena/mp0000_ev.dat:0x170497,scena/mp0000_ev.dat,Even if you want to play house.,32
scena/mp0000_ev.dat:0x1704b7,scena/mp0000_ev.dat,"Whatever you want to do, I'm in!",33
scena/mp0000_ev.dat:0x1704f6,scena/mp0000_ev.dat,Hmm... Let me think...,23
scena/mp0000_ev.dat:0x17053f,scena/mp0000_ev.dat,"I know! I wanna go fishing with you, Dad!",42
scena/mp0000_ev.dat:0x170579,scena/mp0000_ev.dat,You sure know how to have fun.,31
scena/mp0000_ev.dat:0x170598,scena/mp0000_ev.dat,That's my little girl!,23
scena/mp0000_ev.dat:0x1705be,scena/mp0000_ev.dat,more of a boy's hobby.,23
scena/mp0000_ev.dat:0x1705d5,scena/mp0000_ev.dat,Although...fishing is usually,30
scena/mp0000_ev.dat:0x170614,scena/mp0000_ev.dat,Are you sure you don't want to play house?,43
scena/mp0000_ev.dat:0x17066d,scena/mp0000_ev.dat,Yeah! I like fishing WAY more.,31
scena/mp0000_ev.dat:0x1706ab,scena/mp0000_ev.dat,Hmm... I wonder if this is okay.,33
scena/mp0000_ev.dat:0x1706dc,scena/mp0000_ev.dat,always encourage her interests.,32
scena/mp0000_ev.dat:0x1706fc,scena/mp0000_ev.dat,"Oh, it's fine. It's our job to",31
scena/mp0000_ev.dat:0x170744,scena/mp0000_ev.dat,important? Like having breakfast?,34
scena/mp0000_ev.dat:0x170766,scena/mp0000_ev.dat,But aren't you both forgetting something more,46
scena/mp0000_ev.dat:0x1707a3,scena/mp0000_ev.dat,"Oh, I suppose I am.",20
scena/mp0000_ev.dat:0x1707f0,scena/mp0000_ev.dat,"Mooom, I'm staaarving!",23
scena/mp0000_ev.dat:0x170826,scena/mp0000_ev.dat,I'll help you cook!,20
scena/mp0000_ev.dat:0x17083a,scena/mp0000_ev.dat,I need to eat RIGHT now!,25
scena/mp0000_ev.dat:0x170872,scena/mp0000_ev.dat,"brewing, at the very least.",28
scena/mp0000_ev.dat:0x17088e,scena/mp0000_ev.dat,And I can get some coffee,26
scena/mp0000_ev.dat:0x1708b7,scena/mp0000_ev.dat,"Hehe, thanks, you two.",23
scena/mp0000_ev.dat:0x1708ef,scena/mp0000_ev.dat,hands before we get started.,29
scena/mp0000_ev.dat:0x17090c,scena/mp0000_ev.dat,Make sure to wash your,23
scena/mp0000_ev.dat:0x170c94,scena/mp0000_ev.dat,always under the watchful eye of her parents.,46
scena/mp0000_ev.dat:0x170cc2,scena/mp0000_ev.dat,"Then, Estelle went off to frolic among nature,",47
scena/mp0000_ev.dat:0x170e71,scena/mp0000_ev.dat,"And when there were chores to be done, she helped.",51
scena/mp0000_ev.dat:0x170ee2,scena/mp0000_ev.dat,"Alright, I'm taking off now.",29
scena/mp0000_ev.dat:0x170f25,scena/mp0000_ev.dat,"to play next spring, so sit tight.",35
scena/mp0000_ev.dat:0x170f48,scena/mp0000_ev.dat,"Don't worry, Estelle. I'll be back",35
scena/mp0000_ev.dat:0x170f8e,scena/mp0000_ev.dat,Okay... I'll wait...,21
scena/mp0000_ev.dat:0x170fb3,scena/mp0000_ev.dat,Why do you have to go now? You just got here.,46
scena/mp0000_ev.dat:0x171003,scena/mp0000_ev.dat,We should have a sleepover for one more night!,47
scena/mp0000_ev.dat:0x171042,scena/mp0000_ev.dat,"Awww, I wish I could.",22
scena/mp0000_ev.dat:0x171068,scena/mp0000_ev.dat,But my friends in the circus are all waiting for me.,53
scena/mp0000_ev.dat:0x1710ac,scena/mp0000_ev.dat,Hmph! I hate this!,19
scena/mp0000_ev.dat:0x1710ef,scena/mp0000_ev.dat,"Now, now, try to understand, Estelle.",38
scena/mp0000_ev.dat:0x171166,scena/mp0000_ev.dat,"Thanks for coming, Schera.",27
scena/mp0000_ev.dat:0x1711a0,scena/mp0000_ev.dat,It's always nice of you to play with her.,42
scena/mp0000_ev.dat:0x1711d9,scena/mp0000_ev.dat,"Of course! It's fun for me, too.",33
scena/mp0000_ev.dat:0x171220,scena/mp0000_ev.dat,"delicious meals, Mrs. Bright.",30
scena/mp0000_ev.dat:0x17123e,scena/mp0000_ev.dat,"Plus, I always look forward to your",36
scena/mp0000_ev.dat:0x171288,scena/mp0000_ev.dat,"Oh, that's so sweet. You just made my day!",43
scena/mp0000_ev.dat:0x1712c3,scena/mp0000_ev.dat,Come swing by again sometime.,30
scena/mp0000_ev.dat:0x1712f0,scena/mp0000_ev.dat,of my prized bottle of brandy.,31
scena/mp0000_ev.dat:0x17130f,scena/mp0000_ev.dat,Maybe next time I'll give you a sip,36
scena/mp0000_ev.dat:0x17135d,scena/mp0000_ev.dat,"Whoa, really? You promise?!",28
scena/mp0000_ev.dat:0x1713df,scena/mp0000_ev.dat,"I-It's a joke, honey! I promise.",33
scena/mp0000_ev.dat:0x17141d,scena/mp0000_ev.dat,"Schera, don't you dare take him up on it.",42
scena/mp0000_ev.dat:0x171469,scena/mp0000_ev.dat,"alcohol, but you're still only 12.",35
scena/mp0000_ev.dat:0x17148c,scena/mp0000_ev.dat,I know you might be curious about,34
scena/mp0000_ev.dat:0x1714be,scena/mp0000_ev.dat,You'll have to wait until you're all grown up.,47
scena/mp0000_ev.dat:0x17150a,scena/mp0000_ev.dat,"Oh, come ooon!",15
scena/mp0000_ev.dat:0x1715a1,scena/mp0000_ev.dat,"Fine, fine, I get it.",22
scena/mp0000_ev.dat:0x1715ce,scena/mp0000_ev.dat,I swear I haven't had any yet.,31
scena/mp0000_ev.dat:0x1715ed,scena/mp0000_ev.dat,"I do wanna try it, but",23
scena/mp0000_ev.dat:0x171631,scena/mp0000_ev.dat,Mr. Harvey and Luci make sure of that. Ugh.,44
scena/mp0000_ev.dat:0x1716a2,scena/mp0000_ev.dat,"Good, as they should.",22
scena/mp0000_ev.dat:0x1716e9,scena/mp0000_ev.dat,Tell everyone at the circus we said hello.,43
scena/mp0000_ev.dat:0x171714,scena/mp0000_ev.dat,"Anyway, we'll let you go.",26
scena/mp0000_ev.dat:0x17173d,scena/mp0000_ev.dat,"Hopefully next time, they can all come visit.",46
scena/mp0000_ev.dat:0x17177a,scena/mp0000_ev.dat,for a good barbecue!,21
scena/mp0000_ev.dat:0x17178f,scena/mp0000_ev.dat,We've got plenty of room in the yard,37
scena/mp0000_ev.dat:0x1717d3,scena/mp0000_ev.dat,That sounds great! I'll let them know.,39
scena/mp0000_ev.dat:0x17180a,scena/mp0000_ev.dat,"Be a good girl, 'kay?",22
scena/mp0000_ev.dat:0x171820,scena/mp0000_ev.dat,"See you later, Estelle.",24
scena/mp0000_ev.dat:0x171873,scena/mp0000_ev.dat,"Bye-bye, Schera!",17
scena/mp0000_ev.dat:0x1718ff,scena/mp0000_ev.dat,"Hehe, it's going to feel lonely without her.",45
scena/mp0000_ev.dat:0x171953,scena/mp0000_ev.dat,"Well, she did promise she'll be back next spring.",50
scena/mp0000_ev.dat:0x171995,scena/mp0000_ev.dat,We'll make a whole party out of it.,36
scena/mp0000_ev.dat:0x1719b9,scena/mp0000_ev.dat,"I'll take some time off then, too.",35
scena/mp0000_ev.dat:0x1719eb,scena/mp0000_ev.dat,"That sounds wonderful, dear.",29
scena/mp0000_ev.dat:0x171a18,scena/mp0000_ev.dat,"Daaad, Mooom...",16
scena/mp0000_ev.dat:0x171a60,scena/mp0000_ev.dat,I... I want a sib-uh-ling!,27
scena/mp0000_ev.dat:0x171abf,scena/mp0000_ev.dat,A-A what?!,11
scena/mp0000_ev.dat:0x171ae4,scena/mp0000_ev.dat,Oh... You silly goose.,23
scena/mp0000_ev.dat:0x171b0a,scena/mp0000_ev.dat,play sometimes.,16
scena/mp0000_ev.dat:0x171b1a,scena/mp0000_ev.dat,"I mean, Schera can only come and",33
scena/mp0000_ev.dat:0x171b5c,scena/mp0000_ev.dat,ALWAYS play together!,22
scena/mp0000_ev.dat:0x171b72,scena/mp0000_ev.dat,"But if I had a sib-uh-ling, we could",37
scena/mp0000_ev.dat:0x171bb6,scena/mp0000_ev.dat,"O-Oh, kiddo...",15
scena/mp0000_ev.dat:0x171bd5,scena/mp0000_ev.dat,You don't realize how much you're asking of us.,48
scena/mp0000_ev.dat:0x171c66,scena/mp0000_ev.dat,"Hehe, I can tell how serious you are, sweetie.",47
scena/mp0000_ev.dat:0x171ca5,scena/mp0000_ev.dat,the only things we can't promise.,34
scena/mp0000_ev.dat:0x171cc7,scena/mp0000_ev.dat,"But, unfortunately, that's one of",34
scena/mp0000_ev.dat:0x171d0f,scena/mp0000_ev.dat,Things like that are up to Aidios to decide.,45
scena/mp0000_ev.dat:0x171d83,scena/mp0000_ev.dat,"a baby, she puts it in the cabbage patch at night.",51
scena/mp0000_ev.dat:0x171db6,scena/mp0000_ev.dat,"Yes. You see, when Aidios wants us to have",43
scena/mp0000_ev.dat:0x171dfe,scena/mp0000_ev.dat,just like we did with you.,27
scena/mp0000_ev.dat:0x171e19,scena/mp0000_ev.dat,"Then, your father and I go out and find it,",44
scena/mp0000_ev.dat:0x171e6a,scena/mp0000_ev.dat,Wow. I had no idea!,20
scena/mp0000_ev.dat:0x171e9b,scena/mp0000_ev.dat,for a little brother or sister!,32
scena/mp0000_ev.dat:0x171ebb,scena/mp0000_ev.dat,Guess I gotta pray to Aidios,29
scena/mp0000_ev.dat:0x171f01,scena/mp0000_ev.dat,"Hehe, that's one thing you can do.",35
scena/mp0000_ev.dat:0x171f3c,scena/mp0000_ev.dat,How does that sound?,21
scena/mp0000_ev.dat:0x171f51,scena/mp0000_ev.dat,"day, she'll reward you with a sibling.",39
scena/mp0000_ev.dat:0x171f78,scena/mp0000_ev.dat,"Maybe if you keep being a good little girl, one",48
scena/mp0000_ev.dat:0x171fdc,scena/mp0000_ev.dat,Whoa! Then I'll be a super good girl!,38
scena/mp0000_ev.dat:0x17201f,scena/mp0000_ev.dat,"skills with these things, Lena.",32
scena/mp0000_ev.dat:0x17203f,scena/mp0000_ev.dat,*Sigh* I wish I had your,25
scena/mp0000_ev.dat:0x172076,scena/mp0000_ev.dat,"a team effort, I'm afraid.",27
scena/mp0000_ev.dat:0x172091,scena/mp0000_ev.dat,"Oh, this one is going to take",30
scena/mp0000_ev.dat:0x1720be,scena/mp0000_ev.dat,"You'll have to work hard for this, too, you know.",50
scena/mp0000_ev.dat:0x17213f,scena/mp0000_ev.dat,Th-That's right.,17
scena/mp0000_ev.dat:0x172194,scena/mp0000_ev.dat,"Well, no time like the present!",32
scena/mp0000_ev.dat:0x1721d2,scena/mp0000_ev.dat,"All in good time, honey.",25
scena/mp0000_ev.dat:0x172209,scena/mp0000_ev.dat,"For now, I need to start making dinner.",40
scena/mp0000_ev.dat:0x172241,scena/mp0000_ev.dat,...Oh. Okay.,13
scena/mp0000_ev.dat:0x172283,scena/mp0000_ev.dat,"Hehe, back to the kitchen I go.",32
scena/mp0000_ev.dat:0x1722b3,scena/mp0000_ev.dat,What are you two going to do in the meantime?,46
scena/mp0000_ev.dat:0x1722f0,scena/mp0000_ev.dat,What indeed?,13
scena/mp0000_ev.dat:0x17230d,scena/mp0000_ev.dat,with your old man again?,25
scena/mp0000_ev.dat:0x172326,scena/mp0000_ev.dat,"Estelle, how about going fishing",33
scena/mp0000_ev.dat:0x172356,scena/mp0000_ev.dat,"Ehhh, not today.",17
scena/mp0000_ev.dat:0x17238e,scena/mp0000_ev.dat,I wanna play by myself.,24
scena/mp0000_ev.dat:0x1723eb,scena/mp0000_ev.dat,go read by my lonesome...,26
scena/mp0000_ev.dat:0x172405,scena/mp0000_ev.dat,Very well. I suppose I'll,26
scena/mp0000_ev.dat:0x17243a,scena/mp0000_ev.dat,"Poor you, getting rejected.",28
scena/mp0000_ev.dat:0x172465,scena/mp0000_ev.dat,"Estelle, be careful out there.",31
scena/mp0000_ev.dat:0x172493,scena/mp0000_ev.dat,"Don't go near the pond by yourself, okay?",42
scena/mp0000_ev.dat:0x1724fd,scena/mp0000_ev.dat,My own sib-uh-ling...,22
scena/mp0000_ev.dat:0x172581,scena/mp0000_ev.dat,What...? Why does my chest feel funny?,39
scena/mp0000_ev.dat:0x1725d9,scena/mp0000_ev.dat,I feel like...I forgot something.,34
scena/mp0000_ev.dat:0x17267d,scena/mp0000_ev.dat,...I have to go find it.,25
scena/mp0000_ev.dat:0x172702,scena/mp0000_ev.dat,leftover onion somewhere around here...,40
scena/mp0000_ev.dat:0x17272a,scena/mp0000_ev.dat,I could've sworn I had some,28
scena/mp0000_ev.dat:0x17275e,scena/mp0000_ev.dat,"There you are, Mom!",20
scena/mp0000_ev.dat:0x17279e,scena/mp0000_ev.dat,"Ah, hello, Estelle.",20
scena/mp0000_ev.dat:0x1727c1,scena/mp0000_ev.dat,"Starting to feel hungry, sweetheart?",37
scena/mp0000_ev.dat:0x1727f6,scena/mp0000_ev.dat,"No, I'm okay. I can wait.",26
scena/mp0000_ev.dat:0x172820,scena/mp0000_ev.dat,"But I have a question for you, Mom.",36
scena/mp0000_ev.dat:0x172899,scena/mp0000_ev.dat,key to the storage room on the upper floor.,44
scena/mp0000_ev.dat:0x1728c5,scena/mp0000_ev.dat,<C1>Estelle explained that she was looking for the,51
scena/mp0000_ev.dat:0x1728f8,scena/mp0000_ev.dat,"Oh, you wanted to check out our storage room?",46
scena/mp0000_ev.dat:0x172940,scena/mp0000_ev.dat,"You'd probably get dirty, sweetheart.",38
scena/mp0000_ev.dat:0x172966,scena/mp0000_ev.dat,It's pretty dusty in there.,28
scena/mp0000_ev.dat:0x17299f,scena/mp0000_ev.dat,Whaaat? So I can't go in?,26
scena/mp0000_ev.dat:0x172a14,scena/mp0000_ev.dat,I suppose you'll be fine.,26
scena/mp0000_ev.dat:0x172a6d,scena/mp0000_ev.dat,dad and I have next to our bed?,32
scena/mp0000_ev.dat:0x172a8d,scena/mp0000_ev.dat,You know that little cabinet your,34
scena/mp0000_ev.dat:0x172aca,scena/mp0000_ev.dat,The key should be inside that top drawer.,42
scena/mp0000_ev.dat:0x172b03,scena/mp0000_ev.dat,"Yay! Thanks, Mom!",18
scena/mp0000_ev.dat:0x172c6c,scena/mp0000_ev.dat,Hmm... Nothing's really coming out.,36
scena/mp0000_ev.dat:0x172cae,scena/mp0000_ev.dat,This har-mon-ica's trickier than I thought.,44
scena/mp0000_ev.dat:0x172cea,scena/mp0000_ev.dat,But it looks so easy to play! Hmph!,36
scena/mp0000_ev.dat:0x172d5a,scena/mp0000_ev.dat,I think it's pretty easy.,26
scena/mp0000_ev.dat:0x172d74,scena/mp0000_ev.dat,"Compared to your skills with a staff,",38
scena/mp0000_ev.dat:0x172d9a,scena/mp0000_ev.dat,It's just a matter of focus.,29
scena/mp0000_ev.dat:0x172e04,scena/mp0000_ev.dat,"A happy tune, with a hint of sadness.",38
scena/mp0000_ev.dat:0x172e2a,scena/mp0000_ev.dat,But that was a nice song.,26
scena/mp0000_ev.dat:0x172e44,scena/mp0000_ev.dat,but that one's my favorite.,28
scena/mp0000_ev.dat:0x172e60,scena/mp0000_ev.dat,"I like your other songs too,",29
scena/mp0000_ev.dat:0x172e7d,scena/mp0000_ev.dat,What was it called again?,26
scena/mp0000_ev.dat:0x172efd,scena/mp0000_ev.dat,Um... Was it...?,17
scena/mp0000_ev.dat:0x172f73,scena/mp0000_ev.dat,"No, that's not it.",19
scena/mp0000_ev.dat:0x172f9a,scena/mp0000_ev.dat,That's it. That sounds right...,32
scena/mp0000_ev.dat:0x17318e,scena/mp0000_ev.dat,Woman's Voice,14
scena/mp0000_ev.dat:0x17319c,scena/mp0000_ev.dat,"Estelle! Estelle, wake up!",27
scena/mp0000_ev.dat:0x173209,scena/mp0000_ev.dat,Huh? Schera...?,16
scena/mp0000_ev.dat:0x173240,scena/mp0000_ev.dat,Finally! You're awake!,23
scena/mp0000_ev.dat:0x1732c4,scena/mp0000_ev.dat,"A really, really long dream...",31
scena/mp0000_ev.dat:0x1732e3,scena/mp0000_ev.dat,I feel like I was having a dream.,34
scena/mp0000_ev.dat:0x173348,scena/mp0000_ev.dat,That's right.,14
scena/mp0000_ev.dat:0x173390,scena/mp0000_ev.dat,It's thanks to this I...,25
scena/mp0000_ev.dat:0x173411,scena/mp0000_ev.dat,"Okay, guys! Nap time's over! No more fun dreams!",49
scena/mp0000_ev.dat:0x173470,scena/mp0000_ev.dat,Time to get back to reality!,29
scena/mp0000_ev.dat:0x173579,scena/mp0000_ev.dat,Huh... Estelle?,16
scena/mp0000_ev.dat:0x1735a4,scena/mp0000_ev.dat,"Oh, Estelle...",15
scena/mp0000_ev.dat:0x1735ce,scena/mp0000_ev.dat,"Ah, hello, Estelle.",20
scena/mp0000_ev.dat:0x173647,scena/mp0000_ev.dat,I see... So we were trapped inside a dream.,44
scena/mp0000_ev.dat:0x17373c,scena/mp0000_ev.dat,That explains it... Of course it was a dream. ,47
scena/mp0000_ev.dat:0x17382c,scena/mp0000_ev.dat,"Ah, so that was a dream I was trapped in, was it?",50
scena/mp0000_ev.dat:0x173927,scena/mp0000_ev.dat,A dream...would certainly explain a lot.,41
scena/mp0000_ev.dat:0x1739ff,scena/mp0000_ev.dat,"Phew, I'm so glad everybody's awake now.",41
scena/mp0000_ev.dat:0x173a37,scena/mp0000_ev.dat,"to surprise me, Estelle.",25
scena/mp0000_ev.dat:0x173a50,scena/mp0000_ev.dat,*Sigh* You really never fail,29
scena/mp0000_ev.dat:0x173a7d,scena/mp0000_ev.dat,"The next, you're yelling at everybody.",39
scena/mp0000_ev.dat:0x173aa4,scena/mp0000_ev.dat,"One second, you spring back to life.",37
scena/mp0000_ev.dat:0x173ad8,scena/mp0000_ev.dat,But we can talk later. More importantly...,43
scena/mp0000_ev.dat:0x173b3c,scena/mp0000_ev.dat,"<S5>I know you're there! Show yourself, Luci!",46
scena/mp0000_ev.dat:0x173b8d,scena/mp0000_ev.dat,Woman's Voice,14
scena/mp0000_ev.dat:0x173b9b,scena/mp0000_ev.dat,"Hahaha, it's about time you called.",36
scena/mp0000_ev.dat:0x173d29,scena/mp0000_ev.dat,I knew it...,13
scena/mp0000_ev.dat:0x173d45,scena/mp0000_ev.dat,Woman in Black,15
scena/mp0000_ev.dat:0x173d54,scena/mp0000_ev.dat,"It's been some time, Scherazard.",33
scena/mp0000_ev.dat:0x173d85,scena/mp0000_ev.dat,Eight years by my count.,25
scena/mp0000_ev.dat:0x173dae,scena/mp0000_ev.dat,Yeah... You're right.,22
scena/mp0000_ev.dat:0x173de6,scena/mp0000_ev.dat,I can't believe you would do all of this.,42
scena/mp0000_ev.dat:0x173e20,scena/mp0000_ev.dat,"What are you thinking, Luci?!",30
scena/mp0000_ev.dat:0x173e7a,scena/mp0000_ev.dat,"W-Wait, hang on!",17
scena/mp0000_ev.dat:0x173ead,scena/mp0000_ev.dat,Schera... You know this woman?!,32
scena/mp0000_ev.dat:0x173f0f,scena/mp0000_ev.dat,Woman in Black,15
scena/mp0000_ev.dat:0x173f1e,scena/mp0000_ev.dat,"Oh, you wound me, you sweet little girl.",41
scena/mp0000_ev.dat:0x173f57,scena/mp0000_ev.dat,I'm sad you've forgotten. ,27
scena/mp0000_ev.dat:0x173f72,scena/mp0000_ev.dat,"This isn't our first time meeting, you know. ",46
scena/mp0000_ev.dat:0x173fc7,scena/mp0000_ev.dat,Woman in Black,15
scena/mp0000_ev.dat:0x173fd6,scena/mp0000_ev.dat,"by an older girl, an illusionist.",34
scena/mp0000_ev.dat:0x173ff8,scena/mp0000_ev.dat,You used to get your fortune told,34
scena/mp0000_ev.dat:0x174029,scena/mp0000_ev.dat,Does that jog your memory?,27
scena/mp0000_ev.dat:0x1740ba,scena/mp0000_ev.dat,I-I remember now...,20
scena/mp0000_ev.dat:0x1740f1,scena/mp0000_ev.dat,You... You're Luciola!,23
scena/mp0000_ev.dat:0x174117,scena/mp0000_ev.dat,Woman in Black,15
scena/mp0000_ev.dat:0x174126,scena/mp0000_ev.dat,"Hehe, that's correct.",22
scena/mp0000_ev.dat:0x174185,scena/mp0000_ev.dat,the Bewitching Bell.,21
scena/mp0000_ev.dat:0x17419a,scena/mp0000_ev.dat,"I am Luciola, Enforcer No. VI,",31
scena/mp0000_ev.dat:0x1741c9,scena/mp0000_ev.dat,"At least, that is what they call me now.",41
scena/mp0000_ev.dat:0x174202,scena/mp0000_ev.dat,I-I don't understand... Why?,29
scena/mp0000_ev.dat:0x17422e,scena/mp0000_ev.dat,"didn't you, Scherazard?",24
scena/mp0000_ev.dat:0x174246,scena/mp0000_ev.dat,"Well, you realized it was me,",30
scena/mp0000_ev.dat:0x174285,scena/mp0000_ev.dat,That's your trademark.,23
scena/mp0000_ev.dat:0x17429c,scena/mp0000_ev.dat,I did. Using bells for illusions...,36
scena/mp0000_ev.dat:0x1742f5,scena/mp0000_ev.dat,"is no mere trick, is it?",25
scena/mp0000_ev.dat:0x17430e,scena/mp0000_ev.dat,But this fog in Rolent,23
scena/mp0000_ev.dat:0x174334,scena/mp0000_ev.dat,"Hehe, of course not.",21
scena/mp0000_ev.dat:0x174358,scena/mp0000_ev.dat,as part of our latest experiment.,34
scena/mp0000_ev.dat:0x17437a,scena/mp0000_ev.dat,The Gospel conjured up this fog,32
scena/mp0000_ev.dat:0x1743a9,scena/mp0000_ev.dat,to manipulate people's dreams.,31
scena/mp0000_ev.dat:0x1743c8,scena/mp0000_ev.dat,Think of it as a catalyst that allows us,41
scena/mp0000_ev.dat:0x174405,scena/mp0000_ev.dat,A catalyst...,14
scena/mp0000_ev.dat:0x17445f,scena/mp0000_ev.dat,control people's minds?!,25
scena/mp0000_ev.dat:0x174478,scena/mp0000_ev.dat,Are you saying the Gospel can,30
scena/mp0000_ev.dat:0x1744ba,scena/mp0000_ev.dat,"Yes, it seems that way.",24
scena/mp0000_ev.dat:0x1744e1,scena/mp0000_ev.dat,My bell may provide direction...,33
scena/mp0000_ev.dat:0x174516,scena/mp0000_ev.dat,Dreams more real than any illusion could be.,45
scena/mp0000_ev.dat:0x174543,scena/mp0000_ev.dat,But the Gospel is what creates the dreams themselves.,54
scena/mp0000_ev.dat:0x1745b0,scena/mp0000_ev.dat,Free of pain and suffering.,28
scena/mp0000_ev.dat:0x1745cc,scena/mp0000_ev.dat,Dreams full of singular bliss.,31
scena/mp0000_ev.dat:0x174633,scena/mp0000_ev.dat,That's... That's...,20
scena/mp0000_ev.dat:0x174667,scena/mp0000_ev.dat,"Tch, stay out of our damn heads, lady.",39
scena/mp0000_ev.dat:0x1746c1,scena/mp0000_ev.dat,My... What poor taste from such a beautiful lady.,50
scena/mp0000_ev.dat:0x174767,scena/mp0000_ev.dat,That would explain a lot...,28
scena/mp0000_ev.dat:0x1747fc,scena/mp0000_ev.dat,these things?,14
scena/mp0000_ev.dat:0x17480a,scena/mp0000_ev.dat,Why does the Society do all,28
scena/mp0000_ev.dat:0x17483a,scena/mp0000_ev.dat,random 'experiments?',22
scena/mp0000_ev.dat:0x174850,scena/mp0000_ev.dat,What's the goal of all these,29
scena/mp0000_ev.dat:0x17489f,scena/mp0000_ev.dat,at the behest of the Anguis.,29
scena/mp0000_ev.dat:0x1748bc,scena/mp0000_ev.dat,"I am only an Enforcer, serving",31
scena/mp0000_ev.dat:0x1748fb,scena/mp0000_ev.dat,working to carry out our current plan.,39
scena/mp0000_ev.dat:0x174922,scena/mp0000_ev.dat,"I'm little more than a helping hand,",37
scena/mp0000_ev.dat:0x174956,scena/mp0000_ev.dat,and Loewe if you want to know more.,36
scena/mp0000_ev.dat:0x17497a,scena/mp0000_ev.dat,You'd have to ask the Professor,32
scena/mp0000_ev.dat:0x1749a9,scena/mp0000_ev.dat,The Professor and Loewe...,27
scena/mp0000_ev.dat:0x1749ea,scena/mp0000_ev.dat,times. Just who the heck are they?,35
scena/mp0000_ev.dat:0x174a0d,scena/mp0000_ev.dat,I've heard their names come up multiple,40
scena/mp0000_ev.dat:0x174a65,scena/mp0000_ev.dat,You'll learn when the time is right.,37
scena/mp0000_ev.dat:0x174a9e,scena/mp0000_ev.dat,the pleasure of meeting you already.,37
scena/mp0000_ev.dat:0x174ac3,scena/mp0000_ev.dat,"Though, I heard they both had",30
scena/mp0000_ev.dat:0x174b4e,scena/mp0000_ev.dat,"...Can I tell you something, Luci?",35
scena/mp0000_ev.dat:0x174bc7,scena/mp0000_ev.dat,Oh? What is it?,16
scena/mp0000_ev.dat:0x174bf7,scena/mp0000_ev.dat,of staying in Liberl for long.,31
scena/mp0000_ev.dat:0x174c16,scena/mp0000_ev.dat,"At first, I had no intention",29
scena/mp0000_ev.dat:0x174c47,scena/mp0000_ev.dat,stick around until you came back.,34
scena/mp0000_ev.dat:0x174c69,scena/mp0000_ev.dat,I only really ever planned to,30
scena/mp0000_ev.dat:0x174cbc,scena/mp0000_ev.dat,But I've been here eight years now.,36
scena/mp0000_ev.dat:0x174cf0,scena/mp0000_ev.dat,I consider family. And a job I'm proud of.,43
scena/mp0000_ev.dat:0x174d1b,scena/mp0000_ev.dat,I have good friends and comrades. People,41
scena/mp0000_ev.dat:0x174d86,scena/mp0000_ev.dat,you knew back then.,20
scena/mp0000_ev.dat:0x174d9a,scena/mp0000_ev.dat,I'm not the same Scherazard,28
scena/mp0000_ev.dat:0x174e59,scena/mp0000_ev.dat,Liberl is my new home.,23
scena/mp0000_ev.dat:0x174e8b,scena/mp0000_ev.dat,I'll never forgive you.,24
scena/mp0000_ev.dat:0x174ea3,scena/mp0000_ev.dat,"<R>And if you cause it harm,",29
scena/mp0000_ev.dat:0x174eec,scena/mp0000_ev.dat,"Hahaha... So be it, then.",26
scena/mp0000_ev.dat:0x174f1a,scena/mp0000_ev.dat,far stronger than you realize.,31
scena/mp0000_ev.dat:0x174f39,scena/mp0000_ev.dat,Just be aware that the Society is,34
scena/mp0000_ev.dat:0x174f6f,scena/mp0000_ev.dat,you have...and more.,21
scena/mp0000_ev.dat:0x174f84,scena/mp0000_ev.dat,Fighting us will take everything,33
scena/mp0000_ev.dat:0x1750d1,scena/mp0000_ev.dat,Rest assured. We shall meet again soon.,40
scena/mp0000_ev.dat:0x17512c,scena/mp0000_ev.dat,"And when we do, we'll have much to discuss...",46
scena/mp0000_ev.dat:0x175259,scena/mp0000_ev.dat,*Sigh* For the love of Aidios...,33
scena/mp0000_ev.dat:0x17528e,scena/mp0000_ev.dat,but at least this incident is resolved.,40
scena/mp0000_ev.dat:0x1752b6,scena/mp0000_ev.dat,She got away...,16
scena/mp0000_ev.dat:0x1752f4,scena/mp0000_ev.dat,should be on their feet again soon.,36
scena/mp0000_ev.dat:0x175318,scena/mp0000_ev.dat,Everyone who fell asleep,25
scena/mp0000_ev.dat:0x1755bb,scena/mp0000_ev.dat,So the reports were correct.,29
scena/mp0000_ev.dat:0x1755d8,scena/mp0000_ev.dat,The Esmelas Tower...,21
scena/mp0000_ev.dat:0x17561e,scena/mp0000_ev.dat,sealed area of the castle.,27
scena/mp0000_ev.dat:0x175639,scena/mp0000_ev.dat,A Device Tower linked to the,29
scena/mp0000_ev.dat:0x175666,scena/mp0000_ev.dat,"The Second Barrier, working both ways.",39
scena/mp0000_ev.dat:0x17569d,scena/mp0000_ev.dat,"Mm, the Professor did his research well.",41
scena/mp0000_ev.dat:0x1757a3,scena/mp0000_ev.dat,"Yo, sorry 'bout the delay.",27
scena/mp0000_ev.dat:0x1757cd,scena/mp0000_ev.dat,Hehehe... Hope you weren't waiting too long.,45
scena/mp0000_ev.dat:0x175834,scena/mp0000_ev.dat,Oh... I wasn't expecting you two.,34
scena/mp0000_ev.dat:0x17589b,scena/mp0000_ev.dat,I thought Loewe was coming to meet me.,39
scena/mp0000_ev.dat:0x1758d1,scena/mp0000_ev.dat,Why the change of plans?,25
scena/mp0000_ev.dat:0x17590d,scena/mp0000_ev.dat,"Well, Loewe's with the Professor right now.",44
scena/mp0000_ev.dat:0x175961,scena/mp0000_ev.dat,"us here to fetch you, milady.",30
scena/mp0000_ev.dat:0x17597f,scena/mp0000_ev.dat,So I'm afraid you're stuck with,32
scena/mp0000_ev.dat:0x1759d6,scena/mp0000_ev.dat,step of the plan anyway.,25
scena/mp0000_ev.dat:0x1759ef,scena/mp0000_ev.dat,I've got nothin' to do till the next,37
scena/mp0000_ev.dat:0x175a24,scena/mp0000_ev.dat,So I thought I'd tag along to kill some time.,46
scena/mp0000_ev.dat:0x175a61,scena/mp0000_ev.dat,"Heh... To each their own, I suppose.",37
scena/mp0000_ev.dat:0x175aa1,scena/mp0000_ev.dat,"But if Loewe is with the Professor, then...",44
scena/mp0000_ev.dat:0x175add,scena/mp0000_ev.dat,the final experiment?,22
scena/mp0000_ev.dat:0x175af3,scena/mp0000_ev.dat,Does that mean we're starting,30
scena/mp0000_ev.dat:0x175b20,scena/mp0000_ev.dat,Seems like it.,15
scena/mp0000_ev.dat:0x175b3f,scena/mp0000_ev.dat,Plan is finally happenin'.,27
scena/mp0000_ev.dat:0x175b5a,scena/mp0000_ev.dat,The next stage of the Gospel,29
scena/mp0000_ev.dat:0x175b86,scena/mp0000_ev.dat,The archaisms and the jaegers are ready to go.,47
scena/mp0000_ev.dat:0x175bc5,scena/mp0000_ev.dat,the Beta is ready.,19
scena/mp0000_ev.dat:0x175bd8,scena/mp0000_ev.dat,Things will get busier for us once,35
scena/mp0000_ev.dat:0x175c3e,scena/mp0000_ev.dat,support members.,17
scena/mp0000_ev.dat:0x175c4f,scena/mp0000_ev.dat,"must remain, you are free to choose any two",44
scena/mp0000_ev.dat:0x175c7b,scena/mp0000_ev.dat,<C1>You may now edit your party. While core members,52
scena/mp0000_ev.dat:0x175cde,scena/mp0000_ev.dat,"we headed for Bose, huh?",25
scena/mp0000_ev.dat:0x175cf7,scena/mp0000_ev.dat,"Well, I guess it's about time",30
scena/mp0000_ev.dat:0x175d47,scena/mp0000_ev.dat,"'experiments' have happened yet, for one thing.",48
scena/mp0000_ev.dat:0x175d77,scena/mp0000_ev.dat,It's the only region where none of these,41
scena/mp0000_ev.dat:0x175daf,scena/mp0000_ev.dat,"Yeah, I guess.",15
scena/mp0000_ev.dat:0x175dde,scena/mp0000_ev.dat,much is going on there right now.,34
scena/mp0000_ev.dat:0x175e00,scena/mp0000_ev.dat,Although it doesn't sound like anything,40
scena/mp0000_ev.dat:0x175e3c,scena/mp0000_ev.dat,off some jobs here in Rolent first.,36
scena/mp0000_ev.dat:0x175e60,scena/mp0000_ev.dat,So we can take our time and finish,35
scena/mp0000_ev.dat:0x175ea6,scena/mp0000_ev.dat,"Sure, why not?",15
scena/mp0000_ev.dat:0x175ecd,scena/mp0000_ev.dat,and then head for the dock.,28
scena/mp0000_ev.dat:0x175ee9,scena/mp0000_ev.dat,Let's get some tasks done,26
scena/mp0000_ev.dat:0x175f52,scena/mp0000_ev.dat,heading off already?,21
scena/mp0000_ev.dat:0x175f67,scena/mp0000_ev.dat,"Hey, Estelle. Are you",22
scena/mp0000_ev.dat:0x175f91,scena/mp0000_ev.dat,now you've come all this way.,30
scena/mp0000_ev.dat:0x175faf,scena/mp0000_ev.dat,Shame you can't hang around for longer,39
scena/mp0000_ev.dat:0x175fe5,scena/mp0000_ev.dat,Yeah... No rest for the wicked.,32
scena/mp0000_ev.dat:0x176018,scena/mp0000_ev.dat,"on, I'll come back and take it easy.",37
scena/mp0000_ev.dat:0x17603d,scena/mp0000_ev.dat,Once I'm done with the thing I'm working,41
scena/mp0000_ev.dat:0x176079,scena/mp0000_ev.dat,Sounds like a plan!,20
scena/mp0000_ev.dat:0x1760ac,scena/mp0000_ev.dat,"your fare, so you're all set.",30
scena/mp0000_ev.dat:0x1760ca,scena/mp0000_ev.dat,"Anyway, Aina has already paid",30
scena/mp0000_ev.dat:0x1760f7,scena/mp0000_ev.dat,Are you ready to check in?,27
scena/mp0000_ev.dat:0x17614c,scena/mp0000_ev.dat,should wait here for the ship.,31
scena/mp0000_ev.dat:0x17616b,scena/mp0000_ev.dat,"Once we're checked in, we",26
scena/mp0000_ev.dat:0x176199,scena/mp0000_ev.dat,Is there nothing else we need to do in Rolent?,47
scena/mp0000_ev.dat:0x1761f0,scena/mp0000_ev.dat,"Oh, are you ready to check in?",31
scena/mp0000_ev.dat:0x17622f,scena/mp0000_ev.dat,Just let me know whenever you're ready.,40
scena/mp0000_ev.dat:0x17628c,scena/mp0000_ev.dat,"Okay, then.",12
scena/mp0000_ev.dat:0x1762a8,scena/mp0000_ev.dat,guild and call for the others.,31
scena/mp0000_ev.dat:0x1762c7,scena/mp0000_ev.dat,"In that case, I'll contact the",31
scena/mp0000_ev.dat:0x17630a,scena/mp0000_ev.dat,flight and waited for the airliner to arrive.,46
scena/mp0000_ev.dat:0x176338,scena/mp0000_ev.dat,<C1>They completed check-in procedures for their,49
scena/mp0000_ev.dat:0x176369,scena/mp0000_ev.dat,Check in,9
scena/mp0000_ev.dat:0x176372,scena/mp0000_ev.dat,I still have things to do,26
scena/mp0000_ev.dat:0x176689,scena/mp0000_ev.dat,Esmelas Tower,14
scena/mp0000_ev.dat:0x176697,scena/mp0000_ev.dat,Time to start investigating.,29
scena/mp0000_ev.dat:0x1766ca,scena/mp0000_ev.dat,Let's head straight for the roof.,34
scena/mp0000_ev.dat:0x1766fb,scena/mp0000_ev.dat,Yeah... But something's off.,29
scena/mp0000_ev.dat:0x17674d,scena/mp0000_ev.dat,Man's Voice,12
scena/mp0000_ev.dat:0x176759,scena/mp0000_ev.dat,Y-You guys...!,15
scena/mp0000_ev.dat:0x1767cf,scena/mp0000_ev.dat,Private Heinz,14
scena/mp0000_ev.dat:0x1767dd,scena/mp0000_ev.dat,A-Are you the bracers they said were coming?,45
scena/mp0000_ev.dat:0x17681a,scena/mp0000_ev.dat,Bingo. That's us!,18
scena/mp0000_ev.dat:0x176843,scena/mp0000_ev.dat,Are you one of the scouts?,27
scena/mp0000_ev.dat:0x17686d,scena/mp0000_ev.dat,Private Heinz,14
scena/mp0000_ev.dat:0x17687b,scena/mp0000_ev.dat,"Yeah, that's right.",20
scena/mp0000_ev.dat:0x1768a3,scena/mp0000_ev.dat,about the tower to you guys.,29
scena/mp0000_ev.dat:0x1768c0,scena/mp0000_ev.dat,I stayed back to pass on info,30
scena/mp0000_ev.dat:0x1768fe,scena/mp0000_ev.dat,Didn't you all get blasted by a guy in a mask?,47
scena/mp0000_ev.dat:0x176948,scena/mp0000_ev.dat,"You were all attacked by a man in a mask, right?",49
scena/mp0000_ev.dat:0x176994,scena/mp0000_ev.dat,"There was some guy in a mask, yeah?",36
scena/mp0000_ev.dat:0x1769d8,scena/mp0000_ev.dat,"You got attacked by a guy in a mask, huh?",42
scena/mp0000_ev.dat:0x176a22,scena/mp0000_ev.dat,"I hear there was a masked attacker, wasn't there?",50
scena/mp0000_ev.dat:0x176a63,scena/mp0000_ev.dat,Private Heinz,14
scena/mp0000_ev.dat:0x176a71,scena/mp0000_ev.dat,"That's right, but that's not all.",34
scena/mp0000_ev.dat:0x176aa3,scena/mp0000_ev.dat,There's...something strange going on.,38
scena/mp0000_ev.dat:0x176ac9,scena/mp0000_ev.dat,How can I explain it...?,25
scena/mp0000_ev.dat:0x176af2,scena/mp0000_ev.dat,Strange? What's strange?,25
scena/mp0000_ev.dat:0x176b1f,scena/mp0000_ev.dat,Private Heinz,14
scena/mp0000_ev.dat:0x176b2d,scena/mp0000_ev.dat,You'll understand when you see it.,35
scena/mp0000_ev.dat:0x176b60,scena/mp0000_ev.dat,Just come to the entrance.,27
scena/mp0000_ev.dat:0x176cce,scena/mp0000_ev.dat,Return to the Arseille?,24
scena/mp0000_ev.dat:0x176ce6,scena/mp0000_ev.dat,Return to the ship,19
scena/mp0000_ev.dat:0x176cf9,scena/mp0000_ev.dat,Don't return,13
scena/mp0000_ev.dat:0x176e2c,scena/mp0000_ev.dat,"H-Hey, is that...",18
scena/mp0000_ev.dat:0x176e52,scena/mp0000_ev.dat,...An energy barrier?!,23
scena/mp0000_ev.dat:0x176e7d,scena/mp0000_ev.dat,Is this some kind of barrier?,30
scena/mp0000_ev.dat:0x176eaf,scena/mp0000_ev.dat,No way! A barrier?!,20
scena/mp0000_ev.dat:0x176ed7,scena/mp0000_ev.dat,"Hmm... A barrier, huh?",23
scena/mp0000_ev.dat:0x176f02,scena/mp0000_ev.dat,Oh! What is this barrier?,26
scena/mp0000_ev.dat:0x176f4a,scena/mp0000_ev.dat,Private Heinz,14
scena/mp0000_ev.dat:0x176f58,scena/mp0000_ev.dat,It was already like this when we arrived.,42
scena/mp0000_ev.dat:0x176fa3,scena/mp0000_ev.dat,the masked man appeared.,25
scena/mp0000_ev.dat:0x176fbc,scena/mp0000_ev.dat,"When we tried to investigate,",30
scena/mp0000_ev.dat:0x177026,scena/mp0000_ev.dat,Is it not possible to go inside?,33
scena/mp0000_ev.dat:0x177056,scena/mp0000_ev.dat,Private Heinz,14
scena/mp0000_ev.dat:0x177064,scena/mp0000_ev.dat,so I think it should be possible.,34
scena/mp0000_ev.dat:0x177086,scena/mp0000_ev.dat,"The masked man managed to get in,",34
scena/mp0000_ev.dat:0x1770c3,scena/mp0000_ev.dat,comrades had been taken out...,31
scena/mp0000_ev.dat:0x1770e2,scena/mp0000_ev.dat,"I thought about following, but all of my",41
scena/mp0000_ev.dat:0x17711c,scena/mp0000_ev.dat,I see...,9
scena/mp0000_ev.dat:0x177146,scena/mp0000_ev.dat,You head back to your unit.,28
scena/mp0000_ev.dat:0x177162,scena/mp0000_ev.dat,We'll take it from here.,25
scena/mp0000_ev.dat:0x177199,scena/mp0000_ev.dat,Private Heinz,14
scena/mp0000_ev.dat:0x1771a7,scena/mp0000_ev.dat,May the Goddess be with you!,29
scena/mp0000_ev.dat:0x17737a,scena/mp0000_ev.dat,Wh-What is this place?!,24
scena/mp0000_ev.dat:0x1773b0,scena/mp0000_ev.dat,"Looks like the roof of the tower, but this...",46
scena/mp0000_ev.dat:0x1773ed,scena/mp0000_ev.dat,"It's the roof of the tower, but this...",40
scena/mp0000_ev.dat:0x177424,scena/mp0000_ev.dat,"It seems like the roof of the tower, but this...",49
scena/mp0000_ev.dat:0x177464,scena/mp0000_ev.dat,"It looks like the roof of the tower, but this...",49
scena/mp0000_ev.dat:0x1774a4,scena/mp0000_ev.dat,"I think it's the roof of the tower, but...",43
scena/mp0000_ev.dat:0x1774de,scena/mp0000_ev.dat,that's covering the rooftop.,29
scena/mp0000_ev.dat:0x1774fb,scena/mp0000_ev.dat,It must be the inside of the barrier,37
scena/mp0000_ev.dat:0x177530,scena/mp0000_ev.dat,Man's Voice,12
scena/mp0000_ev.dat:0x17753c,scena/mp0000_ev.dat,"You were quite fast, it seems.",31
scena/mp0000_ev.dat:0x17766a,scena/mp0000_ev.dat,you creepy masked freak!,25
scena/mp0000_ev.dat:0x177683,scena/mp0000_ev.dat,"I knew you'd be here,",22
scena/mp0000_ev.dat:0x1776b7,scena/mp0000_ev.dat,"Now, now. Is such vulgarity really necessary?",46
scena/mp0000_ev.dat:0x1776f5,scena/mp0000_ev.dat,You should show a little class.,32
scena/mp0000_ev.dat:0x177715,scena/mp0000_ev.dat,You rose to my challenges.,27
scena/mp0000_ev.dat:0x177743,scena/mp0000_ev.dat,Hey! Nobody asked you for your opinion!,40
scena/mp0000_ev.dat:0x177781,scena/mp0000_ev.dat,"Dear me, you add insult to injury.",35
scena/mp0000_ev.dat:0x1777b4,scena/mp0000_ev.dat,Would a little respect be too much to ask?,43
scena/mp0000_ev.dat:0x1777df,scena/mp0000_ev.dat,You've risen to my challenges before.,38
scena/mp0000_ev.dat:0x177814,scena/mp0000_ev.dat,"Oh, just shut up already!",26
scena/mp0000_ev.dat:0x177844,scena/mp0000_ev.dat,"Tsk, such a crude creature.",28
scena/mp0000_ev.dat:0x177870,scena/mp0000_ev.dat,refinement to accept my challenges properly.,45
scena/mp0000_ev.dat:0x17789d,scena/mp0000_ev.dat,I see you lack both the courage and the,40
scena/mp0000_ev.dat:0x177902,scena/mp0000_ev.dat,So we meet again after all this time.,38
scena/mp0000_ev.dat:0x177928,scena/mp0000_ev.dat,Never mind that.,17
scena/mp0000_ev.dat:0x177948,scena/mp0000_ev.dat,Joshua Astray.,15
scena/mp0000_ev.dat:0x177957,scena/mp0000_ev.dat,"The Black Fang,",16
scena/mp0000_ev.dat:0x177976,scena/mp0000_ev.dat,"Yeah, long time...",19
scena/mp0000_ev.dat:0x177999,scena/mp0000_ev.dat,"with the Professor's plan, though.",35
scena/mp0000_ev.dat:0x1779bc,scena/mp0000_ev.dat,I don't understand why you're cooperating,42
scena/mp0000_ev.dat:0x177a04,scena/mp0000_ev.dat,All I care about is having a little fun.,41
scena/mp0000_ev.dat:0x177a2d,scena/mp0000_ev.dat,"Haha, I'm not like the others.",31
scena/mp0000_ev.dat:0x177a67,scena/mp0000_ev.dat,a mysterious kind of elegance.,31
scena/mp0000_ev.dat:0x177a86,scena/mp0000_ev.dat,The kingdom of Liberl is bestowed with,39
scena/mp0000_ev.dat:0x177abc,scena/mp0000_ev.dat,"The people, the land, even the air.",36
scena/mp0000_ev.dat:0x177afe,scena/mp0000_ev.dat,that elegance was genuine.,27
scena/mp0000_ev.dat:0x177b19,scena/mp0000_ev.dat,I wanted to see for myself whether,35
scena/mp0000_ev.dat:0x177b4b,scena/mp0000_ev.dat,brightly in times of trouble.,30
scena/mp0000_ev.dat:0x177b69,scena/mp0000_ev.dat,It seems to shine even more,28
scena/mp0000_ev.dat:0x177b94,scena/mp0000_ev.dat,"Oh, I get it...",16
scena/mp0000_ev.dat:0x177bb3,scena/mp0000_ev.dat,similar to the Professor.,26
scena/mp0000_ev.dat:0x177bcd,scena/mp0000_ev.dat,"In a way, you're probably quite",32
scena/mp0000_ev.dat:0x177bfd,scena/mp0000_ev.dat,The same isn't true of him.,28
scena/mp0000_ev.dat:0x177c19,scena/mp0000_ev.dat,"Haha, all I seek is beauty.",28
scena/mp0000_ev.dat:0x177c50,scena/mp0000_ev.dat,You of all people should know that.,36
scena/mp0000_ev.dat:0x177cc1,scena/mp0000_ev.dat,Your Highness.,15
scena/mp0000_ev.dat:0x177cd0,scena/mp0000_ev.dat,"I must say, I didn't expect to see you here,",45
scena/mp0000_ev.dat:0x177d18,scena/mp0000_ev.dat,now ready to accept my adoration?,34
scena/mp0000_ev.dat:0x177d3a,scena/mp0000_ev.dat,Am I to assume this means you're,33
scena/mp0000_ev.dat:0x177d6a,scena/mp0000_ev.dat,person as you think.,21
scena/mp0000_ev.dat:0x177d7f,scena/mp0000_ev.dat,I'm sorry... But I'm not as noble a,36
scena/mp0000_ev.dat:0x177db3,scena/mp0000_ev.dat,am I so filled with hesitation?,32
scena/mp0000_ev.dat:0x177dd3,scena/mp0000_ev.dat,"If I truly were so virtuous, then why",38
scena/mp0000_ev.dat:0x177e18,scena/mp0000_ev.dat,I must also give her an answer.,32
scena/mp0000_ev.dat:0x177e38,scena/mp0000_ev.dat,"When I return the Arseille to Her Majesty,",43
scena/mp0000_ev.dat:0x177e72,scena/mp0000_ev.dat,That moment fills me with fear...,34
scena/mp0000_ev.dat:0x177f21,scena/mp0000_ev.dat,Well! I'd say that fear is proof of nobility!,46
scena/mp0000_ev.dat:0x177f6c,scena/mp0000_ev.dat,the common worm can only dream of!,35
scena/mp0000_ev.dat:0x177f8f,scena/mp0000_ev.dat,You fly on shining wings with brilliance,41
scena/mp0000_ev.dat:0x178055,scena/mp0000_ev.dat,been rather thoughtless.,25
scena/mp0000_ev.dat:0x17806e,scena/mp0000_ev.dat,"Still, I must say you have all",31
scena/mp0000_ev.dat:0x1780a8,scena/mp0000_ev.dat,that I would be here.,22
scena/mp0000_ev.dat:0x1780be,scena/mp0000_ev.dat,You surely received reports,28
scena/mp0000_ev.dat:0x1780e9,scena/mp0000_ev.dat,been properly escorted to me.,30
scena/mp0000_ev.dat:0x178107,scena/mp0000_ev.dat,So Her Highness should have,28
scena/mp0000_ev.dat:0x178132,scena/mp0000_ev.dat,Give it a rest!,16
scena/mp0000_ev.dat:0x17815d,scena/mp0000_ev.dat,As if we'd subject her to that!,32
scena/mp0000_ev.dat:0x17818c,scena/mp0000_ev.dat,Um... (Just who is this guy?),30
scena/mp0000_ev.dat:0x1781c7,scena/mp0000_ev.dat,Wow... Talk about brazen!,26
scena/mp0000_ev.dat:0x1781f0,scena/mp0000_ev.dat,Wow. He's got some nerve!,26
scena/mp0000_ev.dat:0x178219,scena/mp0000_ev.dat,Hah. This guy's got some balls.,32
scena/mp0000_ev.dat:0x178248,scena/mp0000_ev.dat,Damn... He's got a lotta nerve!,32
scena/mp0000_ev.dat:0x178277,scena/mp0000_ev.dat,Bleublanc. Playtime's over.,28
scena/mp0000_ev.dat:0x1782a3,scena/mp0000_ev.dat,We're here to put a stop to the Society's plans.,49
scena/mp0000_ev.dat:0x1782e3,scena/mp0000_ev.dat,We both know what has to happen.,33
scena/mp0000_ev.dat:0x178322,scena/mp0000_ev.dat,Haha. You're not wrong there.,30
scena/mp0000_ev.dat:0x1783e2,scena/mp0000_ev.dat,"Assault archaisms, Balancing Clowns!",37
scena/mp0000_ev.dat:0x178417,scena/mp0000_ev.dat,This will be the first time that we dance.,43
scena/mp0000_ev.dat:0x178442,scena/mp0000_ev.dat,The Black Fang...,18
scena/mp0000_ev.dat:0x178475,scena/mp0000_ev.dat,"join us... Oh, what fun!",25
scena/mp0000_ev.dat:0x17848e,scena/mp0000_ev.dat,And to have the daughter of the Divine Blade,45
scena/mp0000_ev.dat:0x1786d0,scena/mp0000_ev.dat,Hmph... You're more troublesome than I thought.,48
scena/mp0000_ev.dat:0x17870f,scena/mp0000_ev.dat,Then I'll have to do this properly.,36
scena/mp0000_ev.dat:0x1788bc,scena/mp0000_ev.dat,It's gone back to normal!,26
scena/mp0000_ev.dat:0x1788e5,scena/mp0000_ev.dat,It's back to normal...?!,25
scena/mp0000_ev.dat:0x17890d,scena/mp0000_ev.dat,Is it back to normal?!,23
scena/mp0000_ev.dat:0x178933,scena/mp0000_ev.dat,It's back to normal!,21
scena/mp0000_ev.dat:0x178957,scena/mp0000_ev.dat,Looks like it's back to normal!,32
scena/mp0000_ev.dat:0x178986,scena/mp0000_ev.dat,role left for me to play here.,31
scena/mp0000_ev.dat:0x1789a5,scena/mp0000_ev.dat,"Hm, it would seem there is no",30
scena/mp0000_ev.dat:0x1789d2,scena/mp0000_ev.dat,Looks like it's time for my exit.,34
scena/mp0000_ev.dat:0x1789f4,scena/mp0000_ev.dat,It can't be helped.,20
scena/mp0000_ev.dat:0x178a6c,scena/mp0000_ev.dat,"Please, wait!",14
scena/mp0000_ev.dat:0x178a89,scena/mp0000_ev.dat,You scumbag! You think you can get away?!,42
scena/mp0000_ev.dat:0x178ac2,scena/mp0000_ev.dat,Hey! You're runnin' away?!,27
scena/mp0000_ev.dat:0x178aec,scena/mp0000_ev.dat,Thinking of running away?!,27
scena/mp0000_ev.dat:0x178b16,scena/mp0000_ev.dat,You're running away?!,22
scena/mp0000_ev.dat:0x178b48,scena/mp0000_ev.dat,sight to behold.,17
scena/mp0000_ev.dat:0x178b59,scena/mp0000_ev.dat,"Highness, but the bracers' fighting was also a",47
scena/mp0000_ev.dat:0x178b88,scena/mp0000_ev.dat,"Naturally, I was wowed by your presence, Your",46
scena/mp0000_ev.dat:0x178bc5,scena/mp0000_ev.dat,brilliance at the next opportunity.,36
scena/mp0000_ev.dat:0x178be9,scena/mp0000_ev.dat,I shall have to judge your true,32
scena/mp0000_ev.dat:0x178c18,scena/mp0000_ev.dat,"but you other bracers were impressive, too.",44
scena/mp0000_ev.dat:0x178c44,scena/mp0000_ev.dat,"Naturally, it was an honor to fight the Black Fang,",52
scena/mp0000_ev.dat:0x178c87,scena/mp0000_ev.dat,brilliance at the next opportunity.,36
scena/mp0000_ev.dat:0x178cab,scena/mp0000_ev.dat,I shall have to judge your true,32
scena/mp0000_ev.dat:0x178cda,scena/mp0000_ev.dat,"Now, if you'll excuse me.",26
scena/mp0000_ev.dat:0x178d4e,scena/mp0000_ev.dat,He's gone!,11
scena/mp0000_ev.dat:0x178dcf,scena/mp0000_ev.dat,the Gospel created by the Society.,35
scena/mp0000_ev.dat:0x178df2,scena/mp0000_ev.dat,So this is the Beta... The final form of,41
scena/mp0000_ev.dat:0x178e2a,scena/mp0000_ev.dat,It's even bigger than the ones before.,39
scena/mp0000_ev.dat:0x178e61,scena/mp0000_ev.dat,"is back to normal, but...",26
scena/mp0000_ev.dat:0x178e7b,scena/mp0000_ev.dat,It's great that the roof of the tower,38
scena/mp0000_ev.dat:0x178ec2,scena/mp0000_ev.dat,What the heck were they doing with this?!,42
scena/mp0000_ev.dat:0x178efb,scena/mp0000_ev.dat,seems to have stopped working again.,37
scena/mp0000_ev.dat:0x178f20,scena/mp0000_ev.dat,"The device was fine before, but it",35
scena/mp0000_ev.dat:0x178f5f,scena/mp0000_ev.dat,...That can't be good.,23
scena/mp0000_ev.dat:0x178f85,scena/mp0000_ev.dat,but it stopped working again.,30
scena/mp0000_ev.dat:0x178fa3,scena/mp0000_ev.dat,"The device was working fine until now,",39
scena/mp0000_ev.dat:0x178fe5,scena/mp0000_ev.dat,Huh... I don't like this.,26
scena/mp0000_ev.dat:0x17900f,scena/mp0000_ev.dat,but now it looks like it's stopped again.,42
scena/mp0000_ev.dat:0x179039,scena/mp0000_ev.dat,"The equipment was fine before,",31
scena/mp0000_ev.dat:0x179075,scena/mp0000_ev.dat,I've got a bad feelin' about this.,35
scena/mp0000_ev.dat:0x1790bd,scena/mp0000_ev.dat,but it seems to have stopped working again.,44
scena/mp0000_ev.dat:0x1790e9,scena/mp0000_ev.dat,"The equipment was fine until now,",34
scena/mp0000_ev.dat:0x17911b,scena/mp0000_ev.dat,I have a bad feeling about this.,33
scena/mp0000_ev.dat:0x17914b,scena/mp0000_ev.dat,but now it seems to have stopped again.,40
scena/mp0000_ev.dat:0x179173,scena/mp0000_ev.dat,"The equipment was working before,",34
scena/mp0000_ev.dat:0x1791af,scena/mp0000_ev.dat,I don't like this!,19
scena/mp0000_ev.dat:0x1791d2,scena/mp0000_ev.dat,surrounding the rooftop before.,32
scena/mp0000_ev.dat:0x1791f2,scena/mp0000_ev.dat,Not to mention the barrier that was,36
scena/mp0000_ev.dat:0x179232,scena/mp0000_ev.dat,Just what exactly was that?,28
scena/mp0000_ev.dat:0x17925d,scena/mp0000_ev.dat,And it's not just that...,26
scena/mp0000_ev.dat:0x179298,scena/mp0000_ev.dat,the rooftop was all about.,27
scena/mp0000_ev.dat:0x1792b3,scena/mp0000_ev.dat,I wonder what that barrier around,34
scena/mp0000_ev.dat:0x1792e4,scena/mp0000_ev.dat,was around the rooftop before?,31
scena/mp0000_ev.dat:0x179303,scena/mp0000_ev.dat,And how about that barrier that,32
scena/mp0000_ev.dat:0x17933f,scena/mp0000_ev.dat,I wonder what it was.,22
scena/mp0000_ev.dat:0x179364,scena/mp0000_ev.dat,was around the rooftop before?,31
scena/mp0000_ev.dat:0x179383,scena/mp0000_ev.dat,And how about that barrier that,32
scena/mp0000_ev.dat:0x1793bf,scena/mp0000_ev.dat,What the heck was that all about?,34
scena/mp0000_ev.dat:0x1793f0,scena/mp0000_ev.dat,was around the rooftop before either.,38
scena/mp0000_ev.dat:0x179416,scena/mp0000_ev.dat,I'm not too happy about that barrier that,42
scena/mp0000_ev.dat:0x17945b,scena/mp0000_ev.dat,What the heck was that thing?,30
scena/mp0000_ev.dat:0x1794be,scena/mp0000_ev.dat,"Well, I'd say this tower is back to normal now.",48
scena/mp0000_ev.dat:0x179510,scena/mp0000_ev.dat,Let's head back to the Arseille.,33
scena/mp0000_ev.dat:0x179540,scena/mp0000_ev.dat,report to the Professor.,25
scena/mp0000_ev.dat:0x179559,scena/mp0000_ev.dat,"Yeah, we should go back and",28
scena/mp0000_ev.dat:0x179e13,scena/mp0000_ev.dat,"Alright everyone, it's time for the bride to toss the bouquet!",63
scena/mp0000_ev.dat:0x179e62,scena/mp0000_ev.dat,"All unmarried women, please step forward.",42
scena/mp0000_ev.dat:0x179ea9,scena/mp0000_ev.dat,Young Woman,12
scena/mp0000_ev.dat:0x179eb5,scena/mp0000_ev.dat,Ahh! It's starting!,20
scena/mp0000_ev.dat:0x179ee6,scena/mp0000_ev.dat,Young Woman,12
scena/mp0000_ev.dat:0x179ef2,scena/mp0000_ev.dat,Ellie! Throw it over here!,27
scena/mp0000_ev.dat:0x179f64,scena/mp0000_ev.dat,I see. So customs like this exist here.,40
scena/mp0000_ev.dat:0x179fa4,scena/mp0000_ev.dat,Haha. That explains the women's eyes lighting up.,50
scena/mp0000_ev.dat:0x179fe6,scena/mp0000_ev.dat,"In some ways, this is the most exciting part of a wedding.",59
scena/mp0000_ev.dat:0x17a041,scena/mp0000_ev.dat,"Hmm... The bouquet toss, eh?",29
scena/mp0000_ev.dat:0x17a073,scena/mp0000_ev.dat,"I don't get all the fuss, but the ladies seem out for blood.",61
scena/mp0000_ev.dat:0x17a0c4,scena/mp0000_ev.dat,"In some ways, this is the most exciting part of a wedding.",59
scena/mp0000_ev.dat:0x17a13a,scena/mp0000_ev.dat,"Hmm, everyone sure is determined.",34
scena/mp0000_ev.dat:0x17a16b,scena/mp0000_ev.dat,"Come on, Estelle. Get it together!",35
scena/mp0000_ev.dat:0x17a1bb,scena/mp0000_ev.dat,We gotta read the wind and find a good spot!,45
scena/mp0000_ev.dat:0x17a21f,scena/mp0000_ev.dat,"Hey, don't push!",17
scena/mp0000_ev.dat:0x17a23f,scena/mp0000_ev.dat,...Sh-She's in battle mode!,28
scena/mp0000_ev.dat:0x17a28c,scena/mp0000_ev.dat,"Whoa... You too, Tita?",23
scena/mp0000_ev.dat:0x17a2cb,scena/mp0000_ev.dat,per hour wind blowing east by southeast.,41
scena/mp0000_ev.dat:0x17a2f4,scena/mp0000_ev.dat,"Um, humidity is at 55%... There's a 3.5 arge",45
scena/mp0000_ev.dat:0x17a34a,scena/mp0000_ev.dat,Okay... This is definitely the best spot.,42
scena/mp0000_ev.dat:0x17a383,scena/mp0000_ev.dat,Y-You really want that bouquet...,34
scena/mp0000_ev.dat:0x17a3b4,scena/mp0000_ev.dat,"Well, I guess I might as well join in.",39
scena/mp0000_ev.dat:0x17a3ea,scena/mp0000_ev.dat,"I'm a lady too, after all.",27
scena/mp0000_ev.dat:0x17a44a,scena/mp0000_ev.dat,It's really hard to throw it straight backwards!,49
scena/mp0000_ev.dat:0x17a49b,scena/mp0000_ev.dat,Please don't be mad at me if it doesn't reach you.,51
scena/mp0000_ev.dat:0x17a4de,scena/mp0000_ev.dat,"One, two...",12
scena/mp0000_ev.dat:0x17a76d,scena/mp0000_ev.dat,Young Woman,12
scena/mp0000_ev.dat:0x17a779,scena/mp0000_ev.dat,"Oh no, not over there!",23
scena/mp0000_ev.dat:0x17a7b3,scena/mp0000_ev.dat,Young Woman,12
scena/mp0000_ev.dat:0x17a7bf,scena/mp0000_ev.dat,Why did you throw it that way?!,32
scena/mp0000_ev.dat:0x17a7f4,scena/mp0000_ev.dat,*Sigh* That's too bad...,25
scena/mp0000_ev.dat:0x17a81d,scena/mp0000_ev.dat,*Sigh* Another one that got away.,34
scena/mp0000_ev.dat:0x17a84f,scena/mp0000_ev.dat,I-It went in the exact opposite direction.,43
scena/mp0000_ev.dat:0x17a88a,scena/mp0000_ev.dat,Did anyone catch it?,21
scena/mp0000_ev.dat:0x17a8ae,scena/mp0000_ev.dat,Young Woman,12
scena/mp0000_ev.dat:0x17ac66,scena/mp0000_ev.dat,Wh-What is...this thing?,25
scena/mp0000_ev.dat:0x17acb0,scena/mp0000_ev.dat,It just fell out of the sky...,31
scena/mp0000_ev.dat:0x17acec,scena/mp0000_ev.dat,"Oh, so you're the one who caught it?",37
scena/mp0000_ev.dat:0x17ad20,scena/mp0000_ev.dat,That's the wedding bouquet I threw.,36
scena/mp0000_ev.dat:0x17ad77,scena/mp0000_ev.dat,Congratulations. I'd say good fortune is in your future.,57
scena/mp0000_ev.dat:0x17adc0,scena/mp0000_ev.dat,N-No way...,12
scena/mp0000_ev.dat:0x17addb,scena/mp0000_ev.dat,What do I do...? I'm...n-not ready...,38
scena/mp0000_ev.dat:0x17ae26,scena/mp0000_ev.dat,"Uh, well...",12
scena/mp0000_ev.dat:0x17ae42,scena/mp0000_ev.dat,I guess that's that.,21
scena/mp0000_ev.dat:0x17ae66,scena/mp0000_ev.dat,*Sigh* You said it...,22
scena/mp0000_ev.dat:0x17ae9a,scena/mp0000_ev.dat,Ehehe. Maybe she was meant to catch it...,42
scena/mp0000_ev.dat:0x17aed4,scena/mp0000_ev.dat,Now then...,12
scena/mp0000_ev.dat:0x17af38,scena/mp0000_ev.dat,That brings the ceremony to a close.,37
scena/mp0000_ev.dat:0x17af71,scena/mp0000_ev.dat,May the two of you find eternal happiness...,45
scena/mp0000_ev.dat:0x17afad,scena/mp0000_ev.dat,"Thank you, Sister.",19
scena/mp0000_ev.dat:0x17afe0,scena/mp0000_ev.dat,Father... Thank you for everything today.,42
scena/mp0000_ev.dat:0x17b028,scena/mp0000_ev.dat,faces great difficulties...,28
scena/mp0000_ev.dat:0x17b044,scena/mp0000_ev.dat,"Right now, the kingdom",23
scena/mp0000_ev.dat:0x17b06b,scena/mp0000_ev.dat,ahead and build a happy household.,35
scena/mp0000_ev.dat:0x17b08e,scena/mp0000_ev.dat,But may you overcome the trials,32
scena/mp0000_ev.dat:0x17b0bd,scena/mp0000_ev.dat,to thank everyone who came.,28
scena/mp0000_ev.dat:0x17b0d9,scena/mp0000_ev.dat,I think that will be the best way,34
scena/mp0000_ev.dat:0x17b17b,scena/mp0000_ev.dat,Obtained ,10
scena/mp0000_ev.dat:0x17b185,scena/mp0000_ev.dat,I-Is that a ring?!,19
scena/mp0000_ev.dat:0x17b1a7,scena/mp0000_ev.dat,That's the last thing I'd expect to find here...,49
scena/mp0000_ev.dat:0x17b236,scena/mp0000_ev.dat,That bird that was just here...,32
scena/mp0000_ev.dat:0x17b265,scena/mp0000_ev.dat,"...Was a crow, wasn't it?",26
scena/mp0000_ev.dat:0x17b2d4,scena/mp0000_ev.dat,"I mean, I'm pretty sure",24
scena/mp0000_ev.dat:0x17b325,scena/mp0000_ev.dat,Is that Armand and Ellie's ring?!,34
scena/mp0000_ev.dat:0x17b347,scena/mp0000_ev.dat,"Wait, you don't think...",25
scena/mp0000_ev.dat:0x17b36f,scena/mp0000_ev.dat,"And no inscriptions, either.",29
scena/mp0000_ev.dat:0x17b38c,scena/mp0000_ev.dat,Plain platinum...,18
scena/mp0000_ev.dat:0x17b3b3,scena/mp0000_ev.dat,"If I had to guess, this is the one.",36
scena/mp0000_ev.dat:0x17b3ea,scena/mp0000_ev.dat,owners to look it over.,24
scena/mp0000_ev.dat:0x17b402,scena/mp0000_ev.dat,But we'd better get the rightful,33
scena/mp0000_ev.dat:0x17b437,scena/mp0000_ev.dat,Roger that!,12
scena/mp0000_ev.dat:0x17b466,scena/mp0000_ev.dat,Is this someone's lost property?,33
scena/mp0000_ev.dat:0x17b497,scena/mp0000_ev.dat,Did someone lose this?,23
scena/mp0000_ev.dat:0x17b4c8,scena/mp0000_ev.dat,it appears to be deeply meaningful.,36
scena/mp0000_ev.dat:0x17b4ec,scena/mp0000_ev.dat,"While this has clearly been misplaced,",39
scena/mp0000_ev.dat:0x17b523,scena/mp0000_ev.dat,Someone's got to be looking for this.,38
scena/mp0000_ev.dat:0x17b564,scena/mp0000_ev.dat,"...Still, this is an odd spot to lose something.",49
scena/mp0000_ev.dat:0x17b5aa,scena/mp0000_ev.dat,up here for picnics.,21
scena/mp0000_ev.dat:0x17b5bf,scena/mp0000_ev.dat,It's not like folks are coming,31
scena/mp0000_ev.dat:0x17b5f3,scena/mp0000_ev.dat,N-No kidding...,16
scena/mp0000_ev.dat:0x17b617,scena/mp0000_ev.dat,"or anything on it, either.",27
scena/mp0000_ev.dat:0x17b632,scena/mp0000_ev.dat,Hm... There isn't an inscription,33
scena/mp0000_ev.dat:0x17b662,scena/mp0000_ev.dat,I wonder who it belongs to...?,31
scena/mp0000_ev.dat:0x17b691,scena/mp0000_ev.dat,"Well, we'd better hold onto it for now.",40
scena/mp0000_ev.dat:0x17b6cd,scena/mp0000_ev.dat,we can ask around town later.,30
scena/mp0000_ev.dat:0x17b6eb,scena/mp0000_ev.dat,"If you're worried that someone's missing it,",45
scena/mp0000_ev.dat:0x17b72c,scena/mp0000_ev.dat,"Yeah, that's a good idea.",26
scena/mp0000_ev.dat:0x17b767,scena/mp0000_ev.dat,Obtained ,10
scena/mp0000_ev.dat:0x17b7b7,scena/mp0000_ev.dat,"Phew, this condensation is something else.",43
scena/mp0000_ev.dat:0x17b7f7,scena/mp0000_ev.dat,else we'll be in big trouble.,30
scena/mp0000_ev.dat:0x17b815,scena/mp0000_ev.dat,Got to stay on top of this or,30
scena/mp0000_ev.dat:0x17b847,scena/mp0000_ev.dat,"Uh, excuse me?",15
scena/mp0000_ev.dat:0x17b86a,scena/mp0000_ev.dat,Could we ask you about something?,34
scena/mp0000_ev.dat:0x17b8ac,scena/mp0000_ev.dat,Huh? What is it?,17
scena/mp0000_ev.dat:0x17b8f4,scena/mp0000_ev.dat,were looking for Ida's light brown cat.,40
scena/mp0000_ev.dat:0x17b91c,scena/mp0000_ev.dat,<C1>Estelle explained that she and the others,46
scena/mp0000_ev.dat:0x17b94a,scena/mp0000_ev.dat,"Oh, I know the one.",20
scena/mp0000_ev.dat:0x17b96d,scena/mp0000_ev.dat,"Yeah, I saw it earlier. Around noon, I'd say.",46
scena/mp0000_ev.dat:0x17b9ba,scena/mp0000_ev.dat,Noon? Really?,14
scena/mp0000_ev.dat:0x17b9d7,scena/mp0000_ev.dat,Noon? Are you certain?,23
scena/mp0000_ev.dat:0x17b9fd,scena/mp0000_ev.dat,"Noon, you say? Curious...",26
scena/mp0000_ev.dat:0x17ba26,scena/mp0000_ev.dat,"Noon, huh? I see...",20
scena/mp0000_ev.dat:0x17ba62,scena/mp0000_ev.dat,with what Ida said before.,27
scena/mp0000_ev.dat:0x17ba7d,scena/mp0000_ev.dat,That lines up completely,25
scena/mp0000_ev.dat:0x17bab1,scena/mp0000_ev.dat,direction that cat went?,25
scena/mp0000_ev.dat:0x17baca,scena/mp0000_ev.dat,Do you happen to know which,28
scena/mp0000_ev.dat:0x17bb3e,scena/mp0000_ev.dat,you where it took off to.,26
scena/mp0000_ev.dat:0x17bb58,scena/mp0000_ev.dat,Beats me. I couldn't tell,26
scena/mp0000_ev.dat:0x17bb86,scena/mp0000_ev.dat,since I ran into it earlier.,29
scena/mp0000_ev.dat:0x17bba3,scena/mp0000_ev.dat,I haven't seen it at all,25
scena/mp0000_ev.dat:0x17bbcf,scena/mp0000_ev.dat,They go wherever they feel like.,33
scena/mp0000_ev.dat:0x17bbf0,scena/mp0000_ev.dat,You know how cats are.,23
scena/mp0000_ev.dat:0x17bc1a,scena/mp0000_ev.dat,That's certainly true.,23
scena/mp0000_ev.dat:0x17bc41,scena/mp0000_ev.dat,don't have any leads. We're stuck.,35
scena/mp0000_ev.dat:0x17bc64,scena/mp0000_ev.dat,"But if that's the case, now we",31
scena/mp0000_ev.dat:0x17bca2,scena/mp0000_ev.dat,should talk to Quint next.,27
scena/mp0000_ev.dat:0x17bcbd,scena/mp0000_ev.dat,"In that case, maybe you guys",29
scena/mp0000_ev.dat:0x17bce9,scena/mp0000_ev.dat,He just headed back into town to grab some dinner.,51
scena/mp0000_ev.dat:0x17bd2b,scena/mp0000_ev.dat,Quint? Who's he?,17
scena/mp0000_ev.dat:0x17bd53,scena/mp0000_ev.dat,He's the helmsman for the Cecilia.,35
scena/mp0000_ev.dat:0x17bd91,scena/mp0000_ev.dat,"I heard him talking about that cat earlier, too.",49
scena/mp0000_ev.dat:0x17bdf8,scena/mp0000_ev.dat,Quint the helmsman. Got it.,28
scena/mp0000_ev.dat:0x17be23,scena/mp0000_ev.dat,Better go find this guy right away.,36
scena/mp0000_ev.dat:0x17be61,scena/mp0000_ev.dat,We should search for him right away.,37
scena/mp0000_ev.dat:0x17bea0,scena/mp0000_ev.dat,search for him immediately.,28
scena/mp0000_ev.dat:0x17bebc,scena/mp0000_ev.dat,I would suggest that we go,27
scena/mp0000_ev.dat:0x17bef1,scena/mp0000_ev.dat,We should go look for him right away.,38
scena/mp0000_ev.dat:0x17bf31,scena/mp0000_ev.dat,Thanks for the tip. We appreciate it.,38
scena/mp0000_ev.dat:0x17bf6a,scena/mp0000_ev.dat,"Hey, don't mention it. Good luck with the hunt!",48
scena/mp0000_ev.dat:0x17c02a,scena/mp0000_ev.dat,"Aaah, now this is what I call relaxing.",40
scena/mp0000_ev.dat:0x17c062,scena/mp0000_ev.dat,"*Sigh* Look who's 'working,' guys.",35
scena/mp0000_ev.dat:0x17c0d4,scena/mp0000_ev.dat,Huh? What's going on?,22
scena/mp0000_ev.dat:0x17c0fd,scena/mp0000_ev.dat,"We've been looking for you, Zosimov.",37
scena/mp0000_ev.dat:0x17c131,scena/mp0000_ev.dat,"hiding all the way over here, huh?",35
scena/mp0000_ev.dat:0x17c154,scena/mp0000_ev.dat,"What the heck are you doing,",29
scena/mp0000_ev.dat:0x17c180,scena/mp0000_ev.dat,"nature. 'Forest bathing,' they call it.",40
scena/mp0000_ev.dat:0x17c1a8,scena/mp0000_ev.dat,What does it look like? I'm taking in some,43
scena/mp0000_ev.dat:0x17c1e6,scena/mp0000_ev.dat,makes you crave some greenery after a while.,45
scena/mp0000_ev.dat:0x17c213,scena/mp0000_ev.dat,"I'm telling you, being stuck on a ship really",46
scena/mp0000_ev.dat:0x17c254,scena/mp0000_ev.dat,places like this and just...be one with the trees.,51
scena/mp0000_ev.dat:0x17c287,scena/mp0000_ev.dat,"So, sometimes, I make a point to come out to",45
scena/mp0000_ev.dat:0x17c2c8,scena/mp0000_ev.dat,"to spend your time, I guess.",29
scena/mp0000_ev.dat:0x17c2e5,scena/mp0000_ev.dat,"Huh. That's, uh, one way",25
scena/mp0000_ev.dat:0x17c313,scena/mp0000_ev.dat,"Well, we found him. That's the important part.",47
scena/mp0000_ev.dat:0x17c382,scena/mp0000_ev.dat,to do so he can get back to his trees.,39
scena/mp0000_ev.dat:0x17c3a9,scena/mp0000_ev.dat,Now let's finish what we came here,35
scena/mp0000_ev.dat:0x17c3db,scena/mp0000_ev.dat,"Oh, right. I almost forgot!",28
scena/mp0000_ev.dat:0x17c43b,scena/mp0000_ev.dat,if you don't mind talking with us.,35
scena/mp0000_ev.dat:0x17c45e,scena/mp0000_ev.dat,"There's something we wanted to ask you,",40
scena/mp0000_ev.dat:0x17c4a1,scena/mp0000_ev.dat,"Sure, what is it?",18
scena/mp0000_ev.dat:0x17c4f8,scena/mp0000_ev.dat,were looking for Ida's light brown cat.,40
scena/mp0000_ev.dat:0x17c520,scena/mp0000_ev.dat,<C1>Estelle explained that she and the others,46
scena/mp0000_ev.dat:0x17c54e,scena/mp0000_ev.dat,"Oooh, searching for somebody's cat, huh?",41
scena/mp0000_ev.dat:0x17c58a,scena/mp0000_ev.dat,one earlier. Is that true?,27
scena/mp0000_ev.dat:0x17c5a5,scena/mp0000_ev.dat,Quint told us that you saw,27
scena/mp0000_ev.dat:0x17c5cf,scena/mp0000_ev.dat,"Oh yeah, definitely. Without a doubt.",38
scena/mp0000_ev.dat:0x17c610,scena/mp0000_ev.dat,ship's hatch earlier today when I saw it.,42
scena/mp0000_ev.dat:0x17c63a,scena/mp0000_ev.dat,I was unloading some cargo at the,34
scena/mp0000_ev.dat:0x17c66b,scena/mp0000_ev.dat,reason. Wouldn't quit whining.,31
scena/mp0000_ev.dat:0x17c68a,scena/mp0000_ev.dat,It was making a big fuss for whatever,38
scena/mp0000_ev.dat:0x17c6c0,scena/mp0000_ev.dat,"Wait a minute, the hatch?",26
scena/mp0000_ev.dat:0x17c6ef,scena/mp0000_ev.dat,You mean the cat was inside the ship?,38
scena/mp0000_ev.dat:0x17c729,scena/mp0000_ev.dat,"hatch usually leads, y'know?",29
scena/mp0000_ev.dat:0x17c746,scena/mp0000_ev.dat,"Well, yeah. That's where the",29
scena/mp0000_ev.dat:0x17c772,scena/mp0000_ev.dat,"something when I say that, though, so I get it.",48
scena/mp0000_ev.dat:0x17c7a2,scena/mp0000_ev.dat,Sometimes people think I'm talking about eggs or,49
scena/mp0000_ev.dat:0x17c7e2,scena/mp0000_ev.dat,I see. So it's inside the ship...,34
scena/mp0000_ev.dat:0x17c823,scena/mp0000_ev.dat,turned up anywhere else.,25
scena/mp0000_ev.dat:0x17c83c,scena/mp0000_ev.dat,No wonder this cat hasn't,26
scena/mp0000_ev.dat:0x17c865,scena/mp0000_ev.dat,So it's inside the airliner...,31
scena/mp0000_ev.dat:0x17c8a3,scena/mp0000_ev.dat,find it anywhere outside.,26
scena/mp0000_ev.dat:0x17c8bd,scena/mp0000_ev.dat,"Haha, no wonder we couldn't",28
scena/mp0000_ev.dat:0x17c8e9,scena/mp0000_ev.dat,Now this I didn't see coming.,30
scena/mp0000_ev.dat:0x17c925,scena/mp0000_ev.dat,we haven't been able to find it.,33
scena/mp0000_ev.dat:0x17c946,scena/mp0000_ev.dat,That would certainly explain why,33
scena/mp0000_ev.dat:0x17c977,scena/mp0000_ev.dat,"inside the ship, of all places.",32
scena/mp0000_ev.dat:0x17c997,scena/mp0000_ev.dat,I never imagined she would be,30
scena/mp0000_ev.dat:0x17c9d2,scena/mp0000_ev.dat,she hasn't turned up until now.,32
scena/mp0000_ev.dat:0x17c9f2,scena/mp0000_ev.dat,That would certainly explain why,33
scena/mp0000_ev.dat:0x17ca57,scena/mp0000_ev.dat,"Haha, what a twist.",20
scena/mp0000_ev.dat:0x17ca7b,scena/mp0000_ev.dat,"Haha, it's quite the turn of events.",37
scena/mp0000_ev.dat:0x17cab0,scena/mp0000_ev.dat,"Or cat chase, as it were.",26
scena/mp0000_ev.dat:0x17caca,scena/mp0000_ev.dat,"Heh, talk about a wild goose chase.",36
scena/mp0000_ev.dat:0x17cafe,scena/mp0000_ev.dat,"Haha, you said it.",19
scena/mp0000_ev.dat:0x17cb3b,scena/mp0000_ev.dat,shouldn't take much longer to solve.,37
scena/mp0000_ev.dat:0x17cb60,scena/mp0000_ev.dat,"Well, at least this case",25
scena/mp0000_ev.dat:0x17cba1,scena/mp0000_ev.dat,All we need is permission to search the ship.,46
scena/mp0000_ev.dat:0x17cbe3,scena/mp0000_ev.dat,"Yep, makes sense to me.",24
scena/mp0000_ev.dat:0x17cc2a,scena/mp0000_ev.dat,"Anyway, thanks for all the help, Zosimov.",42
scena/mp0000_ev.dat:0x17cc63,scena/mp0000_ev.dat,"Uh, yeah, my pleasure.",23
scena/mp0000_ev.dat:0x17cc8d,scena/mp0000_ev.dat,Except...I don't know how to say this...,41
scena/mp0000_ev.dat:0x17cd0a,scena/mp0000_ev.dat,What's the matter?,19
scena/mp0000_ev.dat:0x17cd31,scena/mp0000_ev.dat,You can say it. Go on.,23
scena/mp0000_ev.dat:0x17cd57,scena/mp0000_ev.dat,"on you guys after all that, but...",35
scena/mp0000_ev.dat:0x17cd7a,scena/mp0000_ev.dat,I don't want to pour cold water,32
scena/mp0000_ev.dat:0x17cdad,scena/mp0000_ev.dat,"for a light brown cat, yeah?",29
scena/mp0000_ev.dat:0x17cdca,scena/mp0000_ev.dat,You said you were looking,26
scena/mp0000_ev.dat:0x17ce24,scena/mp0000_ev.dat,"Yeah, that's right, but...",27
scena/mp0000_ev.dat:0x17ce9e,scena/mp0000_ev.dat,"Ack, you already figured it out, did you?",42
scena/mp0000_ev.dat:0x17cedc,scena/mp0000_ev.dat,I just told you guys I saw?,28
scena/mp0000_ev.dat:0x17cef8,scena/mp0000_ev.dat,"Yeah, that's right. That cat",29
scena/mp0000_ev.dat:0x17cf33,scena/mp0000_ev.dat,a tuxedo cat. Black and white.,31
scena/mp0000_ev.dat:0x17cf52,scena/mp0000_ev.dat,It wasn't light brown. It was,30
scena/mp0000_ev.dat:0x17cf80,scena/mp0000_ev.dat,a little bit SOONER?,21
scena/mp0000_ev.dat:0x17cf95,scena/mp0000_ev.dat,You didn't think to tell us this,33
scena/mp0000_ev.dat:0x17cfcd,scena/mp0000_ev.dat,you should've left out.,24
scena/mp0000_ev.dat:0x17cfe5,scena/mp0000_ev.dat,*Sigh* That's not exactly something,36
scena/mp0000_ev.dat:0x17d021,scena/mp0000_ev.dat,Well played indeed.,20
scena/mp0000_ev.dat:0x17d035,scena/mp0000_ev.dat,"Hahaha! Well played, my friend.",32
scena/mp0000_ev.dat:0x17d06d,scena/mp0000_ev.dat,"of fortune, I must say.",24
scena/mp0000_ev.dat:0x17d085,scena/mp0000_ev.dat,This is quite the reversal,27
scena/mp0000_ev.dat:0x17d0b8,scena/mp0000_ev.dat,too awkward to say anything before.,36
scena/mp0000_ev.dat:0x17d0dc,scena/mp0000_ev.dat,I'm so sorry. It was just way,30
scena/mp0000_ev.dat:0x17d10a,scena/mp0000_ev.dat,the hatch. That much is true.,30
scena/mp0000_ev.dat:0x17d128,scena/mp0000_ev.dat,But I really did see a cat inside,34
scena/mp0000_ev.dat:0x17d159,scena/mp0000_ev.dat,Why not take a look around inside anyway?,42
scena/mp0000_ev.dat:0x17d19d,scena/mp0000_ev.dat,I... I guess we should.,24
scena/mp0000_ev.dat:0x17d1c5,scena/mp0000_ev.dat,sure that it isn't Aryll in there.,35
scena/mp0000_ev.dat:0x17d1e8,scena/mp0000_ev.dat,"After all, we don't know for",29
scena/mp0000_ev.dat:0x17d24b,scena/mp0000_ev.dat,"Yeah, exactly!",15
scena/mp0000_ev.dat:0x17d26a,scena/mp0000_ev.dat,"Even if it isn't, it could be one of her friends!",50
scena/mp0000_ev.dat:0x17d2ab,scena/mp0000_ev.dat,have any other leads anyway.,29
scena/mp0000_ev.dat:0x17d2c8,scena/mp0000_ev.dat,Fair enough. It's not like we,30
scena/mp0000_ev.dat:0x17d301,scena/mp0000_ev.dat,on the chin and see what turns up.,35
scena/mp0000_ev.dat:0x17d324,scena/mp0000_ev.dat,We'll just have to take this one,33
scena/mp0000_ev.dat:0x17d354,scena/mp0000_ev.dat,"Agreed. Nothing ventured, nothing gained.",42
scena/mp0000_ev.dat:0x17d398,scena/mp0000_ev.dat,hurt to have a look around.,28
scena/mp0000_ev.dat:0x17d3b4,scena/mp0000_ev.dat,I agree. It certainly can't,28
scena/mp0000_ev.dat:0x17d3eb,scena/mp0000_ev.dat,"Yeah, ain't like we got anything else to do.",45
scena/mp0000_ev.dat:0x17d432,scena/mp0000_ev.dat,O-Okay! Let's go!,18
scena/mp0000_ev.dat:0x17d50d,scena/mp0000_ev.dat,that cat you were looking for?,31
scena/mp0000_ev.dat:0x17d52c,scena/mp0000_ev.dat,Hey there. You guys find,25
scena/mp0000_ev.dat:0x17d554,scena/mp0000_ev.dat,we have a favor we wanted to ask.,34
scena/mp0000_ev.dat:0x17d576,scena/mp0000_ev.dat,"Still trying. Actually,",24
scena/mp0000_ev.dat:0x17d5a1,scena/mp0000_ev.dat,"Hey, what brings you here?",27
scena/mp0000_ev.dat:0x17d5cb,scena/mp0000_ev.dat,I see I'm not the only one working late today.,47
scena/mp0000_ev.dat:0x17d609,scena/mp0000_ev.dat,it goes as a bracer sometimes.,31
scena/mp0000_ev.dat:0x17d628,scena/mp0000_ev.dat,"Yeah, apparently. That's how",29
scena/mp0000_ev.dat:0x17d658,scena/mp0000_ev.dat,It's for one of our jobs.,26
scena/mp0000_ev.dat:0x17d672,scena/mp0000_ev.dat,"Anyway, we have a bit of a favor to ask.",41
scena/mp0000_ev.dat:0x17d6ae,scena/mp0000_ev.dat,"Sure, what do you need?",24
scena/mp0000_ev.dat:0x17d6d5,scena/mp0000_ev.dat,around the airliner for a few moments.,39
scena/mp0000_ev.dat:0x17d6fc,scena/mp0000_ev.dat,We were hoping you could let us search,39
scena/mp0000_ev.dat:0x17d736,scena/mp0000_ev.dat,Wait a minute. Let me get this straight.,41
scena/mp0000_ev.dat:0x17d772,scena/mp0000_ev.dat,you straight into the Cecilia?,31
scena/mp0000_ev.dat:0x17d791,scena/mp0000_ev.dat,You're asking me to just let,29
scena/mp0000_ev.dat:0x17d7bd,scena/mp0000_ev.dat,"Yeah, pretty much.",19
scena/mp0000_ev.dat:0x17d7f4,scena/mp0000_ev.dat,there was potentially a cat trapped inside.,44
scena/mp0000_ev.dat:0x17d820,scena/mp0000_ev.dat,"and what had transpired, as well as the fact that",50
scena/mp0000_ev.dat:0x17d852,scena/mp0000_ev.dat,<C1>Estelle explained the state of their investigation,55
scena/mp0000_ev.dat:0x17d889,scena/mp0000_ev.dat,"you'd want access, in that case.",33
scena/mp0000_ev.dat:0x17d8aa,scena/mp0000_ev.dat,"Ah, now I get it. I can see why",32
scena/mp0000_ev.dat:0x17d8d9,scena/mp0000_ev.dat,the okay to anybody who asks nicely.,37
scena/mp0000_ev.dat:0x17d8fe,scena/mp0000_ev.dat,"Unfortunately, I can't just give",33
scena/mp0000_ev.dat:0x17d92f,scena/mp0000_ev.dat,for asking. Now let's hear it.,31
scena/mp0000_ev.dat:0x17d94e,scena/mp0000_ev.dat,I hope you have a good reason,30
scena/mp0000_ev.dat:0x17d97b,scena/mp0000_ev.dat,"Well, you see...",17
scena/mp0000_ev.dat:0x17d9b0,scena/mp0000_ev.dat,there was potentially a cat trapped inside.,44
scena/mp0000_ev.dat:0x17d9dc,scena/mp0000_ev.dat,"and what had transpired, as well as the fact that",50
scena/mp0000_ev.dat:0x17da0e,scena/mp0000_ev.dat,<C1>Estelle explained the state of their investigation,55
scena/mp0000_ev.dat:0x17da45,scena/mp0000_ev.dat,"Ah, now I get it. That explains a lot.",39
scena/mp0000_ev.dat:0x17da7b,scena/mp0000_ev.dat,permission isn't really mine to give.,38
scena/mp0000_ev.dat:0x17daa1,scena/mp0000_ev.dat,"Unfortunately, that sort of",28
scena/mp0000_ev.dat:0x17dacd,scena/mp0000_ev.dat,but I'm going to have to refuse.,33
scena/mp0000_ev.dat:0x17daee,scena/mp0000_ev.dat,"I hate to tell you this,",25
scena/mp0000_ev.dat:0x17db31,scena/mp0000_ev.dat,even going to think about it?,30
scena/mp0000_ev.dat:0x17db4f,scena/mp0000_ev.dat,That was quick. You're not,27
scena/mp0000_ev.dat:0x17db7d,scena/mp0000_ev.dat,"not allowed, I'm not allowed. End of story.",44
scena/mp0000_ev.dat:0x17dba9,scena/mp0000_ev.dat,I can think about it all I like. But if I'm,44
scena/mp0000_ev.dat:0x17dbe4,scena/mp0000_ev.dat,I'm not going to budge no matter how hard you try.,51
scena/mp0000_ev.dat:0x17dc17,scena/mp0000_ev.dat,You should take your search somewhere else.,44
scena/mp0000_ev.dat:0x17dc53,scena/mp0000_ev.dat,"*Sigh* You heard him, guys.",28
scena/mp0000_ev.dat:0x17dc8a,scena/mp0000_ev.dat,"Alright, fine. I guess it's time for plan B.",45
scena/mp0000_ev.dat:0x17ddde,scena/mp0000_ev.dat,"U-Uh, excuse me? What are you...?",34
scena/mp0000_ev.dat:0x17de2a,scena/mp0000_ev.dat,(M-My word...!),16
scena/mp0000_ev.dat:0x17de49,scena/mp0000_ev.dat,(She just can't help herself...),33
scena/mp0000_ev.dat:0x17de7e,scena/mp0000_ev.dat,"Think about it...long and hard, Fabree.",40
scena/mp0000_ev.dat:0x17deb5,scena/mp0000_ev.dat,"ship, you might be in for some...trouble.",42
scena/mp0000_ev.dat:0x17dedf,scena/mp0000_ev.dat,If there's a little pussycat all alone on that,47
scena/mp0000_ev.dat:0x17df1d,scena/mp0000_ev.dat,"What then, hm?",15
scena/mp0000_ev.dat:0x17df2c,scena/mp0000_ev.dat,What if it makes a mess...all over...the seats?,48
scena/mp0000_ev.dat:0x17df6c,scena/mp0000_ev.dat,N-Now that you mention it...,29
scena/mp0000_ev.dat:0x17dfe4,scena/mp0000_ev.dat,Can't let me what? Don't worry.,32
scena/mp0000_ev.dat:0x17e014,scena/mp0000_ev.dat,Just a few minutes inside. That's all I need.,46
scena/mp0000_ev.dat:0x17e132,scena/mp0000_ev.dat,(There goes Schera using her assets again...),46
scena/mp0000_ev.dat:0x17e181,scena/mp0000_ev.dat,"(AAAAUGH! Aidios, why do you deny me such rapture?!)",53
scena/mp0000_ev.dat:0x17e1d4,scena/mp0000_ev.dat,(*Sigh* Ms. Schera...),23
scena/mp0000_ev.dat:0x17e261,scena/mp0000_ev.dat,"(Well, that's one way to get the job done.)",44
scena/mp0000_ev.dat:0x17e2aa,scena/mp0000_ev.dat,deny the power of seduction.),30
scena/mp0000_ev.dat:0x17e2c8,scena/mp0000_ev.dat,"(Haha, we can no longer",24
scena/mp0000_ev.dat:0x17e306,scena/mp0000_ev.dat,So? Do we have an understanding?,33
scena/mp0000_ev.dat:0x17e336,scena/mp0000_ev.dat,I... I suppose we do.,22
scena/mp0000_ev.dat:0x17e365,scena/mp0000_ev.dat,Do I make myself clear?,24
scena/mp0000_ev.dat:0x17e37d,scena/mp0000_ev.dat,B-But only for a little bit!,29
scena/mp0000_ev.dat:0x17e3ad,scena/mp0000_ev.dat,this under any circumstances. Are we clear?,44
scena/mp0000_ev.dat:0x17e3d9,scena/mp0000_ev.dat,A-And you cannot tell anyone I let you do,42
scena/mp0000_ev.dat:0x17e425,scena/mp0000_ev.dat,"Hehe, my lips are sealed.",26
scena/mp0000_ev.dat:0x17e504,scena/mp0000_ev.dat,...Alright. You're all set.,28
scena/mp0000_ev.dat:0x17e534,scena/mp0000_ev.dat,Now make it quick!,19
scena/mp0000_ev.dat:0x17e614,scena/mp0000_ev.dat,"Alright, that's that taken care of.",36
scena/mp0000_ev.dat:0x17e658,scena/mp0000_ev.dat,main task at hand right away.,30
scena/mp0000_ev.dat:0x17e676,scena/mp0000_ev.dat,We should get back to the,26
scena/mp0000_ev.dat:0x17e6a3,scena/mp0000_ev.dat,on ain't gonna solve itself.,29
scena/mp0000_ev.dat:0x17e6c0,scena/mp0000_ev.dat,"Yeah, this coma stuff goin'",28
scena/mp0000_ev.dat:0x17e6ec,scena/mp0000_ev.dat,"The sooner we get crackin', the better.",40
scena/mp0000_ev.dat:0x17e723,scena/mp0000_ev.dat,out why this fainting is happening.,36
scena/mp0000_ev.dat:0x17e747,scena/mp0000_ev.dat,"Yeah, we still need to figure",30
scena/mp0000_ev.dat:0x17e775,scena/mp0000_ev.dat,"The sooner we're on the case again, the better.",48
scena/mp0000_ev.dat:0x17e7b4,scena/mp0000_ev.dat,investigating this coma mystery?,33
scena/mp0000_ev.dat:0x17e7d5,scena/mp0000_ev.dat,I presume you mean,19
scena/mp0000_ev.dat:0x17e7f8,scena/mp0000_ev.dat,"Yes, the sooner we resume it, the better, I say.",49
scena/mp0000_ev.dat:0x17e838,scena/mp0000_ev.dat,mystery that we need to solve.,31
scena/mp0000_ev.dat:0x17e857,scena/mp0000_ev.dat,"Yes, there's still the coma",28
scena/mp0000_ev.dat:0x17e883,scena/mp0000_ev.dat,We should find more people to ask about it.,44
scena/mp0000_ev.dat:0x17e8be,scena/mp0000_ev.dat,Works for me!,14
scena/mp0000_ev.dat:0x17e902,scena/mp0000_ev.dat,Hmm... Is my meal still not ready yet?,39
scena/mp0000_ev.dat:0x17e939,scena/mp0000_ev.dat,No wonder the chef's having trouble.,37
scena/mp0000_ev.dat:0x17e95e,scena/mp0000_ev.dat,"It is an old recipe, though.",29
scena/mp0000_ev.dat:0x17e98b,scena/mp0000_ev.dat,"Hey, Mr. Lao! Mind if I ask you something?",43
scena/mp0000_ev.dat:0x17e9d2,scena/mp0000_ev.dat,"Well, if it isn't Cassius Bright's daughter.",45
scena/mp0000_ev.dat:0x17ea13,scena/mp0000_ev.dat,Is there something I can help you with?,40
scena/mp0000_ev.dat:0x17ea4e,scena/mp0000_ev.dat,you asked Densel to make for you.,34
scena/mp0000_ev.dat:0x17ea70,scena/mp0000_ev.dat,<P2>Sure is. I came to ask about the dish,42
scena/mp0000_ev.dat:0x17eab4,scena/mp0000_ev.dat,"Oh... A dish, you say?",23
scena/mp0000_ev.dat:0x17eadf,scena/mp0000_ev.dat,Could you mean the stew I had a dream about?,45
scena/mp0000_ev.dat:0x17eb1f,scena/mp0000_ev.dat,"Yes, that's the one.",21
scena/mp0000_ev.dat:0x17eb43,scena/mp0000_ev.dat,"The truth is, Mr. Densel has asked us to help...",49
scena/mp0000_ev.dat:0x17ebaa,scena/mp0000_ev.dat,the recipe at Densel's request.,32
scena/mp0000_ev.dat:0x17ebca,scena/mp0000_ev.dat,<C1>They explained how they were researching,45
scena/mp0000_ev.dat:0x17ebf7,scena/mp0000_ev.dat,"looking into it for me, huh?",29
scena/mp0000_ev.dat:0x17ec14,scena/mp0000_ev.dat,"Oh, so you're the ones",23
scena/mp0000_ev.dat:0x17ec3a,scena/mp0000_ev.dat,Hoho! Seems I've got some fine help on my side.,48
scena/mp0000_ev.dat:0x17ec7a,scena/mp0000_ev.dat,"Don't let this old timer down, you hear?",41
scena/mp0000_ev.dat:0x17ecc1,scena/mp0000_ev.dat,<P2>We won't. Leave it to us!,30
scena/mp0000_ev.dat:0x17ecfc,scena/mp0000_ev.dat,on the details of the dish?,28
scena/mp0000_ev.dat:0x17ed18,scena/mp0000_ev.dat,"Cutting to the chase, could you fill us in",43
scena/mp0000_ev.dat:0x17ed52,scena/mp0000_ev.dat,where you tried it... Anything you can remember.,49
scena/mp0000_ev.dat:0x17ed83,scena/mp0000_ev.dat,"The ingredients, the seasoning,",32
scena/mp0000_ev.dat:0x17edd1,scena/mp0000_ev.dat,"Hmm... Alright, listen closely.",32
scena/mp0000_ev.dat:0x17ee01,scena/mp0000_ev.dat,"Well, as you already know, the dish is a kind of stew.",55
scena/mp0000_ev.dat:0x17ee5a,scena/mp0000_ev.dat,the main seasoning was...black pepper.,39
scena/mp0000_ev.dat:0x17ee81,scena/mp0000_ev.dat,"If memory serves, I believe",28
scena/mp0000_ev.dat:0x17eead,scena/mp0000_ev.dat,quite easy on the stomach.,27
scena/mp0000_ev.dat:0x17eec8,scena/mp0000_ev.dat,"It had a nice kick to it, but was",34
scena/mp0000_ev.dat:0x17ef1f,scena/mp0000_ev.dat,Got it... Black pepper...nice kick...,38
scena/mp0000_ev.dat:0x17ef54,scena/mp0000_ev.dat,Um... Go on?,13
scena/mp0000_ev.dat:0x17ef70,scena/mp0000_ev.dat,Or sometimes white fish.,25
scena/mp0000_ev.dat:0x17ef89,scena/mp0000_ev.dat,"Well, the main ingredient was meat...",38
scena/mp0000_ev.dat:0x17efbf,scena/mp0000_ev.dat,"Eh, I like meat more. Let's just go with that.",47
scena/mp0000_ev.dat:0x17effd,scena/mp0000_ev.dat,Now that was mighty fine eatin'.,33
scena/mp0000_ev.dat:0x17f01e,scena/mp0000_ev.dat,Picking the bones clean...,27
scena/mp0000_ev.dat:0x17f049,scena/mp0000_ev.dat,"kind of herbs in there, too.",29
scena/mp0000_ev.dat:0x17f066,scena/mp0000_ev.dat,I recall there were some,25
scena/mp0000_ev.dat:0x17f09f,scena/mp0000_ev.dat,"for the life of me, though.",28
scena/mp0000_ev.dat:0x17f0bb,scena/mp0000_ev.dat,Can't remember what they were,30
scena/mp0000_ev.dat:0x17f0e9,scena/mp0000_ev.dat,but I can't describe it.,25
scena/mp0000_ev.dat:0x17f102,scena/mp0000_ev.dat,"I can remember the smell,",26
scena/mp0000_ev.dat:0x17f135,scena/mp0000_ev.dat,"Oh, curse this old memory of mine...",37
scena/mp0000_ev.dat:0x17f177,scena/mp0000_ev.dat,but you prefer bone-in meat.,29
scena/mp0000_ev.dat:0x17f194,scena/mp0000_ev.dat,"Sooo...the main ingredient could be meat or fish,",50
scena/mp0000_ev.dat:0x17f1d5,scena/mp0000_ev.dat,but you're not sure what kind.,31
scena/mp0000_ev.dat:0x17f1f4,scena/mp0000_ev.dat,"And the dish contains some herbs,",34
scena/mp0000_ev.dat:0x17f226,scena/mp0000_ev.dat,<P1>Does that about sum it up?,31
scena/mp0000_ev.dat:0x17f265,scena/mp0000_ev.dat,I think we've got a much better idea now.,42
scena/mp0000_ev.dat:0x17f2a3,scena/mp0000_ev.dat,Yeah. Should be enough to get the ball rollin'.,48
scena/mp0000_ev.dat:0x17f2e7,scena/mp0000_ev.dat,"Yeah, this should be enough for us to go on.",45
scena/mp0000_ev.dat:0x17f328,scena/mp0000_ev.dat,have no trouble getting to the bottom of all this.,51
scena/mp0000_ev.dat:0x17f35b,scena/mp0000_ev.dat,"Indeed, armed with this knowledge, we should",45
scena/mp0000_ev.dat:0x17f39c,scena/mp0000_ev.dat,we ought to be able to ask around.,35
scena/mp0000_ev.dat:0x17f3bf,scena/mp0000_ev.dat,"With this much information on the ingredients,",47
scena/mp0000_ev.dat:0x17f411,scena/mp0000_ev.dat,to get you started.,20
scena/mp0000_ev.dat:0x17f425,scena/mp0000_ev.dat,"Well, hopefully that'll be enough",34
scena/mp0000_ev.dat:0x17f456,scena/mp0000_ev.dat,"Yeah, this should be plenty.",29
scena/mp0000_ev.dat:0x17f488,scena/mp0000_ev.dat,I'm counting on you. Best of luck!,35
scena/mp0000_ev.dat:0x17f4ba,scena/mp0000_ev.dat,I can't wait to see what you dig up on this recipe.,52
scena/mp0000_ev.dat:0x17f569,scena/mp0000_ev.dat,I see...,9
scena/mp0000_ev.dat:0x17f582,scena/mp0000_ev.dat,"the original recipe, huh.",26
scena/mp0000_ev.dat:0x17f59c,scena/mp0000_ev.dat,So you weren't able to find,28
scena/mp0000_ev.dat:0x17f5c7,scena/mp0000_ev.dat,"Unfortunately, no.",19
scena/mp0000_ev.dat:0x17f5e9,scena/mp0000_ev.dat,We asked a whole bunch people...,33
scena/mp0000_ev.dat:0x17f61a,scena/mp0000_ev.dat,anyone who knew it.,20
scena/mp0000_ev.dat:0x17f62e,scena/mp0000_ev.dat,"But in the end, we couldn't find",33
scena/mp0000_ev.dat:0x17f65e,scena/mp0000_ev.dat,request on my part.,20
scena/mp0000_ev.dat:0x17f672,scena/mp0000_ev.dat,"<P1>No, no. It was an unreasonable",35
scena/mp0000_ev.dat:0x17f6b5,scena/mp0000_ev.dat,<P1>No need to fuss over it.,29
scena/mp0000_ev.dat:0x17f6e1,scena/mp0000_ev.dat,I'll never experience that flavor again...,43
scena/mp0000_ev.dat:0x17f70c,scena/mp0000_ev.dat,"<P1>Well, it does bring me down a little, knowing that",55
scena/mp0000_ev.dat:0x17f752,scena/mp0000_ev.dat,"Hold on, my friend...",22
scena/mp0000_ev.dat:0x17f780,scena/mp0000_ev.dat,It's still too early to give up hope!,38
scena/mp0000_ev.dat:0x17f7f0,scena/mp0000_ev.dat,will be close to the real deal.,32
scena/mp0000_ev.dat:0x17f810,scena/mp0000_ev.dat,I'm confident that the dish I've created,41
scena/mp0000_ev.dat:0x17f848,scena/mp0000_ev.dat,me still has plenty of nostalgia in its flavor.,48
scena/mp0000_ev.dat:0x17f878,scena/mp0000_ev.dat,The recipe that Estelle and her team brought,45
scena/mp0000_ev.dat:0x17f8c5,scena/mp0000_ev.dat,the food will get cold.,24
scena/mp0000_ev.dat:0x17f8dd,scena/mp0000_ev.dat,"Come on, if you keep talking,",30
scena/mp0000_ev.dat:0x17f91a,scena/mp0000_ev.dat,"Haha, that's right.",20
scena/mp0000_ev.dat:0x17f93e,scena/mp0000_ev.dat,Dig in while it's hot!,23
scena/mp0000_ev.dat:0x17f955,scena/mp0000_ev.dat,We went to all this trouble to make it.,40
scena/mp0000_ev.dat:0x17f998,scena/mp0000_ev.dat,"Seriously. Think about everyone else here, too.",48
scena/mp0000_ev.dat:0x17f9d7,scena/mp0000_ev.dat, I've really had to hold myself back.,38
scena/mp0000_ev.dat:0x17f9fd,scena/mp0000_ev.dat,The smell's been driving me crazy this whole time.,51
scena/mp0000_ev.dat:0x17fa51,scena/mp0000_ev.dat,Hehe... I-I'm feeling pretty hungry now.,41
scena/mp0000_ev.dat:0x17fa8a,scena/mp0000_ev.dat,"Yeah, that smells damn good.",29
scena/mp0000_ev.dat:0x17fab7,scena/mp0000_ev.dat,Tch... This is startin' to get on my nerves.,45
scena/mp0000_ev.dat:0x17faf3,scena/mp0000_ev.dat,Uh-oh. Someone's hangry...,27
scena/mp0000_ev.dat:0x17fb1e,scena/mp0000_ev.dat,"Haha, I could go for a little snack.",37
scena/mp0000_ev.dat:0x17fb53,scena/mp0000_ev.dat,snack' is never little...,26
scena/mp0000_ev.dat:0x17fb6d,scena/mp0000_ev.dat,"Z-Zin, your idea of a 'little",30
scena/mp0000_ev.dat:0x17fb9a,scena/mp0000_ev.dat,"Oh, how that aroma whets my appetite!",38
scena/mp0000_ev.dat:0x17fbd0,scena/mp0000_ev.dat,worthy to be paired with this dish...,38
scena/mp0000_ev.dat:0x17fbf6,scena/mp0000_ev.dat,What I wouldn't do for a wine,30
scena/mp0000_ev.dat:0x17fc23,scena/mp0000_ev.dat,for a full-course meal...,26
scena/mp0000_ev.dat:0x17fc3d,scena/mp0000_ev.dat,Sounds like you're preparing,29
scena/mp0000_ev.dat:0x17fc6a,scena/mp0000_ev.dat,Seems I got swept up in the conversation.,42
scena/mp0000_ev.dat:0x17fc94,scena/mp0000_ev.dat,"<P1>Hah, my apologies.",23
scena/mp0000_ev.dat:0x17fcbb,scena/mp0000_ev.dat,Alright... I'll dig right in.,30
scena/mp0000_ev.dat:0x17fd76,scena/mp0000_ev.dat,*Munch* *Munch*,16
scena/mp0000_ev.dat:0x17fdb5,scena/mp0000_ev.dat,(...The suspense is killing me.),33
scena/mp0000_ev.dat:0x17fe45,scena/mp0000_ev.dat,H-How did you arrive at this flavor?,37
scena/mp0000_ev.dat:0x17fe7b,scena/mp0000_ev.dat,Wh-What's wrong...?,20
scena/mp0000_ev.dat:0x17fea3,scena/mp0000_ev.dat,This... This is it!,20
scena/mp0000_ev.dat:0x17fec7,scena/mp0000_ev.dat,This is the stew I ate in my dream!,36
scena/mp0000_ev.dat:0x17ff32,scena/mp0000_ev.dat,Oh my...,9
scena/mp0000_ev.dat:0x17ff7c,scena/mp0000_ev.dat,Ya don't say...,16
scena/mp0000_ev.dat:0x17ff9c,scena/mp0000_ev.dat,Oh my...,9
scena/mp0000_ev.dat:0x17ffb5,scena/mp0000_ev.dat,"Well, well...",14
scena/mp0000_ev.dat:0x17ffd3,scena/mp0000_ev.dat,<P1>Y-You serious?!,20
scena/mp0000_ev.dat:0x17fff7,scena/mp0000_ev.dat,"Y-Yes, no doubt about it...",28
scena/mp0000_ev.dat:0x180028,scena/mp0000_ev.dat,longing for. One and the same!,31
scena/mp0000_ev.dat:0x180047,scena/mp0000_ev.dat,It's the nostalgic taste I've been,35
scena/mp0000_ev.dat:0x18007e,scena/mp0000_ev.dat,This is exactly what I've been craving!,40
scena/mp0000_ev.dat:0x1800cb,scena/mp0000_ev.dat,"Wow, that's amazing, Mr. Densel!",33
scena/mp0000_ev.dat:0x1800fc,scena/mp0000_ev.dat,out of a dream... Crazy!,25
scena/mp0000_ev.dat:0x180115,scena/mp0000_ev.dat,You cooked up a dish straight,30
scena/mp0000_ev.dat:0x180173,scena/mp0000_ev.dat,"I could pull it off, but...",28
scena/mp0000_ev.dat:0x18018f,scena/mp0000_ev.dat,"A-Ah, well... I was kinda confident",36
scena/mp0000_ev.dat:0x1801c3,scena/mp0000_ev.dat,"Honestly, I didn't think it'd be THIS good.",44
scena/mp0000_ev.dat:0x180209,scena/mp0000_ev.dat,"Come now, don't be modest.",27
scena/mp0000_ev.dat:0x180233,scena/mp0000_ev.dat,what I'd been searching for.,29
scena/mp0000_ev.dat:0x180250,scena/mp0000_ev.dat,Your cooking was flawless. This is exactly,43
scena/mp0000_ev.dat:0x180297,scena/mp0000_ev.dat,*Sigh* It really takes me back...,34
scena/mp0000_ev.dat:0x1802c8,scena/mp0000_ev.dat,To those youthful days of mine that have slipped away...,57
scena/mp0000_ev.dat:0x180310,scena/mp0000_ev.dat,really good at making this dish...,35
scena/mp0000_ev.dat:0x180333,scena/mp0000_ev.dat,The girl I had a crush on was,30
scena/mp0000_ev.dat:0x180361,scena/mp0000_ev.dat,I cried something fierce...,28
scena/mp0000_ev.dat:0x18037d,scena/mp0000_ev.dat,"When she got married,",22
scena/mp0000_ev.dat:0x1803a3,scena/mp0000_ev.dat,some dramatic memories.,24
scena/mp0000_ev.dat:0x1803bb,scena/mp0000_ev.dat,W-Wow... This stew sure triggers,33
scena/mp0000_ev.dat:0x1803f4,scena/mp0000_ev.dat,Seriously? I had no idea.,26
scena/mp0000_ev.dat:0x180426,scena/mp0000_ev.dat,back in the day?,17
scena/mp0000_ev.dat:0x180437,scena/mp0000_ev.dat,So you were a pretty passionate guy,36
scena/mp0000_ev.dat:0x180474,scena/mp0000_ev.dat,Heh. That's what being young is all about.,43
scena/mp0000_ev.dat:0x1804b8,scena/mp0000_ev.dat,<P2>What it's all about...? How right you are!,47
scena/mp0000_ev.dat:0x180507,scena/mp0000_ev.dat,<P2>Things just aren't what they used to be anymore.,53
scena/mp0000_ev.dat:0x18054c,scena/mp0000_ev.dat,as wrinkled as a dried apricot.,32
scena/mp0000_ev.dat:0x18056c,scena/mp0000_ev.dat,<P2>My angelic crush has become,32
scena/mp0000_ev.dat:0x18059b,scena/mp0000_ev.dat,Old Woman's Voice,18
scena/mp0000_ev.dat:0x1805ad,scena/mp0000_ev.dat,...Who's as wrinkled as a dried apricot?,41
scena/mp0000_ev.dat:0x1805f8,scena/mp0000_ev.dat,Wh-Who said that...,20
scena/mp0000_ev.dat:0x18065c,scena/mp0000_ev.dat,"In front of all these people, no less.",39
scena/mp0000_ev.dat:0x180683,scena/mp0000_ev.dat,The audacity to badmouth a lady...,35
scena/mp0000_ev.dat:0x1806b6,scena/mp0000_ev.dat,You've always been such a grump!,33
scena/mp0000_ev.dat:0x180701,scena/mp0000_ev.dat,It was just a figure of speech...,34
scena/mp0000_ev.dat:0x180723,scena/mp0000_ev.dat,"N-No, you got it wrong.",24
scena/mp0000_ev.dat:0x18074b,scena/mp0000_ev.dat,It's rare for you to pay us a visit.,37
scena/mp0000_ev.dat:0x180770,scena/mp0000_ev.dat,"What happened, Ms. Bloom?",26
scena/mp0000_ev.dat:0x180799,scena/mp0000_ev.dat,"Yeah, we haven't seen you in so long.",38
scena/mp0000_ev.dat:0x1807eb,scena/mp0000_ev.dat,"a little while ago, you see.",29
scena/mp0000_ev.dat:0x180808,scena/mp0000_ev.dat,These folks came to ask about my recipe,40
scena/mp0000_ev.dat:0x180840,scena/mp0000_ev.dat,so I came to check on things.,30
scena/mp0000_ev.dat:0x18085e,scena/mp0000_ev.dat,"It piqued my curiosity,",24
scena/mp0000_ev.dat:0x180893,scena/mp0000_ev.dat,Wait... Your recipe...?,24
scena/mp0000_ev.dat:0x1808ba,scena/mp0000_ev.dat,Yes. It's a recipe passed down in my family.,45
scena/mp0000_ev.dat:0x180901,scena/mp0000_ev.dat,when I was a young girl.,25
scena/mp0000_ev.dat:0x18091a,scena/mp0000_ev.dat,This stew was my show-off dish,31
scena/mp0000_ev.dat:0x180948,scena/mp0000_ev.dat,"I often used to make it for Lao, too.",38
scena/mp0000_ev.dat:0x1809b1,scena/mp0000_ev.dat,<P2>Hold on...,15
scena/mp0000_ev.dat:0x1809d0,scena/mp0000_ev.dat,So the girl he had a crush on was...,37
scena/mp0000_ev.dat:0x180a19,scena/mp0000_ev.dat,"Ah, um...",10
scena/mp0000_ev.dat:0x180a37,scena/mp0000_ev.dat,*Sigh* The passage of time can be cruel...,43
scena/mp0000_ev.dat:0x180a75,scena/mp0000_ev.dat,...Huh? What's that?,21
scena/mp0000_ev.dat:0x180aaa,scena/mp0000_ev.dat,"U-Umm, nothing...",18
scena/mp0000_ev.dat:0x180b00,scena/mp0000_ev.dat,"<P1>Well, in any case...",25
scena/mp0000_ev.dat:0x180b35,scena/mp0000_ev.dat,my old dish once again.,24
scena/mp0000_ev.dat:0x180b4d,scena/mp0000_ev.dat,I'm happy to see you enjoying,30
scena/mp0000_ev.dat:0x180b7a,scena/mp0000_ev.dat,"a pot of it, for old times' sake.",34
scena/mp0000_ev.dat:0x180b9c,scena/mp0000_ev.dat,"Seeing as I'm here, I might as well whip up",44
scena/mp0000_ev.dat:0x180bd8,scena/mp0000_ev.dat,traditional goodness before you leave.,39
scena/mp0000_ev.dat:0x180bff,scena/mp0000_ev.dat,You kids should give it a try and savor a little,49
scena/mp0000_ev.dat:0x180c68,scena/mp0000_ev.dat,"Yes, I'd sure appreciate that.",31
scena/mp0000_ev.dat:0x180c97,scena/mp0000_ev.dat,"behind this dish, too.",23
scena/mp0000_ev.dat:0x180cae,scena/mp0000_ev.dat,I'd like to master the techniques,34
scena/mp0000_ev.dat:0x180cdf,scena/mp0000_ev.dat,kitchen for a short while.,27
scena/mp0000_ev.dat:0x180cfa,scena/mp0000_ev.dat,"Well then, I'll be borrowing your",34
scena/mp0000_ev.dat:0x180d2f,scena/mp0000_ev.dat,<C1>Obtained Spiced Stew recipe.,33
scena/mp0000_ev.dat:0x180d8c,scena/mp0000_ev.dat,"Goddess, I beg you...",22
scena/mp0000_ev.dat:0x180db2,scena/mp0000_ev.dat,Help me get closer to that beautiful lady...,45
scena/mp0000_ev.dat:0x180e4a,scena/mp0000_ev.dat,"So, uh, whatcha up to there?",29
scena/mp0000_ev.dat:0x180ee6,scena/mp0000_ev.dat,...Ohhh. Can it be?!,21
scena/mp0000_ev.dat:0x180f16,scena/mp0000_ev.dat,"You guys... You're from the guild, right?",42
scena/mp0000_ev.dat:0x180f5c,scena/mp0000_ev.dat," wait, aren't you...?",22
scena/mp0000_ev.dat:0x180fbd,scena/mp0000_ev.dat,absolutely plastered and lost his wallet.,42
scena/mp0000_ev.dat:0x180fe7,scena/mp0000_ev.dat,"Oh, you're that one guy who got",32
scena/mp0000_ev.dat:0x181016,scena/mp0000_ev.dat,"By fate's peculiar design, we meet again.",42
scena/mp0000_ev.dat:0x181050,scena/mp0000_ev.dat,"Anton, right? The sigh master supreme.",39
scena/mp0000_ev.dat:0x18108b,scena/mp0000_ev.dat,S-Supreme? I don't know about that...,38
scena/mp0000_ev.dat:0x1810c9,scena/mp0000_ev.dat,"Anton, right? The sigh master supreme.",39
scena/mp0000_ev.dat:0x181107,scena/mp0000_ev.dat,S-Supreme? I don't know about that...,38
scena/mp0000_ev.dat:0x181176,scena/mp0000_ev.dat,saved me when I lost my wallet in Grancel!,43
scena/mp0000_ev.dat:0x1811a1,scena/mp0000_ev.dat,You... You guys are the ones who,33
scena/mp0000_ev.dat:0x1811d6,scena/mp0000_ev.dat,Even though it was empty of mira...,36
scena/mp0000_ev.dat:0x1811fa,scena/mp0000_ev.dat,I can't thank you enough for finding it.,41
scena/mp0000_ev.dat:0x181238,scena/mp0000_ev.dat,but okay...,12
scena/mp0000_ev.dat:0x181244,scena/mp0000_ev.dat,"I'm not sure if the emptiness is relevant,",43
scena/mp0000_ev.dat:0x181287,scena/mp0000_ev.dat,but I have a request. An urgent one.,37
scena/mp0000_ev.dat:0x1812ac,scena/mp0000_ev.dat,"So sorry to spring this on you,",32
scena/mp0000_ev.dat:0x1812e0,scena/mp0000_ev.dat,That's right.,14
scena/mp0000_ev.dat:0x181306,scena/mp0000_ev.dat,We saw the bulletin board. I take it you're Anton?,51
scena/mp0000_ev.dat:0x181350,scena/mp0000_ev.dat,"Yup, Anton from Grancel. Nice to meet you.",43
scena/mp0000_ev.dat:0x18138b,scena/mp0000_ev.dat,but I have a request. An urgent one.,37
scena/mp0000_ev.dat:0x1813b0,scena/mp0000_ev.dat,"So sorry to spring this on you,",32
scena/mp0000_ev.dat:0x1813df,scena/mp0000_ev.dat,"Well, can you spare the time?",30
scena/mp0000_ev.dat:0x1813fd,scena/mp0000_ev.dat,"It's nothing complicated, trust me.",36
scena/mp0000_ev.dat:0x1814a6,scena/mp0000_ev.dat,those bracers from before?,27
scena/mp0000_ev.dat:0x1814c1,scena/mp0000_ev.dat,Wait a minute... Are you guys,30
scena/mp0000_ev.dat:0x1814ff,scena/mp0000_ev.dat,G-Guilty as charged.,21
scena/mp0000_ev.dat:0x181529,scena/mp0000_ev.dat,"So, you remembered a poor citizen in need.",43
scena/mp0000_ev.dat:0x181569,scena/mp0000_ev.dat,request of a man mired in misfortune?,38
scena/mp0000_ev.dat:0x18158f,scena/mp0000_ev.dat,Are you ready to hear out the dire,35
scena/mp0000_ev.dat:0x1815c6,scena/mp0000_ev.dat,"Oh, uh, real sorry.",20
scena/mp0000_ev.dat:0x1815f0,scena/mp0000_ev.dat,But we're fully booked right now.,34
scena/mp0000_ev.dat:0x18165d,scena/mp0000_ev.dat,Gah. I knew you wouldn't be up for it.,39
scena/mp0000_ev.dat:0x181694,scena/mp0000_ev.dat,anyone's turned an ear to my troubles.,39
scena/mp0000_ev.dat:0x1816bb,scena/mp0000_ev.dat,I can't remember the last time,31
scena/mp0000_ev.dat:0x1816ee,scena/mp0000_ev.dat,"No one ever has, and no one ever will.",39
scena/mp0000_ev.dat:0x181751,scena/mp0000_ev.dat,Talk about laying it on thick...,33
scena/mp0000_ev.dat:0x181797,scena/mp0000_ev.dat,we wouldn't help you out.,26
scena/mp0000_ev.dat:0x1817b1,scena/mp0000_ev.dat,"To clarify, we didn't say",26
scena/mp0000_ev.dat:0x1817f5,scena/mp0000_ev.dat, promise.,10
scena/mp0000_ev.dat:0x1817ff,scena/mp0000_ev.dat,We're just strapped for time right now.,40
scena/mp0000_ev.dat:0x18184b,scena/mp0000_ev.dat,So you say. So they all say...,31
scena/mp0000_ev.dat:0x18187a,scena/mp0000_ev.dat,Fine. I'll wait. With minimal expectations.,44
scena/mp0000_ev.dat:0x1818c9,scena/mp0000_ev.dat,Real sorry. We're still pretty swamped.,40
scena/mp0000_ev.dat:0x181909,scena/mp0000_ev.dat,Ah. So that's how it is.,25
scena/mp0000_ev.dat:0x181937,scena/mp0000_ev.dat,You're just like the rest of them.,35
scena/mp0000_ev.dat:0x18197f,scena/mp0000_ev.dat,"Again with the melodrama, huh?",31
scena/mp0000_ev.dat:0x1819b5,scena/mp0000_ev.dat,But I promise we'll be back.,29
scena/mp0000_ev.dat:0x1819d2,scena/mp0000_ev.dat,"Listen, the bracer life can get busy.",38
scena/mp0000_ev.dat:0x181a0f,scena/mp0000_ev.dat,Fine. I'll wait. With minimal expectations.,44
scena/mp0000_ev.dat:0x181a60,scena/mp0000_ev.dat,You can count on us.,21
scena/mp0000_ev.dat:0x181a84,scena/mp0000_ev.dat,"So, what's the problem?",24
scena/mp0000_ev.dat:0x181b19,scena/mp0000_ev.dat,"So, you'll really help me out with this?!",42
scena/mp0000_ev.dat:0x181b63,scena/mp0000_ev.dat,"I just said we would, yeah.",28
scena/mp0000_ev.dat:0x181b92,scena/mp0000_ev.dat,"So, what's the problem?",24
scena/mp0000_ev.dat:0x181bce,scena/mp0000_ev.dat,"Well, the thing is...",22
scena/mp0000_ev.dat:0x181bf4,scena/mp0000_ev.dat,for a very specific elixir.,28
scena/mp0000_ev.dat:0x181c10,scena/mp0000_ev.dat,I need help finding ingredients,32
scena/mp0000_ev.dat:0x181c5e,scena/mp0000_ev.dat,I've got a handy dandy list somewhere... Ah.,45
scena/mp0000_ev.dat:0x181d36,scena/mp0000_ev.dat,Pearlglass x1,14
scena/mp0000_ev.dat:0x181d44,scena/mp0000_ev.dat,Monster Powder x5,18
scena/mp0000_ev.dat:0x181d56,scena/mp0000_ev.dat,Monster Seed x5,16
scena/mp0000_ev.dat:0x181d66,scena/mp0000_ev.dat,<C1>Monster Shell x5,21
scena/mp0000_ev.dat:0x181d7b,scena/mp0000_ev.dat,Pretty standard stuff...,25
scena/mp0000_ev.dat:0x181d94,scena/mp0000_ev.dat,"The monster items, okay.",25
scena/mp0000_ev.dat:0x181dbd,scena/mp0000_ev.dat,"That's a type of fish, right?",30
scena/mp0000_ev.dat:0x181df0,scena/mp0000_ev.dat, 'Pearlglass.',15
scena/mp0000_ev.dat:0x181e0e,scena/mp0000_ev.dat,"Yes, a freshwater species.",27
scena/mp0000_ev.dat:0x181e63,scena/mp0000_ev.dat,"to make the elixir, apparently.",32
scena/mp0000_ev.dat:0x181e83,scena/mp0000_ev.dat,The liver of which is required,31
scena/mp0000_ev.dat:0x181eb6,scena/mp0000_ev.dat,with an abundance of plant life.,33
scena/mp0000_ev.dat:0x181ed7,scena/mp0000_ev.dat,It thrives in ponds and rivers,31
scena/mp0000_ev.dat:0x181f0a,scena/mp0000_ev.dat,Lots of...aquatic plants... Got it.,36
scena/mp0000_ev.dat:0x181f48,scena/mp0000_ev.dat,Okay. All logged in my notebook.,33
scena/mp0000_ev.dat:0x181f88,scena/mp0000_ev.dat,from a previous fishing session.),34
scena/mp0000_ev.dat:0x181faa,scena/mp0000_ev.dat,"(Pearlglass, huh? I might have one",35
scena/mp0000_ev.dat:0x181fee,scena/mp0000_ev.dat,(This would be a good time to take inventory.),47
scena/mp0000_ev.dat:0x18204e,scena/mp0000_ev.dat,All good on the explanation? Perfect.,38
scena/mp0000_ev.dat:0x182092,scena/mp0000_ev.dat,"Happy hunting, then!",21
scena/mp0000_ev.dat:0x182105,scena/mp0000_ev.dat,"Wait, that's all you're giving us?",35
scena/mp0000_ev.dat:0x182137,scena/mp0000_ev.dat,There has to be.,17
scena/mp0000_ev.dat:0x182148,scena/mp0000_ev.dat,Surely there's more to this story.,35
scena/mp0000_ev.dat:0x18217a,scena/mp0000_ev.dat,I gave you all you need to get cracking.,41
scena/mp0000_ev.dat:0x1821a3,scena/mp0000_ev.dat,Does there? I'm pretty sure,28
scena/mp0000_ev.dat:0x1821d6,scena/mp0000_ev.dat,"Well, you said this is for an elixir.",38
scena/mp0000_ev.dat:0x18221a,scena/mp0000_ev.dat,And what for?,14
scena/mp0000_ev.dat:0x182228,scena/mp0000_ev.dat,Is it too much to ask what kind?,33
scena/mp0000_ev.dat:0x182258,scena/mp0000_ev.dat,"...Unless, that is, you're hiding something.",45
scena/mp0000_ev.dat:0x182294,scena/mp0000_ev.dat,D-Do I really have to tell you all that?,41
scena/mp0000_ev.dat:0x1822fb,scena/mp0000_ev.dat,of aiding and abetting crimes.,31
scena/mp0000_ev.dat:0x18231a,scena/mp0000_ev.dat,"Listen, buddy. Bracers aren't fond",35
scena/mp0000_ev.dat:0x18234d,scena/mp0000_ev.dat,elixirs can be lethal.,23
scena/mp0000_ev.dat:0x182364,scena/mp0000_ev.dat,"And depending on how you use 'em,",34
scena/mp0000_ev.dat:0x182395,scena/mp0000_ev.dat,the benefit of the doubt.,26
scena/mp0000_ev.dat:0x1823af,scena/mp0000_ev.dat,Believe us. We'd like to give you,34
scena/mp0000_ev.dat:0x1823e1,scena/mp0000_ev.dat,depending on how they're used.,31
scena/mp0000_ev.dat:0x182400,scena/mp0000_ev.dat,But elixirs can be lethal,26
scena/mp0000_ev.dat:0x182429,scena/mp0000_ev.dat,toxin and treatment is fine indeed.,36
scena/mp0000_ev.dat:0x18244d,scena/mp0000_ev.dat,The dividing line between,26
scena/mp0000_ev.dat:0x182477,scena/mp0000_ev.dat,Do understand.,15
scena/mp0000_ev.dat:0x182486,scena/mp0000_ev.dat,And it is a line drawn by the hand that uses it.,49
scena/mp0000_ev.dat:0x1824c6,scena/mp0000_ev.dat,please understand.,19
scena/mp0000_ev.dat:0x1824d9,scena/mp0000_ev.dat,"While we want to believe you,",30
scena/mp0000_ev.dat:0x182507,scena/mp0000_ev.dat,may very well poison in another.,33
scena/mp0000_ev.dat:0x182528,scena/mp0000_ev.dat,What heals in one measure,26
scena/mp0000_ev.dat:0x182551,scena/mp0000_ev.dat,My thoughts exactly.,21
scena/mp0000_ev.dat:0x18258a,scena/mp0000_ev.dat,"So, the whole story. Let's have it.",36
scena/mp0000_ev.dat:0x1825ae,scena/mp0000_ev.dat,It's well within our rights to know.,37
scena/mp0000_ev.dat:0x1825e2,scena/mp0000_ev.dat,"Fine. I've got nothing to hide, anyway.",40
scena/mp0000_ev.dat:0x18260a,scena/mp0000_ev.dat,"Well, when you put it that way...",34
scena/mp0000_ev.dat:0x182644,scena/mp0000_ev.dat,The elixir I require is known as Diaset's Secret.,50
scena/mp0000_ev.dat:0x182685,scena/mp0000_ev.dat,alcohol. No matter how much you drink.,39
scena/mp0000_ev.dat:0x1826ac,scena/mp0000_ev.dat,Drinking it renders you immune to any amount of,48
scena/mp0000_ev.dat:0x1826eb,scena/mp0000_ev.dat,and those guys don't lie.,26
scena/mp0000_ev.dat:0x182705,scena/mp0000_ev.dat,"I heard this from a priest, by the way,",40
scena/mp0000_ev.dat:0x182770,scena/mp0000_ev.dat,Wow. That's some concoction.,29
scena/mp0000_ev.dat:0x18279c,scena/mp0000_ev.dat,"want, and not feel a thing?",28
scena/mp0000_ev.dat:0x1827b8,scena/mp0000_ev.dat,So you could drink as much as you,34
scena/mp0000_ev.dat:0x1827e9,scena/mp0000_ev.dat,Hm. Consider my interest duly piqued.,38
scena/mp0000_ev.dat:0x18282f,scena/mp0000_ev.dat,Wait a minute. Drinking...without getting drunk?,49
scena/mp0000_ev.dat:0x18286f,scena/mp0000_ev.dat,There's something deeply wrong with that.,42
scena/mp0000_ev.dat:0x182899,scena/mp0000_ev.dat,Hard pass for me.,18
scena/mp0000_ev.dat:0x1828bb,scena/mp0000_ev.dat,with your drinking habits.,27
scena/mp0000_ev.dat:0x1828d6,scena/mp0000_ev.dat,There's something deeply wrong,31
scena/mp0000_ev.dat:0x182915,scena/mp0000_ev.dat,Why DO you need it?,20
scena/mp0000_ev.dat:0x182929,scena/mp0000_ev.dat,I can't even imagine why you'd need it...,42
scena/mp0000_ev.dat:0x182962,scena/mp0000_ev.dat,But why the need for such a novel concoction?,46
scena/mp0000_ev.dat:0x18299f,scena/mp0000_ev.dat,But why the need for such a strange concoction?,48
scena/mp0000_ev.dat:0x1829ec,scena/mp0000_ev.dat, why contrive so curious a brew?,33
scena/mp0000_ev.dat:0x182a42,scena/mp0000_ev.dat,you can't turn down. That it?,30
scena/mp0000_ev.dat:0x182a60,scena/mp0000_ev.dat,Ah. You were invited to a party,32
scena/mp0000_ev.dat:0x182a9a,scena/mp0000_ev.dat,e you simply cannot refuse?,28
scena/mp0000_ev.dat:0x182ab6,scena/mp0000_ev.dat,Were you perchance summoned,28
scena/mp0000_ev.dat:0x182ae1,scena/mp0000_ev.dat,Get a party invite you can't turn down?,40
scena/mp0000_ev.dat:0x182b09,scena/mp0000_ev.dat,"Yeah, what happened?",21
scena/mp0000_ev.dat:0x182b2d,scena/mp0000_ev.dat,you simply can't turn down?,28
scena/mp0000_ev.dat:0x182b49,scena/mp0000_ev.dat,Were you invited to a social affair,36
scena/mp0000_ev.dat:0x182b7c,scena/mp0000_ev.dat,to whether I attend or not.,28
scena/mp0000_ev.dat:0x182b98,scena/mp0000_ev.dat,Not exactly. I have a choice as,32
scena/mp0000_ev.dat:0x182bc7,scena/mp0000_ev.dat,"But as for the drinking, I've got no choice there.",51
scena/mp0000_ev.dat:0x182c24,scena/mp0000_ev.dat,"And to survive the event, I'll need the elixir.",48
scena/mp0000_ev.dat:0x182c64,scena/mp0000_ev.dat,with a clarity most painful.,29
scena/mp0000_ev.dat:0x182c81,scena/mp0000_ev.dat,I comprehend your meaning,26
scena/mp0000_ev.dat:0x182cb3,scena/mp0000_ev.dat,"I honestly don't get it. Why not just, you know...",51
scena/mp0000_ev.dat:0x182cf5,scena/mp0000_ev.dat,relying on an exotic potion?,29
scena/mp0000_ev.dat:0x182d12,scena/mp0000_ev.dat,"Limit your drinking, instead of",32
scena/mp0000_ev.dat:0x182d42,scena/mp0000_ev.dat,"I know, right? Some people...",30
scena/mp0000_ev.dat:0x182d8a,scena/mp0000_ev.dat,"Uh, like you're one to talk.",29
scena/mp0000_ev.dat:0x182dbb,scena/mp0000_ev.dat,I honestly don't think you're one to talk...,45
scena/mp0000_ev.dat:0x182dfc,scena/mp0000_ev.dat,"to criticize, my dear...",25
scena/mp0000_ev.dat:0x182e15,scena/mp0000_ev.dat,I wouldn't say you're in a place,33
scena/mp0000_ev.dat:0x182e4a,scena/mp0000_ev.dat,(She has the self-awareness of a fly.),39
scena/mp0000_ev.dat:0x182e87,scena/mp0000_ev.dat,"No problems, right?",20
scena/mp0000_ev.dat:0x182e9b,scena/mp0000_ev.dat,"Well, there you have my reason.",32
scena/mp0000_ev.dat:0x182eca,scena/mp0000_ev.dat,"No, guess not...",17
scena/mp0000_ev.dat:0x182eef,scena/mp0000_ev.dat,...We've got a handle on the mission.,38
scena/mp0000_ev.dat:0x182f43,scena/mp0000_ev.dat,rounded up all your ingredients.,33
scena/mp0000_ev.dat:0x182f64,scena/mp0000_ev.dat,We'll circle back here once we've,34
scena/mp0000_ev.dat:0x182f9a,scena/mp0000_ev.dat,Thanks. I'm depending on you.,30
scena/mp0000_ev.dat:0x182fc7,scena/mp0000_ev.dat,hinges on your success.,24
scena/mp0000_ev.dat:0x182fdf,scena/mp0000_ev.dat,Just so you know...my very future,34
scena/mp0000_ev.dat:0x183035,scena/mp0000_ev.dat,worry. We've got this.,23
scena/mp0000_ev.dat:0x18304c,scena/mp0000_ev.dat,"Not sure what you mean, but don't",34
scena/mp0000_ev.dat:0x1830ac,scena/mp0000_ev.dat,Accept the job,15
scena/mp0000_ev.dat:0x1830bb,scena/mp0000_ev.dat,Not right now,14
scena/mp0000_ev.dat:0x183106,scena/mp0000_ev.dat,"Hiya, Anton.",13
scena/mp0000_ev.dat:0x183123,scena/mp0000_ev.dat,I hope we're not intruding.,28
scena/mp0000_ev.dat:0x183186,scena/mp0000_ev.dat,"Oh, you guys again! No, of course not.",39
scena/mp0000_ev.dat:0x1831bc,scena/mp0000_ev.dat,"Well, how goes the hunting?",28
scena/mp0000_ev.dat:0x1831e7,scena/mp0000_ev.dat,All done. Take a look.,23
scena/mp0000_ev.dat:0x18321d,scena/mp0000_ev.dat,<C1>Estelle and company handed over the items.,47
scena/mp0000_ev.dat:0x18324c,scena/mp0000_ev.dat,Good Goddess above! That's everything!,39
scena/mp0000_ev.dat:0x183293,scena/mp0000_ev.dat,"Thank you, bracers! From the bottom of my heart!",49
scena/mp0000_ev.dat:0x1832d4,scena/mp0000_ev.dat, x1.,5
scena/mp0000_ev.dat:0x1832da,scena/mp0000_ev.dat," x5,",5
scena/mp0000_ev.dat:0x1832e0,scena/mp0000_ev.dat," x5,",5
scena/mp0000_ev.dat:0x1832e6,scena/mp0000_ev.dat," x5,",5
scena/mp0000_ev.dat:0x1832eb,scena/mp0000_ev.dat,Handed over ,13
scena/mp0000_ev.dat:0x183307,scena/mp0000_ev.dat,"C'mon, team. Time to brew this thing!",38
scena/mp0000_ev.dat:0x183359,scena/mp0000_ev.dat,Wait. We're doing this with you?,33
scena/mp0000_ev.dat:0x18338d,scena/mp0000_ev.dat,of procuring the ingredients.,30
scena/mp0000_ev.dat:0x1833ab,scena/mp0000_ev.dat,"Well, you did go through the trouble",37
scena/mp0000_ev.dat:0x1833ef,scena/mp0000_ev.dat,the glorious moment they're combined.,38
scena/mp0000_ev.dat:0x183415,scena/mp0000_ev.dat,It's only right you witness,28
scena/mp0000_ev.dat:0x183441,scena/mp0000_ev.dat,in a roundabout way.,21
scena/mp0000_ev.dat:0x183456,scena/mp0000_ev.dat,"Huh. I guess that does make sense,",35
scena/mp0000_ev.dat:0x18348d,scena/mp0000_ev.dat,"Hey, I'm game.",15
scena/mp0000_ev.dat:0x1834d0,scena/mp0000_ev.dat,don't you think?,17
scena/mp0000_ev.dat:0x1834e1,scena/mp0000_ev.dat,"A satisfying way to finish out the job,",40
scena/mp0000_ev.dat:0x183518,scena/mp0000_ev.dat,"Eh, why not. We've come this far.",34
scena/mp0000_ev.dat:0x183549,scena/mp0000_ev.dat,"By all means, let's.",21
scena/mp0000_ev.dat:0x18355e,scena/mp0000_ev.dat,A fine idea.,13
scena/mp0000_ev.dat:0x18357b,scena/mp0000_ev.dat,"Well, we've come this far. Why not?",36
scena/mp0000_ev.dat:0x1835af,scena/mp0000_ev.dat,"Yes, we've come this far.",26
scena/mp0000_ev.dat:0x1835d9,scena/mp0000_ev.dat,Good. We do it together!,25
scena/mp0000_ev.dat:0x18360a,scena/mp0000_ev.dat,He'll be helping us. Off we go!,32
scena/mp0000_ev.dat:0x18362a,scena/mp0000_ev.dat,Remember the priest I mentioned?,33
scena/mp0000_ev.dat:0x18365b,scena/mp0000_ev.dat,Let's see...,13
scena/mp0000_ev.dat:0x183678,scena/mp0000_ev.dat,"Oof. Sorry, but you're short some stuff.",41
scena/mp0000_ev.dat:0x1836bf,scena/mp0000_ev.dat,Huh. That's weird...,21
scena/mp0000_ev.dat:0x1836e7,scena/mp0000_ev.dat,Check your notebook again.,27
scena/mp0000_ev.dat:0x183711,scena/mp0000_ev.dat,"Come by when you've got everything, yeah?",42
scena/mp0000_ev.dat:0x18375a,scena/mp0000_ev.dat, x1.,5
scena/mp0000_ev.dat:0x183760,scena/mp0000_ev.dat," x5,",5
scena/mp0000_ev.dat:0x183766,scena/mp0000_ev.dat," x5,",5
scena/mp0000_ev.dat:0x18376c,scena/mp0000_ev.dat," x5,",5
scena/mp0000_ev.dat:0x183771,scena/mp0000_ev.dat,Handed over ,13
scena/mp0000_ev.dat:0x183a9e,scena/mp0000_ev.dat,"Well, here I am. A victim to my own curiosity.",47
scena/mp0000_ev.dat:0x183ae2,scena/mp0000_ev.dat,Schera and the others are taking their sweet time.,51
scena/mp0000_ev.dat:0x183b29,scena/mp0000_ev.dat,Maybe they couldn't convince Aina to come out?,47
scena/mp0000_ev.dat:0x183b6b,scena/mp0000_ev.dat,"Complications at the guild, perhaps? Who knows.",48
scena/mp0000_ev.dat:0x183bae,scena/mp0000_ev.dat,Things might be getting tricky over at the guild.,50
scena/mp0000_ev.dat:0x183bf3,scena/mp0000_ev.dat,bickering over at the guild.,29
scena/mp0000_ev.dat:0x183c10,scena/mp0000_ev.dat,Those numbskulls are probably,30
scena/mp0000_ev.dat:0x183c41,scena/mp0000_ev.dat,With poor Aina caught in the middle. Sheesh.,45
scena/mp0000_ev.dat:0x183c82,scena/mp0000_ev.dat,"Well, let's wait. Might as well.",33
scena/mp0000_ev.dat:0x183ce6,scena/mp0000_ev.dat,Doesn't seem like we'll have to. Look.,39
scena/mp0000_ev.dat:0x183d50,scena/mp0000_ev.dat,Seems like we won't have to wait at all. Look.,47
scena/mp0000_ev.dat:0x183da6,scena/mp0000_ev.dat,"Actually, Estelle...",21
scena/mp0000_ev.dat:0x183dcb,scena/mp0000_ev.dat,It seems we won't have to wait. See?,37
scena/mp0000_ev.dat:0x183e17,scena/mp0000_ev.dat,Oh! But...,11
scena/mp0000_ev.dat:0x183e31,scena/mp0000_ev.dat,It looks like we won't have to wait at all.,44
scena/mp0000_ev.dat:0x183ebf,scena/mp0000_ev.dat,"Thanks for making the time, Aina.",34
scena/mp0000_ev.dat:0x183ef6,scena/mp0000_ev.dat,You sure it's okay to clock out?,33
scena/mp0000_ev.dat:0x183f26,scena/mp0000_ev.dat,the fort back at reception.,28
scena/mp0000_ev.dat:0x183f42,scena/mp0000_ev.dat,It's no problem. Ridge will hold,33
scena/mp0000_ev.dat:0x183f77,scena/mp0000_ev.dat,ear when clients are in need.,30
scena/mp0000_ev.dat:0x183f95,scena/mp0000_ev.dat,"Besides, it's my job to lend a sympathetic",43
scena/mp0000_ev.dat:0x183fd3,scena/mp0000_ev.dat,"Thank you for taking the time, miss.",37
scena/mp0000_ev.dat:0x184007,scena/mp0000_ev.dat,Of course. Don't mention it.,29
scena/mp0000_ev.dat:0x184034,scena/mp0000_ev.dat,Let's hear it.,15
scena/mp0000_ev.dat:0x184043,scena/mp0000_ev.dat,"So, what seems to be the problem?",34
scena/mp0000_ev.dat:0x184074,scena/mp0000_ev.dat,"No needless preface, eh? I like that.",38
scena/mp0000_ev.dat:0x1840a9,scena/mp0000_ev.dat,Y-Yes! Let me explain...,25
scena/mp0000_ev.dat:0x1840e2,scena/mp0000_ev.dat,"Wow, they really brought her.",30
scena/mp0000_ev.dat:0x18410f,scena/mp0000_ev.dat,of needing her help with a client.,35
scena/mp0000_ev.dat:0x184132,scena/mp0000_ev.dat,It seems they've done so under the pretense,44
scena/mp0000_ev.dat:0x18416d,scena/mp0000_ev.dat,Little does she know...,24
scena/mp0000_ev.dat:0x184185,scena/mp0000_ev.dat,Aina thinks she's helping a client.,36
scena/mp0000_ev.dat:0x1841b8,scena/mp0000_ev.dat,the pretense of needing her help with a client.,48
scena/mp0000_ev.dat:0x1841e8,scena/mp0000_ev.dat,It would seem they've done so under,36
scena/mp0000_ev.dat:0x18421b,scena/mp0000_ev.dat,It looks like Ms. Aina thinks she's helping a client.,54
scena/mp0000_ev.dat:0x184260,scena/mp0000_ev.dat,they're taking Aina for a ride.,32
scena/mp0000_ev.dat:0x184280,scena/mp0000_ev.dat,"Though technically not far from the truth,",43
scena/mp0000_ev.dat:0x1842bb,scena/mp0000_ev.dat,when she finds out.,20
scena/mp0000_ev.dat:0x1842cf,scena/mp0000_ev.dat,I just hope she doesn't get mad,32
scena/mp0000_ev.dat:0x1842fe,scena/mp0000_ev.dat,That aside... Why is Olivier over there?,41
scena/mp0000_ev.dat:0x184372,scena/mp0000_ev.dat,Can someone explain?,21
scena/mp0000_ev.dat:0x184387,scena/mp0000_ev.dat,"Also, I'm not sure why Olivier would be over there.",52
scena/mp0000_ev.dat:0x184406,scena/mp0000_ev.dat,Anyone know?,13
scena/mp0000_ev.dat:0x184413,scena/mp0000_ev.dat,Why's the loudmouth bard crashing the party?,45
scena/mp0000_ev.dat:0x18448b,scena/mp0000_ev.dat,Huh. Don't ask me.,19
scena/mp0000_ev.dat:0x1844b2,scena/mp0000_ev.dat,He should be on standby at the guild.,38
scena/mp0000_ev.dat:0x1844ed,scena/mp0000_ev.dat,He must've overheard the drama unfolding...,44
scena/mp0000_ev.dat:0x18452d,scena/mp0000_ev.dat,That's Olivier for you.,24
scena/mp0000_ev.dat:0x184545,scena/mp0000_ev.dat,...and ultimately couldn't help himself.,41
scena/mp0000_ev.dat:0x184581,scena/mp0000_ev.dat,He must've overheard the drama unfolding...,44
scena/mp0000_ev.dat:0x1845c5,scena/mp0000_ev.dat,That's Olivier for you.,24
scena/mp0000_ev.dat:0x1845dd,scena/mp0000_ev.dat,...and ultimately couldn't help himself.,41
scena/mp0000_ev.dat:0x18461d,scena/mp0000_ev.dat,Couldn't help but insert himself in it.,40
scena/mp0000_ev.dat:0x184645,scena/mp0000_ev.dat,He musta heard the affair kickin' off.,39
scena/mp0000_ev.dat:0x184680,scena/mp0000_ev.dat,drama brewing ten selge away.,30
scena/mp0000_ev.dat:0x18469e,scena/mp0000_ev.dat,That son of a gun can smell,28
scena/mp0000_ev.dat:0x1846cd,scena/mp0000_ev.dat,Couldn't help but insert himself in it.,40
scena/mp0000_ev.dat:0x1846f5,scena/mp0000_ev.dat,He musta heard the affair kickin' off.,39
scena/mp0000_ev.dat:0x184734,scena/mp0000_ev.dat,drama brewing ten selge away.,30
scena/mp0000_ev.dat:0x184752,scena/mp0000_ev.dat,That son of a gun can smell,28
scena/mp0000_ev.dat:0x184785,scena/mp0000_ev.dat,at the guild and couldn't help himself.,40
scena/mp0000_ev.dat:0x1847ad,scena/mp0000_ev.dat,I have a feeling he overheard the plot unfolding,49
scena/mp0000_ev.dat:0x1847f2,scena/mp0000_ev.dat,Olivier's always had a penchant for drama.,43
scena/mp0000_ev.dat:0x184830,scena/mp0000_ev.dat,at the guild and couldn't help himself.,40
scena/mp0000_ev.dat:0x184858,scena/mp0000_ev.dat,I have a feeling he overheard the plot unfolding,49
scena/mp0000_ev.dat:0x1848a1,scena/mp0000_ev.dat,Olivier's always had a penchant for drama.,43
scena/mp0000_ev.dat:0x184a1b,scena/mp0000_ev.dat,Might I be so bold as to propose a toast?,42
scena/mp0000_ev.dat:0x184a55,scena/mp0000_ev.dat,To the Goddess' great boon of friendship.,42
scena/mp0000_ev.dat:0x184a8e,scena/mp0000_ev.dat,"Heheh. Hear, hear.",19
scena/mp0000_ev.dat:0x184ab6,scena/mp0000_ev.dat,"I'm certainly not one to refuse a drink, but...",48
scena/mp0000_ev.dat:0x184af5,scena/mp0000_ev.dat,"Um, Anton, are you really okay with this?",42
scena/mp0000_ev.dat:0x184b3f,scena/mp0000_ev.dat,"I mean, is this really the time?",33
scena/mp0000_ev.dat:0x184b74,scena/mp0000_ev.dat,or better company!,19
scena/mp0000_ev.dat:0x184b87,scena/mp0000_ev.dat,"I-I couldn't imagine a better time,",36
scena/mp0000_ev.dat:0x184bc0,scena/mp0000_ev.dat,A glass or two won't faze me.,30
scena/mp0000_ev.dat:0x184bde,scena/mp0000_ev.dat,I'm also quite the avid drinker.,33
scena/mp0000_ev.dat:0x184c13,scena/mp0000_ev.dat,I guess looks can be deceiving.,32
scena/mp0000_ev.dat:0x184c33,scena/mp0000_ev.dat,Is that so? My apologies.,26
scena/mp0000_ev.dat:0x184c61,scena/mp0000_ev.dat,"Raise them high, friends... Cheers!",36
scena/mp0000_ev.dat:0x184cfd,scena/mp0000_ev.dat,Oh my. And so it begins...,27
scena/mp0000_ev.dat:0x184d2c,scena/mp0000_ev.dat,W-Wow. They're pounding them down.,35
scena/mp0000_ev.dat:0x184d62,scena/mp0000_ev.dat,"Right out of the gate, too...",30
scena/mp0000_ev.dat:0x184d94,scena/mp0000_ev.dat,Pounding them down already.,28
scena/mp0000_ev.dat:0x184db0,scena/mp0000_ev.dat,Would you look at that.,24
scena/mp0000_ev.dat:0x184ddb,scena/mp0000_ev.dat,to have her hear the guy out.,30
scena/mp0000_ev.dat:0x184df9,scena/mp0000_ev.dat,"Hey, wait... I thought the whole point was",43
scena/mp0000_ev.dat:0x184e38,scena/mp0000_ev.dat,They just started drinking all of a sudden...,46
scena/mp0000_ev.dat:0x184eba,scena/mp0000_ev.dat,does that mean...,18
scena/mp0000_ev.dat:0x184ecc,scena/mp0000_ev.dat,"Considering Olivier's in the mix,",34
scena/mp0000_ev.dat:0x184efe,scena/mp0000_ev.dat,...he drank the elixir too?,28
scena/mp0000_ev.dat:0x184f29,scena/mp0000_ev.dat,Yeah. I'd say so.,18
scena/mp0000_ev.dat:0x184f5b,scena/mp0000_ev.dat,"Smiling, no less.",18
scena/mp0000_ev.dat:0x184f6d,scena/mp0000_ev.dat,How else could he sit at the same table with Aina?,51
scena/mp0000_ev.dat:0x184faf,scena/mp0000_ev.dat,"I'd say so, yes.",17
scena/mp0000_ev.dat:0x184fe0,scena/mp0000_ev.dat,"After all, how else could he be smiling?",41
scena/mp0000_ev.dat:0x185018,scena/mp0000_ev.dat,"I mean, look at that smile.",28
scena/mp0000_ev.dat:0x185034,scena/mp0000_ev.dat,He definitely drank some.,26
scena/mp0000_ev.dat:0x18506e,scena/mp0000_ev.dat,don't you think?,17
scena/mp0000_ev.dat:0x18507f,scena/mp0000_ev.dat,"It wouldn't make sense otherwise,",34
scena/mp0000_ev.dat:0x1850b1,scena/mp0000_ev.dat,Y-Yes... It seems that way.,28
scena/mp0000_ev.dat:0x1850dd,scena/mp0000_ev.dat,He seems oddly relaxed...,26
scena/mp0000_ev.dat:0x18511e,scena/mp0000_ev.dat,"Oh, Aina, dear. You're a true comedic virtuoso.",48
scena/mp0000_ev.dat:0x185163,scena/mp0000_ev.dat,Yep. You got a point.,22
scena/mp0000_ev.dat:0x185209,scena/mp0000_ev.dat,let's go back to the subject at hand.,38
scena/mp0000_ev.dat:0x18522f,scena/mp0000_ev.dat,"Now that the ice has been broken,",34
scena/mp0000_ev.dat:0x185280,scena/mp0000_ev.dat,"How can I be of service to you, Anton?",39
scena/mp0000_ev.dat:0x1852bb,scena/mp0000_ev.dat,"Y-Yes, well, about that...",27
scena/mp0000_ev.dat:0x1852fc,scena/mp0000_ev.dat,"A-Aina, I, uh...",17
scena/mp0000_ev.dat:0x185363,scena/mp0000_ev.dat,...I'm head over heels for you! Please go out with me!,55
scena/mp0000_ev.dat:0x1853d9,scena/mp0000_ev.dat,Um... Could you mean...?,25
scena/mp0000_ev.dat:0x1853f2,scena/mp0000_ev.dat,Go out with you?,17
scena/mp0000_ev.dat:0x18541b,scena/mp0000_ev.dat,"Y-Yes! Please! I adore you, Aina!",34
scena/mp0000_ev.dat:0x185451,scena/mp0000_ev.dat,life is devoid of all meaning!,31
scena/mp0000_ev.dat:0x185470,scena/mp0000_ev.dat,"With you anywhere but my side,",31
scena/mp0000_ev.dat:0x1854a4,scena/mp0000_ev.dat,D-Dear Goddess...,18
scena/mp0000_ev.dat:0x1854d7,scena/mp0000_ev.dat,This is all rather sudden.,27
scena/mp0000_ev.dat:0x1854f2,scena/mp0000_ev.dat,I'm not sure what to say.,26
scena/mp0000_ev.dat:0x185525,scena/mp0000_ev.dat,"Heh. Hold no shame in your bewilderment, dear.",47
scena/mp0000_ev.dat:0x185569,scena/mp0000_ev.dat,wander beyond the reach of reason.,35
scena/mp0000_ev.dat:0x18558c,scena/mp0000_ev.dat,For matters of the heart often,31
scena/mp0000_ev.dat:0x1855c0,scena/mp0000_ev.dat,will yield an answer...,24
scena/mp0000_ev.dat:0x1855d8,scena/mp0000_ev.dat,"Sometimes, no amount of deliberation",37
scena/mp0000_ev.dat:0x18561d,scena/mp0000_ev.dat,"W-Wait, that won't work. I need an answer.",43
scena/mp0000_ev.dat:0x185669,scena/mp0000_ev.dat,"I can't live like this, in lovesick limbo!",43
scena/mp0000_ev.dat:0x1856a8,scena/mp0000_ev.dat,a plan that shall secure your salvation.,41
scena/mp0000_ev.dat:0x1856d1,scena/mp0000_ev.dat,"Fear not, my friend. For I have devised",40
scena/mp0000_ev.dat:0x185718,scena/mp0000_ev.dat,with a grand contest?,22
scena/mp0000_ev.dat:0x18572e,scena/mp0000_ev.dat,What say you to deciding the matter,36
scena/mp0000_ev.dat:0x18577a,scena/mp0000_ev.dat,A contest...?,14
scena/mp0000_ev.dat:0x18579c,scena/mp0000_ev.dat,But what kind?,15
scena/mp0000_ev.dat:0x1857ba,scena/mp0000_ev.dat,"We are in a tavern, are we not?",32
scena/mp0000_ev.dat:0x1857ef,scena/mp0000_ev.dat,should be clear as day.,24
scena/mp0000_ev.dat:0x185807,scena/mp0000_ev.dat,The means by which to prove one's worth,40
scena/mp0000_ev.dat:0x185843,scena/mp0000_ev.dat,Do you mean...,15
scena/mp0000_ev.dat:0x185861,scena/mp0000_ev.dat,Ah. A drinking contest.,24
scena/mp0000_ev.dat:0x185889,scena/mp0000_ev.dat,You don't say? Sounds fun.,27
scena/mp0000_ev.dat:0x1858b9,scena/mp0000_ev.dat,I believe a slight handicap is in order.,41
scena/mp0000_ev.dat:0x1858e2,scena/mp0000_ev.dat,"But considering Aina's, ahem, natural talents,",47
scena/mp0000_ev.dat:0x185930,scena/mp0000_ev.dat,I assume you have no objections?,33
scena/mp0000_ev.dat:0x185965,scena/mp0000_ev.dat,...None. What would it be?,27
scena/mp0000_ev.dat:0x185980,scena/mp0000_ev.dat,To a handicap?,15
scena/mp0000_ev.dat:0x1859a3,scena/mp0000_ev.dat,I shall assist Anton in this contest.,38
scena/mp0000_ev.dat:0x1859dd,scena/mp0000_ev.dat,"And so, the two of us shall unite as one to be your adversary.",63
scena/mp0000_ev.dat:0x185a73,scena/mp0000_ev.dat,Very well. I accept.,21
scena/mp0000_ev.dat:0x185ac5,scena/mp0000_ev.dat,"Heheh. Attagirl, Aina.",23
scena/mp0000_ev.dat:0x185aef,scena/mp0000_ev.dat,"Then, I'll be the witness of this little competition.",54
scena/mp0000_ev.dat:0x185b39,scena/mp0000_ev.dat,I accept...but on one condition.,33
scena/mp0000_ev.dat:0x185b6a,scena/mp0000_ev.dat,Wh-Which is?,13
scena/mp0000_ev.dat:0x185b86,scena/mp0000_ev.dat,We use the strongest drink they have on the shelf.,51
scena/mp0000_ev.dat:0x185bcd,scena/mp0000_ev.dat,"Sorry, but I don't have the time otherwise.",44
scena/mp0000_ev.dat:0x185c35,scena/mp0000_ev.dat,"B-But of course. (Well played, Aina.)",38
scena/mp0000_ev.dat:0x185cb8,scena/mp0000_ev.dat,I'd say this is more than sufficient.,38
scena/mp0000_ev.dat:0x185cf2,scena/mp0000_ev.dat,collapsing through the floorboards.,36
scena/mp0000_ev.dat:0x185d16,scena/mp0000_ev.dat,This is enough to send a bear,30
scena/mp0000_ev.dat:0x185d49,scena/mp0000_ev.dat,"Thank you kindly, Faulkner.",28
scena/mp0000_ev.dat:0x185daf,scena/mp0000_ev.dat,Well then...,13
scena/mp0000_ev.dat:0x185dd1,scena/mp0000_ev.dat,"Contestants, I hope you're thirsty.",36
scena/mp0000_ev.dat:0x185e18,scena/mp0000_ev.dat,"Why, I'm absolutely parched.",29
scena/mp0000_ev.dat:0x185e4a,scena/mp0000_ev.dat,What a coincidence. So am I.,29
scena/mp0000_ev.dat:0x185ea1,scena/mp0000_ev.dat,It's now or never. Pour!,25
scena/mp0000_ev.dat:0x185ece,scena/mp0000_ev.dat,And they're off.,17
scena/mp0000_ev.dat:0x185ef2,scena/mp0000_ev.dat,Looks like it.,15
scena/mp0000_ev.dat:0x185f10,scena/mp0000_ev.dat,But how long can those two keep it up?,39
scena/mp0000_ev.dat:0x185f5f,scena/mp0000_ev.dat,"It'd be nice if that elixir works, but I wonder...",51
scena/mp0000_ev.dat:0x185fb5,scena/mp0000_ev.dat,But how long can those two stay conscious?,43
scena/mp0000_ev.dat:0x186005,scena/mp0000_ev.dat,I hope that medicine is effective...,37
scena/mp0000_ev.dat:0x186117,scena/mp0000_ev.dat,*Exhale* And that makes five!,30
scena/mp0000_ev.dat:0x18614a,scena/mp0000_ev.dat,but nothing I can't handle!,28
scena/mp0000_ev.dat:0x186166,scena/mp0000_ev.dat,"Packs a punch on an empty stomach,",35
scena/mp0000_ev.dat:0x1861be,scena/mp0000_ev.dat,"I, too, have quaffed a total of five.",38
scena/mp0000_ev.dat:0x1861e4,scena/mp0000_ev.dat,"Excellent, dear comrade of the cup.",36
scena/mp0000_ev.dat:0x186218,scena/mp0000_ev.dat,"Not bad, guys.",15
scena/mp0000_ev.dat:0x186227,scena/mp0000_ev.dat,Making ten between the two of you.,35
scena/mp0000_ev.dat:0x18625e,scena/mp0000_ev.dat,You're putting on quite the pace.,34
scena/mp0000_ev.dat:0x186294,scena/mp0000_ev.dat,"For now, perhaps.",18
scena/mp0000_ev.dat:0x1862c1,scena/mp0000_ev.dat,you'll pay the price later.,28
scena/mp0000_ev.dat:0x1862dd,scena/mp0000_ev.dat,"If you don't pace yourselves,",30
scena/mp0000_ev.dat:0x18630f,scena/mp0000_ev.dat,when it comes to drinking.,27
scena/mp0000_ev.dat:0x18632a,scena/mp0000_ev.dat,Eh. I'd like to think I know a thing or two,44
scena/mp0000_ev.dat:0x18636a,scena/mp0000_ev.dat,For I have yet to feel inebriation's warm embrace.,51
scena/mp0000_ev.dat:0x18639d,scena/mp0000_ev.dat,I second that sentiment.,25
scena/mp0000_ev.dat:0x1863cb,scena/mp0000_ev.dat,Well. Only one way to fix that...,34
scena/mp0000_ev.dat:0x18645c,scena/mp0000_ev.dat,Yep. I'd have to say the elixir's working.,43
scena/mp0000_ev.dat:0x18649a,scena/mp0000_ev.dat,Those two are holding their own surprisingly well.,51
scena/mp0000_ev.dat:0x186508,scena/mp0000_ev.dat,Aina too. She's hardly batted an eye.,38
scena/mp0000_ev.dat:0x186545,scena/mp0000_ev.dat,"Aina, too. She looks as fresh as ever.",39
scena/mp0000_ev.dat:0x186583,scena/mp0000_ev.dat,And without any elixir.,24
scena/mp0000_ev.dat:0x1865b2,scena/mp0000_ev.dat,"Aina, too. Her face has hardly changed.",40
scena/mp0000_ev.dat:0x1865f1,scena/mp0000_ev.dat,Not a hint on her face.,24
scena/mp0000_ev.dat:0x186609,scena/mp0000_ev.dat,That Aina...,13
scena/mp0000_ev.dat:0x18662d,scena/mp0000_ev.dat,probably outdrink most fish...,31
scena/mp0000_ev.dat:0x18664c,scena/mp0000_ev.dat,Even though Aina could,23
scena/mp0000_ev.dat:0x18667b,scena/mp0000_ev.dat,an even match on our hands.,28
scena/mp0000_ev.dat:0x186697,scena/mp0000_ev.dat,...we may actually have,24
scena/mp0000_ev.dat:0x186703,scena/mp0000_ev.dat,Phew. And that makes twenty.,29
scena/mp0000_ev.dat:0x186735,scena/mp0000_ev.dat,"Well, gentlemen? How do you feel?",34
scena/mp0000_ev.dat:0x186766,scena/mp0000_ev.dat,T-Ten for me. Olivier?,23
scena/mp0000_ev.dat:0x186796,scena/mp0000_ev.dat,I've just set down my tenth as well.,37
scena/mp0000_ev.dat:0x1867d4,scena/mp0000_ev.dat,That's twenty for Team Anton.,30
scena/mp0000_ev.dat:0x186816,scena/mp0000_ev.dat,Amazing. You're neck and neck.,31
scena/mp0000_ev.dat:0x186849,scena/mp0000_ev.dat,I'm genuinely impressed.,25
scena/mp0000_ev.dat:0x186871,scena/mp0000_ev.dat,You've maintained pace this whole time.,40
scena/mp0000_ev.dat:0x1868b5,scena/mp0000_ev.dat,"H-Heheh. It's just like I said, isn't it?",42
scena/mp0000_ev.dat:0x1868f4,scena/mp0000_ev.dat,like I've got coals in my throat...,36
scena/mp0000_ev.dat:0x186918,scena/mp0000_ev.dat,"A-Although, it's starting to feel",34
scena/mp0000_ev.dat:0x18694e,scena/mp0000_ev.dat,"Y-Yes... I, too, feel a lingering heat.",40
scena/mp0000_ev.dat:0x186986,scena/mp0000_ev.dat,"A-Aina, dear? How are you faring?",34
scena/mp0000_ev.dat:0x1869b7,scena/mp0000_ev.dat,"Oh no, your throats hurt?",26
scena/mp0000_ev.dat:0x1869e0,scena/mp0000_ev.dat,"Did you both catch a cold, perhaps?",36
scena/mp0000_ev.dat:0x186a13,scena/mp0000_ev.dat,Gah. I was foolish to even pose such a query...,48
scena/mp0000_ev.dat:0x186a53,scena/mp0000_ev.dat,Making a scene will only trouble the bar staff.,48
scena/mp0000_ev.dat:0x186a92,scena/mp0000_ev.dat,force yourself to continue.,28
scena/mp0000_ev.dat:0x186aae,scena/mp0000_ev.dat,"If you're at your limit, don't",31
scena/mp0000_ev.dat:0x186b17,scena/mp0000_ev.dat,our drinking might!,20
scena/mp0000_ev.dat:0x186b2b,scena/mp0000_ev.dat,There is no force except for that of,37
scena/mp0000_ev.dat:0x186ba7,scena/mp0000_ev.dat,And that makes...fifteen.,26
scena/mp0000_ev.dat:0x186bd1,scena/mp0000_ev.dat,*Cough* My stomach. An inferno roils within...,47
scena/mp0000_ev.dat:0x186c67,scena/mp0000_ev.dat,"Oh, dear.",10
scena/mp0000_ev.dat:0x186cc8,scena/mp0000_ev.dat,Wh-What? ,10
scena/mp0000_ev.dat:0x186ce6,scena/mp0000_ev.dat,"You know, for a second there...",32
scena/mp0000_ev.dat:0x186d1a,scena/mp0000_ev.dat,Are you really okay?,21
scena/mp0000_ev.dat:0x186d2f,scena/mp0000_ev.dat,...it looked like we'd lost you.,33
scena/mp0000_ev.dat:0x186d64,scena/mp0000_ev.dat,"Wh-Who, me? I've never felt better.",36
scena/mp0000_ev.dat:0x186d9d,scena/mp0000_ev.dat,"(Pull yourself together, Anton!)",33
scena/mp0000_ev.dat:0x186dcd,scena/mp0000_ev.dat,(The elixir has yet to wear off!),34
scena/mp0000_ev.dat:0x186e1c,scena/mp0000_ev.dat,(Aina's drank enough to sedate a small town.),46
scena/mp0000_ev.dat:0x186e6a,scena/mp0000_ev.dat,She's merely putting up a front.),34
scena/mp0000_ev.dat:0x186e8c,scena/mp0000_ev.dat,"(If anyone's on the brink, it's her.",37
scena/mp0000_ev.dat:0x186ec1,scena/mp0000_ev.dat,"(B-But, Olivier. Just look at her.)",36
scena/mp0000_ev.dat:0x186ef8,scena/mp0000_ev.dat,"changed, and she's totally calm!)",34
scena/mp0000_ev.dat:0x186f1a,scena/mp0000_ev.dat,(The color of her face hasn't even,35
scena/mp0000_ev.dat:0x186f93,scena/mp0000_ev.dat,"Uh, boys? Is everything alright?",33
scena/mp0000_ev.dat:0x186fd6,scena/mp0000_ev.dat,and worry not the details!),28
scena/mp0000_ev.dat:0x186ff2,scena/mp0000_ev.dat,"(If you are a man, then fight,",31
scena/mp0000_ev.dat:0x187043,scena/mp0000_ev.dat,"now. If you love the lady, then drink!)",40
scena/mp0000_ev.dat:0x18706b,scena/mp0000_ev.dat,(Only sheer grit shall decide the winner,41
scena/mp0000_ev.dat:0x1870a3,scena/mp0000_ev.dat,"(U-Understood, sir...!)",24
scena/mp0000_ev.dat:0x1870ce,scena/mp0000_ev.dat,Are you really okay?,21
scena/mp0000_ev.dat:0x1870f7,scena/mp0000_ev.dat,to the detriment of your health.,33
scena/mp0000_ev.dat:0x187118,scena/mp0000_ev.dat,There's no need to continue,28
scena/mp0000_ev.dat:0x187148,scena/mp0000_ev.dat,But we shall not yield just yet.,33
scena/mp0000_ev.dat:0x187169,scena/mp0000_ev.dat,Your concern is duly noted.,28
scena/mp0000_ev.dat:0x18719d,scena/mp0000_ev.dat,Good. Because the real fun is only starting.,45
scena/mp0000_ev.dat:0x1871da,scena/mp0000_ev.dat,"Championship rounds, boys. Let's go.",37
scena/mp0000_ev.dat:0x1872ad,scena/mp0000_ev.dat,Ahhh. Number thirty-six.,25
scena/mp0000_ev.dat:0x1872fa,scena/mp0000_ev.dat,I'm on...eighteen...!,22
scena/mp0000_ev.dat:0x187324,scena/mp0000_ev.dat,"L-Likewise, eighteen!",22
scena/mp0000_ev.dat:0x187353,scena/mp0000_ev.dat,Both of you look rather unwell.,32
scena/mp0000_ev.dat:0x18738a,scena/mp0000_ev.dat,Must we still do this?,23
scena/mp0000_ev.dat:0x1873d6,scena/mp0000_ev.dat,Bwahaha. Do what? Prevail with glory to spare?,47
scena/mp0000_ev.dat:0x187415,scena/mp0000_ev.dat,Haha. Exactly. We've got this.,31
scena/mp0000_ev.dat:0x187461,scena/mp0000_ev.dat,be able to look myself in the...,33
scena/mp0000_ev.dat:0x187482,scena/mp0000_ev.dat,"If I gave up now, I'd never",28
scena/mp0000_ev.dat:0x18757a,scena/mp0000_ev.dat,N-No! Anton!,13
scena/mp0000_ev.dat:0x1875ba,scena/mp0000_ev.dat,"Oh, no!",8
scena/mp0000_ev.dat:0x1875f4,scena/mp0000_ev.dat,O-Oh...? I feel a bit...,25
scena/mp0000_ev.dat:0x1876aa,scena/mp0000_ev.dat,Olivier... Not you too.,24
scena/mp0000_ev.dat:0x1876df,scena/mp0000_ev.dat,Both of them at once...?!,26
scena/mp0000_ev.dat:0x18771d,scena/mp0000_ev.dat,But this was your destiny all along.,37
scena/mp0000_ev.dat:0x187742,scena/mp0000_ev.dat,"You fought valiantly, my friend.",33
scena/mp0000_ev.dat:0x1877eb,scena/mp0000_ev.dat,His eyes've turned up inside his freakin' head.,48
scena/mp0000_ev.dat:0x187832,scena/mp0000_ev.dat,Guess even that fancy potion has its limits.,45
scena/mp0000_ev.dat:0x187877,scena/mp0000_ev.dat,They're out. Like a light.,27
scena/mp0000_ev.dat:0x1878aa,scena/mp0000_ev.dat,I suppose even the elixir has its limits.,42
scena/mp0000_ev.dat:0x1878eb,scena/mp0000_ev.dat,They've drunk themselves into oblivion.,40
scena/mp0000_ev.dat:0x18792b,scena/mp0000_ev.dat,"Even the elixir has its limits, so it would seem.",50
scena/mp0000_ev.dat:0x187974,scena/mp0000_ev.dat,Th-They're totally drunk!,26
scena/mp0000_ev.dat:0x1879a6,scena/mp0000_ev.dat,I guess the elixir's effects wore off...?,42
scena/mp0000_ev.dat:0x187a1b,scena/mp0000_ev.dat,Now that's a letdown.,22
scena/mp0000_ev.dat:0x187a46,scena/mp0000_ev.dat,Aina finally got outdrunk.,27
scena/mp0000_ev.dat:0x187a61,scena/mp0000_ev.dat,And here I thought today would be the day,42
scena/mp0000_ev.dat:0x187aad,scena/mp0000_ev.dat,was just a makeshift solution.,31
scena/mp0000_ev.dat:0x187acc,scena/mp0000_ev.dat,"Hm, seems like the elixir",26
scena/mp0000_ev.dat:0x187b1f,scena/mp0000_ev.dat,"U-Uh... Well, to bring you up to speed...",42
scena/mp0000_ev.dat:0x187b58,scena/mp0000_ev.dat,By the Goddess. It's as I feared...,36
scena/mp0000_ev.dat:0x187c68,scena/mp0000_ev.dat,Father Divine?,15
scena/mp0000_ev.dat:0x187c8b,scena/mp0000_ev.dat,"What brings you here, Father?",30
scena/mp0000_ev.dat:0x187cbd,scena/mp0000_ev.dat,two youngsters in a contest of drink.,38
scena/mp0000_ev.dat:0x187ce3,scena/mp0000_ev.dat,"Why, you, Aina. I heard you were facing",40
scena/mp0000_ev.dat:0x187d25,scena/mp0000_ev.dat,If only I was a bit quicker...,31
scena/mp0000_ev.dat:0x187d44,scena/mp0000_ev.dat,"I surmised this was where you'd be, but alas.",46
scena/mp0000_ev.dat:0x187d81,scena/mp0000_ev.dat,...perhaps I could have prevented this.,40
scena/mp0000_ev.dat:0x187dbd,scena/mp0000_ev.dat,Y-Yeah. Both of them got plastered.,36
scena/mp0000_ev.dat:0x187df1,scena/mp0000_ev.dat,long-lasting as expected.,26
scena/mp0000_ev.dat:0x187e0b,scena/mp0000_ev.dat,The elixir's effects weren't as,32
scena/mp0000_ev.dat:0x187e3a,scena/mp0000_ev.dat,effective through a whole night of heavy drinking.,51
scena/mp0000_ev.dat:0x187e6d,scena/mp0000_ev.dat,The compound was designed to remain,36
scena/mp0000_ev.dat:0x187ea5,scena/mp0000_ev.dat,"Thus, I can only assume they split it.",39
scena/mp0000_ev.dat:0x187ecc,scena/mp0000_ev.dat,"However, the dosage was for one.",33
scena/mp0000_ev.dat:0x187f0d,scena/mp0000_ev.dat,Of course it wouldn't be as effective...,41
scena/mp0000_ev.dat:0x187f36,scena/mp0000_ev.dat,"Half the dose, half the efficacy.",34
scena/mp0000_ev.dat:0x187f8b,scena/mp0000_ev.dat,Th-That makes a lot of sense...,32
scena/mp0000_ev.dat:0x187fc3,scena/mp0000_ev.dat,Yep. That'd explain why they're totally trashed.,49
scena/mp0000_ev.dat:0x18800c,scena/mp0000_ev.dat,The poor guys. They brought this on themselves.,48
scena/mp0000_ev.dat:0x188054,scena/mp0000_ev.dat,I see... So that's why it turned out like this.,48
scena/mp0000_ev.dat:0x1880dd,scena/mp0000_ev.dat,aren't to be guzzled down willy-nilly.,39
scena/mp0000_ev.dat:0x188104,scena/mp0000_ev.dat,"Take note, bracers. Pharmacological compounds",46
scena/mp0000_ev.dat:0x188141,scena/mp0000_ev.dat,"*Sigh* I think I get the picture, more or less.",48
scena/mp0000_ev.dat:0x18818d,scena/mp0000_ev.dat,people would invite me to a tavern.,36
scena/mp0000_ev.dat:0x1881b1,scena/mp0000_ev.dat,I did think it strange that Olivier of all,43
scena/mp0000_ev.dat:0x1881f0,scena/mp0000_ev.dat,Haha. Ha.,10
scena/mp0000_ev.dat:0x18820a,scena/mp0000_ev.dat,he needs to suppress just doubled.,35
scena/mp0000_ev.dat:0x18822d,scena/mp0000_ev.dat,I think the alcohol-related trauma,35
scena/mp0000_ev.dat:0x188260,scena/mp0000_ev.dat,these men until they're fully conscious.,41
scena/mp0000_ev.dat:0x188289,scena/mp0000_ev.dat,"If you don't mind, I'll look after",35
scena/mp0000_ev.dat:0x1882c1,scena/mp0000_ev.dat,they drank enough to irrigate half of Liberl.,46
scena/mp0000_ev.dat:0x1882ef,scena/mp0000_ev.dat,"From the looks of it,",22
scena/mp0000_ev.dat:0x188323,scena/mp0000_ev.dat,That's kind of you.,20
scena/mp0000_ev.dat:0x18834a,scena/mp0000_ev.dat,"As for me, I'm needed at the guild.",36
scena/mp0000_ev.dat:0x1883b1,scena/mp0000_ev.dat,"Something wrong, Father?",25
scena/mp0000_ev.dat:0x1883dd,scena/mp0000_ev.dat,"No, dear, but you smell like a distillery.",43
scena/mp0000_ev.dat:0x188429,scena/mp0000_ev.dat,do you not feel intoxicated?,29
scena/mp0000_ev.dat:0x188446,scena/mp0000_ev.dat,"Assuming you indulged rather freely yourself,",46
scena/mp0000_ev.dat:0x1884bc,scena/mp0000_ev.dat,"Who, me? I can't say I do.",27
scena/mp0000_ev.dat:0x1884e6,scena/mp0000_ev.dat,"A bit of social drinking, if you will.",39
scena/mp0000_ev.dat:0x18850d,scena/mp0000_ev.dat,I didn't have more than a few sips.,36
scena/mp0000_ev.dat:0x18854d,scena/mp0000_ev.dat,Excuse me?,11
scena/mp0000_ev.dat:0x188567,scena/mp0000_ev.dat,Surely she can't be serious?,29
scena/mp0000_ev.dat:0x188593,scena/mp0000_ev.dat,The lady's certifiably insane.,31
scena/mp0000_ev.dat:0x1885c1,scena/mp0000_ev.dat,this is quite astounding...,28
scena/mp0000_ev.dat:0x1885dd,scena/mp0000_ev.dat,"I-I'd heard the rumors, but",28
scena/mp0000_ev.dat:0x188609,scena/mp0000_ev.dat,N-No way...,12
scena/mp0000_ev.dat:0x188624,scena/mp0000_ev.dat,She could drink the ocean if so inclined.,42
scena/mp0000_ev.dat:0x18865e,scena/mp0000_ev.dat,"I see. Well, so long as you're fine.",37
scena/mp0000_ev.dat:0x188693,scena/mp0000_ev.dat,you don't exhibit signs of inebriation.,40
scena/mp0000_ev.dat:0x1886bb,scena/mp0000_ev.dat,"The scent of a whole tavern aside,",35
scena/mp0000_ev.dat:0x1886ed,scena/mp0000_ev.dat,Wonderful. I'll be off then.,29
scena/mp0000_ev.dat:0x188721,scena/mp0000_ev.dat,"I'll leave cleanup to you, Scherazard.",39
scena/mp0000_ev.dat:0x188765,scena/mp0000_ev.dat,put it on Olivier's tab.,25
scena/mp0000_ev.dat:0x18877e,scena/mp0000_ev.dat,"As for the matter of the bill,",31
scena/mp0000_ev.dat:0x1887e9,scena/mp0000_ev.dat,"Heheh. Oh Aina, nothing gets past you.",39
scena/mp0000_ev.dat:0x18882a,scena/mp0000_ev.dat,And a woman after my own... <w600>*Thud*,41
scena/mp0000_ev.dat:0x188853,scena/mp0000_ev.dat,Shrewd as a siren...,21
scena/mp0000_ev.dat:0x188882,scena/mp0000_ev.dat,"#L[7, 7]#G[4]#M[H]#B_0#S[9,9]#H[5]",35
scena/mp0000_ev.dat:0x188939,scena/mp0000_ev.dat,wooden boxes are arranged...,29
scena/mp0000_ev.dat:0x188956,scena/mp0000_ev.dat,"Hmm, look at the way these",27
scena/mp0000_ev.dat:0x188985,scena/mp0000_ev.dat,symbols and shapes on the card?,32
scena/mp0000_ev.dat:0x1889a5,scena/mp0000_ev.dat,Isn't it a lot like the,24
scena/mp0000_ev.dat:0x1889d1,scena/mp0000_ev.dat,"You're right. There are exactly five boxes, too.",49
scena/mp0000_ev.dat:0x188a17,scena/mp0000_ev.dat,We should take a deeper look.,30
scena/mp0000_ev.dat:0x188a48,scena/mp0000_ev.dat,"Okay, in that case....",23
scena/mp0000_ev.dat:0x188abe,scena/mp0000_ev.dat,I wonder where,15
scena/mp0000_ev.dat:0x188b0b,scena/mp0000_ev.dat,"Hey, I found it!",17
scena/mp0000_ev.dat:0x188b82,scena/mp0000_ev.dat,Search the back of the 'Eight-Eyed Iron Beast.',48
scena/mp0000_ev.dat:0x188bb2,scena/mp0000_ev.dat,<C1>The third key lies within the city.,40
scena/mp0000_ev.dat:0x188bda,scena/mp0000_ev.dat,...Whatever that's supposed to mean.,37
scena/mp0000_ev.dat:0x188c1a,scena/mp0000_ev.dat,"The 'Eight-Eyed Iron Beast,' hm...?",36
scena/mp0000_ev.dat:0x188c4e,scena/mp0000_ev.dat,"city of Rolent, but what could it be?",38
scena/mp0000_ev.dat:0x188c74,scena/mp0000_ev.dat,It seems to be somewhere within the,36
scena/mp0000_ev.dat:0x188cb3,scena/mp0000_ev.dat,days aren't over yet...,24
scena/mp0000_ev.dat:0x188ccb,scena/mp0000_ev.dat,Heh. Looks like our wandering,30
scena/mp0000_ev.dat:0x188cf9,scena/mp0000_ev.dat,we find the card and then relax at a cafe.,43
scena/mp0000_ev.dat:0x188d24,scena/mp0000_ev.dat,If only we could skip straight to the part where,49
scena/mp0000_ev.dat:0x188d64,scena/mp0000_ev.dat,walk around and see for ourselves.,35
scena/mp0000_ev.dat:0x188d87,scena/mp0000_ev.dat,Looks like we have no choice but to,36
scena/mp0000_ev.dat:0x188dcc,scena/mp0000_ev.dat,have to keep investigating.,28
scena/mp0000_ev.dat:0x188de8,scena/mp0000_ev.dat,"It's slow going, but we just",29
scena/mp0000_ev.dat:0x188e14,scena/mp0000_ev.dat,walk around and see for ourselves.,35
scena/mp0000_ev.dat:0x188e37,scena/mp0000_ev.dat,Looks like we have no choice but to,36
scena/mp0000_ev.dat:0x188e77,scena/mp0000_ev.dat,No time to sit on our butts. Let's get moving.,47
scena/mp0000_ev.dat:0x188ec1,scena/mp0000_ev.dat,but to keep searching on foot.,31
scena/mp0000_ev.dat:0x188ee0,scena/mp0000_ev.dat,I guess we have no choice,26
scena/mp0000_ev.dat:0x188f09,scena/mp0000_ev.dat,We can't give up now.,22
scena/mp0000_ev.dat:0x188f1f,scena/mp0000_ev.dat,I'm sure we're close.,22
scena/mp0000_ev.dat:0x188f44,scena/mp0000_ev.dat,Hahaha... You're right.,24
scena/mp0000_ev.dat:0x188f6c,scena/mp0000_ev.dat,"Okay, let's go.",16
scena/mp0000_ev.dat:0x188f8b,scena/mp0000_ev.dat,"Okay, I get it. Let's get moving.",34
scena/mp0000_ev.dat:0x188fbc,scena/mp0000_ev.dat,"Yeah, let's do that.",21
scena/mp0000_ev.dat:0x188fe0,scena/mp0000_ev.dat,"Got it. Off we go, then.",25
scena/mp0000_ev.dat:0x189036,scena/mp0000_ev.dat,This is...Elger the blacksmith's place.,40
scena/mp0000_ev.dat:0x189073,scena/mp0000_ev.dat,"though, and the forge is cool.",31
scena/mp0000_ev.dat:0x189092,scena/mp0000_ev.dat,"There's no fire lit,",21
scena/mp0000_ev.dat:0x1890bd,scena/mp0000_ev.dat,The 'Eight-Eyed Iron Beast' from the card...,45
scena/mp0000_ev.dat:0x1890fa,scena/mp0000_ev.dat,...You think it's here?,24
scena/mp0000_ev.dat:0x189123,scena/mp0000_ev.dat,"Yeah... Can't say I'm confident, though.",41
scena/mp0000_ev.dat:0x18915c,scena/mp0000_ev.dat,I'll take a look...just to make sure.,38
scena/mp0000_ev.dat:0x1891e0,scena/mp0000_ev.dat,"<K4>...Oh, here it is!",23
scena/mp0000_ev.dat:0x18925b,scena/mp0000_ev.dat,"Let's see, what's it say...?",29
scena/mp0000_ev.dat:0x189287,scena/mp0000_ev.dat,What you seek is deep within.,30
scena/mp0000_ev.dat:0x1892a5,scena/mp0000_ev.dat,Open the 'sealed door.',24
scena/mp0000_ev.dat:0x1892bd,scena/mp0000_ev.dat,<C1>Using this key,19
scena/mp0000_ev.dat:0x1892e2,scena/mp0000_ev.dat,Obtained ,10
scena/mp0000_ev.dat:0x1892ec,scena/mp0000_ev.dat,"...So, uh, we have a key now, but...",37
scena/mp0000_ev.dat:0x189325,scena/mp0000_ev.dat,Where the heck do we use it?,29
scena/mp0000_ev.dat:0x189356,scena/mp0000_ev.dat,"This 'sealed door' must be in the city, too.",45
scena/mp0000_ev.dat:0x189393,scena/mp0000_ev.dat,Let's try every door we can.,29
scena/mp0000_ev.dat:0x1893cd,scena/mp0000_ev.dat,Yeah... That might be the fastest way.,39
scena/mp0000_ev.dat:0x189403,scena/mp0000_ev.dat,"Well, not like we've got a choice.",35
scena/mp0000_ev.dat:0x189442,scena/mp0000_ev.dat,"Right, it's our only option.",29
scena/mp0000_ev.dat:0x18947b,scena/mp0000_ev.dat,Heh. No other avenues in sight.,32
scena/mp0000_ev.dat:0x18949b,scena/mp0000_ev.dat,down a little... I bet it won't take long.,43
scena/mp0000_ev.dat:0x1894c6,scena/mp0000_ev.dat,'Deep within' should narrow things,35
scena/mp0000_ev.dat:0x189505,scena/mp0000_ev.dat,We'll just have to buckle down and keep going.,47
scena/mp0000_ev.dat:0x189560,scena/mp0000_ev.dat,Obtained ,10
scena/mp0000_ev.dat:0x189585,scena/mp0000_ev.dat,<C1>A large monster is roaming around.,39
scena/mp0000_ev.dat:0x1895d2,scena/mp0000_ev.dat,Eliminate it,13
scena/mp0000_ev.dat:0x189627,scena/mp0000_ev.dat,<C1>A large monster is roaming around.,39
scena/mp0000_ev.dat:0x189674,scena/mp0000_ev.dat,Eliminate it,13
scena/mp0000_ev.dat:0x1896c9,scena/mp0000_ev.dat,<C1>A large monster is roaming around.,39
scena/mp0000_ev.dat:0x189716,scena/mp0000_ev.dat,Eliminate it,13
scena/mp0000_ev.dat:0x18976b,scena/mp0000_ev.dat,<C1>A large monster is roaming around.,39
scena/mp0000_ev.dat:0x1897b8,scena/mp0000_ev.dat,Eliminate it,13
scena/mp0000_ev.dat:0x18980d,scena/mp0000_ev.dat,<C1>A large monster is roaming around.,39
scena/mp0000_ev.dat:0x18985a,scena/mp0000_ev.dat,Eliminate it,13
scena/mp0000_ev.dat:0x1898af,scena/mp0000_ev.dat,<C1>A large monster is roaming around.,39
scena/mp0000_ev.dat:0x1898fc,scena/mp0000_ev.dat,Eliminate it,13
