offset,file,text_en,byte_budget
scena/mp0000.dat:0x4886e,scena/mp0000.dat,@& C,5
scena/mp0000.dat:0x4a935,scena/mp0000.dat,@& K,5
scena/mp0000.dat:0x4b570,scena/mp0000.dat,@& N,5
scena/mp0000.dat:0x4f8c3,scena/mp0000.dat,@& \,5
scena/mp0000.dat:0x5c6d0,scena/mp0000.dat,No way! It's Estelle!!!,24
scena/mp0000.dat:0x5c6f7,scena/mp0000.dat,"Hi, Luke! How've you been?",27
scena/mp0000.dat:0x5c757,scena/mp0000.dat,moment I've been training for.,31
scena/mp0000.dat:0x5c776,scena/mp0000.dat,So we meet again! This is the,30
scena/mp0000.dat:0x5c7a3,scena/mp0000.dat,"Estelle Bright, I challenge you to a duel!",43
scena/mp0000.dat:0x5c7dd,scena/mp0000.dat,duel are we talking about?,27
scena/mp0000.dat:0x5c7f8,scena/mp0000.dat,A duel...? What sort of,24
scena/mp0000.dat:0x5c824,scena/mp0000.dat,"One-on-one combat, what else?!",31
scena/mp0000.dat:0x5c852,scena/mp0000.dat,"I'm way stronger than I was before, you know!",46
scena/mp0000.dat:0x5c88f,scena/mp0000.dat,"duel some other time, okay?",28
scena/mp0000.dat:0x5c8ab,scena/mp0000.dat,I'm sure you are... But let's,30
scena/mp0000.dat:0x5c8dc,scena/mp0000.dat,"..........Wait, what?",22
scena/mp0000.dat:0x5c916,scena/mp0000.dat,with a weak attitude like that?,32
scena/mp0000.dat:0x5c936,scena/mp0000.dat,Can you even call yourself a senior bracer,43
scena/mp0000.dat:0x5c970,scena/mp0000.dat,"...Wait, is something wrong?",29
scena/mp0000.dat:0x5c99c,scena/mp0000.dat,Nothing's wrong. I'm the same as always!,41
scena/mp0000.dat:0x5c9d8,scena/mp0000.dat,All that prep for nothing...,29
scena/mp0000.dat:0x5ca04,scena/mp0000.dat,Sorry? What was that?,22
scena/mp0000.dat:0x5ca49,scena/mp0000.dat,Guess I should head home before it gets dark.,46
scena/mp0000.dat:0x5ca86,scena/mp0000.dat,"a duel, though! You promised!",30
scena/mp0000.dat:0x5caa4,scena/mp0000.dat,Don't forget you owe me,24
scena/mp0000.dat:0x5cacb,scena/mp0000.dat,Oh! Estelle!,13
scena/mp0000.dat:0x5cae7,scena/mp0000.dat,Hiya Luke!,11
scena/mp0000.dat:0x5cb06,scena/mp0000.dat,Good to see you're alright now.,32
scena/mp0000.dat:0x5cb39,scena/mp0000.dat,"Hehe, sure am.",15
scena/mp0000.dat:0x5cb57,scena/mp0000.dat,But I kind of regret waking up so soon.,40
scena/mp0000.dat:0x5cb8e,scena/mp0000.dat,I was having the most amazing dream.,37
scena/mp0000.dat:0x5cbc2,scena/mp0000.dat,Oh yeah?,9
scena/mp0000.dat:0x5cbde,scena/mp0000.dat,Hehe... I dreamed about being a kickass bracer!,48
scena/mp0000.dat:0x5cc1d,scena/mp0000.dat,I was way more awesome than you!,33
scena/mp0000.dat:0x5cc4d,scena/mp0000.dat,Haha! You're so predictable.,29
scena/mp0000.dat:0x5cc7e,scena/mp0000.dat,your dream will become reality!,32
scena/mp0000.dat:0x5cc9e,scena/mp0000.dat,But work hard and maybe,24
scena/mp0000.dat:0x5ccc9,scena/mp0000.dat,my dust when the time comes!,29
scena/mp0000.dat:0x5cce6,scena/mp0000.dat,Hah! Just be ready to eat,26
scena/mp0000.dat:0x5cd0f,scena/mp0000.dat,"By the way, you still owe me a duel...",39
scena/mp0000.dat:0x5cd45,scena/mp0000.dat,"Dang, I was hoping you'd forgotten about that...",49
scena/mp0000.dat:0x5cd8a,scena/mp0000.dat,Are you ready for it now?,26
scena/mp0000.dat:0x5cda4,scena/mp0000.dat,"But okay, a promise is a promise.",34
scena/mp0000.dat:0x5cdd9,scena/mp0000.dat,Nah... Let's do it some other time.,36
scena/mp0000.dat:0x5ce0c,scena/mp0000.dat,I caused you enough trouble for one day...,43
scena/mp0000.dat:0x5ce46,scena/mp0000.dat,you off the hook for now!,26
scena/mp0000.dat:0x5ce60,scena/mp0000.dat,Just be happy I'm letting,26
scena/mp0000.dat:0x5ce89,scena/mp0000.dat,"You always have to get the last word, huh...",45
scena/mp0000.dat:0x5cec9,scena/mp0000.dat,wait until the time is right.,30
scena/mp0000.dat:0x5cee7,scena/mp0000.dat,"...Well, fine. The duel can",28
scena/mp0000.dat:0x5cf16,scena/mp0000.dat,You better be ready!,21
scena/mp0000.dat:0x5cf3a,scena/mp0000.dat,gonna wipe the floor with you!,31
scena/mp0000.dat:0x5cf59,scena/mp0000.dat,My awesome sword skills are,28
scena/mp0000.dat:0x5cf84,scena/mp0000.dat,"Hehe, you still got a long way to go, kid!",43
scena/mp0000.dat:0x5cfc2,scena/mp0000.dat,Train hard or you'll be the one eating dirt.,45
scena/mp0000.dat:0x5d003,scena/mp0000.dat,Hehe... You wish!,18
scena/mp0000.dat:0x5d024,scena/mp0000.dat,"Hehe, you still got a long way to go, kid!",43
scena/mp0000.dat:0x5d062,scena/mp0000.dat,if you want to be a bracer someday.,36
scena/mp0000.dat:0x5d086,scena/mp0000.dat,You're gonna need a lot more training,38
scena/mp0000.dat:0x5d0bf,scena/mp0000.dat,"Yeah, yeah, just you wait!",27
scena/mp0000.dat:0x5d0e9,scena/mp0000.dat,"Estelle! Next time we meet, it's duel time!",44
scena/mp0000.dat:0x5d124,scena/mp0000.dat,And don't you dare forget it!,30
scena/mp0000.dat:0x5d151,scena/mp0000.dat,to become a bracer too. You'll see!,36
scena/mp0000.dat:0x5d175,scena/mp0000.dat,I'll get good enough with my sword,35
scena/mp0000.dat:0x5d1a7,scena/mp0000.dat,even better than you!,22
scena/mp0000.dat:0x5d1bd,scena/mp0000.dat,"Before you know it, I'm gonna be",33
scena/mp0000.dat:0x5d1ff,scena/mp0000.dat, we know the highway isn't safe.,33
scena/mp0000.dat:0x5d22f,scena/mp0000.dat,We'll just have to hang out in town today.,43
scena/mp0000.dat:0x5d269,scena/mp0000.dat,Pat's mom totally sucks.,25
scena/mp0000.dat:0x5d291,scena/mp0000.dat,the church out of nowhere.,27
scena/mp0000.dat:0x5d2ac,scena/mp0000.dat,She just dragged me off to,27
scena/mp0000.dat:0x5d2d6,scena/mp0000.dat,there and be quiet the whole time!,35
scena/mp0000.dat:0x5d2f9,scena/mp0000.dat,And then she made me sit,25
scena/mp0000.dat:0x5d321,scena/mp0000.dat,Why do grown ups only like doing boring stuff?,47
scena/mp0000.dat:0x5d35f,scena/mp0000.dat,not gonna get married.,23
scena/mp0000.dat:0x5d376,scena/mp0000.dat,"When I grow up, I'm definitely",31
scena/mp0000.dat:0x5d3a4,scena/mp0000.dat,so why the heck do I have to go?,33
scena/mp0000.dat:0x5d3c5,scena/mp0000.dat,"I don't give a crap about weddings,",36
scena/mp0000.dat:0x5d3f8,scena/mp0000.dat,Sheesh... Pat's mom is so lame.,32
scena/mp0000.dat:0x5d427,scena/mp0000.dat,Oooh! There she is!,20
scena/mp0000.dat:0x5d44a,scena/mp0000.dat,"Hey, Estelle!",14
scena/mp0000.dat:0x5d467,scena/mp0000.dat,"Um, Estelle...",15
scena/mp0000.dat:0x5d485,scena/mp0000.dat,"So, you're back, huh?",22
scena/mp0000.dat:0x5d4aa,scena/mp0000.dat,"Haha, you don't need to scream your heads off.",47
scena/mp0000.dat:0x5d4ed,scena/mp0000.dat,"Looks like you really missed me though, huh?",45
scena/mp0000.dat:0x5d52d,scena/mp0000.dat,were waiting for you? Wrong!,29
scena/mp0000.dat:0x5d54a,scena/mp0000.dat,"Wh-What? Oh, you thought we",28
scena/mp0000.dat:0x5d575,scena/mp0000.dat,see you today. That's all.,27
scena/mp0000.dat:0x5d590,scena/mp0000.dat,I-I just didn't expect to,26
scena/mp0000.dat:0x5d5b9,scena/mp0000.dat,Huh? But...,12
scena/mp0000.dat:0x5d5d4,scena/mp0000.dat,Didn't you say you were waiting for her?,41
scena/mp0000.dat:0x5d60c,scena/mp0000.dat,Sh-shut up! I never said that!,31
scena/mp0000.dat:0x5d63a,scena/mp0000.dat,"Aww, Luke. That's so sweet of you.",35
scena/mp0000.dat:0x5d670,scena/mp0000.dat,let me show you some love!,27
scena/mp0000.dat:0x5d68b,scena/mp0000.dat,"Now, stop being shy and",24
scena/mp0000.dat:0x5d6b7,scena/mp0000.dat,Y-You're creeping me out!,26
scena/mp0000.dat:0x5d6e0,scena/mp0000.dat,"Anyway, aren't you forgetting something?",41
scena/mp0000.dat:0x5d718,scena/mp0000.dat,It's duel time! Estelle! It's you versus me!,45
scena/mp0000.dat:0x5d754,scena/mp0000.dat,Y-You're creeping me out!,26
scena/mp0000.dat:0x5d77d,scena/mp0000.dat,And you owe me a duel!,23
scena/mp0000.dat:0x5d7a3,scena/mp0000.dat,you chicken out this time!,27
scena/mp0000.dat:0x5d7be,scena/mp0000.dat,"So, bring it on! I'm not letting",33
scena/mp0000.dat:0x5d7ee,scena/mp0000.dat,*Sigh* You want to duel now? Seriously?,40
scena/mp0000.dat:0x5d829,scena/mp0000.dat,Hurry up and get home before you get hurt.,43
scena/mp0000.dat:0x5d854,scena/mp0000.dat,"In this fog? No way, little man.",33
scena/mp0000.dat:0x5d888,scena/mp0000.dat,"Come on, the fog only makes it better!",39
scena/mp0000.dat:0x5d8be,scena/mp0000.dat,cooler setting for our duel!,29
scena/mp0000.dat:0x5d8db,scena/mp0000.dat,I can't think of a single,26
scena/mp0000.dat:0x5d904,scena/mp0000.dat,not ready to fight in one.,27
scena/mp0000.dat:0x5d91f,scena/mp0000.dat,And that just proves you're,28
scena/mp0000.dat:0x5d94f,scena/mp0000.dat,other people worry about you.,30
scena/mp0000.dat:0x5d96d,scena/mp0000.dat,There's nothing cool about making,34
scena/mp0000.dat:0x5d9a2,scena/mp0000.dat,happened in the Esmelas Tower?,31
scena/mp0000.dat:0x5d9c1,scena/mp0000.dat,Do I have to remind you what,29
scena/mp0000.dat:0x5da07,scena/mp0000.dat,D-Don't be so hard on him...,29
scena/mp0000.dat:0x5da33,scena/mp0000.dat,you can stand on your own two feet.,36
scena/mp0000.dat:0x5da57,scena/mp0000.dat,"Listen, you're not a grown-up until",36
scena/mp0000.dat:0x5da8f,scena/mp0000.dat,you can't even keep yourself safe?,35
scena/mp0000.dat:0x5dab2,scena/mp0000.dat,How are you going to help people if,36
scena/mp0000.dat:0x5dae9,scena/mp0000.dat,You shouldn't need me to tell you that.,40
scena/mp0000.dat:0x5db24,scena/mp0000.dat,learn from your mistakes for once.,35
scena/mp0000.dat:0x5db47,scena/mp0000.dat,I really wanna see you actually,32
scena/mp0000.dat:0x5db92,scena/mp0000.dat,F-Fine! We'll duel some other time then!,41
scena/mp0000.dat:0x5dbca,scena/mp0000.dat,"Sorry for the trouble, Estelle.",32
scena/mp0000.dat:0x5dbf9,scena/mp0000.dat,We'll get home before dark.,28
scena/mp0000.dat:0x5dc24,scena/mp0000.dat,"Good, make sure you do! Promise?",33
scena/mp0000.dat:0x5dc70,scena/mp0000.dat,"Whatever, just don't forget about our duel!",44
scena/mp0000.dat:0x5dcab,scena/mp0000.dat,Sure thing.,12
scena/mp0000.dat:0x5dccb,scena/mp0000.dat,"Once the fog clears, hit me up anytime.",40
scena/mp0000.dat:0x5dd06,scena/mp0000.dat,You got it!,12
scena/mp0000.dat:0x5dd21,scena/mp0000.dat,Oh! Estelle and Joshua!,24
scena/mp0000.dat:0x5dd48,scena/mp0000.dat,Hey Estelle! Hello Joshua!,27
scena/mp0000.dat:0x5dd72,scena/mp0000.dat,Welcome back! You're hanging out together today?,49
scena/mp0000.dat:0x5ddca,scena/mp0000.dat,"Estelle? And Joshua, too?!",27
scena/mp0000.dat:0x5ddf4,scena/mp0000.dat,Oh! Joshua!,12
scena/mp0000.dat:0x5de0f,scena/mp0000.dat,You're finally back!,21
scena/mp0000.dat:0x5de33,scena/mp0000.dat,"Yup. Sure took him a while, didn't it?",39
scena/mp0000.dat:0x5de6d,scena/mp0000.dat,Nice to see you guys again.,28
scena/mp0000.dat:0x5de9c,scena/mp0000.dat,still up to your usual antics.,31
scena/mp0000.dat:0x5debb,scena/mp0000.dat,"Haha, looks like you're",24
scena/mp0000.dat:0x5dee7,scena/mp0000.dat,Hehe. You know us!,19
scena/mp0000.dat:0x5df09,scena/mp0000.dat,Are you working today?,23
scena/mp0000.dat:0x5df2f,scena/mp0000.dat,"happened to the orbments, right?",33
scena/mp0000.dat:0x5df50,scena/mp0000.dat,You're trying to figure out what,33
scena/mp0000.dat:0x5df80,scena/mp0000.dat,First guess and you got it.,28
scena/mp0000.dat:0x5dfaf,scena/mp0000.dat,"can solve overnight, though.",29
scena/mp0000.dat:0x5dfcc,scena/mp0000.dat,It's not exactly something we,30
scena/mp0000.dat:0x5dffd,scena/mp0000.dat,Pfft! Sounds boring.,21
scena/mp0000.dat:0x5e021,scena/mp0000.dat,the floating island instead!,29
scena/mp0000.dat:0x5e03e,scena/mp0000.dat,You should investigate,23
scena/mp0000.dat:0x5e064,scena/mp0000.dat,We would if we could.,22
scena/mp0000.dat:0x5e08e,scena/mp0000.dat,"working everywhere, right?",27
scena/mp0000.dat:0x5e0a9,scena/mp0000.dat,You know that orbments stopped,31
scena/mp0000.dat:0x5e0db,scena/mp0000.dat,it's not safe outside town.,28
scena/mp0000.dat:0x5e0f7,scena/mp0000.dat,"With no lights on the highway,",31
scena/mp0000.dat:0x5e129,scena/mp0000.dat,"So, don't play out there for now, kids.",40
scena/mp0000.dat:0x5e164,scena/mp0000.dat,"Heh. Yeah, we know all about that.",35
scena/mp0000.dat:0x5e196,scena/mp0000.dat,to do here in town for today!,30
scena/mp0000.dat:0x5e1b4,scena/mp0000.dat,Guess we'll have to find things,32
scena/mp0000.dat:0x5e1e3,scena/mp0000.dat,"Alright! Let's go, Pat!",24
scena/mp0000.dat:0x5e21f,scena/mp0000.dat,See you later!,15
scena/mp0000.dat:0x5e23d,scena/mp0000.dat,"Um, okay...",12
scena/mp0000.dat:0x5e258,scena/mp0000.dat,See you around!,16
scena/mp0000.dat:0x5e293,scena/mp0000.dat,You're back! It's great to see you!,36
scena/mp0000.dat:0x5e2c6,scena/mp0000.dat,Yup! It's good to be home.,27
scena/mp0000.dat:0x5e2f5,scena/mp0000.dat,Luke wanna start sword training.,33
scena/mp0000.dat:0x5e316,scena/mp0000.dat,Hearing about your adventures made,35
scena/mp0000.dat:0x5e348,scena/mp0000.dat,He swears he's gonna get stronger than you!,44
scena/mp0000.dat:0x5e383,scena/mp0000.dat,he took up sword practice.,27
scena/mp0000.dat:0x5e39e,scena/mp0000.dat,"Luke was so impressed by your adventures,",42
scena/mp0000.dat:0x5e3d7,scena/mp0000.dat,He swears he's gonna get stronger than you!,44
scena/mp0000.dat:0x5e412,scena/mp0000.dat,"I'll go home before dark, like you said.",41
scena/mp0000.dat:0x5e44a,scena/mp0000.dat,I'll make sure he comes back with me.,38
scena/mp0000.dat:0x5e4a2,scena/mp0000.dat,Hey Estelle! Luke is all better now!,37
scena/mp0000.dat:0x5e4d6,scena/mp0000.dat,"this dream he had, though.",27
scena/mp0000.dat:0x5e4f1,scena/mp0000.dat,He won't stop talking about,28
scena/mp0000.dat:0x5e51c,scena/mp0000.dat,He's super excited about it.,29
scena/mp0000.dat:0x5e548,scena/mp0000.dat,about his dream since he woke up.,34
scena/mp0000.dat:0x5e56a,scena/mp0000.dat,Luke's been talking non-stop,29
scena/mp0000.dat:0x5e596,scena/mp0000.dat,He's super excited about it.,29
scena/mp0000.dat:0x5e5c2,scena/mp0000.dat,I'd play with Luke today if I could...,39
scena/mp0000.dat:0x5e5f8,scena/mp0000.dat,"But I gotta get back home early, so I can't.",45
scena/mp0000.dat:0x5e634,scena/mp0000.dat,Meh... I don't like going to weddings either.,46
scena/mp0000.dat:0x5e671,scena/mp0000.dat,Mom dragging me to a wedding is one thing...,45
scena/mp0000.dat:0x5e6ad,scena/mp0000.dat,But she also forced Luke to come with us.,42
scena/mp0000.dat:0x5e6e6,scena/mp0000.dat,I kinda felt sorry for him.,28
scena/mp0000.dat:0x5e711,scena/mp0000.dat,come to the wedding with us.,29
scena/mp0000.dat:0x5e72e,scena/mp0000.dat,I can't believe Mom made Luke,30
scena/mp0000.dat:0x5e75b,scena/mp0000.dat,I kinda felt sorry for him.,28
scena/mp0000.dat:0x5e786,scena/mp0000.dat,"What's up, Estelle!",20
scena/mp0000.dat:0x5e7a9,scena/mp0000.dat,"Hi there, Cruse. How's it going?",33
scena/mp0000.dat:0x5e803,scena/mp0000.dat,And who are you?!,18
scena/mp0000.dat:0x5e824,scena/mp0000.dat,Are you...talking to me?,25
scena/mp0000.dat:0x5e851,scena/mp0000.dat,Oh! Let me guess...,20
scena/mp0000.dat:0x5e874,scena/mp0000.dat,come between Joshua and Estelle!,33
scena/mp0000.dat:0x5e895,scena/mp0000.dat,You're some mystery man here to,32
scena/mp0000.dat:0x5e8c4,scena/mp0000.dat,triangle behind my back! That's so unfair!,43
scena/mp0000.dat:0x5e8ef,scena/mp0000.dat,Don't even think about turning this into a love,48
scena/mp0000.dat:0x5e92e,scena/mp0000.dat,"Um... Cruse, what are you talking about?",41
scena/mp0000.dat:0x5e96a,scena/mp0000.dat,withers away as a result of your untimely demise.,50
scena/mp0000.dat:0x5e99c,scena/mp0000.dat,blooms into an unexpected friendship that soon,47
scena/mp0000.dat:0x5e9cb,scena/mp0000.dat,I can see it now. Your struggle against Joshua,47
scena/mp0000.dat:0x5ea09,scena/mp0000.dat,Y-You have quite the imagination...,36
scena/mp0000.dat:0x5ea41,scena/mp0000.dat,"Estelle, where's Joshua?",25
scena/mp0000.dat:0x5ea69,scena/mp0000.dat,Did you dump him for the new guy?,34
scena/mp0000.dat:0x5eadf,scena/mp0000.dat,"Oh, Estelle and Schera! Hello!",31
scena/mp0000.dat:0x5eb0d,scena/mp0000.dat,"Hi, Cruse!",11
scena/mp0000.dat:0x5eb2b,scena/mp0000.dat,much trouble while we were away.,33
scena/mp0000.dat:0x5eb4c,scena/mp0000.dat,I hope you didn't cause too,28
scena/mp0000.dat:0x5eb7c,scena/mp0000.dat,Heh! I would never!,20
scena/mp0000.dat:0x5eb9f,scena/mp0000.dat,"Oh, Estelle. I wanted to ask you something...",46
scena/mp0000.dat:0x5ebdc,scena/mp0000.dat,working separately these days...,33
scena/mp0000.dat:0x5ebfd,scena/mp0000.dat,"So, I heard you and Joshua are",31
scena/mp0000.dat:0x5ec2b,scena/mp0000.dat,just a cover-up for the real story!,36
scena/mp0000.dat:0x5ec4f,scena/mp0000.dat,But my intuition tells me that's,33
scena/mp0000.dat:0x5ec7f,scena/mp0000.dat,"an evil organization, right?",29
scena/mp0000.dat:0x5ec9c,scena/mp0000.dat,on a top-secret mission to take down,37
scena/mp0000.dat:0x5ecc1,scena/mp0000.dat,The truth is that the guild has sent him,41
scena/mp0000.dat:0x5ecf9,scena/mp0000.dat,(Whoa... Her intuition scares me!),35
scena/mp0000.dat:0x5ed30,scena/mp0000.dat,That would make the most sense.,32
scena/mp0000.dat:0x5ed5f,scena/mp0000.dat,Ordinary work just isn't Joshua's style.,41
scena/mp0000.dat:0x5ed97,scena/mp0000.dat,trying to sneak into the bad guy's HQ...,41
scena/mp0000.dat:0x5edc0,scena/mp0000.dat,"He's out there on his own,",27
scena/mp0000.dat:0x5edea,scena/mp0000.dat,Aah! Joshua is just so cool!,29
scena/mp0000.dat:0x5ee16,scena/mp0000.dat,"Oh, and one more thing.",24
scena/mp0000.dat:0x5ee3d,scena/mp0000.dat,"mid-route at one point, or so I hear.",38
scena/mp0000.dat:0x5ee63,scena/mp0000.dat,You two also had to get off an airliner,40
scena/mp0000.dat:0x5ee9a,scena/mp0000.dat,"Y-Yeah, we did...",18
scena/mp0000.dat:0x5eec0,scena/mp0000.dat,Nothing gets past you.,23
scena/mp0000.dat:0x5eeea,scena/mp0000.dat,pretty dull around here story-wise.,36
scena/mp0000.dat:0x5ef0e,scena/mp0000.dat,"With Cassius gone, it's been getting",37
scena/mp0000.dat:0x5ef42,scena/mp0000.dat,spice things up a bit for me. ,31
scena/mp0000.dat:0x5ef61,scena/mp0000.dat,"So, get out there and try to",29
scena/mp0000.dat:0x5ef8d,scena/mp0000.dat,I'll be waiting on the edge of my seat!,40
scena/mp0000.dat:0x5efc4,scena/mp0000.dat,about without Cassius here.,28
scena/mp0000.dat:0x5efe0,scena/mp0000.dat,There's not much to talk,25
scena/mp0000.dat:0x5f008,scena/mp0000.dat,to spark much excitement.,26
scena/mp0000.dat:0x5f022,scena/mp0000.dat,Ridge alone just isn't enough,30
scena/mp0000.dat:0x5f04f,scena/mp0000.dat,"Estelle and Schera! Why, hello!",32
scena/mp0000.dat:0x5f07e,scena/mp0000.dat,Is it true you'll be leaving Rolent?,37
scena/mp0000.dat:0x5f0b2,scena/mp0000.dat,"Yes, we'll be moving on soon.",30
scena/mp0000.dat:0x5f0e3,scena/mp0000.dat,"Sorry, Cruse. They need us somewhere else.",43
scena/mp0000.dat:0x5f121,scena/mp0000.dat,But why do you both have to go...,34
scena/mp0000.dat:0x5f152,scena/mp0000.dat,Oh! I bet it's something really serious!,41
scena/mp0000.dat:0x5f18a,scena/mp0000.dat,Intelligence Division holdouts making a move?,46
scena/mp0000.dat:0x5f1b8,scena/mp0000.dat,the cover of the non-aggression pact? Or are,45
scena/mp0000.dat:0x5f1e5,scena/mp0000.dat,Could it be Erebonian war hawks conspiring under,49
scena/mp0000.dat:0x5f237,scena/mp0000.dat, sky pirates!,14
scena/mp0000.dat:0x5f245,scena/mp0000.dat,Or maybe it's something no,27
scena/mp0000.dat:0x5f26f,scena/mp0000.dat,Hmm... So many possibilities...,32
scena/mp0000.dat:0x5f29e,scena/mp0000.dat,(Wow... She's actually not that far off.),42
scena/mp0000.dat:0x5f2db,scena/mp0000.dat,(This kid's got some serious potential.),41
scena/mp0000.dat:0x5f317,scena/mp0000.dat,"Considering the timing, is it...",33
scena/mp0000.dat:0x5f347,scena/mp0000.dat,Or there's always the sky pirates...,37
scena/mp0000.dat:0x5f36c,scena/mp0000.dat,Intelligence Division intrigue?,32
scena/mp0000.dat:0x5f38c,scena/mp0000.dat,Imperial warmongers?,21
scena/mp0000.dat:0x5f3b0,scena/mp0000.dat,Hmm... Can't quite put my finger on it...,42
scena/mp0000.dat:0x5f3e9,scena/mp0000.dat,Who have we got here? Estelle and Joshua!,42
scena/mp0000.dat:0x5f44c,scena/mp0000.dat,Pleased to see you too.,24
scena/mp0000.dat:0x5f478,scena/mp0000.dat,How've you been?,17
scena/mp0000.dat:0x5f49c,scena/mp0000.dat,"What's up, Cruse!",18
scena/mp0000.dat:0x5f4c2,scena/mp0000.dat,Nice to see you. How've you been?,34
scena/mp0000.dat:0x5f4f7,scena/mp0000.dat,Reporters can't afford to get sick!,36
scena/mp0000.dat:0x5f51b,scena/mp0000.dat,"I've been doing just fine, thanks!",35
scena/mp0000.dat:0x5f554,scena/mp0000.dat,"in town at the same time, it can only mean one",47
scena/mp0000.dat:0x5f583,scena/mp0000.dat,If the three most promising young bracers are all,50
scena/mp0000.dat:0x5f5c4,scena/mp0000.dat,shutdown phenomenon! Am I right?,33
scena/mp0000.dat:0x5f5e5,scena/mp0000.dat,You guys are investigating the orbal,37
scena/mp0000.dat:0x5f620,scena/mp0000.dat,"town at the same time, it can only mean one",44
scena/mp0000.dat:0x5f64c,scena/mp0000.dat,If the two most promising young bracers are all in,51
scena/mp0000.dat:0x5f68e,scena/mp0000.dat,shutdown phenomenon! Am I right?,33
scena/mp0000.dat:0x5f6af,scena/mp0000.dat,You guys are investigating the orbal,37
scena/mp0000.dat:0x5f6e3,scena/mp0000.dat,Wow. Her intuition's as good as ever...,40
scena/mp0000.dat:0x5f71e,scena/mp0000.dat,And you sure know a lot of big words.,38
scena/mp0000.dat:0x5f757,scena/mp0000.dat,I interviewed Freddy about it.,31
scena/mp0000.dat:0x5f785,scena/mp0000.dat,shutdown is what everyone's really talking about.,50
scena/mp0000.dat:0x5f7b7,scena/mp0000.dat,"There's the floating island too, but the orbal",47
scena/mp0000.dat:0x5f7f5,scena/mp0000.dat,I'm thinking about looking into this myself!,45
scena/mp0000.dat:0x5f831,scena/mp0000.dat,the orbal shutdown phenomenon...,33
scena/mp0000.dat:0x5f852,scena/mp0000.dat,The hot topic right now is,27
scena/mp0000.dat:0x5f87c,scena/mp0000.dat,"Ellie's wedding today, though!",31
scena/mp0000.dat:0x5f89b,scena/mp0000.dat,Can't forget about Armand's and,32
scena/mp0000.dat:0x5f8ca,scena/mp0000.dat,so I can get all the juicy details.,36
scena/mp0000.dat:0x5f8ee,scena/mp0000.dat,"I even scored an invite,",25
scena/mp0000.dat:0x5f916,scena/mp0000.dat,readers won't stick around for long.,37
scena/mp0000.dat:0x5f93b,scena/mp0000.dat,"If you don't keep up with local coverage,",42
scena/mp0000.dat:0x5f974,scena/mp0000.dat,"Ellie's wedding today, though!",31
scena/mp0000.dat:0x5f993,scena/mp0000.dat,Can't forget about Armand's and,32
scena/mp0000.dat:0x5f9c2,scena/mp0000.dat,so I can get all the juicy details.,36
scena/mp0000.dat:0x5f9e6,scena/mp0000.dat,"I even scored an invite,",25
scena/mp0000.dat:0x5fa0e,scena/mp0000.dat,Who have we got here? Estelle and Joshua!,42
scena/mp0000.dat:0x5fa71,scena/mp0000.dat,Pleased to see you too.,24
scena/mp0000.dat:0x5fa9d,scena/mp0000.dat,How've you been?,17
scena/mp0000.dat:0x5fac1,scena/mp0000.dat,"What's up, Cruse!",18
scena/mp0000.dat:0x5fae7,scena/mp0000.dat,Nice to see you. How've you been?,34
scena/mp0000.dat:0x5fb1c,scena/mp0000.dat,Reporters can't afford to get sick!,36
scena/mp0000.dat:0x5fb40,scena/mp0000.dat,"I've been doing just fine, thanks!",35
scena/mp0000.dat:0x5fb72,scena/mp0000.dat,got another heroic deed under your belts!,42
scena/mp0000.dat:0x5fb9c,scena/mp0000.dat,What about you guys? I heard you've,36
scena/mp0000.dat:0x5fbcf,scena/mp0000.dat,there from what I've been hearing.,35
scena/mp0000.dat:0x5fbf2,scena/mp0000.dat,You're really making waves out,31
scena/mp0000.dat:0x5fc20,scena/mp0000.dat,the Malga Mine rescue operation!,33
scena/mp0000.dat:0x5fc41,scena/mp0000.dat,"I'm talking, of course, about",30
scena/mp0000.dat:0x5fc6e,scena/mp0000.dat,"As usual, you work fast.",25
scena/mp0000.dat:0x5fc87,scena/mp0000.dat,"Wow, you already heard about that?",35
scena/mp0000.dat:0x5fcbe,scena/mp0000.dat,like she's getting even faster...,34
scena/mp0000.dat:0x5fce0,scena/mp0000.dat,"I'll say... And somehow, it feels",34
scena/mp0000.dat:0x5fd15,scena/mp0000.dat,but you're already the talk of the town!,41
scena/mp0000.dat:0x5fd3e,scena/mp0000.dat,"You've only just gotten back,",30
scena/mp0000.dat:0x5fd6b,scena/mp0000.dat,"of the floating island in no time, right?",42
scena/mp0000.dat:0x5fd95,scena/mp0000.dat,"At this rate, you'll solve the mystery",39
scena/mp0000.dat:0x5fdfc,scena/mp0000.dat,Armand and Ellie's wedding was uneventful.,43
scena/mp0000.dat:0x5fe36,scena/mp0000.dat,offset the more exciting stuff.,32
scena/mp0000.dat:0x5fe56,scena/mp0000.dat,"Still, you need mundane news to",32
scena/mp0000.dat:0x5fe85,scena/mp0000.dat,an excellent source of material.,33
scena/mp0000.dat:0x5fea6,scena/mp0000.dat,"To that end, Armand was",24
scena/mp0000.dat:0x5fecd,scena/mp0000.dat,Armand and Ellie's wedding was uneventful.,43
scena/mp0000.dat:0x5ff07,scena/mp0000.dat,offset the more exciting stuff.,32
scena/mp0000.dat:0x5ff27,scena/mp0000.dat,"Still, you need mundane news to",32
scena/mp0000.dat:0x5ff6d,scena/mp0000.dat,Zzz... Zzz...,14
scena/mp0000.dat:0x5ff8b,scena/mp0000.dat,(Wow... This lady can sleep through anything.),47
scena/mp0000.dat:0x5ffcf,scena/mp0000.dat,Zzz... Zzz...,14
scena/mp0000.dat:0x5ffed,scena/mp0000.dat,Yoohoo! Bracer family~!,24
scena/mp0000.dat:0x60014,scena/mp0000.dat,but returned as a new mother!,30
scena/mp0000.dat:0x60032,scena/mp0000.dat,"Behold! My little Aryll left me,",33
scena/mp0000.dat:0x6007f,scena/mp0000.dat,Sh-She's back? With a full family?,35
scena/mp0000.dat:0x600b5,scena/mp0000.dat,Indeed she is!,15
scena/mp0000.dat:0x600d3,scena/mp0000.dat,devise suitable monikers for them.,35
scena/mp0000.dat:0x600f6,scena/mp0000.dat,Which is why I'm currently trying to,37
scena/mp0000.dat:0x6012a,scena/mp0000.dat,suit these fluffy darlings?,28
scena/mp0000.dat:0x60146,scena/mp0000.dat,Hmm... Which names would,25
scena/mp0000.dat:0x6016f,scena/mp0000.dat,If it isn't the bracers! How are you doing?,44
scena/mp0000.dat:0x601aa,scena/mp0000.dat,They have so much energy!,26
scena/mp0000.dat:0x601c4,scena/mp0000.dat,Just look at these lovely kittens!,35
scena/mp0000.dat:0x601f6,scena/mp0000.dat,"Ahaha... Yup, they sure do!",28
scena/mp0000.dat:0x60226,scena/mp0000.dat,"So, have you picked out names for them yet?",44
scena/mp0000.dat:0x60265,scena/mp0000.dat,No... Not yet...,17
scena/mp0000.dat:0x60285,scena/mp0000.dat,but it's been really hard to choose.,37
scena/mp0000.dat:0x602aa,scena/mp0000.dat,"I've been thinking about what to call them,",44
scena/mp0000.dat:0x602e5,scena/mp0000.dat,names for them before they grow up...,38
scena/mp0000.dat:0x6030b,scena/mp0000.dat,*Sigh* I hope I can come up with,33
scena/mp0000.dat:0x6033b,scena/mp0000.dat,decide much sooner than that!,30
scena/mp0000.dat:0x60359,scena/mp0000.dat,"Um... Yeah, you need to",24
scena/mp0000.dat:0x60385,scena/mp0000.dat,"have names, shouldn't they...",30
scena/mp0000.dat:0x603a3,scena/mp0000.dat,Aryll's kittens should,23
scena/mp0000.dat:0x603c9,scena/mp0000.dat,Hmm... But what would suit them best...,40
scena/mp0000.dat:0x60401,scena/mp0000.dat,How about 'Claudia' for the pun on 'claw?',43
scena/mp0000.dat:0x6043b,scena/mp0000.dat,disrespectful to the princess?,31
scena/mp0000.dat:0x6045a,scena/mp0000.dat,Or would that be too,21
scena/mp0000.dat:0x6047e,scena/mp0000.dat,Hmm... What would make a nice name for a kitten?,49
scena/mp0000.dat:0x604bf,scena/mp0000.dat,How about 'Claudia' for the pun on 'claw?',43
scena/mp0000.dat:0x604f9,scena/mp0000.dat,disrespectful to the princess?,31
scena/mp0000.dat:0x60518,scena/mp0000.dat,Or would that be too,21
scena/mp0000.dat:0x6053c,scena/mp0000.dat,I have to get ready to go out!,31
scena/mp0000.dat:0x6055b,scena/mp0000.dat,"Don't cause any mischief now, kittens!",39
scena/mp0000.dat:0x60591,scena/mp0000.dat,I'm going to a very important event!,37
scena/mp0000.dat:0x605c5,scena/mp0000.dat,Armand and Ellie look so happy together.,41
scena/mp0000.dat:0x605fd,scena/mp0000.dat,itty bitty kitty wedding for my Aryll.,39
scena/mp0000.dat:0x60624,scena/mp0000.dat,*Sigh* I wish I could've organized an,38
scena/mp0000.dat:0x60659,scena/mp0000.dat,what he'd think about it.,26
scena/mp0000.dat:0x60673,scena/mp0000.dat,"Pssst! Aryll, my sweetie. Ask your little hubby",48
scena/mp0000.dat:0x606c9,scena/mp0000.dat,Armand and Ellie look so happy together.,41
scena/mp0000.dat:0x60701,scena/mp0000.dat,itty bitty kitty wedding for my Aryll.,39
scena/mp0000.dat:0x60728,scena/mp0000.dat,*Sigh* I wish I could've organized an,38
scena/mp0000.dat:0x6075d,scena/mp0000.dat,an interesting experience...,29
scena/mp0000.dat:0x6077a,scena/mp0000.dat,Our trip to the capital was,28
scena/mp0000.dat:0x607a5,scena/mp0000.dat,home with Armand just as much.,31
scena/mp0000.dat:0x607c4,scena/mp0000.dat,But I enjoy peaceful days at,29
scena/mp0000.dat:0x607f0,scena/mp0000.dat,Thank you for coming to our wedding.,37
scena/mp0000.dat:0x60815,scena/mp0000.dat,"Hello, my bracer friends!",26
scena/mp0000.dat:0x6083e,scena/mp0000.dat,I promise you we'll be the happiest couple ever!,49
scena/mp0000.dat:0x6087e,scena/mp0000.dat,I'm so happy you found time to celebrate with us.,50
scena/mp0000.dat:0x608bf,scena/mp0000.dat,I promise you we'll be the happiest couple ever!,49
scena/mp0000.dat:0x608ff,scena/mp0000.dat,Please enjoy yourselves.,25
scena/mp0000.dat:0x60918,scena/mp0000.dat,Thank you so much for coming.,30
scena/mp0000.dat:0x60945,scena/mp0000.dat,for the Queen's Birthday Festival.,35
scena/mp0000.dat:0x60968,scena/mp0000.dat,Ellie and I went to the capital,32
scena/mp0000.dat:0x60997,scena/mp0000.dat,because of the coup.,21
scena/mp0000.dat:0x609ac,scena/mp0000.dat,"It didn't turn out as planned, though,",39
scena/mp0000.dat:0x609e2,scena/mp0000.dat,just as I was about to propose!,32
scena/mp0000.dat:0x60a02,scena/mp0000.dat,Guards rushed into the castle,30
scena/mp0000.dat:0x60a2f,scena/mp0000.dat,for the Queen's Birthday Festival.,35
scena/mp0000.dat:0x60a52,scena/mp0000.dat,Ellie and I went to the capital,32
scena/mp0000.dat:0x60a81,scena/mp0000.dat,because of the coup.,21
scena/mp0000.dat:0x60a96,scena/mp0000.dat,"It didn't turn out as planned, though,",39
scena/mp0000.dat:0x60acc,scena/mp0000.dat,"Greetings, bracers!",20
scena/mp0000.dat:0x60aef,scena/mp0000.dat,Really nice of you to come to our wedding!,43
scena/mp0000.dat:0x60b29,scena/mp0000.dat,worries and have some fun!,27
scena/mp0000.dat:0x60b44,scena/mp0000.dat,"Today, let's all forget our",28
scena/mp0000.dat:0x60b6f,scena/mp0000.dat,A wedding's a time for happy thoughts only!,44
scena/mp0000.dat:0x60baa,scena/mp0000.dat,Thanks for making time for us today!,37
scena/mp0000.dat:0x60bde,scena/mp0000.dat,"You're our guests, so enjoy the party!",39
scena/mp0000.dat:0x60c14,scena/mp0000.dat,so you might as well cut loose!,32
scena/mp0000.dat:0x60c34,scena/mp0000.dat,"You're already here,",21
scena/mp0000.dat:0x60c58,scena/mp0000.dat,A wedding's a time for happy thoughts only!,44
scena/mp0000.dat:0x60c93,scena/mp0000.dat,"Well, well...",14
scena/mp0000.dat:0x60cb0,scena/mp0000.dat,Looks to be another peaceful day.,34
scena/mp0000.dat:0x60ce1,scena/mp0000.dat,"this world for war, I tell ya.",31
scena/mp0000.dat:0x60d00,scena/mp0000.dat,There's just no place in,25
scena/mp0000.dat:0x60d28,scena/mp0000.dat,Looks to be another peaceful day.,34
scena/mp0000.dat:0x60d59,scena/mp0000.dat,"this world for war, I tell ya.",31
scena/mp0000.dat:0x60d78,scena/mp0000.dat,There's just no place in,25
scena/mp0000.dat:0x60da0,scena/mp0000.dat,I'm worried about that boy Luke.,33
scena/mp0000.dat:0x60dd0,scena/mp0000.dat,I hope it's nothing serious...,31
scena/mp0000.dat:0x60dfe,scena/mp0000.dat,I'm worried about that boy Luke.,33
scena/mp0000.dat:0x60e2e,scena/mp0000.dat,I hope it's nothing serious...,31
scena/mp0000.dat:0x60e5c,scena/mp0000.dat,...He'll be fine for now.,26
scena/mp0000.dat:0x60e89,scena/mp0000.dat,to worry about. He's just sleeping.,36
scena/mp0000.dat:0x60ead,scena/mp0000.dat,"He hasn't woken up yet, but it's nothing",41
scena/mp0000.dat:0x60ee9,scena/mp0000.dat,"trouble maker, aren't you?",27
scena/mp0000.dat:0x60f04,scena/mp0000.dat,Oh! You're Cassius' little,27
scena/mp0000.dat:0x60f2e,scena/mp0000.dat,"to check in on the boy, then?",30
scena/mp0000.dat:0x60f4c,scena/mp0000.dat,"I see... So, you stopped by",28
scena/mp0000.dat:0x60f77,scena/mp0000.dat,sent us here to investigate.,29
scena/mp0000.dat:0x60f94,scena/mp0000.dat,That's right. The guild,24
scena/mp0000.dat:0x60fbf,scena/mp0000.dat,who brought Luke home.,23
scena/mp0000.dat:0x60fd6,scena/mp0000.dat,They told me you were the one,30
scena/mp0000.dat:0x61007,scena/mp0000.dat,"Mhm, I sure did.",17
scena/mp0000.dat:0x61027,scena/mp0000.dat,the top of the clock tower.,28
scena/mp0000.dat:0x61043,scena/mp0000.dat,I found him out cold at,24
scena/mp0000.dat:0x6106a,scena/mp0000.dat,Did you notice anything suspicious?,36
scena/mp0000.dat:0x610a1,scena/mp0000.dat,Even the smallest detail might help us.,40
scena/mp0000.dat:0x610dc,scena/mp0000.dat,Hmm... It's hard to say...,27
scena/mp0000.dat:0x61106,scena/mp0000.dat,"pay attention to anything else, I'm afraid.",44
scena/mp0000.dat:0x61132,scena/mp0000.dat,"I was so worried about Luke, I couldn't",40
scena/mp0000.dat:0x61169,scena/mp0000.dat,but that's all I can remember.,31
scena/mp0000.dat:0x61188,scena/mp0000.dat,"I wish it weren't so,",22
scena/mp0000.dat:0x611ad,scena/mp0000.dat,It's totally understandable!,29
scena/mp0000.dat:0x611ca,scena/mp0000.dat,Well then... No worries!,25
scena/mp0000.dat:0x611f7,scena/mp0000.dat,Sorry I can't be of more help.,31
scena/mp0000.dat:0x61225,scena/mp0000.dat,of place is also valuable information.,39
scena/mp0000.dat:0x6124c,scena/mp0000.dat,"No, the fact that nothing seemed out",37
scena/mp0000.dat:0x61284,scena/mp0000.dat,Thank you for your help.,25
scena/mp0000.dat:0x612b0,scena/mp0000.dat,"Go easy on the drinking, pops!",31
scena/mp0000.dat:0x612f7,scena/mp0000.dat, I know my limits.,19
scena/mp0000.dat:0x61319,scena/mp0000.dat,Goodbye. Stay safe out there!,30
scena/mp0000.dat:0x61346,scena/mp0000.dat,Luke never would have made it up the tower...,46
scena/mp0000.dat:0x61374,scena/mp0000.dat,"If I'd only been there to stop him,",36
scena/mp0000.dat:0x613a7,scena/mp0000.dat,picked a worse time to walk away.,34
scena/mp0000.dat:0x613c9,scena/mp0000.dat,I'm such a fool. I couldn't have,33
scena/mp0000.dat:0x613f9,scena/mp0000.dat,"Hmph, this fog is as thick as milk!",36
scena/mp0000.dat:0x6142c,scena/mp0000.dat,sounds different in this weather.,34
scena/mp0000.dat:0x6144e,scena/mp0000.dat,"Maybe it's just me, but the bell",33
scena/mp0000.dat:0x6147e,scena/mp0000.dat,It's like the fog is smothering it...,38
scena/mp0000.dat:0x614b3,scena/mp0000.dat,"Hmm, even the clock tower bell sounds muffled.",47
scena/mp0000.dat:0x614f1,scena/mp0000.dat,This dense fog is to blame for everything.,43
scena/mp0000.dat:0x6152b,scena/mp0000.dat,They'll be signing the non-aggression pact today.,50
scena/mp0000.dat:0x6156c,scena/mp0000.dat,taken a step toward a brighter future.,39
scena/mp0000.dat:0x61593,scena/mp0000.dat,"It's a historic day, my friends. Liberl has",44
scena/mp0000.dat:0x615ce,scena/mp0000.dat,the victims of the Hundred Days War as well.,45
scena/mp0000.dat:0x615fb,scena/mp0000.dat,We ought to take this opportunity to honor,43
scena/mp0000.dat:0x61635,scena/mp0000.dat,marks a new chapter in Liberl's history.,41
scena/mp0000.dat:0x6165e,scena/mp0000.dat,The signing of the non-aggression pact,39
scena/mp0000.dat:0x61694,scena/mp0000.dat,the victims of the Hundred Days War as well.,45
scena/mp0000.dat:0x616c1,scena/mp0000.dat,We ought to take this opportunity to honor,43
scena/mp0000.dat:0x616fb,scena/mp0000.dat,back to his usual spirited self.,33
scena/mp0000.dat:0x6171c,scena/mp0000.dat,"Well, young Luke seems to be",29
scena/mp0000.dat:0x61748,scena/mp0000.dat,from all the way over here.,28
scena/mp0000.dat:0x61764,scena/mp0000.dat,I can hear him playing,23
scena/mp0000.dat:0x6178a,scena/mp0000.dat,when the sun's out to rule the day.,36
scena/mp0000.dat:0x617ae,scena/mp0000.dat,Aah! Everything feels right in Rolent,38
scena/mp0000.dat:0x617e3,scena/mp0000.dat,back to his usual spirited self.,33
scena/mp0000.dat:0x61804,scena/mp0000.dat,"Well, young Luke seems to be",29
scena/mp0000.dat:0x61830,scena/mp0000.dat,from all the way over here.,28
scena/mp0000.dat:0x6184c,scena/mp0000.dat,I can hear him playing,23
scena/mp0000.dat:0x61872,scena/mp0000.dat,"Hey, Old Man Pandu!",20
scena/mp0000.dat:0x6189a,scena/mp0000.dat,How are you today?,19
scena/mp0000.dat:0x618c0,scena/mp0000.dat,"Oh, it's you youngsters.",25
scena/mp0000.dat:0x618e8,scena/mp0000.dat,What can I help you with?,26
scena/mp0000.dat:0x61911,scena/mp0000.dat,"Well, you see...",17
scena/mp0000.dat:0x61935,scena/mp0000.dat,a stew recipe that Mr. Lao had told them about.,48
scena/mp0000.dat:0x61965,scena/mp0000.dat,<C1>They explained how they were searching for,47
scena/mp0000.dat:0x61994,scena/mp0000.dat,"same age, aren't you?",22
scena/mp0000.dat:0x619aa,scena/mp0000.dat,You and Mr. Lao are around the,31
scena/mp0000.dat:0x619dc,scena/mp0000.dat,about the dish?,16
scena/mp0000.dat:0x619ec,scena/mp0000.dat,Do you happen to know anything,31
scena/mp0000.dat:0x61a1e,scena/mp0000.dat,in my younger days...,22
scena/mp0000.dat:0x61a34,scena/mp0000.dat,"Hmm, I do remember eating something like that",46
scena/mp0000.dat:0x61a71,scena/mp0000.dat,I don't care much about food.,30
scena/mp0000.dat:0x61a8f,scena/mp0000.dat,"Unlike that Lao fellow,",24
scena/mp0000.dat:0x61ab6,scena/mp0000.dat,"Honestly, I can't remember all that well.",42
scena/mp0000.dat:0x61aef,scena/mp0000.dat,"Oh, is that so?",16
scena/mp0000.dat:0x61b12,scena/mp0000.dat,"Aw, but that means...",22
scena/mp0000.dat:0x61b3c,scena/mp0000.dat,"...We struck out, huh.",23
scena/mp0000.dat:0x61b67,scena/mp0000.dat,"Hmm, a swing and a miss, as they say.",38
scena/mp0000.dat:0x61ba0,scena/mp0000.dat,Hahaha! It appears we came up empty.,37
scena/mp0000.dat:0x61bd9,scena/mp0000.dat,Our efforts...were in vain.,28
scena/mp0000.dat:0x61c08,scena/mp0000.dat,Hm... Sorry I couldn't be of any help.,39
scena/mp0000.dat:0x61c3e,scena/mp0000.dat,Don't worry about it. We'll try some other leads.,50
scena/mp0000.dat:0x61c83,scena/mp0000.dat,the older ladies in town.,26
scena/mp0000.dat:0x61c9d,scena/mp0000.dat,You could try asking some of,29
scena/mp0000.dat:0x61cc9,scena/mp0000.dat,cooked it at some point.,25
scena/mp0000.dat:0x61ce2,scena/mp0000.dat,Someone around my age must've,30
scena/mp0000.dat:0x61d0f,scena/mp0000.dat,I don't rightly recall much about that stew.,45
scena/mp0000.dat:0x61d4b,scena/mp0000.dat,of the older ladies in town.,29
scena/mp0000.dat:0x61d68,scena/mp0000.dat,"Well, you could try asking some",32
scena/mp0000.dat:0x61d97,scena/mp0000.dat,cooked it at some point.,25
scena/mp0000.dat:0x61db0,scena/mp0000.dat,Someone around my age must've,30
scena/mp0000.dat:0x61ddd,scena/mp0000.dat,a bit now that you're back?,28
scena/mp0000.dat:0x61df9,scena/mp0000.dat,Why don't you relax for,24
scena/mp0000.dat:0x61e20,scena/mp0000.dat,instead of spending all your time working.,43
scena/mp0000.dat:0x61e4b,scena/mp0000.dat,Enjoy what the city has to offer,33
scena/mp0000.dat:0x61e7b,scena/mp0000.dat,even Melders scratching his head...,36
scena/mp0000.dat:0x61e9f,scena/mp0000.dat,This sudden orbment outage has,31
scena/mp0000.dat:0x61ecd,scena/mp0000.dat,This really is a problem for us all...,39
scena/mp0000.dat:0x61f03,scena/mp0000.dat,when that island appeared.,27
scena/mp0000.dat:0x61f1e,scena/mp0000.dat,The clock stopped working,26
scena/mp0000.dat:0x61f47,scena/mp0000.dat,There's something behind it.,29
scena/mp0000.dat:0x61f64,scena/mp0000.dat,This isn't just a coincidence.,31
scena/mp0000.dat:0x61f92,scena/mp0000.dat,"Hey, Estelle and Schera!",25
scena/mp0000.dat:0x61fba,scena/mp0000.dat,Ridge! Good to see you.,24
scena/mp0000.dat:0x61fe6,scena/mp0000.dat,"What's up, Ridge!",18
scena/mp0000.dat:0x6200b,scena/mp0000.dat,you left for the training grounds.,35
scena/mp0000.dat:0x6202e,scena/mp0000.dat,"Estelle, I haven't seen you since",34
scena/mp0000.dat:0x6205f,scena/mp0000.dat,Aina told me you're working on a tough case.,45
scena/mp0000.dat:0x6209b,scena/mp0000.dat,Yeah... She's not wrong.,25
scena/mp0000.dat:0x620c7,scena/mp0000.dat,"You've got some work today, too?",33
scena/mp0000.dat:0x620fb,scena/mp0000.dat,who urgently need to get to the capital.,41
scena/mp0000.dat:0x62124,scena/mp0000.dat,Yeah. I've got some clients here,33
scena/mp0000.dat:0x62154,scena/mp0000.dat,so I'll be escorting them personally.,38
scena/mp0000.dat:0x6217a,scena/mp0000.dat,"The airliner's not an option today,",36
scena/mp0000.dat:0x621ad,scena/mp0000.dat,"Whoa, that's a long trek.",26
scena/mp0000.dat:0x621db,scena/mp0000.dat,Visibility's really bad on the highway right now.,50
scena/mp0000.dat:0x62220,scena/mp0000.dat,in that fog. Be extra careful.,31
scena/mp0000.dat:0x6223f,scena/mp0000.dat,You never know what's lurking,30
scena/mp0000.dat:0x62270,scena/mp0000.dat,I'll keep my eyes and ears wide open.,38
scena/mp0000.dat:0x622a5,scena/mp0000.dat,Good luck with your case!,26
scena/mp0000.dat:0x622ce,scena/mp0000.dat,And good luck with your escort mission!,40
scena/mp0000.dat:0x62320,scena/mp0000.dat,anything happen to my clients.,31
scena/mp0000.dat:0x6233f,scena/mp0000.dat,I sure as heck won't let,25
scena/mp0000.dat:0x62367,scena/mp0000.dat,soon as I have the group together.,35
scena/mp0000.dat:0x6238a,scena/mp0000.dat,I'll be leaving for the capital as,35
scena/mp0000.dat:0x623bc,scena/mp0000.dat,"Visibility's poor today, just like Schera said.",48
scena/mp0000.dat:0x623fb,scena/mp0000.dat,careful out there on the road.,31
scena/mp0000.dat:0x6241a,scena/mp0000.dat,We'll need to be extra,23
scena/mp0000.dat:0x62440,scena/mp0000.dat,Why would all the orbments suddenly stop working?,50
scena/mp0000.dat:0x62481,scena/mp0000.dat,is somehow to blame for this!,30
scena/mp0000.dat:0x6249f,scena/mp0000.dat,I'm sure that island over there,32
scena/mp0000.dat:0x624ce,scena/mp0000.dat,me why the orbments shut down.,31
scena/mp0000.dat:0x624ed,scena/mp0000.dat,It's a complete mystery to,27
scena/mp0000.dat:0x62517,scena/mp0000.dat,somehow be to blame for this.,30
scena/mp0000.dat:0x62535,scena/mp0000.dat,That floating island must,26
scena/mp0000.dat:0x6255e,scena/mp0000.dat,look at the floating island recently...,40
scena/mp0000.dat:0x62586,scena/mp0000.dat,I've been coming to the clock tower to,39
scena/mp0000.dat:0x625bc,scena/mp0000.dat,It beggars belief that such a thing should exist.,50
scena/mp0000.dat:0x625ee,scena/mp0000.dat,"A whole island, floating in the sky...",39
scena/mp0000.dat:0x62624,scena/mp0000.dat,you think?,11
scena/mp0000.dat:0x6262f,scena/mp0000.dat,time the island appeared above us. Doesn't that make,53
scena/mp0000.dat:0x62664,scena/mp0000.dat,The orbments stopped working at the exact ,43
scena/mp0000.dat:0x6269e,scena/mp0000.dat,"a threat, looming over us.",27
scena/mp0000.dat:0x626b9,scena/mp0000.dat,I can't help but see it as,27
scena/mp0000.dat:0x626e3,scena/mp0000.dat,you think?,11
scena/mp0000.dat:0x626ee,scena/mp0000.dat,time the island appeared above us. Doesn't that make,53
scena/mp0000.dat:0x62723,scena/mp0000.dat,The orbments stopped working at the exact ,43
scena/mp0000.dat:0x6275d,scena/mp0000.dat,really bad feeling about this.,31
scena/mp0000.dat:0x6277c,scena/mp0000.dat,"If I'm to be honest, I have a",30
scena/mp0000.dat:0x627a9,scena/mp0000.dat,"Ah, hello, Estelle...",22
scena/mp0000.dat:0x627ce,scena/mp0000.dat,"Oh, sorry, Joshua. Didn't see you at first.",44
scena/mp0000.dat:0x62809,scena/mp0000.dat,"Ho, ho, ho! You've been away a long time.",42
scena/mp0000.dat:0x62842,scena/mp0000.dat,Yes. How have you been?,24
scena/mp0000.dat:0x6286d,scena/mp0000.dat,"Same old, same old.",20
scena/mp0000.dat:0x62890,scena/mp0000.dat,me to fix in this town. Keeps me busy.,39
scena/mp0000.dat:0x628b7,scena/mp0000.dat,There's no shortage of old machines for,40
scena/mp0000.dat:0x628ee,scena/mp0000.dat,check on the clock tower.,26
scena/mp0000.dat:0x62908,scena/mp0000.dat,I was just asking him to,25
scena/mp0000.dat:0x62930,scena/mp0000.dat,The needles have stopped moving.,33
scena/mp0000.dat:0x62960,scena/mp0000.dat,Hold on. What's powering the clock...?,39
scena/mp0000.dat:0x629bb,scena/mp0000.dat,we've got a citywide orbment outage going on.,46
scena/mp0000.dat:0x629e9,scena/mp0000.dat,"That's right. And as you can see,",34
scena/mp0000.dat:0x62a1a,scena/mp0000.dat,but I'll go over and oil the gears at least.,45
scena/mp0000.dat:0x62a47,scena/mp0000.dat,"Yeah, I doubt I'll be able to fix it,",38
scena/mp0000.dat:0x62a7c,scena/mp0000.dat,Why don't you relax for a bit now you're back?,47
scena/mp0000.dat:0x62aba,scena/mp0000.dat,instead of spending all your time working.,43
scena/mp0000.dat:0x62ae5,scena/mp0000.dat,Enjoy what the city has to offer,33
scena/mp0000.dat:0x62b15,scena/mp0000.dat,Haha. I suppose you're right...,32
scena/mp0000.dat:0x62b48,scena/mp0000.dat,"Yeah, I think we could use a little break.",43
scena/mp0000.dat:0x62b86,scena/mp0000.dat,this blond-haired guy...,25
scena/mp0000.dat:0x62b9f,scena/mp0000.dat,"A while back, Scherazard brought over",38
scena/mp0000.dat:0x62bd4,scena/mp0000.dat,I remember he was wearing a white coat.,40
scena/mp0000.dat:0x62c0b,scena/mp0000.dat,"A bit of an oddball, that one.",31
scena/mp0000.dat:0x62c2a,scena/mp0000.dat,He sounded drunk even before he had anything.,46
scena/mp0000.dat:0x62c67,scena/mp0000.dat,Then Aina from the Bracer Guild turned up.,43
scena/mp0000.dat:0x62ca1,scena/mp0000.dat,clueless about what was going on...,36
scena/mp0000.dat:0x62cc5,scena/mp0000.dat,The guy just welcomed her,26
scena/mp0000.dat:0x62cee,scena/mp0000.dat,tossed to a pack of wolves.,28
scena/mp0000.dat:0x62d0a,scena/mp0000.dat,"To me, he looked like a lamb",29
scena/mp0000.dat:0x62d36,scena/mp0000.dat,so I don't know what happened after that.,42
scena/mp0000.dat:0x62d60,scena/mp0000.dat,"I finished my shift early that day,",36
scena/mp0000.dat:0x62d93,scena/mp0000.dat,oblivious man makes me shudder...,34
scena/mp0000.dat:0x62db5,scena/mp0000.dat,Just picturing the fate of that poor,37
scena/mp0000.dat:0x62de9,scena/mp0000.dat,"Hi there, Faulkner.",20
scena/mp0000.dat:0x62e2f,scena/mp0000.dat,I-I didn't know you were back!,31
scena/mp0000.dat:0x62e5d,scena/mp0000.dat,"missed me, you poor thing.",27
scena/mp0000.dat:0x62e78,scena/mp0000.dat,Tee-hee... You must have really,32
scena/mp0000.dat:0x62ecb,scena/mp0000.dat,I'll come for drinks with Aina,31
scena/mp0000.dat:0x62efe,scena/mp0000.dat,H-Haha... Come by anytime!,27
scena/mp0000.dat:0x62f2c,scena/mp0000.dat,(Y-Yikes! You can see the fear in his eyes.),45
scena/mp0000.dat:0x62f6e,scena/mp0000.dat,Faulkner... I know what you're thinking.,41
scena/mp0000.dat:0x62fc8,scena/mp0000.dat,guy who came in the other day!,31
scena/mp0000.dat:0x62fe7,scena/mp0000.dat,Hold on... You're the white coat,33
scena/mp0000.dat:0x63017,scena/mp0000.dat,"Heh. Indeed, I did visit your bar recently.",44
scena/mp0000.dat:0x63056,scena/mp0000.dat,us knew we were playing with fire.,35
scena/mp0000.dat:0x63079,scena/mp0000.dat,"I feel for you, pal. Neither of",32
scena/mp0000.dat:0x630a8,scena/mp0000.dat,"Let's learn from that experience and move on, eh?",50
scena/mp0000.dat:0x630e9,scena/mp0000.dat,Drinking in the company of Scherazard and Aina...,50
scena/mp0000.dat:0x6312a,scena/mp0000.dat,"but in practice, it leaves you scarred forever...",50
scena/mp0000.dat:0x6315c,scena/mp0000.dat,"Sounds good to the uninitiated,",32
scena/mp0000.dat:0x6318b,scena/mp0000.dat,will be coming for drinks...?,30
scena/mp0000.dat:0x631a9,scena/mp0000.dat,Sch-Scherazard and Aina,24
scena/mp0000.dat:0x631d4,scena/mp0000.dat,...I think I'll take a couple days off from work.,50
scena/mp0000.dat:0x6322d,scena/mp0000.dat, I can tolerate that...,24
scena/mp0000.dat:0x63258,scena/mp0000.dat,especially dangerous combination...,36
scena/mp0000.dat:0x6327c,scena/mp0000.dat,But she and Aina make for an,29
scena/mp0000.dat:0x632ac,scena/mp0000.dat,Oh boy... I'll have to get some time off.,42
scena/mp0000.dat:0x632e9,scena/mp0000.dat,as usual even with his wife sick.,34
scena/mp0000.dat:0x6330b,scena/mp0000.dat,The boss is running the business,33
scena/mp0000.dat:0x6333b,scena/mp0000.dat,But he hasn't seemed quite himself lately.,43
scena/mp0000.dat:0x63375,scena/mp0000.dat,with her mom... It's on me to pick up the slack.,49
scena/mp0000.dat:0x633a6,scena/mp0000.dat,Elissa's gone upstairs to be,29
scena/mp0000.dat:0x633d2,scena/mp0000.dat,as usual even with his wife sick.,34
scena/mp0000.dat:0x633f4,scena/mp0000.dat,The boss is running the business,33
scena/mp0000.dat:0x63424,scena/mp0000.dat,But he hasn't seemed quite himself lately.,43
scena/mp0000.dat:0x6345e,scena/mp0000.dat,Not many people in yet...,26
scena/mp0000.dat:0x63487,scena/mp0000.dat,"show up sooner or later, though.",33
scena/mp0000.dat:0x634a8,scena/mp0000.dat,The airliner passengers will,29
scena/mp0000.dat:0x634d4,scena/mp0000.dat,They're stuck in town without many places to go.,49
scena/mp0000.dat:0x63514,scena/mp0000.dat,What better place to kill time than a bar?,43
scena/mp0000.dat:0x6354e,scena/mp0000.dat,We've got drinks and good food to cheer them up.,49
scena/mp0000.dat:0x6358e,scena/mp0000.dat,Not many people in yet...,26
scena/mp0000.dat:0x635b7,scena/mp0000.dat,"show up sooner or later, though.",33
scena/mp0000.dat:0x635d8,scena/mp0000.dat,The airliner passengers will,29
scena/mp0000.dat:0x63604,scena/mp0000.dat,They're stuck in town without many places to go.,49
scena/mp0000.dat:0x63644,scena/mp0000.dat,sudden with the miners back.,29
scena/mp0000.dat:0x63661,scena/mp0000.dat,It sure got busy all of a,26
scena/mp0000.dat:0x6368a,scena/mp0000.dat,manual labor makes people hungry.,34
scena/mp0000.dat:0x636d9,scena/mp0000.dat,after we finished serving breakfast...,39
scena/mp0000.dat:0x63700,scena/mp0000.dat,I thought I'd get a moment's break,35
scena/mp0000.dat:0x63732,scena/mp0000.dat,take care of the kitchen side of things!,41
scena/mp0000.dat:0x6375b,scena/mp0000.dat,I really hope Boss will be back soon to,40
scena/mp0000.dat:0x63792,scena/mp0000.dat,sudden with the miners back.,29
scena/mp0000.dat:0x637af,scena/mp0000.dat,It sure got busy all of a,26
scena/mp0000.dat:0x637d8,scena/mp0000.dat,take care of the kitchen side of things!,41
scena/mp0000.dat:0x63801,scena/mp0000.dat,I really hope Boss will be back soon to,40
scena/mp0000.dat:0x63838,scena/mp0000.dat,Boss' wife finally woke up.,28
scena/mp0000.dat:0x63863,scena/mp0000.dat,Things seem to be back to normal.,34
scena/mp0000.dat:0x63885,scena/mp0000.dat,And that ominous fog's gone too.,33
scena/mp0000.dat:0x638b5,scena/mp0000.dat,That's a weight off my shoulders!,34
scena/mp0000.dat:0x638e6,scena/mp0000.dat,the airliner's running again.,30
scena/mp0000.dat:0x63904,scena/mp0000.dat,"Now that the fog's gone,",25
scena/mp0000.dat:0x6392c,scena/mp0000.dat,all gone to the port now.,26
scena/mp0000.dat:0x63946,scena/mp0000.dat,The stranded passengers have,29
scena/mp0000.dat:0x63972,scena/mp0000.dat,It was so good.,16
scena/mp0000.dat:0x63982,scena/mp0000.dat,That traditional cuisine we had earlier...,43
scena/mp0000.dat:0x639bc,scena/mp0000.dat,"Still, Lao's story kinda stole the spotlight...",48
scena/mp0000.dat:0x639fb,scena/mp0000.dat,what the food tasted like.,27
scena/mp0000.dat:0x63a16,scena/mp0000.dat,"For some reason, I don't really remember",41
scena/mp0000.dat:0x63a4e,scena/mp0000.dat,The idea that Bloom could be as graceful as an angel...,56
scena/mp0000.dat:0x63a95,scena/mp0000.dat,I can't really picture it.,27
scena/mp0000.dat:0x63ac5,scena/mp0000.dat,"Phew, saved...",15
scena/mp0000.dat:0x63ae4,scena/mp0000.dat,We avoided any incidents.,26
scena/mp0000.dat:0x63afe,scena/mp0000.dat,T-Today's been a lucky day.,28
scena/mp0000.dat:0x63b2a,scena/mp0000.dat,invited Aina out drinking...,29
scena/mp0000.dat:0x63b47,scena/mp0000.dat,"But, I can't believe you actually",34
scena/mp0000.dat:0x63b78,scena/mp0000.dat,Olivier... Do you have a death wish?,37
scena/mp0000.dat:0x63bac,scena/mp0000.dat,Does Olivier have some kind of death wish?,43
scena/mp0000.dat:0x63be7,scena/mp0000.dat,We avoided any incidents.,26
scena/mp0000.dat:0x63c01,scena/mp0000.dat,T-Today's been a lucky day.,28
scena/mp0000.dat:0x63c2d,scena/mp0000.dat,some peace for a while now.,28
scena/mp0000.dat:0x63c49,scena/mp0000.dat,We should be able to have,26
scena/mp0000.dat:0x63c72,scena/mp0000.dat,Oh... S-Scherazard?!,21
scena/mp0000.dat:0x63c96,scena/mp0000.dat,"You must still be on duty, right?",34
scena/mp0000.dat:0x63cb8,scena/mp0000.dat,Th-The sun's still pretty high up there.,41
scena/mp0000.dat:0x63cf0,scena/mp0000.dat,"Yes, unfortunately I'm out on a job.",37
scena/mp0000.dat:0x63d28,scena/mp0000.dat,Phew... Thank goodness...,26
scena/mp0000.dat:0x63d51,scena/mp0000.dat,"Why are you happy that I'm busy, hmm?",38
scena/mp0000.dat:0x63d8b,scena/mp0000.dat,I-I'm not...,13
scena/mp0000.dat:0x63da8,scena/mp0000.dat,Ahem... Come back anytime!,27
scena/mp0000.dat:0x63dd2,scena/mp0000.dat,Ahem... Come back anytime!,27
scena/mp0000.dat:0x63dfc,scena/mp0000.dat,Good luck with your work!,26
scena/mp0000.dat:0x63e25,scena/mp0000.dat,We've got a group booking this afternoon.,42
scena/mp0000.dat:0x63e5e,scena/mp0000.dat,The boss is real busy in the kitchen.,38
scena/mp0000.dat:0x63e84,scena/mp0000.dat,It's for a wedding reception.,30
scena/mp0000.dat:0x63eb1,scena/mp0000.dat,so it's even more work than usual.,35
scena/mp0000.dat:0x63ed4,scena/mp0000.dat,"The orbal cooking appliances are kaput,",40
scena/mp0000.dat:0x63f0b,scena/mp0000.dat,Oh... S-Scherazard?!,21
scena/mp0000.dat:0x63f2f,scena/mp0000.dat,"Y-You're not finished with work, are you...?",45
scena/mp0000.dat:0x63f6b,scena/mp0000.dat,I am in fact finished for the day...,37
scena/mp0000.dat:0x63fa3,scena/mp0000.dat,allow myself to unwind over a drink.,37
scena/mp0000.dat:0x63fc8,scena/mp0000.dat,"But to my great regret, I can't yet",36
scena/mp0000.dat:0x64000,scena/mp0000.dat,"Oh... Very regrettable, yes...",31
scena/mp0000.dat:0x6402e,scena/mp0000.dat,Ahem... Come back anytime!,27
scena/mp0000.dat:0x64058,scena/mp0000.dat,Ahem... Come back anytime!,27
scena/mp0000.dat:0x64082,scena/mp0000.dat,Swing by whenever you're free!,31
scena/mp0000.dat:0x640b0,scena/mp0000.dat,so it's quiet in the kitchen.,30
scena/mp0000.dat:0x640ce,scena/mp0000.dat,"The cooking for the party's finished,",38
scena/mp0000.dat:0x64103,scena/mp0000.dat,"But now, it's my turn to get to work.",38
scena/mp0000.dat:0x64138,scena/mp0000.dat,Oof... The party's in full swing.,34
scena/mp0000.dat:0x64169,scena/mp0000.dat,offering stellar service until the end.,40
scena/mp0000.dat:0x64191,scena/mp0000.dat,It's almost over. Got to keep up,33
scena/mp0000.dat:0x641c1,scena/mp0000.dat,"Sorry, let me just get these off your table.",45
scena/mp0000.dat:0x64226,scena/mp0000.dat,"Oh, it's you, Estelle!",23
scena/mp0000.dat:0x6424d,scena/mp0000.dat,"Hi, Elissa. It's been a while.",31
scena/mp0000.dat:0x6427f,scena/mp0000.dat,It felt like forever!,22
scena/mp0000.dat:0x642a4,scena/mp0000.dat,I thought you weren't coming back!,35
scena/mp0000.dat:0x642c7,scena/mp0000.dat,You left for Bose and were gone so long,40
scena/mp0000.dat:0x642fe,scena/mp0000.dat,"Um, yeah, a lot happened, and...",33
scena/mp0000.dat:0x64333,scena/mp0000.dat,Sorry if I made you worried.,29
scena/mp0000.dat:0x64363,scena/mp0000.dat,been promoted to senior bracer.,32
scena/mp0000.dat:0x64383,scena/mp0000.dat,It's okay. I heard you've,26
scena/mp0000.dat:0x643ac,scena/mp0000.dat,to cook like a professional!,29
scena/mp0000.dat:0x643c9,scena/mp0000.dat,"Meanwhile, I learned how",25
scena/mp0000.dat:0x643f2,scena/mp0000.dat,"Wow, that's awesome!",21
scena/mp0000.dat:0x6441b,scena/mp0000.dat,cooking someday! It'll be my treat.,36
scena/mp0000.dat:0x6443f,scena/mp0000.dat,Hehe... Come by and try my,27
scena/mp0000.dat:0x64473,scena/mp0000.dat, I'll have to take you up on that.,35
scena/mp0000.dat:0x644a9,scena/mp0000.dat,talk about the stuff that really matters.,42
scena/mp0000.dat:0x644d3,scena/mp0000.dat,"That's it for the pleasantries. Now, let's",43
scena/mp0000.dat:0x6450d,scena/mp0000.dat,...Like what?,14
scena/mp0000.dat:0x6452f,scena/mp0000.dat,"Oh, don't pretend you don't know.",34
scena/mp0000.dat:0x64560,scena/mp0000.dat,(What happened with Joshua? Who's that guy?),45
scena/mp0000.dat:0x645b9,scena/mp0000.dat,(Th-there's nothing between us!),33
scena/mp0000.dat:0x645ed,scena/mp0000.dat,"concern, because I was all on my own...)",41
scena/mp0000.dat:0x64616,scena/mp0000.dat,(Kevin's just keeping me company out of,40
scena/mp0000.dat:0x64651,scena/mp0000.dat,he saw an opportunity and swooped in.),39
scena/mp0000.dat:0x64678,scena/mp0000.dat,(Right. That totally doesn't sound like,40
scena/mp0000.dat:0x646b0,scena/mp0000.dat,"Aaargh! Trust me, it's not like that!",38
scena/mp0000.dat:0x646ea,scena/mp0000.dat,to meet up with Joshua.,24
scena/mp0000.dat:0x64702,scena/mp0000.dat,"And anyway, I'm on my way",26
scena/mp0000.dat:0x6472f,scena/mp0000.dat,Alright. Let's leave it at that for now.,41
scena/mp0000.dat:0x64767,scena/mp0000.dat,bring both Kevin and Joshua here next time?,44
scena/mp0000.dat:0x64793,scena/mp0000.dat,I've got work to attend to. Why don't you,42
scena/mp0000.dat:0x647cc,scena/mp0000.dat,the juicy details for myself.,30
scena/mp0000.dat:0x647ea,scena/mp0000.dat,"That way, I can hear all",25
scena/mp0000.dat:0x64812,scena/mp0000.dat,Geez... I'm telling you it's not like that!,44
scena/mp0000.dat:0x6486a,scena/mp0000.dat,"Oh yeah, almost forgot.",24
scena/mp0000.dat:0x64891,scena/mp0000.dat,About what...?,15
scena/mp0000.dat:0x648b3,scena/mp0000.dat,Tio's desperate to see you.,28
scena/mp0000.dat:0x648df,scena/mp0000.dat,As are all the kids on the farm.,33
scena/mp0000.dat:0x6490f,scena/mp0000.dat,"Hey there, Estelle!",20
scena/mp0000.dat:0x64933,scena/mp0000.dat,And Scherazard! Welcome!,25
scena/mp0000.dat:0x6495b,scena/mp0000.dat,Hello. How've you been?,24
scena/mp0000.dat:0x64987,scena/mp0000.dat,Hehe. This feels a bit nostalgic.,34
scena/mp0000.dat:0x649bc,scena/mp0000.dat,You're back from training at last!,35
scena/mp0000.dat:0x649ee,scena/mp0000.dat,"It was taking so long, I was getting worried.",46
scena/mp0000.dat:0x64a2b,scena/mp0000.dat,couldn't come straight back.,29
scena/mp0000.dat:0x64a48,scena/mp0000.dat,Some work came in and I,24
scena/mp0000.dat:0x64a73,scena/mp0000.dat,That's why I've been away so long.,35
scena/mp0000.dat:0x64aa9,scena/mp0000.dat,"Wow, you're a busy woman now!",30
scena/mp0000.dat:0x64ad7,scena/mp0000.dat,"for your training, right?",26
scena/mp0000.dat:0x64af1,scena/mp0000.dat,And you even got to go abroad,30
scena/mp0000.dat:0x64b1e,scena/mp0000.dat,organization like the guild!,29
scena/mp0000.dat:0x64b3b,scena/mp0000.dat,It's so cool to be in an international,39
scena/mp0000.dat:0x64b72,scena/mp0000.dat,Haha! Don't massage my ego!,28
scena/mp0000.dat:0x64ba2,scena/mp0000.dat,stayed at a bracer facility.,29
scena/mp0000.dat:0x64bbf,scena/mp0000.dat,"I did go abroad, but I just",28
scena/mp0000.dat:0x64bee,scena/mp0000.dat,"though, which was great motivation.",36
scena/mp0000.dat:0x64c12,scena/mp0000.dat,"The trip gave me a fresh perspective,",38
scena/mp0000.dat:0x64c4b,scena/mp0000.dat,"A fresh perspective, huh...",28
scena/mp0000.dat:0x64c76,scena/mp0000.dat,transition from the old to the new you?,40
scena/mp0000.dat:0x64c9e,scena/mp0000.dat,Did you maybe get that skirt to mark the,41
scena/mp0000.dat:0x64cd6,scena/mp0000.dat,Um... Is it so obvious?,24
scena/mp0000.dat:0x64d06,scena/mp0000.dat,Does it...look weird on me?,28
scena/mp0000.dat:0x64d3b,scena/mp0000.dat,Weird? No! It's totally your style!,36
scena/mp0000.dat:0x64d6f,scena/mp0000.dat,really easy to move around in...,33
scena/mp0000.dat:0x64d90,scena/mp0000.dat,The design's adorable and it looks,35
scena/mp0000.dat:0x64e1a,scena/mp0000.dat,given the situation with Joshua...,35
scena/mp0000.dat:0x64e3d,scena/mp0000.dat,I think you have a lot on your plate,37
scena/mp0000.dat:0x64e71,scena/mp0000.dat,always admired your optimism.,30
scena/mp0000.dat:0x64e8f,scena/mp0000.dat,But stay positive! I've,24
scena/mp0000.dat:0x64eb7,scena/mp0000.dat,R-Right... I'll do my best.,28
scena/mp0000.dat:0x64ee6,scena/mp0000.dat,"Anyway, why don't you take it easy for today?",46
scena/mp0000.dat:0x64f24,scena/mp0000.dat,try my new addition to the menu!,33
scena/mp0000.dat:0x64f45,scena/mp0000.dat,"And if you feel like having a bite to eat,",43
scena/mp0000.dat:0x64f7f,scena/mp0000.dat,but that fog is something else.,32
scena/mp0000.dat:0x64f9f,scena/mp0000.dat,"Not to bore you with weather talk,",35
scena/mp0000.dat:0x64fd1,scena/mp0000.dat,to bring the chairs in from the terrace.,41
scena/mp0000.dat:0x64ffa,scena/mp0000.dat,I've closed up the windows. Now I've got,41
scena/mp0000.dat:0x65033,scena/mp0000.dat,This damp air can't be good for them.,38
scena/mp0000.dat:0x65068,scena/mp0000.dat,Aah! Estelle!,14
scena/mp0000.dat:0x65085,scena/mp0000.dat,My mom woke up! Thank you so much!,35
scena/mp0000.dat:0x650b7,scena/mp0000.dat,*Sniff* I'm...I'm just so glad she's okay...,45
scena/mp0000.dat:0x650f9,scena/mp0000.dat,"Oh, Elissa...",14
scena/mp0000.dat:0x6511a,scena/mp0000.dat,"Yeah, what a relief!",21
scena/mp0000.dat:0x65142,scena/mp0000.dat,"...Schera, thank you too!",26
scena/mp0000.dat:0x65170,scena/mp0000.dat,You're most welcome. I'm happy to be of service.,49
scena/mp0000.dat:0x651b4,scena/mp0000.dat,"Keep looking after your mom, alright?",38
scena/mp0000.dat:0x651ee,scena/mp0000.dat,Of course!,11
scena/mp0000.dat:0x65209,scena/mp0000.dat,for drinks at our bar again?,29
scena/mp0000.dat:0x65226,scena/mp0000.dat,Why don't you invite Aina,26
scena/mp0000.dat:0x6524f,scena/mp0000.dat,Hehe. That sounds wonderful.,29
scena/mp0000.dat:0x652a1,scena/mp0000.dat,Please tell Faulkner that,26
scena/mp0000.dat:0x652f0,scena/mp0000.dat,M-May he rest in peace...,26
scena/mp0000.dat:0x6531e,scena/mp0000.dat,The fog cleared just as my mom woke up.,40
scena/mp0000.dat:0x65355,scena/mp0000.dat,like it was all just a bad dream.,34
scena/mp0000.dat:0x65377,scena/mp0000.dat,"It's so sunny out now, almost",30
scena/mp0000.dat:0x653a4,scena/mp0000.dat,what actually happened to Mom...,33
scena/mp0000.dat:0x653c5,scena/mp0000.dat,"In the end, we never found out",31
scena/mp0000.dat:0x653f4,scena/mp0000.dat,"All in all, it's been a very strange time.",43
scena/mp0000.dat:0x6542e,scena/mp0000.dat,Thank you for helping my mom get better.,41
scena/mp0000.dat:0x65467,scena/mp0000.dat,at the bar now the fog's gone?,31
scena/mp0000.dat:0x65486,scena/mp0000.dat,Why don't you take it easy,27
scena/mp0000.dat:0x654b0,scena/mp0000.dat,special for you to say thanks!,31
scena/mp0000.dat:0x654cf,scena/mp0000.dat,I'll cook something extra,26
scena/mp0000.dat:0x65518,scena/mp0000.dat,"Oh, who have we got here...",28
scena/mp0000.dat:0x65544,scena/mp0000.dat,"Hi, Elissa.",12
scena/mp0000.dat:0x65564,scena/mp0000.dat,I'm glad to see you're doing well.,35
scena/mp0000.dat:0x6559a,scena/mp0000.dat,I was sooo worried about you!,30
scena/mp0000.dat:0x655b8,scena/mp0000.dat,"You're back, at last!",22
scena/mp0000.dat:0x655de,scena/mp0000.dat,guys every time she showed up!,31
scena/mp0000.dat:0x655fd,scena/mp0000.dat,Estelle kept bringing different,32
scena/mp0000.dat:0x6562c,scena/mp0000.dat,had fallen out or something.,29
scena/mp0000.dat:0x65649,scena/mp0000.dat,I was getting worried you two,30
scena/mp0000.dat:0x65694,scena/mp0000.dat,Sorry I made you worry.,24
scena/mp0000.dat:0x656bf,scena/mp0000.dat,"Uh, Elissa... The things you worry about...",44
scena/mp0000.dat:0x656ff,scena/mp0000.dat,Anywho... What can I do for you today?,39
scena/mp0000.dat:0x65735,scena/mp0000.dat,Do you have some time to relax for a bit?,42
scena/mp0000.dat:0x6576e,scena/mp0000.dat,I wish we did...,17
scena/mp0000.dat:0x65793,scena/mp0000.dat,"We're not exactly free right now, though.",42
scena/mp0000.dat:0x657d0,scena/mp0000.dat,"There's no harm in taking a little break, I say.",49
scena/mp0000.dat:0x65814,scena/mp0000.dat,We're only human. Can't work all the time.,43
scena/mp0000.dat:0x65852,scena/mp0000.dat,blame us if we take a little breather.,39
scena/mp0000.dat:0x65879,scena/mp0000.dat,I don't think anyone's going to,32
scena/mp0000.dat:0x658ad,scena/mp0000.dat,but even we bracers are only human.,36
scena/mp0000.dat:0x658d1,scena/mp0000.dat,"We have our duties, of course,",31
scena/mp0000.dat:0x65903,scena/mp0000.dat,I guess we could take a little break.,38
scena/mp0000.dat:0x6593d,scena/mp0000.dat,"But let's keep it within limits, yeah?",39
scena/mp0000.dat:0x65977,scena/mp0000.dat,"Well, come again when you're finished with work!",49
scena/mp0000.dat:0x659b8,scena/mp0000.dat,I've got a real showstopper for Joshua to try!,47
scena/mp0000.dat:0x659f6,scena/mp0000.dat,I'll gladly volunteer as taste tester.,39
scena/mp0000.dat:0x65a1d,scena/mp0000.dat,"If it's something you made,",28
scena/mp0000.dat:0x65a4c,scena/mp0000.dat,We'll come in for a meal sometime later!,41
scena/mp0000.dat:0x65a89,scena/mp0000.dat,We're hosting a party today!,29
scena/mp0000.dat:0x65ab6,scena/mp0000.dat,Dad's been super busy cooking since morning...,47
scena/mp0000.dat:0x65af4,scena/mp0000.dat,with the orbments today of all days!,37
scena/mp0000.dat:0x65b19,scena/mp0000.dat,I can't believe we're having this problem,42
scena/mp0000.dat:0x65b53,scena/mp0000.dat,"Ugh, gimme a break already!",28
scena/mp0000.dat:0x65b7e,scena/mp0000.dat,day we're hosting a party...,29
scena/mp0000.dat:0x65b9b,scena/mp0000.dat,An orbment outage on the,25
scena/mp0000.dat:0x65bc4,scena/mp0000.dat,work because of this! It's nuts!,33
scena/mp0000.dat:0x65be5,scena/mp0000.dat,Dad and I have so much extra,29
scena/mp0000.dat:0x65c35,scena/mp0000.dat,preparing food for the party.,30
scena/mp0000.dat:0x65c53,scena/mp0000.dat,We've just about finished,26
scena/mp0000.dat:0x65c7c,scena/mp0000.dat,to make their way over from the wedding.,41
scena/mp0000.dat:0x65ca5,scena/mp0000.dat,Now we're just waiting for the guests,38
scena/mp0000.dat:0x65cda,scena/mp0000.dat,Aah! Nice to have a moment of rest.,36
scena/mp0000.dat:0x65d0d,scena/mp0000.dat,preparing food for the party.,30
scena/mp0000.dat:0x65d2b,scena/mp0000.dat,We've just about finished,26
scena/mp0000.dat:0x65d54,scena/mp0000.dat,usual because of the orbment outage.,37
scena/mp0000.dat:0x65d79,scena/mp0000.dat,It took longer way longer than,31
scena/mp0000.dat:0x65da7,scena/mp0000.dat,We're hosting a wedding reception.,35
scena/mp0000.dat:0x65dca,scena/mp0000.dat,Sorry it's so crowded today.,29
scena/mp0000.dat:0x65df6,scena/mp0000.dat,into an absolute war zone this morning.,40
scena/mp0000.dat:0x65e1e,scena/mp0000.dat,Getting ready for it turned the kitchen,40
scena/mp0000.dat:0x65e56,scena/mp0000.dat,our orbments out of commission!,32
scena/mp0000.dat:0x65e76,scena/mp0000.dat,It was even more hectic with,29
scena/mp0000.dat:0x65ea2,scena/mp0000.dat,We've been crazy busy in the kitchen all morning.,50
scena/mp0000.dat:0x65ee3,scena/mp0000.dat,even without orbment trouble!,30
scena/mp0000.dat:0x65f01,scena/mp0000.dat,Catering for a party's hard enough,35
scena/mp0000.dat:0x65f34,scena/mp0000.dat,*Chomp* *Chomp*,16
scena/mp0000.dat:0x65f53,scena/mp0000.dat,*Munch* *Munch* *Munch*,24
scena/mp0000.dat:0x65f7a,scena/mp0000.dat,*Chew* *Chew*,14
scena/mp0000.dat:0x65fad,scena/mp0000.dat,Aah! Boss is off today. I can slack off in peace.,50
scena/mp0000.dat:0x65fee,scena/mp0000.dat,*Chomp* *Chomp*,16
scena/mp0000.dat:0x6600d,scena/mp0000.dat,*Munch* *Munch* *Munch*,24
scena/mp0000.dat:0x66034,scena/mp0000.dat,*Chomp* *Chomp*,16
scena/mp0000.dat:0x66053,scena/mp0000.dat,*Munch* *Munch* *Munch*,24
scena/mp0000.dat:0x6607a,scena/mp0000.dat,*Chew* *Chew*,14
scena/mp0000.dat:0x660ad,scena/mp0000.dat,"Heavy fog today, eh?",21
scena/mp0000.dat:0x660d1,scena/mp0000.dat,Dunno if I'll even make it to the mine for work.,49
scena/mp0000.dat:0x66111,scena/mp0000.dat,eating and get going here soon.,32
scena/mp0000.dat:0x66131,scena/mp0000.dat,"Anyway, I better finish",24
scena/mp0000.dat:0x66158,scena/mp0000.dat,*Chomp* *Chomp* *Munch* *Munch* *Chew* *Chew*,46
scena/mp0000.dat:0x661ab,scena/mp0000.dat,*Chomp* *Chomp* I fwear I've never feen...,43
scena/mp0000.dat:0x661e5,scena/mp0000.dat,like vif before in my life.,28
scena/mp0000.dat:0x66201,scena/mp0000.dat,*Munch* *Munch* *Munch* ...fog,31
scena/mp0000.dat:0x6622f,scena/mp0000.dat,It beffer clear up fomorrow...,31
scena/mp0000.dat:0x6624e,scena/mp0000.dat,*Chew* *Chew* *Chew*,21
scena/mp0000.dat:0x66272,scena/mp0000.dat,*Gulp* I don't want to walk to work in that.,45
scena/mp0000.dat:0x662ae,scena/mp0000.dat,like this before in my life.,29
scena/mp0000.dat:0x662cb,scena/mp0000.dat,I swear I've never seen fog,28
scena/mp0000.dat:0x662f6,scena/mp0000.dat,I don't want to walk to work in that.,38
scena/mp0000.dat:0x6631c,scena/mp0000.dat,It better clear up tomorrow.,29
scena/mp0000.dat:0x66348,scena/mp0000.dat,*Chomp* *Chomp* *Chomp* *Munch* *Munch* *Munch*,48
scena/mp0000.dat:0x66387,scena/mp0000.dat,*Chew* *Chew* *Chew* *Gulp*,28
scena/mp0000.dat:0x663b2,scena/mp0000.dat,monster on my way back from work!,34
scena/mp0000.dat:0x663d4,scena/mp0000.dat,I got attacked by a fog,24
scena/mp0000.dat:0x663fb,scena/mp0000.dat,"The bracers saved my bacon but boy, was I scared!",50
scena/mp0000.dat:0x6643c,scena/mp0000.dat,after what happened today...,29
scena/mp0000.dat:0x66459,scena/mp0000.dat,Not even I can work up an appetite,35
scena/mp0000.dat:0x6648b,scena/mp0000.dat,up an appetite after all that...,33
scena/mp0000.dat:0x664ac,scena/mp0000.dat,Ugh... I don't think I can work,32
scena/mp0000.dat:0x664db,scena/mp0000.dat,But going hungry's not good for the body...,44
scena/mp0000.dat:0x66516,scena/mp0000.dat,eat something. Just a nibble...,32
scena/mp0000.dat:0x66536,scena/mp0000.dat,I'll have to force myself to,29
scena/mp0000.dat:0x66562,scena/mp0000.dat,*Crunch* *Crunch* *Crunch*,27
scena/mp0000.dat:0x6657d,scena/mp0000.dat,*Chomp* *Chomp* *Chomp* *Crunch*,33
scena/mp0000.dat:0x665c3,scena/mp0000.dat,will be landing next.,22
scena/mp0000.dat:0x665d9,scena/mp0000.dat,"Airliner Linde, bound for the capital,",39
scena/mp0000.dat:0x6660f,scena/mp0000.dat,I'll have to get everything ready. Safety first!,49
scena/mp0000.dat:0x6664f,scena/mp0000.dat,Oof... That landing was a real nail-biter.,43
scena/mp0000.dat:0x66689,scena/mp0000.dat,but it was rough with such poor visibility.,44
scena/mp0000.dat:0x666b5,scena/mp0000.dat,"I managed to guide her down safely,",36
scena/mp0000.dat:0x666e8,scena/mp0000.dat,off a landing in these conditions.,35
scena/mp0000.dat:0x6670b,scena/mp0000.dat,Kudos to Captain Petrov for pulling,36
scena/mp0000.dat:0x6673e,scena/mp0000.dat,He must have nerves of steel!,30
scena/mp0000.dat:0x6676b,scena/mp0000.dat,That landing was pretty stressful.,35
scena/mp0000.dat:0x6679d,scena/mp0000.dat,off a landing in these conditions.,35
scena/mp0000.dat:0x667c0,scena/mp0000.dat,Kudos to Captain Petrov for pulling,36
scena/mp0000.dat:0x667f3,scena/mp0000.dat,try asking Quint the helmsman.,31
scena/mp0000.dat:0x66812,scena/mp0000.dat,"If you wanna know about cats,",30
scena/mp0000.dat:0x6683f,scena/mp0000.dat,"some dinner, so he's likely still in town.",43
scena/mp0000.dat:0x6686a,scena/mp0000.dat,He headed out a short while ago to grab,40
scena/mp0000.dat:0x668a1,scena/mp0000.dat,"Hey, bracers! Did you manage to meet Quint?",44
scena/mp0000.dat:0x668dc,scena/mp0000.dat,"Zosimov's probably at the dock, too.",37
scena/mp0000.dat:0x66910,scena/mp0000.dat,around for a while myself.,27
scena/mp0000.dat:0x6692b,scena/mp0000.dat,"Well, then again, I haven't seen him",37
scena/mp0000.dat:0x6695f,scena/mp0000.dat,you should run it past Fabree.,31
scena/mp0000.dat:0x6697e,scena/mp0000.dat,"If you wanna check inside the airliner,",40
scena/mp0000.dat:0x669b5,scena/mp0000.dat,so you might wanna go check there.,35
scena/mp0000.dat:0x669d8,scena/mp0000.dat,"He should be on the deck,",26
scena/mp0000.dat:0x66a01,scena/mp0000.dat,"Hey, bracers! Looks like you found the cat, huh?",49
scena/mp0000.dat:0x66a41,scena/mp0000.dat,seemed pretty relieved.,24
scena/mp0000.dat:0x66a59,scena/mp0000.dat,"I don't really get why, but Fabree",35
scena/mp0000.dat:0x66a8b,scena/mp0000.dat,I wonder if something bad happened.,36
scena/mp0000.dat:0x66abe,scena/mp0000.dat,to carry out another inspection.,33
scena/mp0000.dat:0x66adf,scena/mp0000.dat,We talked it over and decided,30
scena/mp0000.dat:0x66b0c,scena/mp0000.dat,"we'll probably cancel all flights, though.",43
scena/mp0000.dat:0x66b37,scena/mp0000.dat,"Given the weather conditions,",30
scena/mp0000.dat:0x66b64,scena/mp0000.dat,Rolent and four other cities.,30
scena/mp0000.dat:0x66b82,scena/mp0000.dat,Airliner Linde flies between,29
scena/mp0000.dat:0x66bae,scena/mp0000.dat,after the last sky pirate incident.,36
scena/mp0000.dat:0x66bd2,scena/mp0000.dat,It started flying that route,29
scena/mp0000.dat:0x66bfe,scena/mp0000.dat,fog would have cleared by now...,33
scena/mp0000.dat:0x66c1f,scena/mp0000.dat,I came in to work thinking the,31
scena/mp0000.dat:0x66c4d,scena/mp0000.dat,"be grounded today, though.",27
scena/mp0000.dat:0x66c68,scena/mp0000.dat,It looks like airliners will,29
scena/mp0000.dat:0x66c94,scena/mp0000.dat,Have you checked in already?,29
scena/mp0000.dat:0x66cc0,scena/mp0000.dat,complete the paperwork at the check-in desk first.,51
scena/mp0000.dat:0x66cf3,scena/mp0000.dat,"If you want to get on a flight, you need to",44
scena/mp0000.dat:0x66d2e,scena/mp0000.dat,The engine won't start...,26
scena/mp0000.dat:0x66d57,scena/mp0000.dat,with it... What's going on?,28
scena/mp0000.dat:0x66d73,scena/mp0000.dat,I can't see anything wrong,27
scena/mp0000.dat:0x66d9d,scena/mp0000.dat,but I still can't find any faults...,37
scena/mp0000.dat:0x66dc2,scena/mp0000.dat,"I've checked it over several times now,",40
scena/mp0000.dat:0x66df9,scena/mp0000.dat,by this mysterious anomaly.,28
scena/mp0000.dat:0x66e15,scena/mp0000.dat,All orbments seem to be affected,33
scena/mp0000.dat:0x66e45,scena/mp0000.dat,is quite a marvel to behold.,29
scena/mp0000.dat:0x66e62,scena/mp0000.dat,"From what I've heard, the Arseille",35
scena/mp0000.dat:0x66e94,scena/mp0000.dat,"making a stop in Rolent, though.",33
scena/mp0000.dat:0x66eb5,scena/mp0000.dat,I doubt there's a chance of it,31
scena/mp0000.dat:0x66ee3,scena/mp0000.dat,airliner is a team effort.,27
scena/mp0000.dat:0x66efe,scena/mp0000.dat,Successfully landing an,24
scena/mp0000.dat:0x66f25,scena/mp0000.dat,and the crew on board all have to work together.,49
scena/mp0000.dat:0x66f56,scena/mp0000.dat,"The control tower, the ground staff,",37
scena/mp0000.dat:0x66f8a,scena/mp0000.dat,that was the pinnacle of perfection.,37
scena/mp0000.dat:0x66faf,scena/mp0000.dat,"And from a teamwork perspective,",33
scena/mp0000.dat:0x66fdf,scena/mp0000.dat,three teams had to work as one.,32
scena/mp0000.dat:0x66fff,scena/mp0000.dat,"To land the craft in these conditions,",39
scena/mp0000.dat:0x67035,scena/mp0000.dat,and the crew on board all have to work together.,49
scena/mp0000.dat:0x67066,scena/mp0000.dat,"The control tower, the ground staff,",37
scena/mp0000.dat:0x6709a,scena/mp0000.dat,the key to successful landings.,32
scena/mp0000.dat:0x670ba,scena/mp0000.dat,Coordination between us is,27
scena/mp0000.dat:0x670e4,scena/mp0000.dat,My uniform is soaked through.,30
scena/mp0000.dat:0x67102,scena/mp0000.dat,The fog is just awful.,23
scena/mp0000.dat:0x67128,scena/mp0000.dat,"Hey, have you got a second?",28
scena/mp0000.dat:0x67157,scena/mp0000.dat,There's something I wanted to ask.,35
scena/mp0000.dat:0x6718d,scena/mp0000.dat,"Sure, shoot.",13
scena/mp0000.dat:0x671a9,scena/mp0000.dat,were looking for Ida's light brown cat.,40
scena/mp0000.dat:0x671d1,scena/mp0000.dat,<C1>Estelle explained that she and the others,46
scena/mp0000.dat:0x671ff,scena/mp0000.dat,"Hmm, a cat, you say...",23
scena/mp0000.dat:0x67225,scena/mp0000.dat,"Can't say I've seen any cats around, sorry.",44
scena/mp0000.dat:0x67260,scena/mp0000.dat,Oh... Really?,14
scena/mp0000.dat:0x67281,scena/mp0000.dat,my money would be on Skyler.,29
scena/mp0000.dat:0x6729e,scena/mp0000.dat,"But if anyone's seen it,",25
scena/mp0000.dat:0x672c6,scena/mp0000.dat,around the warehouse.,22
scena/mp0000.dat:0x672dc,scena/mp0000.dat,You should try asking him. He should be somewhere,50
scena/mp0000.dat:0x6731d,scena/mp0000.dat,my money would be on Skyler.,29
scena/mp0000.dat:0x6733a,scena/mp0000.dat,"But if anyone's seen a cat,",28
scena/mp0000.dat:0x67365,scena/mp0000.dat,around the warehouse.,22
scena/mp0000.dat:0x6737b,scena/mp0000.dat,You should try asking him. He should be somewhere,50
scena/mp0000.dat:0x673bc,scena/mp0000.dat,"Hey, did you find the cat?",27
scena/mp0000.dat:0x673e6,scena/mp0000.dat,sounds like a real pain.,25
scena/mp0000.dat:0x673ff,scena/mp0000.dat,Working this late on a request like that,41
scena/mp0000.dat:0x67437,scena/mp0000.dat,Hm? Are you looking for Quint?,31
scena/mp0000.dat:0x67465,scena/mp0000.dat,He's headed off to grab something to eat.,42
scena/mp0000.dat:0x6749e,scena/mp0000.dat,Are you looking for Zosimov?,29
scena/mp0000.dat:0x674ca,scena/mp0000.dat,"around the dock, but you never know...",39
scena/mp0000.dat:0x674f1,scena/mp0000.dat,"Well, I think he should still be",33
scena/mp0000.dat:0x67522,scena/mp0000.dat,"Well, don't give up. Keep on searching.",40
scena/mp0000.dat:0x67559,scena/mp0000.dat,Hurry up and search inside the ship.,37
scena/mp0000.dat:0x6758d,scena/mp0000.dat,"I'm sticking my neck out here, you know.",41
scena/mp0000.dat:0x675c5,scena/mp0000.dat,"Hey there, bracers. Good work earlier.",39
scena/mp0000.dat:0x675fb,scena/mp0000.dat,"but let's just keep it between us, okay?",41
scena/mp0000.dat:0x67624,scena/mp0000.dat,A lot happened...,18
scena/mp0000.dat:0x67646,scena/mp0000.dat,but I'll check it over once again.,35
scena/mp0000.dat:0x67669,scena/mp0000.dat,"It's unlikely to make a difference,",36
scena/mp0000.dat:0x6769c,scena/mp0000.dat,we're keeping passengers waiting.,34
scena/mp0000.dat:0x676be,scena/mp0000.dat,I'd feel bad about being idle while,36
scena/mp0000.dat:0x676f1,scena/mp0000.dat,This fog's terrible. Even my uniform feels damp.,49
scena/mp0000.dat:0x67731,scena/mp0000.dat,Alan certainly doesn't have it easy.,37
scena/mp0000.dat:0x67765,scena/mp0000.dat,dealing with the passengers.,29
scena/mp0000.dat:0x67782,scena/mp0000.dat,He's as busy as always,23
scena/mp0000.dat:0x677a8,scena/mp0000.dat,Airliner Cecilia's all good to go.,35
scena/mp0000.dat:0x677da,scena/mp0000.dat,to cancel all flights today.,29
scena/mp0000.dat:0x677f7,scena/mp0000.dat,"But with this fog, we have",27
scena/mp0000.dat:0x67821,scena/mp0000.dat,business. Time to get to it!,29
scena/mp0000.dat:0x6783e,scena/mp0000.dat,Hah! We're finally back in,27
scena/mp0000.dat:0x67868,scena/mp0000.dat,with being grounded for so long.,33
scena/mp0000.dat:0x67889,scena/mp0000.dat,Cecilia must have been fed up,30
scena/mp0000.dat:0x678b6,scena/mp0000.dat,soaring proudly in the sky again.,34
scena/mp0000.dat:0x678d8,scena/mp0000.dat,I can't wait to see her,24
scena/mp0000.dat:0x678ff,scena/mp0000.dat,with being grounded for so long.,33
scena/mp0000.dat:0x67920,scena/mp0000.dat,Cecilia must have been fed up,30
scena/mp0000.dat:0x6794d,scena/mp0000.dat,engine from all that excitement.,33
scena/mp0000.dat:0x6796e,scena/mp0000.dat,Heh. Hope she doesn't blow an,30
scena/mp0000.dat:0x6799b,scena/mp0000.dat,"Ugh, come on... What is it this time?",38
scena/mp0000.dat:0x679d0,scena/mp0000.dat,The Linde's engine is in perfect condition...,46
scena/mp0000.dat:0x67a0d,scena/mp0000.dat,"But for some reason, it just won't start!",42
scena/mp0000.dat:0x67a46,scena/mp0000.dat,Damn... What the hell's wrong with this thing?,47
scena/mp0000.dat:0x67a84,scena/mp0000.dat,Why won't the Linde's engine start?,36
scena/mp0000.dat:0x67ab7,scena/mp0000.dat,having an emergency landing nearby.,36
scena/mp0000.dat:0x67adb,scena/mp0000.dat,I heard rumors about a patrol ship,35
scena/mp0000.dat:0x67b0d,scena/mp0000.dat,have stopped working all over the country.,43
scena/mp0000.dat:0x67b38,scena/mp0000.dat,"It must be true then, that the orbments",40
scena/mp0000.dat:0x67b6f,scena/mp0000.dat,might be out of work if this continues.,40
scena/mp0000.dat:0x67b97,scena/mp0000.dat,That's really bad news... We mechanics,39
scena/mp0000.dat:0x67bcd,scena/mp0000.dat,having an emergency landing nearby.,36
scena/mp0000.dat:0x67bf1,scena/mp0000.dat,I heard rumors about a patrol ship,35
scena/mp0000.dat:0x67c23,scena/mp0000.dat,stopped working all over the country.,38
scena/mp0000.dat:0x67c49,scena/mp0000.dat,The orbments must have really,30
scena/mp0000.dat:0x67c76,scena/mp0000.dat,Phew... I'm stuffed.,21
scena/mp0000.dat:0x67c9b,scena/mp0000.dat,I last had a proper dinner.,28
scena/mp0000.dat:0x67cb7,scena/mp0000.dat,It feels like it's been a while since,38
scena/mp0000.dat:0x67cec,scena/mp0000.dat,so guess I should head back.,29
scena/mp0000.dat:0x67d09,scena/mp0000.dat,"My stomach is bulging,",23
scena/mp0000.dat:0x67d2f,scena/mp0000.dat,Phew... I'm stuffed.,21
scena/mp0000.dat:0x67d54,scena/mp0000.dat,so guess I should head back.,29
scena/mp0000.dat:0x67d71,scena/mp0000.dat,"My stomach is bulging,",23
scena/mp0000.dat:0x67d97,scena/mp0000.dat,"Alright, everyone. Let's pull ourselves together.",50
scena/mp0000.dat:0x67dd8,scena/mp0000.dat,"Okay then, do your best.",25
scena/mp0000.dat:0x67e01,scena/mp0000.dat,"It seems you found the cat, huh.",33
scena/mp0000.dat:0x67e32,scena/mp0000.dat,"a little kitten with it, too...",32
scena/mp0000.dat:0x67e52,scena/mp0000.dat,And to think it had,20
scena/mp0000.dat:0x67e75,scena/mp0000.dat,"At least, that explains why it was so lively.",46
scena/mp0000.dat:0x67eb3,scena/mp0000.dat,Lots of beauties out today...,30
scena/mp0000.dat:0x67ed1,scena/mp0000.dat,90 points... 70... 84... Hehe!,31
scena/mp0000.dat:0x67eff,scena/mp0000.dat,"Chestnut hair, reddish brown eyes...",37
scena/mp0000.dat:0x67f24,scena/mp0000.dat,What have we got here...,25
scena/mp0000.dat:0x67f4c,scena/mp0000.dat,lacking in feminine charm.,27
scena/mp0000.dat:0x67f67,scena/mp0000.dat,Healthy proportions but,24
scena/mp0000.dat:0x67f8e,scena/mp0000.dat,That's an 82!,14
scena/mp0000.dat:0x67fab,scena/mp0000.dat,...Are you giving me a rating?,31
scena/mp0000.dat:0x67fde,scena/mp0000.dat,"...Oops, I didn't realize it was you, Estelle.",47
scena/mp0000.dat:0x6801c,scena/mp0000.dat,How's it going?,16
scena/mp0000.dat:0x6803b,scena/mp0000.dat,"You sure don't change, Alan...",31
scena/mp0000.dat:0x6806d,scena/mp0000.dat,The Queen's Birthday Festival rush is over.,44
scena/mp0000.dat:0x680a8,scena/mp0000.dat,It's back to the usual low air traffic in Rolent.,50
scena/mp0000.dat:0x680e9,scena/mp0000.dat,"72... 80... 75... Hmm, rather average today.",45
scena/mp0000.dat:0x68125,scena/mp0000.dat,Hmm... Navy-blue knee socks...,31
scena/mp0000.dat:0x68153,scena/mp0000.dat,...and an adorable white skirt...?,35
scena/mp0000.dat:0x68185,scena/mp0000.dat,Jenis Royal Academy uniform!,29
scena/mp0000.dat:0x681a2,scena/mp0000.dat,Ooh! This... This is the,25
scena/mp0000.dat:0x681ca,scena/mp0000.dat,ensemble with such flawless elegance!,38
scena/mp0000.dat:0x681f0,scena/mp0000.dat,And she carries the whole pristine,35
scena/mp0000.dat:0x68222,scena/mp0000.dat,"full 100 points, hands down!",29
scena/mp0000.dat:0x6823f,scena/mp0000.dat,In-Incredible! You get the,27
scena/mp0000.dat:0x68283,scena/mp0000.dat,know how to react to that.,27
scena/mp0000.dat:0x6829e,scena/mp0000.dat,Dude! Poor Kloe doesn't even,29
scena/mp0000.dat:0x682cf,scena/mp0000.dat,"...You sure don't change, Alan.",32
scena/mp0000.dat:0x68302,scena/mp0000.dat,Wickedly alluring bosom...,27
scena/mp0000.dat:0x6831d,scena/mp0000.dat,Hmm... Daring side slits...,28
scena/mp0000.dat:0x68348,scena/mp0000.dat,dangerously sexy without being vulgar.,39
scena/mp0000.dat:0x6836f,scena/mp0000.dat,It's amazing how you can look so,33
scena/mp0000.dat:0x6839f,scena/mp0000.dat,Almost perfect! I give you 97 points!,38
scena/mp0000.dat:0x683d4,scena/mp0000.dat,And why not a hundred?,23
scena/mp0000.dat:0x683ff,scena/mp0000.dat,Haha! I have strict standards!,31
scena/mp0000.dat:0x6842d,scena/mp0000.dat,"You sure don't change, Alan.",29
scena/mp0000.dat:0x6845e,scena/mp0000.dat,as the sea at the height of summer...,38
scena/mp0000.dat:0x68484,scena/mp0000.dat,Hmm... Honey-blonde hair... Eyes as blue,41
scena/mp0000.dat:0x684bc,scena/mp0000.dat,"Still immature, but that only adds to the charm.",49
scena/mp0000.dat:0x684fc,scena/mp0000.dat,But you still have a lot of potential!,39
scena/mp0000.dat:0x68523,scena/mp0000.dat,"Well, for the time being, you get 80 points!",45
scena/mp0000.dat:0x68584,scena/mp0000.dat,"Hey, you're creeping her out!",30
scena/mp0000.dat:0x685b5,scena/mp0000.dat,"You sure don't change, Alan.",29
scena/mp0000.dat:0x685e6,scena/mp0000.dat,Hmm... Shapely legs... Prim knee socks...,42
scena/mp0000.dat:0x6861f,scena/mp0000.dat,of healthy youthful energy.,28
scena/mp0000.dat:0x6863b,scena/mp0000.dat,"No sexy vibes yet, but full",28
scena/mp0000.dat:0x68666,scena/mp0000.dat,Alright. 90 points it is!,26
scena/mp0000.dat:0x6868f,scena/mp0000.dat,"You sure don't change, Alan.",29
scena/mp0000.dat:0x686c0,scena/mp0000.dat,You're looking more like a lady now.,37
scena/mp0000.dat:0x686e5,scena/mp0000.dat,"Hey, welcome back, Estelle.",28
scena/mp0000.dat:0x68710,scena/mp0000.dat,"Keep this up, and you'll be off the charts.",44
scena/mp0000.dat:0x6874b,scena/mp0000.dat,Do you really have nothing better to do?,41
scena/mp0000.dat:0x68788,scena/mp0000.dat,for you with the airliners grounded...,39
scena/mp0000.dat:0x687af,scena/mp0000.dat,"Well, I guess work's been stressful",36
scena/mp0000.dat:0x687e6,scena/mp0000.dat,"Hahaha! No need to worry about me, Estelle!",44
scena/mp0000.dat:0x68821,scena/mp0000.dat,no matter how hard the job gets.,33
scena/mp0000.dat:0x68842,scena/mp0000.dat,My little game keeps me going,30
scena/mp0000.dat:0x6886f,scena/mp0000.dat,"This fog is a headache for us all, though...",45
scena/mp0000.dat:0x688ab,scena/mp0000.dat,I missed several girls because of it already...,48
scena/mp0000.dat:0x688ea,scena/mp0000.dat,what you'd be worried about.,29
scena/mp0000.dat:0x68907,scena/mp0000.dat,...Figures that this is,24
scena/mp0000.dat:0x68933,scena/mp0000.dat,girls in Royal Academy uniforms!,33
scena/mp0000.dat:0x68954,scena/mp0000.dat,I'll never get tired of seeing,31
scena/mp0000.dat:0x68982,scena/mp0000.dat,fog has been more than worth it!,33
scena/mp0000.dat:0x689a3,scena/mp0000.dat,Heh... Pressing on despite the,31
scena/mp0000.dat:0x689d1,scena/mp0000.dat,I don't get to see many girls.,31
scena/mp0000.dat:0x689f0,scena/mp0000.dat,"With the airliners grounded,",29
scena/mp0000.dat:0x68a1c,scena/mp0000.dat,"...This is bad. It's a huge problem, actually.",47
scena/mp0000.dat:0x68a5a,scena/mp0000.dat,flights are currently suspended!,33
scena/mp0000.dat:0x68a7b,scena/mp0000.dat,"I-I'm very sorry, but airliner",31
scena/mp0000.dat:0x68aa9,scena/mp0000.dat,we work on restoring service!,30
scena/mp0000.dat:0x68ac7,scena/mp0000.dat,Please bear with us while,26
scena/mp0000.dat:0x68af0,scena/mp0000.dat,sincere apologies to all affected passengers!,46
scena/mp0000.dat:0x68b1e,scena/mp0000.dat,Liberl Orbalship Corporation offers its,40
scena/mp0000.dat:0x68b55,scena/mp0000.dat,you when airliner service will resume!,39
scena/mp0000.dat:0x68b7c,scena/mp0000.dat,We're currently not able to tell,33
scena/mp0000.dat:0x68bac,scena/mp0000.dat,I-I'm very sorry for any inconvenience caused!,47
scena/mp0000.dat:0x68bea,scena/mp0000.dat,passengers to leave the port for now.,38
scena/mp0000.dat:0x68c10,scena/mp0000.dat,I managed to get all the morning,33
scena/mp0000.dat:0x68c40,scena/mp0000.dat,"getting ready to head out, too.",32
scena/mp0000.dat:0x68c60,scena/mp0000.dat,The other staff and I are,26
scena/mp0000.dat:0x68c89,scena/mp0000.dat,Nothing for us to do when it's too foggy to fly.,49
scena/mp0000.dat:0x68cc9,scena/mp0000.dat,"getting ready to head out, too.",32
scena/mp0000.dat:0x68ce9,scena/mp0000.dat,The other staff and I are,26
scena/mp0000.dat:0x68d12,scena/mp0000.dat,Nothing for us to do when it's too foggy to fly.,49
scena/mp0000.dat:0x68d52,scena/mp0000.dat,Estelle and Joshua! What's up?,31
scena/mp0000.dat:0x68d80,scena/mp0000.dat,"So, you're back in town?",25
scena/mp0000.dat:0x68da8,scena/mp0000.dat,Yup. It's nice to be here again.,33
scena/mp0000.dat:0x68ddc,scena/mp0000.dat,You seem to be doing as well as ever.,38
scena/mp0000.dat:0x68e15,scena/mp0000.dat,"Yeah, I'm doing alright I guess, but...",40
scena/mp0000.dat:0x68e4c,scena/mp0000.dat,my job's taking its toll on me mentally.,41
scena/mp0000.dat:0x68e75,scena/mp0000.dat,"With all flights suspended for who-knows-how-long,",51
scena/mp0000.dat:0x68eb7,scena/mp0000.dat,Oh... That's tough...,22
scena/mp0000.dat:0x68ee1,scena/mp0000.dat,face the customers after all.,30
scena/mp0000.dat:0x68eff,scena/mp0000.dat,You are the one who has to,27
scena/mp0000.dat:0x68f2d,scena/mp0000.dat,I bet it feels like walking on eggshells.,42
scena/mp0000.dat:0x68f6a,scena/mp0000.dat,"Yeah, well, there's that too...",32
scena/mp0000.dat:0x68f99,scena/mp0000.dat,I don't get to see many girls.,31
scena/mp0000.dat:0x68fb8,scena/mp0000.dat,But the worst part for me is that,34
scena/mp0000.dat:0x68fe9,scena/mp0000.dat,really liked about this job!,29
scena/mp0000.dat:0x69006,scena/mp0000.dat,It was the one thing I,23
scena/mp0000.dat:0x6902c,scena/mp0000.dat,R-Right. You really haven't changed a bit...,45
scena/mp0000.dat:0x6906d,scena/mp0000.dat,but not having any at all is worse.,36
scena/mp0000.dat:0x69091,scena/mp0000.dat,"Having to deal with angry customers isn't fun,",47
scena/mp0000.dat:0x690cf,scena/mp0000.dat,pretty girls was my only joy.,30
scena/mp0000.dat:0x690ed,scena/mp0000.dat,Getting to look at all those,29
scena/mp0000.dat:0x69119,scena/mp0000.dat,Linde is grounded at our port.,31
scena/mp0000.dat:0x69138,scena/mp0000.dat,The eastern route airship,26
scena/mp0000.dat:0x69161,scena/mp0000.dat,it was about to depart for the capital.,40
scena/mp0000.dat:0x69189,scena/mp0000.dat,This weird phenomenon struck just as,37
scena/mp0000.dat:0x691bd,scena/mp0000.dat,for all the delayed passengers.,32
scena/mp0000.dat:0x691dd,scena/mp0000.dat,It wasn't easy finding accommodation,37
scena/mp0000.dat:0x69218,scena/mp0000.dat,it's really starting to hurt the company at this,49
scena/mp0000.dat:0x69249,scena/mp0000.dat,We've been having lots of trouble lately. I bet,48
scena/mp0000.dat:0x69288,scena/mp0000.dat,wrong with the machinery.,26
scena/mp0000.dat:0x692a2,scena/mp0000.dat,Our mechanic can't find anything,33
scena/mp0000.dat:0x692d2,scena/mp0000.dat,and find some cute chicks to feast your eyes on.,49
scena/mp0000.dat:0x69303,scena/mp0000.dat,"Sometimes, it's better to just give up on work",47
scena/mp0000.dat:0x69341,scena/mp0000.dat,(When did he ever stop doing that?),36
scena/mp0000.dat:0x6937a,scena/mp0000.dat,Huh. That girl over there... She's pretty cute.,48
scena/mp0000.dat:0x693b9,scena/mp0000.dat,There's room for improvement.,30
scena/mp0000.dat:0x693d7,scena/mp0000.dat,"Hmm... Nah, only 78 points.",28
scena/mp0000.dat:0x69402,scena/mp0000.dat,That girl over there...is pretty cute.,39
scena/mp0000.dat:0x69438,scena/mp0000.dat,Not quite up to snuff.,23
scena/mp0000.dat:0x6944f,scena/mp0000.dat,"Hmm... Nah, only 78 points.",28
scena/mp0000.dat:0x6947a,scena/mp0000.dat,"Hey there, early birds! Good morning!",38
scena/mp0000.dat:0x694af,scena/mp0000.dat,even thicker since yesterday.,30
scena/mp0000.dat:0x694cd,scena/mp0000.dat,Looks like the fog's gotten,28
scena/mp0000.dat:0x694f8,scena/mp0000.dat,"today, please be extra careful.",32
scena/mp0000.dat:0x69518,scena/mp0000.dat,If you're taking the highway,29
scena/mp0000.dat:0x69544,scena/mp0000.dat,surroundings with this fog everywhere.,39
scena/mp0000.dat:0x6956b,scena/mp0000.dat,It's hard to make out your,27
scena/mp0000.dat:0x69595,scena/mp0000.dat,even thicker since yesterday.,30
scena/mp0000.dat:0x695b3,scena/mp0000.dat,Looks like the fog's gotten,28
scena/mp0000.dat:0x695de,scena/mp0000.dat,you'd best be extra careful.,29
scena/mp0000.dat:0x695fb,scena/mp0000.dat,"If you need to use the highway today,",38
scena/mp0000.dat:0x69630,scena/mp0000.dat,even thicker since yesterday.,30
scena/mp0000.dat:0x6964e,scena/mp0000.dat,Looks like the fog's gotten,28
scena/mp0000.dat:0x69679,scena/mp0000.dat,I heard you've been helping folks get to safety.,49
scena/mp0000.dat:0x696bf,scena/mp0000.dat,but those in the more remote areas may still be at,51
scena/mp0000.dat:0x696f2,scena/mp0000.dat,"The army will arrive soon to help us here in town,",51
scena/mp0000.dat:0x69735,scena/mp0000.dat,you can out of harm's way.,27
scena/mp0000.dat:0x69750,scena/mp0000.dat,Please hurry and get everyone,30
scena/mp0000.dat:0x6977d,scena/mp0000.dat,the highway like the back of your hand.,40
scena/mp0000.dat:0x697a5,scena/mp0000.dat,"You grew up here, Estelle. I bet you know",42
scena/mp0000.dat:0x697de,scena/mp0000.dat,"But even so, don't let your guard down out there.",50
scena/mp0000.dat:0x6981f,scena/mp0000.dat,surroundings with this fog everywhere.,39
scena/mp0000.dat:0x69846,scena/mp0000.dat,It's hard to make out your,27
scena/mp0000.dat:0x6988a,scena/mp0000.dat,when I woke up this morning.,29
scena/mp0000.dat:0x698a7,scena/mp0000.dat,The orbal streetlights were out,32
scena/mp0000.dat:0x698d6,scena/mp0000.dat,light source to tide us over.,30
scena/mp0000.dat:0x698f4,scena/mp0000.dat,"So, I decided to go get an alternative",39
scena/mp0000.dat:0x6992a,scena/mp0000.dat,soon to harvest some timber.,29
scena/mp0000.dat:0x69947,scena/mp0000.dat,I'll heading over to Mistwald,30
scena/mp0000.dat:0x69974,scena/mp0000.dat,Wood's our only renewable resource here.,41
scena/mp0000.dat:0x699ac,scena/mp0000.dat,Supporting it as it supports us.,33
scena/mp0000.dat:0x699cd,scena/mp0000.dat,Good forestry is about caring for the forest.,46
scena/mp0000.dat:0x69a0a,scena/mp0000.dat,rest of the day planting new seedlings.,40
scena/mp0000.dat:0x69a32,scena/mp0000.dat,"Once I'm done with the timber, I think I'll spend the",54
scena/mp0000.dat:0x69a77,scena/mp0000.dat,It's going to be another busy day.,35
scena/mp0000.dat:0x69aa9,scena/mp0000.dat,This awful fog came out of nowhere.,36
scena/mp0000.dat:0x69adc,scena/mp0000.dat,has a mind of its own.,23
scena/mp0000.dat:0x69af3,scena/mp0000.dat,But what can you do? Nature,28
scena/mp0000.dat:0x69b1e,scena/mp0000.dat,"to work with nature, not against it.",37
scena/mp0000.dat:0x69b43,scena/mp0000.dat,"In my line of work, you have to learn",38
scena/mp0000.dat:0x69b78,scena/mp0000.dat,This awful fog came out of nowhere.,36
scena/mp0000.dat:0x69bab,scena/mp0000.dat,lose your way in the forest...,31
scena/mp0000.dat:0x69bca,scena/mp0000.dat,Gotta be extra careful not to,30
scena/mp0000.dat:0x69bf7,scena/mp0000.dat,"Hey, bracers!",14
scena/mp0000.dat:0x69c14,scena/mp0000.dat,"Thanks to you, my father-in-law woke up.",41
scena/mp0000.dat:0x69c4c,scena/mp0000.dat,"Wait, who's your father-in-law again...?",41
scena/mp0000.dat:0x69c89,scena/mp0000.dat,"Ah, you mean Mr. Lao!",22
scena/mp0000.dat:0x69cb2,scena/mp0000.dat,"It seems everyone recovered, just as Aina said.",48
scena/mp0000.dat:0x69cf5,scena/mp0000.dat,"a bit dazed, but he's fine otherwise.",38
scena/mp0000.dat:0x69d1b,scena/mp0000.dat,Yes. My father-in-law still seems,34
scena/mp0000.dat:0x69d4c,scena/mp0000.dat,Fine enough to order me to go back to work...,46
scena/mp0000.dat:0x69d89,scena/mp0000.dat,Haha! Sounds like he's alright then!,37
scena/mp0000.dat:0x69dc2,scena/mp0000.dat,"Hehe, it certainly does.",25
scena/mp0000.dat:0x69def,scena/mp0000.dat,Teehee... Yeah.,16
scena/mp0000.dat:0x69e13,scena/mp0000.dat,"Well, that's good to hear.",27
scena/mp0000.dat:0x69e41,scena/mp0000.dat,"Yeah, he'll be fine.",21
scena/mp0000.dat:0x69e69,scena/mp0000.dat,having worried about him so much.,34
scena/mp0000.dat:0x69e8b,scena/mp0000.dat,Honestly... I feel like a fool for,35
scena/mp0000.dat:0x69ebd,scena/mp0000.dat,That old man's toughness puts mine to shame.,45
scena/mp0000.dat:0x69eea,scena/mp0000.dat,I could learn a thing or two from him.,39
scena/mp0000.dat:0x69f20,scena/mp0000.dat,can resume. It's going to get busy for me.,43
scena/mp0000.dat:0x69f4b,scena/mp0000.dat,"Airships are flying again, so timber shipments",47
scena/mp0000.dat:0x69f89,scena/mp0000.dat,"Well, good luck with your work!",32
scena/mp0000.dat:0x69fbc,scena/mp0000.dat,Work hard to make your father-in-law proud.,44
scena/mp0000.dat:0x69ffb,scena/mp0000.dat,That's the plan.,17
scena/mp0000.dat:0x6a01b,scena/mp0000.dat,You guys take care.,20
scena/mp0000.dat:0x6a03e,scena/mp0000.dat,and never let a moment go to waste.,36
scena/mp0000.dat:0x6a062,scena/mp0000.dat,I'm going to be like my father-in-law,38
scena/mp0000.dat:0x6a097,scena/mp0000.dat,can resume. It's going to get busy for me.,43
scena/mp0000.dat:0x6a0c2,scena/mp0000.dat,"Airships are flying again, so timber shipments",47
scena/mp0000.dat:0x6a100,scena/mp0000.dat,You guys take care.,20
scena/mp0000.dat:0x6a123,scena/mp0000.dat,"Now that the fog's gone, we can relax a bit.",45
scena/mp0000.dat:0x6a15f,scena/mp0000.dat,Work's going to get busy again for me.,39
scena/mp0000.dat:0x6a195,scena/mp0000.dat,and get right down to it.,26
scena/mp0000.dat:0x6a1af,scena/mp0000.dat,I've got to roll up my sleeves,31
scena/mp0000.dat:0x6a1dd,scena/mp0000.dat,but I can at least prepare timber for shipment.,48
scena/mp0000.dat:0x6a20d,scena/mp0000.dat,"There are no airliner flights right now,",41
scena/mp0000.dat:0x6a245,scena/mp0000.dat,early and head over to the chapel.,35
scena/mp0000.dat:0x6a268,scena/mp0000.dat,I'm planning to finish work,28
scena/mp0000.dat:0x6a293,scena/mp0000.dat,I've been invited to a wedding.,32
scena/mp0000.dat:0x6a2c2,scena/mp0000.dat,get ready to head over to the chapel.,38
scena/mp0000.dat:0x6a2e8,scena/mp0000.dat,"I gotta finish up here soon, so I can",38
scena/mp0000.dat:0x6a31d,scena/mp0000.dat,I've been invited to a wedding.,32
scena/mp0000.dat:0x6a34c,scena/mp0000.dat,fog rolled in out of nowhere.,30
scena/mp0000.dat:0x6a36a,scena/mp0000.dat,The skies were clear before this,33
scena/mp0000.dat:0x6a39a,scena/mp0000.dat,with a mischievous spirit playing tricks on us.,48
scena/mp0000.dat:0x6a3ca,scena/mp0000.dat,"It's like something straight out of a fairytale,",49
scena/mp0000.dat:0x6a40a,scena/mp0000.dat,I dreamt that I was young again.,33
scena/mp0000.dat:0x6a42b,scena/mp0000.dat,"Oh, the dream I had last night!",32
scena/mp0000.dat:0x6a45a,scena/mp0000.dat,bizarre dream.,15
scena/mp0000.dat:0x6a469,scena/mp0000.dat,"reason, we were frantically cooking... It was a",48
scena/mp0000.dat:0x6a499,scena/mp0000.dat,"I saw my friends from the past, too. For some",46
scena/mp0000.dat:0x6a4d6,scena/mp0000.dat,food from my dream something fierce!,37
scena/mp0000.dat:0x6a4fb,scena/mp0000.dat,"When I woke up, I was craving the",34
scena/mp0000.dat:0x6a52c,scena/mp0000.dat,to ask the chef to make me that dish.,38
scena/mp0000.dat:0x6a552,scena/mp0000.dat,The craving made me go to the bar,34
scena/mp0000.dat:0x6a583,scena/mp0000.dat,turns out.,11
scena/mp0000.dat:0x6a58e,scena/mp0000.dat,"familiar with... Well, I can't wait to see how it",50
scena/mp0000.dat:0x6a5c0,scena/mp0000.dat,It's a very old recipe that the chef wasn't,44
scena/mp0000.dat:0x6a5fb,scena/mp0000.dat,I dreamt of my younger days.,29
scena/mp0000.dat:0x6a618,scena/mp0000.dat,It's been quite some time since,32
scena/mp0000.dat:0x6a647,scena/mp0000.dat,that old favorite dish of mine.,32
scena/mp0000.dat:0x6a667,scena/mp0000.dat,It was a nice reminder of,26
scena/mp0000.dat:0x6a690,scena/mp0000.dat,but I can't wait to see how it turns out.,42
scena/mp0000.dat:0x6a6ba,scena/mp0000.dat,"I hope I didn't ask too much of the chef,",42
scena/mp0000.dat:0x6a6f3,scena/mp0000.dat,I dreamt that I was young again.,33
scena/mp0000.dat:0x6a714,scena/mp0000.dat,"Oh, the dream I had last night!",32
scena/mp0000.dat:0x6a743,scena/mp0000.dat,bizarre dream.,15
scena/mp0000.dat:0x6a752,scena/mp0000.dat,"reason, we were frantically cooking... It was a",48
scena/mp0000.dat:0x6a782,scena/mp0000.dat,"I saw my friends from the past, too. For some",46
scena/mp0000.dat:0x6a7bf,scena/mp0000.dat,food from my dream something fierce!,37
scena/mp0000.dat:0x6a7e4,scena/mp0000.dat,"When I woke up, I was craving the",34
scena/mp0000.dat:0x6a815,scena/mp0000.dat,but I'm counting on you to investigate.,40
scena/mp0000.dat:0x6a83d,scena/mp0000.dat,"I don't mean to inconvenience you folks,",41
scena/mp0000.dat:0x6a875,scena/mp0000.dat,tracking down that recipe.,27
scena/mp0000.dat:0x6a890,scena/mp0000.dat,I'm sure looking forward to you,32
scena/mp0000.dat:0x6a8bf,scena/mp0000.dat,I dreamt of my younger days.,29
scena/mp0000.dat:0x6a8dc,scena/mp0000.dat,It's been quite some time since,32
scena/mp0000.dat:0x6a90b,scena/mp0000.dat,I remembered that dish from long ago.,38
scena/mp0000.dat:0x6a931,scena/mp0000.dat,"But thanks to that dream,",26
scena/mp0000.dat:0x6a95a,scena/mp0000.dat,causing you a lot of trouble.,30
scena/mp0000.dat:0x6a978,scena/mp0000.dat,My apologies for today. I ended up,35
scena/mp0000.dat:0x6a9aa,scena/mp0000.dat,that nostalgic flavor once more.,33
scena/mp0000.dat:0x6a9cb,scena/mp0000.dat,"But thanks to your efforts, I was able to savor",48
scena/mp0000.dat:0x6aa0a,scena/mp0000.dat,Bloom's cooking really is exceptional.,39
scena/mp0000.dat:0x6aa31,scena/mp0000.dat,"Hmm... But I have to say,",26
scena/mp0000.dat:0x6aa5a,scena/mp0000.dat,even better than they were in her younger days.,48
scena/mp0000.dat:0x6aa8a,scena/mp0000.dat,Her culinary skills seem to have gotten,40
scena/mp0000.dat:0x6aac1,scena/mp0000.dat,all those years after all.,27
scena/mp0000.dat:0x6aadc,scena/mp0000.dat,"Yes, it seems she didn't waste",31
scena/mp0000.dat:0x6ab0a,scena/mp0000.dat,causing you a lot of trouble.,30
scena/mp0000.dat:0x6ab28,scena/mp0000.dat,My apologies for today. I ended up,35
scena/mp0000.dat:0x6ab5a,scena/mp0000.dat,that nostalgic flavor once more.,33
scena/mp0000.dat:0x6ab7b,scena/mp0000.dat,"But thanks to your efforts, I was able to savor",48
scena/mp0000.dat:0x6abba,scena/mp0000.dat,Aah! This really hits the spot today!,38
scena/mp0000.dat:0x6abef,scena/mp0000.dat,"Here, take this book my husband brought home.",46
scena/mp0000.dat:0x6ac1d,scena/mp0000.dat,"You know what, I'm in a really good mood.",42
scena/mp0000.dat:0x6ac58,scena/mp0000.dat,Obtained ,10
scena/mp0000.dat:0x6ac62,scena/mp0000.dat,Nothing tastes better than free booze!,39
scena/mp0000.dat:0x6ac89,scena/mp0000.dat,Aah! This is just what I needed!,33
scena/mp0000.dat:0x6acb9,scena/mp0000.dat,Aah! This really hits the spot today!,38
scena/mp0000.dat:0x6acee,scena/mp0000.dat,"so I've earned my place at the party, right?",45
scena/mp0000.dat:0x6ad1b,scena/mp0000.dat,"I helped the bride put her wedding dress on,",45
scena/mp0000.dat:0x6ad57,scena/mp0000.dat,and I have next to our bed?,28
scena/mp0000.dat:0x6ad73,scena/mp0000.dat,You know that little cabinet your dad,38
scena/mp0000.dat:0x6ada8,scena/mp0000.dat,There should be a key in the top drawer.,41
scena/mp0000.dat:0x6ae40,scena/mp0000.dat,assigned somewhere other than Haken Gate.,42
scena/mp0000.dat:0x6ae6a,scena/mp0000.dat,It's been a while since I've been,34
scena/mp0000.dat:0x6ae9b,scena/mp0000.dat,This is a welcome change of scenery.,37
scena/mp0000.dat:0x6aecf,scena/mp0000.dat,it's been peaceful here.,25
scena/mp0000.dat:0x6aee8,scena/mp0000.dat,"Hi there, bracers. So far,",27
scena/mp0000.dat:0x6af12,scena/mp0000.dat,pigeons are as ravenous as ever despite the fog.,49
scena/mp0000.dat:0x6af43,scena/mp0000.dat,The only thing that's unusual is how the,41
scena/mp0000.dat:0x6af7b,scena/mp0000.dat,but I didn't think it'd be this bad...,39
scena/mp0000.dat:0x6afa2,scena/mp0000.dat,"They warned me about the fog,",30
scena/mp0000.dat:0x6afcf,scena/mp0000.dat,to be helpful when you can't see anything.,43
scena/mp0000.dat:0x6affa,scena/mp0000.dat,"I memorized the map, but it's not going",40
scena/mp0000.dat:0x6b031,scena/mp0000.dat,I haven't seen anybody suspicious so far.,42
scena/mp0000.dat:0x6b06a,scena/mp0000.dat,Not that you can see very far in this fog.,43
scena/mp0000.dat:0x6b0a4,scena/mp0000.dat,"Well, I'll just keep patrolling until dark.",44
scena/mp0000.dat:0x6b0df,scena/mp0000.dat,to see we're looking out for danger.,37
scena/mp0000.dat:0x6b104,scena/mp0000.dat,It should put the residents at ease,36
scena/mp0000.dat:0x6b162,scena/mp0000.dat,...Something you need?,23
scena/mp0000.dat:0x6b1b3,scena/mp0000.dat,...Everything's normal.,24
scena/mp0000.dat:0x6b1f5,scena/mp0000.dat,...Something you need?,23
scena/mp0000.dat:0x6b236,scena/mp0000.dat,...Everything's normal.,24
scena/mp0000.dat:0x6b278,scena/mp0000.dat,"Hey, you're the bracers we met on the highway.",47
scena/mp0000.dat:0x6b2b6,scena/mp0000.dat,I'm here to ensure everyone's safe.,36
scena/mp0000.dat:0x6b2da,scena/mp0000.dat,"Well, don't worry about the town.",34
scena/mp0000.dat:0x6b30b,scena/mp0000.dat,rest assured the town's safe.,30
scena/mp0000.dat:0x6b329,scena/mp0000.dat,"Now that I'm here, you can",27
scena/mp0000.dat:0x6b353,scena/mp0000.dat,"Hahaha! It's all good here, trust me.",38
scena/mp0000.dat:0x6b388,scena/mp0000.dat,The town's perfectly safe.,27
scena/mp0000.dat:0x6b3b2,scena/mp0000.dat,Hahaha! Wipe that worried look off your face!,46
scena/mp0000.dat:0x6b3fb,scena/mp0000.dat, everything's fine here.,25
scena/mp0000.dat:0x6b423,scena/mp0000.dat,The town's perfectly safe.,27
scena/mp0000.dat:0x6b44d,scena/mp0000.dat,Hahaha! Wipe that worried look off your face!,46
scena/mp0000.dat:0x6b48a,scena/mp0000.dat,Chief Warrant Officer Ashton's pretty impressive.,50
scena/mp0000.dat:0x6b4cb,scena/mp0000.dat,"capital's unit, and it really shows.",37
scena/mp0000.dat:0x6b4f0,scena/mp0000.dat,Apparently he was part of the royal,36
scena/mp0000.dat:0x6b523,scena/mp0000.dat,"soldier, but the same can't be said of his troops.",51
scena/mp0000.dat:0x6b556,scena/mp0000.dat,Chief Warrant Officer Ashton is an outstanding,47
scena/mp0000.dat:0x6b594,scena/mp0000.dat,about how to be proper soldiers.,33
scena/mp0000.dat:0x6b5b5,scena/mp0000.dat,Good grief. They don't have a clue,35
scena/mp0000.dat:0x6b5e7,scena/mp0000.dat,Oof... I understand Officer Ashton's pain now...,49
scena/mp0000.dat:0x6b627,scena/mp0000.dat,"soldier, but the same can't be said of his troops.",51
scena/mp0000.dat:0x6b65a,scena/mp0000.dat,Chief Warrant Officer Ashton is an outstanding,47
scena/mp0000.dat:0x6b698,scena/mp0000.dat,Oof... I understand Officer Ashton's pain now...,49
scena/mp0000.dat:0x6b6d8,scena/mp0000.dat,"Goodness, the airliner's still out of commission?",50
scena/mp0000.dat:0x6b719,scena/mp0000.dat,It looks like there won't be any flights today.,48
scena/mp0000.dat:0x6b758,scena/mp0000.dat,Let's go back to the hotel.,28
scena/mp0000.dat:0x6b774,scena/mp0000.dat,No point in standing around here.,34
scena/mp0000.dat:0x6b7a5,scena/mp0000.dat,mind taking a look around town.,32
scena/mp0000.dat:0x6b7c5,scena/mp0000.dat,"Hmm... But first, I wouldn't",29
scena/mp0000.dat:0x6b7f1,scena/mp0000.dat,There might be some interesting stores here.,45
scena/mp0000.dat:0x6b82d,scena/mp0000.dat,It looks like there won't be any flights today.,48
scena/mp0000.dat:0x6b86c,scena/mp0000.dat,local sight-seeing before going back to the hotel.,51
scena/mp0000.dat:0x6b89f,scena/mp0000.dat,"Well, it is what it is. Might as well do some",46
scena/mp0000.dat:0x6b8dc,scena/mp0000.dat,"Oh, dear... Still no flights.",30
scena/mp0000.dat:0x6b909,scena/mp0000.dat,*Sigh* I'll have to let my wife know...,40
scena/mp0000.dat:0x6b940,scena/mp0000.dat,I caught wind of an amazing business opportunity.,50
scena/mp0000.dat:0x6b9b2,scena/mp0000.dat,deal this big slip through my fingers.,39
scena/mp0000.dat:0x6b9d9,scena/mp0000.dat,I'll never forgive myself if I let a,37
scena/mp0000.dat:0x6ba0d,scena/mp0000.dat,you guys around at a time like this.,37
scena/mp0000.dat:0x6ba32,scena/mp0000.dat,"Got to say, it's reassuring to have",36
scena/mp0000.dat:0x6ba65,scena/mp0000.dat,walking through that fog alone.,32
scena/mp0000.dat:0x6ba85,scena/mp0000.dat,I don't even want to think about,33
scena/mp0000.dat:0x6bab5,scena/mp0000.dat,airliners would get grounded.,30
scena/mp0000.dat:0x6bad3,scena/mp0000.dat,I'd never have thought the,27
scena/mp0000.dat:0x6bafd,scena/mp0000.dat,At least I have a trusty escort to town.,41
scena/mp0000.dat:0x6bb35,scena/mp0000.dat,lured me out of the hotel...,29
scena/mp0000.dat:0x6bb52,scena/mp0000.dat,Talk of some floating island,29
scena/mp0000.dat:0x6bb7e,scena/mp0000.dat,able to see anything from here.,32
scena/mp0000.dat:0x6bb9e,scena/mp0000.dat,Well... I don't think I'll be,30
scena/mp0000.dat:0x6bbcb,scena/mp0000.dat,about this whole orbment outage.,33
scena/mp0000.dat:0x6bbec,scena/mp0000.dat,Rolent locals seem quite nonchalant,36
scena/mp0000.dat:0x6bc1f,scena/mp0000.dat,Their approach might actually be more sensible.,48
scena/mp0000.dat:0x6bc4f,scena/mp0000.dat,"Then again, stressing out isn't helpful to anybody.",52
scena/mp0000.dat:0x6bc92,scena/mp0000.dat,clearly from the top of the clock tower.,41
scena/mp0000.dat:0x6bcbb,scena/mp0000.dat,I heard you can see the floating island,40
scena/mp0000.dat:0x6bcf2,scena/mp0000.dat,"Rolent, it must be enormous...",31
scena/mp0000.dat:0x6bd11,scena/mp0000.dat,If you can see it from,23
scena/mp0000.dat:0x6bd37,scena/mp0000.dat,will be flying anytime soon.,29
scena/mp0000.dat:0x6bd54,scena/mp0000.dat,It doesn't look like the airliner,34
scena/mp0000.dat:0x6bd85,scena/mp0000.dat,long as the floating island's there...,39
scena/mp0000.dat:0x6bdac,scena/mp0000.dat,Maybe there won't be any flights as,36
scena/mp0000.dat:0x6bddf,scena/mp0000.dat,*Sigh* Still no flights today...?,34
scena/mp0000.dat:0x6be10,scena/mp0000.dat,I didn't have my hopes up...,29
scena/mp0000.dat:0x6be2d,scena/mp0000.dat,"To be honest with you,",23
scena/mp0000.dat:0x6be53,scena/mp0000.dat,Ugh... I can't be held up in Rolent too long...,48
scena/mp0000.dat:0x6be92,scena/mp0000.dat,about heading back on land...,30
scena/mp0000.dat:0x6beb0,scena/mp0000.dat,I might have to start thinking,31
scena/mp0000.dat:0x6bede,scena/mp0000.dat,*Sigh* This is seriously making me depressed.,46
scena/mp0000.dat:0x6bf1b,scena/mp0000.dat,idea of taking the highway...,30
scena/mp0000.dat:0x6bf39,scena/mp0000.dat,I'm not too thrilled about the,31
scena/mp0000.dat:0x6bf67,scena/mp0000.dat,I don't want to be near any monsters ever again.,49
scena/mp0000.dat:0x6bfa7,scena/mp0000.dat,That's why I've been traveling solely by air.,46
scena/mp0000.dat:0x6bfe4,scena/mp0000.dat,be back to normal? Is this a joke?,35
scena/mp0000.dat:0x6c007,scena/mp0000.dat,They can't tell us when service will,37
scena/mp0000.dat:0x6c03b,scena/mp0000.dat,of a hat! It's better than being left hanging!,47
scena/mp0000.dat:0x6c06a,scena/mp0000.dat,"Give us a timeframe, even if it's pulled out",45
scena/mp0000.dat:0x6c0a6,scena/mp0000.dat,You understand where I'm coming from?,38
scena/mp0000.dat:0x6c0db,scena/mp0000.dat,They don't even know what caused the problem...,48
scena/mp0000.dat:0x6c10b,scena/mp0000.dat,They don't know when things will be running again.,51
scena/mp0000.dat:0x6c14d,scena/mp0000.dat,'I don't know' to any question!,32
scena/mp0000.dat:0x6c18e,scena/mp0000.dat, just say,10
scena/mp0000.dat:0x6c1a7,scena/mp0000.dat,to do his job with any degree of care!,39
scena/mp0000.dat:0x6c1ce,scena/mp0000.dat,That receptionist clearly cannot be bothered,45
scena/mp0000.dat:0x6c20a,scena/mp0000.dat,"Well, if that wasn't a spectacular wedding!",44
scena/mp0000.dat:0x6c245,scena/mp0000.dat,couple's future and drink to our hearts' content!,50
scena/mp0000.dat:0x6c277,scena/mp0000.dat,"And now, let us raise a glass to the young",43
scena/mp0000.dat:0x6c2b1,scena/mp0000.dat,Armand looked so sharp at the wedding.,39
scena/mp0000.dat:0x6c2e7,scena/mp0000.dat,"just as my brother, but as a grown man.",40
scena/mp0000.dat:0x6c30f,scena/mp0000.dat,"For the first time, I saw him not",34
scena/mp0000.dat:0x6c340,scena/mp0000.dat,The food's amazing.,20
scena/mp0000.dat:0x6c354,scena/mp0000.dat,This bar's as good as they say!,32
scena/mp0000.dat:0x6c383,scena/mp0000.dat,to feel a bit too tight at the waist...,40
scena/mp0000.dat:0x6c3ab,scena/mp0000.dat,"I've been eating so much, my dress is starting",47
scena/mp0000.dat:0x6c3e9,scena/mp0000.dat,Ellie looked dazzling in her wedding dress.,44
scena/mp0000.dat:0x6c424,scena/mp0000.dat,*Sigh* It's a pity her father couldn't see it.,47
scena/mp0000.dat:0x6c462,scena/mp0000.dat,went off without a hitch.,26
scena/mp0000.dat:0x6c47c,scena/mp0000.dat,I'm very relieved the ceremony,31
scena/mp0000.dat:0x6c4aa,scena/mp0000.dat,watching from heaven.,22
scena/mp0000.dat:0x6c4c0,scena/mp0000.dat,I'm sure Ellie's father was,28
scena/mp0000.dat:0x6c4eb,scena/mp0000.dat,Ellie's dress is so pretty!,28
scena/mp0000.dat:0x6c516,scena/mp0000.dat,"I can't wait to have my own wedding, too!",42
scena/mp0000.dat:0x6c54f,scena/mp0000.dat,Ellie looks so glamorous today.,32
scena/mp0000.dat:0x6c57e,scena/mp0000.dat,could make a person look so different!,39
scena/mp0000.dat:0x6c5a5,scena/mp0000.dat,Who'd have thought a special dress,35
scena/mp0000.dat:0x6c5d7,scena/mp0000.dat,Ellie and Armand look so happy together.,41
scena/mp0000.dat:0x6c60f,scena/mp0000.dat,"start seriously looking for a partner, too?",44
scena/mp0000.dat:0x6c63b,scena/mp0000.dat,I feel like I'm missing out... Maybe I should,46
scena/mp0000.dat:0x6c678,scena/mp0000.dat,"Huh. You're bracers, judging by that emblem.",45
scena/mp0000.dat:0x6c6b4,scena/mp0000.dat,"This isn't our proudest moment, as you can see.",48
scena/mp0000.dat:0x6c6f3,scena/mp0000.dat,to the base. We had to make an emergency landing.,50
scena/mp0000.dat:0x6c725,scena/mp0000.dat,The engine gave out when we were on our way back,49
scena/mp0000.dat:0x6c765,scena/mp0000.dat,likely to be delayed in these conditions...,44
scena/mp0000.dat:0x6c791,scena/mp0000.dat,"I hope help gets here soon, but it's",37
scena/mp0000.dat:0x6c7c5,scena/mp0000.dat,We're lucky that we landed near a farm.,40
scena/mp0000.dat:0x6c7fc,scena/mp0000.dat,courtesy of the kind family there.,35
scena/mp0000.dat:0x6c81f,scena/mp0000.dat,"My men and I got a free meal,",30
scena/mp0000.dat:0x6c84c,scena/mp0000.dat,"Seems the airliner's not running either, huh?",46
scena/mp0000.dat:0x6c889,scena/mp0000.dat,network's down. Good grief.,28
scena/mp0000.dat:0x6c8a5,scena/mp0000.dat,The entire transportation,26
scena/mp0000.dat:0x6c8ce,scena/mp0000.dat,have such wide-ranging consequences...,39
scena/mp0000.dat:0x6c8f5,scena/mp0000.dat,To think an orbment outage would,33
scena/mp0000.dat:0x6c925,scena/mp0000.dat,to be attacked by Erebonia...,30
scena/mp0000.dat:0x6c943,scena/mp0000.dat,This would be the worst time,29
scena/mp0000.dat:0x6c96f,scena/mp0000.dat,have such wide-ranging consequences...,39
scena/mp0000.dat:0x6c996,scena/mp0000.dat,To think an orbment outage would,33
scena/mp0000.dat:0x6c9c6,scena/mp0000.dat,to be attacked by Erebonia...,30
scena/mp0000.dat:0x6c9e4,scena/mp0000.dat,This would be the worst time,29
scena/mp0000.dat:0x6ca10,scena/mp0000.dat,"the ship, but it just won't work.",34
scena/mp0000.dat:0x6ca32,scena/mp0000.dat,Everything seems normal with,29
scena/mp0000.dat:0x6ca5e,scena/mp0000.dat,until reinforcements arrive.,29
scena/mp0000.dat:0x6ca7b,scena/mp0000.dat,*Sigh* We're stuck here,24
scena/mp0000.dat:0x6caa2,scena/mp0000.dat,done without the farmer's help.,32
scena/mp0000.dat:0x6cac2,scena/mp0000.dat,I don't know what we'd have,28
scena/mp0000.dat:0x6caed,scena/mp0000.dat,The cheese he gave us was really tasty...,42
scena/mp0000.dat:0x6cb26,scena/mp0000.dat,to share with the boys back at the base.,41
scena/mp0000.dat:0x6cb4f,scena/mp0000.dat,Hmm... I might have to buy some from him,41
scena/mp0000.dat:0x6cb87,scena/mp0000.dat,The farmer here makes excellent cheese.,40
scena/mp0000.dat:0x6cbbe,scena/mp0000.dat,Food here is amazing.,22
scena/mp0000.dat:0x6cbd4,scena/mp0000.dat,"That's Rolent for you, isn't it?",33
scena/mp0000.dat:0x6cc04,scena/mp0000.dat,to get a ticket to Bose...,27
scena/mp0000.dat:0x6cc1f,scena/mp0000.dat,Argh... I used all my money,28
scena/mp0000.dat:0x6cc4a,scena/mp0000.dat,or another. Even nature's out to get me...,43
scena/mp0000.dat:0x6cc75,scena/mp0000.dat,My plans keep getting ruined by one thing,42
scena/mp0000.dat:0x6ccaf,scena/mp0000.dat,"Ah, that blonde beauty...",26
scena/mp0000.dat:0x6ccd8,scena/mp0000.dat,She's walking perfection...but she's real!,43
scena/mp0000.dat:0x6cd12,scena/mp0000.dat,I wound up in these boondocks...,33
scena/mp0000.dat:0x6cd33,scena/mp0000.dat,And I only discovered her because,34
scena/mp0000.dat:0x6cd64,scena/mp0000.dat,me to go for it and steal her heart?,37
scena/mp0000.dat:0x6cd89,scena/mp0000.dat,"What is this if not fate, telling",34
scena/mp0000.dat:0x6cdba,scena/mp0000.dat,"Tomorrow, I'll start finding out who she is.",45
scena/mp0000.dat:0x6cdf6,scena/mp0000.dat,"intentions, you need to put in some work first.",48
scena/mp0000.dat:0x6ce26,scena/mp0000.dat,Before approaching a lady with romantic,40
scena/mp0000.dat:0x6ce5d,scena/mp0000.dat,Ugh... I'm in a bind here.,27
scena/mp0000.dat:0x6ce87,scena/mp0000.dat,so radiant could have a dark secret...,39
scena/mp0000.dat:0x6ceae,scena/mp0000.dat,It never occurred to me that someone,37
scena/mp0000.dat:0x6cee2,scena/mp0000.dat,just casually ask her out...,29
scena/mp0000.dat:0x6ceff,scena/mp0000.dat,Dang... It's no good. I can't,30
scena/mp0000.dat:0x6cf2c,scena/mp0000.dat,dazzling could have a dark secret...,37
scena/mp0000.dat:0x6cf51,scena/mp0000.dat,It didn't cross my mind someone so,35
scena/mp0000.dat:0x6cf83,scena/mp0000.dat,just casually ask her out.,27
scena/mp0000.dat:0x6cf9e,scena/mp0000.dat,Dang... It's no good. I can't,30
scena/mp0000.dat:0x6cfcb,scena/mp0000.dat,Ah... My sweet...,18
scena/mp0000.dat:0x6cfec,scena/mp0000.dat,"I love you, but I don't drink...",33
scena/mp0000.dat:0x6d01c,scena/mp0000.dat,"Goddess, I beg you...",22
scena/mp0000.dat:0x6d042,scena/mp0000.dat,Help me get closer to that beautiful lady...,45
scena/mp0000.dat:0x6d0a1,scena/mp0000.dat,the medicine ingredients safely.,33
scena/mp0000.dat:0x6d0c2,scena/mp0000.dat,I hope the bracers manage to deliver,37
scena/mp0000.dat:0x6d0fc,scena/mp0000.dat,Hand over ingredients,22
scena/mp0000.dat:0x6d119,scena/mp0000.dat,Anton... You're spitting into the wind.,40
scena/mp0000.dat:0x6d150,scena/mp0000.dat,We should go to the guild and ask for advice.,46
scena/mp0000.dat:0x6d18d,scena/mp0000.dat,able to make it to Bose on foot.,33
scena/mp0000.dat:0x6d1ae,scena/mp0000.dat,"With their help, we might be",29
scena/mp0000.dat:0x6d1da,scena/mp0000.dat,Anton... You're spitting into the wind.,40
scena/mp0000.dat:0x6d211,scena/mp0000.dat,We should go to the guild and ask for advice.,46
scena/mp0000.dat:0x6d24e,scena/mp0000.dat,at first sight with this one lady.,35
scena/mp0000.dat:0x6d271,scena/mp0000.dat,It seems my friend has fallen in love,38
scena/mp0000.dat:0x6d2a6,scena/mp0000.dat,nothing but her all evening.,29
scena/mp0000.dat:0x6d2c3,scena/mp0000.dat,He's been talking about,24
scena/mp0000.dat:0x6d2ea,scena/mp0000.dat,to know it'll pass eventually.,31
scena/mp0000.dat:0x6d309,scena/mp0000.dat,But I know him well enough,27
scena/mp0000.dat:0x6d333,scena/mp0000.dat,but just as quick to fall out of it.,37
scena/mp0000.dat:0x6d358,scena/mp0000.dat,"Anton's quick to fall in love,",31
scena/mp0000.dat:0x6d386,scena/mp0000.dat,first sight with this one lady.,32
scena/mp0000.dat:0x6d3a6,scena/mp0000.dat,My friend has fallen in love at,32
scena/mp0000.dat:0x6d3d5,scena/mp0000.dat,so I'm not too worried about it.,33
scena/mp0000.dat:0x6d3f6,scena/mp0000.dat,"But it'll pass eventually,",27
scena/mp0000.dat:0x6d420,scena/mp0000.dat,on isn't a good match for him.,31
scena/mp0000.dat:0x6d43f,scena/mp0000.dat,The lady Anton has a crush,27
scena/mp0000.dat:0x6d47a,scena/mp0000.dat,"spend his time on something more rewarding, like",49
scena/mp0000.dat:0x6d4ab,scena/mp0000.dat,I think he should give up on pursuing her and,46
scena/mp0000.dat:0x6d4e8,scena/mp0000.dat,Their antics always amuse me.,30
scena/mp0000.dat:0x6d506,scena/mp0000.dat,Pigeons are fascinating creatures...,37
scena/mp0000.dat:0x6d53a,scena/mp0000.dat,don't seem compatible to me.,29
scena/mp0000.dat:0x6d557,scena/mp0000.dat,Anton and this lady he likes,29
scena/mp0000.dat:0x6d583,scena/mp0000.dat,like pigeon-watching.,22
scena/mp0000.dat:0x6d599,scena/mp0000.dat,"time on something more rewarding,",34
scena/mp0000.dat:0x6d5bb,scena/mp0000.dat,He should give up on pursuing her and spend his,48
scena/mp0000.dat:0x6d5fa,scena/mp0000.dat,"So, now there are soldiers patrolling the city.",48
scena/mp0000.dat:0x6d639,scena/mp0000.dat,Maybe there's been an incident of some sort...,47
scena/mp0000.dat:0x6d668,scena/mp0000.dat,"It seems like a bit much, but I wonder...",42
scena/mp0000.dat:0x6d6a1,scena/mp0000.dat,"And by the way, you can safely ignore my friend.",49
scena/mp0000.dat:0x6d6e1,scena/mp0000.dat,It's just another case of lovesickness.,40
scena/mp0000.dat:0x6d718,scena/mp0000.dat,No need to worry about my friend here.,39
scena/mp0000.dat:0x6d74e,scena/mp0000.dat,usual bouts of lovesickness.,29
scena/mp0000.dat:0x6d76b,scena/mp0000.dat,He's only suffering from his,29
scena/mp0000.dat:0x6d797,scena/mp0000.dat,the orbal engine won't start.,30
scena/mp0000.dat:0x6d7b5,scena/mp0000.dat,We haven't yet established why,31
scena/mp0000.dat:0x6d7e3,scena/mp0000.dat,"to the capital posthaste, as per my orders.",44
scena/mp0000.dat:0x6d80f,scena/mp0000.dat,Crew members with families returned,36
scena/mp0000.dat:0x6d842,scena/mp0000.dat,prepared me for an abrupt orbal outage.,40
scena/mp0000.dat:0x6d86a,scena/mp0000.dat,"Frankly, I'm at a total loss here. Nothing has",47
scena/mp0000.dat:0x6d8a8,scena/mp0000.dat,I don't expect our problems to be solved soon.,47
scena/mp0000.dat:0x6d8d7,scena/mp0000.dat,"With all the strange phenomena going on right now,",51
scena/mp0000.dat:0x6d919,scena/mp0000.dat,the orbal engine won't start.,30
scena/mp0000.dat:0x6d937,scena/mp0000.dat,We haven't yet established why,31
scena/mp0000.dat:0x6d965,scena/mp0000.dat,it will be a while before flights can restart.,47
scena/mp0000.dat:0x6d994,scena/mp0000.dat,"And even once we find the root of the problem,",47
scena/mp0000.dat:0x6d9d2,scena/mp0000.dat,We didn't find any faults in the engine.,41
scena/mp0000.dat:0x6da0a,scena/mp0000.dat,affecting orbments all over the country.,41
scena/mp0000.dat:0x6da33,scena/mp0000.dat,"Apparently, it's down due to the same phenomenon",49
scena/mp0000.dat:0x6da73,scena/mp0000.dat,to the sky but also fast transport on land.,44
scena/mp0000.dat:0x6da9f,scena/mp0000.dat,"Without orbal energy, we've lost not only access",49
scena/mp0000.dat:0x6dadf,scena/mp0000.dat,with our true limitations.,27
scena/mp0000.dat:0x6dafa,scena/mp0000.dat,"Now, we're suddenly faced",26
scena/mp0000.dat:0x6db23,scena/mp0000.dat,"Without orbal energy, we're totally powerless...",49
scena/mp0000.dat:0x6db63,scena/mp0000.dat,let alone take to the skies.,29
scena/mp0000.dat:0x6db80,scena/mp0000.dat,"We can barely get around by land now,",38
scena/mp0000.dat:0x6dbb5,scena/mp0000.dat,only power we can rely on is our own.,38
scena/mp0000.dat:0x6dbdb,scena/mp0000.dat,"We're back to square one, where the",36
scena/mp0000.dat:0x6dc0e,scena/mp0000.dat,had a problem like this before.,32
scena/mp0000.dat:0x6dc2e,scena/mp0000.dat,This is very odd... We've never,32
scena/mp0000.dat:0x6dc5d,scena/mp0000.dat,something's wrong in advance.,30
scena/mp0000.dat:0x6dc7b,scena/mp0000.dat,"Normally, you notice",21
scena/mp0000.dat:0x6dc9f,scena/mp0000.dat,overheating or the craft shaking...,36
scena/mp0000.dat:0x6dcc3,scena/mp0000.dat,Things like the engine,23
scena/mp0000.dat:0x6dce9,scena/mp0000.dat,"But this time, everything seemed perfectly fine.",49
scena/mp0000.dat:0x6dd29,scena/mp0000.dat,"Then, out of the blue, the engine stopped.",43
scena/mp0000.dat:0x6dd63,scena/mp0000.dat,The engine shut down without any warning signs.,48
scena/mp0000.dat:0x6dda2,scena/mp0000.dat,keeping a close eye on the gauges that whole time.,51
scena/mp0000.dat:0x6ddd5,scena/mp0000.dat,I was the most shocked of the crew. I'd been,45
scena/mp0000.dat:0x6de11,scena/mp0000.dat,Power silently dropped to zero out of nowhere.,47
scena/mp0000.dat:0x6de4f,scena/mp0000.dat,we couldn't find any faults.,29
scena/mp0000.dat:0x6de6c,scena/mp0000.dat,We've looked everywhere but,28
scena/mp0000.dat:0x6de97,scena/mp0000.dat,They were really agonizing over it.,36
scena/mp0000.dat:0x6debb,scena/mp0000.dat,I feel sorry for the mechanics.,32
scena/mp0000.dat:0x6deea,scena/mp0000.dat,You're looking for Quint?,26
scena/mp0000.dat:0x6df13,scena/mp0000.dat,He already finished his meal and left ages ago.,48
scena/mp0000.dat:0x6df52,scena/mp0000.dat,instead of getting back to work.,33
scena/mp0000.dat:0x6df73,scena/mp0000.dat,"Knowing him, he's probably wandering around town",49
scena/mp0000.dat:0x6dfb3,scena/mp0000.dat,Oh? You're looking for Zosimov now?,36
scena/mp0000.dat:0x6dfe6,scena/mp0000.dat,just a short while ago.,24
scena/mp0000.dat:0x6dffe,scena/mp0000.dat,He set off back to the landing dock,36
scena/mp0000.dat:0x6e031,scena/mp0000.dat,so he's probably off somewhere unusual.,40
scena/mp0000.dat:0x6e059,scena/mp0000.dat,"He's a bit of an oddball,",26
scena/mp0000.dat:0x6e082,scena/mp0000.dat,"Well, if it isn't the bracers! Hello!",38
scena/mp0000.dat:0x6e0b7,scena/mp0000.dat,The crew and I are stuck in Rolent for today.,46
scena/mp0000.dat:0x6e0f4,scena/mp0000.dat,until the weather improves.,28
scena/mp0000.dat:0x6e110,scena/mp0000.dat,We're not going anywhere,25
scena/mp0000.dat:0x6e138,scena/mp0000.dat,We can only pray for the fog to clear...,41
scena/mp0000.dat:0x6e161,scena/mp0000.dat,The situation's out of our hands.,34
scena/mp0000.dat:0x6e192,scena/mp0000.dat,but it's impossible to fly in these conditions.,48
scena/mp0000.dat:0x6e1c2,scena/mp0000.dat,"I do feel bad for our passengers,",34
scena/mp0000.dat:0x6e1f3,scena/mp0000.dat,is pray that the fog clears.,29
scena/mp0000.dat:0x6e210,scena/mp0000.dat,"Well, the best we can do",25
scena/mp0000.dat:0x6e238,scena/mp0000.dat,"Why, good morning!",19
scena/mp0000.dat:0x6e25a,scena/mp0000.dat,standby since early morning.,29
scena/mp0000.dat:0x6e277,scena/mp0000.dat,I've had the whole crew on,27
scena/mp0000.dat:0x6e2a1,scena/mp0000.dat,and catching up on sleep.,26
scena/mp0000.dat:0x6e2bb,scena/mp0000.dat,We've been taking turns eating,31
scena/mp0000.dat:0x6e2e9,scena/mp0000.dat,one coming to the bar for a break.,35
scena/mp0000.dat:0x6e30c,scena/mp0000.dat,So don't go thinking I'm the only,34
scena/mp0000.dat:0x6e33d,scena/mp0000.dat,standby since early morning.,29
scena/mp0000.dat:0x6e35a,scena/mp0000.dat,I've had the whole crew on,27
scena/mp0000.dat:0x6e384,scena/mp0000.dat,and catching up on sleep.,26
scena/mp0000.dat:0x6e39e,scena/mp0000.dat,We've been taking turns eating,31
scena/mp0000.dat:0x6e3e9,scena/mp0000.dat,*Sigh* How much longer will we have to stay here?,50
scena/mp0000.dat:0x6e42a,scena/mp0000.dat,We've been waiting and waiting...,34
scena/mp0000.dat:0x6e45b,scena/mp0000.dat,*Sigh* How much longer will we have to stay here?,50
scena/mp0000.dat:0x6e49c,scena/mp0000.dat,What use is an airship that doesn't fly?,41
scena/mp0000.dat:0x6e4d4,scena/mp0000.dat,*Sigh* I can't wait to be back in the air.,43
scena/mp0000.dat:0x6e50e,scena/mp0000.dat,it's going to lift anytime soon.,33
scena/mp0000.dat:0x6e52f,scena/mp0000.dat,But this fog doesn't look like,31
scena/mp0000.dat:0x6e55d,scena/mp0000.dat,I should've gone to pray with Quint.,37
scena/mp0000.dat:0x6e591,scena/mp0000.dat,Welcome to Rinon's General Goods!,34
scena/mp0000.dat:0x6e5c2,scena/mp0000.dat,"It's another foggy day, but we're open as usual.",49
scena/mp0000.dat:0x6e602,scena/mp0000.dat,if there's anything you'd like.,32
scena/mp0000.dat:0x6e622,scena/mp0000.dat,Take a look around and let me know,35
scena/mp0000.dat:0x6e654,scena/mp0000.dat,me know if there's anything you'd like.,40
scena/mp0000.dat:0x6e67c,scena/mp0000.dat,Welcome! Take a look around and let,36
scena/mp0000.dat:0x6e6af,scena/mp0000.dat,I came to deliver some goods to the mayor.,43
scena/mp0000.dat:0x6e6e9,scena/mp0000.dat,"here, but this garden is so nice...",36
scena/mp0000.dat:0x6e70d,scena/mp0000.dat,I don't have anything else to do,33
scena/mp0000.dat:0x6e73d,scena/mp0000.dat,"already, but I really enjoy this ambiance...",45
scena/mp0000.dat:0x6e76a,scena/mp0000.dat,I know I should go back to the store,37
scena/mp0000.dat:0x6e79e,scena/mp0000.dat,in Rolent. What am I gonna do now?,35
scena/mp0000.dat:0x6e7c1,scena/mp0000.dat,I wasn't planning on making a stop,35
scena/mp0000.dat:0x6e7f3,scena/mp0000.dat,"Haken Gate, but it'll have to wait...",38
scena/mp0000.dat:0x6e819,scena/mp0000.dat,*Sigh* I'd been looking forward to seeing,42
scena/mp0000.dat:0x6e852,scena/mp0000.dat,Still no airliner flights...,29
scena/mp0000.dat:0x6e87e,scena/mp0000.dat,even worse than yesterday.,27
scena/mp0000.dat:0x6e899,scena/mp0000.dat,I figured as much. The fog's,29
scena/mp0000.dat:0x6e8c5,scena/mp0000.dat,"Ah, so this is Rolent's clock tower...",39
scena/mp0000.dat:0x6e8fb,scena/mp0000.dat,it's also a Hundred Days War landmark.,39
scena/mp0000.dat:0x6e922,scena/mp0000.dat,"While it's often overlooked,",29
scena/mp0000.dat:0x6e94e,scena/mp0000.dat,an Erebonian artillery missile hit here...,43
scena/mp0000.dat:0x6e979,scena/mp0000.dat,"When Rolent was under siege,",29
scena/mp0000.dat:0x6e9a5,scena/mp0000.dat,tragically lost their lives in that attack.,44
scena/mp0000.dat:0x6e9d1,scena/mp0000.dat,This landmark commemorates the citizens who,44
scena/mp0000.dat:0x6ea0c,scena/mp0000.dat,"Ah, so this is Rolent's clock tower...",39
scena/mp0000.dat:0x6ea42,scena/mp0000.dat,lost their lives during the Hundred Days War.,46
scena/mp0000.dat:0x6ea70,scena/mp0000.dat,This landmark commemorates the citizens who tragically,55
scena/mp0000.dat:0x6eab6,scena/mp0000.dat,that I would like to visit...,30
scena/mp0000.dat:0x6ead4,scena/mp0000.dat,There are some places in Rolent,32
scena/mp0000.dat:0x6eb03,scena/mp0000.dat,be able to take any photos.,28
scena/mp0000.dat:0x6eb1f,scena/mp0000.dat,"With this fog, though, I wouldn't",34
scena/mp0000.dat:0x6eb50,scena/mp0000.dat,in the hotel's no fun at all...,32
scena/mp0000.dat:0x6eb70,scena/mp0000.dat,"That said, staying cooped up",29
scena/mp0000.dat:0x6eb9c,scena/mp0000.dat,Hmm... I'm all out of ideas.,29
scena/mp0000.dat:0x6ebc8,scena/mp0000.dat,that I would like to visit...,30
scena/mp0000.dat:0x6ebe6,scena/mp0000.dat,There are some places in Rolent,32
scena/mp0000.dat:0x6ec15,scena/mp0000.dat,be able to take any photos.,28
scena/mp0000.dat:0x6ec31,scena/mp0000.dat,"With this fog, though, I wouldn't",34
scena/mp0000.dat:0x6ec62,scena/mp0000.dat,take photos of the sights again!,33
scena/mp0000.dat:0x6ec83,scena/mp0000.dat,The fog is finally gone! I can,31
scena/mp0000.dat:0x6ecb1,scena/mp0000.dat,"the symbol of Rolent, the clock tower...",41
scena/mp0000.dat:0x6ecda,scena/mp0000.dat,I thought I'd start by getting a shot of,41
scena/mp0000.dat:0x6ed12,scena/mp0000.dat,I feel a little hesitant snapping pictures.,44
scena/mp0000.dat:0x6ed3e,scena/mp0000.dat,"But after hearing about its tragic history,",44
scena/mp0000.dat:0x6ed79,scena/mp0000.dat,I feel myself getting somber in response...,44
scena/mp0000.dat:0x6eda5,scena/mp0000.dat,"As I look at it through the viewfinder,",40
scena/mp0000.dat:0x6eddc,scena/mp0000.dat,take photos of the sights again!,33
scena/mp0000.dat:0x6edfd,scena/mp0000.dat,The fog is finally gone! I can,31
scena/mp0000.dat:0x6ee4a,scena/mp0000.dat, the clock tower!,18
scena/mp0000.dat:0x6ee6b,scena/mp0000.dat,"Hiya, Tio!",11
scena/mp0000.dat:0x6ee8a,scena/mp0000.dat,"Hey, Estelle! I haven't seen you in a while!",45
scena/mp0000.dat:0x6eec7,scena/mp0000.dat,I bet you're here for work?,28
scena/mp0000.dat:0x6eee3,scena/mp0000.dat,"Seeing that you're with Schera,",32
scena/mp0000.dat:0x6ef12,scena/mp0000.dat,Yeah. We're investigating something.,37
scena/mp0000.dat:0x6ef4a,scena/mp0000.dat,case or anything scary like that!,34
scena/mp0000.dat:0x6ef6c,scena/mp0000.dat,"But, it's not like a criminal",30
scena/mp0000.dat:0x6ef9d,scena/mp0000.dat,"Okay, that's reassuring...",27
scena/mp0000.dat:0x6efc7,scena/mp0000.dat,with the new look?,19
scena/mp0000.dat:0x6efda,scena/mp0000.dat,"...Say, Estelle. What's",24
scena/mp0000.dat:0x6f001,scena/mp0000.dat,Haha... You noticed my new style?,34
scena/mp0000.dat:0x6f036,scena/mp0000.dat,was promoted to senior bracer.,31
scena/mp0000.dat:0x6f055,scena/mp0000.dat,Schera bought me this when I,29
scena/mp0000.dat:0x6f086,scena/mp0000.dat,"Ah, so she picked it out for you.",34
scena/mp0000.dat:0x6f0b8,scena/mp0000.dat,She has good taste. It looks great on you!,43
scena/mp0000.dat:0x6f0f3,scena/mp0000.dat,You should try wearing skirts more often.,42
scena/mp0000.dat:0x6f12c,scena/mp0000.dat,Hehehe... Thanks.,18
scena/mp0000.dat:0x6f157,scena/mp0000.dat,Elissa told me about Joshua.,29
scena/mp0000.dat:0x6f183,scena/mp0000.dat,remember you can always come to me.,36
scena/mp0000.dat:0x6f1a7,scena/mp0000.dat,"It must be hard on you. If you ever need to talk,",50
scena/mp0000.dat:0x6f1e8,scena/mp0000.dat,worries can really help ease the burden.,41
scena/mp0000.dat:0x6f211,scena/mp0000.dat,"When things get overwhelming, sharing your",43
scena/mp0000.dat:0x6f24b,scena/mp0000.dat,"Um, sure...",12
scena/mp0000.dat:0x6f26f,scena/mp0000.dat,"Thanks, Tio. I'll try to take you up on that.",46
scena/mp0000.dat:0x6f2cf,scena/mp0000.dat,"I gotta go now, but it was",27
scena/mp0000.dat:0x6f2fe,scena/mp0000.dat,"I was happy to see you, too.",29
scena/mp0000.dat:0x6f32a,scena/mp0000.dat,"See you around, Estelle!",25
scena/mp0000.dat:0x6f353,scena/mp0000.dat,Chere and Will also miss Joshua.,33
scena/mp0000.dat:0x6f383,scena/mp0000.dat,Come and see them when you have some free time.,48
scena/mp0000.dat:0x6f3c2,scena/mp0000.dat,"Estelle and Schera! Why, hello!",32
scena/mp0000.dat:0x6f3f1,scena/mp0000.dat,"Hiya, Tio!",11
scena/mp0000.dat:0x6f410,scena/mp0000.dat,Are you feeling better?,24
scena/mp0000.dat:0x6f43b,scena/mp0000.dat,"Yes, I'm okay now...",21
scena/mp0000.dat:0x6f45f,scena/mp0000.dat,Kevin explained everything that happened.,42
scena/mp0000.dat:0x6f498,scena/mp0000.dat,I don't know what we'd do without you guys...,46
scena/mp0000.dat:0x6f4d6,scena/mp0000.dat,Everyone's fully recovered.,28
scena/mp0000.dat:0x6f4f2,scena/mp0000.dat,At least that's all behind us now.,35
scena/mp0000.dat:0x6f524,scena/mp0000.dat,Yeah. Thank goodness!,22
scena/mp0000.dat:0x6f54d,scena/mp0000.dat,bit shocked when I woke up.,28
scena/mp0000.dat:0x6f569,scena/mp0000.dat,"I have to confess, I was a",27
scena/mp0000.dat:0x6f593,scena/mp0000.dat,I opened my eyes was...Kevin.,30
scena/mp0000.dat:0x6f5b1,scena/mp0000.dat,The first thing I saw when,27
scena/mp0000.dat:0x6f5f7,scena/mp0000.dat,"Yeah, that must've been quite a surprise.",42
scena/mp0000.dat:0x6f634,scena/mp0000.dat,"Hehe, especially given his unusual fashion sense.",50
scena/mp0000.dat:0x6f67a,scena/mp0000.dat,he was a priest at first.,26
scena/mp0000.dat:0x6f694,scena/mp0000.dat,Right? I couldn't believe,26
scena/mp0000.dat:0x6f6bd,scena/mp0000.dat,But he really did take such good care of us. ,46
scena/mp0000.dat:0x6f6fb,scena/mp0000.dat,but I'm really grateful for what he did.,41
scena/mp0000.dat:0x6f724,scena/mp0000.dat,"There wasn't much I could do to thank him,",43
scena/mp0000.dat:0x6f75e,scena/mp0000.dat,little ones before he left.,28
scena/mp0000.dat:0x6f77a,scena/mp0000.dat,He even played with the,24
scena/mp0000.dat:0x6f7a1,scena/mp0000.dat,We all truly owe him for everything he did.,44
scena/mp0000.dat:0x6f7dc,scena/mp0000.dat,I feel so grateful to Kevin.,29
scena/mp0000.dat:0x6f809,scena/mp0000.dat,He protected us and even watched over the kids.,48
scena/mp0000.dat:0x6f848,scena/mp0000.dat,We all truly owe him for everything he did.,44
scena/mp0000.dat:0x6f883,scena/mp0000.dat,"Hiya, Tio!",11
scena/mp0000.dat:0x6f8a2,scena/mp0000.dat,Hey! It's been a while.,24
scena/mp0000.dat:0x6f8cd,scena/mp0000.dat,Estelle and Joshua! What a treat!,34
scena/mp0000.dat:0x6f8ff,scena/mp0000.dat,Hehe. I brought him along at long last!,40
scena/mp0000.dat:0x6f93a,scena/mp0000.dat,"Sorry to worry you, Tio.",25
scena/mp0000.dat:0x6f966,scena/mp0000.dat,It's fine. I've heard the whole story.,39
scena/mp0000.dat:0x6f99c,scena/mp0000.dat,worried as our dear Estelle over here.,39
scena/mp0000.dat:0x6f9c3,scena/mp0000.dat,"Besides, I wasn't anywhere near as",35
scena/mp0000.dat:0x6f9f5,scena/mp0000.dat,man who's gonna have to make it up to her.,43
scena/mp0000.dat:0x6fa20,scena/mp0000.dat,She cried her eyes out! I don't envy the,41
scena/mp0000.dat:0x6fa58,scena/mp0000.dat,"Too much information, Tio!",27
scena/mp0000.dat:0x6fa86,scena/mp0000.dat,full responsibility for that.,30
scena/mp0000.dat:0x6faa4,scena/mp0000.dat,Haha... I'm prepared to take,29
scena/mp0000.dat:0x6fad4,scena/mp0000.dat,"Yeah, just take it slow and make things right.",47
scena/mp0000.dat:0x6fb12,scena/mp0000.dat,"By the way, guys...",20
scena/mp0000.dat:0x6fb35,scena/mp0000.dat,working on something for the guild again?,42
scena/mp0000.dat:0x6fb5f,scena/mp0000.dat,"You're with Schera, so I'm guessing you're",43
scena/mp0000.dat:0x6fb99,scena/mp0000.dat,something for the guild again?,31
scena/mp0000.dat:0x6fbb8,scena/mp0000.dat,Are you guys working on,24
scena/mp0000.dat:0x6fbdf,scena/mp0000.dat,Yeah. We're patrolling the area around Rolent.,47
scena/mp0000.dat:0x6fc21,scena/mp0000.dat,the situation in the region.,29
scena/mp0000.dat:0x6fc3e,scena/mp0000.dat,It's also to get a sense of,28
scena/mp0000.dat:0x6fc6d,scena/mp0000.dat,the situation in the region.,29
scena/mp0000.dat:0x6fc8a,scena/mp0000.dat,We also need to get a handle on,32
scena/mp0000.dat:0x6fcbd,scena/mp0000.dat,Yeah. We're on our way to Rolent.,34
scena/mp0000.dat:0x6fcf2,scena/mp0000.dat,We have something to deliver to the guild.,43
scena/mp0000.dat:0x6fd30,scena/mp0000.dat,We're making a delivery to the guild.,38
scena/mp0000.dat:0x6fd69,scena/mp0000.dat,I see... You bracers sure keep busy.,37
scena/mp0000.dat:0x6fd9d,scena/mp0000.dat,have both of you here together.,32
scena/mp0000.dat:0x6fdbd,scena/mp0000.dat,But it's not every day that we,31
scena/mp0000.dat:0x6fdeb,scena/mp0000.dat,you're finished with work!,27
scena/mp0000.dat:0x6fe06,scena/mp0000.dat,Come hang out some more when,29
scena/mp0000.dat:0x6fe33,scena/mp0000.dat,It's a deal.,13
scena/mp0000.dat:0x6fe53,scena/mp0000.dat,"full, too. Good luck with everything.",38
scena/mp0000.dat:0x6fe79,scena/mp0000.dat,Looks like you've got your hands,33
scena/mp0000.dat:0x6fead,scena/mp0000.dat,would have an emergency landing here!,38
scena/mp0000.dat:0x6fed3,scena/mp0000.dat,Who'd have thought a patrol ship,33
scena/mp0000.dat:0x6ff03,scena/mp0000.dat,The soldiers said they already called for help...,50
scena/mp0000.dat:0x6ff45,scena/mp0000.dat,How is help going to get to them?,34
scena/mp0000.dat:0x6ff94,scena/mp0000.dat,will be stuck here for a while.,32
scena/mp0000.dat:0x6ffb4,scena/mp0000.dat,Hmm... I think these guys,26
scena/mp0000.dat:0x6ffdd,scena/mp0000.dat,have an emergency landing on the highway!,42
scena/mp0000.dat:0x70007,scena/mp0000.dat,Who'd have thought a patrol ship would,39
scena/mp0000.dat:0x7003e,scena/mp0000.dat,for what life throws at you.,29
scena/mp0000.dat:0x7005b,scena/mp0000.dat,You can never quite be prepared,32
scena/mp0000.dat:0x7008a,scena/mp0000.dat,I heard orbments aren't working in Rolent either.,50
scena/mp0000.dat:0x700cb,scena/mp0000.dat,We can't use the pumps or the greenhouse.,42
scena/mp0000.dat:0x700f5,scena/mp0000.dat,"It's a big inconvenience to us, too.",37
scena/mp0000.dat:0x70129,scena/mp0000.dat,really hard work when you're not used to it.,45
scena/mp0000.dat:0x70156,scena/mp0000.dat,*Sigh* Carrying these buckets around is,40
scena/mp0000.dat:0x7018e,scena/mp0000.dat,"Oh, Estelle and Scherazard...",30
scena/mp0000.dat:0x701bb,scena/mp0000.dat,"monsters for us, and now this.",31
scena/mp0000.dat:0x701da,scena/mp0000.dat,"First, you took care of those",30
scena/mp0000.dat:0x70207,scena/mp0000.dat,should thank for things being back to normal.,46
scena/mp0000.dat:0x70235,scena/mp0000.dat,I know from Father Kevin that it's you we,42
scena/mp0000.dat:0x7026e,scena/mp0000.dat,but I still have a lot to learn.,33
scena/mp0000.dat:0x7028f,scena/mp0000.dat,"That's nice of you to say,",27
scena/mp0000.dat:0x702be,scena/mp0000.dat,This case made me painfully aware of that.,43
scena/mp0000.dat:0x702fc,scena/mp0000.dat,Haha... It's good to be humble.,32
scena/mp0000.dat:0x7032b,scena/mp0000.dat,and learn from them is a privilege of the young.,49
scena/mp0000.dat:0x7035c,scena/mp0000.dat,Being able to honestly admit one's mistakes,44
scena/mp0000.dat:0x70397,scena/mp0000.dat,attitude going forward.,24
scena/mp0000.dat:0x703af,scena/mp0000.dat,You'd do well to keep that,27
scena/mp0000.dat:0x703d9,scena/mp0000.dat,"You saved us from the monsters, and now this.",46
scena/mp0000.dat:0x70416,scena/mp0000.dat,bracers like you protecting us.,32
scena/mp0000.dat:0x70436,scena/mp0000.dat,We're fortunate to have,24
scena/mp0000.dat:0x7045d,scena/mp0000.dat,"Oh, hi...",10
scena/mp0000.dat:0x70476,scena/mp0000.dat,"Hi, Chere!",11
scena/mp0000.dat:0x70494,scena/mp0000.dat,Um... So... Is Joshua not with you?,36
scena/mp0000.dat:0x704c7,scena/mp0000.dat,"He's, um...working on something else right now.",48
scena/mp0000.dat:0x7050a,scena/mp0000.dat,"Oh, really? ........................",37
scena/mp0000.dat:0x7053e,scena/mp0000.dat,"Um... Bring him here next time, okay?",38
scena/mp0000.dat:0x70573,scena/mp0000.dat,I'll be waiting right here.,28
scena/mp0000.dat:0x7059e,scena/mp0000.dat,Next time...bring Joshua with you.,35
scena/mp0000.dat:0x705d0,scena/mp0000.dat,I'll be waiting right here.,28
scena/mp0000.dat:0x705fb,scena/mp0000.dat,Father Kevin...is very nice.,29
scena/mp0000.dat:0x70627,scena/mp0000.dat,"and he played with us, too.",28
scena/mp0000.dat:0x70643,scena/mp0000.dat,"It's fun talking to him,",25
scena/mp0000.dat:0x7066b,scena/mp0000.dat,It was kind of like playing with Joshua...,43
scena/mp0000.dat:0x706a5,scena/mp0000.dat,Oh! Estelle! Will you play with us?,36
scena/mp0000.dat:0x706d8,scena/mp0000.dat,"Sorry, buddy. I'm on duty right now.",37
scena/mp0000.dat:0x70724,scena/mp0000.dat,That's no fun!,15
scena/mp0000.dat:0x70742,scena/mp0000.dat,you don't even have time to play...,36
scena/mp0000.dat:0x70766,scena/mp0000.dat,You finally come to see us and,31
scena/mp0000.dat:0x70794,scena/mp0000.dat,That's no fun!,15
scena/mp0000.dat:0x707b2,scena/mp0000.dat,Oh! Estelle!,13
scena/mp0000.dat:0x707ce,scena/mp0000.dat,weird-looking priest was next to me.,37
scena/mp0000.dat:0x707f3,scena/mp0000.dat,"When I woke up, this",21
scena/mp0000.dat:0x70817,scena/mp0000.dat,"He turned out to be really nice, though!",41
scena/mp0000.dat:0x7084f,scena/mp0000.dat,carries a really cool weapon!,30
scena/mp0000.dat:0x7086d,scena/mp0000.dat,"He's a priest, but he",22
scena/mp0000.dat:0x70892,scena/mp0000.dat,Hehe. I want him to come and play with us again!,49
scena/mp0000.dat:0x708d2,scena/mp0000.dat,The priest was really nice!,28
scena/mp0000.dat:0x708fd,scena/mp0000.dat,Hehe. I want him to come and play with us again!,49
scena/mp0000.dat:0x7093d,scena/mp0000.dat,patrol ship you might've seen on the highway.,46
scena/mp0000.dat:0x7096b,scena/mp0000.dat,I'm one of the squad members from the,38
scena/mp0000.dat:0x709a0,scena/mp0000.dat,the farmers who helped us out.,31
scena/mp0000.dat:0x709bf,scena/mp0000.dat,I'm standing guard to thank,28
scena/mp0000.dat:0x709ea,scena/mp0000.dat,repay them for being so good to us.,36
scena/mp0000.dat:0x70a0e,scena/mp0000.dat,This is about the only way I can,33
scena/mp0000.dat:0x70a3e,scena/mp0000.dat,the farmers who helped us out.,31
scena/mp0000.dat:0x70a5d,scena/mp0000.dat,I'm standing guard to thank,28
scena/mp0000.dat:0x70a88,scena/mp0000.dat,"right now, especially with all the lights out.",47
scena/mp0000.dat:0x70ab7,scena/mp0000.dat,The highway's not the safest place to be,41
scena/mp0000.dat:0x70aef,scena/mp0000.dat,"Man, I really hope reinforcements show up soon...",50
scena/mp0000.dat:0x70b30,scena/mp0000.dat,about other regions of the kingdom.,36
scena/mp0000.dat:0x70b54,scena/mp0000.dat,"It's safe here on the farm, but I'm concerned",46
scena/mp0000.dat:0x70b91,scena/mp0000.dat,"the heating in the greenhouse, too.",36
scena/mp0000.dat:0x70bb5,scena/mp0000.dat,The pumps stopped working. And,31
scena/mp0000.dat:0x70be3,scena/mp0000.dat,uses orbal energy has stopped working entirely.,48
scena/mp0000.dat:0x70c13,scena/mp0000.dat,Seems the rumors were true. Anything that,42
scena/mp0000.dat:0x70c4c,scena/mp0000.dat,"our ship to crash, too...",26
scena/mp0000.dat:0x70c66,scena/mp0000.dat,I bet that's what caused,25
scena/mp0000.dat:0x70c8e,scena/mp0000.dat,a bunch of free time to actually enjoy it.,43
scena/mp0000.dat:0x70cb9,scena/mp0000.dat,I don't normally get to be out in nature with,46
scena/mp0000.dat:0x70cf6,scena/mp0000.dat,we're dealing with an emergency.,33
scena/mp0000.dat:0x70d17,scena/mp0000.dat,Almost makes me forget that,28
scena/mp0000.dat:0x70d42,scena/mp0000.dat,"Ah, you're the bracers I saw earlier.",38
scena/mp0000.dat:0x70d77,scena/mp0000.dat,personnel can enter the mines.,31
scena/mp0000.dat:0x70d96,scena/mp0000.dat,You should know that only authorized,37
scena/mp0000.dat:0x70dca,scena/mp0000.dat,"Sorry, but I have to ask you to keep out.",42
scena/mp0000.dat:0x70e03,scena/mp0000.dat,"Sorry, but I have to ask you to keep out.",42
scena/mp0000.dat:0x70e2d,scena/mp0000.dat,The mines are off limits to the public.,40
scena/mp0000.dat:0x70e64,scena/mp0000.dat,"It's you again, huh?",21
scena/mp0000.dat:0x70e88,scena/mp0000.dat,started escorting us to safety.,32
scena/mp0000.dat:0x70ea8,scena/mp0000.dat,Your bracer friends have,25
scena/mp0000.dat:0x70ed0,scena/mp0000.dat,we'd be able to make it back alive.,36
scena/mp0000.dat:0x70ef4,scena/mp0000.dat,"Without you guys, I'm not sure",31
scena/mp0000.dat:0x70f22,scena/mp0000.dat,started escorting us to safety.,32
scena/mp0000.dat:0x70f42,scena/mp0000.dat,Your bracer friends have,25
scena/mp0000.dat:0x70f6a,scena/mp0000.dat,we'd be able to make it back alive.,36
scena/mp0000.dat:0x70f8e,scena/mp0000.dat,"Without you guys, I'm not sure",31
scena/mp0000.dat:0x70fbc,scena/mp0000.dat,for the other day.,19
scena/mp0000.dat:0x70fcf,scena/mp0000.dat,Hey there! I owe you bracers one,33
scena/mp0000.dat:0x70fff,scena/mp0000.dat,"but unfortunately, the foreman has stepped out.",48
scena/mp0000.dat:0x7102f,scena/mp0000.dat,We're planning on resuming operations today...,47
scena/mp0000.dat:0x7106d,scena/mp0000.dat,so everyone's just standing by at the moment.,46
scena/mp0000.dat:0x7109b,scena/mp0000.dat,"All the miners are ready to go,",32
scena/mp0000.dat:0x710ca,scena/mp0000.dat,over at the foreman's house.,29
scena/mp0000.dat:0x710e7,scena/mp0000.dat,I hear there's been some kind of trouble,41
scena/mp0000.dat:0x7111f,scena/mp0000.dat,but we could sure use him back at the mountain.,48
scena/mp0000.dat:0x7114f,scena/mp0000.dat,"I don't know the full story,",29
scena/mp0000.dat:0x7117b,scena/mp0000.dat,operations today.,18
scena/mp0000.dat:0x7118d,scena/mp0000.dat,We're scheduled to resume,26
scena/mp0000.dat:0x711b6,scena/mp0000.dat,authorized personnel only.,27
scena/mp0000.dat:0x711d1,scena/mp0000.dat,"I'm sorry, but entry is restricted to",38
scena/mp0000.dat:0x71206,scena/mp0000.dat,"Hello there, bracers.",22
scena/mp0000.dat:0x7122b,scena/mp0000.dat,Chief Garton has finally returned.,35
scena/mp0000.dat:0x7125d,scena/mp0000.dat,We've just finally resumed operations over here.,49
scena/mp0000.dat:0x7129d,scena/mp0000.dat,are allowed to enter.,22
scena/mp0000.dat:0x712b3,scena/mp0000.dat,Which means that only authorized personnel,43
scena/mp0000.dat:0x712ed,scena/mp0000.dat,so I can't let you inside.,27
scena/mp0000.dat:0x71308,scena/mp0000.dat,"Sorry, but operations are resuming from today,",47
scena/mp0000.dat:0x71346,scena/mp0000.dat,"Hey, y'all! Thanks again for lending us a hand earlier.",56
scena/mp0000.dat:0x7138d,scena/mp0000.dat,back to work in the mines.,27
scena/mp0000.dat:0x713a8,scena/mp0000.dat,The rest of the crew is already,32
scena/mp0000.dat:0x713d7,scena/mp0000.dat,Why don't you go and say hello?,32
scena/mp0000.dat:0x71406,scena/mp0000.dat,Thanks for helping us out earlier.,35
scena/mp0000.dat:0x71438,scena/mp0000.dat,to the rest of the crew.,25
scena/mp0000.dat:0x71451,scena/mp0000.dat,Go on ahead and say hello,26
scena/mp0000.dat:0x7147a,scena/mp0000.dat,work ridiculously late again.,30
scena/mp0000.dat:0x71498,scena/mp0000.dat,That Trent... He showed up for,31
scena/mp0000.dat:0x714c6,scena/mp0000.dat,know he was just stuffing his face somewhere.,46
scena/mp0000.dat:0x714f4,scena/mp0000.dat,"He said he got lost in the fog, but we all",43
scena/mp0000.dat:0x7152e,scena/mp0000.dat,Trent's a real glutton if I ever saw one...,44
scena/mp0000.dat:0x71569,scena/mp0000.dat,work hours to have a meal here.,32
scena/mp0000.dat:0x71589,scena/mp0000.dat,He even sneaks away during,27
scena/mp0000.dat:0x715b3,scena/mp0000.dat,"is to eat, the mine would be dry in a month.",45
scena/mp0000.dat:0x715e0,scena/mp0000.dat,If he were half as motivated to work as he,43
scena/mp0000.dat:0x7161a,scena/mp0000.dat,away from work just to stuff his face.,39
scena/mp0000.dat:0x71641,scena/mp0000.dat,I can't believe this guy will sneak,36
scena/mp0000.dat:0x71674,scena/mp0000.dat,to work as he is to food.,26
scena/mp0000.dat:0x7168e,scena/mp0000.dat,I wish he were as committed,28
scena/mp0000.dat:0x716b9,scena/mp0000.dat,us back from the mines...,26
scena/mp0000.dat:0x716d3,scena/mp0000.dat,"Today, we had bracers escort",29
scena/mp0000.dat:0x716ff,scena/mp0000.dat,monsters I'd never seen before.,32
scena/mp0000.dat:0x7171f,scena/mp0000.dat,"On the way, we got attacked by",31
scena/mp0000.dat:0x7174d,scena/mp0000.dat,it now makes me break out in cold sweat.,41
scena/mp0000.dat:0x71776,scena/mp0000.dat,It was terrifying... Just remembering,38
scena/mp0000.dat:0x717ab,scena/mp0000.dat,but I can't work up an appetite.,33
scena/mp0000.dat:0x717cc,scena/mp0000.dat,"I should eat something,",24
scena/mp0000.dat:0x717f3,scena/mp0000.dat,"At times like this, I really envy Trent.",41
scena/mp0000.dat:0x7182b,scena/mp0000.dat,the fog makes me break out in cold sweat.,42
scena/mp0000.dat:0x71855,scena/mp0000.dat,Just remembering the monsters we saw in,40
scena/mp0000.dat:0x7188c,scena/mp0000.dat,but I can't work up an appetite.,33
scena/mp0000.dat:0x718ad,scena/mp0000.dat,"I should eat something,",24
scena/mp0000.dat:0x718d4,scena/mp0000.dat,I have my men deployed in this area.,37
scena/mp0000.dat:0x71908,scena/mp0000.dat,You can focus on your guild tasks.,35
scena/mp0000.dat:0x7192b,scena/mp0000.dat,We'll keep everyone safe here.,31
scena/mp0000.dat:0x71959,scena/mp0000.dat,issues so far. It's been calm.,31
scena/mp0000.dat:0x71978,scena/mp0000.dat,We haven't run into any,24
scena/mp0000.dat:0x7199f,scena/mp0000.dat,"won't happen, given the circumstances.",39
scena/mp0000.dat:0x719c6,scena/mp0000.dat,But who's to say another strange incident,42
scena/mp0000.dat:0x719ff,scena/mp0000.dat,We must all remain vigilant.,29
scena/mp0000.dat:0x71a2b,scena/mp0000.dat,earlier to check in on Luke.,29
scena/mp0000.dat:0x71a48,scena/mp0000.dat,I briefly left my post,23
scena/mp0000.dat:0x71a6e,scena/mp0000.dat,seemed peaceful in his sleep.,30
scena/mp0000.dat:0x71a8c,scena/mp0000.dat,"He hasn't woken up yet, but he",31
scena/mp0000.dat:0x71aba,scena/mp0000.dat,right now is to focus on my duties.,36
scena/mp0000.dat:0x71ade,scena/mp0000.dat,The best thing I can do for him,32
scena/mp0000.dat:0x71b0d,scena/mp0000.dat,assigned lookouts to the western exit?,39
scena/mp0000.dat:0x71b34,scena/mp0000.dat,"...Warrant Officer Dyne, have you",34
scena/mp0000.dat:0x71b65,scena/mp0000.dat,"...Yes, these two.",19
scena/mp0000.dat:0x71b87,scena/mp0000.dat,we might need to strengthen our forces.,40
scena/mp0000.dat:0x71baf,scena/mp0000.dat,"Depending on the situation,",28
scena/mp0000.dat:0x71bda,scena/mp0000.dat,on the situation at regular intervals.,39
scena/mp0000.dat:0x71c01,scena/mp0000.dat,Good point... Make sure to report to me,40
scena/mp0000.dat:0x71c38,scena/mp0000.dat,"Ah, Estelle.",13
scena/mp0000.dat:0x71c54,scena/mp0000.dat,I have my men deployed in this area.,37
scena/mp0000.dat:0x71c88,scena/mp0000.dat,You can focus on your guild tasks.,35
scena/mp0000.dat:0x71cab,scena/mp0000.dat,We'll keep everyone safe here.,31
scena/mp0000.dat:0x71cd9,scena/mp0000.dat,Okay! Thanks for handling things here.,39
scena/mp0000.dat:0x71d13,scena/mp0000.dat,pirates were sighted in Bose?,30
scena/mp0000.dat:0x71d31,scena/mp0000.dat,Did you hear that some sky,27
scena/mp0000.dat:0x71d5b,scena/mp0000.dat,them had some serious skills...,32
scena/mp0000.dat:0x71d7b,scena/mp0000.dat,People have been saying one of,31
scena/mp0000.dat:0x71da9,scena/mp0000.dat,"though, I wouldn't be so worried.",34
scena/mp0000.dat:0x71dcb,scena/mp0000.dat,"If you want to know my take on it,",35
scena/mp0000.dat:0x71dfd,scena/mp0000.dat,pose any real threat now.,26
scena/mp0000.dat:0x71e17,scena/mp0000.dat,Their group's too small to,27
scena/mp0000.dat:0x71e41,scena/mp0000.dat,when their boss got captured.,30
scena/mp0000.dat:0x71e5f,scena/mp0000.dat,"Apparently, a lot of them left",31
scena/mp0000.dat:0x71e8d,scena/mp0000.dat,The sky pirates don't pose any real danger now.,48
scena/mp0000.dat:0x71ecc,scena/mp0000.dat,members left when their boss got captured.,43
scena/mp0000.dat:0x71ef7,scena/mp0000.dat,"From what I heard, many of their",33
scena/mp0000.dat:0x71f27,scena/mp0000.dat,It's my first job away from the Verte Bridge.,46
scena/mp0000.dat:0x71f64,scena/mp0000.dat,Oof... This is way more stressful.,35
scena/mp0000.dat:0x71f96,scena/mp0000.dat,I can't let myself slack off even for a moment.,48
scena/mp0000.dat:0x71fc6,scena/mp0000.dat,I feel like the city folk are watching me.,43
scena/mp0000.dat:0x72000,scena/mp0000.dat,Absolutely no yawning...,25
scena/mp0000.dat:0x72028,scena/mp0000.dat,I can't let myself slack off even for a moment.,48
scena/mp0000.dat:0x72058,scena/mp0000.dat,I feel like the city folk are watching me.,43
scena/mp0000.dat:0x72092,scena/mp0000.dat,out of watching a guard stand in the fog.,42
scena/mp0000.dat:0x720bc,scena/mp0000.dat,But I doubt anyone would make a hobby,38
scena/mp0000.dat:0x720f1,scena/mp0000.dat,so I got reassigned to my earlier post.,40
scena/mp0000.dat:0x72119,scena/mp0000.dat,"We weren't needed in Rolent anymore,",37
scena/mp0000.dat:0x7214d,scena/mp0000.dat,I found the other job kind of stressful...,43
scena/mp0000.dat:0x72187,scena/mp0000.dat,peaceful. I feel like I can relax.,35
scena/mp0000.dat:0x721aa,scena/mp0000.dat,"Here, though, it's nice and",28
scena/mp0000.dat:0x721d5,scena/mp0000.dat,I feel like I can relax.,25
scena/mp0000.dat:0x721ee,scena/mp0000.dat,It's nice and peaceful here.,29
scena/mp0000.dat:0x7221a,scena/mp0000.dat,"In Rolent, I was doing a more important job...",47
scena/mp0000.dat:0x72258,scena/mp0000.dat,But this is much more my speed.,32
scena/mp0000.dat:0x72287,scena/mp0000.dat,"weird gizmo, but here's the thing...",37
scena/mp0000.dat:0x722ac,scena/mp0000.dat,Our comms are back up thanks to that,37
scena/mp0000.dat:0x722e0,scena/mp0000.dat,other regions only gets me down.,33
scena/mp0000.dat:0x72301,scena/mp0000.dat,Listening to reports from,26
scena/mp0000.dat:0x7232a,scena/mp0000.dat,and it's not only about the fog.,33
scena/mp0000.dat:0x7234b,scena/mp0000.dat,"It's nothing but bad news,",27
scena/mp0000.dat:0x72375,scena/mp0000.dat,other regions only gets me down.,33
scena/mp0000.dat:0x72396,scena/mp0000.dat,Listening to reports from,26
scena/mp0000.dat:0x723bf,scena/mp0000.dat,*Sigh* I worry about the future of this country.,49
scena/mp0000.dat:0x723ff,scena/mp0000.dat,patrol ships had to make an emergency landing.,47
scena/mp0000.dat:0x7242e,scena/mp0000.dat,"When the orbal outage happened, one of our",43
scena/mp0000.dat:0x72468,scena/mp0000.dat,*Shudder* I'm glad I wasn't on that flight...,46
scena/mp0000.dat:0x724a5,scena/mp0000.dat,this zone is also on high alert.,33
scena/mp0000.dat:0x724c6,scena/mp0000.dat,"For some reason or another,",28
scena/mp0000.dat:0x724f1,scena/mp0000.dat,Not that it really affects my job that much.,45
scena/mp0000.dat:0x7252d,scena/mp0000.dat,when they assigned me a new task.,34
scena/mp0000.dat:0x7254f,scena/mp0000.dat,I'd only just arrived in town,30
scena/mp0000.dat:0x7257c,scena/mp0000.dat,being even stricter than usual.,32
scena/mp0000.dat:0x7259c,scena/mp0000.dat,Chief Warrant Officer Ashton is,32
scena/mp0000.dat:0x725cb,scena/mp0000.dat,He must be really committed to this case.,42
scena/mp0000.dat:0x72604,scena/mp0000.dat,when they assigned me a new task.,34
scena/mp0000.dat:0x72626,scena/mp0000.dat,I'd only just arrived in town,30
scena/mp0000.dat:0x72653,scena/mp0000.dat,being even stricter than usual.,32
scena/mp0000.dat:0x72673,scena/mp0000.dat,Chief Warrant Officer Ashton is,32
scena/mp0000.dat:0x726a2,scena/mp0000.dat,Wh-Whoa... It's just you guys...,33
scena/mp0000.dat:0x726d2,scena/mp0000.dat,Phew... You gave me a real scare there.,40
scena/mp0000.dat:0x72709,scena/mp0000.dat,intruder or monster is gonna show up.,38
scena/mp0000.dat:0x7272f,scena/mp0000.dat,I'm always on edge wondering when some,39
scena/mp0000.dat:0x72765,scena/mp0000.dat,foe until they're dangerously close to you.,44
scena/mp0000.dat:0x72791,scena/mp0000.dat,"In this fog, you can't tell friend from",40
scena/mp0000.dat:0x727c8,scena/mp0000.dat,Even guards like us are getting the jitters.,45
scena/mp0000.dat:0x72804,scena/mp0000.dat,I was nervous the whole time.,30
scena/mp0000.dat:0x72822,scena/mp0000.dat,"When I was on duty in Rolent,",30
scena/mp0000.dat:0x7284f,scena/mp0000.dat,barely see a few steps in front of you.,40
scena/mp0000.dat:0x72877,scena/mp0000.dat,"Visibility was so bad, you could",33
scena/mp0000.dat:0x728a7,scena/mp0000.dat,have made it back in one piece.,32
scena/mp0000.dat:0x728c7,scena/mp0000.dat,I'm seriously relieved to,26
scena/mp0000.dat:0x728f0,scena/mp0000.dat,I was nervous the whole time.,30
scena/mp0000.dat:0x7290e,scena/mp0000.dat,"When I was on duty in Rolent,",30
scena/mp0000.dat:0x7293b,scena/mp0000.dat,have made it back in one piece.,32
scena/mp0000.dat:0x7295b,scena/mp0000.dat,I'm seriously relieved to,26
scena/mp0000.dat:0x72984,scena/mp0000.dat,"Ah, that's right. You're bracers.",34
scena/mp0000.dat:0x729b5,scena/mp0000.dat,You may pass freely. New orders.,33
scena/mp0000.dat:0x729e5,scena/mp0000.dat,You can come and go as you like.,33
scena/mp0000.dat:0x72a15,scena/mp0000.dat,I've been ordered to let bracers through.,42
scena/mp0000.dat:0x72a4e,scena/mp0000.dat,Seems no orbments are working at all.,38
scena/mp0000.dat:0x72a83,scena/mp0000.dat,No cargo traffic today.,24
scena/mp0000.dat:0x72aaa,scena/mp0000.dat,Seems no orbments are working at all.,38
scena/mp0000.dat:0x72adf,scena/mp0000.dat,weapons also rely on orbal energy...,37
scena/mp0000.dat:0x72b04,scena/mp0000.dat,Um... I just remembered our,28
scena/mp0000.dat:0x72b2f,scena/mp0000.dat,"Anyway, still gotta be on the lookout for danger.",50
scena/mp0000.dat:0x72b70,scena/mp0000.dat,but we'll take things as they come.,36
scena/mp0000.dat:0x72b94,scena/mp0000.dat,"There may be some problems,",28
scena/mp0000.dat:0x72bbf,scena/mp0000.dat,been safely evacuated. Good.,29
scena/mp0000.dat:0x72bdc,scena/mp0000.dat,The airship passengers have,28
scena/mp0000.dat:0x72c07,scena/mp0000.dat,better for them to just stay in the hotel for now.,51
scena/mp0000.dat:0x72c3a,scena/mp0000.dat,"It's understandable that they're upset, but it's",49
scena/mp0000.dat:0x72c7a,scena/mp0000.dat,safe if they're staying put.,29
scena/mp0000.dat:0x72c97,scena/mp0000.dat,It's easier for us to keep everyone,36
scena/mp0000.dat:0x72cca,scena/mp0000.dat,been safely evacuated. Good.,29
scena/mp0000.dat:0x72ce7,scena/mp0000.dat,The airship passengers have,28
scena/mp0000.dat:0x72d12,scena/mp0000.dat,better for them to just stay in the hotel for now.,51
scena/mp0000.dat:0x72d45,scena/mp0000.dat,"It's understandable that they're upset, but it's",49
scena/mp0000.dat:0x72d85,scena/mp0000.dat,the Verte Bridge right now.,28
scena/mp0000.dat:0x72da1,scena/mp0000.dat,We've got reserve units guarding,33
scena/mp0000.dat:0x72dd1,scena/mp0000.dat,They're as capable as the regular troops.,42
scena/mp0000.dat:0x72e0a,scena/mp0000.dat,"Border Division, after all.",28
scena/mp0000.dat:0x72e26,scena/mp0000.dat,Most of them came from the,27
scena/mp0000.dat:0x72e50,scena/mp0000.dat,guarding the Verte Bridge.,27
scena/mp0000.dat:0x72e6b,scena/mp0000.dat,We've got reserve units,24
scena/mp0000.dat:0x72e92,scena/mp0000.dat,so they're more than capable.,30
scena/mp0000.dat:0x72eb0,scena/mp0000.dat,"They're from the Border Division,",34
scena/mp0000.dat:0x72ee1,scena/mp0000.dat,"confidence from, I wonder.",27
scena/mp0000.dat:0x72efc,scena/mp0000.dat,Where does Domingo get that,28
scena/mp0000.dat:0x72f27,scena/mp0000.dat,like a whole other breed...,28
scena/mp0000.dat:0x72f43,scena/mp0000.dat,The guys from Haken Gate seem,30
scena/mp0000.dat:0x72f70,scena/mp0000.dat,"confidence from, I wonder.",27
scena/mp0000.dat:0x72f8b,scena/mp0000.dat,Where does Domingo get that,28
scena/mp0000.dat:0x72fb6,scena/mp0000.dat,nerve when it actually counts.,31
scena/mp0000.dat:0x72fd5,scena/mp0000.dat,I just hope he doesn't lose his,32
scena/mp0000.dat:0x73004,scena/mp0000.dat,I'd sometimes spend my days off in Rolent...,45
scena/mp0000.dat:0x73040,scena/mp0000.dat,"different place now, though.",29
scena/mp0000.dat:0x7305d,scena/mp0000.dat,It's like a completely,23
scena/mp0000.dat:0x73083,scena/mp0000.dat,feel a chill creep up my spine.,32
scena/mp0000.dat:0x730a3,scena/mp0000.dat,If I stare at it long enough I,31
scena/mp0000.dat:0x730d1,scena/mp0000.dat,Rolent's like a completely different place now.,48
scena/mp0000.dat:0x73110,scena/mp0000.dat,feel a chill creep up my spine.,32
scena/mp0000.dat:0x73130,scena/mp0000.dat,If I stare at it long enough I,31
scena/mp0000.dat:0x7315e,scena/mp0000.dat,with someone who doesn't like talking...,41
scena/mp0000.dat:0x73187,scena/mp0000.dat,I don't normally mind if I'm partnered,39
scena/mp0000.dat:0x731bd,scena/mp0000.dat,it's not great to have a silent companion.,43
scena/mp0000.dat:0x731e8,scena/mp0000.dat,But in circumstances like these,32
scena/mp0000.dat:0x73217,scena/mp0000.dat,I overthink things and end up all stressed out.,48
scena/mp0000.dat:0x73256,scena/mp0000.dat,it's not great to have a silent companion.,43
scena/mp0000.dat:0x73281,scena/mp0000.dat,"In circumstances like these,",29
scena/mp0000.dat:0x732ad,scena/mp0000.dat,"conversation, but it just dies right away.",43
scena/mp0000.dat:0x732d8,scena/mp0000.dat,I make the effort to start a,29
scena/mp0000.dat:0x73304,scena/mp0000.dat,redirected here from Haken Gate.,33
scena/mp0000.dat:0x73325,scena/mp0000.dat,We're a reserve unit,21
scena/mp0000.dat:0x73349,scena/mp0000.dat,charge of guarding this checkpoint.,36
scena/mp0000.dat:0x7336d,scena/mp0000.dat,We've been temporarily put in,30
scena/mp0000.dat:0x7339a,scena/mp0000.dat,but let's make the most of it.,31
scena/mp0000.dat:0x733b9,scena/mp0000.dat,"We won't be here long,",23
scena/mp0000.dat:0x733df,scena/mp0000.dat,unit have been deployed to Rolent.,35
scena/mp0000.dat:0x73402,scena/mp0000.dat,Other reserve soldiers from our,32
scena/mp0000.dat:0x73431,scena/mp0000.dat,but I got the short straw...,29
scena/mp0000.dat:0x7344e,scena/mp0000.dat,"I wanted to be posted to the city too,",39
scena/mp0000.dat:0x73484,scena/mp0000.dat,The signing ceremony is tomorrow.,34
scena/mp0000.dat:0x734b5,scena/mp0000.dat,journalists have also arrived in the capital in droves.,56
scena/mp0000.dat:0x734ed,scena/mp0000.dat,"Besides all the important political figures,",45
scena/mp0000.dat:0x73529,scena/mp0000.dat,non-aggression pact with them.,31
scena/mp0000.dat:0x73548,scena/mp0000.dat,"invading us. But now here we are, signing a",44
scena/mp0000.dat:0x7358c,scena/mp0000.dat," a decade ago, Erebonia was",28
scena/mp0000.dat:0x735b7,scena/mp0000.dat,DIDN'T get people's attention.,31
scena/mp0000.dat:0x735d6,scena/mp0000.dat,I'd be more surprised if the event,35
scena/mp0000.dat:0x73608,scena/mp0000.dat,journalists have also arrived in the capital in droves.,56
scena/mp0000.dat:0x73640,scena/mp0000.dat,"Besides all the important political figures,",45
scena/mp0000.dat:0x7367c,scena/mp0000.dat,Here's to hoping everything goes smoothly.,43
scena/mp0000.dat:0x736b6,scena/mp0000.dat,be officially signed today...,30
scena/mp0000.dat:0x736d4,scena/mp0000.dat,The non-aggression pact will,29
scena/mp0000.dat:0x73700,scena/mp0000.dat,the start of a new era for our country.,40
scena/mp0000.dat:0x73728,scena/mp0000.dat,"It will be a historic day, marking",35
scena/mp0000.dat:0x7375a,scena/mp0000.dat,more motivated than ever!,26
scena/mp0000.dat:0x73774,scena/mp0000.dat,"I gotta say, I'm feeling",25
scena/mp0000.dat:0x7379c,scena/mp0000.dat,be officially signed today...,30
scena/mp0000.dat:0x737ba,scena/mp0000.dat,The non-aggression pact will,29
scena/mp0000.dat:0x737e6,scena/mp0000.dat,It feels like it's been long overdue.,38
scena/mp0000.dat:0x7381b,scena/mp0000.dat,reassigned to patrol Rolent.,29
scena/mp0000.dat:0x73838,scena/mp0000.dat,The Verte Bridge guards were,29
scena/mp0000.dat:0x73864,scena/mp0000.dat,could cause so much trouble.,29
scena/mp0000.dat:0x73881,scena/mp0000.dat,Who'd have thought fog,23
scena/mp0000.dat:0x738a7,scena/mp0000.dat,The power of nature is not to be taken lightly.,48
scena/mp0000.dat:0x738e6,scena/mp0000.dat,reassigned to patrol Rolent.,29
scena/mp0000.dat:0x73903,scena/mp0000.dat,The Verte Bridge guards were,29
scena/mp0000.dat:0x7392f,scena/mp0000.dat,You have to respect the power of nature.,41
scena/mp0000.dat:0x73958,scena/mp0000.dat,A bit of fog turned out be a big problem...,44
scena/mp0000.dat:0x73993,scena/mp0000.dat,The fog has cleared at last.,29
scena/mp0000.dat:0x739bf,scena/mp0000.dat,It's a wonderful morning all around.,37
scena/mp0000.dat:0x739e4,scena/mp0000.dat,The non-aggression pact has been signed.,41
scena/mp0000.dat:0x73a1c,scena/mp0000.dat,guns are worthless without power...,36
scena/mp0000.dat:0x73a40,scena/mp0000.dat,"We can't shut the gate, and our orbal",38
scena/mp0000.dat:0x73a75,scena/mp0000.dat,What else can go wrong?,24
scena/mp0000.dat:0x73a9c,scena/mp0000.dat,without anything bad happening.,32
scena/mp0000.dat:0x73abc,scena/mp0000.dat,We can only pray that this all passes,38
scena/mp0000.dat:0x73af1,scena/mp0000.dat,airships is a huge hit to the army.,36
scena/mp0000.dat:0x73b15,scena/mp0000.dat,Not being able to use the,26
scena/mp0000.dat:0x73b3e,scena/mp0000.dat,The air fleet was our trump card...,36
scena/mp0000.dat:0x73b71,scena/mp0000.dat,but they specialize in land combat anyway...,45
scena/mp0000.dat:0x73b9e,scena/mp0000.dat,"Erebonia's airships are also grounded,",39
scena/mp0000.dat:0x73bd4,scena/mp0000.dat,We're far more affected than them.,35
scena/mp0000.dat:0x73c06,scena/mp0000.dat,airships is a huge hit to the army.,36
scena/mp0000.dat:0x73c2a,scena/mp0000.dat,Not being able to use the,26
scena/mp0000.dat:0x73c53,scena/mp0000.dat,The air fleet was our trump card...,36
scena/mp0000.dat:0x73c86,scena/mp0000.dat,pact at Erbe Royal Villa tomorrow.,35
scena/mp0000.dat:0x73ca9,scena/mp0000.dat,They'll be signing the non-aggression,38
scena/mp0000.dat:0x73cde,scena/mp0000.dat,That's why the security checks are stricter.,45
scena/mp0000.dat:0x73d1a,scena/mp0000.dat,"arrive, escorted by a bracer.",30
scena/mp0000.dat:0x73d38,scena/mp0000.dat,We've just had some travelers,30
scena/mp0000.dat:0x73d65,scena/mp0000.dat,Is the fog really so bad in Rolent?,36
scena/mp0000.dat:0x73d98,scena/mp0000.dat,for the capital early this morning.,36
scena/mp0000.dat:0x73dbc,scena/mp0000.dat,A bracer who arrived yesterday left,36
scena/mp0000.dat:0x73def,scena/mp0000.dat,be in good spirits after getting a proper rest.,48
scena/mp0000.dat:0x73e1f,scena/mp0000.dat,The travelers they were escorting seemed to,44
scena/mp0000.dat:0x73e5a,scena/mp0000.dat,through the checkpoint this morning.,37
scena/mp0000.dat:0x73e7f,scena/mp0000.dat,A rather eccentric priest passed,33
scena/mp0000.dat:0x73eaf,scena/mp0000.dat,He had a crossbow strapped to his back...,42
scena/mp0000.dat:0x73ee8,scena/mp0000.dat,weapons for their own safety nowadays.,39
scena/mp0000.dat:0x73f0f,scena/mp0000.dat,I suppose even priests need to carry,37
scena/mp0000.dat:0x73f43,scena/mp0000.dat,through the checkpoint this morning.,37
scena/mp0000.dat:0x73f68,scena/mp0000.dat,A rather eccentric priest passed,33
scena/mp0000.dat:0x73f98,scena/mp0000.dat,weapons for their own safety nowadays.,39
scena/mp0000.dat:0x73fbf,scena/mp0000.dat,I suppose even priests need to carry,37
scena/mp0000.dat:0x73ff3,scena/mp0000.dat,checkpoint yesterday has already returned.,43
scena/mp0000.dat:0x7401e,scena/mp0000.dat,The bracer who passed through the,34
scena/mp0000.dat:0x7404f,scena/mp0000.dat,He seemed somewhat exhausted.,30
scena/mp0000.dat:0x7407c,scena/mp0000.dat,straight back from the capital without rest.,45
scena/mp0000.dat:0x740a9,scena/mp0000.dat,I guess you can't blame him if he came,39
scena/mp0000.dat:0x740df,scena/mp0000.dat,been signed without hiccups.,29
scena/mp0000.dat:0x740fc,scena/mp0000.dat,The non-aggression pact has,28
scena/mp0000.dat:0x74127,scena/mp0000.dat,at the checkpoint on the way to the capital.,45
scena/mp0000.dat:0x74154,scena/mp0000.dat,It's a weight off our shoulders for us here,44
scena/mp0000.dat:0x7418f,scena/mp0000.dat,every checkpoint these days.,29
scena/mp0000.dat:0x741ac,scena/mp0000.dat,It's been rough for guards at,30
scena/mp0000.dat:0x741d9,scena/mp0000.dat,Getting supplies is the real issue.,36
scena/mp0000.dat:0x741fd,scena/mp0000.dat,And not just because we can't use our weapons.,47
scena/mp0000.dat:0x7423b,scena/mp0000.dat,we can't get provisions delivered.,35
scena/mp0000.dat:0x7425e,scena/mp0000.dat,"Without cargo vehicles or airships,",36
scena/mp0000.dat:0x74291,scena/mp0000.dat,The gate's not fixed yet.,26
scena/mp0000.dat:0x742ba,scena/mp0000.dat,another night making do without orbments.,42
scena/mp0000.dat:0x742e4,scena/mp0000.dat,I hate to think we'll have to spend,36
scena/mp0000.dat:0x74317,scena/mp0000.dat,"Bracers, huh?",14
scena/mp0000.dat:0x74334,scena/mp0000.dat,We're here to help guard Gurune Gate.,38
scena/mp0000.dat:0x74369,scena/mp0000.dat,important than ever to nip threats in the bud.,47
scena/mp0000.dat:0x74398,scena/mp0000.dat,"With the gate not functioning properly, it's more",50
scena/mp0000.dat:0x743d9,scena/mp0000.dat,We're here to help guard Gurune Gate.,38
scena/mp0000.dat:0x7440e,scena/mp0000.dat,important than ever to nip threats in the bud.,47
scena/mp0000.dat:0x7443d,scena/mp0000.dat,"With the gate not functioning properly, it's more",50
scena/mp0000.dat:0x7447e,scena/mp0000.dat,breached in all of Liberl's history.,37
scena/mp0000.dat:0x744a3,scena/mp0000.dat,The Ahnenburg Wall has never been,34
scena/mp0000.dat:0x744d4,scena/mp0000.dat,and uphold the country's honor.,32
scena/mp0000.dat:0x744f4,scena/mp0000.dat,It's on us to preserve the legend,34
scena/mp0000.dat:0x74525,scena/mp0000.dat,The hell...,12
scena/mp0000.dat:0x74541,scena/mp0000.dat,Didn't you go to the farm?,27
scena/mp0000.dat:0x7455c,scena/mp0000.dat,Why're you guys back here?,27
scena/mp0000.dat:0x74586,scena/mp0000.dat,"Uh, not yet... We're just heading there now.",45
scena/mp0000.dat:0x745c6,scena/mp0000.dat,What the hell do you think we split up for?,44
scena/mp0000.dat:0x74602,scena/mp0000.dat,Get your asses in gear and head to the farm.,45
scena/mp0000.dat:0x7463e,scena/mp0000.dat,R-Right... We'll get going.,28
scena/mp0000.dat:0x7466e,scena/mp0000.dat,Olivier and Zin went to round up the miners.,45
scena/mp0000.dat:0x746aa,scena/mp0000.dat,"You guys get your assess to the farm, pronto.",46
scena/mp0000.dat:0x746e7,scena/mp0000.dat,"Oh, it's you guys.",19
scena/mp0000.dat:0x7470a,scena/mp0000.dat,"Hi, Schera. So this is where you've been.",42
scena/mp0000.dat:0x74747,scena/mp0000.dat,Something on your mind?,24
scena/mp0000.dat:0x74772,scena/mp0000.dat,"Well, yes...",13
scena/mp0000.dat:0x7478f,scena/mp0000.dat,The Esmelas Tower brought back some memories...,48
scena/mp0000.dat:0x747ce,scena/mp0000.dat,a lot of stuff did happen there...,35
scena/mp0000.dat:0x747f1,scena/mp0000.dat,"Now that you mention it,",25
scena/mp0000.dat:0x7481d,scena/mp0000.dat,"Haha, yeah...",14
scena/mp0000.dat:0x7483f,scena/mp0000.dat,It's where we had our first assignment.,40
scena/mp0000.dat:0x7487a,scena/mp0000.dat,"Oh, really?",12
scena/mp0000.dat:0x7489a,scena/mp0000.dat,"Oh, my...",10
scena/mp0000.dat:0x748b8,scena/mp0000.dat,That's news to me.,19
scena/mp0000.dat:0x748f8,scena/mp0000.dat,junior bracer. It seems like so long ago.,42
scena/mp0000.dat:0x74922,scena/mp0000.dat,Teehee. You'd only just become a,33
scena/mp0000.dat:0x74953,scena/mp0000.dat,Sure does! Two local kids got lost in the tower...,51
scena/mp0000.dat:0x74999,scena/mp0000.dat,...And we were sent to rescue them.,36
scena/mp0000.dat:0x749d0,scena/mp0000.dat,But Dad showed up at the end to steal the glory.,49
scena/mp0000.dat:0x74a14,scena/mp0000.dat,Haha! I can picture that!,26
scena/mp0000.dat:0x74a42,scena/mp0000.dat,It sounds like Cassius alright.,32
scena/mp0000.dat:0x74a75,scena/mp0000.dat,Haha! Figures.,15
scena/mp0000.dat:0x74a98,scena/mp0000.dat,That old man sure acts childish sometimes.,43
scena/mp0000.dat:0x74ad6,scena/mp0000.dat,"Ah, that doesn't surprise me.",30
scena/mp0000.dat:0x74b07,scena/mp0000.dat,Teehee... Typical Cassius.,27
scena/mp0000.dat:0x74b36,scena/mp0000.dat,Of course he'd do that.,24
scena/mp0000.dat:0x74b61,scena/mp0000.dat,Heh. That's Cassius for you...,31
scena/mp0000.dat:0x74b94,scena/mp0000.dat,"Well, you two have learned a lot since then.",45
scena/mp0000.dat:0x74bd0,scena/mp0000.dat,"This time, I'm sure you can handle it yourselves.",50
scena/mp0000.dat:0x74c11,scena/mp0000.dat,Yep! Leave it to us!,21
scena/mp0000.dat:0x74c39,scena/mp0000.dat,the tower on another mission.,30
scena/mp0000.dat:0x74c57,scena/mp0000.dat,I never thought we'd be back at,32
scena/mp0000.dat:0x74c86,scena/mp0000.dat,any point. I'll be on standby.,31
scena/mp0000.dat:0x74ca5,scena/mp0000.dat,Let me know if you need help at,32
scena/mp0000.dat:0x74d0a,scena/mp0000.dat,Kloe... Is something wrong?,28
scena/mp0000.dat:0x74d39,scena/mp0000.dat,"Oh, Estelle...",15
scena/mp0000.dat:0x74d58,scena/mp0000.dat,"No, I...was just lost in thought for a moment.",47
scena/mp0000.dat:0x74d96,scena/mp0000.dat,I see...,9
scena/mp0000.dat:0x74db3,scena/mp0000.dat,"Hmm... You feel bad, don't you?",32
scena/mp0000.dat:0x74de6,scena/mp0000.dat,I'm sorry... I know this is bad timing.,40
scena/mp0000.dat:0x74e1e,scena/mp0000.dat,Don't beat yourself up over it.,32
scena/mp0000.dat:0x74e51,scena/mp0000.dat,"Not long ago, it was me making everyone worry.",47
scena/mp0000.dat:0x74e94,scena/mp0000.dat,certain someone else's fault though...,39
scena/mp0000.dat:0x74ebb,scena/mp0000.dat,"To be fair, it was all totally a",33
scena/mp0000.dat:0x74ef0,scena/mp0000.dat,...Guilty as charged. I've learned my lesson.,46
scena/mp0000.dat:0x74f4a,scena/mp0000.dat,"So, Kloe, you've got nothing to worry about.",45
scena/mp0000.dat:0x74f8a,scena/mp0000.dat,We all need a little help sometimes.,37
scena/mp0000.dat:0x74fc3,scena/mp0000.dat,"Thanks, Estelle.",17
scena/mp0000.dat:0x74fe3,scena/mp0000.dat,"But if you do need me, don't hesitate to ask.",46
scena/mp0000.dat:0x75020,scena/mp0000.dat,but I'd be happy to do whatever I can.,39
scena/mp0000.dat:0x75047,scena/mp0000.dat,"I might not be much help,",26
scena/mp0000.dat:0x75070,scena/mp0000.dat,Of course!,11
scena/mp0000.dat:0x7508f,scena/mp0000.dat,"Thanks, Kloe.",14
scena/mp0000.dat:0x750b0,scena/mp0000.dat,My pleasure!,13
scena/mp0000.dat:0x750cd,scena/mp0000.dat,Don't hesitate to ask for my help if you need it.,50
scena/mp0000.dat:0x7510e,scena/mp0000.dat,"Well, good luck. Please be careful...",38
scena/mp0000.dat:0x75237,scena/mp0000.dat,for the other day.,19
scena/mp0000.dat:0x7524a,scena/mp0000.dat,Hey there! I owe you bracers one,33
scena/mp0000.dat:0x7527e,scena/mp0000.dat,"but unfortunately, the foreman has stepped out.",48
scena/mp0000.dat:0x752ae,scena/mp0000.dat,We're planning on resuming operations today...,47
scena/mp0000.dat:0x752f0,scena/mp0000.dat,so everyone's just standing by at the moment.,46
scena/mp0000.dat:0x7531e,scena/mp0000.dat,"All the miners are ready to go,",32
scena/mp0000.dat:0x75351,scena/mp0000.dat,over at the foreman's house.,29
scena/mp0000.dat:0x7536e,scena/mp0000.dat,I hear there's been some kind of trouble,41
scena/mp0000.dat:0x753aa,scena/mp0000.dat,but we could sure use him back at the mountain.,48
scena/mp0000.dat:0x753da,scena/mp0000.dat,"I don't know the full story,",29
scena/mp0000.dat:0x7540a,scena/mp0000.dat,operations today.,18
scena/mp0000.dat:0x7541c,scena/mp0000.dat,We're scheduled to resume,26
scena/mp0000.dat:0x75449,scena/mp0000.dat,authorized personnel only.,27
scena/mp0000.dat:0x75464,scena/mp0000.dat,"I'm sorry, but entry is restricted to",38
scena/mp0000.dat:0x754b4,scena/mp0000.dat,"Hello there, bracers.",22
scena/mp0000.dat:0x754dd,scena/mp0000.dat,Chief Garton has finally returned.,35
scena/mp0000.dat:0x75514,scena/mp0000.dat,We've just finally resumed operations over here.,49
scena/mp0000.dat:0x75558,scena/mp0000.dat,are allowed to enter.,22
scena/mp0000.dat:0x7556e,scena/mp0000.dat,Which means that only authorized personnel,43
scena/mp0000.dat:0x755ac,scena/mp0000.dat,so I can't let you inside.,27
scena/mp0000.dat:0x755c7,scena/mp0000.dat,"Sorry, but operations are resuming from today,",47
scena/mp0000.dat:0x75620,scena/mp0000.dat,The hell...,12
scena/mp0000.dat:0x75640,scena/mp0000.dat,Didn't you go to the farm?,27
scena/mp0000.dat:0x7565b,scena/mp0000.dat,Why're you guys back here?,27
scena/mp0000.dat:0x75689,scena/mp0000.dat,"Uh, not yet... We're just heading there now.",45
scena/mp0000.dat:0x756c9,scena/mp0000.dat,What the hell do you think we split up for?,44
scena/mp0000.dat:0x75709,scena/mp0000.dat,Get your asses in gear and head to the farm.,45
scena/mp0000.dat:0x75749,scena/mp0000.dat,R-Right... We'll get going.,28
scena/mp0000.dat:0x75779,scena/mp0000.dat,Olivier and Zin went to round up the miners.,45
scena/mp0000.dat:0x757b9,scena/mp0000.dat,"You guys get your assess to the farm, pronto.",46
scena/mp0000.dat:0x75811,scena/mp0000.dat,"Ah, you're the bracers I saw earlier.",38
scena/mp0000.dat:0x7584a,scena/mp0000.dat,personnel can enter the mines.,31
scena/mp0000.dat:0x75869,scena/mp0000.dat,You should know that only authorized,37
scena/mp0000.dat:0x758a1,scena/mp0000.dat,"Sorry, but I have to ask you to keep out.",42
scena/mp0000.dat:0x758de,scena/mp0000.dat,"Sorry, but I have to ask you to keep out.",42
scena/mp0000.dat:0x75908,scena/mp0000.dat,The mines are off limits to the public.,40
scena/mp0000.dat:0x7595a,scena/mp0000.dat,H-Hey! Just where are you going?,33
scena/mp0000.dat:0x7598e,scena/mp0000.dat,Hurry up and search inside the ship.,37
scena/mp0000.dat:0x759c6,scena/mp0000.dat,<C1>West: Bright Family House,30
scena/mp0000.dat:0x759e4,scena/mp0000.dat,South: Gurune Gate - 259 selge,31
scena/mp0000.dat:0x75a03,scena/mp0000.dat,<C1>North: Rolent - 49 selge,29
scena/mp0000.dat:0x75a20,scena/mp0000.dat,*Beware of monsters!,21
scena/mp0000.dat:0x75a35,scena/mp0000.dat,<C1>East: Mistwald,19
scena/mp0000.dat:0x75a48,scena/mp0000.dat, Gurune Gate,13
scena/mp0000.dat:0x75a55,scena/mp0000.dat,West - Royal Capital Grancel - 193 selge,41
scena/mp0000.dat:0x75a7e,scena/mp0000.dat,<C1>North: Rolent - 308 selge,30
scena/mp0000.dat:0x75a9c,scena/mp0000.dat,West: Verte Bridge - 172 selge,31
scena/mp0000.dat:0x75abb,scena/mp0000.dat,<C1>East: Rolent,17
scena/mp0000.dat:0x75acc,scena/mp0000.dat,West: Verte Bridge,19
scena/mp0000.dat:0x75adf,scena/mp0000.dat,<C1>East: Rolent - 172 selge,29
scena/mp0000.dat:0x75afc,scena/mp0000.dat,<C1>South: Perzel Farm,23
scena/mp0000.dat:0x75b13,scena/mp0000.dat,West: Bose - 420 selge,23
scena/mp0000.dat:0x75b2a,scena/mp0000.dat,<C1>East: Rolent - 172 selge,29
scena/mp0000.dat:0x75b47,scena/mp0000.dat,*Beware of monsters!,21
scena/mp0000.dat:0x75b5c,scena/mp0000.dat,<C1>West: Esmelas Tower - 53 selge,35
scena/mp0000.dat:0x75b7f,scena/mp0000.dat,North: Malga Mine - 123 selge,30
scena/mp0000.dat:0x75b9d,scena/mp0000.dat,<C1>South: Rolent - 126 selge,30
scena/mp0000.dat:0x75bbb,scena/mp0000.dat,[Liberl Orbalship Co.]      ,29
scena/mp0000.dat:0x75bd8,scena/mp0000.dat,*Authorized Personnel Only,27
scena/mp0000.dat:0x75bf3,scena/mp0000.dat,<C1>Landing Port Control Tower,31
scena/mp0000.dat:0x75c39,scena/mp0000.dat,*Authorized Personnel Only,27
scena/mp0000.dat:0x75c54,scena/mp0000.dat,<C1>West: Malga Trail Side Exit,32
scena/mp0000.dat:0x75c74,scena/mp0000.dat,<C1>North: Rolent Landing Port,31
scena/mp0000.dat:0x75c96,scena/mp0000.dat, To Bose,9
scena/mp0000.dat:0x75ca2,scena/mp0000.dat, To Royal Capital Grancel,26
scena/mp0000.dat:0x75cbc,scena/mp0000.dat,<C1>Airliner Landing Port,26
scena/mp0000.dat:0x75cd6,scena/mp0000.dat,  [Liberl Orbalship Co.],25
scena/mp0000.dat:0x75cef,scena/mp0000.dat,<C1>*Carrying flammable or hazardous materials is strictly prohibited.,71
scena/mp0000.dat:0x75d36,scena/mp0000.dat,"<C1>Looking closely, there's something written here.",53
scena/mp0000.dat:0x75d6b,scena/mp0000.dat,<C1>'Stupid Joshua.',21
scena/mp0000.dat:0x75d80,scena/mp0000.dat,<C1>There's a log for practicing staff techniques.,51
scena/mp0000.dat:0x75db3,scena/mp0000.dat,<C1>There's a log for practicing staff techniques.,51
scena/mp0000.dat:0x75de6,scena/mp0000.dat,<C1>There's a log for practicing staff techniques.,51
scena/mp0000.dat:0x75e19,scena/mp0000.dat,"the Septian Church, and the City of Rolent.",44
scena/mp0000.dat:0x75e45,scena/mp0000.dat,"Jointly erected by the Liberl Royal Family,",44
scena/mp0000.dat:0x75e71,scena/mp0000.dat,<C1>Septian Calendar 1075,26
scena/mp0000.dat:0x75e8b,scena/mp0000.dat,artillery fire during the Hundred Days War.,44
scena/mp0000.dat:0x75eb7,scena/mp0000.dat,Destroyed by Erebonian,23
scena/mp0000.dat:0x75ece,scena/mp0000.dat,<C1>Septian Calendar 1192,26
scena/mp0000.dat:0x75ee8,scena/mp0000.dat,of the citizens of Rolent.,27
scena/mp0000.dat:0x75f03,scena/mp0000.dat,Rebuilt with the cooperation,29
scena/mp0000.dat:0x75f20,scena/mp0000.dat,<C1>Septian Calendar 1197,26
scena/mp0000.dat:0x75f3a,scena/mp0000.dat,<C1>The door is locked.,24
scena/mp0000.dat:0x75f52,scena/mp0000.dat,<C1>The door is locked.,24
scena/mp0000.dat:0x75f6a,scena/mp0000.dat,Huh? It's locked?,18
scena/mp0000.dat:0x75f90,scena/mp0000.dat,We'll have to find another way in.,35
