offset,file,text_en,byte_budget
scena/mp8010_01.dat:0x4ab4f,scena/mp8010_01.dat,@&! ,5
scena/mp8010_01.dat:0x4ab8e,scena/mp8010_01.dat,@&. ,5
scena/mp8010_01.dat:0x4efb0,scena/mp8010_01.dat,@& ',5
scena/mp8010_01.dat:0x54ceb,scena/mp8010_01.dat,@& 1,5
scena/mp8010_01.dat:0x59c20,scena/mp8010_01.dat,@& 9,5
scena/mp8010_01.dat:0x5a640,scena/mp8010_01.dat,@& :,5
scena/mp8010_01.dat:0x693bc,scena/mp8010_01.dat, & Q,5
scena/mp8010_01.dat:0x69410,scena/mp8010_01.dat, &2Q,5
scena/mp8010_01.dat:0x6947f,scena/mp8010_01.dat, &FQ,5
scena/mp8010_01.dat:0x6d276,scena/mp8010_01.dat, &^V,5
scena/mp8010_01.dat:0x6d2ca,scena/mp8010_01.dat, &pV,5
scena/mp8010_01.dat:0x7930f,scena/mp8010_01.dat,@& i,5
scena/mp8010_01.dat:0x7a96f,scena/mp8010_01.dat, &zk,5
scena/mp8010_01.dat:0x7cca9,scena/mp8010_01.dat, &)o,5
scena/mp8010_01.dat:0x7d9b1,scena/mp8010_01.dat,@& p,5
scena/mp8010_01.dat:0x823f3,scena/mp8010_01.dat,so we should be there soon.,28
scena/mp8010_01.dat:0x8240f,scena/mp8010_01.dat,"Zeiss is the next stop,",24
scena/mp8010_01.dat:0x82436,scena/mp8010_01.dat,"to get off, okay?",18
scena/mp8010_01.dat:0x82448,scena/mp8010_01.dat,Don't get so distracted that you forget,40
scena/mp8010_01.dat:0x8247f,scena/mp8010_01.dat,from the Royal Army be?,24
scena/mp8010_01.dat:0x82497,scena/mp8010_01.dat,"Still, what could this request",31
scena/mp8010_01.dat:0x824c6,scena/mp8010_01.dat,could it be that there's a need for secrecy?,45
scena/mp8010_01.dat:0x824f3,scena/mp8010_01.dat,"If they're calling us all the way to the capital,",50
scena/mp8010_01.dat:0x82534,scena/mp8010_01.dat,It will be a while before we can relax.,40
scena/mp8010_01.dat:0x8255c,scena/mp8010_01.dat,The Society could be up to anything.,37
scena/mp8010_01.dat:0x82590,scena/mp8010_01.dat,so we have some free time.,27
scena/mp8010_01.dat:0x825ab,scena/mp8010_01.dat,"We'll pass through Rolent before we get to Bose,",49
scena/mp8010_01.dat:0x825eb,scena/mp8010_01.dat,Whatever you like.,19
scena/mp8010_01.dat:0x825fe,scena/mp8010_01.dat,Feel free to walk around or rest in your seat...,49
scena/mp8010_01.dat:0x8263e,scena/mp8010_01.dat,"Damn, Zeiss is up next.",24
scena/mp8010_01.dat:0x82666,scena/mp8010_01.dat,so don't get comfortable.,26
scena/mp8010_01.dat:0x82680,scena/mp8010_01.dat,"We'll be there in no time,",27
scena/mp8010_01.dat:0x826aa,scena/mp8010_01.dat,"Still, what does the Royal Army want with us?",46
scena/mp8010_01.dat:0x826e8,scena/mp8010_01.dat,it might be something they wanna keep quiet.,45
scena/mp8010_01.dat:0x82715,scena/mp8010_01.dat,"If they're calling us all the way to the capital,",50
scena/mp8010_01.dat:0x82756,scena/mp8010_01.dat,Don't expect a break anytime soon.,35
scena/mp8010_01.dat:0x82779,scena/mp8010_01.dat,"The Society is still out there, too.",37
scena/mp8010_01.dat:0x827ad,scena/mp8010_01.dat,The sky pirates did get their airship back...,46
scena/mp8010_01.dat:0x827eb,scena/mp8010_01.dat,when we get to Bose.,21
scena/mp8010_01.dat:0x82800,scena/mp8010_01.dat,You can ask Old Man Lugran about it,36
scena/mp8010_01.dat:0x82833,scena/mp8010_01.dat,until we finish this job.,26
scena/mp8010_01.dat:0x8284d,scena/mp8010_01.dat,There will be no visiting the village,38
scena/mp8010_01.dat:0x82873,scena/mp8010_01.dat,"Let's get some things straight, though.",40
scena/mp8010_01.dat:0x828aa,scena/mp8010_01.dat,Don't bother asking me to take you.,36
scena/mp8010_01.dat:0x828de,scena/mp8010_01.dat,Party pooper.,14
scena/mp8010_01.dat:0x828ff,scena/mp8010_01.dat,Would you like to read this book?,34
scena/mp8010_01.dat:0x82921,scena/mp8010_01.dat,"That reminds me, Estelle.",26
scena/mp8010_01.dat:0x8294b,scena/mp8010_01.dat,but it's quite a page-turner.,30
scena/mp8010_01.dat:0x82969,scena/mp8010_01.dat,"It's banned in Erebonia,",25
scena/mp8010_01.dat:0x82991,scena/mp8010_01.dat,"Banned...? It's not something sleazy, is it?",45
scena/mp8010_01.dat:0x829d2,scena/mp8010_01.dat,set in the Republic of Calvard.,32
scena/mp8010_01.dat:0x829f2,scena/mp8010_01.dat,"Why, of course not. It's merely an adventure novel",51
scena/mp8010_01.dat:0x82a34,scena/mp8010_01.dat,deemed bad for one's education.,32
scena/mp8010_01.dat:0x82a54,scena/mp8010_01.dat,It's unavailable in Erebonia because it's been,47
scena/mp8010_01.dat:0x82a92,scena/mp8010_01.dat,"strict in Erebonia, huh?",25
scena/mp8010_01.dat:0x82aab,scena/mp8010_01.dat,"Oh, I see...Things sure are",28
scena/mp8010_01.dat:0x82adb,scena/mp8010_01.dat,and finally had the chance to read it.,39
scena/mp8010_01.dat:0x82b02,scena/mp8010_01.dat,"I'd heard about it by word of mouth,",37
scena/mp8010_01.dat:0x82b37,scena/mp8010_01.dat,The rumors were correct. It was a real page-turner.,52
scena/mp8010_01.dat:0x82b7a,scena/mp8010_01.dat,Really? What's it about?,25
scena/mp8010_01.dat:0x82ba6,scena/mp8010_01.dat,you're welcome to read it yourself if you like.,48
scena/mp8010_01.dat:0x82bd6,scena/mp8010_01.dat,"Since I'm finished with it anyway,",35
scena/mp8010_01.dat:0x82c08,scena/mp8010_01.dat,"Are you sure? In that case, I'll take it.",42
scena/mp8010_01.dat:0x82c48,scena/mp8010_01.dat,Obtained ,10
scena/mp8010_01.dat:0x82c52,scena/mp8010_01.dat,Looks like the Zeiss region is up next.,40
scena/mp8010_01.dat:0x82c89,scena/mp8010_01.dat,so I never explored the other parts.,37
scena/mp8010_01.dat:0x82cae,scena/mp8010_01.dat,"I went straight to the Elmo Hot Springs before,",48
scena/mp8010_01.dat:0x82ced,scena/mp8010_01.dat,"This time, I'm determined to do some sightseeing.",50
scena/mp8010_01.dat:0x82d2f,scena/mp8010_01.dat,Schera is preferable by comparison...,38
scena/mp8010_01.dat:0x82d65,scena/mp8010_01.dat,and shows clear signs of inebriation.,38
scena/mp8010_01.dat:0x82d8b,scena/mp8010_01.dat,"She may have no limits, but at least she turns red",51
scena/mp8010_01.dat:0x82dce,scena/mp8010_01.dat,no matter how much she consumes...,35
scena/mp8010_01.dat:0x82df1,scena/mp8010_01.dat,"Aina, on the other hand, doesn't even blink,",45
scena/mp8010_01.dat:0x82e2e,scena/mp8010_01.dat,into matching her glass for glass...,37
scena/mp8010_01.dat:0x82e53,scena/mp8010_01.dat,If one were to be lulled,25
scena/mp8010_01.dat:0x82e7c,scena/mp8010_01.dat,*Cackle*... *Giggle*...,24
scena/mp8010_01.dat:0x82eaa,scena/mp8010_01.dat,"(Um, something tells me I shouldn't ask.)",42
scena/mp8010_01.dat:0x82ee9,scena/mp8010_01.dat,no matter how many glasses she consumes...,43
scena/mp8010_01.dat:0x82f14,scena/mp8010_01.dat,"Aina...remains as poised as can be,",36
scena/mp8010_01.dat:0x82f48,scena/mp8010_01.dat,into matching her glass for glass...,37
scena/mp8010_01.dat:0x82f6d,scena/mp8010_01.dat,If one were to be lulled,25
scena/mp8010_01.dat:0x82f97,scena/mp8010_01.dat,*Cackle*... *Giggle*...,24
scena/mp8010_01.dat:0x82fc5,scena/mp8010_01.dat,Hmm. Looks like we'll arrive in Rolent next.,45
scena/mp8010_01.dat:0x83001,scena/mp8010_01.dat,fare. It's hard to beat such fresh ingredients...,50
scena/mp8010_01.dat:0x83033,scena/mp8010_01.dat,I would have liked to savor more of the local,46
scena/mp8010_01.dat:0x83071,scena/mp8010_01.dat,"Well, that will have to wait for next time.",44
scena/mp8010_01.dat:0x830ac,scena/mp8010_01.dat,and the maid with the steely gaze.,35
scena/mp8010_01.dat:0x830cf,scena/mp8010_01.dat,"Ah, but Bose is also home to that beautiful mayor",50
scena/mp8010_01.dat:0x83110,scena/mp8010_01.dat,"Haha, I can't wait to see them again.",38
scena/mp8010_01.dat:0x83146,scena/mp8010_01.dat,"Alright, I'd better get my camera ready.",41
scena/mp8010_01.dat:0x8317e,scena/mp8010_01.dat,to photograph the dock from above.,35
scena/mp8010_01.dat:0x831a1,scena/mp8010_01.dat,The descent is the only chance I'll get,40
scena/mp8010_01.dat:0x831d8,scena/mp8010_01.dat,I really hope there's a factory ship at the port!,50
scena/mp8010_01.dat:0x8320a,scena/mp8010_01.dat,"Ehehe. Sooo, next up is Zeiss, huh?",36
scena/mp8010_01.dat:0x8323d,scena/mp8010_01.dat,even get to see the Arseille.,30
scena/mp8010_01.dat:0x8325b,scena/mp8010_01.dat,"If we're lucky, we might",25
scena/mp8010_01.dat:0x83283,scena/mp8010_01.dat,I can't even hold the camera steady.,37
scena/mp8010_01.dat:0x832a8,scena/mp8010_01.dat,"Maaan, I am way too excited.",29
scena/mp8010_01.dat:0x832d4,scena/mp8010_01.dat,"Ehehe... Hold tight, Arseille.",31
scena/mp8010_01.dat:0x83302,scena/mp8010_01.dat,contour of that beautiful white body...,40
scena/mp8010_01.dat:0x8332a,scena/mp8010_01.dat,"Soon enough, I'll capture every",32
scena/mp8010_01.dat:0x83359,scena/mp8010_01.dat,weren't you?,13
scena/mp8010_01.dat:0x83366,scena/mp8010_01.dat,"Well, Simon? You were able to secure some orbments,",52
scena/mp8010_01.dat:0x833a9,scena/mp8010_01.dat,before the Erebonian merchants get here.,41
scena/mp8010_01.dat:0x833d2,scena/mp8010_01.dat,We'd better buy them all,25
scena/mp8010_01.dat:0x833fa,scena/mp8010_01.dat,"Once it's signed, market prices are sure to rise.",50
scena/mp8010_01.dat:0x8342c,scena/mp8010_01.dat,The non-aggression pact could make or break us.,48
scena/mp8010_01.dat:0x8346b,scena/mp8010_01.dat,We've got to buy as many orbments as we can.,45
scena/mp8010_01.dat:0x834a7,scena/mp8010_01.dat,of the Central Factory.,24
scena/mp8010_01.dat:0x834bf,scena/mp8010_01.dat,R-Right. I've already spoken to the head,41
scena/mp8010_01.dat:0x834f7,scena/mp8010_01.dat,a concrete sales contract.,27
scena/mp8010_01.dat:0x83512,scena/mp8010_01.dat,All that's left is to draw up,30
scena/mp8010_01.dat:0x8353f,scena/mp8010_01.dat,should be on reserve.,22
scena/mp8010_01.dat:0x83555,scena/mp8010_01.dat,B-But the amount we requested,30
scena/mp8010_01.dat:0x83582,scena/mp8010_01.dat,we intend to start negotiations soon.,38
scena/mp8010_01.dat:0x835a8,scena/mp8010_01.dat,"With regard to the rest of their inventory,",44
scena/mp8010_01.dat:0x835e3,scena/mp8010_01.dat,"Oooh, a passenger. What can I do for you~?",43
scena/mp8010_01.dat:0x8361d,scena/mp8010_01.dat,"It's dangerous, so please watch your step, okay~?",50
scena/mp8010_01.dat:0x8364f,scena/mp8010_01.dat,"This is the ship's hold, you know.",35
scena/mp8010_01.dat:0x83681,scena/mp8010_01.dat,"It's dangerous, so please watch your step, okay~?",50
scena/mp8010_01.dat:0x836b3,scena/mp8010_01.dat,"This is the ship's hold, you know.",35
scena/mp8010_01.dat:0x836e5,scena/mp8010_01.dat,It's the highlight of any tour~,32
scena/mp8010_01.dat:0x83705,scena/mp8010_01.dat,The cockpit is on the upper floor.,35
scena/mp8010_01.dat:0x83737,scena/mp8010_01.dat,"Oh, are we off to the capital next?",36
scena/mp8010_01.dat:0x8376a,scena/mp8010_01.dat,getting ready to unload the cargo~,35
scena/mp8010_01.dat:0x8378d,scena/mp8010_01.dat,"If so, I'd better start",24
scena/mp8010_01.dat:0x837b4,scena/mp8010_01.dat,stuff we drop off at the capital!,34
scena/mp8010_01.dat:0x837d6,scena/mp8010_01.dat,You'd never believe how much,29
scena/mp8010_01.dat:0x83802,scena/mp8010_01.dat,I'd better start getting the cargo ready~!,43
scena/mp8010_01.dat:0x8382d,scena/mp8010_01.dat,"If we're going to the capital,",31
scena/mp8010_01.dat:0x8385b,scena/mp8010_01.dat,of stuff that gets unloaded there!,35
scena/mp8010_01.dat:0x8387e,scena/mp8010_01.dat,You'd never believe the amount,31
scena/mp8010_01.dat:0x838ac,scena/mp8010_01.dat,who was just here...,21
scena/mp8010_01.dat:0x838c1,scena/mp8010_01.dat,"Hey, that passenger in the white coat",38
scena/mp8010_01.dat:0x838f6,scena/mp8010_01.dat,Any idea what he was mumbling about?,37
scena/mp8010_01.dat:0x8392a,scena/mp8010_01.dat,It kind of creeped me out~,27
scena/mp8010_01.dat:0x83945,scena/mp8010_01.dat,He even started laughing out of nowhere.,41
scena/mp8010_01.dat:0x8397d,scena/mp8010_01.dat,That passenger in the white coat...,36
scena/mp8010_01.dat:0x839b0,scena/mp8010_01.dat,Any idea what he was mumbling about?,37
scena/mp8010_01.dat:0x839e4,scena/mp8010_01.dat,"with us a lot lately, don't you~?",34
scena/mp8010_01.dat:0x83a06,scena/mp8010_01.dat,"Oh, hello. It's you again. You fly",35
scena/mp8010_01.dat:0x83a38,scena/mp8010_01.dat,fog was strangely charming.,28
scena/mp8010_01.dat:0x83a54,scena/mp8010_01.dat,Seeing Rolent covered in,25
scena/mp8010_01.dat:0x83a7c,scena/mp8010_01.dat,It was so nice getting to enjoy nature again.,46
scena/mp8010_01.dat:0x83ab9,scena/mp8010_01.dat,fog was strangely charming.,28
scena/mp8010_01.dat:0x83ad5,scena/mp8010_01.dat,Seeing Rolent covered in,25
scena/mp8010_01.dat:0x83afd,scena/mp8010_01.dat,It was so nice getting to enjoy nature again.,46
scena/mp8010_01.dat:0x83b3a,scena/mp8010_01.dat,signing ceremony.,18
scena/mp8010_01.dat:0x83b4c,scena/mp8010_01.dat,of the kingdom was and still is focused on the,47
scena/mp8010_01.dat:0x83b7b,scena/mp8010_01.dat,"Ruan was caught up in the election, but the rest",49
scena/mp8010_01.dat:0x83bbb,scena/mp8010_01.dat,A non-aggression pact with them is a big deal.,47
scena/mp8010_01.dat:0x83bea,scena/mp8010_01.dat,with Erebonia was only ten years ago.,38
scena/mp8010_01.dat:0x83c28,scena/mp8010_01.dat, the Hundred Days War,22
scena/mp8010_01.dat:0x83c4d,scena/mp8010_01.dat,of diplomatic relations.,25
scena/mp8010_01.dat:0x83c66,scena/mp8010_01.dat,I hope this leads to a real thawing,36
scena/mp8010_01.dat:0x83c99,scena/mp8010_01.dat,"Erebonia, and Calvard.",23
scena/mp8010_01.dat:0x83cb0,scena/mp8010_01.dat,"is a three-way agreement between Liberl,",41
scena/mp8010_01.dat:0x83cd9,scena/mp8010_01.dat,The upcoming non-aggression pact,33
scena/mp8010_01.dat:0x83d09,scena/mp8010_01.dat,between all three.,19
scena/mp8010_01.dat:0x83d1c,scena/mp8010_01.dat,I hope this leads to better relations,38
scena/mp8010_01.dat:0x83d51,scena/mp8010_01.dat,I was just on my way back to Zeiss.,36
scena/mp8010_01.dat:0x83d84,scena/mp8010_01.dat,that I haven't had a chance to rest.,37
scena/mp8010_01.dat:0x83da9,scena/mp8010_01.dat,I've been so busy with work lately,35
scena/mp8010_01.dat:0x83ddb,scena/mp8010_01.dat,I'm gonna take a long break once I get home.,45
scena/mp8010_01.dat:0x83e17,scena/mp8010_01.dat,There's never a moment's rest.,31
scena/mp8010_01.dat:0x83e36,scena/mp8010_01.dat,I've been so busy with work lately.,36
scena/mp8010_01.dat:0x83e69,scena/mp8010_01.dat,and take a break.,18
scena/mp8010_01.dat:0x83e7b,scena/mp8010_01.dat,I can't wait to get home to Zeiss,34
scena/mp8010_01.dat:0x83eac,scena/mp8010_01.dat,ambassador coming up.,22
scena/mp8010_01.dat:0x83ec2,scena/mp8010_01.dat,I have a big meeting with the Calvardian,41
scena/mp8010_01.dat:0x83efa,scena/mp8010_01.dat,I hope it goes well...,23
scena/mp8010_01.dat:0x83f20,scena/mp8010_01.dat,Hey there. What can I do for you?,34
scena/mp8010_01.dat:0x83f51,scena/mp8010_01.dat,so we should arrive on time.,29
scena/mp8010_01.dat:0x83f6e,scena/mp8010_01.dat,"The skies are as clear as can be,",34
scena/mp8010_01.dat:0x83f9f,scena/mp8010_01.dat,Just sit back and enjoy the trip for now.,42
scena/mp8010_01.dat:0x83fd8,scena/mp8010_01.dat,so we should arrive on time.,29
scena/mp8010_01.dat:0x83ff5,scena/mp8010_01.dat,"The skies are as clear as can be,",34
scena/mp8010_01.dat:0x84026,scena/mp8010_01.dat,why not explore the ship?,26
scena/mp8010_01.dat:0x84040,scena/mp8010_01.dat,"If you've got time to kill,",28
scena/mp8010_01.dat:0x8406b,scena/mp8010_01.dat,Or are you just bored?,23
scena/mp8010_01.dat:0x84082,scena/mp8010_01.dat,Hi there. Exploring the ship?,30
scena/mp8010_01.dat:0x840af,scena/mp8010_01.dat,"Right now, we're flying over the Tratt Plains.",47
scena/mp8010_01.dat:0x840ed,scena/mp8010_01.dat,step out on the deck to enjoy the view?,40
scena/mp8010_01.dat:0x84115,scena/mp8010_01.dat,The weather's great today. Why don't you,41
scena/mp8010_01.dat:0x8414d,scena/mp8010_01.dat,"Right now, we're flying over the Tratt Plains.",47
scena/mp8010_01.dat:0x8418b,scena/mp8010_01.dat,step out on the deck to enjoy the view?,40
scena/mp8010_01.dat:0x841b3,scena/mp8010_01.dat,The weather's great today. Why don't you,41
scena/mp8010_01.dat:0x841eb,scena/mp8010_01.dat,at the scenery from the cockpit?,33
scena/mp8010_01.dat:0x8420c,scena/mp8010_01.dat,Hi there. Did you come to get a look,37
scena/mp8010_01.dat:0x84240,scena/mp8010_01.dat,beautiful than ever from up here.,34
scena/mp8010_01.dat:0x84262,scena/mp8010_01.dat,Rolent's greenery looks more,29
scena/mp8010_01.dat:0x8428e,scena/mp8010_01.dat,all my cares dissolve.,23
scena/mp8010_01.dat:0x842a5,scena/mp8010_01.dat,"When I gaze at those vast forests,",35
scena/mp8010_01.dat:0x842d7,scena/mp8010_01.dat,from up here. It really puts you at peace.,43
scena/mp8010_01.dat:0x84302,scena/mp8010_01.dat,Rolent's greenery looks more beautiful than ever,49
scena/mp8010_01.dat:0x84342,scena/mp8010_01.dat,Hi there. Sorry for the late departure.,40
scena/mp8010_01.dat:0x84379,scena/mp8010_01.dat,but I've never seen fog that thick.,36
scena/mp8010_01.dat:0x8439d,scena/mp8010_01.dat,"You know, I've been doing this for a long time,",48
scena/mp8010_01.dat:0x843dc,scena/mp8010_01.dat,all I could see was white.,27
scena/mp8010_01.dat:0x843f7,scena/mp8010_01.dat,"Even with a fog light on,",26
scena/mp8010_01.dat:0x84420,scena/mp8010_01.dat,Not even I can fly in conditions like that.,44
scena/mp8010_01.dat:0x8445b,scena/mp8010_01.dat,but that fog was something else.,33
scena/mp8010_01.dat:0x8447c,scena/mp8010_01.dat,"I've seen a lot over the years,",32
scena/mp8010_01.dat:0x844ab,scena/mp8010_01.dat,all I could see was white.,27
scena/mp8010_01.dat:0x844c6,scena/mp8010_01.dat,"Even with a fog light on,",26
scena/mp8010_01.dat:0x844fe,scena/mp8010_01.dat," Oh, roger that!",17
scena/mp8010_01.dat:0x84530,scena/mp8010_01.dat,Course change coming right up.,31
scena/mp8010_01.dat:0x8458e,scena/mp8010_01.dat, Roger! You got it.,20
scena/mp8010_01.dat:0x845c3,scena/mp8010_01.dat,Now returning to higher altitude.,34
scena/mp8010_01.dat:0x84634,scena/mp8010_01.dat," Oh, roger that!",17
scena/mp8010_01.dat:0x846cc,scena/mp8010_01.dat, Roger! You got it.,20
scena/mp8010_01.dat:0x847ba,scena/mp8010_01.dat,"Helmsman, could you correct our course?",40
scena/mp8010_01.dat:0x847f1,scena/mp8010_01.dat,Our stern is drifting slightly to the north.,45
scena/mp8010_01.dat:0x8482d,scena/mp8010_01.dat,We must be catching wind off the sea again...,46
scena/mp8010_01.dat:0x8486a,scena/mp8010_01.dat,The airspace here calls for caution.,37
scena/mp8010_01.dat:0x8489e,scena/mp8010_01.dat,"Helmsman, it feels like our altitude has dropped.",50
scena/mp8010_01.dat:0x848df,scena/mp8010_01.dat,but don't lose the current.,28
scena/mp8010_01.dat:0x848fb,scena/mp8010_01.dat,"Please recover altitude as soon as you can,",44
scena/mp8010_01.dat:0x84936,scena/mp8010_01.dat,from above us a bit...,23
scena/mp8010_01.dat:0x8494d,scena/mp8010_01.dat,It feels like the wind is blowing,34
scena/mp8010_01.dat:0x8497e,scena/mp8010_01.dat,so we must remain attentive.,29
scena/mp8010_01.dat:0x8499b,scena/mp8010_01.dat,"The wind shifts at a moment's notice around here,",50
scena/mp8010_01.dat:0x849dc,scena/mp8010_01.dat,"Helmsman, maintain course.",27
scena/mp8010_01.dat:0x849f7,scena/mp8010_01.dat,No changes necessary.,22
scena/mp8010_01.dat:0x84a1c,scena/mp8010_01.dat,starting our approach to Rolent soon.,38
scena/mp8010_01.dat:0x84a42,scena/mp8010_01.dat,Maintain course... We'll be,28
scena/mp8010_01.dat:0x84a6d,scena/mp8010_01.dat,for the time being.,20
scena/mp8010_01.dat:0x84a81,scena/mp8010_01.dat,"Helmsman, please maintain the current course",45
scena/mp8010_01.dat:0x84abd,scena/mp8010_01.dat,blowing from Rolent today.,27
scena/mp8010_01.dat:0x84ad8,scena/mp8010_01.dat,Ahhh. There's another gentle breeze,36
scena/mp8010_01.dat:0x84b0b,scena/mp8010_01.dat,to the northwest.,18
scena/mp8010_01.dat:0x84b1d,scena/mp8010_01.dat,"Helmsman, we're drifting a bit too far",39
scena/mp8010_01.dat:0x84b53,scena/mp8010_01.dat,"the mountains, so be sure not to get too close.",48
scena/mp8010_01.dat:0x84b83,scena/mp8010_01.dat,There tends to be a lot of turbulence along,44
scena/mp8010_01.dat:0x84bbe,scena/mp8010_01.dat,a bit to avoid the mountains.,30
scena/mp8010_01.dat:0x84bdc,scena/mp8010_01.dat,Please shift course to the south,33
scena/mp8010_01.dat:0x84c0c,scena/mp8010_01.dat,above East Bose Highway.,25
scena/mp8010_01.dat:0x84c25,scena/mp8010_01.dat,Try to shift course to just,28
scena/mp8010_01.dat:0x84c50,scena/mp8010_01.dat,"That passenger has gone quiet now, but...",42
scena/mp8010_01.dat:0x84c89,scena/mp8010_01.dat,and singing for all to hear.,29
scena/mp8010_01.dat:0x84ca6,scena/mp8010_01.dat,"Until just a moment ago, he was playing a lute",47
scena/mp8010_01.dat:0x84ce4,scena/mp8010_01.dat,into a duet with him.,22
scena/mp8010_01.dat:0x84cfa,scena/mp8010_01.dat,"By the end, he even forced me",30
scena/mp8010_01.dat:0x84d27,scena/mp8010_01.dat,Heh. Some people sure are pushy.,33
scena/mp8010_01.dat:0x84d57,scena/mp8010_01.dat,This panoramic seat is usually pretty popular...,49
scena/mp8010_01.dat:0x84d97,scena/mp8010_01.dat,no one wants to sit there today.,33
scena/mp8010_01.dat:0x84db8,scena/mp8010_01.dat,"But for some reason,",21
scena/mp8010_01.dat:0x84ddc,scena/mp8010_01.dat,Do you think it's because of that one passenger?,49
scena/mp8010_01.dat:0x84e1c,scena/mp8010_01.dat,Are those passengers over there siblings?,42
scena/mp8010_01.dat:0x84e55,scena/mp8010_01.dat,"from each other, though...",27
scena/mp8010_01.dat:0x84e70,scena/mp8010_01.dat,They seem quite different,26
scena/mp8010_01.dat:0x84e99,scena/mp8010_01.dat,It's quite heartwarming.,25
scena/mp8010_01.dat:0x84eb2,scena/mp8010_01.dat,"Then again, they seem pretty close.",36
scena/mp8010_01.dat:0x84ee5,scena/mp8010_01.dat,So I couldn't help but feel lonely.,36
scena/mp8010_01.dat:0x84f09,scena/mp8010_01.dat,"I was an only child, you see.",30
scena/mp8010_01.dat:0x84f36,scena/mp8010_01.dat,brother or sister like that.,29
scena/mp8010_01.dat:0x84f53,scena/mp8010_01.dat,I always wanted to have a little,33
scena/mp8010_01.dat:0x84f83,scena/mp8010_01.dat,That passenger who plays the lute...,37
scena/mp8010_01.dat:0x84fb7,scena/mp8010_01.dat,the way he sings and talks is...unique.,40
scena/mp8010_01.dat:0x84fdf,scena/mp8010_01.dat,"His lyrics are one thing, but even",35
scena/mp8010_01.dat:0x85011,scena/mp8010_01.dat,"It's almost like he's, I dunno...in love with himself?",55
scena/mp8010_01.dat:0x85057,scena/mp8010_01.dat,Is that what they refer to as narcissism?,42
scena/mp8010_01.dat:0x85090,scena/mp8010_01.dat,it's almost like he's in love with himself.,44
scena/mp8010_01.dat:0x850bc,scena/mp8010_01.dat,That passenger who plays the lute...,37
scena/mp8010_01.dat:0x850f0,scena/mp8010_01.dat,Is that what they refer to as narcissism?,42
scena/mp8010_01.dat:0x85129,scena/mp8010_01.dat,"at the Royal Academy, isn't she?",33
scena/mp8010_01.dat:0x8514a,scena/mp8010_01.dat,That passenger over there is a student,39
scena/mp8010_01.dat:0x85180,scena/mp8010_01.dat,it's no wonder the school is so famous.,40
scena/mp8010_01.dat:0x851a8,scena/mp8010_01.dat,"If all the students are like that,",35
scena/mp8010_01.dat:0x851da,scena/mp8010_01.dat,carries this air of quiet dignity.,35
scena/mp8010_01.dat:0x851fd,scena/mp8010_01.dat,It's as if her every gesture,29
scena/mp8010_01.dat:0x85229,scena/mp8010_01.dat,it's no wonder the school is so famous.,40
scena/mp8010_01.dat:0x85251,scena/mp8010_01.dat,"If all the students are as dignified as her,",45
scena/mp8010_01.dat:0x8528d,scena/mp8010_01.dat,a strict upbringing and education.,35
scena/mp8010_01.dat:0x852b0,scena/mp8010_01.dat,I'll bet she's had,19
scena/mp8010_01.dat:0x852d2,scena/mp8010_01.dat,I too dreamed of going to the Royal Academy.,45
scena/mp8010_01.dat:0x852ff,scena/mp8010_01.dat,"When I was a child,",20
scena/mp8010_01.dat:0x85322,scena/mp8010_01.dat,I just wanted to wear the uniform.,35
scena/mp8010_01.dat:0x85345,scena/mp8010_01.dat,"But to be honest,",18
scena/mp8010_01.dat:0x85366,scena/mp8010_01.dat,"Oh, uh... I mean the male uniforms, of course.",47
scena/mp8010_01.dat:0x853a4,scena/mp8010_01.dat,I too dreamed of going to the Royal Academy.,45
scena/mp8010_01.dat:0x853d1,scena/mp8010_01.dat,"When I was a child,",20
scena/mp8010_01.dat:0x853f4,scena/mp8010_01.dat,I can't help but admire the design.,36
scena/mp8010_01.dat:0x85418,scena/mp8010_01.dat,"Even now when I look at them,",30
scena/mp8010_01.dat:0x85445,scena/mp8010_01.dat,"Oh, it's you.",14
scena/mp8010_01.dat:0x85462,scena/mp8010_01.dat,we caused you in Rolent.,25
scena/mp8010_01.dat:0x8547b,scena/mp8010_01.dat,I apologize for the inconvenience,34
scena/mp8010_01.dat:0x854ac,scena/mp8010_01.dat,impossible to take off...,26
scena/mp8010_01.dat:0x854c6,scena/mp8010_01.dat,"Unfortunately, the fog made it",31
scena/mp8010_01.dat:0x854f4,scena/mp8010_01.dat,we caused you in Rolent.,25
scena/mp8010_01.dat:0x8550d,scena/mp8010_01.dat,I apologize for the inconvenience,34
scena/mp8010_01.dat:0x8553e,scena/mp8010_01.dat,We've never seen anything like that fog either.,48
scena/mp8010_01.dat:0x8557d,scena/mp8010_01.dat,Titith Bay stretching out to the south.,40
scena/mp8010_01.dat:0x855a5,scena/mp8010_01.dat,"If you look to your right, you'll see the",42
scena/mp8010_01.dat:0x855de,scena/mp8010_01.dat,should be able to see the coastline.,37
scena/mp8010_01.dat:0x85603,scena/mp8010_01.dat,"It's a little bit cloudy, but you",34
scena/mp8010_01.dat:0x85634,scena/mp8010_01.dat,passing over the Kaldia Hills.,31
scena/mp8010_01.dat:0x85653,scena/mp8010_01.dat,The ship is currently,22
scena/mp8010_01.dat:0x85678,scena/mp8010_01.dat,We expect to arrive in Zeiss on time.,38
scena/mp8010_01.dat:0x856ad,scena/mp8010_01.dat,you should be able to see Ahnenburg Wall.,42
scena/mp8010_01.dat:0x856d7,scena/mp8010_01.dat,"If you look to your right,",27
scena/mp8010_01.dat:0x85701,scena/mp8010_01.dat,before the birth of the Liberl royal family.,45
scena/mp8010_01.dat:0x8572e,scena/mp8010_01.dat,The wall has a long history that goes back to,46
scena/mp8010_01.dat:0x8576b,scena/mp8010_01.dat,but this is unconfirmed.,25
scena/mp8010_01.dat:0x85784,scena/mp8010_01.dat,"is a relic of the ancient Zemurian civilization,",49
scena/mp8010_01.dat:0x857b5,scena/mp8010_01.dat,Some people even hypothesize that the wall,43
scena/mp8010_01.dat:0x857ef,scena/mp8010_01.dat,over the Tratt Plains.,23
scena/mp8010_01.dat:0x85806,scena/mp8010_01.dat,The ship is currently passing,30
scena/mp8010_01.dat:0x85833,scena/mp8010_01.dat,Please relax until our arrival at the capital.,47
scena/mp8010_01.dat:0x85871,scena/mp8010_01.dat,"...Attention passengers, please take a look outside.",53
scena/mp8010_01.dat:0x858b5,scena/mp8010_01.dat,the largest forest region in Liberl.,37
scena/mp8010_01.dat:0x858da,scena/mp8010_01.dat,"To your right, you will see Mistwald,",38
scena/mp8010_01.dat:0x8590f,scena/mp8010_01.dat,lumber is sourced here.,24
scena/mp8010_01.dat:0x85927,scena/mp8010_01.dat,industry. They say 70 percent of the kingdom's,47
scena/mp8010_01.dat:0x85956,scena/mp8010_01.dat,"To this day, it is known for its thriving lumber",49
scena/mp8010_01.dat:0x85996,scena/mp8010_01.dat,The ship is currently passing over Mistwald.,45
scena/mp8010_01.dat:0x859d2,scena/mp8010_01.dat,Please enjoy your flight.,26
scena/mp8010_01.dat:0x859ec,scena/mp8010_01.dat,Our next port of call will be the City of Rolent.,50
scena/mp8010_01.dat:0x85a2d,scena/mp8010_01.dat,Thank you for flying with us.,30
scena/mp8010_01.dat:0x85a4b,scena/mp8010_01.dat,It is so nice to see you all again.,36
scena/mp8010_01.dat:0x85a7e,scena/mp8010_01.dat,you will see the Nebel Valley.,31
scena/mp8010_01.dat:0x85a9d,scena/mp8010_01.dat,"If you look to your right,",27
scena/mp8010_01.dat:0x85ac7,scena/mp8010_01.dat,the Nebel Valley is shrouded in mist year round.,49
scena/mp8010_01.dat:0x85af8,scena/mp8010_01.dat,"While the fog over Rolent has cleared,",39
scena/mp8010_01.dat:0x85b2e,scena/mp8010_01.dat,you will see the Nebel Valley.,31
scena/mp8010_01.dat:0x85b4d,scena/mp8010_01.dat,"If you look to your right,",27
scena/mp8010_01.dat:0x85b77,scena/mp8010_01.dat,with the Erebonian Empire.,27
scena/mp8010_01.dat:0x85b92,scena/mp8010_01.dat,Beyond those lofty peaks lies the border,41
scena/mp8010_01.dat:0x85bca,scena/mp8010_01.dat,in the mayoral election...,27
scena/mp8010_01.dat:0x85be5,scena/mp8010_01.dat,Everyone in Ruan was caught up,31
scena/mp8010_01.dat:0x85c13,scena/mp8010_01.dat,doesn't even have a mayor.,27
scena/mp8010_01.dat:0x85c2e,scena/mp8010_01.dat,"But the City of Zeiss, where we're traveling,",46
scena/mp8010_01.dat:0x85c6b,scena/mp8010_01.dat,supervises the whole region.,29
scena/mp8010_01.dat:0x85c88,scena/mp8010_01.dat,"Instead, the head of the Central Factory",41
scena/mp8010_01.dat:0x85cc0,scena/mp8010_01.dat,the government is organized around it.,39
scena/mp8010_01.dat:0x85ce7,scena/mp8010_01.dat,It's such a factory town that even,35
scena/mp8010_01.dat:0x85d19,scena/mp8010_01.dat,without a good head for technology.,36
scena/mp8010_01.dat:0x85d3d,scena/mp8010_01.dat,"Well, no one could manage Zeiss",32
scena/mp8010_01.dat:0x85d6c,scena/mp8010_01.dat,as mayor is a pretty clever idea.,34
scena/mp8010_01.dat:0x85d8e,scena/mp8010_01.dat,I think making the factory head double,39
scena/mp8010_01.dat:0x85dc4,scena/mp8010_01.dat,the upcoming non-aggression pact.,34
scena/mp8010_01.dat:0x85de6,scena/mp8010_01.dat,"I, for one, welcome",20
scena/mp8010_01.dat:0x85e09,scena/mp8010_01.dat,feelings about the Empire...,29
scena/mp8010_01.dat:0x85e26,scena/mp8010_01.dat,Although I still have mixed,28
scena/mp8010_01.dat:0x85e51,scena/mp8010_01.dat,we put our differences aside.,30
scena/mp8010_01.dat:0x85e6f,scena/mp8010_01.dat,"Even so, it's better that",26
scena/mp8010_01.dat:0x85e98,scena/mp8010_01.dat,the upcoming non-aggression pact.,34
scena/mp8010_01.dat:0x85eba,scena/mp8010_01.dat,"I, for one, welcome",20
scena/mp8010_01.dat:0x85edd,scena/mp8010_01.dat,It wouldn't hurt to put our differences aside.,47
scena/mp8010_01.dat:0x85f1b,scena/mp8010_01.dat,will be signed by three nations.,33
scena/mp8010_01.dat:0x85f3c,scena/mp8010_01.dat,They say the non-aggression pact,33
scena/mp8010_01.dat:0x85f6c,scena/mp8010_01.dat,and Calvard together like that.,32
scena/mp8010_01.dat:0x85f8c,scena/mp8010_01.dat,Only Queen Alicia could bring Erebonia,39
scena/mp8010_01.dat:0x85fc2,scena/mp8010_01.dat,non-aggression pact will be held at Erbe Royal Villa.,54
scena/mp8010_01.dat:0x85ff8,scena/mp8010_01.dat,I've heard the signing ceremony for the,40
scena/mp8010_01.dat:0x8602f,scena/mp8010_01.dat,of Richard's coup.,19
scena/mp8010_01.dat:0x86042,scena/mp8010_01.dat,Erbe Royal Villa...that brings back memories,45
scena/mp8010_01.dat:0x8607e,scena/mp8010_01.dat,imprisoned at Leiston Fortress.,32
scena/mp8010_01.dat:0x8609e,scena/mp8010_01.dat,I've heard he's still,22
scena/mp8010_01.dat:0x860c3,scena/mp8010_01.dat,Intelligence Division have yet to be caught.,45
scena/mp8010_01.dat:0x860f0,scena/mp8010_01.dat,"However, the other officers of the former",42
scena/mp8010_01.dat:0x86129,scena/mp8010_01.dat,but it's pretty scary to think about.,38
scena/mp8010_01.dat:0x8614f,scena/mp8010_01.dat,"Everyone's forgotten about it now,",35
scena/mp8010_01.dat:0x86181,scena/mp8010_01.dat,"*Sigh* Peace is a truly fragile thing, isn't it?",49
scena/mp8010_01.dat:0x861c1,scena/mp8010_01.dat,recently. Now that's a beautiful airship.,42
scena/mp8010_01.dat:0x861eb,scena/mp8010_01.dat,"By the way, I saw the Arseille at the capital",46
scena/mp8010_01.dat:0x86228,scena/mp8010_01.dat,Hehe... Think I'll get to see it again?,40
scena/mp8010_01.dat:0x86260,scena/mp8010_01.dat,We're about to arrive at Rolent.,33
scena/mp8010_01.dat:0x86290,scena/mp8010_01.dat,so I guess we've still got a ways to go.,41
scena/mp8010_01.dat:0x862b9,scena/mp8010_01.dat,"Bose is the stop after that,",29
scena/mp8010_01.dat:0x862ff,scena/mp8010_01.dat,"Ehehe, if we meet up, I hope we get along.",43
scena/mp8010_01.dat:0x86339,scena/mp8010_01.dat,embassy as soon as we arrive at the capital.,45
scena/mp8010_01.dat:0x86366,scena/mp8010_01.dat,"Now then, I really should pay a visit to the",45
scena/mp8010_01.dat:0x863a2,scena/mp8010_01.dat,would never let me hear the end of it.,39
scena/mp8010_01.dat:0x863c9,scena/mp8010_01.dat,"If I take too long, I'm sure the ambassador",44
scena/mp8010_01.dat:0x86404,scena/mp8010_01.dat,"stern-looking woman with the glasses, right?",45
scena/mp8010_01.dat:0x86431,scena/mp8010_01.dat,The ambassador... You mean that,32
scena/mp8010_01.dat:0x86464,scena/mp8010_01.dat,"Oh, you know her?",18
scena/mp8010_01.dat:0x86486,scena/mp8010_01.dat,I just caught a glimpse of her once.,37
scena/mp8010_01.dat:0x864be,scena/mp8010_01.dat,with the Erebonian ambassador.,31
scena/mp8010_01.dat:0x864dd,scena/mp8010_01.dat,She was having a screaming match,33
scena/mp8010_01.dat:0x86512,scena/mp8010_01.dat,her disdain for the Empire.,28
scena/mp8010_01.dat:0x8652e,scena/mp8010_01.dat,Heh. I guess she hasn't lost,29
scena/mp8010_01.dat:0x8655b,scena/mp8010_01.dat,"rather level-headed, intelligent woman.",40
scena/mp8010_01.dat:0x86583,scena/mp8010_01.dat,"Under normal circumstances, she's a",36
scena/mp8010_01.dat:0x865b6,scena/mp8010_01.dat,Really? Wow.,13
scena/mp8010_01.dat:0x865d6,scena/mp8010_01.dat,embassy as soon as we arrive at the capital.,45
scena/mp8010_01.dat:0x86603,scena/mp8010_01.dat,"Now then, I really should pay a visit to the",45
scena/mp8010_01.dat:0x8663f,scena/mp8010_01.dat,would never let me hear the end of it.,39
scena/mp8010_01.dat:0x86666,scena/mp8010_01.dat,"If I take too long, I'm sure the ambassador",44
scena/mp8010_01.dat:0x866a1,scena/mp8010_01.dat,Now then...,12
scena/mp8010_01.dat:0x866bd,scena/mp8010_01.dat,"do, I think I'll take a nap.",29
scena/mp8010_01.dat:0x866da,scena/mp8010_01.dat,If there's nothing left to,27
scena/mp8010_01.dat:0x86704,scena/mp8010_01.dat,if I remember right.,21
scena/mp8010_01.dat:0x86719,scena/mp8010_01.dat,"Bose is pretty close to Erebonia,",34
scena/mp8010_01.dat:0x8674a,scena/mp8010_01.dat,Haken Gate at least once.,26
scena/mp8010_01.dat:0x86764,scena/mp8010_01.dat,I'd like to see the famous,27
scena/mp8010_01.dat:0x8678e,scena/mp8010_01.dat,wall I always hear about.,26
scena/mp8010_01.dat:0x867a8,scena/mp8010_01.dat,Wow! So that's the great,25
scena/mp8010_01.dat:0x867d0,scena/mp8010_01.dat,beyond our wildest dreams.,27
scena/mp8010_01.dat:0x867eb,scena/mp8010_01.dat,The ruins might include hidden treasures,41
scena/mp8010_01.dat:0x86823,scena/mp8010_01.dat,by those earthquakes in Zeiss.,31
scena/mp8010_01.dat:0x86842,scena/mp8010_01.dat,"Goodness, I was really surprised",33
scena/mp8010_01.dat:0x86872,scena/mp8010_01.dat,be so localized in specific areas.,35
scena/mp8010_01.dat:0x86895,scena/mp8010_01.dat,I never knew the shaking could,31
scena/mp8010_01.dat:0x868c3,scena/mp8010_01.dat,I'd never experienced anything like that.,42
scena/mp8010_01.dat:0x868ed,scena/mp8010_01.dat,"I'm getting up there in years, but",35
scena/mp8010_01.dat:0x8691f,scena/mp8010_01.dat,"now, but I still feel jumpy.",29
scena/mp8010_01.dat:0x8693c,scena/mp8010_01.dat,They announced that it's safe,30
scena/mp8010_01.dat:0x86969,scena/mp8010_01.dat,is actually the safest place to be.,36
scena/mp8010_01.dat:0x8698d,scena/mp8010_01.dat,I guess riding on an airship like this,39
scena/mp8010_01.dat:0x869c3,scena/mp8010_01.dat,Absolutely not!,16
scena/mp8010_01.dat:0x869e2,scena/mp8010_01.dat,you climbing up the railing last time.,39
scena/mp8010_01.dat:0x86a09,scena/mp8010_01.dat,"Say whatever you want, but I still remember",44
scena/mp8010_01.dat:0x86a44,scena/mp8010_01.dat,"You're staying right here, and that's final!",45
scena/mp8010_01.dat:0x86a80,scena/mp8010_01.dat,"Oh, come on, siiis!",20
scena/mp8010_01.dat:0x86aa3,scena/mp8010_01.dat,I wanna go outsiiide!,22
scena/mp8010_01.dat:0x86ac8,scena/mp8010_01.dat,"I promise I'll be good, okay? Please!",38
scena/mp8010_01.dat:0x86afd,scena/mp8010_01.dat,Edel Department Store is the place to be.,42
scena/mp8010_01.dat:0x86b27,scena/mp8010_01.dat,"If you're going shopping in the capital,",41
scena/mp8010_01.dat:0x86b5f,scena/mp8010_01.dat,but they have a lot of high-quality products.,46
scena/mp8010_01.dat:0x86b8d,scena/mp8010_01.dat,"It's smaller than Bose Market,",31
scena/mp8010_01.dat:0x86bbb,scena/mp8010_01.dat,time and mira to go shopping...,32
scena/mp8010_01.dat:0x86bdb,scena/mp8010_01.dat,"Oh, the things I'd do for a little",35
scena/mp8010_01.dat:0x86c0d,scena/mp8010_01.dat,lot of high-quality products.,30
scena/mp8010_01.dat:0x86c2b,scena/mp8010_01.dat,Edel Department Store has a,28
scena/mp8010_01.dat:0x86c56,scena/mp8010_01.dat,its own trends these days.,27
scena/mp8010_01.dat:0x86c71,scena/mp8010_01.dat,I hear that store even starts,30
scena/mp8010_01.dat:0x86c9e,scena/mp8010_01.dat,home of Queen Alicia herself.,30
scena/mp8010_01.dat:0x86cbc,scena/mp8010_01.dat,"Hmm... Next up is the glamorous city of Grancel,",49
scena/mp8010_01.dat:0x86cfc,scena/mp8010_01.dat,but I can't help but remember the coup.,40
scena/mp8010_01.dat:0x86d24,scena/mp8010_01.dat,"I wish I could say I was excited,",34
scena/mp8010_01.dat:0x86d55,scena/mp8010_01.dat,Something like that must never happen again.,45
scena/mp8010_01.dat:0x86d91,scena/mp8010_01.dat,conspirators have yet to be captured.,38
scena/mp8010_01.dat:0x86db7,scena/mp8010_01.dat,I've heard that some of the coup,33
scena/mp8010_01.dat:0x86de7,scena/mp8010_01.dat,Perhaps they've already fled the kingdom.,42
scena/mp8010_01.dat:0x86e20,scena/mp8010_01.dat,election will take place soon.,31
scena/mp8010_01.dat:0x86e3f,scena/mp8010_01.dat,"...That reminds me, Ruan's mayoral",35
scena/mp8010_01.dat:0x86e71,scena/mp8010_01.dat,"tourism, and Portos, who represents the port.",46
scena/mp8010_01.dat:0x86e9f,scena/mp8010_01.dat,"The candidates are Norman, who wants to promote",48
scena/mp8010_01.dat:0x86ede,scena/mp8010_01.dat,I wonder who's gonna win.,26
scena/mp8010_01.dat:0x86f07,scena/mp8010_01.dat,but I'm still quite interested.,32
scena/mp8010_01.dat:0x86f27,scena/mp8010_01.dat,"I may not be from Ruan,",24
scena/mp8010_01.dat:0x86f4e,scena/mp8010_01.dat,about a ghost appearing in Ruan...,35
scena/mp8010_01.dat:0x86f71,scena/mp8010_01.dat,"Actually, I've also heard weird rumors",39
scena/mp8010_01.dat:0x86fa7,scena/mp8010_01.dat,I wonder how that turned out.,30
scena/mp8010_01.dat:0x86fd4,scena/mp8010_01.dat,for the non-aggression pact...,31
scena/mp8010_01.dat:0x86ff3,scena/mp8010_01.dat,About the signing ceremony,27
scena/mp8010_01.dat:0x8701d,scena/mp8010_01.dat,to visit Erbe Royal Villa on that day.,39
scena/mp8010_01.dat:0x87044,scena/mp8010_01.dat,I've heard that civilians won't be allowed,43
scena/mp8010_01.dat:0x8707e,scena/mp8010_01.dat,I guess I can't blame them for being cautious.,47
scena/mp8010_01.dat:0x870ad,scena/mp8010_01.dat,"But after the coup attempt,",28
scena/mp8010_01.dat:0x870d8,scena/mp8010_01.dat,the moment the pact is signed.,31
scena/mp8010_01.dat:0x870f7,scena/mp8010_01.dat,I would have loved to witness,30
scena/mp8010_01.dat:0x87124,scena/mp8010_01.dat,to visit Erbe Royal Villa on that day.,39
scena/mp8010_01.dat:0x8714b,scena/mp8010_01.dat,I've heard that civilians won't be allowed,43
scena/mp8010_01.dat:0x87185,scena/mp8010_01.dat,the moment the pact is signed.,31
scena/mp8010_01.dat:0x871a4,scena/mp8010_01.dat,I would have loved to witness,30
scena/mp8010_01.dat:0x871d1,scena/mp8010_01.dat,ceremony should be arriving in Grancel soon.,45
scena/mp8010_01.dat:0x871fe,scena/mp8010_01.dat,The foreign officials attending the signing,44
scena/mp8010_01.dat:0x87239,scena/mp8010_01.dat,I just hope everything goes smoothly...,40
scena/mp8010_01.dat:0x87271,scena/mp8010_01.dat,"Hehe. Still, it'll be nice to visit Bose again.",48
scena/mp8010_01.dat:0x872b1,scena/mp8010_01.dat,shopping at the market there with Jill.,40
scena/mp8010_01.dat:0x872d9,scena/mp8010_01.dat,I don't think I've been since I went,37
scena/mp8010_01.dat:0x87326,scena/mp8010_01.dat,wife for Rinon in the capital.,31
scena/mp8010_01.dat:0x87345,scena/mp8010_01.dat,"In the end, I couldn't find a",30
scena/mp8010_01.dat:0x87372,scena/mp8010_01.dat,lady to talk to on the flight home.,36
scena/mp8010_01.dat:0x87396,scena/mp8010_01.dat,But at least I did find a nice young,37
scena/mp8010_01.dat:0x873ca,scena/mp8010_01.dat,"I bet Rinon would have liked her, too.",39
scena/mp8010_01.dat:0x87400,scena/mp8010_01.dat,"Unfortunately, she seems to be heading to Bose.",48
scena/mp8010_01.dat:0x8743f,scena/mp8010_01.dat,"I bet Rinon would have liked her, too...",41
scena/mp8010_01.dat:0x87477,scena/mp8010_01.dat,This old woman said she runs a store in Rolent.,48
scena/mp8010_01.dat:0x874b6,scena/mp8010_01.dat,"in the capital, we had a lot to talk about...",46
scena/mp8010_01.dat:0x874e4,scena/mp8010_01.dat,Since I work at the department store,37
scena/mp8010_01.dat:0x87518,scena/mp8010_01.dat,I think owning your own store sounds wonderful.,48
scena/mp8010_01.dat:0x87557,scena/mp8010_01.dat,even if it's just a small shop.,32
scena/mp8010_01.dat:0x87577,scena/mp8010_01.dat,"I hope I can do the same one day,",34
scena/mp8010_01.dat:0x875a8,scena/mp8010_01.dat,I'd like to see the old woman's shop for myself.,49
scena/mp8010_01.dat:0x875e8,scena/mp8010_01.dat,some time off to visit Bose.,29
scena/mp8010_01.dat:0x87605,scena/mp8010_01.dat,"But right now, I'm taking",26
scena/mp8010_01.dat:0x8762e,scena/mp8010_01.dat,like her. What a shame...,26
scena/mp8010_01.dat:0x87648,scena/mp8010_01.dat,I don't often meet people,26
scena/mp8010_01.dat:0x87671,scena/mp8010_01.dat,is when you see it from an airship.,36
scena/mp8010_01.dat:0x87695,scena/mp8010_01.dat,"Man, you can tell how vast Mistwald",36
scena/mp8010_01.dat:0x876c8,scena/mp8010_01.dat,the Rolent region is by nature.,32
scena/mp8010_01.dat:0x876e8,scena/mp8010_01.dat,One look will tell you how blessed,35
scena/mp8010_01.dat:0x8771a,scena/mp8010_01.dat,I wish I could gaze at it forever.,35
scena/mp8010_01.dat:0x8774c,scena/mp8010_01.dat,"magnificent sight, of course...",32
scena/mp8010_01.dat:0x8776c,scena/mp8010_01.dat,Wow! Mistwald is a,19
scena/mp8010_01.dat:0x8778e,scena/mp8010_01.dat,"is easy on the eyes, too.",26
scena/mp8010_01.dat:0x877a8,scena/mp8010_01.dat,But that female cabin attendant,32
scena/mp8010_01.dat:0x877d7,scena/mp8010_01.dat,Now I really don't want to get off the ship.,45
scena/mp8010_01.dat:0x87813,scena/mp8010_01.dat,"good spots for fishing, too.",29
scena/mp8010_01.dat:0x87830,scena/mp8010_01.dat,I've heard Rolent has some,27
scena/mp8010_01.dat:0x8785a,scena/mp8010_01.dat,they're real hidden gems.,26
scena/mp8010_01.dat:0x87874,scena/mp8010_01.dat,"Since the area isn't famous,",29
scena/mp8010_01.dat:0x878a0,scena/mp8010_01.dat,out before they end up in some guidebook.,42
scena/mp8010_01.dat:0x878ca,scena/mp8010_01.dat,Hmm... I'd like to go and try them,35
scena/mp8010_01.dat:0x878fc,scena/mp8010_01.dat,"good spots for fishing, too.",29
scena/mp8010_01.dat:0x87919,scena/mp8010_01.dat,I've heard Rolent has some,27
scena/mp8010_01.dat:0x87943,scena/mp8010_01.dat,they're real hidden gems.,26
scena/mp8010_01.dat:0x8795d,scena/mp8010_01.dat,"Since the area isn't famous,",29
scena/mp8010_01.dat:0x87989,scena/mp8010_01.dat,"So the next stop is Rolent, eh...?",35
scena/mp8010_01.dat:0x879bb,scena/mp8010_01.dat,"but I'd like to visit a farm there, someday.",45
scena/mp8010_01.dat:0x879e8,scena/mp8010_01.dat,"I won't have a chance this time,",33
scena/mp8010_01.dat:0x87a18,scena/mp8010_01.dat,perfect place to refine one's sense of beauty.,47
scena/mp8010_01.dat:0x87a47,scena/mp8010_01.dat,Scrumptious food and clean air... It's the,43
scena/mp8010_01.dat:0x87a81,scena/mp8010_01.dat,"fish, too. Maybe I'll invite him.",34
scena/mp8010_01.dat:0x87aa3,scena/mp8010_01.dat,Hehe. My boyfriend likes to,28
scena/mp8010_01.dat:0x87ace,scena/mp8010_01.dat,where I'll want plenty of time to explore.,43
scena/mp8010_01.dat:0x87af9,scena/mp8010_01.dat,The Rolent region is one of those places,41
scena/mp8010_01.dat:0x87b31,scena/mp8010_01.dat,environment for refining one's sense of beauty.,48
scena/mp8010_01.dat:0x87b61,scena/mp8010_01.dat,Scrumptious food and clean air... It's a perfect,49
scena/mp8010_01.dat:0x87ba1,scena/mp8010_01.dat,will finally take place tomorrow.,34
scena/mp8010_01.dat:0x87bc3,scena/mp8010_01.dat,The non-aggression pact signing ceremony,41
scena/mp8010_01.dat:0x87bfb,scena/mp8010_01.dat,the end of the Hundred Days War...,35
scena/mp8010_01.dat:0x87c1e,scena/mp8010_01.dat,It's already been ten years since,34
scena/mp8010_01.dat:0x87c4f,scena/mp8010_01.dat,mend our ties with Erebonia.,29
scena/mp8010_01.dat:0x87c6c,scena/mp8010_01.dat,I guess it's high time that we,31
scena/mp8010_01.dat:0x87c9a,scena/mp8010_01.dat,would have been unimaginable.,30
scena/mp8010_01.dat:0x87cb8,scena/mp8010_01.dat,"Not so long ago, a treaty with the Empire",42
scena/mp8010_01.dat:0x87cf1,scena/mp8010_01.dat,"But now, it's really happening.",32
scena/mp8010_01.dat:0x87d20,scena/mp8010_01.dat,persistent diplomatic efforts.,31
scena/mp8010_01.dat:0x87d3f,scena/mp8010_01.dat,It's a credit to Queen Alicia's,32
scena/mp8010_01.dat:0x87d6e,scena/mp8010_01.dat,the Empire has truly arrived.,30
scena/mp8010_01.dat:0x87d8c,scena/mp8010_01.dat,The time for peace with,24
scena/mp8010_01.dat:0x87db3,scena/mp8010_01.dat,have gone by in a flash.,25
scena/mp8010_01.dat:0x87dcc,scena/mp8010_01.dat,"Looking back, these ten years",30
scena/mp8010_01.dat:0x87df9,scena/mp8010_01.dat,to buy some supplies for my wife.,34
scena/mp8010_01.dat:0x87e1b,scena/mp8010_01.dat,I have to go to Bose Market later,34
scena/mp8010_01.dat:0x87e4c,scena/mp8010_01.dat,"and has a big mouth, too.",26
scena/mp8010_01.dat:0x87e66,scena/mp8010_01.dat,She's a real slave driver,26
scena/mp8010_01.dat:0x87e8f,scena/mp8010_01.dat,quickly so I can hurry back home.,34
scena/mp8010_01.dat:0x87eb1,scena/mp8010_01.dat,I'll just have to finish,25
scena/mp8010_01.dat:0x87ed9,scena/mp8010_01.dat,"and she has a big mouth, too.",30
scena/mp8010_01.dat:0x87ef7,scena/mp8010_01.dat,"My wife is a real slave driver,",32
scena/mp8010_01.dat:0x87f26,scena/mp8010_01.dat,to buy things for my dad!,26
scena/mp8010_01.dat:0x87f40,scena/mp8010_01.dat,Hehe. I'm going to Bose Market,31
scena/mp8010_01.dat:0x87f99,scena/mp8010_01.dat,"Seriously, that fog was awful, wasn't it?",42
scena/mp8010_01.dat:0x87fd2,scena/mp8010_01.dat,as quickly as it came...,25
scena/mp8010_01.dat:0x87feb,scena/mp8010_01.dat,And then it just vanished,26
scena/mp8010_01.dat:0x88014,scena/mp8010_01.dat,I had never seen weather that strange before.,46
scena/mp8010_01.dat:0x88051,scena/mp8010_01.dat,non-aggression pact went off without a hitch.,46
scena/mp8010_01.dat:0x8807f,scena/mp8010_01.dat,It seems the signing ceremony for the,38
scena/mp8010_01.dat:0x880b4,scena/mp8010_01.dat,better relations between the three countries.,46
scena/mp8010_01.dat:0x880e2,scena/mp8010_01.dat,Hmm... I hope this marks the start of,38
scena/mp8010_01.dat:0x88117,scena/mp8010_01.dat,There's a famous restaurant in Bose.,37
scena/mp8010_01.dat:0x8814b,scena/mp8010_01.dat,I know all about this stuff!,29
scena/mp8010_01.dat:0x88177,scena/mp8010_01.dat,"Hey Mom, we gotta eat there, okay?",35
scena/mp8010_01.dat:0x881a9,scena/mp8010_01.dat,What am I gonna do with this kid...,36
scena/mp8010_01.dat:0x881dc,scena/mp8010_01.dat,She keeps saying she wants to eat at Anterose.,47
scena/mp8010_01.dat:0x88251,scena/mp8010_01.dat,saying she wants to eat at Anterose.,37
scena/mp8010_01.dat:0x88276,scena/mp8010_01.dat,My child is a handful... She keeps,35
scena/mp8010_01.dat:0x882d9,scena/mp8010_01.dat,"Things in Bose are peaceful, these days.",41
scena/mp8010_01.dat:0x88311,scena/mp8010_01.dat,"stories in the Liberl News, either.",36
scena/mp8010_01.dat:0x88335,scena/mp8010_01.dat,There haven't been any dramatic,32
scena/mp8010_01.dat:0x88364,scena/mp8010_01.dat,Hehe. Nothing could make me happier.,37
scena/mp8010_01.dat:0x88398,scena/mp8010_01.dat,"Things in Bose are peaceful, these days.",41
scena/mp8010_01.dat:0x883d0,scena/mp8010_01.dat,"is really buzzing, though.",27
scena/mp8010_01.dat:0x883eb,scena/mp8010_01.dat,"Heh, I'll bet Bose Market",26
scena/mp8010_01.dat:0x88414,scena/mp8010_01.dat,Every woman dreams of going there.,35
scena/mp8010_01.dat:0x88437,scena/mp8010_01.dat,Bose Market is heaven for shoppers...,38
scena/mp8010_01.dat:0x8846c,scena/mp8010_01.dat,Edel Department Store is a secret fan.,39
scena/mp8010_01.dat:0x88493,scena/mp8010_01.dat,Rumor has it that even the owner of,36
scena/mp8010_01.dat:0x884c6,scena/mp8010_01.dat,"Store is a secret fan, too.",28
scena/mp8010_01.dat:0x884e2,scena/mp8010_01.dat,I heard the owner of Edel Department,37
scena/mp8010_01.dat:0x88516,scena/mp8010_01.dat,the owner's pilgrimage diary.,30
scena/mp8010_01.dat:0x88534,scena/mp8010_01.dat,They say it was written in,27
scena/mp8010_01.dat:0x8855e,scena/mp8010_01.dat,I've heard there's a good inn at Valleria Shore.,49
scena/mp8010_01.dat:0x8859e,scena/mp8010_01.dat,fishing enthusiasts these days.,32
scena/mp8010_01.dat:0x885be,scena/mp8010_01.dat,They say it's quite popular with,33
scena/mp8010_01.dat:0x885ee,scena/mp8010_01.dat,soldiers that guards Haken Gate...,35
scena/mp8010_01.dat:0x88611,scena/mp8010_01.dat,A friend of mine is one of the,31
scena/mp8010_01.dat:0x8863f,scena/mp8010_01.dat,Empire really weighs on them.,30
scena/mp8010_01.dat:0x8865d,scena/mp8010_01.dat,It seems the presence of the,29
scena/mp8010_01.dat:0x88689,scena/mp8010_01.dat,of all about the non-aggression pact.,38
scena/mp8010_01.dat:0x886af,scena/mp8010_01.dat,The soldiers just might be the happiest,40
scena/mp8010_01.dat:0x886e6,scena/mp8010_01.dat,really weighs on the soldiers.,31
scena/mp8010_01.dat:0x88705,scena/mp8010_01.dat,The presence of the Empire,27
scena/mp8010_01.dat:0x8872f,scena/mp8010_01.dat,of all about the non-aggression pact.,38
scena/mp8010_01.dat:0x88755,scena/mp8010_01.dat,The soldiers just might be the happiest,40
scena/mp8010_01.dat:0x8884f,scena/mp8010_01.dat,"So, uh... Kevin, was it?",25
scena/mp8010_01.dat:0x88885,scena/mp8010_01.dat,Sorry I turned into a whimpering mess back there.,50
scena/mp8010_01.dat:0x888d8,scena/mp8010_01.dat,to cry on when ol' Kevin's here.,33
scena/mp8010_01.dat:0x888f9,scena/mp8010_01.dat,"Hey, no prob. You'll always have a shoulder",44
scena/mp8010_01.dat:0x88949,scena/mp8010_01.dat,"Well? Feeling better, I hope?",30
scena/mp8010_01.dat:0x8899a,scena/mp8010_01.dat,"I'm Estelle, by the way. Estelle Bright.",41
scena/mp8010_01.dat:0x889d2,scena/mp8010_01.dat,"I'm also a bracer, guild-licensed and all.",43
scena/mp8010_01.dat:0x88a25,scena/mp8010_01.dat,"Estelle, huh? A fine name for a cute girl like you.",52
scena/mp8010_01.dat:0x88aa9,scena/mp8010_01.dat,Wait... You're a bracer?,25
scena/mp8010_01.dat:0x88aee,scena/mp8010_01.dat,"Yep, believe it or not.",24
scena/mp8010_01.dat:0x88b29,scena/mp8010_01.dat,"that way after a display like that, huh?",41
scena/mp8010_01.dat:0x88b52,scena/mp8010_01.dat,Hehe. I get it. Kind of hard to see me,39
scena/mp8010_01.dat:0x88ba6,scena/mp8010_01.dat,"Now that you mention it, you do look the part.",47
scena/mp8010_01.dat:0x88bd5,scena/mp8010_01.dat,"Nah, don't be so hard on yourself.",35
scena/mp8010_01.dat:0x88c16,scena/mp8010_01.dat,I take it you know your way around a fight?,44
scena/mp8010_01.dat:0x88c56,scena/mp8010_01.dat,I'm not bad with a staff.,26
scena/mp8010_01.dat:0x88c8d,scena/mp8010_01.dat,Are you really a priest?,25
scena/mp8010_01.dat:0x88ca6,scena/mp8010_01.dat,"But what about you, Kevin?",27
scena/mp8010_01.dat:0x88cd0,scena/mp8010_01.dat,I can't say YOU look the part.,31
scena/mp8010_01.dat:0x88d0c,scena/mp8010_01.dat,Sheesh. If words could kill...,31
scena/mp8010_01.dat:0x88d5e,scena/mp8010_01.dat,a bit different from most men of the cloth.,44
scena/mp8010_01.dat:0x88d8a,scena/mp8010_01.dat,"I'm a wandering priest, which makes me",39
scena/mp8010_01.dat:0x88dc6,scena/mp8010_01.dat,A wandering priest?,20
scena/mp8010_01.dat:0x88e03,scena/mp8010_01.dat,Not all villages are blessed with a church.,44
scena/mp8010_01.dat:0x88e43,scena/mp8010_01.dat,like worship and Sunday School.,32
scena/mp8010_01.dat:0x88e63,scena/mp8010_01.dat,I visit those places and help 'em with stuff,45
scena/mp8010_01.dat:0x88e9f,scena/mp8010_01.dat,"...In short, I'm a mobile church service.",42
scena/mp8010_01.dat:0x88ed9,scena/mp8010_01.dat,Interesting. I didn't know priests like that existed.,54
scena/mp8010_01.dat:0x88f33,scena/mp8010_01.dat,when it comes to dress code.,29
scena/mp8010_01.dat:0x88f50,scena/mp8010_01.dat,Us traveling types tend to get a tad lax,41
scena/mp8010_01.dat:0x88f88,scena/mp8010_01.dat,"As you can see, that also includes me.",39
scena/mp8010_01.dat:0x88fcf,scena/mp8010_01.dat,"Well, whatever floats your holy boat.",38
scena/mp8010_01.dat:0x89025,scena/mp8010_01.dat,needed today?,14
scena/mp8010_01.dat:0x89033,scena/mp8010_01.dat,"So Kevin, where is your priestly presence",42
scena/mp8010_01.dat:0x8907b,scena/mp8010_01.dat,I only just arrived in Liberl.,31
scena/mp8010_01.dat:0x8909a,scena/mp8010_01.dat,"Oh, funny you ask. Here, actually.",35
scena/mp8010_01.dat:0x890dc,scena/mp8010_01.dat,"Not enough wandering priests, apparently.",42
scena/mp8010_01.dat:0x89106,scena/mp8010_01.dat,I'm here on orders from the High Seat.,39
scena/mp8010_01.dat:0x89150,scena/mp8010_01.dat,"Oh, okay.",10
scena/mp8010_01.dat:0x8916e,scena/mp8010_01.dat,Septian 'High Seat' anyway?,28
scena/mp8010_01.dat:0x8918a,scena/mp8010_01.dat,"Come to think of it, where is this",35
scena/mp8010_01.dat:0x891bc,scena/mp8010_01.dat,Way up yonder in central Zemuria.,34
scena/mp8010_01.dat:0x891de,scena/mp8010_01.dat,The Holy City of Arteria.,26
scena/mp8010_01.dat:0x89219,scena/mp8010_01.dat,sightseein' wouldn't hurt.,27
scena/mp8010_01.dat:0x89234,scena/mp8010_01.dat,"Grancel Cathedral. But first, I figured a little",49
scena/mp8010_01.dat:0x89265,scena/mp8010_01.dat,I'm expected to report in to the archbishop at,47
scena/mp8010_01.dat:0x892aa,scena/mp8010_01.dat,Which is why I'm on this airship.,34
scena/mp8010_01.dat:0x892ed,scena/mp8010_01.dat,"Sightseeing on the clock, huh?",31
scena/mp8010_01.dat:0x8932c,scena/mp8010_01.dat,I thought you took the priesthood seriously.,45
scena/mp8010_01.dat:0x8937b,scena/mp8010_01.dat,set to receive my services.,28
scena/mp8010_01.dat:0x89397,scena/mp8010_01.dat,I do. I'm scoping out the places,33
scena/mp8010_01.dat:0x893c8,scena/mp8010_01.dat,A beautiful girl in need of assistance.,40
scena/mp8010_01.dat:0x893f0,scena/mp8010_01.dat,"It's called initiative. Plus, I met you, right?",48
scena/mp8010_01.dat:0x89442,scena/mp8010_01.dat,"Heck, if that's not divine will, what is?",42
scena/mp8010_01.dat:0x8948e,scena/mp8010_01.dat,Are you ever actually serious?,31
scena/mp8010_01.dat:0x894bd,scena/mp8010_01.dat,I needed to let that all out.,30
scena/mp8010_01.dat:0x894db,scena/mp8010_01.dat,"But still, thank you.",22
scena/mp8010_01.dat:0x89529,scena/mp8010_01.dat,I've gotta believe in Joshua.,30
scena/mp8010_01.dat:0x89547,scena/mp8010_01.dat,I wasn't myself.,17
scena/mp8010_01.dat:0x89572,scena/mp8010_01.dat,Come again?,12
scena/mp8010_01.dat:0x895b2,scena/mp8010_01.dat,More like my brother...of sorts.,33
scena/mp8010_01.dat:0x895d3,scena/mp8010_01.dat,"Oh, Joshua's this boy.",23
scena/mp8010_01.dat:0x895f9,scena/mp8010_01.dat,I was really shocked...,24
scena/mp8010_01.dat:0x89611,scena/mp8010_01.dat,He vanished all of a sudden.,29
scena/mp8010_01.dat:0x8964d,scena/mp8010_01.dat,"All of a sudden, huh?",22
scena/mp8010_01.dat:0x89677,scena/mp8010_01.dat,"As in, he ran away from home?",30
scena/mp8010_01.dat:0x896a4,scena/mp8010_01.dat,"No, no. The opposite. He went home ahead of me.",48
scena/mp8010_01.dat:0x896f3,scena/mp8010_01.dat,He wouldn't just go away. Not forever.,39
scena/mp8010_01.dat:0x8971a,scena/mp8010_01.dat,"After all, we're family.",25
scena/mp8010_01.dat:0x897ad,scena/mp8010_01.dat,a worse time to tell him how I feel.,37
scena/mp8010_01.dat:0x897d2,scena/mp8010_01.dat,"Even so, I couldn't have picked",32
scena/mp8010_01.dat:0x89802,scena/mp8010_01.dat,when I get back home...,24
scena/mp8010_01.dat:0x8981a,scena/mp8010_01.dat,Gonna have to play it off somehow,34
scena/mp8010_01.dat:0x89882,scena/mp8010_01.dat,"Hey, Estelle?",14
scena/mp8010_01.dat:0x898bf,scena/mp8010_01.dat,Never mind...,14
scena/mp8010_01.dat:0x89965,scena/mp8010_01.dat,My schedule's wide open.,25
scena/mp8010_01.dat:0x8997e,scena/mp8010_01.dat,"Ahem. Like I said, I'm here to sightsee.",41
scena/mp8010_01.dat:0x899bb,scena/mp8010_01.dat,and I personally escort you back home?,39
scena/mp8010_01.dat:0x899e2,scena/mp8010_01.dat,How 'bout we both get off at Rolent,36
scena/mp8010_01.dat:0x89a85,scena/mp8010_01.dat,"Still wandering around the ship, huh?",38
scena/mp8010_01.dat:0x89aab,scena/mp8010_01.dat,"Hey, Estelle.",14
scena/mp8010_01.dat:0x89ac8,scena/mp8010_01.dat,"Yeah, I am.",12
scena/mp8010_01.dat:0x89ae7,scena/mp8010_01.dat,"airship before, so it's all pretty exciting.",45
scena/mp8010_01.dat:0x89b14,scena/mp8010_01.dat,I've hardly ever gotten a chance to ride an,44
scena/mp8010_01.dat:0x89b53,scena/mp8010_01.dat,so I've been on my fair share.,31
scena/mp8010_01.dat:0x89b72,scena/mp8010_01.dat,"Senior bracers travel a lot,",29
scena/mp8010_01.dat:0x89b9f,scena/mp8010_01.dat,many selge as most traders.,28
scena/mp8010_01.dat:0x89bbb,scena/mp8010_01.dat,I've probably flown as,23
scena/mp8010_01.dat:0x89be1,scena/mp8010_01.dat,"Yeah, Dad was always going some place or other.",48
scena/mp8010_01.dat:0x89c25,scena/mp8010_01.dat,Wonder what he's up to now...,30
scena/mp8010_01.dat:0x89c64,scena/mp8010_01.dat,came with all the work he can handle.,38
scena/mp8010_01.dat:0x89c8a,scena/mp8010_01.dat,I bet the position the army gave him,37
scena/mp8010_01.dat:0x89ccf,scena/mp8010_01.dat,playin' it so casual on the job.,33
scena/mp8010_01.dat:0x89cf0,scena/mp8010_01.dat,"Heh, serves him right for always",33
scena/mp8010_01.dat:0x89d31,scena/mp8010_01.dat,imagine him being that busy...,31
scena/mp8010_01.dat:0x89d50,scena/mp8010_01.dat,"Hmm, yeah... I can't really",28
scena/mp8010_01.dat:0x89d89,scena/mp8010_01.dat,"pretty highly of my dad, right?",32
scena/mp8010_01.dat:0x89da9,scena/mp8010_01.dat,"But Agate, you actually think",30
scena/mp8010_01.dat:0x89de2,scena/mp8010_01.dat,such mean things about him?,28
scena/mp8010_01.dat:0x89dfe,scena/mp8010_01.dat,So why do you always say,25
scena/mp8010_01.dat:0x89e26,scena/mp8010_01.dat,"for the hell of it, you know.",30
scena/mp8010_01.dat:0x89e44,scena/mp8010_01.dat,I ain't raggin' on him just,28
scena/mp8010_01.dat:0x89e89,scena/mp8010_01.dat,"If anyone's rude, it's your old man.",37
scena/mp8010_01.dat:0x89eae,scena/mp8010_01.dat,Let's be real here.,20
scena/mp8010_01.dat:0x89ed2,scena/mp8010_01.dat,"this, 'atta boy' that, like I'm some damn kid...",49
scena/mp8010_01.dat:0x89f03,scena/mp8010_01.dat,"Every time he sees me, it's always 'good work'",47
scena/mp8010_01.dat:0x89f42,scena/mp8010_01.dat,He does like to tease.,23
scena/mp8010_01.dat:0x89f59,scena/mp8010_01.dat,"Hmm, yeah, you're not wrong there.",35
scena/mp8010_01.dat:0x89f90,scena/mp8010_01.dat,him always running his mouth...,32
scena/mp8010_01.dat:0x89fb0,scena/mp8010_01.dat,"Well, I guess I'm just used to",31
scena/mp8010_01.dat:0x89ff5,scena/mp8010_01.dat,You're lucky you were born a girl.,35
scena/mp8010_01.dat:0x8a04e,scena/mp8010_01.dat,your rebellious phase right about now.,39
scena/mp8010_01.dat:0x8a075,scena/mp8010_01.dat,"If you were a boy, you'd be hitting",36
scena/mp8010_01.dat:0x8a0bd,scena/mp8010_01.dat,Y-You think?,13
scena/mp8010_01.dat:0x8a0f2,scena/mp8010_01.dat,to figure out how to get out from under it.,44
scena/mp8010_01.dat:0x8a11e,scena/mp8010_01.dat,Dads cast a long shadow. It's a boy's job,42
scena/mp8010_01.dat:0x8a167,scena/mp8010_01.dat,"any kid feel small, no matter what he does.",44
scena/mp8010_01.dat:0x8a193,scena/mp8010_01.dat,And your dad's shadow is so long it'd make,43
scena/mp8010_01.dat:0x8a1cd,scena/mp8010_01.dat,"Hmm... Sorry, I don't really get it.",37
scena/mp8010_01.dat:0x8a202,scena/mp8010_01.dat,that he makes YOU feel small?,30
scena/mp8010_01.dat:0x8a220,scena/mp8010_01.dat,"So, Agate, are you saying",26
scena/mp8010_01.dat:0x8a28b,scena/mp8010_01.dat,"Oh, did I hit the mark?",24
scena/mp8010_01.dat:0x8a2c4,scena/mp8010_01.dat,...Shut up! You're just like him.,34
scena/mp8010_01.dat:0x8a306,scena/mp8010_01.dat,"Hey, Estelle. Are you exploring the ship?",42
scena/mp8010_01.dat:0x8a33f,scena/mp8010_01.dat,"Yeah, I am.",12
scena/mp8010_01.dat:0x8a35e,scena/mp8010_01.dat,"airship before, so it's all pretty exciting.",45
scena/mp8010_01.dat:0x8a38b,scena/mp8010_01.dat,I've hardly ever gotten a chance to ride an,44
scena/mp8010_01.dat:0x8a3ca,scena/mp8010_01.dat,"bracer, I'd get butterflies just stepping aboard.",50
scena/mp8010_01.dat:0x8a3fc,scena/mp8010_01.dat,"Yeah, when I first started riding airships as a",48
scena/mp8010_01.dat:0x8a43c,scena/mp8010_01.dat,of my previous journeys were by air.,37
scena/mp8010_01.dat:0x8a461,scena/mp8010_01.dat,I guess it makes sense since none,34
scena/mp8010_01.dat:0x8a492,scena/mp8010_01.dat,"a traveling troupe, right?",27
scena/mp8010_01.dat:0x8a4ad,scena/mp8010_01.dat,"Oh yeah, you were part of",26
scena/mp8010_01.dat:0x8a4d7,scena/mp8010_01.dat,orbal-powered carriage or something?,37
scena/mp8010_01.dat:0x8a4fc,scena/mp8010_01.dat,Did you ride around in an,26
scena/mp8010_01.dat:0x8a525,scena/mp8010_01.dat,"were horse-drawn, actually.",28
scena/mp8010_01.dat:0x8a541,scena/mp8010_01.dat,"Hehe, if only. Our carriages",29
scena/mp8010_01.dat:0x8a573,scena/mp8010_01.dat,have a secondhand orbal vehicle.,33
scena/mp8010_01.dat:0x8a594,scena/mp8010_01.dat,"Although, our ringmaster did",29
scena/mp8010_01.dat:0x8a5c5,scena/mp8010_01.dat,"Wow, that's interesting...",27
scena/mp8010_01.dat:0x8a5ef,scena/mp8010_01.dat,covered wagons roll into town with your troupe.,48
scena/mp8010_01.dat:0x8a61f,scena/mp8010_01.dat,"You know, I have a faint memory of seeing some",47
scena/mp8010_01.dat:0x8a67d,scena/mp8010_01.dat,"Wow, I'm surprised you remember that.",38
scena/mp8010_01.dat:0x8a6b3,scena/mp8010_01.dat,widespread outside of Liberl yet.,34
scena/mp8010_01.dat:0x8a6d5,scena/mp8010_01.dat,Airships haven't really become,31
scena/mp8010_01.dat:0x8a711,scena/mp8010_01.dat,to see people use orbal vehicles.,34
scena/mp8010_01.dat:0x8a733,scena/mp8010_01.dat,But these days it's pretty common,34
scena/mp8010_01.dat:0x8a765,scena/mp8010_01.dat,connecting the main cities in Erebonia.,40
scena/mp8010_01.dat:0x8a78d,scena/mp8010_01.dat,There's even an orbal railway,30
scena/mp8010_01.dat:0x8a7bb,scena/mp8010_01.dat,orbal buses roam the streets.,30
scena/mp8010_01.dat:0x8a7d9,scena/mp8010_01.dat,"And in the Calvard Republic next door,",39
scena/mp8010_01.dat:0x8a84c,scena/mp8010_01.dat,What in the world is a bus?,28
scena/mp8010_01.dat:0x8a888,scena/mp8010_01.dat,A big vehicle that carries many passengers.,44
scena/mp8010_01.dat:0x8a8c3,scena/mp8010_01.dat,fare and get taken from town to town.,38
scena/mp8010_01.dat:0x8a902,scena/mp8010_01.dat, people pay a,14
scena/mp8010_01.dat:0x8a920,scena/mp8010_01.dat,relaxed pace is part of their charm.,37
scena/mp8010_01.dat:0x8a945,scena/mp8010_01.dat,"They may not be fast, but their",32
scena/mp8010_01.dat:0x8a985,scena/mp8010_01.dat,Wow... I'd like to ride one some day.,38
scena/mp8010_01.dat:0x8a9bf,scena/mp8010_01.dat,"you've been to Calvard before, haven't you?",44
scena/mp8010_01.dat:0x8a9eb,scena/mp8010_01.dat,"That reminds me, Schera,",25
scena/mp8010_01.dat:0x8aa19,scena/mp8010_01.dat,but I was wondering why you were there.,40
scena/mp8010_01.dat:0x8aa41,scena/mp8010_01.dat,"I heard that's where you met Zin,",34
scena/mp8010_01.dat:0x8aa77,scena/mp8010_01.dat,On a job for Master Cassius.,29
scena/mp8010_01.dat:0x8aaa4,scena/mp8010_01.dat,to a town of Easterners in Calvard.,36
scena/mp8010_01.dat:0x8aac8,scena/mp8010_01.dat,I was delivering a letter on his behalf,40
scena/mp8010_01.dat:0x8aaff,scena/mp8010_01.dat,And that's where I met Zin.,28
scena/mp8010_01.dat:0x8ab3a,scena/mp8010_01.dat,I see...,9
scena/mp8010_01.dat:0x8ab52,scena/mp8010_01.dat,I wonder what that must be like.,33
scena/mp8010_01.dat:0x8ab73,scena/mp8010_01.dat,A town of Easterners...,24
scena/mp8010_01.dat:0x8aba3,scena/mp8010_01.dat,both so different. It was full of surprises.,45
scena/mp8010_01.dat:0x8abd0,scena/mp8010_01.dat,"Hehe, the culture and architecture were",40
scena/mp8010_01.dat:0x8ac08,scena/mp8010_01.dat,you should go see it for yourself.,35
scena/mp8010_01.dat:0x8ac2b,scena/mp8010_01.dat,"If you ever get the chance,",28
scena/mp8010_01.dat:0x8ac75,scena/mp8010_01.dat,"Out to savor the journey, are you?",35
scena/mp8010_01.dat:0x8ac98,scena/mp8010_01.dat,"Greetings, Estelle.",20
scena/mp8010_01.dat:0x8accc,scena/mp8010_01.dat,Behold...the majestic hues of our boundless sky!,49
scena/mp8010_01.dat:0x8ad3b,scena/mp8010_01.dat,accompaniment to a glass of wine!,34
scena/mp8010_01.dat:0x8ad5d,scena/mp8010_01.dat,There is no finer,18
scena/mp8010_01.dat:0x8ad87,scena/mp8010_01.dat,"Yeah, the weather's nice and the sky's pretty...",49
scena/mp8010_01.dat:0x8adc7,scena/mp8010_01.dat,so why are you drinking?,25
scena/mp8010_01.dat:0x8ade0,scena/mp8010_01.dat,"But we're gonna be in Zeiss in no time,",40
scena/mp8010_01.dat:0x8ae2e,scena/mp8010_01.dat,"Heh... Now, now, don't be like that.",37
scena/mp8010_01.dat:0x8ae6b,scena/mp8010_01.dat,under this very same sky...,28
scena/mp8010_01.dat:0x8ae87,scena/mp8010_01.dat,Our beloved Joshua is somewhere,32
scena/mp8010_01.dat:0x8aec6,scena/mp8010_01.dat,his mind during his travels...,31
scena/mp8010_01.dat:0x8aee5,scena/mp8010_01.dat,I wonder what thoughts pass through,36
scena/mp8010_01.dat:0x8af1d,scena/mp8010_01.dat,me with no choice but to drink.,32
scena/mp8010_01.dat:0x8af3d,scena/mp8010_01.dat,The weight of it all leaves,28
scena/mp8010_01.dat:0x8af86,scena/mp8010_01.dat,worrying about Joshua here?,28
scena/mp8010_01.dat:0x8afa2,scena/mp8010_01.dat,"...Uhh, aren't I the one",25
scena/mp8010_01.dat:0x8afe8,scena/mp8010_01.dat,"to keep things lighthearted, Olivier.",38
scena/mp8010_01.dat:0x8b00e,scena/mp8010_01.dat,"But, oh well. I'm glad you're around",37
scena/mp8010_01.dat:0x8b043,scena/mp8010_01.dat,Hoho! You do honor me with your praise.,40
scena/mp8010_01.dat:0x8b095,scena/mp8010_01.dat,"...But I must say, I'm relieved.",33
scena/mp8010_01.dat:0x8b0f5,scena/mp8010_01.dat,The Black Fang...,18
scena/mp8010_01.dat:0x8b12c,scena/mp8010_01.dat,troubled by that thief's parting words.,40
scena/mp8010_01.dat:0x8b154,scena/mp8010_01.dat,I wondered whether you had been,32
scena/mp8010_01.dat:0x8b18d,scena/mp8010_01.dat,was firmer than I thought.,27
scena/mp8010_01.dat:0x8b1a8,scena/mp8010_01.dat,But I'm glad to see your resolve,33
scena/mp8010_01.dat:0x8b218,scena/mp8010_01.dat,actually worrying about me?,28
scena/mp8010_01.dat:0x8b234,scena/mp8010_01.dat,"Hehehe... Olivier, were you ",29
scena/mp8010_01.dat:0x8b262,scena/mp8010_01.dat,wandering the world in search of romance...,44
scena/mp8010_01.dat:0x8b28e,scena/mp8010_01.dat,"Haha, well, as a bard and musician",35
scena/mp8010_01.dat:0x8b2ce,scena/mp8010_01.dat,I am a friend to every lovestruck maiden.,42
scena/mp8010_01.dat:0x8b38e,scena/mp8010_01.dat,"Easy there, no need to get the staff out!",42
scena/mp8010_01.dat:0x8b3e6,scena/mp8010_01.dat,It just warms my own heart.,28
scena/mp8010_01.dat:0x8b402,scena/mp8010_01.dat,I'm not making light of your feelings.,39
scena/mp8010_01.dat:0x8b44e,scena/mp8010_01.dat,"outfit hoping Joshua would see it, didn't you?",47
scena/mp8010_01.dat:0x8b47d,scena/mp8010_01.dat,"Your clothes, for example. You spruced up your",47
scena/mp8010_01.dat:0x8b4bb,scena/mp8010_01.dat,"Mm-hmm, I must say it suits you to a tee.",42
scena/mp8010_01.dat:0x8b539,scena/mp8010_01.dat,embarrassing things with a straight face.,42
scena/mp8010_01.dat:0x8b563,scena/mp8010_01.dat,Ugh... Please don't say such,29
scena/mp8010_01.dat:0x8b595,scena/mp8010_01.dat,these clothes for me as a reward.,34
scena/mp8010_01.dat:0x8b5b7,scena/mp8010_01.dat,And Schera was the one who got,31
scena/mp8010_01.dat:0x8b5f2,scena/mp8010_01.dat,to see me in them...just a bit.,32
scena/mp8010_01.dat:0x8b612,scena/mp8010_01.dat,"But, you're not wrong. I do want Joshua",40
scena/mp8010_01.dat:0x8b691,scena/mp8010_01.dat,I-Is that so wrong?!,21
scena/mp8010_01.dat:0x8b6bd,scena/mp8010_01.dat,Heh... You have exceeded my every expectation.,47
scena/mp8010_01.dat:0x8b718,scena/mp8010_01.dat,"Well, I suppose we'll just leave it at that.",45
scena/mp8010_01.dat:0x8b764,scena/mp8010_01.dat,I'll buy you a mocktail.,25
scena/mp8010_01.dat:0x8b77d,scena/mp8010_01.dat,"Care to join me, Estelle?",26
scena/mp8010_01.dat:0x8b7a6,scena/mp8010_01.dat,We'll be at Zeiss before too long.,35
scena/mp8010_01.dat:0x8b7c9,scena/mp8010_01.dat,"No thanks, I'll pass.",22
scena/mp8010_01.dat:0x8b7f7,scena/mp8010_01.dat,up too drunk to get off at our stop.,37
scena/mp8010_01.dat:0x8b81c,scena/mp8010_01.dat,You should slow down or you'll end,35
scena/mp8010_01.dat:0x8b84e,scena/mp8010_01.dat,"Heh, please do not fret over me.",33
scena/mp8010_01.dat:0x8b892,scena/mp8010_01.dat,unless a fair maiden was involved.,35
scena/mp8010_01.dat:0x8b8b5,scena/mp8010_01.dat,I've never lost myself to drink...,35
scena/mp8010_01.dat:0x8b94b,scena/mp8010_01.dat,Is that something to be proud of...?,37
scena/mp8010_01.dat:0x8b9a0,scena/mp8010_01.dat,Woman's Voice,14
scena/mp8010_01.dat:0x8b9ae,scena/mp8010_01.dat,<C1>Your attention please.,27
scena/mp8010_01.dat:0x8b9d8,scena/mp8010_01.dat,<C1>We will shortly be arriving in the City of Zeiss.,54
scena/mp8010_01.dat:0x8ba1d,scena/mp8010_01.dat,so please return to your seat without delay.,45
scena/mp8010_01.dat:0x8ba4a,scena/mp8010_01.dat,"<C1>There may be some bumps as we come in to land,",51
scena/mp8010_01.dat:0x8bab3,scena/mp8010_01.dat,"Oh, Estelle!",13
scena/mp8010_01.dat:0x8bad0,scena/mp8010_01.dat,"Oh, it's you, Estelle.",23
scena/mp8010_01.dat:0x8baf6,scena/mp8010_01.dat,Are you wandering around the ship again?,41
scena/mp8010_01.dat:0x8bb3b,scena/mp8010_01.dat,Y-You make me sound like a stray cat!,38
scena/mp8010_01.dat:0x8bb74,scena/mp8010_01.dat,sitting and waiting.,21
scena/mp8010_01.dat:0x8bb89,scena/mp8010_01.dat,I just don't feel comfortable,30
scena/mp8010_01.dat:0x8bbc9,scena/mp8010_01.dat,Didn't you go to the Le Locle training grounds recently?,57
scena/mp8010_01.dat:0x8bc35,scena/mp8010_01.dat,How'd you handle the boredom?,30
scena/mp8010_01.dat:0x8bc53,scena/mp8010_01.dat,It takes a half day by airship.,32
scena/mp8010_01.dat:0x8bc96,scena/mp8010_01.dat,on both legs of the trip.,26
scena/mp8010_01.dat:0x8bcb0,scena/mp8010_01.dat,"Oh, I fell asleep right away",29
scena/mp8010_01.dat:0x8bcdd,scena/mp8010_01.dat,"and coming back, I was tired from training.",44
scena/mp8010_01.dat:0x8bd09,scena/mp8010_01.dat,"My nerves kept me up all night before leaving,",47
scena/mp8010_01.dat:0x8bd48,scena/mp8010_01.dat,you know that?,15
scena/mp8010_01.dat:0x8bd57,scena/mp8010_01.dat,"Good grief... You're a real handful,",37
scena/mp8010_01.dat:0x8bda1,scena/mp8010_01.dat,"Hehe... That's just like you, Estelle.",39
scena/mp8010_01.dat:0x8bde5,scena/mp8010_01.dat,"Actually, I'd love to go abroad, too, for once.",48
scena/mp8010_01.dat:0x8be36,scena/mp8010_01.dat,Maybe I could even go see my mom and dad...,44
scena/mp8010_01.dat:0x8be72,scena/mp8010_01.dat,"Oh, that's right.",18
scena/mp8010_01.dat:0x8be97,scena/mp8010_01.dat,"Your mom and dad are working abroad, aren't they?",50
scena/mp8010_01.dat:0x8bf10,scena/mp8010_01.dat,where orbments aren't widespread...,36
scena/mp8010_01.dat:0x8bf34,scena/mp8010_01.dat,They teach engineering in places,33
scena/mp8010_01.dat:0x8bf65,scena/mp8010_01.dat,They've been gone almost two years.,36
scena/mp8010_01.dat:0x8bfac,scena/mp8010_01.dat,"Wow, that's a long time.",25
scena/mp8010_01.dat:0x8bfd5,scena/mp8010_01.dat,them an invention of yours?,28
scena/mp8010_01.dat:0x8bff1,scena/mp8010_01.dat,"Come to think of it, didn't you send",37
scena/mp8010_01.dat:0x8c025,scena/mp8010_01.dat,They were so happy!,20
scena/mp8010_01.dat:0x8c039,scena/mp8010_01.dat,Ehehe! I got a reply right after that!,39
scena/mp8010_01.dat:0x8c074,scena/mp8010_01.dat,"and they do too, but...",24
scena/mp8010_01.dat:0x8c08c,scena/mp8010_01.dat,"I usually write a letter every month,",38
scena/mp8010_01.dat:0x8c0d3,scena/mp8010_01.dat,they always tell me to say hi.,31
scena/mp8010_01.dat:0x8c0f2,scena/mp8010_01.dat,"Whenever I mention you,",24
scena/mp8010_01.dat:0x8c119,scena/mp8010_01.dat,You're gonna make me blush!,28
scena/mp8010_01.dat:0x8c135,scena/mp8010_01.dat,Haha! That's so sweet.,23
scena/mp8010_01.dat:0x8c16b,scena/mp8010_01.dat,Do you write letters?,22
scena/mp8010_01.dat:0x8c1bb,scena/mp8010_01.dat,"you and the others, too.",25
scena/mp8010_01.dat:0x8c1d4,scena/mp8010_01.dat,"The other day, I wrote about",29
scena/mp8010_01.dat:0x8c200,scena/mp8010_01.dat,They told me to say hello.,27
scena/mp8010_01.dat:0x8c22b,scena/mp8010_01.dat,Hehe. Really?,14
scena/mp8010_01.dat:0x8c25d,scena/mp8010_01.dat,"So, what are your parents like, Tita?",38
scena/mp8010_01.dat:0x8c2a4,scena/mp8010_01.dat,Is your mom a lot like you?,28
scena/mp8010_01.dat:0x8c2cf,scena/mp8010_01.dat,Hmm. I wonder...,17
scena/mp8010_01.dat:0x8c2f5,scena/mp8010_01.dat,with a powerful personality.,29
scena/mp8010_01.dat:0x8c312,scena/mp8010_01.dat,"She's really energetic,",24
scena/mp8010_01.dat:0x8c339,scena/mp8010_01.dat,She always gets into scuffles with my grandpa.,47
scena/mp8010_01.dat:0x8c39c,scena/mp8010_01.dat,don't get along or anything.,29
scena/mp8010_01.dat:0x8c3b9,scena/mp8010_01.dat,"Oh, it's not that they",23
scena/mp8010_01.dat:0x8c3e5,scena/mp8010_01.dat,My dad said it's an expression of parental love.,49
scena/mp8010_01.dat:0x8c42b,scena/mp8010_01.dat,I-Is that right?,17
scena/mp8010_01.dat:0x8c45b,scena/mp8010_01.dat,"Alright, so what about your dad?",33
scena/mp8010_01.dat:0x8c48f,scena/mp8010_01.dat,"Um, my dad is a quiet and dependable person.",45
scena/mp8010_01.dat:0x8c4cc,scena/mp8010_01.dat,He was actually a bracer up until about ten years ago!,55
scena/mp8010_01.dat:0x8c51a,scena/mp8010_01.dat,Huh? I had no idea!,20
scena/mp8010_01.dat:0x8c545,scena/mp8010_01.dat,"was a pretty damn good one, too.",33
scena/mp8010_01.dat:0x8c566,scena/mp8010_01.dat,I heard from Tita's gramps that he,35
scena/mp8010_01.dat:0x8c599,scena/mp8010_01.dat,injury forced him to retire from the guild.,44
scena/mp8010_01.dat:0x8c5c5,scena/mp8010_01.dat,Seems he became an engineer after an,37
scena/mp8010_01.dat:0x8c5f9,scena/mp8010_01.dat,"Oh wow, I never knew!",22
scena/mp8010_01.dat:0x8c626,scena/mp8010_01.dat,Hmm... I'd like to meet them when they come home.,50
scena/mp8010_01.dat:0x8c6b1,scena/mp8010_01.dat,"You could come too, Mr. Agate!",31
scena/mp8010_01.dat:0x8c70f,scena/mp8010_01.dat,"Wait, why me?!",15
scena/mp8010_01.dat:0x8c742,scena/mp8010_01.dat,"Grandpa, and not only that...",30
scena/mp8010_01.dat:0x8c760,scena/mp8010_01.dat,"Well, you get along with",25
scena/mp8010_01.dat:0x8c797,scena/mp8010_01.dat,they said they wanted to meet you.,35
scena/mp8010_01.dat:0x8c7ba,scena/mp8010_01.dat,"When I wrote about you in my letter,",37
scena/mp8010_01.dat:0x8c7ee,scena/mp8010_01.dat,...Are you serious...?,23
scena/mp8010_01.dat:0x8c819,scena/mp8010_01.dat,Ahaha. Seems like you're not getting out of this one.,54
scena/mp8010_01.dat:0x8c883,scena/mp8010_01.dat,U-Um... Are you not interested?,32
scena/mp8010_01.dat:0x8c8df,scena/mp8010_01.dat,"Well... I wouldn't say that, but...",36
scena/mp8010_01.dat:0x8c927,scena/mp8010_01.dat,"then, I'll drop by and say hello.",34
scena/mp8010_01.dat:0x8c949,scena/mp8010_01.dat,Fine. If I happen to have work in Zeiss,40
scena/mp8010_01.dat:0x8c9e2,scena/mp8010_01.dat,"By the way, Estelle...",23
scena/mp8010_01.dat:0x8ca08,scena/mp8010_01.dat,feels so gentle on an airship deck?,36
scena/mp8010_01.dat:0x8ca2c,scena/mp8010_01.dat,Do you know why the wind always,32
scena/mp8010_01.dat:0x8ca5b,scena/mp8010_01.dat,Why the wind feels gentle...? Isn't that normal?,49
scena/mp8010_01.dat:0x8ca9f,scena/mp8010_01.dat,the wind should be really strong.,34
scena/mp8010_01.dat:0x8cac1,scena/mp8010_01.dat,"No, at this speed and altitude,",32
scena/mp8010_01.dat:0x8caf1,scena/mp8010_01.dat,"Normally, you couldn't even stand, let alone talk.",51
scena/mp8010_01.dat:0x8cb49,scena/mp8010_01.dat,So you're saying there must be a trick involved.,49
scena/mp8010_01.dat:0x8cb89,scena/mp8010_01.dat,engine that makes the ship float.,34
scena/mp8010_01.dat:0x8cbab,scena/mp8010_01.dat,"Yes, it's a side effect of the",31
scena/mp8010_01.dat:0x8cbe4,scena/mp8010_01.dat,antigravity field covers the whole ship.,41
scena/mp8010_01.dat:0x8cc0d,scena/mp8010_01.dat,"While the engine is running, an",32
scena/mp8010_01.dat:0x8cc3d,scena/mp8010_01.dat,of the wind and the ship's inertia.,36
scena/mp8010_01.dat:0x8cc61,scena/mp8010_01.dat,They say the field softens the effects,39
scena/mp8010_01.dat:0x8cca5,scena/mp8010_01.dat,"(...Agate, did you get all that?)",34
scena/mp8010_01.dat:0x8ccdb,scena/mp8010_01.dat,(Like hell I did...),21
scena/mp8010_01.dat:0x8cd14,scena/mp8010_01.dat,to make the engine run...,26
scena/mp8010_01.dat:0x8cd2e,scena/mp8010_01.dat,But it takes lots of orbments,30
scena/mp8010_01.dat:0x8cd7a,scena/mp8010_01.dat,That's what the high-output orbal engine is for.,49
scena/mp8010_01.dat:0x8cdba,scena/mp8010_01.dat,I see...,9
scena/mp8010_01.dat:0x8cdd7,scena/mp8010_01.dat,performance is determined by the engine.,41
scena/mp8010_01.dat:0x8ce00,scena/mp8010_01.dat,No wonder they say an airship's,32
scena/mp8010_01.dat:0x8ce47,scena/mp8010_01.dat,was built for the royal airship.,33
scena/mp8010_01.dat:0x8ce68,scena/mp8010_01.dat,"By the way, I heard a new engine",33
scena/mp8010_01.dat:0x8ceaf,scena/mp8010_01.dat,They say it's pretty hot stuff.,32
scena/mp8010_01.dat:0x8cede,scena/mp8010_01.dat,The new engine is in a league of its own!,42
scena/mp8010_01.dat:0x8cf08,scena/mp8010_01.dat,That's right! I had a look at the performance specs.,53
scena/mp8010_01.dat:0x8cf5b,scena/mp8010_01.dat,and maintenance teams.,23
scena/mp8010_01.dat:0x8cf72,scena/mp8010_01.dat,It's all thanks to the development,35
scena/mp8010_01.dat:0x8cfa4,scena/mp8010_01.dat,Hehe. Sounds like they're working hard.,40
scena/mp8010_01.dat:0x8d043,scena/mp8010_01.dat,"Good day to you, Estelle.",26
scena/mp8010_01.dat:0x8d06c,scena/mp8010_01.dat,performance by Olivier Lenheim.,32
scena/mp8010_01.dat:0x8d08c,scena/mp8010_01.dat,Welcome to another heavenly,28
scena/mp8010_01.dat:0x8d0c6,scena/mp8010_01.dat,Give me a break.,17
scena/mp8010_01.dat:0x8d0eb,scena/mp8010_01.dat,really the place to play your lute?,36
scena/mp8010_01.dat:0x8d10f,scena/mp8010_01.dat,"More importantly, is this",26
scena/mp8010_01.dat:0x8d13c,scena/mp8010_01.dat,What a silly question.,23
scena/mp8010_01.dat:0x8d163,scena/mp8010_01.dat,"people, and armies defend nations...",37
scena/mp8010_01.dat:0x8d188,scena/mp8010_01.dat,Just as bracers defend the,27
scena/mp8010_01.dat:0x8d1c2,scena/mp8010_01.dat,"give shape to pathos, whenever it may arise.",45
scena/mp8010_01.dat:0x8d1ef,scena/mp8010_01.dat,The job of an artist like myself is to,39
scena/mp8010_01.dat:0x8d23a,scena/mp8010_01.dat,got permission from the staff.,31
scena/mp8010_01.dat:0x8d259,scena/mp8010_01.dat,"In any case, it seems he",25
scena/mp8010_01.dat:0x8d282,scena/mp8010_01.dat,Just ignore him and let him play.,34
scena/mp8010_01.dat:0x8d2b3,scena/mp8010_01.dat,"Oh, Schera! You wound me.",26
scena/mp8010_01.dat:0x8d2e1,scena/mp8010_01.dat,hot spring trip was bad enough...,34
scena/mp8010_01.dat:0x8d303,scena/mp8010_01.dat,Refusing my generous offer of a,32
scena/mp8010_01.dat:0x8d338,scena/mp8010_01.dat,to match you drink for drink...,32
scena/mp8010_01.dat:0x8d358,scena/mp8010_01.dat,And after I had prepared myself,32
scena/mp8010_01.dat:0x8d388,scena/mp8010_01.dat,"I might have said yes, if I had the time.",42
scena/mp8010_01.dat:0x8d3c6,scena/mp8010_01.dat,that you drink 'til you drop.,30
scena/mp8010_01.dat:0x8d3e4,scena/mp8010_01.dat,"Either way, I've never demanded",32
scena/mp8010_01.dat:0x8d421,scena/mp8010_01.dat,some drinks at the same pace as me.,36
scena/mp8010_01.dat:0x8d445,scena/mp8010_01.dat,I just wish you would relax and enjoy,38
scena/mp8010_01.dat:0x8d4fb,scena/mp8010_01.dat,understand that's she's...unusual.,35
scena/mp8010_01.dat:0x8d51e,scena/mp8010_01.dat,"You see, Olivier... Schera doesn't really",42
scena/mp8010_01.dat:0x8d55b,scena/mp8010_01.dat,is also why she drinks at such an insane pace.,47
scena/mp8010_01.dat:0x8d58a,scena/mp8010_01.dat,"To her, a river of booze is just a drop... Which",49
scena/mp8010_01.dat:0x8d5dc,scena/mp8010_01.dat,How rude!,10
scena/mp8010_01.dat:0x8d613,scena/mp8010_01.dat,you at least try and keep up with me.,38
scena/mp8010_01.dat:0x8d639,scena/mp8010_01.dat,"But, well.. If you want to hit on me, I'd prefer",49
scena/mp8010_01.dat:0x8d67a,scena/mp8010_01.dat,It could be worse. Remember Aina?,34
scena/mp8010_01.dat:0x8d6cc,scena/mp8010_01.dat,P-Please don't mention that name...,36
scena/mp8010_01.dat:0x8d700,scena/mp8010_01.dat,that night makes me dizzy...,29
scena/mp8010_01.dat:0x8d71d,scena/mp8010_01.dat,"Even now, just thinking about",30
scena/mp8010_01.dat:0x8d750,scena/mp8010_01.dat,"Hehe, poor thing.",18
scena/mp8010_01.dat:0x8d787,scena/mp8010_01.dat,(What the heck happened that night...?),40
scena/mp8010_01.dat:0x8d883,scena/mp8010_01.dat,"Ah. Hey, Estelle.",18
scena/mp8010_01.dat:0x8d8a9,scena/mp8010_01.dat,Is there something I can do for you?,37
scena/mp8010_01.dat:0x8d8e2,scena/mp8010_01.dat,"Oh, uh...no, it's nothing like that...",39
scena/mp8010_01.dat:0x8d91e,scena/mp8010_01.dat,You looked lost in thought.,28
scena/mp8010_01.dat:0x8d94e,scena/mp8010_01.dat,"Oh, it's just...",17
scena/mp8010_01.dat:0x8d974,scena/mp8010_01.dat,Some old memories came back to me.,35
scena/mp8010_01.dat:0x8d9a6,scena/mp8010_01.dat,About that guy with the sunglasses... Is that it?,50
scena/mp8010_01.dat:0x8da0a,scena/mp8010_01.dat,saw him...but it feels longer.,31
scena/mp8010_01.dat:0x8da29,scena/mp8010_01.dat,It's been six years since I last,33
scena/mp8010_01.dat:0x8da5a,scena/mp8010_01.dat,I see...,9
scena/mp8010_01.dat:0x8da76,scena/mp8010_01.dat,"the dojo you trained at, right?",32
scena/mp8010_01.dat:0x8da96,scena/mp8010_01.dat,He was a senior disciple at,28
scena/mp8010_01.dat:0x8dac2,scena/mp8010_01.dat,What kind of martial artist was he?,36
scena/mp8010_01.dat:0x8db23,scena/mp8010_01.dat,"In a word, he was a genius.",28
scena/mp8010_01.dat:0x8db4f,scena/mp8010_01.dat,He had unparalleled instincts and reflexes.,44
scena/mp8010_01.dat:0x8db8b,scena/mp8010_01.dat,A body that combined speed and power.,38
scena/mp8010_01.dat:0x8dbc1,scena/mp8010_01.dat,And the way he used qi was incredible.,39
scena/mp8010_01.dat:0x8dbf7,scena/mp8010_01.dat,He excelled in every aspect.,29
scena/mp8010_01.dat:0x8dc23,scena/mp8010_01.dat,Looking back on his movements...,33
scena/mp8010_01.dat:0x8dc54,scena/mp8010_01.dat,he might even beat Lt. Lorence.,32
scena/mp8010_01.dat:0x8dc74,scena/mp8010_01.dat,"In terms of pure speed and power,",34
scena/mp8010_01.dat:0x8dca5,scena/mp8010_01.dat,...You may be right.,21
scena/mp8010_01.dat:0x8dcc9,scena/mp8010_01.dat,I longed to match his strength.,32
scena/mp8010_01.dat:0x8dce9,scena/mp8010_01.dat,"During our time at the dojo,",29
scena/mp8010_01.dat:0x8dd15,scena/mp8010_01.dat,on the day he murdered Master Ryuga.,37
scena/mp8010_01.dat:0x8dd3a,scena/mp8010_01.dat,"That is, until six years ago...",32
scena/mp8010_01.dat:0x8dd81,scena/mp8010_01.dat,He murdered his own teacher?!,30
scena/mp8010_01.dat:0x8ddae,scena/mp8010_01.dat,"Well, they both agreed to the fight.",37
scena/mp8010_01.dat:0x8de07,scena/mp8010_01.dat,in Walter's heart for a long time.,35
scena/mp8010_01.dat:0x8de2a,scena/mp8010_01.dat,Master had known about the darkness,36
scena/mp8010_01.dat:0x8de5d,scena/mp8010_01.dat,desired only greater power...,30
scena/mp8010_01.dat:0x8de7b,scena/mp8010_01.dat,Walter had grown drunk on his abilities and,44
scena/mp8010_01.dat:0x8deb7,scena/mp8010_01.dat,true essence.,14
scena/mp8010_01.dat:0x8dec5,scena/mp8010_01.dat,constantly lectured him on our Taito style's,45
scena/mp8010_01.dat:0x8def2,scena/mp8010_01.dat,"Seeing the error of Walter's ways, Master",42
scena/mp8010_01.dat:0x8df41,scena/mp8010_01.dat,our opponent.,14
scena/mp8010_01.dat:0x8df4f,scena/mp8010_01.dat,spirit of the Living Fist in ourselves and,43
scena/mp8010_01.dat:0x8df7a,scena/mp8010_01.dat,That combat is only a means to cultivate the,45
scena/mp8010_01.dat:0x8dfb6,scena/mp8010_01.dat,The Living Fist? That's a pretty cool name.,44
scena/mp8010_01.dat:0x8dff6,scena/mp8010_01.dat,warnings never reached Walter.,31
scena/mp8010_01.dat:0x8e015,scena/mp8010_01.dat,"In the end, though, our master's",33
scena/mp8010_01.dat:0x8e04b,scena/mp8010_01.dat,deeper into the dark side of martial arts.,43
scena/mp8010_01.dat:0x8e076,scena/mp8010_01.dat,"Like a man possessed, he delved deeper and",43
scena/mp8010_01.dat:0x8e0ba,scena/mp8010_01.dat,Th-The...dark side?,20
scena/mp8010_01.dat:0x8e0e1,scena/mp8010_01.dat,as martial arts are used for battle.,37
scena/mp8010_01.dat:0x8e106,scena/mp8010_01.dat,"That path will always exist, as long",37
scena/mp8010_01.dat:0x8e13b,scena/mp8010_01.dat,goal is robbing opponents of their lives.,42
scena/mp8010_01.dat:0x8e165,scena/mp8010_01.dat,And it leads to an art whose sole,34
scena/mp8010_01.dat:0x8e197,scena/mp8010_01.dat,We call that 'The Murderer's Fist.',36
scena/mp8010_01.dat:0x8e1e5,scena/mp8010_01.dat,How awful...,13
scena/mp8010_01.dat:0x8e209,scena/mp8010_01.dat,"that path, Master challenged him to a duel...",46
scena/mp8010_01.dat:0x8e237,scena/mp8010_01.dat,When Walter wanted to leave the dojo to pursue,47
scena/mp8010_01.dat:0x8e275,scena/mp8010_01.dat,It was a fight to the death. One that Master lost.,51
scena/mp8010_01.dat:0x8e2b7,scena/mp8010_01.dat,"fight, I could only watch.",27
scena/mp8010_01.dat:0x8e2d2,scena/mp8010_01.dat,...As the witness to the,25
scena/mp8010_01.dat:0x8e2fb,scena/mp8010_01.dat,"Oh, Zin...",11
scena/mp8010_01.dat:0x8e315,scena/mp8010_01.dat,been searching for Walter ever since.,38
scena/mp8010_01.dat:0x8e33b,scena/mp8010_01.dat,"Anyway, that's what happened. I've",35
scena/mp8010_01.dat:0x8e375,scena/mp8010_01.dat,But I never thought we'd reunite here in Liberl...,51
scena/mp8010_01.dat:0x8e3b8,scena/mp8010_01.dat,Maybe it's the will of Aidios.,31
scena/mp8010_01.dat:0x8e442,scena/mp8010_01.dat,"Oh, sorry.",11
scena/mp8010_01.dat:0x8e460,scena/mp8010_01.dat,all these old stories.,23
scena/mp8010_01.dat:0x8e477,scena/mp8010_01.dat,Didn't mean to bore you with,29
scena/mp8010_01.dat:0x8e4a7,scena/mp8010_01.dat,No... Thank you for telling me.,32
scena/mp8010_01.dat:0x8e4e5,scena/mp8010_01.dat,"Um, Zin...",11
scena/mp8010_01.dat:0x8e50b,scena/mp8010_01.dat,him to avenge your master?,27
scena/mp8010_01.dat:0x8e526,scena/mp8010_01.dat,Have you been searching for,28
scena/mp8010_01.dat:0x8e55f,scena/mp8010_01.dat,They both agreed to the fight.,31
scena/mp8010_01.dat:0x8e57e,scena/mp8010_01.dat,"I told you, didn't I?",22
scena/mp8010_01.dat:0x8e5b8,scena/mp8010_01.dat,There's nothing to avenge.,27
scena/mp8010_01.dat:0x8e5e2,scena/mp8010_01.dat,R-Right... I guess that's true.,32
scena/mp8010_01.dat:0x8e616,scena/mp8010_01.dat,"But why search for him, then?",30
scena/mp8010_01.dat:0x8e662,scena/mp8010_01.dat,There's something I want to confirm.,37
scena/mp8010_01.dat:0x8e6c8,scena/mp8010_01.dat,Haha. It's too embarrassing to say out loud.,45
scena/mp8010_01.dat:0x8e711,scena/mp8010_01.dat,enough to do it just yet.,26
scena/mp8010_01.dat:0x8e72b,scena/mp8010_01.dat,"But either way, I'm not strong",31
scena/mp8010_01.dat:0x8e75a,scena/mp8010_01.dat,opportunity to train myself even further.,42
scena/mp8010_01.dat:0x8e784,scena/mp8010_01.dat,So I'll be treating this journey with you guys as an,53
scena/mp8010_01.dat:0x8e7c8,scena/mp8010_01.dat,I see... Got it.,17
scena/mp8010_01.dat:0x8e7f3,scena/mp8010_01.dat,I'll have to do my best not to hold you back!,46
scena/mp8010_01.dat:0x8e830,scena/mp8010_01.dat,Let's both give it our all!,28
scena/mp8010_01.dat:0x8e84c,scena/mp8010_01.dat,That's what I like to hear.,28
scena/mp8010_01.dat:0x8e8ab,scena/mp8010_01.dat,"Oh, that reminds me...",23
scena/mp8010_01.dat:0x8e8d1,scena/mp8010_01.dat,between you and that man now...,32
scena/mp8010_01.dat:0x8e8f1,scena/mp8010_01.dat,I understand what happened,27
scena/mp8010_01.dat:0x8e91c,scena/mp8010_01.dat,But how does Kilika play into all of this?,43
scena/mp8010_01.dat:0x8e968,scena/mp8010_01.dat,"Oh, right...",13
scena/mp8010_01.dat:0x8e98d,scena/mp8010_01.dat,but I can tell you this much.,30
scena/mp8010_01.dat:0x8e9ab,scena/mp8010_01.dat,"I can't go into the details,",29
scena/mp8010_01.dat:0x8e9d8,scena/mp8010_01.dat,Kilika is the daughter of the late Master Ryuga.,49
scena/mp8010_01.dat:0x8ea36,scena/mp8010_01.dat,Infer what you will from that.,31
scena/mp8010_01.dat:0x8ea65,scena/mp8010_01.dat,the story from her directly.,29
scena/mp8010_01.dat:0x8ea82,scena/mp8010_01.dat,"Some day, you may hear",23
scena/mp8010_01.dat:0x8eaa8,scena/mp8010_01.dat,Right... I understand.,23
scena/mp8010_01.dat:0x8eaf4,scena/mp8010_01.dat,Woman's Voice,14
scena/mp8010_01.dat:0x8eb02,scena/mp8010_01.dat,"<C1>Your attention, please.",28
scena/mp8010_01.dat:0x8eb2d,scena/mp8010_01.dat,<C1>We will shortly be arriving in Grancel.,44
scena/mp8010_01.dat:0x8eb68,scena/mp8010_01.dat,so please return to your seat without delay.,45
scena/mp8010_01.dat:0x8eb95,scena/mp8010_01.dat,"<C1>There may be some bumps as we come in to land, ",52
scena/mp8010_01.dat:0x8ec3b,scena/mp8010_01.dat,Estelle? What brings you here?,31
scena/mp8010_01.dat:0x8ec6d,scena/mp8010_01.dat,"Oh, uh, just out for another stroll. You know.",47
scena/mp8010_01.dat:0x8ecb3,scena/mp8010_01.dat,"Oh, okay...",12
scena/mp8010_01.dat:0x8ecd3,scena/mp8010_01.dat,"Heh, you sure are a creature of habit, ain't you?",50
scena/mp8010_01.dat:0x8ed18,scena/mp8010_01.dat,Hmph! So what if I am?,23
scena/mp8010_01.dat:0x8ed3f,scena/mp8010_01.dat,before we're in Bose anyway.,29
scena/mp8010_01.dat:0x8ed5c,scena/mp8010_01.dat,It's gonna be a while,22
scena/mp8010_01.dat:0x8ed82,scena/mp8010_01.dat,True. We do have time to kill on this thing.,45
scena/mp8010_01.dat:0x8edbf,scena/mp8010_01.dat,Interesting we're stopping in Bose next.,41
scena/mp8010_01.dat:0x8ee0b,scena/mp8010_01.dat,far. Wonder what's in store for us next?,41
scena/mp8010_01.dat:0x8ee34,scena/mp8010_01.dat,"We've hit Ruan, Zeiss, and Grancel so",38
scena/mp8010_01.dat:0x8ee6f,scena/mp8010_01.dat,Beats me.,10
scena/mp8010_01.dat:0x8ee97,scena/mp8010_01.dat,flights always puts me in a walking mood.,42
scena/mp8010_01.dat:0x8eec1,scena/mp8010_01.dat,What can I say? Something about,32
scena/mp8010_01.dat:0x8eefe,scena/mp8010_01.dat,"my seat the whole way through, I guess.",40
scena/mp8010_01.dat:0x8ef26,scena/mp8010_01.dat,Hard for me to just settle in and stay in,42
scena/mp8010_01.dat:0x8ef60,scena/mp8010_01.dat,"Yeah, you would say that.",26
scena/mp8010_01.dat:0x8ef8d,scena/mp8010_01.dat,"say...hang in there, kid.",26
scena/mp8010_01.dat:0x8efa7,scena/mp8010_01.dat,"Anyway, I just wanted to",25
scena/mp8010_01.dat:0x8efe8,scena/mp8010_01.dat,all the trouble they keep stirring up.,39
scena/mp8010_01.dat:0x8f00f,scena/mp8010_01.dat,I'm talking about the Society and,34
scena/mp8010_01.dat:0x8f040,scena/mp8010_01.dat,"in all those other places, hasn't it?",38
scena/mp8010_01.dat:0x8f066,scena/mp8010_01.dat,It's just been one thing after another,39
scena/mp8010_01.dat:0x8f09c,scena/mp8010_01.dat,"Yeah, I...guess.",17
scena/mp8010_01.dat:0x8f0c0,scena/mp8010_01.dat,"Division, right?",17
scena/mp8010_01.dat:0x8f0d1,scena/mp8010_01.dat,place searching for what's left of the Intelligence,52
scena/mp8010_01.dat:0x8f105,scena/mp8010_01.dat,But you guys have been running around all over the,51
scena/mp8010_01.dat:0x8f154,scena/mp8010_01.dat,"That can't be easy, either.",28
scena/mp8010_01.dat:0x8f17f,scena/mp8010_01.dat,that's about the worst of it.,30
scena/mp8010_01.dat:0x8f19d,scena/mp8010_01.dat,"Eh, it's a lot of legwork, but",31
scena/mp8010_01.dat:0x8f1d1,scena/mp8010_01.dat,Interesting we're stopping in Bose next.,41
scena/mp8010_01.dat:0x8f20f,scena/mp8010_01.dat,Wonder what's in store for us next?,36
scena/mp8010_01.dat:0x8f248,scena/mp8010_01.dat,Beats me...,12
scena/mp8010_01.dat:0x8f268,scena/mp8010_01.dat,I have my doubts about that.,29
scena/mp8010_01.dat:0x8f285,scena/mp8010_01.dat,"Hopefully nothing at all, although",35
scena/mp8010_01.dat:0x8f2bc,scena/mp8010_01.dat,Same here.,11
scena/mp8010_01.dat:0x8f2f3,scena/mp8010_01.dat,start by investigating those sky pirates.,42
scena/mp8010_01.dat:0x8f31d,scena/mp8010_01.dat,"Anyway, once we reach Bose, I think we'll",42
scena/mp8010_01.dat:0x8f392,scena/mp8010_01.dat,Why do you sound so shocked?,29
scena/mp8010_01.dat:0x8f3be,scena/mp8010_01.dat,people are stooges for the Society.,36
scena/mp8010_01.dat:0x8f3e2,scena/mp8010_01.dat,It's entirely possible those,29
scena/mp8010_01.dat:0x8f40e,scena/mp8010_01.dat,"You said as much yourself, didn't you?",39
scena/mp8010_01.dat:0x8f444,scena/mp8010_01.dat,"I mean, yeah, but, uh...",25
scena/mp8010_01.dat:0x8f483,scena/mp8010_01.dat,the less likely I think it is.,31
scena/mp8010_01.dat:0x8f4a2,scena/mp8010_01.dat,"Th-The more I think about it,",30
scena/mp8010_01.dat:0x8f529,scena/mp8010_01.dat,a handful of times at this point.,34
scena/mp8010_01.dat:0x8f54b,scena/mp8010_01.dat,L-Listen! I've fought those bandits,36
scena/mp8010_01.dat:0x8f57f,scena/mp8010_01.dat,the Society' bad? I'm not so sure.,35
scena/mp8010_01.dat:0x8f5a2,scena/mp8010_01.dat,"Sure, they're bad. But 'working with",37
scena/mp8010_01.dat:0x8f5e8,scena/mp8010_01.dat,"Well, think what you like.",27
scena/mp8010_01.dat:0x8f613,scena/mp8010_01.dat,about it when we get to Bose.,30
scena/mp8010_01.dat:0x8f631,scena/mp8010_01.dat,We can ask Old Man Lugran,26
scena/mp8010_01.dat:0x8f65a,scena/mp8010_01.dat,"Yeah, I...guess so.",20
scena/mp8010_01.dat:0x8f6b2,scena/mp8010_01.dat,"Hey, Estelle. Got someplace to be?",35
scena/mp8010_01.dat:0x8f6e4,scena/mp8010_01.dat,"No, not really. Just getting some fresh air.",45
scena/mp8010_01.dat:0x8f724,scena/mp8010_01.dat,"Ah, I hear you.",16
scena/mp8010_01.dat:0x8f74b,scena/mp8010_01.dat,little country town called Rolent.,35
scena/mp8010_01.dat:0x8f76e,scena/mp8010_01.dat,I heard our next stop is in a,30
scena/mp8010_01.dat:0x8f7ab,scena/mp8010_01.dat,"family call home, isn't it?",28
scena/mp8010_01.dat:0x8f7c7,scena/mp8010_01.dat,That's where you and your,26
scena/mp8010_01.dat:0x8f7f0,scena/mp8010_01.dat,"Yep, that's right.",19
scena/mp8010_01.dat:0x8f81a,scena/mp8010_01.dat,town. It sits on the outskirts.,32
scena/mp8010_01.dat:0x8f83a,scena/mp8010_01.dat,"Although, our house isn't in",29
scena/mp8010_01.dat:0x8f866,scena/mp8010_01.dat,Apparently my dad insisted on that.,36
scena/mp8010_01.dat:0x8f89a,scena/mp8010_01.dat,"Huh, that's interesting.",25
scena/mp8010_01.dat:0x8f8c2,scena/mp8010_01.dat,must make for a pretty refined abode.,38
scena/mp8010_01.dat:0x8f8e8,scena/mp8010_01.dat,"Well, I'm sure any place built by Cassius",42
scena/mp8010_01.dat:0x8f921,scena/mp8010_01.dat,"Well, I dunno if I'd call it that.",35
scena/mp8010_01.dat:0x8f953,scena/mp8010_01.dat,to live in. Very cozy.,23
scena/mp8010_01.dat:0x8f96a,scena/mp8010_01.dat,But it is nice and comfortable,31
scena/mp8010_01.dat:0x8f999,scena/mp8010_01.dat,with Mom and Dad...and Joshua.,31
scena/mp8010_01.dat:0x8f9b8,scena/mp8010_01.dat,"I've made a lot of memories there,",35
scena/mp8010_01.dat:0x8fa0f,scena/mp8010_01.dat,I can imagine...,17
scena/mp8010_01.dat:0x8fa46,scena/mp8010_01.dat,"H-Hey, don't look so down, Zin.",32
scena/mp8010_01.dat:0x8fa7b,scena/mp8010_01.dat,"I'd love to show you around, but...",36
scena/mp8010_01.dat:0x8fa9f,scena/mp8010_01.dat,"If we were getting off in Rolent,",34
scena/mp8010_01.dat:0x8fae6,scena/mp8010_01.dat,It'll have to be some other time.,34
scena/mp8010_01.dat:0x8fb28,scena/mp8010_01.dat,"Sure, sounds good to me.",25
scena/mp8010_01.dat:0x8fb54,scena/mp8010_01.dat,"...Hey, while I have you.",26
scena/mp8010_01.dat:0x8fb7e,scena/mp8010_01.dat,you mind sparring with me?,27
scena/mp8010_01.dat:0x8fb99,scena/mp8010_01.dat,"When we get to Bose, would",27
scena/mp8010_01.dat:0x8fbc3,scena/mp8010_01.dat,Huh? Why do you ask?,21
scena/mp8010_01.dat:0x8fbfd,scena/mp8010_01.dat,"knocked out in Grancel, as you can imagine.",44
scena/mp8010_01.dat:0x8fc29,scena/mp8010_01.dat,I wasn't exactly active while I was,36
scena/mp8010_01.dat:0x8fc62,scena/mp8010_01.dat,body I need to work off.,25
scena/mp8010_01.dat:0x8fc7b,scena/mp8010_01.dat,I've got some kinks in my,26
scena/mp8010_01.dat:0x8fca9,scena/mp8010_01.dat,"Hehe, that makes sense.",24
scena/mp8010_01.dat:0x8fcd6,scena/mp8010_01.dat,of a good training partner for a guy like you.,47
scena/mp8010_01.dat:0x8fd05,scena/mp8010_01.dat,I'll be honest. I dunno that I'll make much,44
scena/mp8010_01.dat:0x8fd4a,scena/mp8010_01.dat,"But, if you're sure, I'll do it!",33
scena/mp8010_01.dat:0x8fd7a,scena/mp8010_01.dat,"Great! Looking forward to it, then.",36
scena/mp8010_01.dat:0x8fdfa,scena/mp8010_01.dat,"Oh, Kloe. I didn't know you were here.",39
scena/mp8010_01.dat:0x8fe34,scena/mp8010_01.dat,Yes. The view is really nice from here.,40
scena/mp8010_01.dat:0x8fe8b,scena/mp8010_01.dat,I see you're on another one of your famous walks?,50
scena/mp8010_01.dat:0x8fee2,scena/mp8010_01.dat,"Uh, yeah, something like that.",31
scena/mp8010_01.dat:0x8ff79,scena/mp8010_01.dat,"Something happened to Joshua, didn't it?",41
scena/mp8010_01.dat:0x8ffff,scena/mp8010_01.dat,H-H-How did you know?!,23
scena/mp8010_01.dat:0x9002a,scena/mp8010_01.dat,"Hehe, I didn't.",16
scena/mp8010_01.dat:0x90065,scena/mp8010_01.dat,"with Nial and Dorothy, was it?",31
scena/mp8010_01.dat:0x90084,scena/mp8010_01.dat,So that's what you were discussing,35
scena/mp8010_01.dat:0x900f9,scena/mp8010_01.dat,"...Wait, did you just trick me?",32
scena/mp8010_01.dat:0x9012e,scena/mp8010_01.dat,"for the throne, after all.",27
scena/mp8010_01.dat:0x90149,scena/mp8010_01.dat,Perhaps. I am next in line,27
scena/mp8010_01.dat:0x90179,scena/mp8010_01.dat,adept in the art of conversation.,34
scena/mp8010_01.dat:0x9019b,scena/mp8010_01.dat,I have to be at least a little,31
scena/mp8010_01.dat:0x901ce,scena/mp8010_01.dat,*Sigh* You're way too smart for me.,36
scena/mp8010_01.dat:0x90202,scena/mp8010_01.dat,"Anyway, yeah, we were talking about Joshua.",44
scena/mp8010_01.dat:0x9026b,scena/mp8010_01.dat,"somewhere in Liberl, in that case.",35
scena/mp8010_01.dat:0x9028e,scena/mp8010_01.dat,I assume he's still well and,29
scena/mp8010_01.dat:0x902bb,scena/mp8010_01.dat,on for you to be so down right now.,36
scena/mp8010_01.dat:0x902df,scena/mp8010_01.dat,"But, clearly something else is going",37
scena/mp8010_01.dat:0x90321,scena/mp8010_01.dat,Something along those lines?,29
scena/mp8010_01.dat:0x9036e,scena/mp8010_01.dat,"Um... Am I right, then?",24
scena/mp8010_01.dat:0x903b5,scena/mp8010_01.dat,"psychic, Kloe. No fair.",24
scena/mp8010_01.dat:0x903cd,scena/mp8010_01.dat,"Sheesh, you're practically",27
scena/mp8010_01.dat:0x903fc,scena/mp8010_01.dat,you'll make a great queen someday. ,36
scena/mp8010_01.dat:0x90420,scena/mp8010_01.dat,"If you can read people like that, I'm sure",43
scena/mp8010_01.dat:0x9045f,scena/mp8010_01.dat,"Hehe, you're too kind.",23
scena/mp8010_01.dat:0x904be,scena/mp8010_01.dat,Joshua is alive and well.,26
scena/mp8010_01.dat:0x904d8,scena/mp8010_01.dat,"At any rate, I'm glad to hear",30
scena/mp8010_01.dat:0x90544,scena/mp8010_01.dat,"That's reason enough to celebrate, if you ask me.",50
scena/mp8010_01.dat:0x905a2,scena/mp8010_01.dat,"Yeah... Don't get me wrong. I am happy, but...",47
scena/mp8010_01.dat:0x90621,scena/mp8010_01.dat,"What is it, Estelle?",21
scena/mp8010_01.dat:0x9064a,scena/mp8010_01.dat,When we went to arrest Mayor Dalmore...,40
scena/mp8010_01.dat:0x90682,scena/mp8010_01.dat,when that guy pulled a gun on us?,34
scena/mp8010_01.dat:0x906a4,scena/mp8010_01.dat,Do you remember how Joshua acted,33
scena/mp8010_01.dat:0x906d4,scena/mp8010_01.dat,...I do.,9
scena/mp8010_01.dat:0x90706,scena/mp8010_01.dat,same eyes again right now...,29
scena/mp8010_01.dat:0x90723,scena/mp8010_01.dat,If I told you Joshua has those,31
scena/mp8010_01.dat:0x90757,scena/mp8010_01.dat,How would you react?,21
scena/mp8010_01.dat:0x907ed,scena/mp8010_01.dat,"I'm sorry, Kloe.",17
scena/mp8010_01.dat:0x90812,scena/mp8010_01.dat,if I'm not ready to explain everything.,40
scena/mp8010_01.dat:0x9083a,scena/mp8010_01.dat,I shouldn't talk about such heavy stuff,40
scena/mp8010_01.dat:0x9087a,scena/mp8010_01.dat,"No, I don't mind, really.",26
scena/mp8010_01.dat:0x908a9,scena/mp8010_01.dat,"what's on your mind, at least.",31
scena/mp8010_01.dat:0x908c8,scena/mp8010_01.dat,I'm glad to know part of,25
scena/mp8010_01.dat:0x908f5,scena/mp8010_01.dat,That's good...,15
scena/mp8010_01.dat:0x9094b,scena/mp8010_01.dat,"Uh, not to change the subject...",33
scena/mp8010_01.dat:0x90998,scena/mp8010_01.dat,"into things too much, but...",29
scena/mp8010_01.dat:0x909b5,scena/mp8010_01.dat,Maybe I'm just reading,23
scena/mp8010_01.dat:0x909e1,scena/mp8010_01.dat,another girl while we're worried sick about him?,49
scena/mp8010_01.dat:0x90a12,scena/mp8010_01.dat,How do you feel about him hanging out with,43
scena/mp8010_01.dat:0x90aa3,scena/mp8010_01.dat,How old is this other girl?,28
scena/mp8010_01.dat:0x90aec,scena/mp8010_01.dat,About our age.,15
scena/mp8010_01.dat:0x90bae,scena/mp8010_01.dat,well with me. At all.,22
scena/mp8010_01.dat:0x90bc4,scena/mp8010_01.dat,Something about that doesn't sit,33
scena/mp8010_01.dat:0x90c5d,scena/mp8010_01.dat,"It's messed up, right?!",24
scena/mp8010_01.dat:0x90c84,scena/mp8010_01.dat,It most certainly is.,22
scena/mp8010_01.dat:0x90cb9,scena/mp8010_01.dat,"Honestly, what is Joshua even thinking?",40
scena/mp8010_01.dat:0x90cf1,scena/mp8010_01.dat,he's getting an earful about it!,33
scena/mp8010_01.dat:0x90d12,scena/mp8010_01.dat,"You're telling me. When I find him,",36
scena/mp8010_01.dat:0x90dda,scena/mp8010_01.dat,"Thanks, Kloe.",14
scena/mp8010_01.dat:0x90df7,scena/mp8010_01.dat,I feel a bit better after talking to you now.,46
scena/mp8010_01.dat:0x90e47,scena/mp8010_01.dat,"Oh, think nothing of it.",25
scena/mp8010_01.dat:0x90e70,scena/mp8010_01.dat,I'm simply glad I could be here to help.,41
scena/mp8010_01.dat:0x90eb7,scena/mp8010_01.dat,promise I'll explain everything to you guys.,45
scena/mp8010_01.dat:0x90ee4,scena/mp8010_01.dat,"Once I've got my feelings sorted out, I",40
scena/mp8010_01.dat:0x90f1c,scena/mp8010_01.dat,Can you wait until then to hear more?,38
scena/mp8010_01.dat:0x90f51,scena/mp8010_01.dat,"Of course. Take your time, Estelle.",36
scena/mp8010_01.dat:0x90f94,scena/mp8010_01.dat,to my seat now.,16
scena/mp8010_01.dat:0x90fa4,scena/mp8010_01.dat,"On that note, I think I'll return",34
scena/mp8010_01.dat:0x90fec,scena/mp8010_01.dat,"Okay. See you later, Kloe.",27
scena/mp8010_01.dat:0x91099,scena/mp8010_01.dat,"Hey, Tita. What are you doing over here?",41
scena/mp8010_01.dat:0x910d5,scena/mp8010_01.dat,"Oh, hi, Estelle.",17
scena/mp8010_01.dat:0x9110c,scena/mp8010_01.dat,I... I was just thinking about something.,42
scena/mp8010_01.dat:0x91187,scena/mp8010_01.dat,"Um, Estelle?",13
scena/mp8010_01.dat:0x911b6,scena/mp8010_01.dat,...Do you not trust me?,24
scena/mp8010_01.dat:0x91219,scena/mp8010_01.dat,bothering you right now.,25
scena/mp8010_01.dat:0x91232,scena/mp8010_01.dat,"Well, I can tell that something's",34
scena/mp8010_01.dat:0x91272,scena/mp8010_01.dat,Is it something I can't help you with?,39
scena/mp8010_01.dat:0x912a8,scena/mp8010_01.dat,Um... Uhhhhhh...,17
scena/mp8010_01.dat:0x912f8,scena/mp8010_01.dat,"You got me, Tita. There's no fooling you, huh?",47
scena/mp8010_01.dat:0x91348,scena/mp8010_01.dat,I knew it...,13
scena/mp8010_01.dat:0x91372,scena/mp8010_01.dat,"at all, even though I made you take me along.",46
scena/mp8010_01.dat:0x913a0,scena/mp8010_01.dat,I feel like I haven't been any help to you guys,48
scena/mp8010_01.dat:0x913ff,scena/mp8010_01.dat,"And I couldn't stop Renne, either...",37
scena/mp8010_01.dat:0x91434,scena/mp8010_01.dat,Am I just...a burden to everyone?,34
scena/mp8010_01.dat:0x91482,scena/mp8010_01.dat,"Aw, Tita...",12
scena/mp8010_01.dat:0x9149d,scena/mp8010_01.dat,That's what you're worried about? Silly goose.,47
scena/mp8010_01.dat:0x914dc,scena/mp8010_01.dat,But... But...!,15
scena/mp8010_01.dat:0x914fe,scena/mp8010_01.dat,I'm a little confused about something.,39
scena/mp8010_01.dat:0x91525,scena/mp8010_01.dat,Don't worry. I'm perfectly fine. It's just...,46
scena/mp8010_01.dat:0x9156c,scena/mp8010_01.dat,ask anyone else to take care of.,33
scena/mp8010_01.dat:0x9158d,scena/mp8010_01.dat,It's not something I can really,32
scena/mp8010_01.dat:0x915c2,scena/mp8010_01.dat,"think things over by myself, okay?",35
scena/mp8010_01.dat:0x915e5,scena/mp8010_01.dat,I just need a little time to,29
scena/mp8010_01.dat:0x9162f,scena/mp8010_01.dat,do to help right now? Anything?,32
scena/mp8010_01.dat:0x9164f,scena/mp8010_01.dat,But isn't there something I can,32
scena/mp8010_01.dat:0x9167e,scena/mp8010_01.dat,"Oh, you bet there is!",22
scena/mp8010_01.dat:0x9170c,scena/mp8010_01.dat,Aaah! Esteeelle!,17
scena/mp8010_01.dat:0x91731,scena/mp8010_01.dat,Mm... Now this is what the doctor ordered.,43
scena/mp8010_01.dat:0x91770,scena/mp8010_01.dat,in the world. So warm and soft...,34
scena/mp8010_01.dat:0x91792,scena/mp8010_01.dat,"I swear, you're the most huggable thing",40
scena/mp8010_01.dat:0x917ce,scena/mp8010_01.dat,"Ugh... Oh, come on, Estelle!",29
scena/mp8010_01.dat:0x91850,scena/mp8010_01.dat,"I'm...really happy to have you around, Tita.",45
scena/mp8010_01.dat:0x9188c,scena/mp8010_01.dat,"whatnot like your grandpa, which is great.",43
scena/mp8010_01.dat:0x918b7,scena/mp8010_01.dat,"Obviously, you're an expert with machines and",46
scena/mp8010_01.dat:0x918f5,scena/mp8010_01.dat,"to keep fighting, you know?",28
scena/mp8010_01.dat:0x91911,scena/mp8010_01.dat,It always gives me strength,28
scena/mp8010_01.dat:0x9192d,scena/mp8010_01.dat,But you've also got the best smile.,36
scena/mp8010_01.dat:0x91961,scena/mp8010_01.dat,I do...?,9
scena/mp8010_01.dat:0x9197d,scena/mp8010_01.dat,when you two played together?,30
scena/mp8010_01.dat:0x9199b,scena/mp8010_01.dat,Of course! Remember how much fun Renne had,43
scena/mp8010_01.dat:0x919d5,scena/mp8010_01.dat,act and she was trying to trick us.,36
scena/mp8010_01.dat:0x919f9,scena/mp8010_01.dat,"Sure, maybe some of that was an",32
scena/mp8010_01.dat:0x91a2d,scena/mp8010_01.dat,all of that was a lie.,23
scena/mp8010_01.dat:0x91a44,scena/mp8010_01.dat,"But, if you ask me...I don't think",35
scena/mp8010_01.dat:0x91a77,scena/mp8010_01.dat,I'm sure even Renne appreciates you.,37
scena/mp8010_01.dat:0x91abb,scena/mp8010_01.dat,I-I hope so...,15
scena/mp8010_01.dat:0x91ad9,scena/mp8010_01.dat,That would be great if she really did...,41
scena/mp8010_01.dat:0x91b20,scena/mp8010_01.dat,There's that pretty smile! Took you long enough.,49
scena/mp8010_01.dat:0x91b72,scena/mp8010_01.dat,You're just not you without it! Period!,40
scena/mp8010_01.dat:0x91bb9,scena/mp8010_01.dat,"whenever you get flustered and tear up, too.",45
scena/mp8010_01.dat:0x91be6,scena/mp8010_01.dat,Although I can't deny that you look pretty cute,48
scena/mp8010_01.dat:0x91c26,scena/mp8010_01.dat,Estelle! That's enough already!,32
scena/mp8010_01.dat:0x91c59,scena/mp8010_01.dat,to hear you say all that.,26
scena/mp8010_01.dat:0x91c73,scena/mp8010_01.dat,But thank you. I'm really happy,32
scena/mp8010_01.dat:0x91ca3,scena/mp8010_01.dat,I think I'll go back to my seat now.,37
scena/mp8010_01.dat:0x91ceb,scena/mp8010_01.dat,"Sounds good. Later, Tita.",26
scena/mp8010_01.dat:0x91d6b,scena/mp8010_01.dat,Hmm... Now it all makes sense.,31
scena/mp8010_01.dat:0x91d9a,scena/mp8010_01.dat,to pay Estelle a little visit.,31
scena/mp8010_01.dat:0x91db9,scena/mp8010_01.dat,"You see, those reporters decided",33
scena/mp8010_01.dat:0x91de9,scena/mp8010_01.dat,amiss. I was rather curious what they discussed.,49
scena/mp8010_01.dat:0x91e1a,scena/mp8010_01.dat,"When I saw the poor girl later, something looked",49
scena/mp8010_01.dat:0x91e5a,scena/mp8010_01.dat,"But now, it's all become quite clear.",38
scena/mp8010_01.dat:0x91ec9,scena/mp8010_01.dat,need to report it to the Royal Army.,37
scena/mp8010_01.dat:0x91eee,scena/mp8010_01.dat,"Yes, that's perfectly fine. You don't ",39
scena/mp8010_01.dat:0x91f2c,scena/mp8010_01.dat,"already predicted all of this, anyway.",39
scena/mp8010_01.dat:0x91f53,scena/mp8010_01.dat,I'm sure a certain someone has,31
scena/mp8010_01.dat:0x91fba,scena/mp8010_01.dat,"to read people, don't I?",25
scena/mp8010_01.dat:0x91fd3,scena/mp8010_01.dat,Haha! I certainly know how ,28
scena/mp8010_01.dat:0x91fff,scena/mp8010_01.dat,"but I suppose I have to be right sometimes, no?",48
scena/mp8010_01.dat:0x9202f,scena/mp8010_01.dat,"Truth be told, it was mere conjecture,",39
scena/mp8010_01.dat:0x920a5,scena/mp8010_01.dat,so worked up about it.,23
scena/mp8010_01.dat:0x920bc,scena/mp8010_01.dat,"Yes, yes, I know. No need to get",33
scena/mp8010_01.dat:0x920fe,scena/mp8010_01.dat,preparations once you're back in the capital.,46
scena/mp8010_01.dat:0x9212c,scena/mp8010_01.dat,"More to the point, proceed with the",36
scena/mp8010_01.dat:0x9215f,scena/mp8010_01.dat,"Yes... Ideally, so that 'he' must get involved.",48
scena/mp8010_01.dat:0x9219f,scena/mp8010_01.dat,"Best of luck to you, old friend.",33
scena/mp8010_01.dat:0x921e9,scena/mp8010_01.dat,against the likes of Mueller says a lot.,41
scena/mp8010_01.dat:0x92212,scena/mp8010_01.dat,Hm... That he could hold his own,33
scena/mp8010_01.dat:0x92243,scena/mp8010_01.dat,from a former agent of the Society.,36
scena/mp8010_01.dat:0x92267,scena/mp8010_01.dat,I suppose that's to be expected,32
scena/mp8010_01.dat:0x922c4,scena/mp8010_01.dat,"Still, never in a million years",32
scena/mp8010_01.dat:0x922f4,scena/mp8010_01.dat,Right about what?,18
scena/mp8010_01.dat:0x9234f,scena/mp8010_01.dat,"here, whispering to yourself?",30
scena/mp8010_01.dat:0x9236d,scena/mp8010_01.dat,What're you doing down,23
scena/mp8010_01.dat:0x923a1,scena/mp8010_01.dat,Wait a minute.,15
scena/mp8010_01.dat:0x923c4,scena/mp8010_01.dat,Were you talking to someone just now?,38
scena/mp8010_01.dat:0x92417,scena/mp8010_01.dat,I haven't a clue what you mean.,32
scena/mp8010_01.dat:0x92447,scena/mp8010_01.dat,liaisons with fair ladies other than yourself?,47
scena/mp8010_01.dat:0x92476,scena/mp8010_01.dat,Are you suggesting that I would have secret,44
scena/mp8010_01.dat:0x924b1,scena/mp8010_01.dat,That's weird...,16
scena/mp8010_01.dat:0x924db,scena/mp8010_01.dat,you were having a conversation.,32
scena/mp8010_01.dat:0x924fb,scena/mp8010_01.dat,It sure sounded to me like,27
scena/mp8010_01.dat:0x92526,scena/mp8010_01.dat,"Hahaha! Alas, you've caught me.",32
scena/mp8010_01.dat:0x92567,scena/mp8010_01.dat,It seems you heard me talking to myself.,41
scena/mp8010_01.dat:0x925b2,scena/mp8010_01.dat,You were...talking to yourself?,32
scena/mp8010_01.dat:0x925e1,scena/mp8010_01.dat,"accurate, I must admit.",24
scena/mp8010_01.dat:0x925f9,scena/mp8010_01.dat,"Well, that may not be entirely",31
scena/mp8010_01.dat:0x92634,scena/mp8010_01.dat,I once had in a play that I performed.,39
scena/mp8010_01.dat:0x9265b,scena/mp8010_01.dat,"You see, I was going over some old lines",41
scena/mp8010_01.dat:0x926a1,scena/mp8010_01.dat,a place like this?,19
scena/mp8010_01.dat:0x926b4,scena/mp8010_01.dat,You were reciting old lines...in,33
scena/mp8010_01.dat:0x926e4,scena/mp8010_01.dat,closest city in Liberl to the Erebonian Empire.,48
scena/mp8010_01.dat:0x92714,scena/mp8010_01.dat,"Well, yes! Bose, as you're well aware, is the",46
scena/mp8010_01.dat:0x92761,scena/mp8010_01.dat,caught in the throes of nostalgia.,35
scena/mp8010_01.dat:0x92784,scena/mp8010_01.dat,"As we approach, I find myself",30
scena/mp8010_01.dat:0x927c6,scena/mp8010_01.dat,days long gone simply slipped out of my mouth afresh.,54
scena/mp8010_01.dat:0x927fc,scena/mp8010_01.dat,"Little wonder, then, that words spoken in bittersweet",54
scena/mp8010_01.dat:0x9284f,scena/mp8010_01.dat,That makes total sense...,26
scena/mp8010_01.dat:0x92878,scena/mp8010_01.dat,NOT! Who do you think you're kidding?,38
scena/mp8010_01.dat:0x928da,scena/mp8010_01.dat,that doesn't add up about you.,31
scena/mp8010_01.dat:0x928f9,scena/mp8010_01.dat,"You know, there's a lot of stuff",33
scena/mp8010_01.dat:0x9293a,scena/mp8010_01.dat,with my dad earlier.,21
scena/mp8010_01.dat:0x9294f,scena/mp8010_01.dat,Like how you were whispering,29
scena/mp8010_01.dat:0x92992,scena/mp8010_01.dat,Fess up!,9
scena/mp8010_01.dat:0x9299b,scena/mp8010_01.dat,"What are you really after, mister?",35
scena/mp8010_01.dat:0x929de,scena/mp8010_01.dat,"like this by you, of all people.",33
scena/mp8010_01.dat:0x929ff,scena/mp8010_01.dat,Oh my! I didn't expect to be confronted,40
scena/mp8010_01.dat:0x92a4b,scena/mp8010_01.dat,"Oh, how you've grown, my dear Estelle.",39
scena/mp8010_01.dat:0x92a82,scena/mp8010_01.dat,around me to thank for that.,29
scena/mp8010_01.dat:0x92a9f,scena/mp8010_01.dat,Hmph. I've got everyone else,29
scena/mp8010_01.dat:0x92af0,scena/mp8010_01.dat,Now answer me! Are you gonna talk or not?,42
scena/mp8010_01.dat:0x92b38,scena/mp8010_01.dat,I can offer you some peace of mind.,36
scena/mp8010_01.dat:0x92b5c,scena/mp8010_01.dat,"I'll opt for the latter for now, but",37
scena/mp8010_01.dat:0x92b9b,scena/mp8010_01.dat,I hope that will suffice for the time being.,45
scena/mp8010_01.dat:0x92c06,scena/mp8010_01.dat,pirates and their airship...,29
scena/mp8010_01.dat:0x92c23,scena/mp8010_01.dat,"You see, about the sky",23
scena/mp8010_01.dat:0x92c4a,scena/mp8010_01.dat,"reclaiming it, and this shall all blow over.",45
scena/mp8010_01.dat:0x92c77,scena/mp8010_01.dat,I suspect little will come of them,35
scena/mp8010_01.dat:0x92cca,scena/mp8010_01.dat,"I explained it before, did I not?",34
scena/mp8010_01.dat:0x92d09,scena/mp8010_01.dat,"the Empire. It's poor optics, you see.",39
scena/mp8010_01.dat:0x92d30,scena/mp8010_01.dat,Erebonian nobles is rather inconvenient for,44
scena/mp8010_01.dat:0x92d5c,scena/mp8010_01.dat,The sky pirates being none other than former,45
scena/mp8010_01.dat:0x92d98,scena/mp8010_01.dat,to press the issue.,20
scena/mp8010_01.dat:0x92dac,scena/mp8010_01.dat,"non-aggression pact, it isn't in Liberl's interests",52
scena/mp8010_01.dat:0x92de0,scena/mp8010_01.dat,"Likewise, in the interest of finalizing the",44
scena/mp8010_01.dat:0x92e26,scena/mp8010_01.dat,is a blessing in disguise. It removes a source of,50
scena/mp8010_01.dat:0x92e58,scena/mp8010_01.dat,"In that sense, the incident happening when it did",50
scena/mp8010_01.dat:0x92ea9,scena/mp8010_01.dat,I hadn't thought of it like that...,36
scena/mp8010_01.dat:0x92eeb,scena/mp8010_01.dat,"piracy, that wouldn't necessarily be the case.",47
scena/mp8010_01.dat:0x92f1a,scena/mp8010_01.dat,"Obviously, if the Capuas were to resume their",46
scena/mp8010_01.dat:0x92f58,scena/mp8010_01.dat,to fear any such thing.,24
scena/mp8010_01.dat:0x92f70,scena/mp8010_01.dat,"However, I see little reason",29
scena/mp8010_01.dat:0x92f9d,scena/mp8010_01.dat,"Y-Yeah, that's true...",23
scena/mp8010_01.dat:0x92fc3,scena/mp8010_01.dat,get up to any thieving on his watch.),38
scena/mp8010_01.dat:0x92fe9,scena/mp8010_01.dat,(I can't imagine Joshua would let them,39
scena/mp8010_01.dat:0x9304e,scena/mp8010_01.dat,they won't act out again?,26
scena/mp8010_01.dat:0x93068,scena/mp8010_01.dat,But how can you be so confident,32
scena/mp8010_01.dat:0x93097,scena/mp8010_01.dat,with that assertion? Hmm?,26
scena/mp8010_01.dat:0x930b1,scena/mp8010_01.dat,"Well, why did YOU just agree",29
scena/mp8010_01.dat:0x93107,scena/mp8010_01.dat,"On that note, I think I'll return to my seat.",46
scena/mp8010_01.dat:0x9315a,scena/mp8010_01.dat,"Care to join me, Estelle?",26
scena/mp8010_01.dat:0x93193,scena/mp8010_01.dat,Hard pass.,11
scena/mp8010_01.dat:0x931ae,scena/mp8010_01.dat,"Actually, there's just one more thing, Olivier?",48
scena/mp8010_01.dat:0x931ee,scena/mp8010_01.dat,And that would be?,19
scena/mp8010_01.dat:0x9321b,scena/mp8010_01.dat,I don't know about you.,24
scena/mp8010_01.dat:0x93233,scena/mp8010_01.dat,"I have to admit, there's a lot",31
scena/mp8010_01.dat:0x93269,scena/mp8010_01.dat,a friend I can really depend on.,33
scena/mp8010_01.dat:0x9328a,scena/mp8010_01.dat,"But, I've come to think of you as",34
scena/mp8010_01.dat:0x932bc,scena/mp8010_01.dat,matter what happens.,21
scena/mp8010_01.dat:0x932d1,scena/mp8010_01.dat,"Someone I can always trust, no",31
scena/mp8010_01.dat:0x93300,scena/mp8010_01.dat,Is that... Am I asking too much of you?,40
scena/mp8010_01.dat:0x93397,scena/mp8010_01.dat,Wh-What? Why're you getting all bug-eyed?,42
scena/mp8010_01.dat:0x933d0,scena/mp8010_01.dat,"O-Oh, forgive me.",18
scena/mp8010_01.dat:0x933fe,scena/mp8010_01.dat,you could never impose upon me!,32
scena/mp8010_01.dat:0x9341e,scena/mp8010_01.dat,"I assure you, my dear Estelle,",31
scena/mp8010_01.dat:0x93464,scena/mp8010_01.dat,I shall do everything in my power to keep earning it!,54
scena/mp8010_01.dat:0x9349a,scena/mp8010_01.dat,I do so cherish your love and trust!,37
scena/mp8010_01.dat:0x934ce,scena/mp8010_01.dat,"Trust me, what I feel is NOT love.",35
scena/mp8010_01.dat:0x93510,scena/mp8010_01.dat,"But okay. Thanks, Olivier.",27
scena/mp8010_01.dat:0x9354a,scena/mp8010_01.dat,Think nothing of it.,21
scena/mp8010_01.dat:0x9356f,scena/mp8010_01.dat,"With that, I shall be on my merry way.",39
scena/mp8010_01.dat:0x935de,scena/mp8010_01.dat,Woman's Voice,14
scena/mp8010_01.dat:0x935ec,scena/mp8010_01.dat,"<C1>Your attention, please.",28
scena/mp8010_01.dat:0x93617,scena/mp8010_01.dat,in the City of Rolent.,23
scena/mp8010_01.dat:0x9362e,scena/mp8010_01.dat,<C1>We will shortly be arriving,32
scena/mp8010_01.dat:0x9365d,scena/mp8010_01.dat,so please return to your seat without delay.,45
scena/mp8010_01.dat:0x9368a,scena/mp8010_01.dat,"<C1>There may be some bumps as we come in to land, ",52
scena/mp8010_01.dat:0x937e2,scena/mp8010_01.dat,"Come on, Estelle. Back to your seat.",37
scena/mp8010_01.dat:0x93816,scena/mp8010_01.dat,I don't want you to get hurt.,30
scena/mp8010_01.dat:0x93843,scena/mp8010_01.dat,"Mm, okay.",10
scena/mp8010_01.dat:0x9387f,scena/mp8010_01.dat,Woman's Voice,14
scena/mp8010_01.dat:0x9388d,scena/mp8010_01.dat,Liberl Airship Corporation today.,34
scena/mp8010_01.dat:0x938af,scena/mp8010_01.dat,Thank you for flying with the,30
scena/mp8010_01.dat:0x938e4,scena/mp8010_01.dat,sure you have all your belongings before... <w4500>Huh?,56
scena/mp8010_01.dat:0x9391c,scena/mp8010_01.dat,"If you are disembarking at Rolent, please make",47
scena/mp8010_01.dat:0x93a8d,scena/mp8010_01.dat,What on earth...?,18
scena/mp8010_01.dat:0x93ad6,scena/mp8010_01.dat,Wh-What's going on?!,21
scena/mp8010_01.dat:0x93b0e,scena/mp8010_01.dat,cloud cover at such a low altitude?!,37
scena/mp8010_01.dat:0x93b33,scena/mp8010_01.dat,How did we suddenly encounter,30
scena/mp8010_01.dat:0x93b73,scena/mp8010_01.dat,"N-No, this isn't a cloud!",26
scena/mp8010_01.dat:0x93b9d,scena/mp8010_01.dat,Incoming transmission from the control tower!,46
scena/mp8010_01.dat:0x93bda,scena/mp8010_01.dat,broken out across all of Rolent.,33
scena/mp8010_01.dat:0x93bfb,scena/mp8010_01.dat,They say a thick fog has just,30
scena/mp8010_01.dat:0x93c28,scena/mp8010_01.dat,What did you say...?!,22
scena/mp8010_01.dat:0x93c61,scena/mp8010_01.dat,I've never seen anything like it...,36
scena/mp8010_01.dat:0x93ca9,scena/mp8010_01.dat,Wow... It's as white as snow!,30
scena/mp8010_01.dat:0x93cde,scena/mp8010_01.dat,"Curious. Did we just fly into a cloud, perhaps?",48
scena/mp8010_01.dat:0x93d25,scena/mp8010_01.dat,to be running into anything like that.,39
scena/mp8010_01.dat:0x93d4c,scena/mp8010_01.dat,"Maybe, but we're flying awfully low",36
scena/mp8010_01.dat:0x93d7f,scena/mp8010_01.dat,often when airships are landing?,33
scena/mp8010_01.dat:0x93da0,scena/mp8010_01.dat,Does this sort of thing happen,31
scena/mp8010_01.dat:0x93dde,scena/mp8010_01.dat,never had something like this happen.,38
scena/mp8010_01.dat:0x93e04,scena/mp8010_01.dat,"Not as far as I know. Hell, I've",33
scena/mp8010_01.dat:0x93e43,scena/mp8010_01.dat,Neither have I...,18
scena/mp8010_01.dat:0x93ef5,scena/mp8010_01.dat,"Attention, passengers. Please remain calm.",43
scena/mp8010_01.dat:0x93f37,scena/mp8010_01.dat,has descended upon the entire city of Rolent.,46
scena/mp8010_01.dat:0x93f65,scena/mp8010_01.dat,"According to the control tower, a thick fog",44
scena/mp8010_01.dat:0x93fa8,scena/mp8010_01.dat,we land.,9
scena/mp8010_01.dat:0x93fb1,scena/mp8010_01.dat,searchlights so that we can maintain visibility as,51
scena/mp8010_01.dat:0x93fe4,scena/mp8010_01.dat,"Right now, the landing port is setting up nighttime",52
scena/mp8010_01.dat:0x9402f,scena/mp8010_01.dat,We appreciate your patience.,29
scena/mp8010_01.dat:0x94063,scena/mp8010_01.dat,This is fog?,13
scena/mp8010_01.dat:0x9407f,scena/mp8010_01.dat,but isn't it usually just a thin haze?,39
scena/mp8010_01.dat:0x940a6,scena/mp8010_01.dat,"I mean, sure, Rolent gets fog sometimes,",41
scena/mp8010_01.dat:0x940f7,scena/mp8010_01.dat,it ever being this thick.,26
scena/mp8010_01.dat:0x94111,scena/mp8010_01.dat,Definitely. I don't remember,29
scena/mp8010_01.dat:0x9413e,scena/mp8010_01.dat,Something doesn't feel right about this...,43
scena/mp8010_01.dat:0x941d2,scena/mp8010_01.dat,"What's up, Agate?",18
scena/mp8010_01.dat:0x9421e,scena/mp8010_01.dat,You wanderin' round the ship again?,36
scena/mp8010_01.dat:0x94251,scena/mp8010_01.dat,"Yeah, kinda.",13
scena/mp8010_01.dat:0x94271,scena/mp8010_01.dat,About that thing we went through...,36
scena/mp8010_01.dat:0x942b5,scena/mp8010_01.dat,What thing...?,15
scena/mp8010_01.dat:0x942df,scena/mp8010_01.dat,"Y'know, being put to sleep back in Mistwald.",45
scena/mp8010_01.dat:0x9431b,scena/mp8010_01.dat,"Um, did you have a dream, too?",31
scena/mp8010_01.dat:0x943b3,scena/mp8010_01.dat,Was it bad of me to ask?,25
scena/mp8010_01.dat:0x943db,scena/mp8010_01.dat,Nah...it's nothin'.,20
scena/mp8010_01.dat:0x94411,scena/mp8010_01.dat,"Yeah, I had a dream, too.",26
scena/mp8010_01.dat:0x9443f,scena/mp8010_01.dat,it was really nostalgic.,25
scena/mp8010_01.dat:0x94458,scena/mp8010_01.dat,"And, from what I remember,",27
scena/mp8010_01.dat:0x94483,scena/mp8010_01.dat,"You too, huh?",14
scena/mp8010_01.dat:0x944f3,scena/mp8010_01.dat,you saw' written all over your face.,37
scena/mp8010_01.dat:0x94518,scena/mp8010_01.dat,"Hah, you have 'I want to know what",35
scena/mp8010_01.dat:0x9455a,scena/mp8010_01.dat,"a kid back in the village, that's all.",39
scena/mp8010_01.dat:0x94581,scena/mp8010_01.dat,It was just random memories from bein',39
scena/mp8010_01.dat:0x945c9,scena/mp8010_01.dat,"Oh, haha...got it.",19
scena/mp8010_01.dat:0x945f0,scena/mp8010_01.dat,"Ravennue, aren't you?",22
scena/mp8010_01.dat:0x94606,scena/mp8010_01.dat,"By the way, Agate...you're from",32
scena/mp8010_01.dat:0x94636,scena/mp8010_01.dat,So this'll be your first time home in a long time.,51
scena/mp8010_01.dat:0x94678,scena/mp8010_01.dat,dealin' with those Special Ops dudes.,38
scena/mp8010_01.dat:0x9469e,scena/mp8010_01.dat,"Actually, I was there not long ago",35
scena/mp8010_01.dat:0x946d5,scena/mp8010_01.dat,"Yeah, it's been a while.",25
scena/mp8010_01.dat:0x94702,scena/mp8010_01.dat,"Birthday Festival, though.",27
scena/mp8010_01.dat:0x9471d,scena/mp8010_01.dat,I went back briefly after the,30
scena/mp8010_01.dat:0x9474f,scena/mp8010_01.dat,"Hey, wait a minute.",20
scena/mp8010_01.dat:0x94780,scena/mp8010_01.dat,I'm gonna be goin' home?,25
scena/mp8010_01.dat:0x94799,scena/mp8010_01.dat,What makes you assume that,27
scena/mp8010_01.dat:0x947c3,scena/mp8010_01.dat,No need to get all embarrassed!,32
scena/mp8010_01.dat:0x947f3,scena/mp8010_01.dat,"sister back home, right?",25
scena/mp8010_01.dat:0x9480c,scena/mp8010_01.dat,You said you have a little,27
scena/mp8010_01.dat:0x94845,scena/mp8010_01.dat,"doting big brother, aren't you?",32
scena/mp8010_01.dat:0x94865,scena/mp8010_01.dat,"Haha, I bet you're a real",26
scena/mp8010_01.dat:0x9488e,scena/mp8010_01.dat,"Uh, that's...",14
scena/mp8010_01.dat:0x948cf,scena/mp8010_01.dat,"is your house, anyway?",23
scena/mp8010_01.dat:0x948e6,scena/mp8010_01.dat,But where the heck in Ravennue,31
scena/mp8010_01.dat:0x94914,scena/mp8010_01.dat,there dealing with the sky pirates.,36
scena/mp8010_01.dat:0x94938,scena/mp8010_01.dat,could've been your sister when I was,37
scena/mp8010_01.dat:0x9495d,scena/mp8010_01.dat,I don't remember seeing anybody who,36
scena/mp8010_01.dat:0x94990,scena/mp8010_01.dat,The girl who was with Louie seemed too small...,48
scena/mp8010_01.dat:0x949e5,scena/mp8010_01.dat,"...I'll introduce you to Mischa soon enough, okay?",51
scena/mp8010_01.dat:0x94a34,scena/mp8010_01.dat,That's if we end up goin' to the village.,42
scena/mp8010_01.dat:0x94a6d,scena/mp8010_01.dat,"Oh, okay. Looking forward to it!",33
scena/mp8010_01.dat:0x94ab3,scena/mp8010_01.dat,We'd better take Tita with us.,31
scena/mp8010_01.dat:0x94ad2,scena/mp8010_01.dat,In that case...,16
scena/mp8010_01.dat:0x94afa,scena/mp8010_01.dat,Wh-Why would we have to do that?!,34
scena/mp8010_01.dat:0x94b2f,scena/mp8010_01.dat,how attached she is to you.,28
scena/mp8010_01.dat:0x94b4b,scena/mp8010_01.dat,"Come on, Agate! Surely you've noticed",38
scena/mp8010_01.dat:0x94b9e,scena/mp8010_01.dat,if you don't introduce her?,28
scena/mp8010_01.dat:0x94bba,scena/mp8010_01.dat,Don't you think she'd be bummed,32
scena/mp8010_01.dat:0x94c30,scena/mp8010_01.dat,"Oh, I get it!",14
scena/mp8010_01.dat:0x94c4d,scena/mp8010_01.dat,"Tita to your sis, do you?!",27
scena/mp8010_01.dat:0x94c68,scena/mp8010_01.dat,You don't want to introduce,28
scena/mp8010_01.dat:0x94ca1,scena/mp8010_01.dat,"I, uh...",9
scena/mp8010_01.dat:0x94ccc,scena/mp8010_01.dat,Hahaha! Knew it!,17
scena/mp8010_01.dat:0x94ced,scena/mp8010_01.dat,jealous of each other over you...,34
scena/mp8010_01.dat:0x94d0f,scena/mp8010_01.dat,They'll probably end up getting,32
scena/mp8010_01.dat:0x94d99,scena/mp8010_01.dat,"What... Oh, is that what you meant?",36
scena/mp8010_01.dat:0x94de5,scena/mp8010_01.dat,I'll keep things under control.,32
scena/mp8010_01.dat:0x94e05,scena/mp8010_01.dat,"Relax, okay?",13
scena/mp8010_01.dat:0x94e22,scena/mp8010_01.dat,So just relax and introduce them!,34
scena/mp8010_01.dat:0x94e53,scena/mp8010_01.dat,Huh... I guess.,16
scena/mp8010_01.dat:0x94e73,scena/mp8010_01.dat,"I'll be holdin' you to that, okay?",35
scena/mp8010_01.dat:0x94ec9,scena/mp8010_01.dat,"Wandering around again, huh?",29
scena/mp8010_01.dat:0x94ee6,scena/mp8010_01.dat,Hey Estelle!,13
scena/mp8010_01.dat:0x94f03,scena/mp8010_01.dat,"Yeah, kinda.",13
scena/mp8010_01.dat:0x94f23,scena/mp8010_01.dat,what happened back there...,28
scena/mp8010_01.dat:0x94f3f,scena/mp8010_01.dat,Actually... I was wondering about,34
scena/mp8010_01.dat:0x94f81,scena/mp8010_01.dat,"Did you have a dream, too?",27
scena/mp8010_01.dat:0x94faf,scena/mp8010_01.dat,"Oh, yeah, I did.",17
scena/mp8010_01.dat:0x94fcf,scena/mp8010_01.dat,I had a dream that my mom and dad came home.,45
scena/mp8010_01.dat:0x9500b,scena/mp8010_01.dat,each other just like old times.,32
scena/mp8010_01.dat:0x9502b,scena/mp8010_01.dat,Mom and Grandpa were bickering with,36
scena/mp8010_01.dat:0x9505f,scena/mp8010_01.dat,"Oh, right...",13
scena/mp8010_01.dat:0x9507c,scena/mp8010_01.dat,"Sounds like it was quite a good dream, though.",47
scena/mp8010_01.dat:0x950da,scena/mp8010_01.dat,"You guys were in it, too, you know.",36
scena/mp8010_01.dat:0x95111,scena/mp8010_01.dat,Oh yeah?,9
scena/mp8010_01.dat:0x95129,scena/mp8010_01.dat,where Mom and Dad came home.,29
scena/mp8010_01.dat:0x95146,scena/mp8010_01.dat,Yep! It was after the bit,26
scena/mp8010_01.dat:0x95170,scena/mp8010_01.dat,You and Joshua and Mr. Agate all came to visit me.,51
scena/mp8010_01.dat:0x951c0,scena/mp8010_01.dat,all going to the hot springs together.,39
scena/mp8010_01.dat:0x951e7,scena/mp8010_01.dat,And then Grandpa had the idea of us,36
scena/mp8010_01.dat:0x9521b,scena/mp8010_01.dat,That sounds like a really fun dream.,37
scena/mp8010_01.dat:0x95240,scena/mp8010_01.dat,No kidding?,12
scena/mp8010_01.dat:0x9526d,scena/mp8010_01.dat,We've gotta make sure it comes true!,37
scena/mp8010_01.dat:0x95292,scena/mp8010_01.dat,You know what?,15
scena/mp8010_01.dat:0x952d5,scena/mp8010_01.dat,"Yeah, kinda.",13
scena/mp8010_01.dat:0x95302,scena/mp8010_01.dat,"first time in Bose, Tita?",26
scena/mp8010_01.dat:0x9531c,scena/mp8010_01.dat,"Anyway, is this gonna be your",30
scena/mp8010_01.dat:0x9534d,scena/mp8010_01.dat,"Yep, first time.",17
scena/mp8010_01.dat:0x9536d,scena/mp8010_01.dat,"huge store there, actually.",28
scena/mp8010_01.dat:0x95389,scena/mp8010_01.dat,I heard that there's this,26
scena/mp8010_01.dat:0x953b2,scena/mp8010_01.dat,"Yeah, that'll be Bose Market.",30
scena/mp8010_01.dat:0x953df,scena/mp8010_01.dat,"in Grancel, but even bigger!",29
scena/mp8010_01.dat:0x953fc,scena/mp8010_01.dat,It's like the department store,31
scena/mp8010_01.dat:0x9542b,scena/mp8010_01.dat,and it's always really lively.,31
scena/mp8010_01.dat:0x9544a,scena/mp8010_01.dat,It's got lots of different shops,33
scena/mp8010_01.dat:0x9547b,scena/mp8010_01.dat,"Wow, sounds amazing!",21
scena/mp8010_01.dat:0x954ae,scena/mp8010_01.dat,I can't wait 'til we arrive now!,33
scena/mp8010_01.dat:0x954fb,scena/mp8010_01.dat,Have you ever been to Ravennue?,32
scena/mp8010_01.dat:0x9551b,scena/mp8010_01.dat,"By the way, Estelle.",21
scena/mp8010_01.dat:0x9553f,scena/mp8010_01.dat,"Yeah, I went on a work thing once.",35
scena/mp8010_01.dat:0x95579,scena/mp8010_01.dat,"That's where Agate's from, right?",34
scena/mp8010_01.dat:0x9559b,scena/mp8010_01.dat,"Oh, right...",13
scena/mp8010_01.dat:0x955ca,scena/mp8010_01.dat,"Yeah, and his little sister Mischa still lives there.",54
scena/mp8010_01.dat:0x95610,scena/mp8010_01.dat,times a year so he can see her.,32
scena/mp8010_01.dat:0x95630,scena/mp8010_01.dat,I think he goes back to visit a few,36
scena/mp8010_01.dat:0x95663,scena/mp8010_01.dat,Really? Oh!,12
scena/mp8010_01.dat:0x9568f,scena/mp8010_01.dat,Imagine being Agate's little sister...,39
scena/mp8010_01.dat:0x956d1,scena/mp8010_01.dat,brother as prickly as him.,27
scena/mp8010_01.dat:0x956ec,scena/mp8010_01.dat,It must be tough having a,26
scena/mp8010_01.dat:0x95715,scena/mp8010_01.dat,Estelle! Don't be mean!,24
scena/mp8010_01.dat:0x95742,scena/mp8010_01.dat,but I think he's nice deep down.,33
scena/mp8010_01.dat:0x95763,scena/mp8010_01.dat,"He can be kinda blunt sometimes,",33
scena/mp8010_01.dat:0x957a6,scena/mp8010_01.dat,"Yeah, yeah, if you say so.",27
scena/mp8010_01.dat:0x957d6,scena/mp8010_01.dat,And easily embarrassed.,24
scena/mp8010_01.dat:0x957ee,scena/mp8010_01.dat,"He's definitely awkward, though.",33
scena/mp8010_01.dat:0x9583d,scena/mp8010_01.dat,I think Mischa must be a really lovely person.,47
scena/mp8010_01.dat:0x9587c,scena/mp8010_01.dat,"he has this soft, kind look in his eyes...",43
scena/mp8010_01.dat:0x958a7,scena/mp8010_01.dat,"Whenever Mr. Agate talks about her,",36
scena/mp8010_01.dat:0x95951,scena/mp8010_01.dat,Huh? Something wrong?,22
scena/mp8010_01.dat:0x9597a,scena/mp8010_01.dat,"No, it's nothing.",18
scena/mp8010_01.dat:0x959b9,scena/mp8010_01.dat,I've got a funny feeling in my chest...,40
scena/mp8010_01.dat:0x959e1,scena/mp8010_01.dat,It's just...,13
scena/mp8010_01.dat:0x95a0e,scena/mp8010_01.dat,"Haha, I wonder why...",22
scena/mp8010_01.dat:0x95a41,scena/mp8010_01.dat,That'll be jealousy for you.),30
scena/mp8010_01.dat:0x95aaf,scena/mp8010_01.dat,So we're finally arriving in Bose.,35
scena/mp8010_01.dat:0x95ad2,scena/mp8010_01.dat,"Ah, my dear Estelle.",21
scena/mp8010_01.dat:0x95b05,scena/mp8010_01.dat,of our first ever meeting.,27
scena/mp8010_01.dat:0x95b20,scena/mp8010_01.dat,A place blessed with the memories,34
scena/mp8010_01.dat:0x95b51,scena/mp8010_01.dat,"It almost moves you to tears, doesn't it?",42
scena/mp8010_01.dat:0x95b9b,scena/mp8010_01.dat,But as for the tears...,24
scena/mp8010_01.dat:0x95bb3,scena/mp8010_01.dat,I guess it's kinda nostalgic.,30
scena/mp8010_01.dat:0x95be1,scena/mp8010_01.dat,"me back then, Olivier?",23
scena/mp8010_01.dat:0x95bf8,scena/mp8010_01.dat,Weren't you pretty rude to,27
scena/mp8010_01.dat:0x95c30,scena/mp8010_01.dat,was 'lacking in feminine charm.',33
scena/mp8010_01.dat:0x95c51,scena/mp8010_01.dat,You made fun of me a lot and said I,36
scena/mp8010_01.dat:0x95c91,scena/mp8010_01.dat,"Ah, you misunderstand me.",26
scena/mp8010_01.dat:0x95ccd,scena/mp8010_01.dat,my feelings by being mean to girls I like.,43
scena/mp8010_01.dat:0x95cf8,scena/mp8010_01.dat,"That's just my adorable, coy way of concealing",47
scena/mp8010_01.dat:0x95d4c,scena/mp8010_01.dat,Do I look like I was born yesterday?!,38
scena/mp8010_01.dat:0x95d97,scena/mp8010_01.dat,making moves on Schera and Joshua!,35
scena/mp8010_01.dat:0x95dba,scena/mp8010_01.dat,"Besides, you sure didn't waste any time",40
scena/mp8010_01.dat:0x95df5,scena/mp8010_01.dat,"Well, be that as it may...",27
scena/mp8010_01.dat:0x95e34,scena/mp8010_01.dat,that easily rivals theirs.,27
scena/mp8010_01.dat:0x95e4f,scena/mp8010_01.dat,"These days, you shine with a charm",35
scena/mp8010_01.dat:0x95e81,scena/mp8010_01.dat,the exquisite shyness of a young girl.,39
scena/mp8010_01.dat:0x95ea8,scena/mp8010_01.dat,"A radiant, vibrant allure paired with",38
scena/mp8010_01.dat:0x95f03,scena/mp8010_01.dat,"Ah, yes indeed, you've blossomed.",34
scena/mp8010_01.dat:0x95f44,scena/mp8010_01.dat,Er... Thanks?,14
scena/mp8010_01.dat:0x95f61,scena/mp8010_01.dat,embarrassing stuff like that.,30
scena/mp8010_01.dat:0x95f7f,scena/mp8010_01.dat,But I'd rather you didn't say,30
scena/mp8010_01.dat:0x95fc7,scena/mp8010_01.dat,"Oh, there's no need to be embarrassed.",39
scena/mp8010_01.dat:0x96010,scena/mp8010_01.dat,climbing the stairs to adulthood.,34
scena/mp8010_01.dat:0x96032,scena/mp8010_01.dat,But you've only just begun,27
scena/mp8010_01.dat:0x9606a,scena/mp8010_01.dat,I shall surrender myself to you willingly.,43
scena/mp8010_01.dat:0x96095,scena/mp8010_01.dat,"So should you need any guidance along the way,",47
scena/mp8010_01.dat:0x960d3,scena/mp8010_01.dat,"Yeah, I'm good.",16
scena/mp8010_01.dat:0x960f6,scena/mp8010_01.dat,I'd rather go to Schera for it than you.,41
scena/mp8010_01.dat:0x9611f,scena/mp8010_01.dat,"Even if I did need that kind of advice,",40
scena/mp8010_01.dat:0x9616c,scena/mp8010_01.dat,"Hm, a crying shame.",20
scena/mp8010_01.dat:0x96190,scena/mp8010_01.dat,you by the hand and guide you...,33
scena/mp8010_01.dat:0x961b1,scena/mp8010_01.dat,"Still, I suppose Schera could take",35
scena/mp8010_01.dat:0x96270,scena/mp8010_01.dat,Hey! Get that image out of your head!,38
scena/mp8010_01.dat:0x962dc,scena/mp8010_01.dat,Moving on...,13
scena/mp8010_01.dat:0x962f9,scena/mp8010_01.dat,"You got put to sleep that time, too, right?",44
scena/mp8010_01.dat:0x96345,scena/mp8010_01.dat,I wondered if you dreamed anything?,36
scena/mp8010_01.dat:0x963d9,scena/mp8010_01.dat,Huh? Something wrong?,22
scena/mp8010_01.dat:0x96402,scena/mp8010_01.dat,It was a terrible waste.,25
scena/mp8010_01.dat:0x9641b,scena/mp8010_01.dat,It's just...,13
scena/mp8010_01.dat:0x96449,scena/mp8010_01.dat,a harem of stunning beauties.,30
scena/mp8010_01.dat:0x96467,scena/mp8010_01.dat,"In the dream, I was surrounded by",34
scena/mp8010_01.dat:0x964af,scena/mp8010_01.dat,to do had you not woken me up...,33
scena/mp8010_01.dat:0x964d0,scena/mp8010_01.dat,Who knows what I might have been able,38
scena/mp8010_01.dat:0x96516,scena/mp8010_01.dat,it up to me by taking their place.,35
scena/mp8010_01.dat:0x96539,scena/mp8010_01.dat,"Haha, I might have to ask you to make",38
scena/mp8010_01.dat:0x9657c,scena/mp8010_01.dat,My staff can arrange that for you.,35
scena/mp8010_01.dat:0x9659f,scena/mp8010_01.dat,Wanna go to sleep permanently?,31
scena/mp8010_01.dat:0x965dd,scena/mp8010_01.dat,"No, no. I was only teasing.",28
scena/mp8010_01.dat:0x9660d,scena/mp8010_01.dat,Is that what you call it?!,27
scena/mp8010_01.dat:0x9663d,scena/mp8010_01.dat,He looked sad for a minute.),29
scena/mp8010_01.dat:0x9665a,scena/mp8010_01.dat,"(Hm, that's kinda weird...",27
scena/mp8010_01.dat:0x96685,scena/mp8010_01.dat,(I wonder what happened...),28
scena/mp8010_01.dat:0x966c5,scena/mp8010_01.dat,No need to make that face.,27
scena/mp8010_01.dat:0x966e0,scena/mp8010_01.dat,"Now, now...",12
scena/mp8010_01.dat:0x96729,scena/mp8010_01.dat,"A memory of my youth, in fact.",31
scena/mp8010_01.dat:0x96748,scena/mp8010_01.dat,It was just a silly dream.,27
scena/mp8010_01.dat:0x96778,scena/mp8010_01.dat,Even Mueller popped up.,24
scena/mp8010_01.dat:0x967bf,scena/mp8010_01.dat,"Wow, really?",13
scena/mp8010_01.dat:0x9680b,scena/mp8010_01.dat,Just say so in the first place!,32
scena/mp8010_01.dat:0x9682b,scena/mp8010_01.dat,W-Well then!,13
scena/mp8010_01.dat:0x9685b,scena/mp8010_01.dat,"Temper, temper!",16
scena/mp8010_01.dat:0x968ba,scena/mp8010_01.dat,Taking a walk again?,21
scena/mp8010_01.dat:0x968cf,scena/mp8010_01.dat,"Hello, Estelle.",16
scena/mp8010_01.dat:0x968ee,scena/mp8010_01.dat,"Hehe, yeah.",12
scena/mp8010_01.dat:0x9690e,scena/mp8010_01.dat,"Actually, I wanted to say sorry.",33
scena/mp8010_01.dat:0x9693f,scena/mp8010_01.dat,about seeing Joshua in the photo.,34
scena/mp8010_01.dat:0x96961,scena/mp8010_01.dat,I'm sorry for hiding the whole thing,37
scena/mp8010_01.dat:0x96995,scena/mp8010_01.dat,"Hehe, it's okay. Don't worry about it.",39
scena/mp8010_01.dat:0x969d1,scena/mp8010_01.dat,"was one of the sky pirates, wasn't she?",40
scena/mp8010_01.dat:0x969f9,scena/mp8010_01.dat,"More importantly, that girl who was with him",45
scena/mp8010_01.dat:0x96a3a,scena/mp8010_01.dat,She's really bratty and full of herself.,41
scena/mp8010_01.dat:0x96a63,scena/mp8010_01.dat,"Yeah, her name's Josette.",26
scena/mp8010_01.dat:0x96aaa,scena/mp8010_01.dat,And she's a big a tomboy as they come.,39
scena/mp8010_01.dat:0x96ae1,scena/mp8010_01.dat,Is that so...,14
scena/mp8010_01.dat:0x96b02,scena/mp8010_01.dat,"certain undeniable charm, doesn't she?",39
scena/mp8010_01.dat:0x96b29,scena/mp8010_01.dat,"But judging from the photo, she has a",38
scena/mp8010_01.dat:0x96b63,scena/mp8010_01.dat,As long as she keeps her mouth shut.,37
scena/mp8010_01.dat:0x96b88,scena/mp8010_01.dat,"Yeah well, maybe she's kinda cute.",35
scena/mp8010_01.dat:0x96bce,scena/mp8010_01.dat,it playing the part of a proper young lady...,46
scena/mp8010_01.dat:0x96bfc,scena/mp8010_01.dat,"When I first met her, she was totally nailing",46
scena/mp8010_01.dat:0x96c4e,scena/mp8010_01.dat,at the mayor's residence in Rolent.,36
scena/mp8010_01.dat:0x96c72,scena/mp8010_01.dat,<C1>Estelle explained how she first met Josette,48
scena/mp8010_01.dat:0x96ca2,scena/mp8010_01.dat,Goodness me...,15
scena/mp8010_01.dat:0x96cc0,scena/mp8010_01.dat,She's certainly talented.,26
scena/mp8010_01.dat:0x96cea,scena/mp8010_01.dat,"former Erebonian nobility, after all.",38
scena/mp8010_01.dat:0x96d10,scena/mp8010_01.dat,"Well, she and her family are apparently",40
scena/mp8010_01.dat:0x96d48,scena/mp8010_01.dat,"She's good at putting on an act, I think.",42
scena/mp8010_01.dat:0x96da3,scena/mp8010_01.dat,bratty and full of herself.,28
scena/mp8010_01.dat:0x96dbf,scena/mp8010_01.dat,"But like I said before, she's",30
scena/mp8010_01.dat:0x96dfc,scena/mp8010_01.dat,she also sounds strangely likeable.,36
scena/mp8010_01.dat:0x96e20,scena/mp8010_01.dat,"Perhaps, but from what you've said,",36
scena/mp8010_01.dat:0x96e54,scena/mp8010_01.dat,"along quite well, given the chance.",36
scena/mp8010_01.dat:0x96e78,scena/mp8010_01.dat,I have a feeling we'd probably get,35
scena/mp8010_01.dat:0x96eaa,scena/mp8010_01.dat,"Well, you're on your own there.",32
scena/mp8010_01.dat:0x96ede,scena/mp8010_01.dat,I feel like our personalities would totally clash!,51
scena/mp8010_01.dat:0x96f36,scena/mp8010_01.dat,on different wavelengths.,26
scena/mp8010_01.dat:0x96f50,scena/mp8010_01.dat,I suppose some people are just,31
scena/mp8010_01.dat:0x96fc4,scena/mp8010_01.dat,"You got put to sleep back there, too, right?",45
scena/mp8010_01.dat:0x9700d,scena/mp8010_01.dat,"Did you have a dream, too?",27
scena/mp8010_01.dat:0x97037,scena/mp8010_01.dat,I dreamed about the Hundred Days War.,38
scena/mp8010_01.dat:0x9705d,scena/mp8010_01.dat,I did...,9
scena/mp8010_01.dat:0x97076,scena/mp8010_01.dat,The Hundred Days War...,24
scena/mp8010_01.dat:0x970a1,scena/mp8010_01.dat,"Oh, you said you were with Matron Theresa, right?",50
scena/mp8010_01.dat:0x970e7,scena/mp8010_01.dat,and they looked after me.,26
scena/mp8010_01.dat:0x97101,scena/mp8010_01.dat,"Yes. I lived with her and her husband,",39
scena/mp8010_01.dat:0x9713c,scena/mp8010_01.dat,But the weird thing is... Haha.,32
scena/mp8010_01.dat:0x97171,scena/mp8010_01.dat,What's so funny?,17
scena/mp8010_01.dat:0x97195,scena/mp8010_01.dat,"and yet Clem and Jill were there, too.",39
scena/mp8010_01.dat:0x971bc,scena/mp8010_01.dat,"Well, that all happened ten years ago,",39
scena/mp8010_01.dat:0x97208,scena/mp8010_01.dat,Joshua would have appeared in it as well.,42
scena/mp8010_01.dat:0x97232,scena/mp8010_01.dat,"Maybe if the dream had carried on, you and",43
scena/mp8010_01.dat:0x9726d,scena/mp8010_01.dat,They never make much sense.,28
scena/mp8010_01.dat:0x97289,scena/mp8010_01.dat,"Yeah well, dreams are weird like that.",39
scena/mp8010_01.dat:0x972d9,scena/mp8010_01.dat,It was a little bit scary.,27
scena/mp8010_01.dat:0x9733d,scena/mp8010_01.dat,"In the dream, I felt so happy.",31
scena/mp8010_01.dat:0x9737b,scena/mp8010_01.dat,that I could stay there like that.,35
scena/mp8010_01.dat:0x9739e,scena/mp8010_01.dat,I was wishing with all my heart,32
scena/mp8010_01.dat:0x973d2,scena/mp8010_01.dat,But surely I shouldn't have been feeling that way.,51
scena/mp8010_01.dat:0x97425,scena/mp8010_01.dat,I think I get where you're coming from.,40
scena/mp8010_01.dat:0x97473,scena/mp8010_01.dat,when you have a good dream.,28
scena/mp8010_01.dat:0x9748f,scena/mp8010_01.dat,It's always nice in the moment,31
scena/mp8010_01.dat:0x974cb,scena/mp8010_01.dat,to have it again...I'm not so sure.,36
scena/mp8010_01.dat:0x974ef,scena/mp8010_01.dat,But if someone asked me if I wanted,36
scena/mp8010_01.dat:0x97553,scena/mp8010_01.dat,I feel like we've caught a glimpse of something...,51
scena/mp8010_01.dat:0x97596,scena/mp8010_01.dat,A different kind of danger brought by the Gospel.,50
scena/mp8010_01.dat:0x97611,scena/mp8010_01.dat,Nice work back there.,22
scena/mp8010_01.dat:0x97627,scena/mp8010_01.dat,"Hey, Estelle.",14
scena/mp8010_01.dat:0x97644,scena/mp8010_01.dat,"step forward as a bracer, huh?",31
scena/mp8010_01.dat:0x97663,scena/mp8010_01.dat,Seems you've taken another,27
scena/mp8010_01.dat:0x9769d,scena/mp8010_01.dat,"Well, I've still got a long way to go.",39
scena/mp8010_01.dat:0x976d4,scena/mp8010_01.dat,it comes to wielding a staff.,30
scena/mp8010_01.dat:0x976f2,scena/mp8010_01.dat,I've still got nothing on Dad when,35
scena/mp8010_01.dat:0x97729,scena/mp8010_01.dat,"to him, if I were you.",23
scena/mp8010_01.dat:0x97740,scena/mp8010_01.dat,I wouldn't go comparing yourself,33
scena/mp8010_01.dat:0x97780,scena/mp8010_01.dat,"attained enlightenment, after all.",35
scena/mp8010_01.dat:0x977a3,scena/mp8010_01.dat,Every single S-rank bracer has,31
scena/mp8010_01.dat:0x977d2,scena/mp8010_01.dat,even if I spend my whole life trying.,38
scena/mp8010_01.dat:0x977f8,scena/mp8010_01.dat,"Something I doubt I'll ever manage,",36
scena/mp8010_01.dat:0x9785d,scena/mp8010_01.dat,grasp of just how skilled he is.,33
scena/mp8010_01.dat:0x9787e,scena/mp8010_01.dat,I guess I still don't really have a,36
scena/mp8010_01.dat:0x978b6,scena/mp8010_01.dat,"Uh... What do you mean by 'enlightenment,' anyway?",51
scena/mp8010_01.dat:0x978fc,scena/mp8010_01.dat,Hm...good question.,20
scena/mp8010_01.dat:0x97920,scena/mp8010_01.dat,swordsman who went by the name of the 'Divine Blade.',54
scena/mp8010_01.dat:0x97956,scena/mp8010_01.dat,I heard your father was once a skilled,39
scena/mp8010_01.dat:0x97991,scena/mp8010_01.dat,ease as he wielded his familiar old sword.,43
scena/mp8010_01.dat:0x979bc,scena/mp8010_01.dat,But now he's able to wield a staff with the same,49
scena/mp8010_01.dat:0x97a22,scena/mp8010_01.dat,How do you think he manages that?,34
scena/mp8010_01.dat:0x97a53,scena/mp8010_01.dat,"Uhhh, he trained a lot?",24
scena/mp8010_01.dat:0x97a7f,scena/mp8010_01.dat,"Well, that's part of it.",25
scena/mp8010_01.dat:0x97aaf,scena/mp8010_01.dat,essence of fighting with a staff.,34
scena/mp8010_01.dat:0x97ad1,scena/mp8010_01.dat,"of the sword, he was able to grasp the very",44
scena/mp8010_01.dat:0x97afd,scena/mp8010_01.dat,But it's more than that. Using his knowledge,45
scena/mp8010_01.dat:0x97b39,scena/mp8010_01.dat,"reactions, or even raw strength and energy...",46
scena/mp8010_01.dat:0x97b67,scena/mp8010_01.dat,It's something that transcends training and,44
scena/mp8010_01.dat:0x97ba3,scena/mp8010_01.dat,and all can be wielded at will.,32
scena/mp8010_01.dat:0x97bc3,scena/mp8010_01.dat,It's a realm where all becomes clear,37
scena/mp8010_01.dat:0x97bf8,scena/mp8010_01.dat,That's the essence of enlightenment.,37
scena/mp8010_01.dat:0x97c2c,scena/mp8010_01.dat,Understanding the true essence of things...,44
scena/mp8010_01.dat:0x97c6b,scena/mp8010_01.dat,the Imperial Army in the Hundred Days War.,43
scena/mp8010_01.dat:0x97c96,scena/mp8010_01.dat,That's what probably enabled him to defeat,43
scena/mp8010_01.dat:0x97cd1,scena/mp8010_01.dat,and then push back with a bold counterattack.,46
scena/mp8010_01.dat:0x97cff,scena/mp8010_01.dat,"He was able to understand the true essence of war,",51
scena/mp8010_01.dat:0x97d41,scena/mp8010_01.dat,more terrifying than he is.,28
scena/mp8010_01.dat:0x97d5d,scena/mp8010_01.dat,There's probably no enemy,26
scena/mp8010_01.dat:0x97d8c,scena/mp8010_01.dat,I-I see...,11
scena/mp8010_01.dat:0x97da6,scena/mp8010_01.dat,to fool him just recently.,27
scena/mp8010_01.dat:0x97dc1,scena/mp8010_01.dat,But the Society did manage,27
scena/mp8010_01.dat:0x97dec,scena/mp8010_01.dat,"country during the coup, remember?",35
scena/mp8010_01.dat:0x97e0f,scena/mp8010_01.dat,They managed to lure him out of the,36
scena/mp8010_01.dat:0x97e42,scena/mp8010_01.dat,on board who's as skilled as he is.,36
scena/mp8010_01.dat:0x97e66,scena/mp8010_01.dat,"Yeah, I'm afraid they must have someone",40
scena/mp8010_01.dat:0x97eb6,scena/mp8010_01.dat,that 'Professor'... Who knows?,31
scena/mp8010_01.dat:0x97ed5,scena/mp8010_01.dat,"Could be Loewe, could be",25
scena/mp8010_01.dat:0x97f1a,scena/mp8010_01.dat,guy we fought... Lorence?,26
scena/mp8010_01.dat:0x97f34,scena/mp8010_01.dat,Do you think it could be that,30
scena/mp8010_01.dat:0x97f82,scena/mp8010_01.dat,but I'm not sure he's a match for your dad.,44
scena/mp8010_01.dat:0x97fae,scena/mp8010_01.dat,"He's definitely a force to be reckoned with,",45
scena/mp8010_01.dat:0x97ff4,scena/mp8010_01.dat,from having reached enlightenment.,35
scena/mp8010_01.dat:0x98017,scena/mp8010_01.dat,And I'm not sure his strength comes,36
scena/mp8010_01.dat:0x9804b,scena/mp8010_01.dat,to the point where nobody can touch him.,41
scena/mp8010_01.dat:0x98074,scena/mp8010_01.dat,"He's a cold, razor-sharp blade, honed",38
scena/mp8010_01.dat:0x980aa,scena/mp8010_01.dat,"That was the feeling I got, anyway.",36
scena/mp8010_01.dat:0x980dd,scena/mp8010_01.dat,I think I get what you mean.,29
scena/mp8010_01.dat:0x98121,scena/mp8010_01.dat,tournament. I wonder what he's up to.,38
scena/mp8010_01.dat:0x98147,scena/mp8010_01.dat,There's been no sign of him since the,38
scena/mp8010_01.dat:0x9817c,scena/mp8010_01.dat,and Joshua had history.,24
scena/mp8010_01.dat:0x98194,scena/mp8010_01.dat,"...Plus, it seemed like he",27
scena/mp8010_01.dat:0x981d4,scena/mp8010_01.dat,other in their Society days.,29
scena/mp8010_01.dat:0x981f1,scena/mp8010_01.dat,"Yeah, they probably knew each",30
scena/mp8010_01.dat:0x9821f,scena/mp8010_01.dat,we sure have a lot of strange connections.,43
scena/mp8010_01.dat:0x9824a,scena/mp8010_01.dat,"What with me and Scherazard as well,",37
scena/mp8010_01.dat:0x98290,scena/mp8010_01.dat,Perhaps it's the hand of Aidios at work.,41
scena/mp8010_01.dat:0x982b9,scena/mp8010_01.dat,I can't help but wonder...,27
scena/mp8010_01.dat:0x9831c,scena/mp8010_01.dat,"Oh, come to think of it...",27
scena/mp8010_01.dat:0x98346,scena/mp8010_01.dat,"You got put to sleep back there, too, right?",45
scena/mp8010_01.dat:0x9838e,scena/mp8010_01.dat,"Did you have a dream, too?",27
scena/mp8010_01.dat:0x983b8,scena/mp8010_01.dat,I dreamed about being back at the dojo.,40
scena/mp8010_01.dat:0x983e0,scena/mp8010_01.dat,"Yeah, I did.",13
scena/mp8010_01.dat:0x983fd,scena/mp8010_01.dat,hardly changed one bit.,24
scena/mp8010_01.dat:0x98415,scena/mp8010_01.dat,It made me realize that Kilika's,33
scena/mp8010_01.dat:0x98445,scena/mp8010_01.dat,"Made me laugh, actually, even mid-dream!",41
scena/mp8010_01.dat:0x9847e,scena/mp8010_01.dat,No way! Kilika's been like that all this time?,47
scena/mp8010_01.dat:0x984c0,scena/mp8010_01.dat,"Yeah, pretty much the same.",28
scena/mp8010_01.dat:0x984f3,scena/mp8010_01.dat,Walter got together...,23
scena/mp8010_01.dat:0x9850a,scena/mp8010_01.dat,Kinda crazy that she and,25
scena/mp8010_01.dat:0x9856b,scena/mp8010_01.dat,Say what now?!,15
scena/mp8010_01.dat:0x98589,scena/mp8010_01.dat,...Oops. That was a slip of the tongue.,40
scena/mp8010_01.dat:0x985c1,scena/mp8010_01.dat,Sorry. Forget I said anything.,31
scena/mp8010_01.dat:0x98639,scena/mp8010_01.dat,Woman's Voice,14
scena/mp8010_01.dat:0x98647,scena/mp8010_01.dat,"Your attention, please.",24
scena/mp8010_01.dat:0x98673,scena/mp8010_01.dat,We will be arriving in the City of Bose shortly.,49
scena/mp8010_01.dat:0x986b8,scena/mp8010_01.dat,so please return to your seat without delay.,45
scena/mp8010_01.dat:0x986e5,scena/mp8010_01.dat,"There may be some bumps as we come in to land,",47
scena/mp8010_01.dat:0x98731,scena/mp8010_01.dat,"Dang, it sure is dark in here.",31
scena/mp8010_01.dat:0x9876b,scena/mp8010_01.dat,all the orbal lights are off.,30
scena/mp8010_01.dat:0x98789,scena/mp8010_01.dat,Yeah. That's what happens when,31
scena/mp8010_01.dat:0x987c2,scena/mp8010_01.dat,with all of the lights turned off.,35
scena/mp8010_01.dat:0x987e5,scena/mp8010_01.dat,I suppose it's to be expected,30
scena/mp8010_01.dat:0x9881d,scena/mp8010_01.dat,"all off and there's no moonlight tonight, either.",50
scena/mp8010_01.dat:0x9884f,scena/mp8010_01.dat,Can't say I'm surprised. The orbal lights are,46
scena/mp8010_01.dat:0x98897,scena/mp8010_01.dat,with all of the lights switched off.,37
scena/mp8010_01.dat:0x988bc,scena/mp8010_01.dat,Indeed. I suppose it's to be expected,38
scena/mp8010_01.dat:0x988fc,scena/mp8010_01.dat,"all these empty seats, though.",31
scena/mp8010_01.dat:0x9891b,scena/mp8010_01.dat,There's something kinda creepy about,37
scena/mp8010_01.dat:0x9895a,scena/mp8010_01.dat,Almost feels like you can hear people talking.,47
scena/mp8010_01.dat:0x98998,scena/mp8010_01.dat,that isn't full of life when it normally is.,45
scena/mp8010_01.dat:0x989c5,scena/mp8010_01.dat,There's something rather strange about a place,47
scena/mp8010_01.dat:0x98a0e,scena/mp8010_01.dat,being in here when it isn't full of passengers.,48
scena/mp8010_01.dat:0x98a3e,scena/mp8010_01.dat,"It certainly feels a little different,",39
scena/mp8010_01.dat:0x98a7f,scena/mp8010_01.dat,passengers who are normally in here.,37
scena/mp8010_01.dat:0x98aa4,scena/mp8010_01.dat,You can almost feel the chattering of,38
scena/mp8010_01.dat:0x98ae4,scena/mp8010_01.dat,the schoolhouse late at night.,31
scena/mp8010_01.dat:0x98b03,scena/mp8010_01.dat,"In a way, it reminds me of",27
scena/mp8010_01.dat:0x98b2e,scena/mp8010_01.dat,"Yeah, it kinda gives me goosebumps.",36
scena/mp8010_01.dat:0x98b62,scena/mp8010_01.dat,I half expect a ghost to show up at some point.,48
scena/mp8010_01.dat:0x98be8,scena/mp8010_01.dat,"Aw, still can't handle spooky topics at your age?",50
scena/mp8010_01.dat:0x98c35,scena/mp8010_01.dat,fear of ghost stories by now.,30
scena/mp8010_01.dat:0x98c53,scena/mp8010_01.dat,"Aw, I thought you got over your",32
scena/mp8010_01.dat:0x98c9a,scena/mp8010_01.dat,"Ugh, leave me alone, okay?!",28
scena/mp8010_01.dat:0x98cfc,scena/mp8010_01.dat,get outta here!,16
scena/mp8010_01.dat:0x98d0c,scena/mp8010_01.dat,Let's just find this dang cat and,34
scena/mp8010_01.dat:0x98d3d,scena/mp8010_01.dat,"Yes, let's. Time to get to work.",33
scena/mp8010_01.dat:0x98d7d,scena/mp8010_01.dat,Fine by me. Let's get down to business.,40
scena/mp8010_01.dat:0x98dc4,scena/mp8010_01.dat,Very well. Let's get to it.,28
scena/mp8010_01.dat:0x98dff,scena/mp8010_01.dat,We'd best not keep that mechanic waiting.,42
scena/mp8010_01.dat:0x98e3e,scena/mp8010_01.dat,"Yes, let's get started.",24
scena/mp8010_01.dat:0x98ef2,scena/mp8010_01.dat,Meowing Voice,14
scena/mp8010_01.dat:0x98f7b,scena/mp8010_01.dat,Th-That sounded like...!,25
scena/mp8010_01.dat:0x98fae,scena/mp8010_01.dat,That sounded just like...,26
scena/mp8010_01.dat:0x98fe2,scena/mp8010_01.dat,"Oho, that sounded exactly like...",34
scena/mp8010_01.dat:0x9901f,scena/mp8010_01.dat,That was definitely a meow we just heard.,42
scena/mp8010_01.dat:0x990ce,scena/mp8010_01.dat,"There you are, Aryll!",22
scena/mp8010_01.dat:0x990fc,scena/mp8010_01.dat,"You've always got to sneak off, don't you?",43
scena/mp8010_01.dat:0x9913e,scena/mp8010_01.dat,Yes! We finally found you!,27
scena/mp8010_01.dat:0x99171,scena/mp8010_01.dat,"girl is Ida's cat, right?",26
scena/mp8010_01.dat:0x9918b,scena/mp8010_01.dat,I'm pretty sure this little,28
scena/mp8010_01.dat:0x991be,scena/mp8010_01.dat,Her fur is light brown like we were told.,42
scena/mp8010_01.dat:0x99200,scena/mp8010_01.dat,"That's as good of a sign as any, if you ask me.",48
scena/mp8010_01.dat:0x99247,scena/mp8010_01.dat,"Oh, I'm so glad we were able to track it down.",47
scena/mp8010_01.dat:0x9928d,scena/mp8010_01.dat,I'm so glad we were able to find it.,37
scena/mp8010_01.dat:0x992c9,scena/mp8010_01.dat,That's certainly the case.,27
scena/mp8010_01.dat:0x992fb,scena/mp8010_01.dat,adventurer remains in good health.,35
scena/mp8010_01.dat:0x9931e,scena/mp8010_01.dat,I'm glad to see that our little,32
scena/mp8010_01.dat:0x99356,scena/mp8010_01.dat,"Yep, no two ways about it.",27
scena/mp8010_01.dat:0x99388,scena/mp8010_01.dat,"enough to find it, that's for sure.",36
scena/mp8010_01.dat:0x993ac,scena/mp8010_01.dat,*Sigh* Took us freaking long,29
scena/mp8010_01.dat:0x993e1,scena/mp8010_01.dat,"around looking for you, young lady?",36
scena/mp8010_01.dat:0x99405,scena/mp8010_01.dat,Do you know how long we've been walking,40
scena/mp8010_01.dat:0x99442,scena/mp8010_01.dat,"sneaking onto a ship like this, huh?",37
scena/mp8010_01.dat:0x99467,scena/mp8010_01.dat,"What the heck are you doing,",29
scena/mp8010_01.dat:0x994c4,scena/mp8010_01.dat,Young Mewing Voice,19
scena/mp8010_01.dat:0x994ee,scena/mp8010_01.dat,Young Mewing Voice,19
scena/mp8010_01.dat:0x99501,scena/mp8010_01.dat,"Mya~u, Mya~u!",14
scena/mp8010_01.dat:0x995be,scena/mp8010_01.dat,Holy crap!,11
scena/mp8010_01.dat:0x995dd,scena/mp8010_01.dat,Are those kittens?!,20
scena/mp8010_01.dat:0x99629,scena/mp8010_01.dat,"Well, would you look at that?",30
scena/mp8010_01.dat:0x9965e,scena/mp8010_01.dat,"Didn't expect to see this, that's for sure.",44
scena/mp8010_01.dat:0x996a1,scena/mp8010_01.dat,like Aryll just gave birth to them.,36
scena/mp8010_01.dat:0x996dd,scena/mp8010_01.dat, It looks,10
scena/mp8010_01.dat:0x996ff,scena/mp8010_01.dat,down and had 'em RIGHT here?,29
scena/mp8010_01.dat:0x9971c,scena/mp8010_01.dat,You mean she just plopped,26
scena/mp8010_01.dat:0x99792,scena/mp8010_01.dat,felt the need to sneak away.,29
scena/mp8010_01.dat:0x997af,scena/mp8010_01.dat,That's probably why she,24
scena/mp8010_01.dat:0x99805,scena/mp8010_01.dat,"kittens. She's tough, just like all mothers.",45
scena/mp8010_01.dat:0x99832,scena/mp8010_01.dat,She needed to find a safe place to have her,44
scena/mp8010_01.dat:0x9987f,scena/mp8010_01.dat,brought her all this way.,26
scena/mp8010_01.dat:0x99899,scena/mp8010_01.dat,Yeah. Betcha that's what,25
scena/mp8010_01.dat:0x998f0,scena/mp8010_01.dat,Moms sure are a tough bunch.,29
scena/mp8010_01.dat:0x9990d,scena/mp8010_01.dat,That's animal instinct for you.,32
scena/mp8010_01.dat:0x9994e,scena/mp8010_01.dat,onto the ship for precisely that reason.,41
scena/mp8010_01.dat:0x99977,scena/mp8010_01.dat,"I believe so. In fact, she may have snuck",42
scena/mp8010_01.dat:0x999df,scena/mp8010_01.dat,she could find for her offspring.,34
scena/mp8010_01.dat:0x99a01,scena/mp8010_01.dat,Maybe it was the safest place,30
scena/mp8010_01.dat:0x99a3f,scena/mp8010_01.dat,ship for exactly that reason.,30
scena/mp8010_01.dat:0x99a5d,scena/mp8010_01.dat,Maybe she snuck onto the,25
scena/mp8010_01.dat:0x99ab4,scena/mp8010_01.dat,such a wonderful mother.,25
scena/mp8010_01.dat:0x99acd,scena/mp8010_01.dat,"Hehe, she's so little, but she's already",41
scena/mp8010_01.dat:0x99b0b,scena/mp8010_01.dat,"someplace more convenient, if you asked me.",44
scena/mp8010_01.dat:0x99b37,scena/mp8010_01.dat,*Sigh* She still could've picked,33
scena/mp8010_01.dat:0x99b6d,scena/mp8010_01.dat,need to report back to Ida.,28
scena/mp8010_01.dat:0x99b89,scena/mp8010_01.dat,"But, oh well. Now we just",26
scena/mp8010_01.dat:0x99bb7,scena/mp8010_01.dat,"Yeah, we shouldn't keep her waiting.",37
scena/mp8010_01.dat:0x99bf0,scena/mp8010_01.dat,going to be knocked off her feet.,34
scena/mp8010_01.dat:0x99c12,scena/mp8010_01.dat,"When she hears this, she's",27
scena/mp8010_01.dat:0x99c8d,scena/mp8010_01.dat,Return to your seat and wait for landing,41
scena/mp8010_01.dat:0x99cb6,scena/mp8010_01.dat,Not right now,14
