offset,file,text_en,byte_budget
scena/mp4010_02.dat:0x64d6d,scena/mp4010_02.dat,@&q ,5
scena/mp4010_02.dat:0x67b7f,scena/mp4010_02.dat, &D$,5
scena/mp4010_02.dat:0x67bd3,scena/mp4010_02.dat, &T$,5
scena/mp4010_02.dat:0x6ea5a,scena/mp4010_02.dat, &$-,5
scena/mp4010_02.dat:0x750c5,scena/mp4010_02.dat,@& 5,5
scena/mp4010_02.dat:0x7f614,scena/mp4010_02.dat,@& C,5
scena/mp4010_02.dat:0x902b9,scena/mp4010_02.dat,@& X,5
scena/mp4010_02.dat:0xa8662,scena/mp4010_02.dat,a lost child into his custody.,31
scena/mp4010_02.dat:0xa8681,scena/mp4010_02.dat,"who works at Erbe Royal Villa, has taken",41
scena/mp4010_02.dat:0xa86aa,scena/mp4010_02.dat,"From what I know, a butler called Raymond,",43
scena/mp4010_02.dat:0xa86e4,scena/mp4010_02.dat,Speak with him as soon as you get to the villa.,48
scena/mp4010_02.dat:0xa8723,scena/mp4010_02.dat,and Liberl News.,17
scena/mp4010_02.dat:0xa8734,scena/mp4010_02.dat,"and Calvard Embassies, Grancel Castle,",39
scena/mp4010_02.dat:0xa875b,scena/mp4010_02.dat,"As discussed, Estelle, please visit the Erebonian",50
scena/mp4010_02.dat:0xa879c,scena/mp4010_02.dat,them in visiting the respective embassies.,43
scena/mp4010_02.dat:0xa87c7,scena/mp4010_02.dat,"Zin and Olivier, please assist",31
scena/mp4010_02.dat:0xa87f5,scena/mp4010_02.dat,"Your Highness, please assist them at Grancel Castle.",53
scena/mp4010_02.dat:0xa8839,scena/mp4010_02.dat,with gathering intel?,22
scena/mp4010_02.dat:0xa884f,scena/mp4010_02.dat,"Hello again, Estelle. Are you finished",39
scena/mp4010_02.dat:0xa8886,scena/mp4010_02.dat,the embassies and the castle.,30
scena/mp4010_02.dat:0xa88a4,scena/mp4010_02.dat,Um... I've talked to people at,31
scena/mp4010_02.dat:0xa88d7,scena/mp4010_02.dat,Now I just need to speak with Nial at Liberl News.,51
scena/mp4010_02.dat:0xa891d,scena/mp4010_02.dat,Alright. Report back to me after you do that.,46
scena/mp4010_02.dat:0xa895a,scena/mp4010_02.dat,I believe Scherazard should be back before long.,49
scena/mp4010_02.dat:0xa899a,scena/mp4010_02.dat,Alright. Report back to me after you do that.,46
scena/mp4010_02.dat:0xa89d7,scena/mp4010_02.dat,I believe Agate should be back soon.,37
scena/mp4010_02.dat:0xa8a0b,scena/mp4010_02.dat,information at Liberl News.,28
scena/mp4010_02.dat:0xa8a27,scena/mp4010_02.dat,Come back after you finish gathering,37
scena/mp4010_02.dat:0xa8a5b,scena/mp4010_02.dat,I believe Scherazard should be back before long.,49
scena/mp4010_02.dat:0xa8a9b,scena/mp4010_02.dat,information at Liberl News.,28
scena/mp4010_02.dat:0xa8ab7,scena/mp4010_02.dat,Come back after you finish gathering,37
scena/mp4010_02.dat:0xa8aeb,scena/mp4010_02.dat,I believe Agate should be back soon.,37
scena/mp4010_02.dat:0xa8b27,scena/mp4010_02.dat,compare notes on the ex-Intelligence Division,46
scena/mp4010_02.dat:0xa8b55,scena/mp4010_02.dat,I'll get in touch with our branch offices to,45
scena/mp4010_02.dat:0xa8b91,scena/mp4010_02.dat,Your task will be to bring back Renne.,39
scena/mp4010_02.dat:0xa8bc7,scena/mp4010_02.dat,You're back? Have you found Renne?,35
scena/mp4010_02.dat:0xa8c14,scena/mp4010_02.dat,<C1>Estelle told Elnan what happened.,38
scena/mp4010_02.dat:0xa8c3a,scena/mp4010_02.dat,A colorless fish...?,21
scena/mp4010_02.dat:0xa8c5e,scena/mp4010_02.dat," a bit of a mystery, but...",28
scena/mp4010_02.dat:0xa8c7a,scena/mp4010_02.dat,Why would it be colorless...? This part is,43
scena/mp4010_02.dat:0xa8cb5,scena/mp4010_02.dat,A certain fishy place does come to mind.,41
scena/mp4010_02.dat:0xa8d09,scena/mp4010_02.dat,"Yes. In fact, it's right next door to us.",42
scena/mp4010_02.dat:0xa8d42,scena/mp4010_02.dat,"rather difficult, isn't it?",28
scena/mp4010_02.dat:0xa8d5e,scena/mp4010_02.dat,...This is turning out to be,29
scena/mp4010_02.dat:0xa8d8a,scena/mp4010_02.dat,Where could Renne have gone...,31
scena/mp4010_02.dat:0xa8db9,scena/mp4010_02.dat,Where could Renne have gone...,31
scena/mp4010_02.dat:0xa8de7,scena/mp4010_02.dat,A certain fishy place does come to mind.,41
scena/mp4010_02.dat:0xa8e1f,scena/mp4010_02.dat,It's in fact right next door to us.,36
scena/mp4010_02.dat:0xa8e52,scena/mp4010_02.dat,Did you find Renne there in the end?,37
scena/mp4010_02.dat:0xa8ea1,scena/mp4010_02.dat,<C1>Estelle told Elnan what happened.,38
scena/mp4010_02.dat:0xa8ec7,scena/mp4010_02.dat,A restaurant with fiery food and bitter beverages?,51
scena/mp4010_02.dat:0xa8f09,scena/mp4010_02.dat,"That reminds me, Estelle...",28
scena/mp4010_02.dat:0xa8f34,scena/mp4010_02.dat,you to a bitter beverage earlier?,34
scena/mp4010_02.dat:0xa8f56,scena/mp4010_02.dat,Didn't you mention a friend treating,37
scena/mp4010_02.dat:0xa8f8a,scena/mp4010_02.dat,"Oh, right! That was Nial!",26
scena/mp4010_02.dat:0xa8fda,scena/mp4010_02.dat, or a bar...,13
scena/mp4010_02.dat:0xa8ffb,scena/mp4010_02.dat,manages to keep eluding you.,29
scena/mp4010_02.dat:0xa9018,scena/mp4010_02.dat,It's quite impressive how Renne,32
scena/mp4010_02.dat:0xa9047,scena/mp4010_02.dat,I wish you the best of luck.,29
scena/mp4010_02.dat:0xa9073,scena/mp4010_02.dat,and bitter beverages...,24
scena/mp4010_02.dat:0xa908b,scena/mp4010_02.dat,A restaurant with fiery food,29
scena/mp4010_02.dat:0xa90b8,scena/mp4010_02.dat,you to a bitter beverage earlier?,34
scena/mp4010_02.dat:0xa90da,scena/mp4010_02.dat,Didn't you mention a friend treating,37
scena/mp4010_02.dat:0xa910e,scena/mp4010_02.dat,manages to keep eluding you.,29
scena/mp4010_02.dat:0xa912b,scena/mp4010_02.dat,It's quite impressive how Renne,32
scena/mp4010_02.dat:0xa915a,scena/mp4010_02.dat,"Have you found Renne yet, Estelle?",35
scena/mp4010_02.dat:0xa918c,scena/mp4010_02.dat,"Nope, not yet.",15
scena/mp4010_02.dat:0xa91af,scena/mp4010_02.dat,<C1>Estelle told Elnan what happened.,38
scena/mp4010_02.dat:0xa91d5,scena/mp4010_02.dat,if you leave it too long...?,29
scena/mp4010_02.dat:0xa91f2,scena/mp4010_02.dat,A sweet treat which disappears,31
scena/mp4010_02.dat:0xa9221,scena/mp4010_02.dat,There are lots of street food stalls in Grancel.,49
scena/mp4010_02.dat:0xa9261,scena/mp4010_02.dat,treats she was talking about?,30
scena/mp4010_02.dat:0xa927f,scena/mp4010_02.dat,Maybe one of them sells the sweet,34
scena/mp4010_02.dat:0xa92b0,scena/mp4010_02.dat,Crepes? Or ice cream?,22
scena/mp4010_02.dat:0xa92c6,scena/mp4010_02.dat,Sweet treats... Candy? Popcorn?,32
scena/mp4010_02.dat:0xa92f6,scena/mp4010_02.dat,It could be one of those.,26
scena/mp4010_02.dat:0xa931f,scena/mp4010_02.dat,"I have to say, that girl is an expert at hiding.",49
scena/mp4010_02.dat:0xa935f,scena/mp4010_02.dat,couldn't find her at the royal villa.,38
scena/mp4010_02.dat:0xa9385,scena/mp4010_02.dat,It's no fault of yours that you,32
scena/mp4010_02.dat:0xa93b5,scena/mp4010_02.dat,if you leave it too long...,28
scena/mp4010_02.dat:0xa93d1,scena/mp4010_02.dat,A sweet treat which disappears,31
scena/mp4010_02.dat:0xa93ff,scena/mp4010_02.dat,the sweet treats she was talking about?,40
scena/mp4010_02.dat:0xa9427,scena/mp4010_02.dat,Maybe one of the street stalls sells,37
scena/mp4010_02.dat:0xa945b,scena/mp4010_02.dat,Crepes? Or ice cream?,22
scena/mp4010_02.dat:0xa9471,scena/mp4010_02.dat,Sweet treats... Candy? Popcorn?,32
scena/mp4010_02.dat:0xa94a1,scena/mp4010_02.dat,It could be one of those.,26
scena/mp4010_02.dat:0xa94ca,scena/mp4010_02.dat,"I have to say, that girl is an expert at hiding.",49
scena/mp4010_02.dat:0xa950a,scena/mp4010_02.dat,couldn't find her at the royal villa.,38
scena/mp4010_02.dat:0xa9530,scena/mp4010_02.dat,It's no fault of yours that you,32
scena/mp4010_02.dat:0xa9560,scena/mp4010_02.dat,"Have you found Renne yet, Estelle?",35
scena/mp4010_02.dat:0xa9592,scena/mp4010_02.dat,"Not yet, but I feel like I'm getting close!",44
scena/mp4010_02.dat:0xa95d1,scena/mp4010_02.dat,(I better hurry to the port...),32
scena/mp4010_02.dat:0xa9605,scena/mp4010_02.dat,<C1>Elnan has collapsed and is unconscious.,44
scena/mp4010_02.dat:0xa9631,scena/mp4010_02.dat,investigate reports of sky pirates.,36
scena/mp4010_02.dat:0xa9655,scena/mp4010_02.dat,Please head to Bose next to,28
scena/mp4010_02.dat:0xa9680,scena/mp4010_02.dat,I've already booked airliner tickets for you.,46
scena/mp4010_02.dat:0xa96bd,scena/mp4010_02.dat,at the landing port's reception desk.,38
scena/mp4010_02.dat:0xa96e3,scena/mp4010_02.dat,"Once you're ready to depart, simply check in",45
scena/mp4010_02.dat:0xa9736,scena/mp4010_02.dat,I see you've returned.,23
scena/mp4010_02.dat:0xa974d,scena/mp4010_02.dat,"Ah, everyone...and Joshua,",27
scena/mp4010_02.dat:0xa9777,scena/mp4010_02.dat,Welcome back. It's wonderful to see you again.,47
scena/mp4010_02.dat:0xa97b6,scena/mp4010_02.dat,"Hello, Elnan. I'm sorry for all the trouble.",45
scena/mp4010_02.dat:0xa97f6,scena/mp4010_02.dat,What matters is that you're back.,34
scena/mp4010_02.dat:0xa9827,scena/mp4010_02.dat,working as a bracer.,21
scena/mp4010_02.dat:0xa983c,scena/mp4010_02.dat,I hope you're ready to resume,30
scena/mp4010_02.dat:0xa9869,scena/mp4010_02.dat,the situation like in the capital right now?,45
scena/mp4010_02.dat:0xa9896,scena/mp4010_02.dat,"Elnan, sorry to interrupt, but what's",38
scena/mp4010_02.dat:0xa98cf,scena/mp4010_02.dat,there was panic at first.,26
scena/mp4010_02.dat:0xa98e9,scena/mp4010_02.dat,"When orbments stopped working,",31
scena/mp4010_02.dat:0xa9917,scena/mp4010_02.dat,demanding that their orbments be repaired at once.,51
scena/mp4010_02.dat:0xa994a,scena/mp4010_02.dat,"People rushed to that workshop opposite us,",44
scena/mp4010_02.dat:0xa9985,scena/mp4010_02.dat,issued an announcement.,24
scena/mp4010_02.dat:0xa999d,scena/mp4010_02.dat,"Fortunately, Queen Alicia promptly",35
scena/mp4010_02.dat:0xa99cf,scena/mp4010_02.dat,as normal.',12
scena/mp4010_02.dat:0xa99db,scena/mp4010_02.dat,outage. Please remain calm and try to carry on,47
scena/mp4010_02.dat:0xa9a0a,scena/mp4010_02.dat,'We are investigating the cause of the orbal,45
scena/mp4010_02.dat:0xa9a46,scena/mp4010_02.dat,we haven't seen any more social unrest.,40
scena/mp4010_02.dat:0xa9a6e,scena/mp4010_02.dat,"That calmed down the citizens, and",35
scena/mp4010_02.dat:0xa9aa0,scena/mp4010_02.dat,That's Queen Alicia for you!,29
scena/mp4010_02.dat:0xa9ad0,scena/mp4010_02.dat,"seashell-looking thing over the lake, though...",48
scena/mp4010_02.dat:0xa9b00,scena/mp4010_02.dat,Yes... There's the issue of the floating,41
scena/mp4010_02.dat:0xa9b38,scena/mp4010_02.dat,on its sudden appearance.,26
scena/mp4010_02.dat:0xa9b52,scena/mp4010_02.dat,Some people blame the orbal outage,35
scena/mp4010_02.dat:0xa9b84,scena/mp4010_02.dat,there's a connection.,22
scena/mp4010_02.dat:0xa9b9a,scena/mp4010_02.dat,I can see why they might think,31
scena/mp4010_02.dat:0xa9bcc,scena/mp4010_02.dat,to the port to see the mysterious object.,42
scena/mp4010_02.dat:0xa9bf6,scena/mp4010_02.dat,More and more people have been coming,38
scena/mp4010_02.dat:0xa9c2c,scena/mp4010_02.dat,they run on orbal power too.,29
scena/mp4010_02.dat:0xa9c49,scena/mp4010_02.dat,"gates are currently not operational, since",43
scena/mp4010_02.dat:0xa9c74,scena/mp4010_02.dat,And the last piece of bad news is that the castle,50
scena/mp4010_02.dat:0xa9cb5,scena/mp4010_02.dat,people still seem pretty calm.,31
scena/mp4010_02.dat:0xa9cd4,scena/mp4010_02.dat,"Thanks for the briefing... Despite everything,",47
scena/mp4010_02.dat:0xa9d16,scena/mp4010_02.dat,this situation continues.,26
scena/mp4010_02.dat:0xa9d30,scena/mp4010_02.dat,For now... That may change if,30
scena/mp4010_02.dat:0xa9d5e,scena/mp4010_02.dat,important to us.,17
scena/mp4010_02.dat:0xa9d6f,scena/mp4010_02.dat,information from each region is extremely,42
scena/mp4010_02.dat:0xa9d99,scena/mp4010_02.dat,Being able to acquire accurate up-to-date,42
scena/mp4010_02.dat:0xa9dd2,scena/mp4010_02.dat,share intel again.,19
scena/mp4010_02.dat:0xa9de5,scena/mp4010_02.dat,our communication network so that we can,41
scena/mp4010_02.dat:0xa9e0e,scena/mp4010_02.dat,So we'll have to visit each branch to restore,46
scena/mp4010_02.dat:0xa9e4f,scena/mp4010_02.dat,That's a super important task!,31
scena/mp4010_02.dat:0xa9e81,scena/mp4010_02.dat,"Let's get this done, guys!",27
scena/mp4010_02.dat:0xa9eaf,scena/mp4010_02.dat,branches in Ruan and Zeiss.,28
scena/mp4010_02.dat:0xa9ecb,scena/mp4010_02.dat,Now we need to visit the guild,31
scena/mp4010_02.dat:0xa9efd,scena/mp4010_02.dat,branches in Rolent and Zeiss.,30
scena/mp4010_02.dat:0xa9f1b,scena/mp4010_02.dat,Now we need to visit the guild,31
scena/mp4010_02.dat:0xa9f4d,scena/mp4010_02.dat,branches in Rolent and Ruan.,29
scena/mp4010_02.dat:0xa9f6a,scena/mp4010_02.dat,Now we need to visit the guild,31
scena/mp4010_02.dat:0xa9f9c,scena/mp4010_02.dat,Only the Zeiss guild branch is left now.,41
scena/mp4010_02.dat:0xa9fd8,scena/mp4010_02.dat,Only the Ruan guild branch is left now.,40
scena/mp4010_02.dat:0xaa013,scena/mp4010_02.dat,Only the Rolent guild branch is left now.,42
scena/mp4010_02.dat:0xaa050,scena/mp4010_02.dat,"So, we'll be going to Rolent, Ruan, and Zeiss...",49
scena/mp4010_02.dat:0xaa095,scena/mp4010_02.dat,as soon as we can!,19
scena/mp4010_02.dat:0xaa0a8,scena/mp4010_02.dat,get those Zero Field Generators delivered,42
scena/mp4010_02.dat:0xaa0d2,scena/mp4010_02.dat,"It's up to you where we go first, but let's",44
scena/mp4010_02.dat:0xaa111,scena/mp4010_02.dat,"Yup, there's no time to waste!",31
scena/mp4010_02.dat:0xaa143,scena/mp4010_02.dat,in Liberl depends on you.,26
scena/mp4010_02.dat:0xaa15d,scena/mp4010_02.dat,It's no exaggeration to say public order,41
scena/mp4010_02.dat:0xaa195,scena/mp4010_02.dat,I greatly appreciate you undertaking this task.,48
scena/mp4010_02.dat:0xaa1d4,scena/mp4010_02.dat,in Liberl depends on you.,26
scena/mp4010_02.dat:0xaa1ee,scena/mp4010_02.dat,It's no exaggeration to say public order,41
scena/mp4010_02.dat:0xaa226,scena/mp4010_02.dat,"between Rolent, Ruan, and Zeiss.",33
scena/mp4010_02.dat:0xaa247,scena/mp4010_02.dat,Please restore our communication network,41
scena/mp4010_02.dat:0xaa27f,scena/mp4010_02.dat,branches in Ruan and Zeiss.,28
scena/mp4010_02.dat:0xaa29b,scena/mp4010_02.dat,We're still unable to reach the guild,38
scena/mp4010_02.dat:0xaa2d0,scena/mp4010_02.dat,in Liberl depends on you.,26
scena/mp4010_02.dat:0xaa2ea,scena/mp4010_02.dat,It's no exaggeration to say public order,41
scena/mp4010_02.dat:0xaa322,scena/mp4010_02.dat,our communication network.,27
scena/mp4010_02.dat:0xaa33d,scena/mp4010_02.dat,I greatly appreciate your help with restoring,46
scena/mp4010_02.dat:0xaa37a,scena/mp4010_02.dat,branches in Rolent and Zeiss.,30
scena/mp4010_02.dat:0xaa398,scena/mp4010_02.dat,We're still unable to reach the guild,38
scena/mp4010_02.dat:0xaa3cd,scena/mp4010_02.dat,in Liberl depends on you.,26
scena/mp4010_02.dat:0xaa3e7,scena/mp4010_02.dat,It's no exaggeration to say public order,41
scena/mp4010_02.dat:0xaa41f,scena/mp4010_02.dat,our communication network.,27
scena/mp4010_02.dat:0xaa43a,scena/mp4010_02.dat,I greatly appreciate your help with restoring,46
scena/mp4010_02.dat:0xaa477,scena/mp4010_02.dat,branches in Rolent and Ruan.,29
scena/mp4010_02.dat:0xaa494,scena/mp4010_02.dat,We're still unable to reach the guild,38
scena/mp4010_02.dat:0xaa4c9,scena/mp4010_02.dat,in Liberl depends on you.,26
scena/mp4010_02.dat:0xaa4e3,scena/mp4010_02.dat,It's no exaggeration to say public order,41
scena/mp4010_02.dat:0xaa51b,scena/mp4010_02.dat,our communication network.,27
scena/mp4010_02.dat:0xaa536,scena/mp4010_02.dat,I greatly appreciate your help with restoring,46
scena/mp4010_02.dat:0xaa573,scena/mp4010_02.dat,branch in Zeiss.,17
scena/mp4010_02.dat:0xaa584,scena/mp4010_02.dat,We're still unable to reach the guild,38
scena/mp4010_02.dat:0xaa5b9,scena/mp4010_02.dat,in Liberl depends on you.,26
scena/mp4010_02.dat:0xaa5d3,scena/mp4010_02.dat,It's no exaggeration to say public order,41
scena/mp4010_02.dat:0xaa60b,scena/mp4010_02.dat,our communication network.,27
scena/mp4010_02.dat:0xaa626,scena/mp4010_02.dat,I greatly appreciate your help with restoring,46
scena/mp4010_02.dat:0xaa663,scena/mp4010_02.dat,branch in Ruan.,16
scena/mp4010_02.dat:0xaa673,scena/mp4010_02.dat,We're still unable to reach the guild,38
scena/mp4010_02.dat:0xaa6a8,scena/mp4010_02.dat,in Liberl depends on you.,26
scena/mp4010_02.dat:0xaa6c2,scena/mp4010_02.dat,It's no exaggeration to say public order,41
scena/mp4010_02.dat:0xaa6fa,scena/mp4010_02.dat,our communication network.,27
scena/mp4010_02.dat:0xaa715,scena/mp4010_02.dat,I greatly appreciate your help with restoring,46
scena/mp4010_02.dat:0xaa752,scena/mp4010_02.dat,branch in Rolent.,18
scena/mp4010_02.dat:0xaa764,scena/mp4010_02.dat,We're still unable to reach the guild,38
scena/mp4010_02.dat:0xaa799,scena/mp4010_02.dat,in Liberl depends on you.,26
scena/mp4010_02.dat:0xaa7b3,scena/mp4010_02.dat,It's no exaggeration to say public order,41
scena/mp4010_02.dat:0xaa7eb,scena/mp4010_02.dat,our communication network.,27
scena/mp4010_02.dat:0xaa806,scena/mp4010_02.dat,I greatly appreciate your help with restoring,46
scena/mp4010_02.dat:0xaa843,scena/mp4010_02.dat,measures for each region.,26
scena/mp4010_02.dat:0xaa85d,scena/mp4010_02.dat,"...Yes, the capital branch will review support",47
scena/mp4010_02.dat:0xaa8a1,scena/mp4010_02.dat,we'll share what we know about the Society as,46
scena/mp4010_02.dat:0xaa8cf,scena/mp4010_02.dat,"Having a better grasp of the situation... Yes,",47
scena/mp4010_02.dat:0xaa90e,scena/mp4010_02.dat,talking to someone from the army...),37
scena/mp4010_02.dat:0xaa933,scena/mp4010_02.dat,(Elnan seems pretty busy. Sounds like he's,43
scena/mp4010_02.dat:0xaa971,scena/mp4010_02.dat,things suddenly got really hectic.),36
scena/mp4010_02.dat:0xaa995,scena/mp4010_02.dat,"(Now that the branch lines are up again,",41
scena/mp4010_02.dat:0xaa9d1,scena/mp4010_02.dat,but now doesn't seem like the time.),37
scena/mp4010_02.dat:0xaa9f6,scena/mp4010_02.dat,(I wanted to ask him about the castle...,41
scena/mp4010_02.dat:0xaaa33,scena/mp4010_02.dat,We're offering shelter to local residents.,43
scena/mp4010_02.dat:0xaaa6d,scena/mp4010_02.dat,from other parts of the city.,30
scena/mp4010_02.dat:0xaaa8b,scena/mp4010_02.dat,The army will find shelter for residents,41
scena/mp4010_02.dat:0xaaac3,scena/mp4010_02.dat,headed for the castle.,23
scena/mp4010_02.dat:0xaaada,scena/mp4010_02.dat,Please follow after the Enforcers,34
scena/mp4010_02.dat:0xaab0b,scena/mp4010_02.dat,I suspect I know what they're planning...,42
scena/mp4010_02.dat:0xaab44,scena/mp4010_02.dat,Ask for advice about Renne,27
scena/mp4010_02.dat:0xaab5f,scena/mp4010_02.dat,No questions,13
scena/mp4010_02.dat:0xaab6d,scena/mp4010_02.dat,Ask for advice about Renne,27
scena/mp4010_02.dat:0xaab88,scena/mp4010_02.dat,No questions,13
scena/mp4010_02.dat:0xaab96,scena/mp4010_02.dat,Ask for advice about Renne,27
scena/mp4010_02.dat:0xaabb1,scena/mp4010_02.dat,No questions,13
scena/mp4010_02.dat:0xaabbf,scena/mp4010_02.dat,I-I can't stop shaking...,26
scena/mp4010_02.dat:0xaabf2,scena/mp4010_02.dat,something like that to us...,29
scena/mp4010_02.dat:0xaac0f,scena/mp4010_02.dat,I can't believe they'd do,26
scena/mp4010_02.dat:0xaac38,scena/mp4010_02.dat,in red armor attacked us...,28
scena/mp4010_02.dat:0xaac54,scena/mp4010_02.dat,"Out of the blue, this group of people",38
scena/mp4010_02.dat:0xaac89,scena/mp4010_02.dat,but that really shook me...,28
scena/mp4010_02.dat:0xaaca5,scena/mp4010_02.dat,"I've been in a lot of fights in my life,",41
scena/mp4010_02.dat:0xaacdd,scena/mp4010_02.dat,with the people who attacked us...,35
scena/mp4010_02.dat:0xaad00,scena/mp4010_02.dat,There was a woman dressed in white,35
scena/mp4010_02.dat:0xaad32,scena/mp4010_02.dat,They made short work of the soldiers...,40
scena/mp4010_02.dat:0xaad69,scena/mp4010_02.dat,I must be misremembering things...,35
scena/mp4010_02.dat:0xaad8c,scena/mp4010_02.dat,I can't believe it really happened...,38
scena/mp4010_02.dat:0xaadc1,scena/mp4010_02.dat,"away, and I got hurt.",22
scena/mp4010_02.dat:0xaadd7,scena/mp4010_02.dat,Owww... I fell down when I was running,39
scena/mp4010_02.dat:0xaae0d,scena/mp4010_02.dat,I hope Mom and Dad are okay...,31
scena/mp4010_02.dat:0xaae3b,scena/mp4010_02.dat,The Royal Army brought us here.,32
scena/mp4010_02.dat:0xaae6a,scena/mp4010_02.dat,I hope they're okay...,23
scena/mp4010_02.dat:0xaae90,scena/mp4010_02.dat,Why did those people attack us?,32
scena/mp4010_02.dat:0xaaebf,scena/mp4010_02.dat,We haven't done anything wrong.,32
scena/mp4010_02.dat:0xaaeee,scena/mp4010_02.dat,Wh-Who were those guys?,24
scena/mp4010_02.dat:0xaaf15,scena/mp4010_02.dat,They were dressed very strangely.,34
scena/mp4010_02.dat:0xaaf37,scena/mp4010_02.dat,Four of them were leading the attack.,38
scena/mp4010_02.dat:0xaaf6c,scena/mp4010_02.dat,"First our orbments stop working, now this...",45
scena/mp4010_02.dat:0xaafa8,scena/mp4010_02.dat,It's just awful...,19
scena/mp4010_02.dat:0xaafca,scena/mp4010_02.dat,Do you think they were Erebonian soldiers?,43
scena/mp4010_02.dat:0xab004,scena/mp4010_02.dat,and attack us out of the blue!,31
scena/mp4010_02.dat:0xab023,scena/mp4010_02.dat,Only Erebonia would break their promises,41
scena/mp4010_02.dat:0xab05b,scena/mp4010_02.dat,the guild will survive.,24
scena/mp4010_02.dat:0xab073,scena/mp4010_02.dat,"Even if our building goes up in flames,",40
scena/mp4010_02.dat:0xab0aa,scena/mp4010_02.dat,members don't lose their passion for fishing!,46
scena/mp4010_02.dat:0xab0d8,scena/mp4010_02.dat,The Fisherman's Guild will exist as long as its,48
scena/mp4010_02.dat:0xab117,scena/mp4010_02.dat,to our workshop?!,18
scena/mp4010_02.dat:0xab129,scena/mp4010_02.dat,Damn it! What's going to happen,32
scena/mp4010_02.dat:0xab158,scena/mp4010_02.dat,He didn't want to leave the workshop.,38
scena/mp4010_02.dat:0xab17e,scena/mp4010_02.dat,I had to forcefully drag Zach here.,36
scena/mp4010_02.dat:0xab1b1,scena/mp4010_02.dat,We barely made it out in time.,31
scena/mp4010_02.dat:0xab1df,scena/mp4010_02.dat,"Oh dear, oh dear... Our city...is burning...",45
scena/mp4010_02.dat:0xab21b,scena/mp4010_02.dat,the Royal Army soldiers... It beggars belief...,48
scena/mp4010_02.dat:0xab24b,scena/mp4010_02.dat,Just four of those bastards managed to defeat,46
scena/mp4010_02.dat:0xab288,scena/mp4010_02.dat,The soldiers told us to seek shelter...,40
scena/mp4010_02.dat:0xab2bf,scena/mp4010_02.dat,"I hope they stay safe, too...",30
scena/mp4010_02.dat:0xab2ec,scena/mp4010_02.dat,Who were those people who attacked us?!,40
scena/mp4010_02.dat:0xab314,scena/mp4010_02.dat,Wh-what in the world is happening!,35
scena/mp4010_02.dat:0xab346,scena/mp4010_02.dat,will ensure our safety...,26
scena/mp4010_02.dat:0xab360,scena/mp4010_02.dat,Don't panic... The Goddess and the Queen,41
scena/mp4010_02.dat:0xab398,scena/mp4010_02.dat,We just have to be patient...,30
scena/mp4010_02.dat:0xab3c5,scena/mp4010_02.dat,"Are you alright, dear?",23
scena/mp4010_02.dat:0xab3eb,scena/mp4010_02.dat,Uh... What is going on?,24
scena/mp4010_02.dat:0xab412,scena/mp4010_02.dat,Is this...war?,15
scena/mp4010_02.dat:0xab430,scena/mp4010_02.dat,So much for the non-aggression pact...,39
scena/mp4010_02.dat:0xab466,scena/mp4010_02.dat,the red soldiers headed to the castle...,41
scena/mp4010_02.dat:0xab48f,scena/mp4010_02.dat,The four people who were commanding,36
scena/mp4010_02.dat:0xab4c2,scena/mp4010_02.dat,I fear for our queen and Princess Klaudia...,45
scena/mp4010_02.dat:0xab4fe,scena/mp4010_02.dat,P-Please do something! Save our city...!,41
scena/mp4010_02.dat:0xab536,scena/mp4010_02.dat,after everyone here.,21
scena/mp4010_02.dat:0xab54b,scena/mp4010_02.dat,"Ms. Estelle, allow me to look",30
scena/mp4010_02.dat:0xab578,scena/mp4010_02.dat,"Please, take care of the Duke.",31
scena/mp4010_02.dat:0xab5a6,scena/mp4010_02.dat,<C1>Scherazard is asleep at the table.,39
scena/mp4010_02.dat:0xab5cd,scena/mp4010_02.dat,we went there following your dad's trail.,42
scena/mp4010_02.dat:0xab5f7,scena/mp4010_02.dat,"Next stop, Bose... It feels like just yesterday",48
scena/mp4010_02.dat:0xab636,scena/mp4010_02.dat,then. You've grown into someone truly dependable.,50
scena/mp4010_02.dat:0xab668,scena/mp4010_02.dat,"Estelle, you've really come a long way since",45
scena/mp4010_02.dat:0xab6bb,scena/mp4010_02.dat,<C1>Agate is asleep at the table.,34
scena/mp4010_02.dat:0xab6dd,scena/mp4010_02.dat,"If we take off, the capital's gonna be wide open.",50
scena/mp4010_02.dat:0xab71e,scena/mp4010_02.dat,we still can.,14
scena/mp4010_02.dat:0xab72c,scena/mp4010_02.dat,Let's get those requests outta the way while,45
scena/mp4010_02.dat:0xab77d,scena/mp4010_02.dat,with me?,9
scena/mp4010_02.dat:0xab786,scena/mp4010_02.dat,"My dear Estelle, care to admire the flowers",44
scena/mp4010_02.dat:0xab7c2,scena/mp4010_02.dat,them into a bouquet for you.,29
scena/mp4010_02.dat:0xab7df,scena/mp4010_02.dat,"If it pleases you, I'd be delighted to gather",46
scena/mp4010_02.dat:0xab81c,scena/mp4010_02.dat,<C1>Olivier is asleep at the table.,36
scena/mp4010_02.dat:0xab840,scena/mp4010_02.dat,was dazzling to behold. ,25
scena/mp4010_02.dat:0xab859,scena/mp4010_02.dat,"Estelle, the determination you showed earlier",46
scena/mp4010_02.dat:0xab8b2,scena/mp4010_02.dat,"As a roving minstrel of love, I feel compelled",47
scena/mp4010_02.dat:0xab8f1,scena/mp4010_02.dat,should be quite educational.,29
scena/mp4010_02.dat:0xab90e,scena/mp4010_02.dat,"I don't usually read books like these, so it",45
scena/mp4010_02.dat:0xab94b,scena/mp4010_02.dat,I might flick through a few of them while we wait.,51
scena/mp4010_02.dat:0xab98d,scena/mp4010_02.dat,"Renne, where have you gone...?",31
scena/mp4010_02.dat:0xab9bb,scena/mp4010_02.dat,so I'll keep an eye out just in case.,38
scena/mp4010_02.dat:0xab9e1,scena/mp4010_02.dat,"There's a chance she may return to the guild,",46
scena/mp4010_02.dat:0xaba1e,scena/mp4010_02.dat,"<C1>Kloe is napping, leaning against the bookshelf.",52
scena/mp4010_02.dat:0xaba52,scena/mp4010_02.dat,reach Joshua and Renne someday.,32
scena/mp4010_02.dat:0xaba72,scena/mp4010_02.dat,Estelle... I have faith that your feelings will,48
scena/mp4010_02.dat:0xabab6,scena/mp4010_02.dat,Please allow me to remain by your side supporting,50
scena/mp4010_02.dat:0xabaf7,scena/mp4010_02.dat,around Grancel with my grandfather...,38
scena/mp4010_02.dat:0xabb1d,scena/mp4010_02.dat,"Back during the Birthday Festival, I wandered",46
scena/mp4010_02.dat:0xabb7e,scena/mp4010_02.dat,"And now, I'm here doing the same thing with you",48
scena/mp4010_02.dat:0xabbbe,scena/mp4010_02.dat,"<C1>Tita is dozing, leaning against the message board.",55
scena/mp4010_02.dat:0xabc0e,scena/mp4010_02.dat,a proper conversation with you...,34
scena/mp4010_02.dat:0xabc30,scena/mp4010_02.dat,"If I ever get to see you again, I want to have",47
scena/mp4010_02.dat:0xabc82,scena/mp4010_02.dat,"Hey, you guys doing okay?",26
scena/mp4010_02.dat:0xabcab,scena/mp4010_02.dat,Give me a shout if you need me.,32
scena/mp4010_02.dat:0xabce3,scena/mp4010_02.dat,That kid's counting on us. We have to find her,47
scena/mp4010_02.dat:0xabd21,scena/mp4010_02.dat,I'll leave that to you.,24
scena/mp4010_02.dat:0xabd48,scena/mp4010_02.dat,<C1>Zin is asleep at the table.,32
scena/mp4010_02.dat:0xabd68,scena/mp4010_02.dat,that others just can't imitate.,32
scena/mp4010_02.dat:0xabd88,scena/mp4010_02.dat,"Estelle, your optimism carries a strength",42
scena/mp4010_02.dat:0xabdc1,scena/mp4010_02.dat,there behind you.,18
scena/mp4010_02.dat:0xabdd3,scena/mp4010_02.dat,Just keep walking your own path. We'll be right,48
scena/mp4010_02.dat:0xabe25,scena/mp4010_02.dat,I hope Lloyd is doing okay in Bose...,38
scena/mp4010_02.dat:0xabe84,scena/mp4010_02.dat,ordered to evacuate...,23
scena/mp4010_02.dat:0xabe9b,scena/mp4010_02.dat,I was out buying supplies when I was suddenly,46
scena/mp4010_02.dat:0xabed8,scena/mp4010_02.dat,Just pick up a book and try to settle your nerves.,51
scena/mp4010_02.dat:0xabf0b,scena/mp4010_02.dat,"At times like these, it's best not to panic.",45
scena/mp4010_02.dat:0xabf87,scena/mp4010_02.dat,"I see... Well done, both of you.",33
scena/mp4010_02.dat:0xabfbf,scena/mp4010_02.dat,on your performance during training.,37
scena/mp4010_02.dat:0xabfe4,scena/mp4010_02.dat,"Now then, let's see what you're owed based",43
scena/mp4010_02.dat:0xac04a,scena/mp4010_02.dat,it was just training?,22
scena/mp4010_02.dat:0xac060,scena/mp4010_02.dat,Huh? We still get paid even though,35
scena/mp4010_02.dat:0xac092,scena/mp4010_02.dat,Absolutely. It's all part of the job.,38
scena/mp4010_02.dat:0xac0cf,scena/mp4010_02.dat,all that hard work put to good use.,36
scena/mp4010_02.dat:0xac0f3,scena/mp4010_02.dat,"Naturally, we'll be expecting to see",37
scena/mp4010_02.dat:0xac14e,scena/mp4010_02.dat,Haha... I knew there was a catch.,34
scena/mp4010_02.dat:0xac1a6,scena/mp4010_02.dat,It certainly looks like your training went well.,49
scena/mp4010_02.dat:0xac1ff,scena/mp4010_02.dat,Yep! We learned a lot!,23
scena/mp4010_02.dat:0xac22e,scena/mp4010_02.dat,I'd love to go again if I ever get the chance.,47
scena/mp4010_02.dat:0xac26c,scena/mp4010_02.dat,"Haha... Well, that's good to hear.",35
scena/mp4010_02.dat:0xac29f,scena/mp4010_02.dat,others stayed at the training grounds?,39
scena/mp4010_02.dat:0xac2c6,scena/mp4010_02.dat,"By the way, I heard that Kurt and the",38
scena/mp4010_02.dat:0xac2fb,scena/mp4010_02.dat,some more advanced training.,29
scena/mp4010_02.dat:0xac318,scena/mp4010_02.dat,"Yeah, he's with Carna and Grant doing",38
scena/mp4010_02.dat:0xac34d,scena/mp4010_02.dat,They said they won't be back for a while.,42
scena/mp4010_02.dat:0xac394,scena/mp4010_02.dat,"out of the country, though, huh?",33
scena/mp4010_02.dat:0xac3b5,scena/mp4010_02.dat,That means we've got three senior bracers,42
scena/mp4010_02.dat:0xac3ef,scena/mp4010_02.dat,Things could get pretty busy!,30
scena/mp4010_02.dat:0xac425,scena/mp4010_02.dat,"the Royal Army now, right?",27
scena/mp4010_02.dat:0xac440,scena/mp4010_02.dat,"Plus, Cassius is devoting all his time to",42
scena/mp4010_02.dat:0xac47d,scena/mp4010_02.dat,"Yeah, that's right.",20
scena/mp4010_02.dat:0xac4a4,scena/mp4010_02.dat,was working at Leiston Fortress.,33
scena/mp4010_02.dat:0xac4c5,scena/mp4010_02.dat,I'm pretty sure I heard that he,32
scena/mp4010_02.dat:0xac50a,scena/mp4010_02.dat,He was appointed as chief of the General Staff HQ.,51
scena/mp4010_02.dat:0xac558,scena/mp4010_02.dat,officer in the Royal Army.,27
scena/mp4010_02.dat:0xac573,scena/mp4010_02.dat,Which essentially means he's the top-ranking,45
scena/mp4010_02.dat:0xac5db,scena/mp4010_02.dat,DAD's in charge?!,18
scena/mp4010_02.dat:0xac607,scena/mp4010_02.dat,But I thought that was General Morgan's job!,45
scena/mp4010_02.dat:0xac654,scena/mp4010_02.dat,was passed to Cassius at the General's request.,48
scena/mp4010_02.dat:0xac684,scena/mp4010_02.dat,"It seems that was the original plan, but the role",50
scena/mp4010_02.dat:0xac6c5,scena/mp4010_02.dat,Royal Army should be entrusted to someone younger.,51
scena/mp4010_02.dat:0xac6f8,scena/mp4010_02.dat,It was his view as General that the future of the,50
scena/mp4010_02.dat:0xac749,scena/mp4010_02.dat,Wow... I can't even imagine Dad like that.,43
scena/mp4010_02.dat:0xac784,scena/mp4010_02.dat,I'm sure he can handle it.,27
scena/mp4010_02.dat:0xac79f,scena/mp4010_02.dat,"Hahaha, it's Cassius, after all.",33
scena/mp4010_02.dat:0xac7e9,scena/mp4010_02.dat,gonna be spread even thinner now.,34
scena/mp4010_02.dat:0xac80b,scena/mp4010_02.dat,But it will mean the guild's,29
scena/mp4010_02.dat:0xac837,scena/mp4010_02.dat,more cooperative than before.,30
scena/mp4010_02.dat:0xac855,scena/mp4010_02.dat,"Well, hopefully the military will be",37
scena/mp4010_02.dat:0xac898,scena/mp4010_02.dat,Especially since we have a new threat on the horizon.,54
scena/mp4010_02.dat:0xac8f5,scena/mp4010_02.dat,"You mean...the Society, right?",31
scena/mp4010_02.dat:0xac93e,scena/mp4010_02.dat,Does that mean they're on the move?,36
scena/mp4010_02.dat:0xac97e,scena/mp4010_02.dat,"No... At least, not yet.",25
scena/mp4010_02.dat:0xac9a7,scena/mp4010_02.dat,happening over the past month.,31
scena/mp4010_02.dat:0xac9c6,scena/mp4010_02.dat,But some strange things have been,34
scena/mp4010_02.dat:0xac9f7,scena/mp4010_02.dat,the land have started to...change.,35
scena/mp4010_02.dat:0xaca1a,scena/mp4010_02.dat,"For one thing, monsters throughout",35
scena/mp4010_02.dat:0xaca68,scena/mp4010_02.dat,What do you mean by that?,26
scena/mp4010_02.dat:0xaca91,scena/mp4010_02.dat,monsters that have never been seen before.,43
scena/mp4010_02.dat:0xacabc,scena/mp4010_02.dat,"Well, first off, there've been new types of",44
scena/mp4010_02.dat:0xacaf8,scena/mp4010_02.dat,familiar with have become a lot stronger.,42
scena/mp4010_02.dat:0xacb22,scena/mp4010_02.dat,And then it seems like even the monsters we're,47
scena/mp4010_02.dat:0xacb60,scena/mp4010_02.dat,We still haven't managed to determine the cause.,49
scena/mp4010_02.dat:0xacba1,scena/mp4010_02.dat,Uh-oh! That doesn't sound good.,32
scena/mp4010_02.dat:0xacbd9,scena/mp4010_02.dat,Do you think the Society's behind it?!,39
scena/mp4010_02.dat:0xacc0f,scena/mp4010_02.dat,conclusions at this stage.,27
scena/mp4010_02.dat:0xacc2a,scena/mp4010_02.dat,It's too early to draw any,27
scena/mp4010_02.dat:0xacc54,scena/mp4010_02.dat,Her Majesty's Birthday Festival.,33
scena/mp4010_02.dat:0xacc75,scena/mp4010_02.dat,But it all started at the time of,34
scena/mp4010_02.dat:0xacca7,scena/mp4010_02.dat,That much at least is certain.,31
scena/mp4010_02.dat:0xacce9,scena/mp4010_02.dat,No way...!,11
scena/mp4010_02.dat:0xacd65,scena/mp4010_02.dat,some kind of response.,23
scena/mp4010_02.dat:0xacd7c,scena/mp4010_02.dat,"Anyway, we're working on mounting",34
scena/mp4010_02.dat:0xacdad,scena/mp4010_02.dat,And I'd really like you both to be part of it.,47
scena/mp4010_02.dat:0xace45,scena/mp4010_02.dat,Woman's Voice,14
scena/mp4010_02.dat:0xace53,scena/mp4010_02.dat,"Hey, you're here already!",26
scena/mp4010_02.dat:0xaceb4,scena/mp4010_02.dat,"Oh, Schera?!",13
scena/mp4010_02.dat:0xaced0,scena/mp4010_02.dat,"Schera?! And Agate, too?!",26
scena/mp4010_02.dat:0xacf17,scena/mp4010_02.dat,"Welcome back, you two!",23
scena/mp4010_02.dat:0xacf4a,scena/mp4010_02.dat,"Heh, you're back sooner than expected.",39
scena/mp4010_02.dat:0xacf80,scena/mp4010_02.dat,"Nice to see you, Schera!",25
scena/mp4010_02.dat:0xacfa9,scena/mp4010_02.dat,"And Agate, it's been a while, huh?",35
scena/mp4010_02.dat:0xacff3,scena/mp4010_02.dat,"since the Birthday Festival, right?",36
scena/mp4010_02.dat:0xad017,scena/mp4010_02.dat,"Yeah, haven't seen you",23
scena/mp4010_02.dat:0xad057,scena/mp4010_02.dat,...The old man told me all about Joshua.,41
scena/mp4010_02.dat:0xad090,scena/mp4010_02.dat,<w2200>Seems like you're all better now though.,48
scena/mp4010_02.dat:0xad0c0,scena/mp4010_02.dat,I heard you were pretty torn up about it.,42
scena/mp4010_02.dat:0xad113,scena/mp4010_02.dat,"Yeah, well, you know.",22
scena/mp4010_02.dat:0xad139,scena/mp4010_02.dat,"But, anyway. How come you two are together?",44
scena/mp4010_02.dat:0xad174,scena/mp4010_02.dat,Good question. You do make an unlikely couple.,47
scena/mp4010_02.dat:0xad1d1,scena/mp4010_02.dat,Oh? You think so?,18
scena/mp4010_02.dat:0xad201,scena/mp4010_02.dat,"Eh, fair point. We don't work together too often.",50
scena/mp4010_02.dat:0xad246,scena/mp4010_02.dat,been assigned to a special mission.,36
scena/mp4010_02.dat:0xad26a,scena/mp4010_02.dat,"Actually, Scherazard and Agate have both",41
scena/mp4010_02.dat:0xad2de,scena/mp4010_02.dat,That's why I had them come here.,33
scena/mp4010_02.dat:0xad30e,scena/mp4010_02.dat,A special mission?,19
scena/mp4010_02.dat:0xad330,scena/mp4010_02.dat,<w1500>They're going to investigate Ouroboros.,47
scena/mp4010_02.dat:0xad396,scena/mp4010_02.dat,Investigate the Society?!,26
scena/mp4010_02.dat:0xad3bf,scena/mp4010_02.dat,"B-But, what do you mean?!",26
scena/mp4010_02.dat:0xad40c,scena/mp4010_02.dat,what exactly we're investigating.,34
scena/mp4010_02.dat:0xad42e,scena/mp4010_02.dat,"Well, we don't really even know",32
scena/mp4010_02.dat:0xad45e,scena/mp4010_02.dat,very existence isn't clear.,28
scena/mp4010_02.dat:0xad47a,scena/mp4010_02.dat,"After all, the organization's",30
scena/mp4010_02.dat:0xad4a7,scena/mp4010_02.dat,while looking out for leads on the Society.,44
scena/mp4010_02.dat:0xad4d3,scena/mp4010_02.dat,We'll be traveling around and taking care of business,54
scena/mp4010_02.dat:0xad526,scena/mp4010_02.dat,dullest 'investigation' ever.,30
scena/mp4010_02.dat:0xad544,scena/mp4010_02.dat,"In other words, it'll be the",29
scena/mp4010_02.dat:0xad570,scena/mp4010_02.dat,"Yeah, sounds like it.",22
scena/mp4010_02.dat:0xad59d,scena/mp4010_02.dat,be done at this stage.,23
scena/mp4010_02.dat:0xad5b4,scena/mp4010_02.dat,But I guess that's all that can,32
scena/mp4010_02.dat:0xad5e4,scena/mp4010_02.dat,"So, what is it you'd like our help with?",41
scena/mp4010_02.dat:0xad61d,scena/mp4010_02.dat,"Right, let's cut to the chase.",31
scena/mp4010_02.dat:0xad64f,scena/mp4010_02.dat,as possible.,13
scena/mp4010_02.dat:0xad65c,scena/mp4010_02.dat,so they can glean information from as many places,50
scena/mp4010_02.dat:0xad68e,scena/mp4010_02.dat,Scherazard and Agate will be traveling separately,50
scena/mp4010_02.dat:0xad6d0,scena/mp4010_02.dat,given that the Society is an unknown adversary.,48
scena/mp4010_02.dat:0xad700,scena/mp4010_02.dat,But it could be dangerous for them to be alone,47
scena/mp4010_02.dat:0xad777,scena/mp4010_02.dat,So one of us needs to tag along with Schera...,47
scena/mp4010_02.dat:0xad7b5,scena/mp4010_02.dat,"And the other needs to pair up with Agate, right?",50
scena/mp4010_02.dat:0xad7f6,scena/mp4010_02.dat,That's about the gist of it.,29
scena/mp4010_02.dat:0xad82a,scena/mp4010_02.dat,What do you think? Can we count on you?,40
scena/mp4010_02.dat:0xad8ac,scena/mp4010_02.dat,You bet you can!,17
scena/mp4010_02.dat:0xad8cc,scena/mp4010_02.dat,so this works out perfectly!,29
scena/mp4010_02.dat:0xad8e9,scena/mp4010_02.dat,"I'd been hoping to go after the Society,",41
scena/mp4010_02.dat:0xad921,scena/mp4010_02.dat,"Count me in, too.",18
scena/mp4010_02.dat:0xad951,scena/mp4010_02.dat,"shady, secretive shenanigans!",30
scena/mp4010_02.dat:0xad96f,scena/mp4010_02.dat,We can't let them get away with their,38
scena/mp4010_02.dat:0xad9c9,scena/mp4010_02.dat,Haha... Thank you. Much appreciated.,37
scena/mp4010_02.dat:0xada3d,scena/mp4010_02.dat,who's going with who.,22
scena/mp4010_02.dat:0xada53,scena/mp4010_02.dat,"In that case, we'd better work out",35
scena/mp4010_02.dat:0xada86,scena/mp4010_02.dat,Both of us are good either way.,32
scena/mp4010_02.dat:0xadad3,scena/mp4010_02.dat,"None of us are strangers, after all.",37
scena/mp4010_02.dat:0xadb14,scena/mp4010_02.dat,what works best for you.,25
scena/mp4010_02.dat:0xadb2d,scena/mp4010_02.dat,You guys just figure out,25
scena/mp4010_02.dat:0xadb55,scena/mp4010_02.dat,Hmmm... Easier said than done.,31
scena/mp4010_02.dat:0xadb84,scena/mp4010_02.dat,"Any thoughts, Anelace?",23
scena/mp4010_02.dat:0xadbaa,scena/mp4010_02.dat,Hmm. This is tough.,20
scena/mp4010_02.dat:0xadbce,scena/mp4010_02.dat,"You're not gonna like this, but...",35
scena/mp4010_02.dat:0xadc01,scena/mp4010_02.dat,"I think it's best you decide, Estelle.",39
scena/mp4010_02.dat:0xadc37,scena/mp4010_02.dat,"Wait, whaaat?!",15
scena/mp4010_02.dat:0xadc55,scena/mp4010_02.dat,"become a senior bracer, right?",31
scena/mp4010_02.dat:0xadc74,scena/mp4010_02.dat,"Well, you know, you've only just",33
scena/mp4010_02.dat:0xadca5,scena/mp4010_02.dat,quite found your groove.,25
scena/mp4010_02.dat:0xadcbe,scena/mp4010_02.dat,So I'm thinking maybe you still haven't,40
scena/mp4010_02.dat:0xadd06,scena/mp4010_02.dat,learn about other bracers' styles?,35
scena/mp4010_02.dat:0xadd29,scena/mp4010_02.dat,Why not think of this choice as a chance to,44
scena/mp4010_02.dat:0xadda4,scena/mp4010_02.dat,"Nice one, Anelace.",19
scena/mp4010_02.dat:0xadde0,scena/mp4010_02.dat,Since when did you become so wise?,35
scena/mp4010_02.dat:0xade51,scena/mp4010_02.dat,"Well, she does have a point.",29
scena/mp4010_02.dat:0xade92,scena/mp4010_02.dat,but that doesn't mean we fight the same.,41
scena/mp4010_02.dat:0xadebb,scena/mp4010_02.dat,"Scherazard and I rank about the same in the guild,",51
scena/mp4010_02.dat:0xadf52,scena/mp4010_02.dat,My go-to in a fight is my heavy blade.,39
scena/mp4010_02.dat:0xadf79,scena/mp4010_02.dat,I only use arts for support.,29
scena/mp4010_02.dat:0xae01e,scena/mp4010_02.dat,<w2000>with my whip and orbal arts.,36
scena/mp4010_02.dat:0xae042,scena/mp4010_02.dat,"Meanwhile, I'm more of a mobile fighter,",41
scena/mp4010_02.dat:0xae0d9,scena/mp4010_02.dat,who you decide to go with.,27
scena/mp4010_02.dat:0xae0f4,scena/mp4010_02.dat,That should all factor into,28
scena/mp4010_02.dat:0xae11f,scena/mp4010_02.dat,isn't just about fighting.,27
scena/mp4010_02.dat:0xae13a,scena/mp4010_02.dat,"But of course, a bracer's job",30
scena/mp4010_02.dat:0xae177,scena/mp4010_02.dat,and make a decision.,21
scena/mp4010_02.dat:0xae18c,scena/mp4010_02.dat,You should just see how you feel,33
scena/mp4010_02.dat:0xae1e3,scena/mp4010_02.dat,"Um, yeah...",12
scena/mp4010_02.dat:0xae1ff,scena/mp4010_02.dat,"So, uh...",10
scena/mp4010_02.dat:0xae226,scena/mp4010_02.dat,Great. I'll be counting on you.,32
scena/mp4010_02.dat:0xae263,scena/mp4010_02.dat,Especially now that you're a senior bracer and all!,52
scena/mp4010_02.dat:0xae2a7,scena/mp4010_02.dat,Oof... I'll try not to let you down.,37
scena/mp4010_02.dat:0xae2f2,scena/mp4010_02.dat,"Okay then. I'll be going with you, Agate.",42
scena/mp4010_02.dat:0xae32b,scena/mp4010_02.dat,Let's do this!,15
scena/mp4010_02.dat:0xae364,scena/mp4010_02.dat,"Yeah, time to get to work.",27
scena/mp4010_02.dat:0xae39b,scena/mp4010_02.dat,"Me, huh? Got it.",17
scena/mp4010_02.dat:0xae3bc,scena/mp4010_02.dat,now that you're a senior bracer.,33
scena/mp4010_02.dat:0xae3dd,scena/mp4010_02.dat,I'm gonna push you even harder,31
scena/mp4010_02.dat:0xae417,scena/mp4010_02.dat,You ready for that?,20
scena/mp4010_02.dat:0xae43a,scena/mp4010_02.dat,"Yeah, yeah, I know.",20
scena/mp4010_02.dat:0xae46b,scena/mp4010_02.dat,I had a feeling you'd say something like that.,47
scena/mp4010_02.dat:0xae4e8,scena/mp4010_02.dat,"Come on, guys. No fighting.",28
scena/mp4010_02.dat:0xae523,scena/mp4010_02.dat,"So I guess it's me and you, Anelace.",37
scena/mp4010_02.dat:0xae563,scena/mp4010_02.dat,Let's see what you've learned in training!,43
scena/mp4010_02.dat:0xae59d,scena/mp4010_02.dat,Sure thing!,12
scena/mp4010_02.dat:0xae5c7,scena/mp4010_02.dat,with you again. It's been ages!,32
scena/mp4010_02.dat:0xae5e7,scena/mp4010_02.dat,I'm really glad to be working,30
scena/mp4010_02.dat:0xae627,scena/mp4010_02.dat,got that sorted out...,23
scena/mp4010_02.dat:0xae63e,scena/mp4010_02.dat,"Well, now that we've finally",29
scena/mp4010_02.dat:0xae66b,scena/mp4010_02.dat,hit all these places?,22
scena/mp4010_02.dat:0xae681,scena/mp4010_02.dat,How exactly are we gonna,25
scena/mp4010_02.dat:0xae6a9,scena/mp4010_02.dat,"So, what's the plan, Elnan?",28
scena/mp4010_02.dat:0xae6e2,scena/mp4010_02.dat,Good question.,15
scena/mp4010_02.dat:0xae70e,scena/mp4010_02.dat,help out at one of our busier branches.,40
scena/mp4010_02.dat:0xae736,scena/mp4010_02.dat,"I think, for the time being, you should go",43
scena/mp4010_02.dat:0xae780,scena/mp4010_02.dat,both the Bose and the Ruan branches.,37
scena/mp4010_02.dat:0xae7a5,scena/mp4010_02.dat,We've actually had support requests from,41
scena/mp4010_02.dat:0xae7ef,scena/mp4010_02.dat,both the Rolent and the Ruan branches.,39
scena/mp4010_02.dat:0xae816,scena/mp4010_02.dat,We've actually had support requests from,41
scena/mp4010_02.dat:0xae869,scena/mp4010_02.dat,and Carna both being away.,27
scena/mp4010_02.dat:0xae884,scena/mp4010_02.dat,"Hmmm, hardly surprising with Grant",35
scena/mp4010_02.dat:0xae8c3,scena/mp4010_02.dat,"Anelace. You're familiar with Bose, right?",43
scena/mp4010_02.dat:0xae901,scena/mp4010_02.dat,"Absolutely! I'm a Bose girl, born and raised!",46
scena/mp4010_02.dat:0xae954,scena/mp4010_02.dat,me to head for the Bose Bracer Guild.,38
scena/mp4010_02.dat:0xae97a,scena/mp4010_02.dat,Then it would make sense for you and,37
scena/mp4010_02.dat:0xae9dd,scena/mp4010_02.dat,"I've got a little somethin' to deal with there, too.",53
scena/mp4010_02.dat:0xaea2d,scena/mp4010_02.dat,"right, Agate?",14
scena/mp4010_02.dat:0xaea3b,scena/mp4010_02.dat,"Hey, you're from Ravennue originally,",38
scena/mp4010_02.dat:0xaea70,scena/mp4010_02.dat,Planning on some sort of homecoming?,37
scena/mp4010_02.dat:0xaeaa4,scena/mp4010_02.dat,"Well, somethin' like that.",27
scena/mp4010_02.dat:0xaeacf,scena/mp4010_02.dat,for the Ruan branch.,21
scena/mp4010_02.dat:0xaeae4,scena/mp4010_02.dat,Then I guess we should be heading,34
scena/mp4010_02.dat:0xaeb15,scena/mp4010_02.dat,"You okay with that, Estelle?",29
scena/mp4010_02.dat:0xaeb53,scena/mp4010_02.dat,back to Rolent for a while now.,32
scena/mp4010_02.dat:0xaeb73,scena/mp4010_02.dat,"Yikes, I guess I haven't been",30
scena/mp4010_02.dat:0xaebae,scena/mp4010_02.dat,sure Aina would appreciate the help.,37
scena/mp4010_02.dat:0xaebd3,scena/mp4010_02.dat,I should probably head over there. I'm,39
scena/mp4010_02.dat:0xaec17,scena/mp4010_02.dat,"Yeah, sounds like a plan.",26
scena/mp4010_02.dat:0xaec4d,scena/mp4010_02.dat,"Wow, I haven't seen Aina in, like, forever!",44
scena/mp4010_02.dat:0xaec88,scena/mp4010_02.dat,the Ruan Bracer Guild.,23
scena/mp4010_02.dat:0xaec9f,scena/mp4010_02.dat,"In that case, we'll head for",29
scena/mp4010_02.dat:0xaeccc,scena/mp4010_02.dat,"Are you cool with that, Estelle?",33
scena/mp4010_02.dat:0xaecfc,scena/mp4010_02.dat,"Yeah, no problem.",18
scena/mp4010_02.dat:0xaed21,scena/mp4010_02.dat,doing back there.,18
scena/mp4010_02.dat:0xaed33,scena/mp4010_02.dat,"Ruan, huh? I wonder how everyone's",35
scena/mp4010_02.dat:0xaed84,scena/mp4010_02.dat,and let them know you're coming.,33
scena/mp4010_02.dat:0xaeda5,scena/mp4010_02.dat,I'll make contact with both branches,37
scena/mp4010_02.dat:0xaedf1,scena/mp4010_02.dat,"Okay, everyone. Good luck and stay safe!",41
scena/mp4010_02.dat:0xaeec7,scena/mp4010_02.dat,*They will accompany Estelle on her journey for a while.,57
scena/mp4010_02.dat:0xaef00,scena/mp4010_02.dat,<C1>Which partner will you choose?,35
scena/mp4010_02.dat:0xaef35,scena/mp4010_02.dat,<C1>Are you sure you'd like to proceed with Scherazard?,56
scena/mp4010_02.dat:0xaef75,scena/mp4010_02.dat,<C1>Are you sure you'd like to proceed with Agate?,51
scena/mp4010_02.dat:0xaefca,scena/mp4010_02.dat,"Thank you for coming, everyone.",32
scena/mp4010_02.dat:0xaeffe,scena/mp4010_02.dat,reports from Ruan and Zeiss.,29
scena/mp4010_02.dat:0xaf01b,scena/mp4010_02.dat,I've already read your,23
scena/mp4010_02.dat:0xaf04c,scena/mp4010_02.dat,You all did a great job.,25
scena/mp4010_02.dat:0xaf085,scena/mp4010_02.dat,for the Society...,19
scena/mp4010_02.dat:0xaf098,scena/mp4010_02.dat,"Well, it was probably just a warm-up",37
scena/mp4010_02.dat:0xaf0d2,scena/mp4010_02.dat,sunglasses guy were both holding back.,39
scena/mp4010_02.dat:0xaf0f9,scena/mp4010_02.dat,"Besides, the masked guy and the",32
scena/mp4010_02.dat:0xaf13c,scena/mp4010_02.dat,that the Society is making a move.,35
scena/mp4010_02.dat:0xaf15f,scena/mp4010_02.dat,"That may be true, but we now know for sure",43
scena/mp4010_02.dat:0xaf19e,scena/mp4010_02.dat,the Royal Army's cooperation going forward.,44
scena/mp4010_02.dat:0xaf1ca,scena/mp4010_02.dat,That fact will make it much easier to gain,43
scena/mp4010_02.dat:0xaf214,scena/mp4010_02.dat,"Speaking of which, what's this request about?",46
scena/mp4010_02.dat:0xaf251,scena/mp4010_02.dat,"It's related to the Society, isn't it?",39
scena/mp4010_02.dat:0xaf293,scena/mp4010_02.dat,fill us in on their request?,29
scena/mp4010_02.dat:0xaf2b0,scena/mp4010_02.dat,"Speaking of which, can you",27
scena/mp4010_02.dat:0xaf2da,scena/mp4010_02.dat,Is it related to the Society?,30
scena/mp4010_02.dat:0xaf357,scena/mp4010_02.dat,About that...,14
scena/mp4010_02.dat:0xaf375,scena/mp4010_02.dat,It seems they can't discuss it over communicator.,50
scena/mp4010_02.dat:0xaf3b6,scena/mp4010_02.dat,the army will explain in person.,33
scena/mp4010_02.dat:0xaf3d7,scena/mp4010_02.dat,So a representative from,25
scena/mp4010_02.dat:0xaf41b,scena/mp4010_02.dat,"Heh... Something particularly sensitive, it seems.",51
scena/mp4010_02.dat:0xaf45e,scena/mp4010_02.dat,about someone listening in.,28
scena/mp4010_02.dat:0xaf47a,scena/mp4010_02.dat,Perhaps they're worried,24
scena/mp4010_02.dat:0xaf4a1,scena/mp4010_02.dat,L-Listening in?!,17
scena/mp4010_02.dat:0xaf4d6,scena/mp4010_02.dat,"There's a high likelihood, yes.",32
scena/mp4010_02.dat:0xaf52d,scena/mp4010_02.dat,but it can be intercepted.,27
scena/mp4010_02.dat:0xaf548,scena/mp4010_02.dat,"Orbal communication is convenient,",35
scena/mp4010_02.dat:0xaf57a,scena/mp4010_02.dat,could use our communicator's scramble function.,48
scena/mp4010_02.dat:0xaf5aa,scena/mp4010_02.dat,"If it was just between guild outposts, we",42
scena/mp4010_02.dat:0xaf5e8,scena/mp4010_02.dat,communication with the army?,29
scena/mp4010_02.dat:0xaf605,scena/mp4010_02.dat,You can't use it for,21
scena/mp4010_02.dat:0xaf62e,scena/mp4010_02.dat,"No, the army has its own equipment standards.",46
scena/mp4010_02.dat:0xaf676,scena/mp4010_02.dat,Normal communicators can't be used.,36
scena/mp4010_02.dat:0xaf6c1,scena/mp4010_02.dat,"Wow, I never knew...",21
scena/mp4010_02.dat:0xaf6e5,scena/mp4010_02.dat,Why can't we just use the same standards?,42
scena/mp4010_02.dat:0xaf72b,scena/mp4010_02.dat,we're an international civilian force.,39
scena/mp4010_02.dat:0xaf752,scena/mp4010_02.dat,"Well, they're a national army, and",35
scena/mp4010_02.dat:0xaf78f,scena/mp4010_02.dat,sets of procedures.,20
scena/mp4010_02.dat:0xaf7a3,scena/mp4010_02.dat,We each have our own,21
scena/mp4010_02.dat:0xaf7d4,scena/mp4010_02.dat,"Anyway, Elnan...",17
scena/mp4010_02.dat:0xaf807,scena/mp4010_02.dat,of what the army wants from us.,32
scena/mp4010_02.dat:0xaf827,scena/mp4010_02.dat,I'm guessing you have some idea,32
scena/mp4010_02.dat:0xaf856,scena/mp4010_02.dat,called us all the way here.,28
scena/mp4010_02.dat:0xaf872,scena/mp4010_02.dat,"Otherwise, you wouldn't have",29
scena/mp4010_02.dat:0xaf8ab,scena/mp4010_02.dat,"Moving on, Elnan...",20
scena/mp4010_02.dat:0xaf8e5,scena/mp4010_02.dat,idea of what they want from us.,32
scena/mp4010_02.dat:0xaf905,scena/mp4010_02.dat,I get the impression you have an,33
scena/mp4010_02.dat:0xaf935,scena/mp4010_02.dat,us all the way from Zeiss?,27
scena/mp4010_02.dat:0xaf950,scena/mp4010_02.dat,Why else would you summon,26
scena/mp4010_02.dat:0xaf9f3,scena/mp4010_02.dat,"Haha, you noticed, eh?",23
scena/mp4010_02.dat:0xafa1e,scena/mp4010_02.dat,something to do with the non-aggression pact.,46
scena/mp4010_02.dat:0xafa4c,scena/mp4010_02.dat,This is just my reading...but it likely has,44
scena/mp4010_02.dat:0xafa98,scena/mp4010_02.dat,The non-aggression pact...?,28
scena/mp4010_02.dat:0xafac8,scena/mp4010_02.dat,"talking about that, lately...",30
scena/mp4010_02.dat:0xafae6,scena/mp4010_02.dat,Everyone seems to be,21
scena/mp4010_02.dat:0xafb0f,scena/mp4010_02.dat,"What exactly does that pact say, though?",41
scena/mp4010_02.dat:0xafb55,scena/mp4010_02.dat,"peace between Liberl, Erebonia, and Calvard.",45
scena/mp4010_02.dat:0xafb82,scena/mp4010_02.dat,It's a treaty put forward by Her Majesty for,45
scena/mp4010_02.dat:0xafbe6,scena/mp4010_02.dat,"nations, rather than armed conflict.",37
scena/mp4010_02.dat:0xafc0b,scena/mp4010_02.dat,It calls for negotiations between,34
scena/mp4010_02.dat:0xafc5f,scena/mp4010_02.dat,Does that mean there will be no more war?,42
scena/mp4010_02.dat:0xafc9d,scena/mp4010_02.dat,"it, so it won't end wars outright...",37
scena/mp4010_02.dat:0xafcc2,scena/mp4010_02.dat,"No, there's no way to enforce",30
scena/mp4010_02.dat:0xafcf5,scena/mp4010_02.dat,will promote a more diplomatic mood.,37
scena/mp4010_02.dat:0xafd1a,scena/mp4010_02.dat,But my grandmother believes it,31
scena/mp4010_02.dat:0xafd5a,scena/mp4010_02.dat,I see...,9
scena/mp4010_02.dat:0xafd76,scena/mp4010_02.dat,Queen Alicia has a good eye for these things.,46
scena/mp4010_02.dat:0xafdbd,scena/mp4010_02.dat,I hope our three countries can all become friends.,51
scena/mp4010_02.dat:0xafe05,scena/mp4010_02.dat,will be signed next weekend.,29
scena/mp4010_02.dat:0xafe22,scena/mp4010_02.dat,The non-aggression pact,24
scena/mp4010_02.dat:0xafeac,scena/mp4010_02.dat,"the media will be watching, too.",33
scena/mp4010_02.dat:0xafecd,scena/mp4010_02.dat,"VIPs will be coming in from abroad, and",40
scena/mp4010_02.dat:0xaff17,scena/mp4010_02.dat,under those circumstances...,29
scena/mp4010_02.dat:0xaff34,scena/mp4010_02.dat,If the Society is plotting something,37
scena/mp4010_02.dat:0xaffae,scena/mp4010_02.dat,You're right... It could get really ugly.,42
scena/mp4010_02.dat:0xafff4,scena/mp4010_02.dat,Hmph. This just got a lot more serious.,40
scena/mp4010_02.dat:0xb002c,scena/mp4010_02.dat,until their representative arrives?,36
scena/mp4010_02.dat:0xb0050,scena/mp4010_02.dat,"So, you want us to wait here",29
scena/mp4010_02.dat:0xb0086,scena/mp4010_02.dat,"Hmmph... So we're not here on vacation, then.",46
scena/mp4010_02.dat:0xb00c4,scena/mp4010_02.dat,the representative arrives?,28
scena/mp4010_02.dat:0xb00e0,scena/mp4010_02.dat,Should we wait here until,26
scena/mp4010_02.dat:0xb0130,scena/mp4010_02.dat,You have some free time before the appointment...,50
scena/mp4010_02.dat:0xb0204,scena/mp4010_02.dat,"Oh, pardon me a moment.",24
scena/mp4010_02.dat:0xb0288,scena/mp4010_02.dat,This is the Bracer Guild's Grancel branch.,43
scena/mp4010_02.dat:0xb02c2,scena/mp4010_02.dat,Yes... Right...,16
scena/mp4010_02.dat:0xb0318,scena/mp4010_02.dat,I see... Is that so?,21
scena/mp4010_02.dat:0xb033d,scena/mp4010_02.dat,"Yes, that is quite a dilemma.",30
scena/mp4010_02.dat:0xb0374,scena/mp4010_02.dat,Please wait a moment...,24
scena/mp4010_02.dat:0xb03b9,scena/mp4010_02.dat,Is that the Royal Army?,24
scena/mp4010_02.dat:0xb03ea,scena/mp4010_02.dat,"No, it's from Erbe Royal Villa.",32
scena/mp4010_02.dat:0xb041e,scena/mp4010_02.dat,lost tourist child into custody...,35
scena/mp4010_02.dat:0xb0441,scena/mp4010_02.dat,It seems that they've taken a,30
scena/mp4010_02.dat:0xb0474,scena/mp4010_02.dat,But they can't find the child's parents.,41
scena/mp4010_02.dat:0xb0501,scena/mp4010_02.dat,"Oh, my.",8
scena/mp4010_02.dat:0xb0543,scena/mp4010_02.dat,for the child's parents...,27
scena/mp4010_02.dat:0xb055e,scena/mp4010_02.dat,They've asked us to search,27
scena/mp4010_02.dat:0xb058e,scena/mp4010_02.dat,"arrives, will you take the case?",33
scena/mp4010_02.dat:0xb05af,scena/mp4010_02.dat,Since we have time before the army,35
scena/mp4010_02.dat:0xb0627,scena/mp4010_02.dat,Of course we will.,19
scena/mp4010_02.dat:0xb0667,scena/mp4010_02.dat,"You agree, right, Agate?",25
scena/mp4010_02.dat:0xb069e,scena/mp4010_02.dat,You win. Let's head to the villa.,34
scena/mp4010_02.dat:0xb06d0,scena/mp4010_02.dat,Of course we will.,19
scena/mp4010_02.dat:0xb0710,scena/mp4010_02.dat,"You agree, right, Schera?",26
scena/mp4010_02.dat:0xb0745,scena/mp4010_02.dat,Are you kidding? Let's head to the villa.,42
scena/mp4010_02.dat:0xb0789,scena/mp4010_02.dat,We really appreciate it.,25
scena/mp4010_02.dat:0xb0814,scena/mp4010_02.dat,are available. They will arrive shortly.,41
scena/mp4010_02.dat:0xb083d,scena/mp4010_02.dat,"Yes, we have some bracers who",30
scena/mp4010_02.dat:0xb086e,scena/mp4010_02.dat,And your name is...? Right. Understood.,40
scena/mp4010_02.dat:0xb08a5,scena/mp4010_02.dat,Please wait a moment.,22
scena/mp4010_02.dat:0xb0919,scena/mp4010_02.dat,a butler at Erbe Royal Villa.,30
scena/mp4010_02.dat:0xb0937,scena/mp4010_02.dat,"The lost child is with Raymond,",32
scena/mp4010_02.dat:0xb096a,scena/mp4010_02.dat,Seek him out when you get there.,33
scena/mp4010_02.dat:0xb09a3,scena/mp4010_02.dat,Got it. Will do.,17
scena/mp4010_02.dat:0xb09d3,scena/mp4010_02.dat,"...Wait, Raymond? Where have I heard that name?",48
scena/mp4010_02.dat:0xb0a24,scena/mp4010_02.dat,Isn't he that young butler?,28
scena/mp4010_02.dat:0xb0a50,scena/mp4010_02.dat,when the villa was liberated.,30
scena/mp4010_02.dat:0xb0a6e,scena/mp4010_02.dat,The one who was hiding behind a counter,40
scena/mp4010_02.dat:0xb0ab2,scena/mp4010_02.dat,"Oh, the one who's friends with Nial!",37
scena/mp4010_02.dat:0xb0af9,scena/mp4010_02.dat,"If you know him, that makes things easier.",43
scena/mp4010_02.dat:0xb0b38,scena/mp4010_02.dat,Thank you again. I'm counting on you.,38
scena/mp4010_02.dat:0xb0b9d,scena/mp4010_02.dat,support members.,17
scena/mp4010_02.dat:0xb0bae,scena/mp4010_02.dat,"must remain, you are free to choose any two",44
scena/mp4010_02.dat:0xb0bda,scena/mp4010_02.dat,<C1>You may now edit your party. While core members,52
scena/mp4010_02.dat:0xb0c61,scena/mp4010_02.dat,Elnan! We're back.,19
scena/mp4010_02.dat:0xb0d42,scena/mp4010_02.dat,Oh! Estelle!,13
scena/mp4010_02.dat:0xb0d68,scena/mp4010_02.dat,"You're back, Estelle?",22
scena/mp4010_02.dat:0xb0d9c,scena/mp4010_02.dat,"Oh, I see you're back.",23
scena/mp4010_02.dat:0xb0e16,scena/mp4010_02.dat,see you the other day?,23
scena/mp4010_02.dat:0xb0e2d,scena/mp4010_02.dat,"Greetings, Estelle. Didn't I just",34
scena/mp4010_02.dat:0xb0e5e,scena/mp4010_02.dat,Oh! Lt. Colonel Cid!,21
scena/mp4010_02.dat:0xb0e87,scena/mp4010_02.dat,Royal Army's representative?,29
scena/mp4010_02.dat:0xb0ea4,scena/mp4010_02.dat,"Oh, I see. You're the",22
scena/mp4010_02.dat:0xb0ed3,scena/mp4010_02.dat,Did you come here from Leiston Fortress?,41
scena/mp4010_02.dat:0xb0f10,scena/mp4010_02.dat,Royal Army's representative.,29
scena/mp4010_02.dat:0xb0f2d,scena/mp4010_02.dat,"Oh, I see. So you're the",25
scena/mp4010_02.dat:0xb0f5f,scena/mp4010_02.dat,You came all the way from Leiston Fortress?,44
scena/mp4010_02.dat:0xb0f9f,scena/mp4010_02.dat,"Yes, I did.",12
scena/mp4010_02.dat:0xb0fca,scena/mp4010_02.dat,this morning on a patrol ship.,31
scena/mp4010_02.dat:0xb0fe9,scena/mp4010_02.dat,I just arrived in the capital,30
scena/mp4010_02.dat:0xb102a,scena/mp4010_02.dat,I see...,9
scena/mp4010_02.dat:0xb104b,scena/mp4010_02.dat,We just returned from a job ourselves.,39
scena/mp4010_02.dat:0xb10c3,scena/mp4010_02.dat,Is that the young lady we were called about...?,48
scena/mp4010_02.dat:0xb1197,scena/mp4010_02.dat,"Oh, uh, yeah. This is her.",27
scena/mp4010_02.dat:0xb11c1,scena/mp4010_02.dat,"circumstances, so we brought her here.",39
scena/mp4010_02.dat:0xb11e8,scena/mp4010_02.dat,There were some unusual,24
scena/mp4010_02.dat:0xb121d,scena/mp4010_02.dat,"Um, Renne?",11
scena/mp4010_02.dat:0xb1237,scena/mp4010_02.dat,Can you wait upstairs?,23
scena/mp4010_02.dat:0xb124e,scena/mp4010_02.dat,There's some serious stuff we have to talk about.,50
scena/mp4010_02.dat:0xb128f,scena/mp4010_02.dat,Oh... Is it work stuff?,24
scena/mp4010_02.dat:0xb12c0,scena/mp4010_02.dat,Y-Yeah... Sorry.,17
scena/mp4010_02.dat:0xb12f2,scena/mp4010_02.dat,It's fine...,13
scena/mp4010_02.dat:0xb130e,scena/mp4010_02.dat,"Work, work, work... You're just like Papa.",43
scena/mp4010_02.dat:0xb1348,scena/mp4010_02.dat,I don't like stuff like that.,30
scena/mp4010_02.dat:0xb13c5,scena/mp4010_02.dat,"Hey, um, Renne?",16
scena/mp4010_02.dat:0xb13e4,scena/mp4010_02.dat,"Uh, um... Your name is Renne, right?",37
scena/mp4010_02.dat:0xb14c3,scena/mp4010_02.dat,Do you wanna chat with me?,27
scena/mp4010_02.dat:0xb14ed,scena/mp4010_02.dat,I'd like to learn more about you.,34
scena/mp4010_02.dat:0xb158f,scena/mp4010_02.dat,Chat with you?,15
scena/mp4010_02.dat:0xb15b2,scena/mp4010_02.dat,"Uh, okay. We can talk!",23
scena/mp4010_02.dat:0xb15d8,scena/mp4010_02.dat,Hehe. Thanks.,14
scena/mp4010_02.dat:0xb15fa,scena/mp4010_02.dat,"Estelle, we'll be waiting on the second floor.",47
scena/mp4010_02.dat:0xb1652,scena/mp4010_02.dat,Phew. Tita really saved us.,28
scena/mp4010_02.dat:0xb16a4,scena/mp4010_02.dat,Hmm... Perhaps you can fill me in later.,41
scena/mp4010_02.dat:0xb16e1,scena/mp4010_02.dat,let Lt. Colonel Cid speak first.,33
scena/mp4010_02.dat:0xb1702,scena/mp4010_02.dat,"For now, I think we should",27
scena/mp4010_02.dat:0xb1731,scena/mp4010_02.dat,"Uh, right. That's fine.",24
scena/mp4010_02.dat:0xb1762,scena/mp4010_02.dat,So what's this all about?,26
scena/mp4010_02.dat:0xb1790,scena/mp4010_02.dat,Let's hear what he has to say.,31
scena/mp4010_02.dat:0xb17c3,scena/mp4010_02.dat,"Apologies. I, too, am in a hurry.",34
scena/mp4010_02.dat:0xb189d,scena/mp4010_02.dat,official request from the Royal Army.,38
scena/mp4010_02.dat:0xb18c3,scena/mp4010_02.dat,"First of all, consider this an",31
scena/mp4010_02.dat:0xb18f5,scena/mp4010_02.dat,certain matter and speak to witnesses.,39
scena/mp4010_02.dat:0xb191c,scena/mp4010_02.dat,We'd like you to investigate a,31
scena/mp4010_02.dat:0xb194e,scena/mp4010_02.dat,And what would that be?,24
scena/mp4010_02.dat:0xb197a,scena/mp4010_02.dat,I assume you know about the non-aggression pact.,49
scena/mp4010_02.dat:0xb19ba,scena/mp4010_02.dat,sending threatening letters to various parties.,48
scena/mp4010_02.dat:0xb19ea,scena/mp4010_02.dat,"In fact, someone is trying to stop it by",41
scena/mp4010_02.dat:0xb1aa1,scena/mp4010_02.dat,That's no laughing matter.,27
scena/mp4010_02.dat:0xb1acb,scena/mp4010_02.dat,What in the world did they say?,32
scena/mp4010_02.dat:0xb1b35,scena/mp4010_02.dat,...Take a look for yourself.,29
scena/mp4010_02.dat:0xb1be8,scena/mp4010_02.dat,You must cease this act of deceptive appeasement,49
scena/mp4010_02.dat:0xb1c19,scena/mp4010_02.dat,<C1>'To all supporters of the non-aggression pact.,51
scena/mp4010_02.dat:0xb1c4c,scena/mp4010_02.dat,"<C1>If you do not, great misfortune will befall you.'",54
scena/mp4010_02.dat:0xb1c99,scena/mp4010_02.dat,"Heh. That's a threat, alright.",31
scena/mp4010_02.dat:0xb1cd5,scena/mp4010_02.dat,It say anything else?,22
scena/mp4010_02.dat:0xb1cfa,scena/mp4010_02.dat,I see. That does sound like a threat.,38
scena/mp4010_02.dat:0xb1d3d,scena/mp4010_02.dat,Is that all it said?,21
scena/mp4010_02.dat:0xb1da9,scena/mp4010_02.dat,That's all there is.,21
scena/mp4010_02.dat:0xb1dd3,scena/mp4010_02.dat,did not identify themselves.,29
scena/mp4010_02.dat:0xb1df0,scena/mp4010_02.dat,"And as you can see, the sender",31
scena/mp4010_02.dat:0xb1e23,scena/mp4010_02.dat,"most likely a prank, but...",28
scena/mp4010_02.dat:0xb1e3f,scena/mp4010_02.dat,"To be honest, I think it's",27
scena/mp4010_02.dat:0xb1e7d,scena/mp4010_02.dat,from dismissing it completely.,31
scena/mp4010_02.dat:0xb1e9c,scena/mp4010_02.dat,But something prevents you,27
scena/mp4010_02.dat:0xb1ecc,scena/mp4010_02.dat,Is that it?,12
scena/mp4010_02.dat:0xb1eec,scena/mp4010_02.dat,Yes... It's where the letters were sent.,41
scena/mp4010_02.dat:0xb1f35,scena/mp4010_02.dat,Fortress Command Center.,25
scena/mp4010_02.dat:0xb1f4e,scena/mp4010_02.dat,The first came to the Leiston,30
scena/mp4010_02.dat:0xb1f7b,scena/mp4010_02.dat,and the Liberl News Service.,29
scena/mp4010_02.dat:0xb1f98,scena/mp4010_02.dat,"Corporation, Grancel Cathedral, Hotel Roenbaum,",48
scena/mp4010_02.dat:0xb1fc8,scena/mp4010_02.dat,"Next, they were sent to the Liberl Orbalship",45
scena/mp4010_02.dat:0xb2021,scena/mp4010_02.dat,and Erbe Royal Villa.,22
scena/mp4010_02.dat:0xb2037,scena/mp4010_02.dat,"Embassy, the Calvard Embassy, Grancel Castle,",46
scena/mp4010_02.dat:0xb2065,scena/mp4010_02.dat,The final ones were sent to the Erebonian,42
scena/mp4010_02.dat:0xb209f,scena/mp4010_02.dat,There were nine in total.,26
scena/mp4010_02.dat:0xb20c8,scena/mp4010_02.dat,Th-That many?!,15
scena/mp4010_02.dat:0xb20fd,scena/mp4010_02.dat,I see... That's a lot for a mere prank.,40
scena/mp4010_02.dat:0xb213a,scena/mp4010_02.dat,It's no wonder the army is concerned.,38
scena/mp4010_02.dat:0xb2180,scena/mp4010_02.dat,"Church, a hotel, and the Liberl News...",40
scena/mp4010_02.dat:0xb21a8,scena/mp4010_02.dat,"Liberl Orbalship Co., the Septian",34
scena/mp4010_02.dat:0xb21da,scena/mp4010_02.dat,with the non-aggression pact?,30
scena/mp4010_02.dat:0xb21f8,scena/mp4010_02.dat,What have they got to do,25
scena/mp4010_02.dat:0xb222c,scena/mp4010_02.dat,"Church, a hotel, and the Liberl News...",40
scena/mp4010_02.dat:0xb2254,scena/mp4010_02.dat,"Liberl Orbalship Co., the Septian",34
scena/mp4010_02.dat:0xb2286,scena/mp4010_02.dat,to the non-aggression pact.,28
scena/mp4010_02.dat:0xb22a2,scena/mp4010_02.dat,They would seem unrelated,26
scena/mp4010_02.dat:0xb22cb,scena/mp4010_02.dat,they're completely uninvolved.,31
scena/mp4010_02.dat:0xb22ea,scena/mp4010_02.dat,"Strictly speaking, we can't say",32
scena/mp4010_02.dat:0xb2329,scena/mp4010_02.dat,Erebonian and Calvardian representatives.,42
scena/mp4010_02.dat:0xb2353,scena/mp4010_02.dat,to send a charter airship to welcome the,41
scena/mp4010_02.dat:0xb237c,scena/mp4010_02.dat,"First off, the Liberl Orbalship Corporation plans",50
scena/mp4010_02.dat:0xb23bd,scena/mp4010_02.dat,booked by those same representatives.,38
scena/mp4010_02.dat:0xb23e3,scena/mp4010_02.dat,"In the same way, the hotel is fully",36
scena/mp4010_02.dat:0xb2416,scena/mp4010_02.dat,asked to attend as a witness by Her Majesty.,45
scena/mp4010_02.dat:0xb2443,scena/mp4010_02.dat,Archbishop Currant of the Cathedral was,40
scena/mp4010_02.dat:0xb247e,scena/mp4010_02.dat,feature about the pact for the past several issues.,52
scena/mp4010_02.dat:0xb24b2,scena/mp4010_02.dat,The Liberl News has been publishing an ongoing,47
scena/mp4010_02.dat:0xb24fe,scena/mp4010_02.dat,in some form or another.,25
scena/mp4010_02.dat:0xb2517,scena/mp4010_02.dat,I see. They're all involved,28
scena/mp4010_02.dat:0xb2543,scena/mp4010_02.dat,Who in the world could be behind this?,39
scena/mp4010_02.dat:0xb258f,scena/mp4010_02.dat,Hmm... This is indeed a tricky situation.,42
scena/mp4010_02.dat:0xb25c9,scena/mp4010_02.dat,there is no shortage of suspects.,34
scena/mp4010_02.dat:0xb25eb,scena/mp4010_02.dat,"When it comes to international treaties,",41
scena/mp4010_02.dat:0xb2623,scena/mp4010_02.dat,Calvard pushing for war...,27
scena/mp4010_02.dat:0xb263e,scena/mp4010_02.dat,Indeed. Like those in Erebonia and,35
scena/mp4010_02.dat:0xb2671,scena/mp4010_02.dat,outside the ones in the non-aggression pact.,45
scena/mp4010_02.dat:0xb269e,scena/mp4010_02.dat,There's also the possibility it's a different nation,53
scena/mp4010_02.dat:0xb26e3,scena/mp4010_02.dat,"suspects in the kingdom, too.",30
scena/mp4010_02.dat:0xb2701,scena/mp4010_02.dat,...I'm sure there are,22
scena/mp4010_02.dat:0xb273e,scena/mp4010_02.dat,Worst of all...it could be the Society.,40
scena/mp4010_02.dat:0xb2785,scena/mp4010_02.dat,"So, what are we supposed to look into?",39
scena/mp4010_02.dat:0xb27cf,scena/mp4010_02.dat,"So, what would the army like us to investigate?",48
scena/mp4010_02.dat:0xb2873,scena/mp4010_02.dat,Our request is exactly as I've described...,44
scena/mp4010_02.dat:0xb28b3,scena/mp4010_02.dat,places that received letters.,30
scena/mp4010_02.dat:0xb28d1,scena/mp4010_02.dat,Interview witnesses at the,27
scena/mp4010_02.dat:0xb2900,scena/mp4010_02.dat,than Erbe Royal Villa and Leiston Fortress.,44
scena/mp4010_02.dat:0xb292c,scena/mp4010_02.dat,"Specifically, the seven locations other",40
scena/mp4010_02.dat:0xb2977,scena/mp4010_02.dat,"Hotel Roenbaum, Liberl News Service...",39
scena/mp4010_02.dat:0xb299e,scena/mp4010_02.dat,"Liberl Orbalship Corporation, Grancel Cathedral,",49
scena/mp4010_02.dat:0xb29f7,scena/mp4010_02.dat,"Embassy, and finally, Grancel Castle.",38
scena/mp4010_02.dat:0xb2a1d,scena/mp4010_02.dat,"...the Erebonian Embassy, the Calvard",38
scena/mp4010_02.dat:0xb2a83,scena/mp4010_02.dat,in military uniform would stand out.,37
scena/mp4010_02.dat:0xb2aa8,scena/mp4010_02.dat,Heh. All places where a person,31
scena/mp4010_02.dat:0xb2ad7,scena/mp4010_02.dat,I can see why you'd ask the Bracer Guild.,42
scena/mp4010_02.dat:0xb2b01,scena/mp4010_02.dat,"With the Intelligence Division dissolved,",42
scena/mp4010_02.dat:0xb2b4d,scena/mp4010_02.dat,"I'm ashamed to say it, but you are correct.",44
scena/mp4010_02.dat:0xb2b9e,scena/mp4010_02.dat,to outsource anything we can to the guild.,43
scena/mp4010_02.dat:0xb2bc9,scena/mp4010_02.dat,It's also the policy of our new command,40
scena/mp4010_02.dat:0xb2c10,scena/mp4010_02.dat,"And so, I'm putting it into action.",36
scena/mp4010_02.dat:0xb2c56,scena/mp4010_02.dat,knows how to take advantage.,29
scena/mp4010_02.dat:0xb2c73,scena/mp4010_02.dat,Unbelievable... My dad sure,28
scena/mp4010_02.dat:0xb2ca3,scena/mp4010_02.dat,Tch. I can picture the old fart saying that...,47
scena/mp4010_02.dat:0xb2ceb,scena/mp4010_02.dat,of Master Cassius' faith in us.,32
scena/mp4010_02.dat:0xb2d0b,scena/mp4010_02.dat,"Now, now. This is a sign",25
scena/mp4010_02.dat:0xb2d47,scena/mp4010_02.dat,"Hehe. Actually, it was my idea to ask you.",43
scena/mp4010_02.dat:0xb2d9c,scena/mp4010_02.dat,during the signing ceremony.,29
scena/mp4010_02.dat:0xb2db9,scena/mp4010_02.dat,I'm in charge of capital security,34
scena/mp4010_02.dat:0xb2dea,scena/mp4010_02.dat,as much information as I can get.,34
scena/mp4010_02.dat:0xb2e0c,scena/mp4010_02.dat,"To properly ensure security, I need",36
scena/mp4010_02.dat:0xb2e43,scena/mp4010_02.dat,Will you do me this favor?,27
scena/mp4010_02.dat:0xb2e7e,scena/mp4010_02.dat,"W-Well... I'd certainly like to accept, but...",47
scena/mp4010_02.dat:0xb2ebd,scena/mp4010_02.dat,"we have to deal with, as well...",33
scena/mp4010_02.dat:0xb2ede,scena/mp4010_02.dat,There's another issue that,27
scena/mp4010_02.dat:0xb2f5b,scena/mp4010_02.dat,That little girl?,18
scena/mp4010_02.dat:0xb2f93,scena/mp4010_02.dat,Could you elaborate while we're all here?,42
scena/mp4010_02.dat:0xb2fdd,scena/mp4010_02.dat,had left her behind at Erbe Royal Villa.,41
scena/mp4010_02.dat:0xb3006,scena/mp4010_02.dat,<C1>They explained that Renne's parents,40
scena/mp4010_02.dat:0xb302e,scena/mp4010_02.dat,I see... You're right. We can't just ignore her.,49
scena/mp4010_02.dat:0xb306e,scena/mp4010_02.dat,behind a child that young...,29
scena/mp4010_02.dat:0xb308b,scena/mp4010_02.dat,"Even so, who would leave",25
scena/mp4010_02.dat:0xb30c0,scena/mp4010_02.dat,her mom and dad once before...,31
scena/mp4010_02.dat:0xb30df,scena/mp4010_02.dat,I had a chance to speak to,27
scena/mp4010_02.dat:0xb3116,scena/mp4010_02.dat,They seemed like very sincere and caring parents.,50
scena/mp4010_02.dat:0xb3157,scena/mp4010_02.dat,Something unavoidable must have happened...,44
scena/mp4010_02.dat:0xb319c,scena/mp4010_02.dat,Hm. I see...,13
scena/mp4010_02.dat:0xb31b9,scena/mp4010_02.dat,and wanted to keep their daughter safe.,40
scena/mp4010_02.dat:0xb31e1,scena/mp4010_02.dat,They may be caught up in something,35
scena/mp4010_02.dat:0xb3213,scena/mp4010_02.dat,two birds with one stone?,26
scena/mp4010_02.dat:0xb322d,scena/mp4010_02.dat,"In that case, can't we kill",28
scena/mp4010_02.dat:0xb32d8,scena/mp4010_02.dat,parents are from abroad.,25
scena/mp4010_02.dat:0xb32f1,scena/mp4010_02.dat,It would seem that Renne's,27
scena/mp4010_02.dat:0xb331f,scena/mp4010_02.dat,around at the embassies and the hotel?,39
scena/mp4010_02.dat:0xb3346,scena/mp4010_02.dat,Wouldn't it be best to ask,27
scena/mp4010_02.dat:0xb33c7,scena/mp4010_02.dat,"Oh, I see!",11
scena/mp4010_02.dat:0xb33e6,scena/mp4010_02.dat,where the threats were sent.,29
scena/mp4010_02.dat:0xb3403,scena/mp4010_02.dat,Those are all places,21
scena/mp4010_02.dat:0xb3428,scena/mp4010_02.dat,"Corporation has flight records, too.",37
scena/mp4010_02.dat:0xb344d,scena/mp4010_02.dat,I'll bet the Liberl Orbalship,30
scena/mp4010_02.dat:0xb347a,scena/mp4010_02.dat,where the threats were sent.,29
scena/mp4010_02.dat:0xb3497,scena/mp4010_02.dat,Those are all places,21
scena/mp4010_02.dat:0xb34c9,scena/mp4010_02.dat,"should have flight records, too.",33
scena/mp4010_02.dat:0xb34ea,scena/mp4010_02.dat,The Liberl Orbalship Corporation,33
scena/mp4010_02.dat:0xb352a,scena/mp4010_02.dat,outposts to look for her parents.,34
scena/mp4010_02.dat:0xb354c,scena/mp4010_02.dat,The Royal Army will notify our,31
scena/mp4010_02.dat:0xb35af,scena/mp4010_02.dat,"checkpoint, we should know.",28
scena/mp4010_02.dat:0xb35cb,scena/mp4010_02.dat,If they passed through a,25
scena/mp4010_02.dat:0xb35f3,scena/mp4010_02.dat,"Thank you, Lt. Colonel Cid!",28
scena/mp4010_02.dat:0xb3624,scena/mp4010_02.dat,Hehe. It sounds like we're ready to proceed.,45
scena/mp4010_02.dat:0xb367b,scena/mp4010_02.dat,investigative steps and assignments...,39
scena/mp4010_02.dat:0xb36a2,scena/mp4010_02.dat,We'll handle the specific,26
scena/mp4010_02.dat:0xb36cb,scena/mp4010_02.dat,reported in writing and in person?,35
scena/mp4010_02.dat:0xb36ee,scena/mp4010_02.dat,Would you like the results,27
scena/mp4010_02.dat:0xb371d,scena/mp4010_02.dat,refrain from orbal communicator use.,37
scena/mp4010_02.dat:0xb3742,scena/mp4010_02.dat,"Yes, to avoid interception, please",35
scena/mp4010_02.dat:0xb37a4,scena/mp4010_02.dat,security HQ in Erbe Royal Villa today.,39
scena/mp4010_02.dat:0xb37cb,scena/mp4010_02.dat,"Actually, we plan to set up a",30
scena/mp4010_02.dat:0xb37fd,scena/mp4010_02.dat,"I know it's far away, but could you report there?",50
scena/mp4010_02.dat:0xb3857,scena/mp4010_02.dat,Sure. That works.,18
scena/mp4010_02.dat:0xb3878,scena/mp4010_02.dat,report directly to Erbe Royal Villa.,37
scena/mp4010_02.dat:0xb389d,scena/mp4010_02.dat,"In that case, we'll deliver our",32
scena/mp4010_02.dat:0xb38cc,scena/mp4010_02.dat,Thanks for your help.,22
scena/mp4010_02.dat:0xb3902,scena/mp4010_02.dat,others discussed investigative methods and,43
scena/mp4010_02.dat:0xb392d,scena/mp4010_02.dat,"<C1>After seeing off Lt. Colonel Cid, Estelle and the",54
scena/mp4010_02.dat:0xb3963,scena/mp4010_02.dat,"Castle, and Liberl News Service...",35
scena/mp4010_02.dat:0xb3986,scena/mp4010_02.dat,"Kloe would check the two embassies, Grancel",44
scena/mp4010_02.dat:0xb39b2,scena/mp4010_02.dat,"<C1>It was agreed that Estelle, Zin, Olivier, and",50
scena/mp4010_02.dat:0xb39e4,scena/mp4010_02.dat,to visit the other locations.,30
scena/mp4010_02.dat:0xb3a02,scena/mp4010_02.dat,"<C1>Meanwhile, Agate was assigned",34
scena/mp4010_02.dat:0xb3a24,scena/mp4010_02.dat,to visit the other locations.,30
scena/mp4010_02.dat:0xb3a42,scena/mp4010_02.dat,"<C1>Meanwhile, Scherazard was assigned",39
scena/mp4010_02.dat:0xb3a8a,scena/mp4010_02.dat,"Well, I guess we'll be on our way!",35
scena/mp4010_02.dat:0xb3ac1,scena/mp4010_02.dat,"Tita, Renne. Sorry, but can you wait for us here?",50
scena/mp4010_02.dat:0xb3b29,scena/mp4010_02.dat,"Well, about that...",20
scena/mp4010_02.dat:0xb3b51,scena/mp4010_02.dat,I've decided to go shopping with Tita.,39
scena/mp4010_02.dat:0xb3c0d,scena/mp4010_02.dat,"S-Sorry, Estelle.",18
scena/mp4010_02.dat:0xb3c2e,scena/mp4010_02.dat,Renne insisted on visiting a department store...,49
scena/mp4010_02.dat:0xb3ca2,scena/mp4010_02.dat,"Hey, that's mean.",18
scena/mp4010_02.dat:0xb3cc8,scena/mp4010_02.dat,"at plushies too, didn't you, Tita?",35
scena/mp4010_02.dat:0xb3ceb,scena/mp4010_02.dat,You said you wanted to look,28
scena/mp4010_02.dat:0xb3d16,scena/mp4010_02.dat,"Hey... Renne, you promised!",28
scena/mp4010_02.dat:0xb3d77,scena/mp4010_02.dat,about your parents. It's best to wait here...,46
scena/mp4010_02.dat:0xb3da5,scena/mp4010_02.dat,We don't know when we'll find out something,44
scena/mp4010_02.dat:0xb3e62,scena/mp4010_02.dat,Come on... Two at once is unfair.,34
scena/mp4010_02.dat:0xb3ea0,scena/mp4010_02.dat,I don't see why not.,21
scena/mp4010_02.dat:0xb3eed,scena/mp4010_02.dat,"If Tita's with her, a shopping trip won't hurt.",48
scena/mp4010_02.dat:0xb3f38,scena/mp4010_02.dat,"Oh, why not?",13
scena/mp4010_02.dat:0xb3f82,scena/mp4010_02.dat,shopping trip should be fine.,30
scena/mp4010_02.dat:0xb3fa0,scena/mp4010_02.dat,"If Tita's with her, a",22
scena/mp4010_02.dat:0xb3fcf,scena/mp4010_02.dat,Hmm... I guess you're right.,29
scena/mp4010_02.dat:0xb4037,scena/mp4010_02.dat,"Tita, Renne...",15
scena/mp4010_02.dat:0xb407a,scena/mp4010_02.dat,you better be back by then. Got it?,36
scena/mp4010_02.dat:0xb409e,scena/mp4010_02.dat,"We'll return in the evening, so",32
scena/mp4010_02.dat:0xb40d7,scena/mp4010_02.dat,"Plus, the capital is very big, so don't get lost.",50
scena/mp4010_02.dat:0xb4171,scena/mp4010_02.dat,"Okay, Renne. Shall we get going?",33
scena/mp4010_02.dat:0xb41a1,scena/mp4010_02.dat,"Yes, of course.",16
scena/mp4010_02.dat:0xb4247,scena/mp4010_02.dat,two are getting along well.,28
scena/mp4010_02.dat:0xb4263,scena/mp4010_02.dat,"Hehe, looks like those",23
scena/mp4010_02.dat:0xb428a,scena/mp4010_02.dat,"Yeah. They're around the same age, after all.",46
scena/mp4010_02.dat:0xb42ed,scena/mp4010_02.dat,"Wow. A Tita and Renne combo, huh?",34
scena/mp4010_02.dat:0xb4324,scena/mp4010_02.dat,That makes me a little nervous.,32
scena/mp4010_02.dat:0xb4361,scena/mp4010_02.dat,Huh? Why do you say that?,26
scena/mp4010_02.dat:0xb43a0,scena/mp4010_02.dat,Well... I can see Tita giving in easily.,41
scena/mp4010_02.dat:0xb43de,scena/mp4010_02.dat,Won't Renne just lead her by the nose?,39
scena/mp4010_02.dat:0xb4419,scena/mp4010_02.dat,You have a point...,20
scena/mp4010_02.dat:0xb4459,scena/mp4010_02.dat,"Yo, Elnan.",11
scena/mp4010_02.dat:0xb44a7,scena/mp4010_02.dat,Did you find out her parents' names?,37
scena/mp4010_02.dat:0xb44e0,scena/mp4010_02.dat,"By the way, Elnan.",19
scena/mp4010_02.dat:0xb453b,scena/mp4010_02.dat,Did you find out her parents' names?,37
scena/mp4010_02.dat:0xb45b4,scena/mp4010_02.dat,"Yes, I managed.",16
scena/mp4010_02.dat:0xb4604,scena/mp4010_02.dat,They're both traders from Crossbell State.,43
scena/mp4010_02.dat:0xb463e,scena/mp4010_02.dat,Hayworth and Sophia Hayworth.,30
scena/mp4010_02.dat:0xb465c,scena/mp4010_02.dat,Their names are Harold,23
scena/mp4010_02.dat:0xb46d5,scena/mp4010_02.dat,They're traders from Crossbell State.,38
scena/mp4010_02.dat:0xb46fb,scena/mp4010_02.dat,Their names are Harold and Sophia.,35
scena/mp4010_02.dat:0xb4732,scena/mp4010_02.dat,"Okay, I jotted it down.",24
scena/mp4010_02.dat:0xb47a5,scena/mp4010_02.dat,Me too.,8
scena/mp4010_02.dat:0xb47bd,scena/mp4010_02.dat,while we investigate the threats?,34
scena/mp4010_02.dat:0xb47df,scena/mp4010_02.dat,"So, is the plan to ask about them",34
scena/mp4010_02.dat:0xb4810,scena/mp4010_02.dat,Me too.,8
scena/mp4010_02.dat:0xb4828,scena/mp4010_02.dat,while we investigate the threats?,34
scena/mp4010_02.dat:0xb484a,scena/mp4010_02.dat,Should we start asking about them,34
scena/mp4010_02.dat:0xb4897,scena/mp4010_02.dat,"Grancel Castle, and Liberl News.",33
scena/mp4010_02.dat:0xb48b8,scena/mp4010_02.dat,"Erebonian and Calvardian Embassies,",36
scena/mp4010_02.dat:0xb48dc,scena/mp4010_02.dat,"As discussed, Estelle, please visit the",40
scena/mp4010_02.dat:0xb491e,scena/mp4010_02.dat,them in visiting the embassies.,32
scena/mp4010_02.dat:0xb493e,scena/mp4010_02.dat,"Zin and Olivier, please assist",31
scena/mp4010_02.dat:0xb49b5,scena/mp4010_02.dat,Heh! Your wish is my command.,30
scena/mp4010_02.dat:0xb49ee,scena/mp4010_02.dat,"In other words, introduce them to the ambassador?",50
scena/mp4010_02.dat:0xb4a34,scena/mp4010_02.dat,"Your Highness, please assist them at Grancel Castle.",53
scena/mp4010_02.dat:0xb4a7d,scena/mp4010_02.dat,Please introduce Estelle to the relevant parties.,50
scena/mp4010_02.dat:0xb4ac8,scena/mp4010_02.dat,"Yes, I understand.",19
scena/mp4010_02.dat:0xb4af9,scena/mp4010_02.dat,"help at the Liberl News, Estelle.",34
scena/mp4010_02.dat:0xb4b1b,scena/mp4010_02.dat,And I'm sure you won't need any,32
scena/mp4010_02.dat:0xb4b4f,scena/mp4010_02.dat,Right. I'll just ask Nial.,27
scena/mp4010_02.dat:0xb4b87,scena/mp4010_02.dat,"Orbalship Corporation, and Hotel Roenbaum...",45
scena/mp4010_02.dat:0xb4bb4,scena/mp4010_02.dat,"As for Grancel Cathedral, the Liberl",37
scena/mp4010_02.dat:0xb4bee,scena/mp4010_02.dat,"Agate, please handle those on your own.",40
scena/mp4010_02.dat:0xb4c3b,scena/mp4010_02.dat,Sure. It'll be easier that way.,32
scena/mp4010_02.dat:0xb4c6a,scena/mp4010_02.dat,"Orbalship Corporation, and Hotel Roenbaum...",45
scena/mp4010_02.dat:0xb4c97,scena/mp4010_02.dat,"As for Grancel Cathedral, the Liberl",37
scena/mp4010_02.dat:0xb4cd1,scena/mp4010_02.dat,"Scherazard, please handle those on your own.",45
scena/mp4010_02.dat:0xb4d20,scena/mp4010_02.dat,Right. That sounds more efficient.,35
scena/mp4010_02.dat:0xb4d5c,scena/mp4010_02.dat,Alright. Let's go!,19
scena/mp4010_02.dat:0xb4dcd,scena/mp4010_02.dat,We're baaaack!,15
scena/mp4010_02.dat:0xb4e42,scena/mp4010_02.dat,"Ah, good.",10
scena/mp4010_02.dat:0xb4e5b,scena/mp4010_02.dat,"Well, well. There you are.",27
scena/mp4010_02.dat:0xb4e85,scena/mp4010_02.dat,little longer than expected.,29
scena/mp4010_02.dat:0xb4ea2,scena/mp4010_02.dat,"Sorry, everyone. It took a",27
scena/mp4010_02.dat:0xb4eda,scena/mp4010_02.dat,"So, uh... Where are Tita and Renne?",36
scena/mp4010_02.dat:0xb4f19,scena/mp4010_02.dat,They just got back a little earlier.,37
scena/mp4010_02.dat:0xb4f52,scena/mp4010_02.dat,loot from their shopping trip.,31
scena/mp4010_02.dat:0xb4f71,scena/mp4010_02.dat,"Last I checked, they were comparing the",40
scena/mp4010_02.dat:0xb4fa8,scena/mp4010_02.dat,I see. Sounds like they had fun.,33
scena/mp4010_02.dat:0xb4fe2,scena/mp4010_02.dat,go ahead and give our report?,30
scena/mp4010_02.dat:0xb5000,scena/mp4010_02.dat,In that case... Should we,26
scena/mp4010_02.dat:0xb502e,scena/mp4010_02.dat,"Yes, please.",13
scena/mp4010_02.dat:0xb50e2,scena/mp4010_02.dat,So that's how it is...,23
scena/mp4010_02.dat:0xb5119,scena/mp4010_02.dat,You guys sure dug up a lot of info.,36
scena/mp4010_02.dat:0xb514c,scena/mp4010_02.dat,I guess... But nothing that solves the case.,45
scena/mp4010_02.dat:0xb5189,scena/mp4010_02.dat,"How'd it go for you, Agate?",28
scena/mp4010_02.dat:0xb51c7,scena/mp4010_02.dat,I'll be blunt. It was a total bust.,36
scena/mp4010_02.dat:0xb5211,scena/mp4010_02.dat,and Liberl Orbalship Corporation...,36
scena/mp4010_02.dat:0xb5235,scena/mp4010_02.dat,"Grancel Cathedral, the hotel,",30
scena/mp4010_02.dat:0xb5263,scena/mp4010_02.dat,about who sent the threats.,28
scena/mp4010_02.dat:0xb527f,scena/mp4010_02.dat,None of 'em knew a thing,25
scena/mp4010_02.dat:0xb52ac,scena/mp4010_02.dat,pirates did...,15
scena/mp4010_02.dat:0xb52bb,scena/mp4010_02.dat,would send late ransom demands like the sky,44
scena/mp4010_02.dat:0xb52e7,scena/mp4010_02.dat,The airship corporation was nervous the culprit,48
scena/mp4010_02.dat:0xb5327,scena/mp4010_02.dat,But none have come yet.,24
scena/mp4010_02.dat:0xb534e,scena/mp4010_02.dat,I see...,9
scena/mp4010_02.dat:0xb5374,scena/mp4010_02.dat,It sounds like you learned a lot.,34
scena/mp4010_02.dat:0xb53a5,scena/mp4010_02.dat,I guess... But nothing that solves the case.,45
scena/mp4010_02.dat:0xb53e2,scena/mp4010_02.dat,"How'd it go for you, Schera?",29
scena/mp4010_02.dat:0xb541c,scena/mp4010_02.dat,"To be honest, it was a waste of time.",38
scena/mp4010_02.dat:0xb5463,scena/mp4010_02.dat,"the hotel, and Liberl Orbalship Corporation...",47
scena/mp4010_02.dat:0xb5492,scena/mp4010_02.dat,"I spoke to people at the Grancel Cathedral,",44
scena/mp4010_02.dat:0xb54ce,scena/mp4010_02.dat,the identity of the culprit.,29
scena/mp4010_02.dat:0xb54eb,scena/mp4010_02.dat,But didn't find any clues as to,32
scena/mp4010_02.dat:0xb551a,scena/mp4010_02.dat,like they got from the sky pirates...,38
scena/mp4010_02.dat:0xb5540,scena/mp4010_02.dat,the possibility of late ransom demands,39
scena/mp4010_02.dat:0xb5567,scena/mp4010_02.dat,The airship corporation was nervous about,42
scena/mp4010_02.dat:0xb55a0,scena/mp4010_02.dat,But none have come yet.,24
scena/mp4010_02.dat:0xb55d4,scena/mp4010_02.dat,I see...,9
scena/mp4010_02.dat:0xb55fe,scena/mp4010_02.dat,"of potential suspects, but...",30
scena/mp4010_02.dat:0xb561c,scena/mp4010_02.dat,"In the end, there are a lot",28
scena/mp4010_02.dat:0xb5648,scena/mp4010_02.dat,the Society is behind this?,28
scena/mp4010_02.dat:0xb5664,scena/mp4010_02.dat,What are the chances that,26
scena/mp4010_02.dat:0xb56fc,scena/mp4010_02.dat,...It's hard to say.,21
scena/mp4010_02.dat:0xb572a,scena/mp4010_02.dat,on experimenting with Gospels.,31
scena/mp4010_02.dat:0xb5749,scena/mp4010_02.dat,Their activity so far has been focused solely,46
scena/mp4010_02.dat:0xb578b,scena/mp4010_02.dat,that would normally be unthinkable.,36
scena/mp4010_02.dat:0xb57af,scena/mp4010_02.dat,"And Gospels, as we know, create phenomena",42
scena/mp4010_02.dat:0xb57e8,scena/mp4010_02.dat,"different nature, aren't they?",31
scena/mp4010_02.dat:0xb5807,scena/mp4010_02.dat,Hmm... Those cases are of a very,33
scena/mp4010_02.dat:0xb5848,scena/mp4010_02.dat,support the Society's involvement right now.,45
scena/mp4010_02.dat:0xb5875,scena/mp4010_02.dat,"In other words, there's no evidence to",39
scena/mp4010_02.dat:0xb58bc,scena/mp4010_02.dat,Hmm... Am I just over-worrying?,32
scena/mp4010_02.dat:0xb58f9,scena/mp4010_02.dat,"No, we have plenty of reasons to be wary.",42
scena/mp4010_02.dat:0xb5950,scena/mp4010_02.dat,found out all you can.,23
scena/mp4010_02.dat:0xb5967,scena/mp4010_02.dat,"Well, for now, I think you've",30
scena/mp4010_02.dat:0xb5995,scena/mp4010_02.dat,you gave me in a report.,25
scena/mp4010_02.dat:0xb59ae,scena/mp4010_02.dat,I will summarize the information,33
scena/mp4010_02.dat:0xb59eb,scena/mp4010_02.dat,Cid at Erbe Royal Villa tomorrow?,34
scena/mp4010_02.dat:0xb5a0d,scena/mp4010_02.dat,Can you deliver it to Lt. Colonel,34
scena/mp4010_02.dat:0xb5a5f,scena/mp4010_02.dat,but I guess we did all we could.,33
scena/mp4010_02.dat:0xb5a80,scena/mp4010_02.dat,"I wish we'd identified the culprit,",36
scena/mp4010_02.dat:0xb5ac8,scena/mp4010_02.dat,anything about Renne's parents?,32
scena/mp4010_02.dat:0xb5ae8,scena/mp4010_02.dat,"By the way, Agate... Did you learn",35
scena/mp4010_02.dat:0xb5b98,scena/mp4010_02.dat,I did get a few leads on that front.,37
scena/mp4010_02.dat:0xb5bdc,scena/mp4010_02.dat,there for two weeks while they were in the capital.,52
scena/mp4010_02.dat:0xb5c10,scena/mp4010_02.dat,"First, the hotel... She and her parents stayed",47
scena/mp4010_02.dat:0xb5c4f,scena/mp4010_02.dat,They stayed in the same room the whole time.,45
scena/mp4010_02.dat:0xb5c8b,scena/mp4010_02.dat,And they finally checked out this morning.,43
scena/mp4010_02.dat:0xb5cf3,scena/mp4010_02.dat,"Next, the Cathedral...",23
scena/mp4010_02.dat:0xb5d1e,scena/mp4010_02.dat,several times during their stay.,33
scena/mp4010_02.dat:0xb5d3f,scena/mp4010_02.dat,"Apparently, they went to church service",40
scena/mp4010_02.dat:0xb5d7a,scena/mp4010_02.dat,acted kinda strange.,21
scena/mp4010_02.dat:0xb5d8f,scena/mp4010_02.dat,"But apparently, Renne's parents",32
scena/mp4010_02.dat:0xb5dc2,scena/mp4010_02.dat,when they were praying. ,25
scena/mp4010_02.dat:0xb5ddb,scena/mp4010_02.dat,"As in, their minds seemed elsewhere",36
scena/mp4010_02.dat:0xb5e12,scena/mp4010_02.dat,"That's exactly what Hilda said about them, too!",48
scena/mp4010_02.dat:0xb5e8d,scena/mp4010_02.dat,Liberl Orbalship Corporation...,32
scena/mp4010_02.dat:0xb5ead,scena/mp4010_02.dat,The last place I went was,26
scena/mp4010_02.dat:0xb5ef1,scena/mp4010_02.dat,"...Believe it or not, I couldn't find them.",44
scena/mp4010_02.dat:0xb5f31,scena/mp4010_02.dat,Huh...? Find what?,19
scena/mp4010_02.dat:0xb5f57,scena/mp4010_02.dat,Crossbell State...,19
scena/mp4010_02.dat:0xb5f6a,scena/mp4010_02.dat,The Hayworth family from,25
scena/mp4010_02.dat:0xb5fa5,scena/mp4010_02.dat,lists for the past six months.,31
scena/mp4010_02.dat:0xb5fc4,scena/mp4010_02.dat,...Weren't on any passenger,28
scena/mp4010_02.dat:0xb5fff,scena/mp4010_02.dat,anything about Renne's parents?,32
scena/mp4010_02.dat:0xb601f,scena/mp4010_02.dat,"By the way, Schera... Did you learn",36
scena/mp4010_02.dat:0xb60d0,scena/mp4010_02.dat,I managed to find out a few things.,36
scena/mp4010_02.dat:0xb6115,scena/mp4010_02.dat,parents stayed there for two weeks.,36
scena/mp4010_02.dat:0xb6139,scena/mp4010_02.dat,"At the hotel, I established that Renne and her",47
scena/mp4010_02.dat:0xb6178,scena/mp4010_02.dat,They had the same room the whole time.,39
scena/mp4010_02.dat:0xb61ae,scena/mp4010_02.dat,And they only checked out this morning.,40
scena/mp4010_02.dat:0xb6215,scena/mp4010_02.dat,As for what I learned at the Cathedral...,42
scena/mp4010_02.dat:0xb6253,scena/mp4010_02.dat,there several times during their stay.,39
scena/mp4010_02.dat:0xb627a,scena/mp4010_02.dat,"Apparently, they came to worship",33
scena/mp4010_02.dat:0xb62ae,scena/mp4010_02.dat,Renne's parents were acting strange.,37
scena/mp4010_02.dat:0xb62d3,scena/mp4010_02.dat,"Now, interestingly, the bishop said",36
scena/mp4010_02.dat:0xb630a,scena/mp4010_02.dat,their minds seemed elsewhere.,30
scena/mp4010_02.dat:0xb6328,scena/mp4010_02.dat,"While they were praying,",25
scena/mp4010_02.dat:0xb6354,scena/mp4010_02.dat,"That's exactly what Hilda said about them, too!",48
scena/mp4010_02.dat:0xb63d1,scena/mp4010_02.dat,Liberl Orbalship Corporation...,32
scena/mp4010_02.dat:0xb63f1,scena/mp4010_02.dat,The last place I went to was,29
scena/mp4010_02.dat:0xb6438,scena/mp4010_02.dat,"lists, I realized something was wrong.",39
scena/mp4010_02.dat:0xb645f,scena/mp4010_02.dat,When I looked at the passenger,31
scena/mp4010_02.dat:0xb648d,scena/mp4010_02.dat,Huh? Like what?,16
scena/mp4010_02.dat:0xb64b0,scena/mp4010_02.dat,Crossbell State on passenger lists...,38
scena/mp4010_02.dat:0xb64d6,scena/mp4010_02.dat,I searched for the Hayworth family from,40
scena/mp4010_02.dat:0xb6520,scena/mp4010_02.dat,in the past six months.,24
scena/mp4010_02.dat:0xb6538,scena/mp4010_02.dat,And I found no records of them,31
scena/mp4010_02.dat:0xb65ce,scena/mp4010_02.dat,Hmm... We've got a mystery on our hands.,41
scena/mp4010_02.dat:0xb660c,scena/mp4010_02.dat,Does that mean they came to Liberl by land?,44
scena/mp4010_02.dat:0xb667d,scena/mp4010_02.dat,I-I wonder...,14
scena/mp4010_02.dat:0xb66a0,scena/mp4010_02.dat,What if we just asked Renne herself?,37
scena/mp4010_02.dat:0xb66d9,scena/mp4010_02.dat,Hang on...,11
scena/mp4010_02.dat:0xb6730,scena/mp4010_02.dat,when we met her at Air-Letten?,31
scena/mp4010_02.dat:0xb674f,scena/mp4010_02.dat,Do you remember what she said,30
scena/mp4010_02.dat:0xb677c,scena/mp4010_02.dat,"landin', she saw a huge lake?",30
scena/mp4010_02.dat:0xb679a,scena/mp4010_02.dat,That when the airship was,26
scena/mp4010_02.dat:0xb67cf,scena/mp4010_02.dat,"Say, Estelle...",16
scena/mp4010_02.dat:0xb681e,scena/mp4010_02.dat,when we met her at Air-Letten?,31
scena/mp4010_02.dat:0xb683d,scena/mp4010_02.dat,Do you remember what Renne said,32
scena/mp4010_02.dat:0xb6871,scena/mp4010_02.dat,"landing, she saw a huge lake?",30
scena/mp4010_02.dat:0xb688f,scena/mp4010_02.dat,That when the airship was,26
scena/mp4010_02.dat:0xb68b8,scena/mp4010_02.dat,"Oh yeah, she did say that!",27
scena/mp4010_02.dat:0xb68ec,scena/mp4010_02.dat,B-But that's impossible.,25
scena/mp4010_02.dat:0xb691e,scena/mp4010_02.dat,"landing in an airship, didn't she?",35
scena/mp4010_02.dat:0xb6941,scena/mp4010_02.dat,"When we first met, she mentioned",33
scena/mp4010_02.dat:0xb6976,scena/mp4010_02.dat,"Ah... At Air-Letten, you mean?",31
scena/mp4010_02.dat:0xb69ae,scena/mp4010_02.dat,about a big lake.,18
scena/mp4010_02.dat:0xb69c0,scena/mp4010_02.dat,I remember her saying something,32
scena/mp4010_02.dat:0xb69f4,scena/mp4010_02.dat,"Oh, right. When we met at Air-Letten.",38
scena/mp4010_02.dat:0xb6a2e,scena/mp4010_02.dat,I remember her mentioning a big lake.,38
scena/mp4010_02.dat:0xb6a77,scena/mp4010_02.dat,"Oh, is that so?",16
scena/mp4010_02.dat:0xb6ab1,scena/mp4010_02.dat,may have been using false names.,33
scena/mp4010_02.dat:0xb6ad2,scena/mp4010_02.dat,"If that's true, her parents",28
scena/mp4010_02.dat:0xb6afd,scena/mp4010_02.dat,F-False names...?,18
scena/mp4010_02.dat:0xb6b35,scena/mp4010_02.dat,something or feared getting in trouble...,42
scena/mp4010_02.dat:0xb6b5f,scena/mp4010_02.dat,Perhaps they were running from,31
scena/mp4010_02.dat:0xb6b93,scena/mp4010_02.dat,already wary of danger before they left.,41
scena/mp4010_02.dat:0xb6bbc,scena/mp4010_02.dat,"In either case, it means they were",35
scena/mp4010_02.dat:0xb6c48,scena/mp4010_02.dat,branches and asked about Renne.,32
scena/mp4010_02.dat:0xb6c68,scena/mp4010_02.dat,I contacted all the other guild,32
scena/mp4010_02.dat:0xb6cb9,scena/mp4010_02.dat,and wait for information to come in.,37
scena/mp4010_02.dat:0xb6cde,scena/mp4010_02.dat,It may be best to remain patient,33
scena/mp4010_02.dat:0xb6d2f,scena/mp4010_02.dat,As for Renne herself...,24
scena/mp4010_02.dat:0xb6d56,scena/mp4010_02.dat,the guild for the time being?,30
scena/mp4010_02.dat:0xb6d74,scena/mp4010_02.dat,Perhaps she should stay at,27
scena/mp4010_02.dat:0xb6dc5,scena/mp4010_02.dat,Right... She might get into even more trouble.,47
scena/mp4010_02.dat:0xb6e19,scena/mp4010_02.dat,why not let her stay with me?,30
scena/mp4010_02.dat:0xb6e37,scena/mp4010_02.dat,"Um, if it's okay with everyone,",32
scena/mp4010_02.dat:0xb6e66,scena/mp4010_02.dat,"I'm personally invested in this now, anyway...",47
scena/mp4010_02.dat:0xb6ea9,scena/mp4010_02.dat,That would work.,17
scena/mp4010_02.dat:0xb6eda,scena/mp4010_02.dat,everyone while you're in the capital.,38
scena/mp4010_02.dat:0xb6f00,scena/mp4010_02.dat,The guild will arrange lodging for,35
scena/mp4010_02.dat:0xb6f33,scena/mp4010_02.dat,"too, so don't worry about that.",32
scena/mp4010_02.dat:0xb6f53,scena/mp4010_02.dat,We'll pay Renne's accommodation costs,38
scena/mp4010_02.dat:0xb6fbc,scena/mp4010_02.dat,"Oh, phew! Thanks!",18
scena/mp4010_02.dat:0xb6fe1,scena/mp4010_02.dat,about that.,12
scena/mp4010_02.dat:0xb6fed,scena/mp4010_02.dat,"Hey, wait... Hilda said something",34
scena/mp4010_02.dat:0xb70c8,scena/mp4010_02.dat,them accommodation at the castle.,34
scena/mp4010_02.dat:0xb70ea,scena/mp4010_02.dat,<C1>Estelle relayed to Agate that Hilda offered,48
scena/mp4010_02.dat:0xb711a,scena/mp4010_02.dat,Oh my. In that case...,23
scena/mp4010_02.dat:0xb7156,scena/mp4010_02.dat,...I think I'll pass.,22
scena/mp4010_02.dat:0xb7181,scena/mp4010_02.dat,The castle's too stuffy for my taste.,38
scena/mp4010_02.dat:0xb71bb,scena/mp4010_02.dat,to contact the guild from the hotel.,37
scena/mp4010_02.dat:0xb71e0,scena/mp4010_02.dat,"Plus, if anything happens, it's easier",39
scena/mp4010_02.dat:0xb7216,scena/mp4010_02.dat,them accommodation at the castle.,34
scena/mp4010_02.dat:0xb7238,scena/mp4010_02.dat,<C1>Estelle relayed to Scherazard that Hilda offered,53
scena/mp4010_02.dat:0xb726d,scena/mp4010_02.dat,Oh my. In that case...,23
scena/mp4010_02.dat:0xb72ac,scena/mp4010_02.dat,"grateful for the offer, but...",31
scena/mp4010_02.dat:0xb72cb,scena/mp4010_02.dat,"Well... To be honest, I'm",26
scena/mp4010_02.dat:0xb72f5,scena/mp4010_02.dat,I think I'll pass this time.,29
scena/mp4010_02.dat:0xb7321,scena/mp4010_02.dat,to contact the guild from the hotel.,37
scena/mp4010_02.dat:0xb7346,scena/mp4010_02.dat,"If anything happens, it will be easier",39
scena/mp4010_02.dat:0xb737c,scena/mp4010_02.dat,Good point...,14
scena/mp4010_02.dat:0xb739d,scena/mp4010_02.dat,parents might get in touch.,28
scena/mp4010_02.dat:0xb73b9,scena/mp4010_02.dat,There's always a chance Renne's,32
scena/mp4010_02.dat:0xb73fa,scena/mp4010_02.dat,"Kloe... Sorry to do this, but...",33
scena/mp4010_02.dat:0xb743d,scena/mp4010_02.dat,Hehe. Don't worry about it.,28
scena/mp4010_02.dat:0xb746d,scena/mp4010_02.dat,I'll explain everything to Hilda.,34
scena/mp4010_02.dat:0xb74c0,scena/mp4010_02.dat,at our respective embassies.,29
scena/mp4010_02.dat:0xb74dd,scena/mp4010_02.dat,Zin and I will both stay,25
scena/mp4010_02.dat:0xb7528,scena/mp4010_02.dat,Her Highness will stay at Grancel Castle.,42
scena/mp4010_02.dat:0xb7562,scena/mp4010_02.dat,And you two will stay with the kids at the hotel.,50
scena/mp4010_02.dat:0xb75a3,scena/mp4010_02.dat,But before we go our separate ways...,38
scena/mp4010_02.dat:0xb75e1,scena/mp4010_02.dat,Why don't we have dinner at the tavern together?,49
scena/mp4010_02.dat:0xb7625,scena/mp4010_02.dat,"Oh, that sounds great!",23
scena/mp4010_02.dat:0xb7650,scena/mp4010_02.dat,I've kinda missed your piano playing.,38
scena/mp4010_02.dat:0xb7699,scena/mp4010_02.dat,"Heh, such high praise!",23
scena/mp4010_02.dat:0xb76e2,scena/mp4010_02.dat,It seems your tastes have matured,34
scena/mp4010_02.dat:0xb7714,scena/mp4010_02.dat,"Ugh, don't get any weird ideas...",34
scena/mp4010_02.dat:0xb7757,scena/mp4010_02.dat,"Well, if that's the plan, we'd better get moving.",50
scena/mp4010_02.dat:0xb77d3,scena/mp4010_02.dat,"early, or there won't be enough seats.",39
scena/mp4010_02.dat:0xb77fa,scena/mp4010_02.dat,"With a group this big, we'd better get there",45
scena/mp4010_02.dat:0xb7859,scena/mp4010_02.dat,and let's head to the tavern.,30
scena/mp4010_02.dat:0xb7877,scena/mp4010_02.dat,"Okay, call the kiddos",22
scena/mp4010_02.dat:0xb789c,scena/mp4010_02.dat,"Hehe, let's get the kids and head to the tavern.",49
scena/mp4010_02.dat:0xb78dd,scena/mp4010_02.dat,dinner with Renne at the Sunnybell Inn.,40
scena/mp4010_02.dat:0xb7905,scena/mp4010_02.dat,"<C1>That night, Estelle and the others had",43
scena/mp4010_02.dat:0xb7930,scena/mp4010_02.dat,and Olivier began playing the piano...,39
scena/mp4010_02.dat:0xb7957,scena/mp4010_02.dat,"<C1>Soon enough, the wine was flowing,",39
scena/mp4010_02.dat:0xb797e,scena/mp4010_02.dat,Mueller to join them.,22
scena/mp4010_02.dat:0xb7994,scena/mp4010_02.dat,"<C1>Later that night, they got Nial and",40
scena/mp4010_02.dat:0xb79bc,scena/mp4010_02.dat,<C1>It was a pleasant night in the capital for all.,52
scena/mp4010_02.dat:0xb79f0,scena/mp4010_02.dat,<C1>Did Renne come to Liberl by land?,38
scena/mp4010_02.dat:0xb7a1f,scena/mp4010_02.dat,That can't be right.,21
scena/mp4010_02.dat:0xb7aa6,scena/mp4010_02.dat,We're back!,12
scena/mp4010_02.dat:0xb7b5e,scena/mp4010_02.dat,"Oh, there you are.",19
scena/mp4010_02.dat:0xb7b80,scena/mp4010_02.dat,"Welcome back, everyone.",24
scena/mp4010_02.dat:0xb7bce,scena/mp4010_02.dat,over the report. Good work.,28
scena/mp4010_02.dat:0xb7bea,scena/mp4010_02.dat,It looks like you handed,25
scena/mp4010_02.dat:0xb7c12,scena/mp4010_02.dat,"Yeah, that part was easy.",26
scena/mp4010_02.dat:0xb7c4c,scena/mp4010_02.dat,We received payment from the Royal Army just now.,50
scena/mp4010_02.dat:0xb7c92,scena/mp4010_02.dat,"Here, this is yours.",21
scena/mp4010_02.dat:0xb7cc6,scena/mp4010_02.dat,you. He doesn't waste time.,28
scena/mp4010_02.dat:0xb7ce2,scena/mp4010_02.dat,That's Lt. Colonel Cid for,27
scena/mp4010_02.dat:0xb7d1e,scena/mp4010_02.dat,Special Ops showed up in the Bose region.,42
scena/mp4010_02.dat:0xb7d48,scena/mp4010_02.dat,"More importantly, though... We heard the",41
scena/mp4010_02.dat:0xb7db4,scena/mp4010_02.dat,"Ah, so they've already heard about it at the villa?",52
scena/mp4010_02.dat:0xb7dfb,scena/mp4010_02.dat,"Actually, we were just talking about that.",43
scena/mp4010_02.dat:0xb7e45,scena/mp4010_02.dat,"members who found 'em, right?",30
scena/mp4010_02.dat:0xb7e63,scena/mp4010_02.dat,They say it was guild,22
scena/mp4010_02.dat:0xb7e8c,scena/mp4010_02.dat,Yes... It was Scherazard and Anelace.,38
scena/mp4010_02.dat:0xb7ecc,scena/mp4010_02.dat,Schera and Anelace?!,21
scena/mp4010_02.dat:0xb7ef4,scena/mp4010_02.dat,They found a hideout inside the Ravennue Mine.,47
scena/mp4010_02.dat:0xb7f3d,scena/mp4010_02.dat,Ops soldiers had already evacuated.,36
scena/mp4010_02.dat:0xb7f61,scena/mp4010_02.dat,Although it seems the Special,30
scena/mp4010_02.dat:0xb7f93,scena/mp4010_02.dat,That's where we fought the sky pirates!,40
scena/mp4010_02.dat:0xb7fbb,scena/mp4010_02.dat,Hold on. The Ravennue Mine...?,31
scena/mp4010_02.dat:0xb7ffd,scena/mp4010_02.dat,Tch. Why didn't we think of that...?,37
scena/mp4010_02.dat:0xb8032,scena/mp4010_02.dat,they'd gone somewhere else?,28
scena/mp4010_02.dat:0xb804e,scena/mp4010_02.dat,"By 'evacuated,' do you mean",28
scena/mp4010_02.dat:0xb8079,scena/mp4010_02.dat,soldiers all over the Bose region since.,41
scena/mp4010_02.dat:0xb80a2,scena/mp4010_02.dat,"Well, there've been sightings of Special Ops",45
scena/mp4010_02.dat:0xb80e8,scena/mp4010_02.dat,conducting a full-scale investigation.,39
scena/mp4010_02.dat:0xb810f,scena/mp4010_02.dat,"Right now, the Border Division is",34
scena/mp4010_02.dat:0xb816b,scena/mp4010_02.dat,"to the Bose region, too?",25
scena/mp4010_02.dat:0xb8184,scena/mp4010_02.dat,Do you think we should go,26
scena/mp4010_02.dat:0xb81bc,scena/mp4010_02.dat,"No, it might be a diversion.",29
scena/mp4010_02.dat:0xb81ed,scena/mp4010_02.dat,it's best to hold off on taking action.,40
scena/mp4010_02.dat:0xb8215,scena/mp4010_02.dat,"Until we hear from the people on the ground,",45
scena/mp4010_02.dat:0xb8255,scena/mp4010_02.dat,Society is also up to something.,33
scena/mp4010_02.dat:0xb8276,scena/mp4010_02.dat,Besides... It seems the,24
scena/mp4010_02.dat:0xb8331,scena/mp4010_02.dat,Are you serious...?!,21
scena/mp4010_02.dat:0xb835f,scena/mp4010_02.dat,of their Enforcers at the abandoned hideout.,45
scena/mp4010_02.dat:0xb838c,scena/mp4010_02.dat,Scherazard and Anelace encountered one,39
scena/mp4010_02.dat:0xb83cd,scena/mp4010_02.dat,He called himself 'Campanella the Fool.',41
scena/mp4010_02.dat:0xb8458,scena/mp4010_02.dat,Heh... Another new character.,30
scena/mp4010_02.dat:0xb84a0,scena/mp4010_02.dat,guild that found them?,23
scena/mp4010_02.dat:0xb84b7,scena/mp4010_02.dat,And it was someone from our,28
scena/mp4010_02.dat:0xb84e6,scena/mp4010_02.dat,Yes... It was Agate and Anelace.,33
scena/mp4010_02.dat:0xb8521,scena/mp4010_02.dat,Agate and Anelace?!,20
scena/mp4010_02.dat:0xb8548,scena/mp4010_02.dat,They found a hideout inside the Ravennue Mine.,47
scena/mp4010_02.dat:0xb8591,scena/mp4010_02.dat,Ops soldiers had already evacuated.,36
scena/mp4010_02.dat:0xb85b5,scena/mp4010_02.dat,Although it seems the Special,30
scena/mp4010_02.dat:0xb85e7,scena/mp4010_02.dat,That's where we fought the sky pirates!,40
scena/mp4010_02.dat:0xb860f,scena/mp4010_02.dat,Hold on. The Ravennue Mine...?,31
scena/mp4010_02.dat:0xb864c,scena/mp4010_02.dat,I see. I wouldn't have thought of that...,42
scena/mp4010_02.dat:0xb8686,scena/mp4010_02.dat,"that hideout, you said?",24
scena/mp4010_02.dat:0xb869e,scena/mp4010_02.dat,But the Special Ops had already ditched,40
scena/mp4010_02.dat:0xb86d5,scena/mp4010_02.dat,soldiers all over the Bose region since.,41
scena/mp4010_02.dat:0xb86fe,scena/mp4010_02.dat,"Well, there've been sightings of Special Ops",45
scena/mp4010_02.dat:0xb8744,scena/mp4010_02.dat,conducting a full-scale investigation.,39
scena/mp4010_02.dat:0xb876b,scena/mp4010_02.dat,"Right now, the Border Division is",34
scena/mp4010_02.dat:0xb87c7,scena/mp4010_02.dat,"to the Bose region, too?",25
scena/mp4010_02.dat:0xb87e0,scena/mp4010_02.dat,Do you think we should go,26
scena/mp4010_02.dat:0xb8818,scena/mp4010_02.dat,"No, it might be a diversion.",29
scena/mp4010_02.dat:0xb8849,scena/mp4010_02.dat,it's best to hold off on taking action.,40
scena/mp4010_02.dat:0xb8871,scena/mp4010_02.dat,"Until we hear from the people on the ground,",45
scena/mp4010_02.dat:0xb88b1,scena/mp4010_02.dat,Society is also up to something.,33
scena/mp4010_02.dat:0xb88d2,scena/mp4010_02.dat,Besides... It seems the,24
scena/mp4010_02.dat:0xb89bd,scena/mp4010_02.dat,of their enforcers at the abandoned hideout.,45
scena/mp4010_02.dat:0xb89ea,scena/mp4010_02.dat,Agate and Anelace encountered one,34
scena/mp4010_02.dat:0xb8a26,scena/mp4010_02.dat,He called himself 'Campanella the Fool.',41
scena/mp4010_02.dat:0xb8ab1,scena/mp4010_02.dat,Hm. Another new character...,29
scena/mp4010_02.dat:0xb8afe,scena/mp4010_02.dat,"found at the hideout, too.",27
scena/mp4010_02.dat:0xb8b19,scena/mp4010_02.dat,A couple rather strange items were,35
scena/mp4010_02.dat:0xb8b4b,scena/mp4010_02.dat,of orbal vehicle called the 'Orgueille.',41
scena/mp4010_02.dat:0xb8b74,scena/mp4010_02.dat,The first was a set of blueprints for some kind,48
scena/mp4010_02.dat:0xb8bb4,scena/mp4010_02.dat,plan going by the codename 'tea party.',40
scena/mp4010_02.dat:0xb8bdc,scena/mp4010_02.dat,The other was a cryptic note about some,40
scena/mp4010_02.dat:0xb8c24,scena/mp4010_02.dat,"'Orgueille' and the 'tea party,' huh...",40
scena/mp4010_02.dat:0xb8c5c,scena/mp4010_02.dat,No clue what that could mean.,30
scena/mp4010_02.dat:0xb8c94,scena/mp4010_02.dat,I wonder what kind of orbal vehicle it is...,45
scena/mp4010_02.dat:0xb8ce0,scena/mp4010_02.dat,This 'tea party' sounds suspicious...,38
scena/mp4010_02.dat:0xb8d91,scena/mp4010_02.dat,Tch! We can't just sit around and do nothing.,46
scena/mp4010_02.dat:0xb8de1,scena/mp4010_02.dat,"Well, this is no time to relax, I'd say.",41
scena/mp4010_02.dat:0xb8e40,scena/mp4010_02.dat,Hold it. Stay calm.,20
scena/mp4010_02.dat:0xb8e68,scena/mp4010_02.dat,members doing what they can on site.,37
scena/mp4010_02.dat:0xb8e8d,scena/mp4010_02.dat,There are soldiers and guild,29
scena/mp4010_02.dat:0xb8ebf,scena/mp4010_02.dat,We'll know more eventually.,28
scena/mp4010_02.dat:0xb8eef,scena/mp4010_02.dat,but please remain in the capital.,34
scena/mp4010_02.dat:0xb8f11,scena/mp4010_02.dat,"Yes, I understand your concern,",32
scena/mp4010_02.dat:0xb8f40,scena/mp4010_02.dat,"Other than that, you're free to do as you wish.",48
scena/mp4010_02.dat:0xb8f9e,scena/mp4010_02.dat,That's a little hard to swallow...,35
scena/mp4010_02.dat:0xb9004,scena/mp4010_02.dat,"Wait, that reminds me. Where's Olivier?",40
scena/mp4010_02.dat:0xb909e,scena/mp4010_02.dat,Erebonian Embassy earlier.,27
scena/mp4010_02.dat:0xb90b9,scena/mp4010_02.dat,"Actually, we were contacted by the",35
scena/mp4010_02.dat:0xb90eb,scena/mp4010_02.dat,take care of and left.,23
scena/mp4010_02.dat:0xb9102,scena/mp4010_02.dat,He said he had some business to,32
scena/mp4010_02.dat:0xb9136,scena/mp4010_02.dat,the guild soon.,16
scena/mp4010_02.dat:0xb9146,scena/mp4010_02.dat,"Though, he's supposedly coming back to",39
scena/mp4010_02.dat:0xb917c,scena/mp4010_02.dat,Oh? I wonder what's up.,24
scena/mp4010_02.dat:0xb91d7,scena/mp4010_02.dat,Where'd Renne go?,18
scena/mp4010_02.dat:0xb926b,scena/mp4010_02.dat,"H-Hey, wait...",15
scena/mp4010_02.dat:0xb9293,scena/mp4010_02.dat,She was here just a second ago.,32
scena/mp4010_02.dat:0xb92f0,scena/mp4010_02.dat,She got bored and went to play somewhere?,42
scena/mp4010_02.dat:0xb938c,scena/mp4010_02.dat,Sounds likely.,15
scena/mp4010_02.dat:0xb93ae,scena/mp4010_02.dat,"Yeah, that sounds possible.",28
scena/mp4010_02.dat:0xb93ec,scena/mp4010_02.dat,*Sigh* I guess that's not a big surprise.,42
scena/mp4010_02.dat:0xb942b,scena/mp4010_02.dat,have to do something about Renne first...,42
scena/mp4010_02.dat:0xb9455,scena/mp4010_02.dat,"But if we're going to leave the capital, we",44
scena/mp4010_02.dat:0xb94a4,scena/mp4010_02.dat,"...Sorry, I'm gonna go look for her.",37
scena/mp4010_02.dat:0xb9522,scena/mp4010_02.dat,"Ah, me too!",12
scena/mp4010_02.dat:0xb953d,scena/mp4010_02.dat,I have an idea of where she might've gone...,45
scena/mp4010_02.dat:0xb957e,scena/mp4010_02.dat,Do you? That'd be a big help.,30
scena/mp4010_02.dat:0xb95db,scena/mp4010_02.dat,"Elnan, if you don't mind...",28
scena/mp4010_02.dat:0xb960a,scena/mp4010_02.dat,Right. Go ahead.,17
scena/mp4010_02.dat:0xb9635,scena/mp4010_02.dat,compare notes on the ex-Intelligence Division,46
scena/mp4010_02.dat:0xb9663,scena/mp4010_02.dat,I'll get in touch with our other branches to,45
scena/mp4010_02.dat:0xb96b9,scena/mp4010_02.dat,support member.,16
scena/mp4010_02.dat:0xb96c9,scena/mp4010_02.dat,"must remain, you are free to choose any one",44
scena/mp4010_02.dat:0xb96f5,scena/mp4010_02.dat,<C1>You may now edit your party. While core members,52
scena/mp4010_02.dat:0xb99e0,scena/mp4010_02.dat,"Damn it, so this was their plan!",33
scena/mp4010_02.dat:0xb9a43,scena/mp4010_02.dat,"Elnan?! Elnan, can you hear me?!",33
scena/mp4010_02.dat:0xb9a7d,scena/mp4010_02.dat,His breathin' is steady... He's just passed out.,49
scena/mp4010_02.dat:0xb9acb,scena/mp4010_02.dat,Is he the receptionist?,24
scena/mp4010_02.dat:0xb9bcf,scena/mp4010_02.dat,Agate! Olivier! Zin!,21
scena/mp4010_02.dat:0xb9bf8,scena/mp4010_02.dat,Schera! Olivier! Zin!,22
scena/mp4010_02.dat:0xb9c42,scena/mp4010_02.dat,Tita! Kloe!,12
scena/mp4010_02.dat:0xb9c82,scena/mp4010_02.dat,"Damn... No one was spared, from what I can see.",48
scena/mp4010_02.dat:0xb9d25,scena/mp4010_02.dat,How's it lookin'?,18
scena/mp4010_02.dat:0xb9d46,scena/mp4010_02.dat,"I don't think they're hurt, just passed out...",47
scena/mp4010_02.dat:0xb9d85,scena/mp4010_02.dat,What the heck happened in here?!,33
scena/mp4010_02.dat:0xb9dc0,scena/mp4010_02.dat,they were drugged.,19
scena/mp4010_02.dat:0xb9dd3,scena/mp4010_02.dat,Hmm. I'd venture a guess that,30
scena/mp4010_02.dat:0xb9e20,scena/mp4010_02.dat,overcome by drowsiness.,24
scena/mp4010_02.dat:0xb9e38,scena/mp4010_02.dat,"It looks as if they'd all suddenly collapsed,",46
scena/mp4010_02.dat:0xb9e75,scena/mp4010_02.dat,Yeah... I think you're right.,30
scena/mp4010_02.dat:0xb9ea2,scena/mp4010_02.dat,"Oh, you're a sharp one.",24
scena/mp4010_02.dat:0xb9f1b,scena/mp4010_02.dat,"Hey, what's with this letter?",30
scena/mp4010_02.dat:0xb9f4d,scena/mp4010_02.dat,Wait a minute...,17
scena/mp4010_02.dat:0xb9f72,scena/mp4010_02.dat,as the ones our letters came in?!,34
scena/mp4010_02.dat:0xb9f94,scena/mp4010_02.dat,Isn't that envelope the same,29
scena/mp4010_02.dat:0xb9fc5,scena/mp4010_02.dat,Y-You're right!,16
scena/mp4010_02.dat:0xba009,scena/mp4010_02.dat,'We have the girl and the Duke.',33
scena/mp4010_02.dat:0xba02a,scena/mp4010_02.dat,"'If you want them back, come to the tea party.'",48
scena/mp4010_02.dat:0xba0a9,scena/mp4010_02.dat,Oh no... His Grace...!,23
scena/mp4010_02.dat:0xba0d9,scena/mp4010_02.dat,takin' place in the capital...,31
scena/mp4010_02.dat:0xba0f8,scena/mp4010_02.dat,So the 'tea party' really is,29
scena/mp4010_02.dat:0xba132,scena/mp4010_02.dat,"Now, who's the 'girl?'",23
scena/mp4010_02.dat:0xba1fc,scena/mp4010_02.dat,Renne! Where are you?!,23
scena/mp4010_02.dat:0xba25d,scena/mp4010_02.dat,It seems she's been kidnapped...,33
scena/mp4010_02.dat:0xba29b,scena/mp4010_02.dat,Is she your friend?,20
scena/mp4010_02.dat:0xba2d9,scena/mp4010_02.dat,situation that we took in...,29
scena/mp4010_02.dat:0xba2f6,scena/mp4010_02.dat,"Um, she's a girl in a difficult",32
scena/mp4010_02.dat:0xba33f,scena/mp4010_02.dat,up in something like this...!,30
scena/mp4010_02.dat:0xba35d,scena/mp4010_02.dat,I never meant for her to be caught,35
scena/mp4010_02.dat:0xba390,scena/mp4010_02.dat,"It ain't your fault, Estelle...",32
scena/mp4010_02.dat:0xba3c4,scena/mp4010_02.dat,Ms. Estelle...,15
scena/mp4010_02.dat:0xba3fe,scena/mp4010_02.dat,"I'm sorry, Phillip...",22
scena/mp4010_02.dat:0xba423,scena/mp4010_02.dat,wrapped up in our business...,30
scena/mp4010_02.dat:0xba441,scena/mp4010_02.dat,It looks like the Duke got,27
scena/mp4010_02.dat:0xba479,scena/mp4010_02.dat,We can't yet be certain of that.,33
scena/mp4010_02.dat:0xba4aa,scena/mp4010_02.dat,blame for wandering around alone at this hour.,47
scena/mp4010_02.dat:0xba4d9,scena/mp4010_02.dat,"And even if it is as you suspect, His Grace is to",50
scena/mp4010_02.dat:0xba51a,scena/mp4010_02.dat,Please don't blame yourself.,29
scena/mp4010_02.dat:0xba55f,scena/mp4010_02.dat,"He's right, Estelle.",21
scena/mp4010_02.dat:0xba583,scena/mp4010_02.dat,figurin' out what this 'tea party' thing is.,45
scena/mp4010_02.dat:0xba5b0,scena/mp4010_02.dat,"Right now, our focus should be on",34
scena/mp4010_02.dat:0xba639,scena/mp4010_02.dat,'We have the girl and the Duke.',33
scena/mp4010_02.dat:0xba65a,scena/mp4010_02.dat,"'If you want them back, come to the tea party.'",48
scena/mp4010_02.dat:0xba68a,scena/mp4010_02.dat,soldiers earlier...,20
scena/mp4010_02.dat:0xba69e,scena/mp4010_02.dat,when Elnan was telling us about the Special Ops,48
scena/mp4010_02.dat:0xba6ce,scena/mp4010_02.dat,Hang on... Something about a tea party came up,47
scena/mp4010_02.dat:0xba72f,scena/mp4010_02.dat,"...Wait, Kevin.",16
scena/mp4010_02.dat:0xba75e,scena/mp4010_02.dat,something like 'so it really is takin' place in the capital?',62
scena/mp4010_02.dat:0xba79c,scena/mp4010_02.dat,"When you read the letter just now, didn't you say",50
scena/mp4010_02.dat:0xba7dd,scena/mp4010_02.dat,"Oop, you heard me, huh?",24
scena/mp4010_02.dat:0xba826,scena/mp4010_02.dat,"Uh, there's a bit of a story behind that.",42
scena/mp4010_02.dat:0xba88c,scena/mp4010_02.dat,Woman's Voice,14
scena/mp4010_02.dat:0xba89a,scena/mp4010_02.dat,...Allow me to explain the rest.,33
scena/mp4010_02.dat:0xba8cb,scena/mp4010_02.dat,Young Man's Voice,18
scena/mp4010_02.dat:0xba8dd,scena/mp4010_02.dat,...I'll take it from here.,27
scena/mp4010_02.dat:0xba95a,scena/mp4010_02.dat,"Oh, nice timing!",17
scena/mp4010_02.dat:0xba9b5,scena/mp4010_02.dat,"Good to see you, Estelle.",26
scena/mp4010_02.dat:0xba9e3,scena/mp4010_02.dat,Things certainly seem to have gotten out of hand.,50
scena/mp4010_02.dat:0xbaa32,scena/mp4010_02.dat,neither of us made it in time.,31
scena/mp4010_02.dat:0xbaa51,scena/mp4010_02.dat,"Sorry, Kevin. Looks like",25
scena/mp4010_02.dat:0xbaa92,scena/mp4010_02.dat,"Been a while, Estelle.",23
scena/mp4010_02.dat:0xbaab8,scena/mp4010_02.dat,"We've got ourselves a problem here, huh?",41
scena/mp4010_02.dat:0xbab03,scena/mp4010_02.dat,neither of us got here in time.,32
scena/mp4010_02.dat:0xbab23,scena/mp4010_02.dat,"Sorry I'm late, Kevin. Seems like",34
scena/mp4010_02.dat:0xbab71,scena/mp4010_02.dat,Yeah... How embarrasin'.,25
scena/mp4010_02.dat:0xbabab,scena/mp4010_02.dat,"Wh-What are you doing here, Schera...?",39
scena/mp4010_02.dat:0xbac03,scena/mp4010_02.dat,seem to be on the same page?!,30
scena/mp4010_02.dat:0xbac21,scena/mp4010_02.dat,And why do you and Kevin,25
scena/mp4010_02.dat:0xbac67,scena/mp4010_02.dat,I discovered the Special Ops soldiers' base.,45
scena/mp4010_02.dat:0xbac94,scena/mp4010_02.dat,I'm sure you've heard by now that Anelace and,46
scena/mp4010_02.dat:0xbacd2,scena/mp4010_02.dat,"That's where we met Kevin, too.",32
scena/mp4010_02.dat:0xbad01,scena/mp4010_02.dat,down the remaining soldiers.,29
scena/mp4010_02.dat:0xbad1e,scena/mp4010_02.dat,He's been helping us track,27
scena/mp4010_02.dat:0xbad48,scena/mp4010_02.dat,"Wh-What are you doing here, Agate...?",38
scena/mp4010_02.dat:0xbad9a,scena/mp4010_02.dat,seem to be on the same page?!,30
scena/mp4010_02.dat:0xbadb8,scena/mp4010_02.dat,And why do you and Kevin,25
scena/mp4010_02.dat:0xbadfe,scena/mp4010_02.dat,"the Special Ops soldiers' base, right?",39
scena/mp4010_02.dat:0xbae25,scena/mp4010_02.dat,You heard how Anelace and I found,34
scena/mp4010_02.dat:0xbae56,scena/mp4010_02.dat,"We met this shady priest around that time, too.",48
scena/mp4010_02.dat:0xbae96,scena/mp4010_02.dat,down the remaining soldiers.,29
scena/mp4010_02.dat:0xbaeb3,scena/mp4010_02.dat,He's been helpin' us track,27
scena/mp4010_02.dat:0xbaedd,scena/mp4010_02.dat,S-So that's why you were a step ahead of me...,47
scena/mp4010_02.dat:0xbaf31,scena/mp4010_02.dat,Heh. There you have it.,24
scena/mp4010_02.dat:0xbaf59,scena/mp4010_02.dat,Young Woman's Voice,20
scena/mp4010_02.dat:0xbaf85,scena/mp4010_02.dat,Young Woman's Voice,20
scena/mp4010_02.dat:0xbafca,scena/mp4010_02.dat,"Huh, Anelace?!",15
scena/mp4010_02.dat:0xbaffa,scena/mp4010_02.dat,Estelle! Thank goodness you're okay!,37
scena/mp4010_02.dat:0xbb04b,scena/mp4010_02.dat,"And Kevin? You're here, too?!",30
scena/mp4010_02.dat:0xbb078,scena/mp4010_02.dat,to have arrived too late.,26
scena/mp4010_02.dat:0xbb092,scena/mp4010_02.dat,Yeah. Although I also appear,29
scena/mp4010_02.dat:0xbb0ca,scena/mp4010_02.dat,"So, did the communicator downstairs work?",42
scena/mp4010_02.dat:0xbb10f,scena/mp4010_02.dat,"So, what about the communicator downstairs?",44
scena/mp4010_02.dat:0xbb164,scena/mp4010_02.dat,some parts out.,16
scena/mp4010_02.dat:0xbb174,scena/mp4010_02.dat,It was no use... It looks like someone took,44
scena/mp4010_02.dat:0xbb1c1,scena/mp4010_02.dat,Then what about...,19
scena/mp4010_02.dat:0xbb234,scena/mp4010_02.dat,"Nope. This one's no good, either.",34
scena/mp4010_02.dat:0xbb265,scena/mp4010_02.dat,Damn it. How about...,22
scena/mp4010_02.dat:0xbb2ec,scena/mp4010_02.dat,Shit. This one's down too.,27
scena/mp4010_02.dat:0xbb317,scena/mp4010_02.dat,our communicators?,19
scena/mp4010_02.dat:0xbb32a,scena/mp4010_02.dat,You're saying...the enemy broke,32
scena/mp4010_02.dat:0xbb36b,scena/mp4010_02.dat,No doubt about it.,19
scena/mp4010_02.dat:0xbb38d,scena/mp4010_02.dat,Just what are they after...?,29
scena/mp4010_02.dat:0xbb3c1,scena/mp4010_02.dat,"Oh, Schera! There was a letter left behind...",46
scena/mp4010_02.dat:0xbb460,scena/mp4010_02.dat,and Anelace while showing them the letter.,43
scena/mp4010_02.dat:0xbb48b,scena/mp4010_02.dat,<C1>Estelle explained the situation to Scherazard,50
scena/mp4010_02.dat:0xbb4bd,scena/mp4010_02.dat,pieces are finally in place.,29
scena/mp4010_02.dat:0xbb4da,scena/mp4010_02.dat,"The 'tea party,' huh... All the",32
scena/mp4010_02.dat:0xbb51c,scena/mp4010_02.dat,soldiers who took Renne and Duke Dunan.,40
scena/mp4010_02.dat:0xbb544,scena/mp4010_02.dat,It was definitely the remaining Special Ops,44
scena/mp4010_02.dat:0xbb57f,scena/mp4010_02.dat,pulling the strings.,21
scena/mp4010_02.dat:0xbb594,scena/mp4010_02.dat,But it seems like Ouroboros is somehow,39
scena/mp4010_02.dat:0xbb5cf,scena/mp4010_02.dat,"Yeah, no question.",19
scena/mp4010_02.dat:0xbb5f1,scena/mp4010_02.dat,Now we gotta figure out their objective...,43
scena/mp4010_02.dat:0xbb634,scena/mp4010_02.dat,"Oh, Agate! There was a letter left behind...",45
scena/mp4010_02.dat:0xbb6d2,scena/mp4010_02.dat,and Anelace while showing them the letter.,43
scena/mp4010_02.dat:0xbb6fd,scena/mp4010_02.dat,<C1>Estelle explained the situation to Agate,45
scena/mp4010_02.dat:0xbb72a,scena/mp4010_02.dat,The 'tea party'... It's all coming together.,45
scena/mp4010_02.dat:0xbb779,scena/mp4010_02.dat,were taken by the remaining Special Ops.,41
scena/mp4010_02.dat:0xbb7a2,scena/mp4010_02.dat,Seems safe to say that the girl and the Duke,45
scena/mp4010_02.dat:0xbb7de,scena/mp4010_02.dat,seems like the real mastermind here.,37
scena/mp4010_02.dat:0xbb803,scena/mp4010_02.dat,"But based on what we know, Ouroboros",37
scena/mp4010_02.dat:0xbb84f,scena/mp4010_02.dat,"that attacked us, too...",25
scena/mp4010_02.dat:0xbb868,scena/mp4010_02.dat,"Yeah, and that would explain the weird machines",48
scena/mp4010_02.dat:0xbb8ac,scena/mp4010_02.dat,go for this tea party thing...?,32
scena/mp4010_02.dat:0xbb8cc,scena/mp4010_02.dat,But where are we supposed to,29
scena/mp4010_02.dat:0xbb91a,scena/mp4010_02.dat,all the places we can think of.,32
scena/mp4010_02.dat:0xbb93a,scena/mp4010_02.dat,We'll just have to search,26
scena/mp4010_02.dat:0xbb971,scena/mp4010_02.dat,"Anelace, can I ask for a favor?",32
scena/mp4010_02.dat:0xbb9ca,scena/mp4010_02.dat,all the places we can think of.,32
scena/mp4010_02.dat:0xbb9ea,scena/mp4010_02.dat,We'll just have to search,26
scena/mp4010_02.dat:0xbba21,scena/mp4010_02.dat,"Anelace, I need a favor.",25
scena/mp4010_02.dat:0xbba66,scena/mp4010_02.dat,"Yes, what is it?",17
scena/mp4010_02.dat:0xbbaa4,scena/mp4010_02.dat,and notify the security HQ about this.,39
scena/mp4010_02.dat:0xbbacb,scena/mp4010_02.dat,Please head to the Erbe Royal Villa,36
scena/mp4010_02.dat:0xbbafe,scena/mp4010_02.dat,on the scenic route was a diversion.,37
scena/mp4010_02.dat:0xbbb23,scena/mp4010_02.dat,I'm sure the armed group that appeared,39
scena/mp4010_02.dat:0xbbb8f,scena/mp4010_02.dat,tell the security HQ about this.,33
scena/mp4010_02.dat:0xbbbb0,scena/mp4010_02.dat,Head to Erbe Royal Villa and,29
scena/mp4010_02.dat:0xbbbdc,scena/mp4010_02.dat,scenic route must have been a diversion.,41
scena/mp4010_02.dat:0xbbc05,scena/mp4010_02.dat,The armed group that appeared on the,37
scena/mp4010_02.dat:0xbbc39,scena/mp4010_02.dat,I see...,9
scena/mp4010_02.dat:0xbbc51,scena/mp4010_02.dat,"Their target is the capital, huh?",34
scena/mp4010_02.dat:0xbbc82,scena/mp4010_02.dat,You've got it!,15
scena/mp4010_02.dat:0xbbca0,scena/mp4010_02.dat,I'll head to the Erbe Royal Villa right away!,46
scena/mp4010_02.dat:0xbbce2,scena/mp4010_02.dat,"Anelace, be careful out there!",31
scena/mp4010_02.dat:0xbbd1e,scena/mp4010_02.dat,"Yeah, you guys, too!",21
scena/mp4010_02.dat:0xbbd8d,scena/mp4010_02.dat,would you mind waiting for us here at the guild?,49
scena/mp4010_02.dat:0xbbdde,scena/mp4010_02.dat," Sorry, but",12
scena/mp4010_02.dat:0xbbdf9,scena/mp4010_02.dat,I promise we'll rescue the Duke.,33
scena/mp4010_02.dat:0xbbe47,scena/mp4010_02.dat,"Your name's Phillip, right?",28
scena/mp4010_02.dat:0xbbe72,scena/mp4010_02.dat,"Hate to ask, but we need you to wait here.",43
scena/mp4010_02.dat:0xbbeac,scena/mp4010_02.dat,Don't worry. We'll rescue the Duke.,36
scena/mp4010_02.dat:0xbbedf,scena/mp4010_02.dat,...Very well.,14
scena/mp4010_02.dat:0xbbf09,scena/mp4010_02.dat,I'll tend to the others while I wait.,38
scena/mp4010_02.dat:0xbbf3e,scena/mp4010_02.dat,Please help His Grace.,23
scena/mp4010_02.dat:0xbc08f,scena/mp4010_02.dat,I see...,9
scena/mp4010_02.dat:0xbc0a7,scena/mp4010_02.dat,Yes... I understand.,21
scena/mp4010_02.dat:0xbc0cc,scena/mp4010_02.dat,Thank you very much for the information.,41
scena/mp4010_02.dat:0xbc15a,scena/mp4010_02.dat,"How's it looking, Elnan?",25
scena/mp4010_02.dat:0xbc182,scena/mp4010_02.dat,Amalthea has agreed to cooperate.,34
scena/mp4010_02.dat:0xbc1a4,scena/mp4010_02.dat,"Well, it seems that former Captain",35
scena/mp4010_02.dat:0xbc1d6,scena/mp4010_02.dat,once they have further details.,32
scena/mp4010_02.dat:0xbc1f6,scena/mp4010_02.dat,The army said they'll inform us,32
scena/mp4010_02.dat:0xbc273,scena/mp4010_02.dat,That's...good to know.,23
scena/mp4010_02.dat:0xbc2a5,scena/mp4010_02.dat,as her would agree to talk.,28
scena/mp4010_02.dat:0xbc2c1,scena/mp4010_02.dat,I'm amazed a woman as stubborn,31
scena/mp4010_02.dat:0xbc2f0,scena/mp4010_02.dat,Just what did they do to her?,30
scena/mp4010_02.dat:0xbc329,scena/mp4010_02.dat,"vixen to open her mouth, huh?",30
scena/mp4010_02.dat:0xbc347,scena/mp4010_02.dat,"Wow, they got that stubborn",28
scena/mp4010_02.dat:0xbc38d,scena/mp4010_02.dat,I wonder what it took.,23
scena/mp4010_02.dat:0xbc3c0,scena/mp4010_02.dat,the investigation to the Royal Army.,37
scena/mp4010_02.dat:0xbc3e5,scena/mp4010_02.dat,"Well, we should leave that end of",34
scena/mp4010_02.dat:0xbc417,scena/mp4010_02.dat,putting together what we know on our end.,42
scena/mp4010_02.dat:0xbc441,scena/mp4010_02.dat,"Meanwhile, we should concentrate on",36
scena/mp4010_02.dat:0xbc506,scena/mp4010_02.dat,reward for the latest mission.,31
scena/mp4010_02.dat:0xbc525,scena/mp4010_02.dat,"Now then, here is your",23
scena/mp4010_02.dat:0xbc54b,scena/mp4010_02.dat,smaller jobs you did along the away.,37
scena/mp4010_02.dat:0xbc570,scena/mp4010_02.dat,It includes payment for the,28
scena/mp4010_02.dat:0xbc5ab,scena/mp4010_02.dat,"Um, Estelle...",15
scena/mp4010_02.dat:0xbc616,scena/mp4010_02.dat,Is Renne really a member of the Society...?,44
scena/mp4010_02.dat:0xbc677,scena/mp4010_02.dat,herself the Angel of Slaughter.,32
scena/mp4010_02.dat:0xbc697,scena/mp4010_02.dat,"As an Enforcer, she called",27
scena/mp4010_02.dat:0xbc6c1,scena/mp4010_02.dat,There's no doubt.,18
scena/mp4010_02.dat:0xbc6d3,scena/mp4010_02.dat,I heard it from her own mouth.,31
scena/mp4010_02.dat:0xbc714,scena/mp4010_02.dat,I see...,9
scena/mp4010_02.dat:0xbc790,scena/mp4010_02.dat,being an agent of the Society...,33
scena/mp4010_02.dat:0xbc7b1,scena/mp4010_02.dat,I-I can't wrap my head around a girl so young,46
scena/mp4010_02.dat:0xbc81b,scena/mp4010_02.dat,aren't they?,13
scena/mp4010_02.dat:0xbc828,scena/mp4010_02.dat,"The 'Enforcers' are the cream of the crop,",43
scena/mp4010_02.dat:0xbc867,scena/mp4010_02.dat,Could it be a mistake?,23
scena/mp4010_02.dat:0xbc88d,scena/mp4010_02.dat,I don't think so.,18
scena/mp4010_02.dat:0xbc8b4,scena/mp4010_02.dat,an Enforcer at a similar age.,30
scena/mp4010_02.dat:0xbc8d2,scena/mp4010_02.dat,Joshua apparently became,25
scena/mp4010_02.dat:0xbc927,scena/mp4010_02.dat,"Still, she really played us like a fiddle.",43
scena/mp4010_02.dat:0xbc962,scena/mp4010_02.dat,that tank to attack the castle.,32
scena/mp4010_02.dat:0xbc982,scena/mp4010_02.dat,"and convinced her to rally her forces, using",45
scena/mp4010_02.dat:0xbc9af,scena/mp4010_02.dat,It was likely Renne who gave Kanone the Gospel,47
scena/mp4010_02.dat:0xbc9ee,scena/mp4010_02.dat,"threatening letters, too...",28
scena/mp4010_02.dat:0xbca0a,scena/mp4010_02.dat,That little brat was behind all those,38
scena/mp4010_02.dat:0xbca40,scena/mp4010_02.dat,What the hell is in it for her?,32
scena/mp4010_02.dat:0xbca84,scena/mp4010_02.dat,"I gotta say, she played us like a fiddle.",42
scena/mp4010_02.dat:0xbcac3,scena/mp4010_02.dat,to attack with that tank.,26
scena/mp4010_02.dat:0xbcadd,scena/mp4010_02.dat,the Gospel and talked her into rallying her forces,51
scena/mp4010_02.dat:0xbcb10,scena/mp4010_02.dat,I'll bet Renne was the one who gave that vixen,47
scena/mp4010_02.dat:0xbcb62,scena/mp4010_02.dat,"letters were her work, too...",30
scena/mp4010_02.dat:0xbcb80,scena/mp4010_02.dat,She even admitted the threatening,34
scena/mp4010_02.dat:0xbcbb2,scena/mp4010_02.dat,What does she hope to gain from all this?,42
scena/mp4010_02.dat:0xbcc08,scena/mp4010_02.dat,"I can't say for sure, but...",29
scena/mp4010_02.dat:0xbcc35,scena/mp4010_02.dat,Maybe she thought it would be fun?,35
scena/mp4010_02.dat:0xbcd31,scena/mp4010_02.dat,"was a 'tea party,' didn't she?",31
scena/mp4010_02.dat:0xbcd50,scena/mp4010_02.dat,Renne said her experiment,26
scena/mp4010_02.dat:0xbcd79,scena/mp4010_02.dat,"could invite a bunch of people, including us...",48
scena/mp4010_02.dat:0xbcda9,scena/mp4010_02.dat,She must have done all that work just so she,45
scena/mp4010_02.dat:0xbcdf8,scena/mp4010_02.dat,"Yeah, that's gotta be it.",26
scena/mp4010_02.dat:0xbce6f,scena/mp4010_02.dat,...Are you serious?!,21
scena/mp4010_02.dat:0xbce98,scena/mp4010_02.dat,because of those threats...,28
scena/mp4010_02.dat:0xbceb4,scena/mp4010_02.dat,"To be fair, we did come to the capital",39
scena/mp4010_02.dat:0xbcf23,scena/mp4010_02.dat,"was a 'tea party,' didn't she?",31
scena/mp4010_02.dat:0xbcf42,scena/mp4010_02.dat,Renne said her experiment,26
scena/mp4010_02.dat:0xbcf6b,scena/mp4010_02.dat,"could invite a bunch of people, including us...",48
scena/mp4010_02.dat:0xbcf9b,scena/mp4010_02.dat,She must have done all that work just so she,45
scena/mp4010_02.dat:0xbcfea,scena/mp4010_02.dat,"Yeah, that's gotta be it.",26
scena/mp4010_02.dat:0xbd082,scena/mp4010_02.dat,"capital because of the threats, though...",42
scena/mp4010_02.dat:0xbd0ac,scena/mp4010_02.dat,It is true that we came to the,31
scena/mp4010_02.dat:0xbd0e4,scena/mp4010_02.dat,"little kitten, actually.",25
scena/mp4010_02.dat:0xbd0fd,scena/mp4010_02.dat,Hmm... I wouldn't put it past that,35
scena/mp4010_02.dat:0xbd153,scena/mp4010_02.dat,sleeping drug she gave us with utmost precision...,51
scena/mp4010_02.dat:0xbd186,scena/mp4010_02.dat,She even measured out the dose of that,39
scena/mp4010_02.dat:0xbd1bc,scena/mp4010_02.dat,"the port at a time that suited her, huh?",41
scena/mp4010_02.dat:0xbd1e5,scena/mp4010_02.dat,So that we'd recover and show up at,36
scena/mp4010_02.dat:0xbd22a,scena/mp4010_02.dat,Damn that little brat and her tricks...!,41
scena/mp4010_02.dat:0xbd267,scena/mp4010_02.dat,the port at a time of her choosing?,36
scena/mp4010_02.dat:0xbd28b,scena/mp4010_02.dat,So that we'd wake up and arrive at,35
scena/mp4010_02.dat:0xbd2be,scena/mp4010_02.dat,"She's a pro, alright...",24
scena/mp4010_02.dat:0xbd2eb,scena/mp4010_02.dat,"Um, so it was her who put you all to sleep, then?",50
scena/mp4010_02.dat:0xbd3aa,scena/mp4010_02.dat,Yes... Most likely.,20
scena/mp4010_02.dat:0xbd3cd,scena/mp4010_02.dat,she bought at the department store...,38
scena/mp4010_02.dat:0xbd3f3,scena/mp4010_02.dat,We lost consciousness after eating the cookies,47
scena/mp4010_02.dat:0xbd442,scena/mp4010_02.dat,Man... We really let our guard down.,37
scena/mp4010_02.dat:0xbd47c,scena/mp4010_02.dat,laced those cookies with poison instead.,41
scena/mp4010_02.dat:0xbd4a5,scena/mp4010_02.dat,She could have easily killed us if she'd,41
scena/mp4010_02.dat:0xbd55f,scena/mp4010_02.dat,N-No way...,12
scena/mp4010_02.dat:0xbd57a,scena/mp4010_02.dat,I'll take the blame for this.,30
scena/mp4010_02.dat:0xbd5e4,scena/mp4010_02.dat,I should have exercised greater caution.,41
scena/mp4010_02.dat:0xbd60d,scena/mp4010_02.dat,"As someone responsible for supporting all of you,",50
scena/mp4010_02.dat:0xbd65e,scena/mp4010_02.dat,"I'm truly sorry, everyone.",27
scena/mp4010_02.dat:0xbd6a8,scena/mp4010_02.dat,"C-Come on, Elnan!",18
scena/mp4010_02.dat:0xbd6ce,scena/mp4010_02.dat,I think we're all at fault this time.,38
scena/mp4010_02.dat:0xbd703,scena/mp4010_02.dat,crazy enough to go to such lengths...,38
scena/mp4010_02.dat:0xbd729,scena/mp4010_02.dat,Who would have thought the Society was,39
scena/mp4010_02.dat:0xbd760,scena/mp4010_02.dat,That huge archaism...,22
scena/mp4010_02.dat:0xbd7f1,scena/mp4010_02.dat,building something that big...,31
scena/mp4010_02.dat:0xbd810,scena/mp4010_02.dat,Even Grandpa would have trouble,32
scena/mp4010_02.dat:0xbd851,scena/mp4010_02.dat,he could make it move like that...,35
scena/mp4010_02.dat:0xbd874,scena/mp4010_02.dat,And if he did... I don't think,31
scena/mp4010_02.dat:0xbd8b7,scena/mp4010_02.dat,And yet...a girl like Renne...,31
scena/mp4010_02.dat:0xbd996,scena/mp4010_02.dat,"Hey, cheer up!",15
scena/mp4010_02.dat:0xbd9db,scena/mp4010_02.dat,gonna get her out of the Society!,34
scena/mp4010_02.dat:0xbd9fd,scena/mp4010_02.dat,"Next time we meet her, we're definitely",40
scena/mp4010_02.dat:0xbdac4,scena/mp4010_02.dat,"Hold up, what are you saying?!",31
scena/mp4010_02.dat:0xbdb13,scena/mp4010_02.dat,to take Joshua away from them...,33
scena/mp4010_02.dat:0xbdb34,scena/mp4010_02.dat,"Five years ago, Dad was able",29
scena/mp4010_02.dat:0xbdb61,scena/mp4010_02.dat,be able to do the same thing!,30
scena/mp4010_02.dat:0xbdb7f,scena/mp4010_02.dat,"As his daughter, I should",26
scena/mp4010_02.dat:0xbdba8,scena/mp4010_02.dat,if it's the last thing I do!,29
scena/mp4010_02.dat:0xbdbc5,scena/mp4010_02.dat,I'll free her from their clutches,34
scena/mp4010_02.dat:0xbdc77,scena/mp4010_02.dat,"Oh, Estelle...",15
scena/mp4010_02.dat:0xbdca8,scena/mp4010_02.dat,I'm with you! Let's do this!,29
scena/mp4010_02.dat:0xbdcf5,scena/mp4010_02.dat,"would think of that, Estelle?",30
scena/mp4010_02.dat:0xbdd13,scena/mp4010_02.dat,Hehe... Who else but you,25
scena/mp4010_02.dat:0xbdd58,scena/mp4010_02.dat,"Yeah, that's the spirit!",25
scena/mp4010_02.dat:0xbdd8d,scena/mp4010_02.dat,a shining example for us all.,30
scena/mp4010_02.dat:0xbddab,scena/mp4010_02.dat,Haha. Your optimism is truly,29
scena/mp4010_02.dat:0xbdde4,scena/mp4010_02.dat,*Sigh* You make it sound so easy.,34
scena/mp4010_02.dat:0xbde5a,scena/mp4010_02.dat,happy ending despite the odds.,31
scena/mp4010_02.dat:0xbde79,scena/mp4010_02.dat,"Typical Estelle, fighting for a",32
scena/mp4010_02.dat:0xbdec4,scena/mp4010_02.dat,keep up with your optimism.,28
scena/mp4010_02.dat:0xbdee0,scena/mp4010_02.dat,Not even your father can,25
scena/mp4010_02.dat:0xbdf20,scena/mp4010_02.dat,Young Man's Voice,18
scena/mp4010_02.dat:0xbdf32,scena/mp4010_02.dat,"harder for ya every day, Estelle!",34
scena/mp4010_02.dat:0xbdf54,scena/mp4010_02.dat,"Mm, yep. I'm fallin' harder and",32
scena/mp4010_02.dat:0xbe155,scena/mp4010_02.dat,Father Kevin. I've been waiting for you.,41
scena/mp4010_02.dat:0xbe1aa,scena/mp4010_02.dat,Real sorry I'm late.,21
scena/mp4010_02.dat:0xbe1cf,scena/mp4010_02.dat,without givin' me an earful.,29
scena/mp4010_02.dat:0xbe1ec,scena/mp4010_02.dat,Archbishop Currant wouldn't lemme go,37
scena/mp4010_02.dat:0xbe221,scena/mp4010_02.dat,It took me forever to slip away.,33
scena/mp4010_02.dat:0xbe275,scena/mp4010_02.dat,poop in my hair or somethin'?,30
scena/mp4010_02.dat:0xbe293,scena/mp4010_02.dat,Wh-What's wrong? Did a bird,28
scena/mp4010_02.dat:0xbe2d0,scena/mp4010_02.dat,"Um, it's kinda awkward asking this now, but...",47
scena/mp4010_02.dat:0xbe334,scena/mp4010_02.dat,"Who actually are you, Kevin?",29
scena/mp4010_02.dat:0xbe372,scena/mp4010_02.dat,"Ah, right. He's been holding onto that secret.",47
scena/mp4010_02.dat:0xbe3b1,scena/mp4010_02.dat,"Always evading the question, no matter who asked.",50
scena/mp4010_02.dat:0xbe3f2,scena/mp4010_02.dat,Yeah. I'll second that.,24
scena/mp4010_02.dat:0xbe419,scena/mp4010_02.dat,You've danced around the question for too long.,48
scena/mp4010_02.dat:0xbe464,scena/mp4010_02.dat,It's pretty obvious you're no ordinary priest!,47
scena/mp4010_02.dat:0xbe4b0,scena/mp4010_02.dat,You win... Allow me to reintroduce myself.,43
scena/mp4010_02.dat:0xbe518,scena/mp4010_02.dat,Gralsritter order of the Septian Church.,41
scena/mp4010_02.dat:0xbe541,scena/mp4010_02.dat,"The name's Kevin Graham, priest of the",39
scena/mp4010_02.dat:0xbe577,scena/mp4010_02.dat,That good enough for ya?,25
scena/mp4010_02.dat:0xbe652,scena/mp4010_02.dat,"Well, well. Now that's a surprise.",35
scena/mp4010_02.dat:0xbe6ab,scena/mp4010_02.dat,included knights as young as yourself...,41
scena/mp4010_02.dat:0xbe6d4,scena/mp4010_02.dat,I had no idea the Gralsritter order,36
scena/mp4010_02.dat:0xbe71a,scena/mp4010_02.dat,"You know what he's talking about, Olivier?",43
scena/mp4010_02.dat:0xbe766,scena/mp4010_02.dat,artifacts are looked after by the church?,42
scena/mp4010_02.dat:0xbe790,scena/mp4010_02.dat,I'm sure you've all heard that the,35
scena/mp4010_02.dat:0xbe7cd,scena/mp4010_02.dat,"are called Gralsritter, or the Grail Knights.",46
scena/mp4010_02.dat:0xbe7fb,scena/mp4010_02.dat,The people who search for and retrieve them,44
scena/mp4010_02.dat:0xbe83b,scena/mp4010_02.dat,said they only recruit the best talent.,40
scena/mp4010_02.dat:0xbe863,scena/mp4010_02.dat,"Their membership is kept secret, but it's",42
scena/mp4010_02.dat:0xbe8ab,scena/mp4010_02.dat,"Wow, you're a real fount of knowledge!",39
scena/mp4010_02.dat:0xbe917,scena/mp4010_02.dat,"For the record, I'm just a novice.",35
scena/mp4010_02.dat:0xbe94f,scena/mp4010_02.dat,I hardly qualify as 'the best talent.',39
scena/mp4010_02.dat:0xbe985,scena/mp4010_02.dat,You retrieve artifacts...?,27
scena/mp4010_02.dat:0xbe9b4,scena/mp4010_02.dat,to shut down the Gospel...!,28
scena/mp4010_02.dat:0xbe9d0,scena/mp4010_02.dat,Like...Mayor Dalmore's rod you used,36
scena/mp4010_02.dat:0xbea08,scena/mp4010_02.dat,personally by the Royal Army.,30
scena/mp4010_02.dat:0xbea26,scena/mp4010_02.dat,"Yes, it was handed over to me",30
scena/mp4010_02.dat:0xbea63,scena/mp4010_02.dat,"about retrieval of artifacts, ya see.",38
scena/mp4010_02.dat:0xbea89,scena/mp4010_02.dat,The church and Liberl have an agreement,40
scena/mp4010_02.dat:0xbeac0,scena/mp4010_02.dat,the Archbishop really ripped me a new one...,45
scena/mp4010_02.dat:0xbeaed,scena/mp4010_02.dat,"I broke that rod without permission, so",40
scena/mp4010_02.dat:0xbeb80,scena/mp4010_02.dat,"Y-Yeah, I can see how that might upset him...",46
scena/mp4010_02.dat:0xbebbd,scena/mp4010_02.dat,"But you didn't have a choice, did you?",39
scena/mp4010_02.dat:0xbebff,scena/mp4010_02.dat,Agreed. You had to use any means necessary.,44
scena/mp4010_02.dat:0xbec63,scena/mp4010_02.dat,second guessing on that one.,29
scena/mp4010_02.dat:0xbec80,scena/mp4010_02.dat,"Yeah, there was no room for",28
scena/mp4010_02.dat:0xbece4,scena/mp4010_02.dat,"Haha, I appreciate you sayin' that.",36
scena/mp4010_02.dat:0xbed18,scena/mp4010_02.dat,countin' on your cooperation.,30
scena/mp4010_02.dat:0xbed36,scena/mp4010_02.dat,"Anyhow, that's me. I'll be",27
scena/mp4010_02.dat:0xbed6f,scena/mp4010_02.dat,we get our hands on.,21
scena/mp4010_02.dat:0xbed84,scena/mp4010_02.dat,Let's trade any information about Ouroboros,44
scena/mp4010_02.dat:0xbee71,scena/mp4010_02.dat,"Wait, what?",12
scena/mp4010_02.dat:0xbee9d,scena/mp4010_02.dat,the Society.,13
scena/mp4010_02.dat:0xbeeaa,scena/mp4010_02.dat,I was sent to Liberl to investigate,36
scena/mp4010_02.dat:0xbeefa,scena/mp4010_02.dat, the Aureole.,14
scena/mp4010_02.dat:0xbef08,scena/mp4010_02.dat,"Or to be precise, I'm here to find out about",45
scena/mp4010_02.dat:0xbefee,scena/mp4010_02.dat,The Aureole...!,16
scena/mp4010_02.dat:0xbf012,scena/mp4010_02.dat,the Goddess granted the ancients...,36
scena/mp4010_02.dat:0xbf036,scena/mp4010_02.dat,It's one of the Sept-Terrions the,34
scena/mp4010_02.dat:0xbf068,scena/mp4010_02.dat,below Grancel Castle.,22
scena/mp4010_02.dat:0xbf07e,scena/mp4010_02.dat,A legendary artifact believed to be sealed,43
scena/mp4010_02.dat:0xbf0cc,scena/mp4010_02.dat,That's the one.,16
scena/mp4010_02.dat:0xbf106,scena/mp4010_02.dat,poppin' up across the continent lookin' for info on the,56
scena/mp4010_02.dat:0xbf13e,scena/mp4010_02.dat,"What's more, it seems all sorts of folks been",46
scena/mp4010_02.dat:0xbf17c,scena/mp4010_02.dat,Even the church began to take an interest.,43
scena/mp4010_02.dat:0xbf1b6,scena/mp4010_02.dat,came from Liberl about the Aureole.,36
scena/mp4010_02.dat:0xbf1da,scena/mp4010_02.dat,It was 'round that time when word,34
scena/mp4010_02.dat:0xbf219,scena/mp4010_02.dat,to look into its authenticity.,31
scena/mp4010_02.dat:0xbf238,scena/mp4010_02.dat,"And so, they sent this here neophyte",37
scena/mp4010_02.dat:0xbf2db,scena/mp4010_02.dat,I see...,9
scena/mp4010_02.dat:0xbf304,scena/mp4010_02.dat,Does that mean the Aureole really is in Liberl?!,49
scena/mp4010_02.dat:0xbf361,scena/mp4010_02.dat,"Area, I assumed it was just a legend...",40
scena/mp4010_02.dat:0xbf389,scena/mp4010_02.dat,Since we didn't find it in the Sealed,38
scena/mp4010_02.dat:0xbf3e5,scena/mp4010_02.dat,we don't even know what it is?,31
scena/mp4010_02.dat:0xbf404,scena/mp4010_02.dat,"Yeah, but how can we find it when",34
scena/mp4010_02.dat:0xbf43a,scena/mp4010_02.dat,something if you don't know what it is.,40
scena/mp4010_02.dat:0xbf462,scena/mp4010_02.dat,"Well, you can't expect to find",31
scena/mp4010_02.dat:0xbf4aa,scena/mp4010_02.dat,Answerin' all those questions is part of my job.,49
scena/mp4010_02.dat:0xbf507,scena/mp4010_02.dat,I came here today to explain that...,37
scena/mp4010_02.dat:0xbf53b,scena/mp4010_02.dat,together if somethin' else happens.,36
scena/mp4010_02.dat:0xbf55f,scena/mp4010_02.dat,And to ask that we continue to work,36
scena/mp4010_02.dat:0xbf628,scena/mp4010_02.dat,I get it now.,14
scena/mp4010_02.dat:0xbf646,scena/mp4010_02.dat,Sure. Sounds good to me!,25
scena/mp4010_02.dat:0xbf68e,scena/mp4010_02.dat,"Yes, we're grateful for your help.",35
scena/mp4010_02.dat:0xbf6ce,scena/mp4010_02.dat,"you're ever in trouble, give us a call.",40
scena/mp4010_02.dat:0xbf6f6,scena/mp4010_02.dat,Fate has brought us together. If,33
scena/mp4010_02.dat:0xbf747,scena/mp4010_02.dat,Give us a call if you need help.,33
scena/mp4010_02.dat:0xbf768,scena/mp4010_02.dat,"Oh, fine...",12
scena/mp4010_02.dat:0xbf7a6,scena/mp4010_02.dat,Thanks a million!,18
scena/mp4010_02.dat:0xbf7da,scena/mp4010_02.dat,I'm ready to skedaddle.,24
scena/mp4010_02.dat:0xbf7f2,scena/mp4010_02.dat,"Now, if that's all for today,",30
scena/mp4010_02.dat:0xbf837,scena/mp4010_02.dat,Til we meet again!,19
scena/mp4010_02.dat:0xbf8f8,scena/mp4010_02.dat,He's gone...,13
scena/mp4010_02.dat:0xbf925,scena/mp4010_02.dat,"Olivier, but in a different way.",33
scena/mp4010_02.dat:0xbf946,scena/mp4010_02.dat,"He's as hard to pin down as you,",33
scena/mp4010_02.dat:0xbf98a,scena/mp4010_02.dat,Heh. He's got a lot to learn if you ask me.,44
scena/mp4010_02.dat:0xbf9c6,scena/mp4010_02.dat,He could use some more...refinement.,37
scena/mp4010_02.dat:0xbfa35,scena/mp4010_02.dat,hit you in the face.,21
scena/mp4010_02.dat:0xbfa4a,scena/mp4010_02.dat,You wouldn't know refinement if it,35
scena/mp4010_02.dat:0xbfa8c,scena/mp4010_02.dat,Back to the subject of the Aureole...,38
scena/mp4010_02.dat:0xbfac7,scena/mp4010_02.dat,that and the Society's Gospel experiments?,43
scena/mp4010_02.dat:0xbfaf2,scena/mp4010_02.dat,Do you think there's a connection between,42
scena/mp4010_02.dat:0xbfb9e,scena/mp4010_02.dat,Hmm... That's certainly possible.,34
scena/mp4010_02.dat:0xbfbf9,scena/mp4010_02.dat,"experiments, each in a different region.",41
scena/mp4010_02.dat:0xbfc22,scena/mp4010_02.dat,"So far, the Society has carried out three Gospel",49
scena/mp4010_02.dat:0xbfc6b,scena/mp4010_02.dat,have more experiments planned in the other,43
scena/mp4010_02.dat:0xbfc96,scena/mp4010_02.dat,I think it's a fair guess to suspect they might,48
scena/mp4010_02.dat:0xbfcee,scena/mp4010_02.dat,That's...good to know.,23
scena/mp4010_02.dat:0xbfd1a,scena/mp4010_02.dat,"is over, should we move somewhere else?",40
scena/mp4010_02.dat:0xbfd42,scena/mp4010_02.dat,Now that the trouble in the capital,36
scena/mp4010_02.dat:0xbfd82,scena/mp4010_02.dat,or the Bose region...,22
scena/mp4010_02.dat:0xbfd98,scena/mp4010_02.dat,Somewhere else bein' the Rolent region,39
scena/mp4010_02.dat:0xbfddd,scena/mp4010_02.dat,region or the Bose region...,29
scena/mp4010_02.dat:0xbfdfa,scena/mp4010_02.dat,That would mean the Rolent,27
scena/mp4010_02.dat:0xbffca,scena/mp4010_02.dat,"Yes, this is the Bracer Guild's Grancel branch.",48
scena/mp4010_02.dat:0xc003e,scena/mp4010_02.dat,"Oh, my... Is that so?",22
scena/mp4010_02.dat:0xc0063,scena/mp4010_02.dat,...I understand. We'll be on the lookout.,42
scena/mp4010_02.dat:0xc009d,scena/mp4010_02.dat,Yes. Goodbye.,14
scena/mp4010_02.dat:0xc0104,scena/mp4010_02.dat,"Elnan, is everything okay?",27
scena/mp4010_02.dat:0xc012e,scena/mp4010_02.dat,They finish interrogating that stubborn fox?,45
scena/mp4010_02.dat:0xc016a,scena/mp4010_02.dat,"No, it's a different matter.",29
scena/mp4010_02.dat:0xc01a1,scena/mp4010_02.dat,spotted in the Bose region last night.,39
scena/mp4010_02.dat:0xc01c8,scena/mp4010_02.dat,The remnants of the sky pirates were,37
scena/mp4010_02.dat:0xc028c,scena/mp4010_02.dat,pirates... What a busy night.,30
scena/mp4010_02.dat:0xc02aa,scena/mp4010_02.dat,"First the Intelligence Division, then the sky",46
scena/mp4010_02.dat:0xc02e8,scena/mp4010_02.dat,"Anyway, so where did they show up?",35
scena/mp4010_02.dat:0xc0328,scena/mp4010_02.dat,that they previously used as their base.,41
scena/mp4010_02.dat:0xc0351,scena/mp4010_02.dat,The stronghold in Nebel Valley,31
scena/mp4010_02.dat:0xc038e,scena/mp4010_02.dat,to train pilots...,19
scena/mp4010_02.dat:0xc03a1,scena/mp4010_02.dat,"Apparently, it's being used by the army",40
scena/mp4010_02.dat:0xc03d9,scena/mp4010_02.dat,"an airship stored there, and fled with it.",43
scena/mp4010_02.dat:0xc0404,scena/mp4010_02.dat,The sky pirates appear to have stolen,38
scena/mp4010_02.dat:0xc0481,scena/mp4010_02.dat,Mueller went to retrieve...,28
scena/mp4010_02.dat:0xc049d,scena/mp4010_02.dat,Aha! It must have been the one,31
scena/mp4010_02.dat:0xc04db,scena/mp4010_02.dat,W-Wait a second.,17
scena/mp4010_02.dat:0xc0500,scena/mp4010_02.dat,Doesn't the timing seem a little too convenient?,49
scena/mp4010_02.dat:0xc0545,scena/mp4010_02.dat,"Couldn't the Society be behind this, too?",42
scena/mp4010_02.dat:0xc0595,scena/mp4010_02.dat,That also seems plausible.,27
scena/mp4010_02.dat:0xc05c0,scena/mp4010_02.dat,you head to the Bose region next.,34
scena/mp4010_02.dat:0xc05e2,scena/mp4010_02.dat,"Taking that into consideration, I suggest",42
scena/mp4010_02.dat:0xc0668,scena/mp4010_02.dat,Why not?,9
scena/mp4010_02.dat:0xc0685,scena/mp4010_02.dat,"incident will occur in Rolent or Bose, anyway.",47
scena/mp4010_02.dat:0xc06b4,scena/mp4010_02.dat,"Right now, we don't know whether the next",42
scena/mp4010_02.dat:0xc0709,scena/mp4010_02.dat,"Does that mean you'll come with us, Schera?",44
scena/mp4010_02.dat:0xc07ba,scena/mp4010_02.dat,Division remnants seems to be settled.,39
scena/mp4010_02.dat:0xc07e1,scena/mp4010_02.dat,The matter with the Intelligence,33
scena/mp4010_02.dat:0xc0812,scena/mp4010_02.dat,I imagine you could use my assistance.,39
scena/mp4010_02.dat:0xc0839,scena/mp4010_02.dat,"And the pirates could be a handful, so",39
scena/mp4010_02.dat:0xc0891,scena/mp4010_02.dat,Heck yeah!,11
scena/mp4010_02.dat:0xc08c9,scena/mp4010_02.dat,the Silver Streak in action.,29
scena/mp4010_02.dat:0xc08e6,scena/mp4010_02.dat,"Heh, looking forward to seeing",31
scena/mp4010_02.dat:0xc0923,scena/mp4010_02.dat,"together hand in hand, Schera!",31
scena/mp4010_02.dat:0xc0942,scena/mp4010_02.dat,Hahaha. At last! Let us walk forward,37
scena/mp4010_02.dat:0xc099f,scena/mp4010_02.dat,"Scherazard, thank you for your help.",37
scena/mp4010_02.dat:0xc09e7,scena/mp4010_02.dat,Not at all. Thank you for yours.,33
scena/mp4010_02.dat:0xc0a2a,scena/mp4010_02.dat,"It wouldn't hurt, I guess.",27
scena/mp4010_02.dat:0xc0a61,scena/mp4010_02.dat,"mess will occur in Rolent or Bose, anyway.",43
scena/mp4010_02.dat:0xc0a8c,scena/mp4010_02.dat,We still don't know whether the next,37
scena/mp4010_02.dat:0xc0ad7,scena/mp4010_02.dat,"Wait, will you come with us too, Agate?",40
scena/mp4010_02.dat:0xc0b7f,scena/mp4010_02.dat,"Division remnants, didn't we?",30
scena/mp4010_02.dat:0xc0b9d,scena/mp4010_02.dat,"Well, we took care of the Intelligence",39
scena/mp4010_02.dat:0xc0bd4,scena/mp4010_02.dat,deal with. You could use a hand.,33
scena/mp4010_02.dat:0xc0bf5,scena/mp4010_02.dat,The pirates could be a pain to,31
scena/mp4010_02.dat:0xc0c5d,scena/mp4010_02.dat,Yay! Mr. Agate's coming with us...!,36
scena/mp4010_02.dat:0xc0cb1,scena/mp4010_02.dat,I can't wait to see the Heavy Blade in action.,47
scena/mp4010_02.dat:0xc0d10,scena/mp4010_02.dat,"Yeah, that goes for me, too.",29
scena/mp4010_02.dat:0xc0d55,scena/mp4010_02.dat,Sure. Lookin' forward to working together.,43
scena/mp4010_02.dat:0xc0d8f,scena/mp4010_02.dat,"Hey, wait... Are you coming too, Anelace?",42
scena/mp4010_02.dat:0xc0e56,scena/mp4010_02.dat,"I wish! I'm gonna have to sit this one out, though.",52
scena/mp4010_02.dat:0xc0eca,scena/mp4010_02.dat,from their training soon.,26
scena/mp4010_02.dat:0xc0ee4,scena/mp4010_02.dat,Kurt and the others will be returning,38
scena/mp4010_02.dat:0xc0f19,scena/mp4010_02.dat,I'll be joining their team.,28
scena/mp4010_02.dat:0xc0f49,scena/mp4010_02.dat,"Aw, man...",11
scena/mp4010_02.dat:0xc0f6f,scena/mp4010_02.dat,anti-Society measures then?,28
scena/mp4010_02.dat:0xc0f8b,scena/mp4010_02.dat,Will your team be working on,29
scena/mp4010_02.dat:0xc0fb7,scena/mp4010_02.dat,the Society's base of operations.,34
scena/mp4010_02.dat:0xc0fd9,scena/mp4010_02.dat,"Yes, we're going to search for",31
scena/mp4010_02.dat:0xc105a,scena/mp4010_02.dat,Oh yeah?,9
scena/mp4010_02.dat:0xc1086,scena/mp4010_02.dat,somewhere within our borders.,30
scena/mp4010_02.dat:0xc10a4,scena/mp4010_02.dat,likely that the Society is operating from,42
scena/mp4010_02.dat:0xc10ce,scena/mp4010_02.dat,"Based on their movements so far, it's highly",45
scena/mp4010_02.dat:0xc1115,scena/mp4010_02.dat,get to the root of the problem.,32
scena/mp4010_02.dat:0xc1135,scena/mp4010_02.dat,"If we don't strike there, we'll never",38
scena/mp4010_02.dat:0xc116b,scena/mp4010_02.dat,with the Royal Army in the search.,35
scena/mp4010_02.dat:0xc118e,scena/mp4010_02.dat,We'll likely have to cooperate,31
scena/mp4010_02.dat:0xc11c6,scena/mp4010_02.dat,maintenance on that huge archaism...,37
scena/mp4010_02.dat:0xc11eb,scena/mp4010_02.dat,They would definitely need to do,33
scena/mp4010_02.dat:0xc121c,scena/mp4010_02.dat,But they must have a factory somewhere.,40
scena/mp4010_02.dat:0xc1261,scena/mp4010_02.dat,Army will greatly expand their focus on the Society.,53
scena/mp4010_02.dat:0xc1296,scena/mp4010_02.dat,"After this last incident, I've heard the Royal",47
scena/mp4010_02.dat:0xc12d4,scena/mp4010_02.dat,with them from now on.,23
scena/mp4010_02.dat:0xc12eb,scena/mp4010_02.dat,You may need to work closer,28
scena/mp4010_02.dat:0xc1323,scena/mp4010_02.dat,multiple teams fighting the Society.,37
scena/mp4010_02.dat:0xc1348,scena/mp4010_02.dat,Heh. I guess it's only natural to have,39
scena/mp4010_02.dat:0xc1389,scena/mp4010_02.dat,"teams fighting the Society, I suppose.",39
scena/mp4010_02.dat:0xc13b0,scena/mp4010_02.dat,"Well, it's only natural to have multiple",41
scena/mp4010_02.dat:0xc1411,scena/mp4010_02.dat,"would need extra members, too...",33
scena/mp4010_02.dat:0xc1432,scena/mp4010_02.dat,"Yeah, I can see why Kurt's team",32
scena/mp4010_02.dat:0xc147f,scena/mp4010_02.dat,"I guess we'll have to let them have you, Anelace.",50
scena/mp4010_02.dat:0xc14c0,scena/mp4010_02.dat,"Hehe, sorry about that.",24
scena/mp4010_02.dat:0xc1577,scena/mp4010_02.dat,"base, we'll need help from you guys.",37
scena/mp4010_02.dat:0xc159c,scena/mp4010_02.dat,But once we find the Society's,31
scena/mp4010_02.dat:0xc15ca,scena/mp4010_02.dat,Let's fight together again when that happens!,46
scena/mp4010_02.dat:0xc1607,scena/mp4010_02.dat,Yeah... Of course!,19
