offset,table,text_en,speaker
STR_DIALOGS_CAVE_23_D1_BALOF_1,texts_DIALOGS,Thank you!!!_100_ Isn't it amazing how you can't even get a wink of sleep in this monster-riddled cave?,BALOF
STR_DIALOGS_CAVE_23_D1_BALOF_2,texts_DIALOGS,You close your eyes for a second and end up strung up like a leg of ham.,BALOF
STR_DIALOGS_CAVE_23_D2_BALOF_1,texts_DIALOGS,"By the way, I'm <color=CHA>Balof</color>,_100_ merchant and friend of the person who saves me, which leads us to you._100_ I don't know how to thank you for taking me off the menu for those spiders.",BALOF
STR_DIALOGS_CAVE_23_D2_BALOF_2,texts_DIALOGS,Wait..._300_ I know! Just a second...,BALOF
STR_DIALOGS_CAVE_23_INTER_D1_BALOF_1,texts_DIALOGS,Here it is!,BALOF
STR_DIALOGS_CAVE_23_D3_BALOF_1,texts_DIALOGS,Err..._500_ Was that landslide there a minute ago?_500_ Never mind.,BALOF
STR_DIALOGS_CAVE_23_D4_BALOF_1,texts_DIALOGS,"I know it's not exactly a magic ring but, since you've come this far, I think you'll appreciate this.",BALOF
STR_DIALOGS_CAVE_23_D5_BALOF_1,texts_DIALOGS,Why don't you try using one to get us out of here?,BALOF
STR_DIALOGS_CAVE_23_D5_BALOF_2,texts_DIALOGS,"A word of advice,_100_ try not to be around when they explode._100_ I wouldn't want to lose my new best friend so soon.",BALOF
STR_DIALOGS_CAVE_23_D6_BALOF_1,texts_DIALOGS,"Freeeee!_300_ I'm off...
Oh, by the way!_100_ If you fancy exploring when you get out of here,_100_ to the east of these caves you'll find <color=LOC>Hafin City</color>.",BALOF
STR_DIALOGS_CAVE_23_D6_BALOF_2,texts_DIALOGS,"Come and see me!_100_ I'll introduce you to my family and give you something to help you on your incredible adventures._100_ Because you have embarked on an incredible adventure,_100_ right?",BALOF
STR_DIALOGS_CAVE_23_D6_BALOF_3,texts_DIALOGS,"Anyway, I'm outta here.",BALOF
STR_DIALOGS_GAMEINTRO_D1_SOLDIER_1,texts_DIALOGS,Now what?,SOLDIER
STR_DIALOGS_GAMEINTRO_D1_BRIGARD_1,texts_DIALOGS,Silence!,BRIGARD
STR_DIALOGS_GAMEINTRO_D1_VALKIRIE_1,texts_DIALOGS,"Oh, brave warriors who have fallen in the heat of battle!",VALKIRIE
STR_DIALOGS_GAMEINTRO_D2_BRIGARD_1,texts_DIALOGS,Who are you?_500_ Is this your doing?,BRIGARD
STR_DIALOGS_GAMEINTRO_D2_VALKIRIE_1,texts_DIALOGS,"I am a <color=CHA>Valkyrie</color>._500_ We are the key of the fallen, we serve to perpetuate their existence beyond this world._500_
You must accompany me.",VALKIRIE
STR_DIALOGS_GAMEINTRO_D2_VALKIRIE_2,texts_DIALOGS,You must accompany me.,VALKIRIE
STR_DIALOGS_GAMEINTRO_D3_SOLDIER_1,texts_DIALOGS,Valkyries really do exist!,SOLDIER
STR_DIALOGS_GAMEINTRO_D4_SOLDIER_1,texts_DIALOGS,I thought they were just a legend...,SOLDIER
STR_DIALOGS_GAMEINTRO_D5_BRIGARD_1,texts_DIALOGS,"There must be a mistake, Valkyrie._500_
We are still alive and will rejoin the rest of our army when we get out of here.",BRIGARD
STR_DIALOGS_GAMEINTRO_D5_VALKIRIE_1,texts_DIALOGS,"Get out of here?_500_ Listen to me carefully, mortals._300_ We are gifted with the knowledge of life and death._500_ I can see in the palm of my hand how the lifeline that ties you to this world ended when you became trapped.",VALKIRIE
STR_DIALOGS_GAMEINTRO_D5_VALKIRIE_2,texts_DIALOGS,"It is not only rocks and earth that separate you from the outside._500_ There is something else,_500_ more powerful than any attempt you can make to escape.",VALKIRIE
STR_DIALOGS_GAMEINTRO_D5_BRIGARD_2,texts_DIALOGS,"Maybe you're unaware, but we have a grand sorcerer among our ranks who could...",BRIGARD
STR_DIALOGS_GAMEINTRO_D5_VALKIRIE_3,texts_DIALOGS,"I see you still do not understand your situation._500_
There is no one here with the power you suggest.",VALKIRIE
STR_DIALOGS_GAMEINTRO_D5_VALKIRIE_4,texts_DIALOGS,"My mere presence excludes all possibility of doubt._700_
You must accompany me._700_
Your destiny lies here no longer.",VALKIRIE
STR_DIALOGS_GAMEINTRO_D6_SOLDIER_1,texts_DIALOGS,Is she really a Valkyrie?,SOLDIER
STR_DIALOGS_GAMEINTRO_D7_SOLDIER_1,texts_DIALOGS,It could be a witch!,SOLDIER
STR_DIALOGS_GAMEINTRO_D8_BRIGARD_1,texts_DIALOGS,What will happen if we don't go with you?,BRIGARD
STR_DIALOGS_GAMEINTRO_D8_VALKIRIE_1,texts_DIALOGS,"In that case, I will leave,_300_ you will never see me again and those who decide to stay will fade into dust with the passage of time.",VALKIRIE
STR_DIALOGS_GAMEINTRO_D8_BRIGARD_2,texts_DIALOGS,...,BRIGARD
STR_DIALOGS_GAMEINTRO_D8_BRIGARD_3,texts_DIALOGS,...,BRIGARD
STR_DIALOGS_GAMEINTRO_D8_BRIGARD_4,texts_DIALOGS,"Alright.
Listen to me, everyone! No one expected it to end like this, but we have run out of options.
I'm going in!",BRIGARD
STR_DIALOGS_GAMEINTRO_D8_BRIGARD_5,texts_DIALOGS,"Riva..._700_ I will not be able to keep my promise._700_
May the Gods help <color=LOC>Zarga</color>...",BRIGARD
STR_DIALOGS_GAMEINTRO_D9_SOLDIER_1,texts_DIALOGS,"If our general has entered, I will follow him!",SOLDIER
STR_DIALOGS_GAMEINTRO_D10_SOLDIER_1,texts_DIALOGS,Yes! He has never failed us!,SOLDIER
STR_DIALOGS_GAMEINTRO_D11_SOLDIER_1,texts_DIALOGS,"General Brigard, wait! We stand with you!",SOLDIER
STR_DIALOGS_PLAINS_D1_LIANDRIS_1,texts_DIALOGS,"Welcome, brave warrior._300_ I am <color=CHA>Liandris</color>,_500_ <color=CHA>Matriarch of the Valkyries.</color>",LIANDRIS
STR_DIALOGS_PLAINS_D1_LIANDRIS_2,texts_DIALOGS,"Forget everything you thought you knew._300_ Your battles,_100_ your friends..._500_ You are now in a very different place from whence you came._300_
This world is ruled by a <color=CHA>worldly God, a Guardian</color> who awaits your arrival and that of your allies.",LIANDRIS
STR_DIALOGS_PLAINS_D1_LIANDRIS_5,texts_DIALOGS,"Your mission will be to find him,_100_ but it will not be easy.
If you succeed, you will pass into the next plane_100_ where you will be named a champion in the great battle of the Gods,_300_ <color=IMP>Ragnarok</color>,_100_ and be granted unimaginable powers.",LIANDRIS
STR_DIALOGS_PLAINS_D1_LIANDRIS_6,texts_DIALOGS,"Tell me, soldier,_300_ are you ready to embrace glory beyond your life and this world?
Find the <color=CHA>Guardian</color> and, with him, your place.",LIANDRIS
STR_DIALOGS_CAVE_4_D1_SOLDIER_1,texts_DIALOGS,Hahaah! They've just saved us from being buried alive in one cave and we've ended up in another.,SOLDIER
STR_DIALOGS_CAVE_4_D2_SOLDIER_1,texts_DIALOGS,I think I'll rest for a while.,SOLDIER
STR_DIALOGS_CAVE_4_D3_SOLDIER_1,texts_DIALOGS,Am I the only one who thinks this is crazy? A few hours ago we were preparing for battle in... our... world?,SOLDIER
STR_DIALOGS_VILLAGE_1_D1_EDIL_1,texts_DIALOGS,???,EDIL
STR_DIALOGS_VILLAGE_1_D1_MERCHANT_PIG_2,texts_DIALOGS,???,
STR_DIALOGS_CAVE_21_D1_DARKWARRIOR_1,texts_DIALOGS,"When I kill, it's all over..._500_ just energy flowing directly into me._300_ But you, little men, you are amusing.",DARKWARRIOR
STR_DIALOGS_CAVE_21_D2_DARKWARRIOR_1,texts_DIALOGS,"You leave behind a shell of what you were and fall to the ground._500_
It brings back memories...",DARKWARRIOR
STR_DIALOGS_CAVE_21_D2_DARKWARRIOR_2,texts_DIALOGS,And I like it.,DARKWARRIOR
STR_DIALOGS_CAVE_21_D3_DARKWARRIOR_1,texts_DIALOGS,Isn't it incredible..._300_ what we can do in this place...?,DARKWARRIOR
STR_DIALOGS_CAVE_00_D1_TREMBLINGSOLDIER_1,texts_DIALOGS,You may wonder what I'm doing just standing here...,TREMBLINGSOLDIER
STR_DIALOGS_CAVE_00_D1_TREMBLINGSOLDIER_2,texts_DIALOGS,It's not because I saw several horrid spiders drag our comrades into the darkness of this cave.,TREMBLINGSOLDIER
STR_DIALOGS_CAVE_00_D1_TREMBLINGSOLDIER_3,texts_DIALOGS,"I'm simply recovering my strength to go and save them. If you find them, please tell them that I'm looking for them too.",TREMBLINGSOLDIER
STR_DIALOGS_CAVE_21_D1_SINKA_1,texts_DIALOGS,Over here!,SINKA
STR_DIALOGS_CAVE_21_D2_SINKA_1,texts_DIALOGS,It was a good fight.,SINKA
STR_DIALOGS_CAVE_21_D2_SINKA_2,texts_DIALOGS,You did what those poor guys couldn't.,SINKA
STR_DIALOGS_CAVE_21_D3_SINKA_1,texts_DIALOGS,What a gruesome sight...,SINKA
STR_DIALOGS_CAVE_21_D4_SINKA_1,texts_DIALOGS,"But, to be honest, I didn't come after you just so I could praise you.",SINKA
STR_DIALOGS_CAVE_21_D4_SINKA_2,texts_DIALOGS,I noticed that you're looking for some gems that seem to fit in the entrance door.,SINKA
STR_DIALOGS_CAVE_21_D4_SINKA_3,texts_DIALOGS,Here.,SINKA
STR_DIALOGS_CAVE_21_D5_SINKA_1,texts_DIALOGS,"I found it before you showed up._300_ My game is stealing treasure, not protecting it. I think it'd be better off in your hands.",SINKA
STR_DIALOGS_CAVE_21_D5_SINKA_2,texts_DIALOGS,We should find the rest to see if that great door can lead us out of here.,SINKA
STR_DIALOGS_CAVE_21_D5_SINKA_3,texts_DIALOGS,I'm off._300_ Be careful.,SINKA
STR_DIALOGS_CAVE_7_D1_GRUPERMAKEREL_1,texts_DIALOGS,Aaah!!!,GRUPERMAKEREL
STR_DIALOGS_CAVE_7_D2_GRUPER_1,texts_DIALOGS,You scared us!,GRUPER
STR_DIALOGS_CAVE_7_D2_MAKEREL_2,texts_DIALOGS,You shouldn't scare us at a time like this!,MAKEREL
STR_DIALOGS_CAVE_7_D3_GRUPER_1,texts_DIALOGS,The rest of us?_500_ You'll see...,GRUPER
STR_DIALOGS_CAVE_7_D3_MAKEREL_2,texts_DIALOGS,"Everything was going fine until a group of nasty spiders came hurtling towards us out of nowhere, dragging the others into the darkness of the cave.",MAKEREL
STR_DIALOGS_CAVE_7_D3_MAKEREL_3,texts_DIALOGS,"I was going to help, but realised that my shoelaces were untied._300_ I dunno what this lazybones was doing, though.",MAKEREL
STR_DIALOGS_CAVE_7_D4_GRUPER_1,texts_DIALOGS,I told you!_300_ I was watching over the provisions!_300_ You saw how hungry those bugs looked.,GRUPER
STR_DIALOGS_CAVE_7_D5_MAKEREL_1,texts_DIALOGS,"Hungry for us, genius!",MAKEREL
STR_DIALOGS_CAVE_7_D6_GRUPER_1,texts_DIALOGS,"Oh, really?_300_ And since when have our boots had laces?",GRUPER
STR_DIALOGS_CAVE_7_D7_MAKEREL_1,texts_DIALOGS,Never mind the details._300_ The important thing now is to come up with a rescue plan.,MAKEREL
STR_DIALOGS_CAVE_7_D8_GRUPER_1,texts_DIALOGS,"Wait, do you think he...?",GRUPER
STR_DIALOGS_CAVE_7_D9_MAKEREL_1,texts_DIALOGS,"Yes! Will you help us?_100_ Perfect! We're going to check out the main room, just in case.",MAKEREL
STR_DIALOGS_CAVE_7_D9_GRUPER_2,texts_DIALOGS,"Th-_100_ Thank you._300_ Please, find them.",GRUPER
STR_DIALOGS_CAVE_D1_TRAPPEDSOLDIER_1,texts_DIALOGS,I thought I was going to die in there._300_ I don't know how to thank you._300_ I'm getting out of here as soon as I can catch my breath.,TRAPPEDSOLDIER
STR_DIALOGS_CAVE_D1_TRAPPEDSOLDIER_2,texts_DIALOGS,"I was just about to break these webs, but thank you anyway._300_ I hope the others can be saved too.",TRAPPEDSOLDIER
STR_DIALOGS_CAVE_D1_TRAPPEDSOLDIER_3,texts_DIALOGS,"Thank you._300_ We expected to find spiders in this cave,_100_ but not this size!_300_ <color=CHA>Makerel</color> and <color=CHA>Gruper</color> must be desperate if they were caught too.",TRAPPEDSOLDIER
STR_DIALOGS_CAVE_D1_TRAPPEDSOLDIER_4,texts_DIALOGS,You?_300_ Thank the Gods!_100_ I thought that spider was coming back for me.,TRAPPEDSOLDIER
STR_DIALOGS_CAVE_D1_TRAPPEDSOLDIER_5,texts_DIALOGS,Thank you for saving me._300_ We weren't prepared for this. I don't even know how you managed to survive this far._100_ We better get out of this cave as soon as possible.,TRAPPEDSOLDIER
STR_DIALOGS_CAVE_4_D1_SINKA_1,texts_DIALOGS,Tsk..._300_ He caught me off guard._300_ I don't understand what happened to him. He seemed out of it.,SINKA
STR_DIALOGS_CAVE_4_D1_MAKEREL_2,texts_DIALOGS,"He just started attacking us out of nowhere!_500_
He went crazy!",MAKEREL
STR_DIALOGS_CAVE_4_D1_GRUPER_3,texts_DIALOGS,That was close._300_ Thank goodness you were there.,GRUPER
STR_DIALOGS_CAVE_4_D1_SINKA_4,texts_DIALOGS,"I'm fine, it's just a scratch._100_ Don't waste time here._100_ You managed to open the door, right?_100_ Well, get a move on then!",SINKA
STR_DIALOGS_CAVE_4_D1_SINKA_5,texts_DIALOGS,"Listen... I hope you're not brooding on what you did._300_ If you hadn't stopped it, it would have killed those two.",SINKA
STR_DIALOGS_CAVE_4_D1_SINKA_6,texts_DIALOGS,We'll catch up with you later...,SINKA
STR_DIALOGS_WC_SINKA_INTRO_1_1,texts_DIALOGS,"From your expression, I'd hazard a guess that you've already found all the gems, but I would wipe that smile off my face if I were you.",
STR_DIALOGS_WC_SINKA_INTRO_1_2,texts_DIALOGS,"Look closely. Doesn't that door make your hairs stand on end?_300_ You seem so carefree about this, it makes me nervous.",
STR_DIALOGS_WC_SINKA_INTRO_2_1,texts_DIALOGS,Stop being a pain around here. I can take care of this. Go!,
STR_DIALOGS_FOREST_1_D1_BRIGARD_1,texts_DIALOGS,"Get back, soldier!_500_ It's too dangerous. I will not let anyone else die today.",BRIGARD
STR_DIALOGS_FOREST_1_D1_BRIGARD_2,texts_DIALOGS,"I'll handle it. Go, please!",BRIGARD
STR_DIALOGS_FOREST_1_D1_BRIGARD_3,texts_DIALOGS,"You won't change your mind then?_500_ Well..._100_ As you wish, it would be an honour to die fighting alongside you.",BRIGARD
STR_DIALOGS_FOREST_1_D2_BRIGARD_0,texts_DIALOGS,"We didn't expect a clearing like this to be so treacherous._100_ That beast came bursting out, blocking our way and I couldn't do anything for them._500_
They're..._300_ soldiers...
They're not trained to fight these monsters.",BRIGARD
STR_DIALOGS_FOREST_1_D2_BRIGARD_1,texts_DIALOGS,"Soldier,_300_ I don't know these lands,_300_ but I'm certain that you've just made history in them.",BRIGARD
STR_DIALOGS_FOREST_1_D2_BRIGARD_2,texts_DIALOGS,"I often think my job is to give you hope but, in reality, you are the ones who give it to me._500_ Thank you for the reminder.",BRIGARD
STR_DIALOGS_FOREST_1_D2_BRIGARD_3,texts_DIALOGS,"I don't know about you, but I'll never accept this fate. I swear that we will reach the very limits of this world if that's what it takes to get out of this place._500_ I see it clearly now.",BRIGARD
STR_DIALOGS_FOREST_1_D2_BRIGARD_4,texts_DIALOGS,It seems we are nearing the citadel._100_ We should rest there. Then I will make sure they are given a proper burial.,BRIGARD
STR_DIALOGS_FOREST_1_D2_BRIGARD_5,texts_DIALOGS,"I will see you later._500_ I don't want to leave their bodies out in the open for too long, at the mercy of these forest beasts.",BRIGARD
STR_DIALOGS_PLAINS2_11_D1_SKRIBLES_1,texts_DIALOGS,I can't quite make out this path..._300_ This other one leads to...,SKRIBLES
STR_DIALOGS_PLAINS2_11_D1_SKRIBLES_2,texts_DIALOGS,"Yes?_100_ How can I hel...? Aha,_100_ I knew you would return, yes._100_ You lot always return after putting me aside, although I could have sworn you went in the other direction.",SKRIBLES
STR_DIALOGS_PLAINS2_11_D1_SKRIBLES_3,texts_DIALOGS,"Anyway, the important thing is that you have reconsidered and returned for my <color=OBJ>maps</color>._100_ This old dog can still be useful, yes.",SKRIBLES
STR_DIALOGS_PLAINS2_11_D1_SKRIBLES_4,texts_DIALOGS,"As I've already told you, I'd love to hand them out for free, but if I want to keep helping stray travellers like you, I can't afford it.",SKRIBLES
STR_DIALOGS_PLAINS2_11_D2_SKRIBLES_1,texts_DIALOGS,"I've signed it especially for you, see?_300_ Here it is:_100_ ""Skribles"".",SKRIBLES
STR_DIALOGS_PLAINS2_11_D2_SKRIBLES_2,texts_DIALOGS,"This should keep you from getting lost,_100_ but you should know that my memory isn't what it once was,_100_ so you might come across routes of your own, yes?_300_ Onwards, tin man.",SKRIBLES
STR_DIALOGS_PLAINS2_11_D2_SKRIBLES_1_NEGATIVE,texts_DIALOGS,"I thought you were going to take it this time. _300_ Don't worry, yes?_300_ I'll wait for someone who appreciates my work.",
STR_DIALOGS_PLAINS2_11_D3_SKRIBLES_1,texts_DIALOGS,"Aha..._300_ Back again?_100_ It doesn't bother me that you interrupt my work, no._300_ It's just that you should be more decisive in life, yes?_300_ I suppose you're here for the map.",SKRIBLES
STR_DIALOGS_PLAINS2_11_D4_SKRIBLES_1,texts_DIALOGS,"It's not easy making these maps._100_ Every time I travel the plains, I find new paths. Keep that in mind, yes?",SKRIBLES
STR_DIALOGS_PLAINS2_11_D5_SKRIBLES_1,texts_DIALOGS,Here's a hill..._100_ and this is..._300_ a tree?,SKRIBLES
STR_DIALOGS_PLAINS2_11_D6_SKRIBLES_1,texts_DIALOGS,"If I don't mark this river on the map, will people fall in?_300_ I would definitely fall in...",SKRIBLES
STR_DIALOGS1_5_D1_ADAMONT_1,texts_DIALOGS,"Alright there, lad? Aren't you a bit far from the citadel?_100_ We're in charge of covering this area._100_ We've been tasked with exploring the western lands._100_ From the looks of it, we could be close to the person we're looking for.",ADAMONT
STR_DIALOGS1_5_D1_ADAMONT_2,texts_DIALOGS,"You know, that wizard..._300_ king..._300_ or whatever he is.",ADAMONT
STR_DIALOGS1_5_D1_ADAMONT_3,texts_DIALOGS,You say Brigard sent you?,ADAMONT
STR_DIALOGS1_5_D1_ADAMONT_4,texts_DIALOGS,...,ADAMONT
STR_DIALOGS1_5_D1_ADAMONT_5,texts_DIALOGS,"AAH! WE'VE BEEN LOITERING HERE FAR TOO LONG!_500_
ATTENTION, SOLIDERS! BRIGARD IS COUNTING ON US!",ADAMONT
STR_DIALOGS1_5_D1_ADAMONT_6,texts_DIALOGS,Last one there goes without dinner tonight!,ADAMONT
STR_DIALOGS1_5_D0_IRONCLAD_1,texts_DIALOGS,"But, Captain Adamont..._100_ The sand there is far too soft and our armour's very heavy.",IRONCLAD
STR_DIALOGS1_5_D0_IRONCLAD_2,texts_DIALOGS,"Sorry, Captain, I spoke without thinking.",IRONCLAD
STR_DIALOGS1_5_D0_ADAMONT_2,texts_DIALOGS,You lot are starting to look softer than that sand.,ADAMONT
STR_DIALOGS1_5_D0_ADAMONT_3,texts_DIALOGS,That's exactly why I asked them to send us here._100_ These are the sort of challenges that make us stronger!,ADAMONT
STR_DIALOGS_PYRAMID_D1_ANUBIS_1,texts_DIALOGS,How unusual..._500_ The desert wind is bringing a lot of dust my way today.,ANUBIS
STR_DIALOGS_PYRAMID_D1_ANUBIS_2,texts_DIALOGS,"Welcome, slaves._300_ Times are changing. I don't even have to bother coming down there and facing you.",ANUBIS
STR_DIALOGS_PYRAMID_D1_ANUBIS_3,texts_DIALOGS,Go to your “chambers” until I decide what to do with you.,ANUBIS
STR_DIALOGS_PYRAMID_D1_ANUBIS_4,texts_DIALOGS,Now.,ANUBIS
STR_DIALOGS_PYRAMID_D2_ADAMONT_1,texts_DIALOGS,Lad?,ADAMONT
STR_DIALOGS_PYRAMID_D2_ADAMONT_2,texts_DIALOGS,You've been asleep for a good while now._300_ I was starting to think you were dead.,ADAMONT
STR_DIALOGS_PYRAMID_D2_ADAMONT_3,texts_DIALOGS,"I'm ashamed to admit it but, that scoundrel..._300_ I didn't even have a chance to stop him.",ADAMONT
STR_DIALOGS_PYRAMID_D3_ADAMONT_1,texts_DIALOGS,ARGHH!_300_ WHEN I GET OUT OF HERE I'M GONNA LINE MY SHIELD WITH HIS SKIN!,ADAMONT
STR_DIALOGS_PYRAMID_D3_ADAMONT_2,texts_DIALOGS,MY MEN BETTER BE IN ONE PIECE!,ADAMONT
STR_DIALOGS_PYRAMID_D4_ADAMONT_1,texts_DIALOGS,Breathe...,ADAMONT
STR_DIALOGS_PYRAMID_D4_ADAMONT_2,texts_DIALOGS,I have to find a way to get outta here and find them...,ADAMONT
STR_DIALOGS_PYRAMID_D5_ADAMONT_1,texts_DIALOGS,WELL DONE!,ADAMONT
STR_DIALOGS_PYRAMID_D5_ADAMONT_2,texts_DIALOGS,"You're quite the trustworthy soldier, aren't you?",ADAMONT
STR_DIALOGS_PYRAMID_D5_ADAMONT_3,texts_DIALOGS,"Listen, everything points towards the guy who's trapped us here being nothing more than an idiot, but perhaps he's testing us._300_ We need to get him to face us in the flesh and find out. Besides, someone like him must have information.",ADAMONT
STR_DIALOGS_PYRAMID_D5_ADAMONT_4,texts_DIALOGS,But I can't leave my men behind. I think splitting up would be the sort of thing General Brigard would suggest in a situation like this.,ADAMONT
STR_DIALOGS_PYRAMID_D5_ADAMONT_5,texts_DIALOGS,"If you find them, let me know._100_ Be very careful, looks like that poodle is watching our every move.",ADAMONT
STR_DIALOGS_PYRAMID_D6_ADAMONT_1,texts_DIALOGS,A trap?,ADAMONT
STR_DIALOGS_PYRAMID_D6_ADAMONT_2,texts_DIALOGS,"The walls! There has to be a way to stop them, or we'll end up as compacted junk!",ADAMONT
STR_DIALOGS_PYRAMID_D7_ADAMONT_1,texts_DIALOGS,"Quick, climb up!_100_ Save yourself!",ADAMONT
STR_DIALOGS_PYRAMID_D8_ADAMONT_1,texts_DIALOGS,STR_DIALOGS_PYRAMID_D8_ADAMONT_1,ADAMONT
STR_DIALOGS_PYRAMID_D9_ADAMONT_1,texts_DIALOGS,No..._500_ Forget it. Make this count for something._500_ But do me a favour..._100_ Save my men and tell General Brigard that I'm sorry...,ADAMONT
STR_DIALOGS_PYRAMID_D10_ADAMONT_1,texts_DIALOGS,"I'm offended that you're so surprised, lad.",ADAMONT
STR_DIALOGS_PYRAMID_D10_ADAMONT_2,texts_DIALOGS,Did you think a simple stone block would prove stronger than me?,ADAMONT
STR_DIALOGS_PYRAMID_D11_ADAMONT_1,texts_DIALOGS,We'll talk later. Now...,ADAMONT
STR_DIALOGS_PYRAMID_D11_ADAMONT_2,texts_DIALOGS,FOCUS ON RIPPING THAT BUG APART!,ADAMONT
STR_DIALOGS_PYRAMID_D12_ADAMONT_1,texts_DIALOGS,"I'm impressed, you're more resourceful than you look._100_ I'd have gone for the 'try to hack off its head until my axe broke' approach.",ADAMONT
STR_DIALOGS_PYRAMID_D12_ADAMONT_2,texts_DIALOGS,"The dangers this place holds are no match for us, eh?",ADAMONT
STR_DIALOGS_PYRAMID_D12_ADAMONT_3,texts_DIALOGS,"I couldn't be sure but, when the wall was pressing up against me, I noticed how the floor started to crack._100_ I was able to stomp my way through and fall to the floor below.",ADAMONT
STR_DIALOGS_PYRAMID_D12_ADAMONT_4,texts_DIALOGS,We should carry on with our search. We'll find that Guardian sooner or later.,ADAMONT
STR_DIALOGS_PYRAMID_D13_ANUBIS_1,texts_DIALOGS,"Hah hah hah..._500_ So, that's what's brought you here?",ANUBIS
STR_DIALOGS_PYRAMID_D13_ADAMONT_2,texts_DIALOGS,What's so funny?,ADAMONT
STR_DIALOGS_PYRAMID_D13_ANUBIS_3,texts_DIALOGS,"The tales of this world reach as far and wide as the sun's rays._100_ Of course, choosing to believe in them is another matter entirely.",ANUBIS
STR_DIALOGS_PYRAMID_D13_ADAMONT_4,texts_DIALOGS,"It'd be easier for us to stay here and enjoy your hospitality, right?_100_ When we find you, we'll be sure to thank you in person.",ADAMONT
STR_DIALOGS_PYRAMID_D13_ANUBIS_5,texts_DIALOGS,I am going to great efforts to avoid coming down there and finishing you off with a click of my fingers.,ANUBIS
STR_DIALOGS_PYRAMID_D13_ANUBIS_6,texts_DIALOGS,"You have trespassed into my domain, escaped my prison and killed my pet.",ANUBIS
STR_DIALOGS_PYRAMID_D13_ANUBIS_7,texts_DIALOGS,"You are both beyond forgiveness. The question is... _300_ Now that's you've chosen this path, how will you die here?",ANUBIS
STR_DIALOGS_PYRAMID_D14_ADAMONT_1,texts_DIALOGS,"Don't let his drivel get to you. He just wants to make us doubt ourselves._300_ If he had that sort of power, he would have already used it.",ADAMONT
STR_DIALOGS_PYRAMID_D14_ADAMONT_2,texts_DIALOGS,"YOU HEAR ME, YA BIG POODLE?! IT'S NOT GONNA WORK!",ADAMONT
STR_DIALOGS_PYRAMID_D14_ADAMONT_3,texts_DIALOGS,I don't know where he's hiding but it doesn't look like he can get to us.,ADAMONT
STR_DIALOGS_PYRAMID_D14_ADAMONT_4,texts_DIALOGS,Beware of his tricks.,ADAMONT
STR_DIALOGS_PYRAMID_D14_ADAMONT_4_CONTINUA,texts_DIALOGS,"So, back to the original plan, then?_100_ Divide and conquer._100_ I'll save my men, whatever the cost._300_ We'll get out of here together, you'll see.",
STR_DIALOGS_PYRAMID_D15_ANUBIS_1,texts_DIALOGS,Wretched fools!_500_ Do you have any idea what it'll cost me to get hold of a collection of pets like that again?,ANUBIS
STR_DIALOGS_PYRAMID_D15_ANUBIS_2,texts_DIALOGS,"You won't find what you seek here. Go, turn back now, but do not mistake this act for weakness._300_ A ruler must show fairness and my power is exceeded only by my magnanimity.",ANUBIS
STR_DIALOGS_PYRAMID_D15_ANUBIS_3,texts_DIALOGS,"Leave here at once. If you ever return, I guarantee you won't receive the same compassion.",ANUBIS
STR_DIALOGS_PYRAMID_D15_ANUBIS_4,texts_DIALOGS,NOW!,ANUBIS
STR_DIALOGS_PYRAMID_D16_ADAMONT_1,texts_DIALOGS,"You're back!_500_ You're just full of surprises, aren't you, lad?",ADAMONT
STR_DIALOGS_PYRAMID_D16_ADAMONT_2,texts_DIALOGS,"So, that's it? _300_ He just kicks us out?_500_ He was nothing more than a big phoney?",ADAMONT
STR_DIALOGS_PYRAMID_D16_ADAMONT_3,texts_DIALOGS,ARGGGHHH!,ADAMONT
STR_DIALOGS_PYRAMID_D16_ADAMONT_4,texts_DIALOGS,Breathe...,ADAMONT
STR_DIALOGS_PYRAMID_D16_ADAMONT_5,texts_DIALOGS,"I'd have preferred to make him pay._100_ We'll just have to make do with freedom. Let's get out of here, we have a report to deliver.",ADAMONT
STR_DIALOGS_PYRAMID_D16_ADAMONT_6,texts_DIALOGS,I think I'll add that they should put you in my regiment. What do you say? Bahahah!,ADAMONT
STR_DIALOGS_PYRAMID_D17_ESFINGE_1,texts_DIALOGS,"Congratulations on making it this far. If you wish to live, you will have to correctly answer this question: _300_ What will you lose before leaving this room?",ESFINGE
STR_DIALOGS_PYRAMID_A1_ESFINGE_1,texts_DIALOGS,Your head,
STR_DIALOGS_PYRAMID_A1_ESFINGE_2,texts_DIALOGS,Your arms,
STR_DIALOGS_PYRAMID_A1_ESFINGE_3,texts_DIALOGS,Your legs,
STR_DIALOGS_PYRAMID_D18_ESFINGE_1,texts_DIALOGS,Incorrect._500_ You will lose everything.,ESFINGE
STR_DIALOGS_PYRAMID_TRAPPEDIRONCLAD_1_1,texts_DIALOGS,"You're that soldier from that cave, right? Thank the Gods you arrived! Thank you, I'm heading back to the others.",
STR_DIALOGS_PYRAMID_TRAPPEDIRONCLAD_2_1,texts_DIALOGS,"Thank you so much, you show great bravery going it alone in here. I'm off, I need to find the Captain.",
STR_DIALOGS_PYRAMID_TRAPPEDIRONCLAD_3_1,texts_DIALOGS,I hate the desert... I knew we shouldn't have come here. We're lucky you found us.,
STR_DIALOGS_PYRAMID_TRAPPEDIRONCLAD_4_1,texts_DIALOGS,I couldn't bear being trapped inside any longer. I'll follow the instructions and head to the meeting point.,
STR_DIALOGS_PYRAMID_TRAPPEDIRONCLAD_5_1,texts_DIALOGS,"Thank you, friend! The Captain's looking for us as well, right? I'd better catch up with the others.",
STR_DIALOGS_PYRAMID_D19_DARK_AXER_1,texts_DIALOGS,Tsk..._500_ I had hoped for a little more resistance. You should thank me for ridding you of such a boring opponent.,
STR_DIALOGS_PYRAMID_D19_DARK_AXER_2,texts_DIALOGS,"You, however..._300_ you look much more entertaining. It's been a while since I last sliced someone up piece by piece, don't disappoint me.",
STR_DIALOGS_PYRAMID_D20_DARK_AXER_1,texts_DIALOGS,"You adapt..._300_ You have that instinct, just as we do...",
STR_DIALOGS_PYRAMID_D21_ADAMONT_1,texts_DIALOGS,"It's you!!!_300_ Be careful, soldier. You narrowly avoided an axe to the head. We can't let our guard down in this situation.",ADAMONT
STR_DIALOGS_PYRAMID_D21_ADAMONT_2,texts_DIALOGS,What do you think that is?_100_ It looks like..._300_ a pair of <color=OBJ>boots</color>?_100_ Why would they leave them in a place like this?,ADAMONT
STR_DIALOGS_PYRAMID_D21_ADAMONT_3,texts_DIALOGS,"I was brought up not to take what wasn't mine, but perhaps we should..._300_ What do you think?",ADAMONT
STR_DIALOGS_PYRAMID_D1_ANUBIS_5,texts_DIALOGS,Say goodbye to the outside world. You belong to me now.,ANUBIS
STR_DIALOGS_JIVAN_AC_INTRO_1_1,texts_DIALOGS,You can always find a home in Hafin.,
STR_DIALOGS_JIVAN_AC_OUTRO_1_1,texts_DIALOGS,"May adventure be with you in Terragaya, if that is what you seek!",
STR_DIALOGS_JIVAN_AC_TOPIC_EDIL_TITLE,texts_DIALOGS,Edil,
STR_DIALOGS_JIVAN_AC_TOPIC_EDIL_1_1,texts_DIALOGS,"Edil arrived here some years ago, just as you have. She looked so upset, so I took care of her; I welcomed her as if she were my own daughter.",
STR_DIALOGS_JIVAN_AC_TOPIC_EDIL_1_2,texts_DIALOGS,"I'm trying to instruct her in the ways of magic, but she is too stubborn. I often catch her fantasising about her chivalrous adventures.",
STR_DIALOGS_JIVAN_AC_TOPIC_MISSION_TITLE,texts_DIALOGS,The mission,
STR_DIALOGS_JIVAN_AC_TOPIC_MISSION_1_1,texts_DIALOGS,"These Valkyries came up with the same contrived story for everyone but, you know what? We didn't die to be part of any war of the Gods. Your General Brigard seems like a sensible man. I believe he hopes to find the “Guardian” with another goal in mind. Do you really think it'll be able to take you back? To be quite honest with you, I very much doubt this Guardian even exists.",
STR_DIALOGS_JIVAN_AC_TOPIC_HAFIN_TITLE,texts_DIALOGS,Hafin,
STR_DIALOGS_JIVAN_AC_TOPIC_HAFIN_1_1,texts_DIALOGS,"This city welcomes anyone in search of peaceful coexistence for the rest of time, although not everyone is able to adapt to a city like this. Many beings prefer to lead another lifestyle in other parts of Terragaya, either because of the weather or because they are unable to coexist peacefully.",
STR_DIALOGS_JIVAN_AC_TOPIC_VALKIRIES_TITLE,texts_DIALOGS,Valkyries,
STR_DIALOGS_JIVAN_AC_TOPIC_VALKIRIES_1_1,texts_DIALOGS,"You must not fear them. Their only task is to bring us into this world when our time is up, although... for some reason, your time ended somewhat abruptly.",
STR_DIALOGS_EDIL_AC_INTRO_1_1,texts_DIALOGS,"I'm sorry you ended up here; it doesn't seem like it's your time yet. I mean, if you looked 400 years old like Jivan, I'd understand, but...",
STR_DIALOGS_EDIL_AC_INTRO_1_2,texts_DIALOGS,"Edil, I'm right here.",
STR_DIALOGS_EDIL_AC_INTRO_1_3,texts_DIALOGS,"(And even if you weren't, you could hear me even inside the house).",
STR_DIALOGS_EDIL_AC_INTRO_1_4,texts_DIALOGS,...,
STR_DIALOGS_EDIL_AC_INTRO_1_5,texts_DIALOGS,"As I was saying, I know it can be a bit sad at first, but you get used to it in the end. Jivan became my family and, even though he's a grouchy old hermit, I've never felt alone ever since he took me in.",
STR_DIALOGS_EDIL_AC_INTRO_1_6,texts_DIALOGS,"You could say that I owe him my life, or my second life, that is...",
STR_DIALOGS_EDIL_AC_INTRO_1_7,texts_DIALOGS,"I can't lie to you. I love it when adventurers like you come to Hafin. Do you know how many times I've imagined myself traveling around Terragaya in armour like that, facing danger?!",
STR_DIALOGS_EDIL_AC_INTRO_1_8,texts_DIALOGS,Jivan is too protective of me. He doesn't let me set foot outside the city. It'll be hard for me to convince him that I can defend myself.,
STR_DIALOGS_EDIL_AC_INTRO_1_9,texts_DIALOGS,But I won't bore you with my problems. Stop by every once in a while. I look forward to hearing all about your adventures!,
STR_DIALOGS_EDIL_AC_INTRO_2_1,texts_DIALOGS,Stop by every once in a while. I look forward to hearing all about your adventures!,
STR_DIALOGS_BRIGARD_AC_INTRO_1_1,texts_DIALOGS,"Greetings, soldier. Do you have something to discuss?",
STR_DIALOGS_BRIGARD_AC2_INTRO_1_1,texts_DIALOGS,"Make your way to the desert lands of <color=LOC>Sibuna</color>, west of the Spider Lair, in search of <color=CHA>Adamont</color>. Head out as soon as possible.",
STR_DIALOGS_BRIGARD_AC_TOPIC_MISSION_TITLE,texts_DIALOGS,The mission,
STR_DIALOGS_BRIGARD_AC_TOPIC_MISSION_1_1,texts_DIALOGS,"For the time being, we shall focus on gathering information. It seems that this entire city has decided to ignore the Valkyries' request and many do not believe that the ""Guardian"" even exists, but if there's a chance we can make it back to our world, we cannot rule it out yet.",
STR_DIALOGS_BRIGARD_AC_TOPIC_INFECTEDSOLDIER_TITLE,texts_DIALOGS,Hostile soldier,
STR_DIALOGS_BRIGARD_AC_TOPIC_INFECTEDSOLDIER_1_1,texts_DIALOGS,I received reports of soldiers suddenly attacking their comrades. Witnesses confirm that the attitude of these soldiers did not seem voluntary. I wonder what is happening to them...,
STR_DIALOGS_BRIGARD_AC_TOPIC_ARKZEL_TITLE,texts_DIALOGS,Arkzel,
STR_DIALOGS_BRIGARD_AC_TOPIC_ARKZEL_1_1,texts_DIALOGS,Arkzel's whereabouts are still unknown. I saw him moments before the earthquake. Could he be stuck somewhere?,
STR_DIALOGS_BALOF_AC_INTRO_1_1,texts_DIALOGS,"For my best friend, I'd do anything, at any time.",
STR_DIALOGS_GARTUA_PRESENTATION_1_1,texts_DIALOGS,Wow! One of those Human newcomers.,
STR_DIALOGS_GARTUA_PRESENTATION_1_2,texts_DIALOGS,"Come on, if you'd like to know what we can do for you, I'll tell you.",
STR_DIALOGS_GARTUA_PRESENTATION_1_3,texts_DIALOGS,"As engineers, Krath and I deal with all kinds of gadgets, so if you have something like a <color=OBJ>Secondary Weapon</color>, we can upgrade it for you.",
STR_DIALOGS_GARTUA_PRESENTATION_1_4,texts_DIALOGS,As long as you bring enough <color=OBJ>Asgarite</color>.,
STR_DIALOGS_GARTUA_PRESENTATION_1_5,texts_DIALOGS,"Alright, let's see what we have here.",
STR_DIALOGS_GARTUA_PRESENTATION_2_1,texts_DIALOGS,"Wow, man! The soldier bloke again.",
STR_DIALOGS_GARTUA_AC_INTRO_1_1,texts_DIALOGS,Indecisive Humans... Have you forgotten something?,
STR_DIALOGS_GARTUA_AC2_INTRO_1_1,texts_DIALOGS,"How was the lift? Nailed it, of course!",
STR_DIALOGS_DESTRAS_PRESENTATION_1_1,texts_DIALOGS,"Welcome to my forge. I'm Destras, the blacksm...",
STR_DIALOGS_DESTRAS_PRESENTATION_1_2,texts_DIALOGS,"Hey, wait a second! What's that face for?",
STR_DIALOGS_DESTRAS_PRESENTATION_1_3,texts_DIALOGS,Not what you were expecting?,
STR_DIALOGS_DESTRAS_PRESENTATION_1_4,texts_DIALOGS,"You better not make me mad. I could mould you into a horse trough with this forge, you know!",
STR_DIALOGS_DESTRAS_PRESENTATION_1_5,texts_DIALOGS,"Alright... Maybe I'm imagining things, but be careful. I've got my eye on you.",
STR_DIALOGS_DESTRAS_PRESENTATION_1_6,texts_DIALOGS,"My work is my passion, I can't refuse any assignment. Tell me, scrawny, what do you need?",
STR_DIALOGS_DESTRAS_AC_INTRO_1_1,texts_DIALOGS,"In case you haven't noticed, we Dwarves are busy people, so get to the point, I have things to do.",
STR_DIALOGS_EUDER_PRESENTATION_1_1,texts_DIALOGS,"Yes? What's the matter, soldier?",
STR_DIALOGS_EUDER_PRESENTATION_1_2,texts_DIALOGS,Don't tell me you're tired of running back and forth.,
STR_DIALOGS_EUDER_PRESENTATION_1_3,texts_DIALOGS,Enjoy! You can do it! General Brigard has given us captains very clear instructions to hold our position within the city.,
STR_DIALOGS_EUDER_PRESENTATION_1_4,texts_DIALOGS,But it's sooo boring...,
STR_DIALOGS_EUDER_PRESENTATION_1_5,texts_DIALOGS,"Also, what happened to all the fame and glory after the battle we were going to fight in Zarga?",
STR_DIALOGS_EUDER_PRESENTATION_1_6,texts_DIALOGS,Are we really going to miss all that?,
STR_DIALOGS_EUDER_PRESENTATION_1_7,texts_DIALOGS,The best thing about a big punch-up is the huge party afterwards.,
STR_DIALOGS_EUDER_PRESENTATION_1_8,texts_DIALOGS,"Come on, don't waste time telling me your troubles. Go while you can.",
STR_DIALOGS_EUDER_AC_INTRO_1_1,texts_DIALOGS,"Though it may not seem like it, right now, I have dozens of eyes around the city.",
STR_DIALOGS_EUDER_AC_INTRO_1_2,texts_DIALOGS,"If there's a Guardian out there, my rangers will find it.",
STR_DIALOGS_EUDER_AC_INTRO_1_3,texts_DIALOGS,Although... I wish they still used horses for it.,
STR_DIALOGS_EUDER_AC_INTRO_1_4,texts_DIALOGS,The fantastic creatures of this world are not really my cup of tea.,
STR_DIALOGS_EUDER_AC_INTRO_1_5,texts_DIALOGS,Fantastic creatures in general are not my cup of tea...,
STR_DIALOGS_SIRFIEL_PRESENTATION_1_1,texts_DIALOGS,"Oh! Has this library also caught your eye? It's bursting with information about other worlds, beings, races... It's incredible that such a place exists and even more so that we're in it! Arkzel would be amazed by all this information. I have to find out everything I can while we're still in this city.",
STR_DIALOGS_SIRFIEL_AC_INTRO_1_1,texts_DIALOGS,"Yes... yes... We'll talk later. This book of item enchantments is extremely useful. Now, what could I use to practice it on...?",
STR_DIALOGS_SINKA_PRESENTATION_1_1,texts_DIALOGS,"I'm amazed you got out of there alive. You know there were other ways out of that cave, right? But rest assured, your achievements in exploring that room have been recognised.",
STR_DIALOGS_SINKA_AC_INTRO_1_1,texts_DIALOGS,Who do we have here?,
STR_DIALOGS_SINKA_AC_INTRO_1_2,texts_DIALOGS,The heroic spider exterminator!,
STR_DIALOGS_SINKA_AC_INTRO_1_3,texts_DIALOGS,Me...?,
STR_DIALOGS_SINKA_AC_INTRO_1_4,texts_DIALOGS,"Pfff... It was nothing. It's strange for an ally to attack you, that's why I was surprised.",
STR_DIALOGS_SINKA_AC_INTRO_1_5,texts_DIALOGS,You had a good look around this city?,
STR_DIALOGS_SINKA_AC_INTRO_1_6,texts_DIALOGS,"It seems like a perfect place to stay, but apparently not even a place like this can escape poverty...",
STR_DIALOGS_SINKA_AC_INTRO_1_7,texts_DIALOGS,"The usual story: poverty, vandalism, order and ""so long"" to a dignified life.",
STR_DIALOGS_SINKA_AC_INTRO_1_8,texts_DIALOGS,"Anyway, soldier, have fun exploring this world until we get out of here.",
STR_DIALOGS_SINKA_AC_INTRO_1_9,texts_DIALOGS,"I, for one, have done enough... and I have the scars to show for it.",
STR_DIALOGS_MELIAN_PRESENTATION_1_1,texts_DIALOGS,Are you the soldier everyone is talking about lately?,
STR_DIALOGS_MELIAN_PRESENTATION_1_2,texts_DIALOGS,It seems that your adventures are beginning to resonate throughout the city.,
STR_DIALOGS_MELIAN_PRESENTATION_1_3,texts_DIALOGS,What is it like to receive recognition from others?,
STR_DIALOGS_MELIAN_PRESENTATION_1_4,texts_DIALOGS,It's something I'm starting to think I'll never experience...,
STR_DIALOGS_MELIAN_PRESENTATION_1_5,texts_DIALOGS,"They think I don't notice, but I'm always left in my sister's shadow.",
STR_DIALOGS_MELIAN_PRESENTATION_1_6,texts_DIALOGS,I'd like to show my worth more than just standing guard.,
STR_DIALOGS_MELIAN_PRESENTATION_1_7,texts_DIALOGS,Or maybe I should accept that they see me as obedient with no aspirations...,
STR_DIALOGS_MELIAN_AC_INTRO_1_1,texts_DIALOGS,Your first achievement was opening the secret chamber in that cave...,
STR_DIALOGS_MELIAN_AC_INTRO_1_2,texts_DIALOGS,Were you afraid?,
STR_DIALOGS_MELIAN_AC_INTRO_1_3,texts_DIALOGS,"I mean, that may have been a good place to find the Guardian, but I heard Sinka talking about a horrifying monster.",
STR_DIALOGS_MELIAN_AC_INTRO_1_4,texts_DIALOGS,"As terrifying as that story is, I think I would have liked to experience that fear myself.",
STR_DIALOGS_MELIAN_AC_INTRO_1_5,texts_DIALOGS,Oh well... I'll keep waiting for an opportunity.,
STR_DIALOGS_SCRIBLES_AC_INTRO_1_1,texts_DIALOGS,"Oh, it's the tin man! Feel free to look at my maps if you need something, yes?",
STR_DIALOGS_MAKERELGRUPER_AC_INTRO_G_1_1,texts_DIALOGS,Have you seen the huge variety of beings and races that coexist in this place?,
STR_DIALOGS_MAKERELGRUPER_AC_INTRO_M_1_2,texts_DIALOGS,Do you say that with excitement or fear?,
STR_DIALOGS_MAKERELGRUPER_AC_INTRO_G_1_3,texts_DIALOGS,"With excitement, of course! Isn't just unbelievable?",
STR_DIALOGS_MAKERELGRUPER_AC_INTRO_M_1_4,texts_DIALOGS,"Now that I've seen it, it seems pretty believable to me, but I prefer to stay in here, to be honest.",
STR_DIALOGS_MAKERELGRUPER_AC_INTRO_G_1_5,texts_DIALOGS,What an adventurous spirit...,
STR_DIALOGS_FISHCHIEF_AC_INTRO_1_1,texts_DIALOGS,"What's up? We're rather busy at the moment, to be honest...",
STR_DIALOGS_BAYDRAL_AC_INTRO_1_1,texts_DIALOGS,"Yes, yes, the Human newcomers. Enjoy your stay and everything, or do whatever you want, but don't talk to me.",
STR_DIALOGS_BRIGARD_AP_INTRO_1_1,texts_DIALOGS,"Good work, soldier! I knew I was right to entrust you with this mission.",
STR_DIALOGS_BRIGARD_AP2_INTRO_1_1,texts_DIALOGS,"Are you alright, soldier? What kind of beings have the power to control those they touch?",
STR_DIALOGS_EDIL_AP_INTRO_1_1,texts_DIALOGS,Back here again! Everyone's talking about your trip to the western lands. I've never seen anywhere like what the travellers from there say.,
STR_DIALOGS_EDIL_AP_INTRO_1_2,texts_DIALOGS,"When you get a chance, come back and tell me what the Great Pyramid's like inside.",
STR_DIALOGS_BRIGARD_AP_TOPIC_GALATH_TITLE,texts_DIALOGS,Galath,
STR_DIALOGS_BRIGARD_AP_TOPIC_GALATH_1_1,texts_DIALOGS,I never expected Galath to fall in battle.,
STR_DIALOGS_BRIGARD_AP_TOPIC_GALATH_1_2,texts_DIALOGS,"Still, the situation is the same. His army continues to outperform our own and in great numbers, too. Each second we spend here takes us further away from victory.",
STR_DIALOGS_BRIGARD_AP_TOPIC_PYRAMID_TITLE,texts_DIALOGS,The Pyramid,
STR_DIALOGS_BRIGARD_AP_TOPIC_PYRAMID_1_1,texts_DIALOGS,An entire arduous journey for nothing._100_ At least it served to rule out those lands in our search.,
STR_DIALOGS_BRIGARD_AP2_TOPIC_JIVAN_TITLE,texts_DIALOGS,Jivan,
STR_DIALOGS_BRIGARD_AP2_TOPIC_JIVAN_1_1,texts_DIALOGS,"That Jivan is incredible, and not just because he went around the city putting an end to those beasts as if it were nothing.",
STR_DIALOGS_BRIGARD_AP2_TOPIC_JIVAN_1_2,texts_DIALOGS,"From what I can tell, he had the entire city surrounded by a magical shield for several days. Even when he spoke with us, he held enough focus to keep it intact.",
STR_DIALOGS_BRIGARD_AP2_TOPIC_JIVAN_1_3,texts_DIALOGS,It's somewhat daunting to think that someone with that much power exists...,
STR_DIALOGS_BRIGARD_AP2_TOPIC_PARASITES_TITLE,texts_DIALOGS,Invasion,
STR_DIALOGS_BRIGARD_AP2_TOPIC_PARASITES_1_1,texts_DIALOGS,None of us expected this. We've lost many of our own in the attack and those who were lucky have been left unconscious.,
STR_DIALOGS_BRIGARD_AP2_TOPIC_PARASITES_1_2,texts_DIALOGS,Those things must be responsible for the attacks on soldiers we've been hearing reports of...,
STR_DIALOGS_BRIGARD_AP2_TOPIC_PARASITES_1_3,texts_DIALOGS,"Stay vigilant, soldier, and stay far away from those parasites.",
STR_DIALOGS_SINKA_AP_QS_1_1,texts_DIALOGS,"Well, if it isn't the General's lapdog!",
STR_DIALOGS_SINKA_AP_QS_1_2,texts_DIALOGS,"Oh, shush! Don't get offended, I wasn't being serious.",
STR_DIALOGS_SINKA_AP_QS_1_3,texts_DIALOGS,There's not really any other choice than obeying the higher-ups.,
STR_DIALOGS_SINKA_AP_QS_1_4,texts_DIALOGS,"By the way, since you're always galavanting around this world...",
STR_DIALOGS_SINKA_AP_QS_1_5,texts_DIALOGS,"I didn't ever imagine asking you a favour, but if you help me, I'll teach you a trick I think you'll like.",
STR_DIALOGS_SINKA_AP_QS_1_6,texts_DIALOGS,Ha! Spoken like a true soldier of Zarga! Of course!,
STR_DIALOGS_SINKA_AP_QS_1_7,texts_DIALOGS,"Listen, there's a mineral called <color=OBJ>garnerock</color>. It's extremely tough but very light and flexible at the same time.",
STR_DIALOGS_SINKA_AP_QS_1_8,texts_DIALOGS,"In fact, one of my daggers is made from the very same material.",
STR_DIALOGS_SINKA_AP_QS_1_9,texts_DIALOGS,"Exactly! You're a clever one, ain't ya? Garnerock is mainly used to make weapons.",
STR_DIALOGS_SINKA_AP_QS_1_10,texts_DIALOGS,But it's a rare material and not at all easy to find which makes the cost of these weapons sky high.,
STR_DIALOGS_SINKA_AP_QS_1_11,texts_DIALOGS,"Some time ago, someone entrusted me with these daggers but, stupidly, I lost one of them.",
STR_DIALOGS_SINKA_AP_QS_1_12,texts_DIALOGS,I wonder if garnerock exists in this world..._100_ It might be a common mineral here or even more abundant than back home.,
STR_DIALOGS_SINKA_AP_QS_1_13,texts_DIALOGS,"Either way, if you see someone carrying a weapon with a red blade or something similar, try to find those fragments and being them to me.",
STR_DIALOGS_SINKA_AP_QS_1_14,texts_DIALOGS,"You know where to find me. If you have something, I'll be waiting.",
STR_DIALOGS_SINKA_AP_QS_OUTRO_1_1,texts_DIALOGS,Is that real?_100_ Yes! It has to be garnerock!,
STR_DIALOGS_SINKA_AP_QS_OUTRO_1_2,texts_DIALOGS,"To be honest, I sent you to find it so you could go and get lost for a bit, but there really is garnerock in this world!",
STR_DIALOGS_SINKA_AP_QS_OUTRO_1_3,texts_DIALOGS,Sendal... I'll get them back to you one day.,
STR_DIALOGS_SINKA_AP_QS_OUTRO_1_4,texts_DIALOGS,"Err... Soldier, I'm grateful, really.",
STR_DIALOGS_SINKA_AP_QS_OUTRO_1_5,texts_DIALOGS,"Here, as promised. Take these little guys. Sharpen your aim and you'll see how useful they can be.",
STR_DIALOGS_SINKA_AP_QS_OUTRO_1_6,texts_DIALOGS,Thanks again.,
STR_DIALOGS_SINKA_AP_INTRO_1_1,texts_DIALOGS,"I don't think they trust me very much. What's new, eh? Don't trust that shoplifter Sinka.",
STR_DIALOGS_SINKA_AP_INTRO_1_2,texts_DIALOGS,"Well, you know what?_100_ So be it.",
STR_DIALOGS_SINKA_AP_INTRO_1_3,texts_DIALOGS,Only Sendal treats me like a person...,
STR_DIALOGS_SINKA_AP_INTRO_1_4,texts_DIALOGS,"Eh?_300_ Oh, don't mind me, I was thinking out loud.",
STR_DIALOGS_SINKA_AP_INTRO_1_5,texts_DIALOGS,And don't spy on me!,
STR_DIALOGS_SINKA_AP2_INTRO_1_1,texts_DIALOGS,I know...,
STR_DIALOGS_SINKA_AP2_INTRO_1_2,texts_DIALOGS,You and I have seen this before.,
STR_DIALOGS_SINKA_AP2_INTRO_1_3,texts_DIALOGS,Those things gave off the same aura we saw in the Spider Lair.,
STR_DIALOGS_SINKA_AP2_INTRO_1_4,texts_DIALOGS,"What do you think their goal is, controlling the soldiers like that?",
STR_DIALOGS_SINKA_AP2_INTRO_1_5,texts_DIALOGS,"If I were you, I'd be very, very careful to make sure something like that didn't touch me.",
STR_DIALOGS_JIVAN_AP1_INTRO_1_1,texts_DIALOGS,"I cannot break my promise... I swore I'd keep her safe._100_ Please, hurry.",
STR_DIALOGS_JIVAN_AP2_INTRO_1_1,texts_DIALOGS,"You don't need to stay here, soldier. I know you're worried about Edil and your own but, from now onwards, I can take care of this.",
STR_DIALOGS_JIVAN_AP2_INTRO_1_2,texts_DIALOGS,"Go, do what you have to._100_ Preparing for this cure spell is going to take some time.",
STR_DIALOGS_EUDER_AP1_INTRO_1_1,texts_DIALOGS,"Hey, is it really true that you and Adamont were trapped and escaped from a pyramid in the desert?",
STR_DIALOGS_EUDER_AP1_INTRO_1_2,texts_DIALOGS,Must've been tough...,
STR_DIALOGS_EUDER_AP1_INTRO_1_3,texts_DIALOGS,"Putting up with Adamont, I mean.",
STR_DIALOGS_EUDER_AP1_INTRO_1_4,texts_DIALOGS,There's no captain in all of Zarga grumpier than him. He wouldn't know how to have fun if his life depended on it.,
STR_DIALOGS_EUDER_AP1_INTRO_1_5,texts_DIALOGS,"Actually, sorry, I think there is one situation which I've seen him enjoy.",
STR_DIALOGS_EUDER_AP1_INTRO_1_6,texts_DIALOGS,When he has to bash someone's head in.,
STR_DIALOGS_EUDER_AP1_INTRO_1_7,texts_DIALOGS,"Basically, Adamont scares me.",
STR_DIALOGS_EUDER_AP2_INTRO_1_1,texts_DIALOGS,What were those things?,
STR_DIALOGS_EUDER_AP2_INTRO_1_2,texts_DIALOGS,"I never turn down a battle, but those giant insects gave me the creeps.",
STR_DIALOGS_EUDER_AP2_INTRO_1_3,texts_DIALOGS,Do you think bug rain is normal in this world? I hope not...,
STR_DIALOGS_EUDER_AP2_INTRO_1_4,texts_DIALOGS,"By the way, I heard about the mission you're on.",
STR_DIALOGS_EUDER_AP2_INTRO_1_5,texts_DIALOGS,"So you're gonna try to save that girl, then? Such a ladies man...",
STR_DIALOGS_EUDER_AP2_INTRO_1_6,texts_DIALOGS,"If you want my advice, I don't recommend making her wait too long.",
STR_DIALOGS_EUDER_AP2_INTRO_1_7,texts_DIALOGS,"Anyway, go...",
STR_DIALOGS_EUDER_AP3_INTRO_1_1,texts_DIALOGS,"Do you know what binoculars are? Well, neither did I before I came here.",
STR_DIALOGS_EUDER_AP3_INTRO_1_2,texts_DIALOGS,The technology these civilisations have is a bit more developed than our own.,
STR_DIALOGS_EUDER_AP3_INTRO_1_3,texts_DIALOGS,"Don't worry about that soldier, he'll recover. The insect didn't touch him.",
STR_DIALOGS_EUDER_AP3_INTRO_1_4,texts_DIALOGS,"Though, I still don't understand what happened with those Valkyries.",
STR_DIALOGS_EUDER_AP3_INTRO_1_5,texts_DIALOGS,I can't stop thinking about it...,
STR_DIALOGS_MELIAN_AP1_INTRO_1_1,texts_DIALOGS,Your second achievement has been to bring back Captain Adamont...,
STR_DIALOGS_MELIAN_AP1_INTRO_1_2,texts_DIALOGS,It's quite rare for a private to be able to have a talent for so many different things.,
STR_DIALOGS_MELIAN_AP1_INTRO_1_3,texts_DIALOGS,"Must be true what they say about the energy in this world, the way it clings to people, if you're capable of holding it.",
STR_DIALOGS_MELIAN_AP1_INTRO_1_4,texts_DIALOGS,I can't stop feeling that I'm wasting time just stood here.,
STR_DIALOGS_MELIAN_AP2_INTRO_1_1,texts_DIALOGS,Can you believe that they didn't even let me take part in defending the city?,
STR_DIALOGS_MELIAN_AP2_INTRO_1_2,texts_DIALOGS,Looks like they just want to keep me out of things.,
STR_DIALOGS_MELIAN_AP2_INTRO_1_3,texts_DIALOGS,I sometimes ask myself why they'd even accept me into Zarga's army.,
STR_DIALOGS_MELIAN_AP2_INTRO_1_4,texts_DIALOGS,Perhaps to keep me out of the way and make sure that I didn't cause any bother.,
STR_DIALOGS_MELIAN_AP2_INTRO_1_5,texts_DIALOGS,That must be it...,
STR_DIALOGS_SIRFIEL_AP_INTRO_1_1,texts_DIALOGS,"Soldier, do you mind if we speak later? This item enchanting book is really drawing me in right now.",
STR_DIALOGS_SIRFIEL_AP2_INTRO_1_1,texts_DIALOGS,"That girl..._100_ Edil._100_ Jivan's teaching her some very powerful magic, though it does put me a little on edge.",
STR_DIALOGS_SIRFIEL_AP2_INTRO_1_2,texts_DIALOGS,She doesn't seem the slightest bit interested in the tutoring she's receiving.,
STR_DIALOGS_SIRFIEL_AP2_INTRO_1_3,texts_DIALOGS,"I don't like to admit it, but, compared with him, Arkzel and I would look like complete novices.",
STR_DIALOGS_SIRFIEL_AP2_INTRO_1_4,texts_DIALOGS,Arkzel... I wonder where you are now...,
STR_DIALOGS_ADAMONT_AP_INTRO_1_1,texts_DIALOGS,"General Brigard's being too much of a pessimist, if you ask me.",
STR_DIALOGS_ADAMONT_AP_INTRO_1_2,texts_DIALOGS,The Lion of Dadelm turning up here is a good omen.,
STR_DIALOGS_ADAMONT_AP_INTRO_1_3,texts_DIALOGS,"You know, cut off the serpent's head and its body'll die too",
STR_DIALOGS_ADAMONT_AP_INTRO_1_4,texts_DIALOGS,What?_300_ What do you mean it doesn't work like that?,
STR_DIALOGS_ADAMONT_AP_INTRO_1_5,texts_DIALOGS,"Either way, the mangy cat's still around._100_ He'll be waiting for the slightest chance to pounce on us.",
STR_DIALOGS_ADAMONT_AP_INTRO_1_6,texts_DIALOGS,We'll be ready.,
STR_DIALOGS_ADAMONT_AP2_INTRO_1_1,texts_DIALOGS,Are you alright?,
STR_DIALOGS_ADAMONT_AP2_INTRO_1_2,texts_DIALOGS,It's such a shame what happened to that girl.,
STR_DIALOGS_ADAMONT_AP2_INTRO_1_3,texts_DIALOGS,"Those blasted things..._100_ They've affected many of our men, too.",
STR_DIALOGS_ADAMONT_AP2_INTRO_1_4,texts_DIALOGS,I hope the owl can cure them.,
STR_DIALOGS_ADAMONT_AP2_INTRO_1_5,texts_DIALOGS,AH!,
STR_DIALOGS_ADAMONT_AP2_INTRO_1_6,texts_DIALOGS,...,
STR_DIALOGS_ADAMONT_AP2_INTRO_1_7,texts_DIALOGS,I hate having to wait without being able to do anything.,
STR_DIALOGS_BALOF_AP_INTRO_1_1,texts_DIALOGS,"It's an honour to have you at the best item store._300_ Well, the only item store...",
STR_DIALOGS_BALOF_AP2_INTRO_1_1,texts_DIALOGS,It's the first time something like that's happened in Hafin. Good thing you lot were here to help us!,
STR_DIALOGS_GARTUA_AP_INTRO_1_1,texts_DIALOGS,Got some asgarite we can work with?_100_ Let's have a look...,
STR_DIALOGS_DESTRAS_AP_INTRO_1_1,texts_DIALOGS,"I only work with <color=OBJ>ragnarite</color> and <color=OBJ>rokirite</color>, so if you don't have enough, let's not waste each other's time.",
STR_DIALOGS_BAYDRAL_AP_INTRO_1_1,texts_DIALOGS,"If I wanted anything to do with all of you, I'd be up there, don't you think?",
STR_DIALOGS_BAYDRAL_AP_INTRO_1_2,texts_DIALOGS,Why don't you do something more fitting of your place and go chase pichitis?,
STR_DIALOGS_TOWN_AC_D1_BALOF_1,texts_DIALOGS,Is that possible?,BALOF
STR_DIALOGS_TOWN_AC_D2_BALOF_1,texts_DIALOGS,It's..._500_ It's...,BALOF
STR_DIALOGS_TOWN_AC_D2_BALOF_2,texts_DIALOGS,"I thought my glasses were fogging up._300_ Wait..._100_ Actually, yes they are.",BALOF
STR_DIALOGS_TOWN_AC_D2_BALOF_3,texts_DIALOGS,"Honestly, you took so long to get here that I thought something had happened to you. I did think about going to find you but, as you can imagine, I'd prefer not to set foot in that cave for a while.",BALOF
STR_DIALOGS_TOWN_AC_D2_BALOF_4,texts_DIALOGS,"I give you Hafin, the eternal city.",BALOF
STR_DIALOGS_TOWN_AC_D2_BALOF_5,texts_DIALOGS,"Now that you're here, I can reward you properly. You didn't think I was only going to give you some of my spare bombs, did you?",BALOF
STR_DIALOGS_TOWN_AC_D2_BALOF_6,texts_DIALOGS,"A couple of days ago, I found the perfect gift for you at home.",BALOF
STR_DIALOGS_TOWN_AC_D2_BALOF_7,texts_DIALOGS,Although I lost it again shortly after...,BALOF
STR_DIALOGS_TOWN_AC_D2_BALOF_8,texts_DIALOGS,I know! Why don't you wander around the city while I figure out where I left it?_100_ I'm running home. Don't go far until I find it!,BALOF
STR_DIALOGS_TOWN_AC_D2_BALOF_9,texts_DIALOGS,I'll see you at my place in a little while.,BALOF
STR_DIALOGS_TOWN_AC_D7_JIVAN_1,texts_DIALOGS,"Come on, Edil, it doesn't normally take you so long to get to this part.",JIVAN
STR_DIALOGS_TOWN_AC_D7_EDIL_2,texts_DIALOGS,(...),EDIL
STR_DIALOGS_TOWN_AC_D7_EDIL_3,texts_DIALOGS,I'm doing what I can!,EDIL
STR_DIALOGS_TOWN_AC_D7_JIVAN_4,texts_DIALOGS,"No, you're not concentrating. Do you think I don't realise that your head is in the clouds?",JIVAN
STR_DIALOGS_TOWN_AC_D7_EDIL_5,texts_DIALOGS,...,EDIL
STR_DIALOGS_TOWN_AC_D7_EDIL_6,texts_DIALOGS,...,EDIL
STR_DIALOGS_TOWN_AC_D8_EDIL_1,texts_DIALOGS,"Bah, it's useless.",EDIL
STR_DIALOGS_TOWN_AC_D8_EDIL_2,texts_DIALOGS,"Maybe if, instead of just teaching me magic, you'd actually let me use it some time...",EDIL
STR_DIALOGS_TOWN_AC_D8_JIVAN_3,texts_DIALOGS,"We've already talked about this. I teach you these powers so that you can defend yourself, not for you to use them unnecessarily.",JIVAN
STR_DIALOGS_TOWN_AC_D8_EDIL_4,texts_DIALOGS,But...,EDIL
STR_DIALOGS_TOWN_AC_D8_JIVAN_5,texts_DIALOGS,"No ""buts"", Edil. You are a smart girl; you just need to focus on what you're doing.
Rest for a while and we'll try again later.",JIVAN
STR_DIALOGS_TOWN_AC_D8_EDIL_6,texts_DIALOGS,Okaaay.,EDIL
STR_DIALOGS_BRIGARD_AC_PRESENTATION_1,texts_DIALOGS,"Welcome, soldier. This city will take us in.",
STR_DIALOGS_TOWN_AC_D2_BRIGARD_1,texts_DIALOGS,"Soldier!_100_ Come, I need to discuss a matter in private.",BRIGARD
STR_DIALOGS_TOWN_AC_D2_1_MAKEREL_1,texts_DIALOGS,Huff... Huff... There you are.,
STR_DIALOGS_TOWN_AC_D2_1_GRUPER_2,texts_DIALOGS,"If you ate more, you'd be less tired.",
STR_DIALOGS_TOWN_AC_D2_2_MAKEREL_1,texts_DIALOGS,"If you didn't eat all the supplies, maybe I would.",
STR_DIALOGS_TOWN_AC_D2_2_GRUPER_2,texts_DIALOGS,"Come on, let's not dwell on things.",
STR_DIALOGS_TOWN_AC_D2_3_MAKEREL_1,texts_DIALOGS,"Yes..._100_ this..._100_ Soldier, Brigard sent us to find you.",
STR_DIALOGS_TOWN_AC_D2_3_GRUPER_2,texts_DIALOGS,What have you done now?,
STR_DIALOGS_TOWN_AC_D2_4_MAKEREL_1,texts_DIALOGS,"It's none of our business, Gruper. I think the less we know, the better...",
STR_DIALOGS_TOWN_AC_D2_5_GRUPER_1,texts_DIALOGS,"Well, we've already told you. Brigard is waiting for you at Zarga Marquee.",
STR_DIALOGS_TOWN_AC_D2_6_MAKEREL_1,texts_DIALOGS,"Gruper, get a move on, this issue is still going to affect us.",
STR_DIALOGS_TOWN_AC_D2_6_GRUPER_1,texts_DIALOGS,"Take care, soldier. We're off.",
STR_DIALOGS_TOWN_AC_D3_JIVAN_1,texts_DIALOGS,"I hope I'm not the first to welcome you to Hafin, soldier.",JIVAN
STR_DIALOGS_TOWN_AC_D3_JIVAN_2,texts_DIALOGS,"Yes, I know what you must be thinking._100_ ""Why is there a city in the afterlife?""_100_ Indeed, all of Terragaya's inhabitants perished at some point, then our souls were ""rescued"" by the Valkyries.",JIVAN
STR_DIALOGS_TOWN_AC_D3_JIVAN_3,texts_DIALOGS,"I'm sure you think you must fulfil your mission. That is normal. After all, they are the ones who brought you here.",JIVAN
STR_DIALOGS_TOWN_AC_D3_JIVAN_4,texts_DIALOGS,"But you know what? We are still the masters of our own destiny. What did they promise you? Glory and unimaginable powers if you place yourself in the service of the Gods? I don't believe in such a fate, I've always viewed their mission as a way of helping us make sense of our existence after death, to give us a purpose of sorts.",JIVAN
STR_DIALOGS_TOWN_AC_D3_JIVAN_5,texts_DIALOGS,"But, honestly, is that what we are to die for? To become embroiled in more war and suffering?",JIVAN
STR_DIALOGS_TOWN_AC_D3_JIVAN_6,texts_DIALOGS,I founded this city to be a point of union between all the species that inhabit the universe who are looking for a peaceful eternal life without conflict.,JIVAN
STR_DIALOGS_TOWN_AC_D3_JIVAN_7,texts_DIALOGS,"I shan't keep you much longer. The fact that you are still in your armour speaks for itself, but know that, if you change your mind, there is always a home for you in Hafin.",JIVAN
STR_DIALOGS_TOWN_AC_D3_2_JIVAN_1,texts_DIALOGS,Best not keep your general waiting.,
STR_DIALOGS_TOWN_AC_D4_BRIGARD_1,texts_DIALOGS,"Soldier, I know you have not had time to rest, but there is something that worries me and that I would like to ask you.",BRIGARD
STR_DIALOGS_TOWN_AC_D4_BRIGARD_2,texts_DIALOGS,"Captain Adamont has been sent on a mission to the Sibuna Desert, west of the sanctuary where these Valkyries brought us.",BRIGARD
STR_DIALOGS_TOWN_AC_D4_BRIGARD_3,texts_DIALOGS,It has been quite a while since I heard anything from them. Not even Euder's explorers can find him and several of them have even disappeared.,BRIGARD
STR_DIALOGS_TOWN_AC_D4_BRIGARD_4,texts_DIALOGS,"Under normal circumstances, I would not ask this of a private, but you have shown courage in the past and I cannot leave my post while I coordinate the search for the Guardian.",BRIGARD
STR_DIALOGS_TOWN_AC_D4_BRIGARD_5,texts_DIALOGS,Head to the desert lands of Sibuna and return with what you have discovered.,BRIGARD
STR_DIALOGS_TOWN_AC_D4_BRIGARD_6,texts_DIALOGS,"Survival is not an option, it's an order.",BRIGARD
STR_DIALOGS_TOWN_AC_D5_BALOF_1,texts_DIALOGS,What do you think of the city?,BALOF
STR_DIALOGS_TOWN_AC_D5_BALOF_2,texts_DIALOGS,"You're just in time, I just found it. Turns out we've been using it as a tablecloth for a couple of days...",BALOF
STR_DIALOGS_TOWN_AC_D5_BALOF_3,texts_DIALOGS,"It's true what they say, the best hiding place is right under your nose.",BALOF
STR_DIALOGS_TOWN_AC_D5_BALOF_4,texts_DIALOGS,Here you are. All yours!,BALOF
STR_DIALOGS_TOWN_AC_D6_BALOF_1,texts_DIALOGS,"With it, you can jump again while jumping! You can't get much better than that.",BALOF
STR_DIALOGS_TOWN_AC_D6_BALOF_2,texts_DIALOGS,"By the way... your tent fabric is very thin, so I couldn't (nor did I want to) avoid hearing your conversation with that serious fellow with the sword.",BALOF
STR_DIALOGS_TOWN_AC_D6_BALOF_3,texts_DIALOGS,"I must say, to reach the Sibuna Desert you'll need to take a huge detour from here. It's a very long journey that will probably end in death and despair.",BALOF
STR_DIALOGS_TOWN_AC_D6_BALOF_4,texts_DIALOGS,"But don't worry, there is a way to drastically shorten the trip so much so that even I could make it there, even though I don't like the desert. The heat there makes me smell like bacon and attracts vultures, you know?",BALOF
STR_DIALOGS_TOWN_AC_D6_BALOF_5,texts_DIALOGS,"Speak with Gartua, the engineer. You will find him at Hafin's entrance, up the steps. It's unlikely he'll listen to you, but just tell him who you are and what you did for me and he'll help you. That Dwarf owes me more than one favour and I can use it to help you.",BALOF
STR_DIALOGS_TOWN_AC_D6_GARTUA_1,texts_DIALOGS,"One moment, please. Almost got it...",GARTUA
STR_DIALOGS_TOWN_AC_D7_GARTUA_1,texts_DIALOGS,"There.
I hope this is important; I hate my work being interrupted. Of course, I hate many things...
I will turn a blind eye. What's this about?",GARTUA
STR_DIALOGS_TOWN_AC_D7_GARTUA_2,texts_DIALOGS,Balof?_100_ Balof sent you...?,GARTUA
STR_DIALOGS_TOWN_AC_D7_GARTUA_3,texts_DIALOGS,Wait..._300_ Don't tell me you're that soldier he's been talking so much about!,GARTUA
STR_DIALOGS_TOWN_AC_D7_GARTUA_4,texts_DIALOGS,"You're a lot smaller than I was expecting, to be honest...",GARTUA
STR_DIALOGS_TOWN_AC_D7_GARTUA_5,texts_DIALOGS,"Anyway, I understand he's in your debt. And I'm in his debt. If it weren't for the parts Balof brings us, this cannon would still be a mere blueprint, so I'll tend to your request.",GARTUA
STR_DIALOGS_TOWN_AC_D7_GARTUA_6,texts_DIALOGS,"Let's see..._100_ The place you're heading to is quite inaccessible at the moment, but if I built a lift at the entrance to the Spider Lair, you could easily climb the hill.",GARTUA
STR_DIALOGS_TOWN_AC_D7_GARTUA_7,texts_DIALOGS,Shall we get to work?,GARTUA
STR_DIALOGS_TOWN_AC_D8_GARTUA_1,texts_DIALOGS,Kraaath!,GARTUA
STR_DIALOGS_TOWN_AC_D8_GARTUA_2,texts_DIALOGS,Leave that. We have some freebies to take care of. We'll continue later.,GARTUA
STR_DIALOGS_TOWN_AC_D9_GARTUA_1,texts_DIALOGS,Head over there later. Something like this won't take us long.,GARTUA
STR_DIALOGS_TOWN_AC_D10_BRIGARD_1,texts_DIALOGS,I knew you'd arrive without issues.,BRIGARD
STR_DIALOGS_TOWN_AC_D11_BRIGARD_1,texts_DIALOGS,Have you seen this? All of these people have lived here for millennia. Without conflict... without dying...,BRIGARD
STR_DIALOGS_TOWN_AC_D11_BRIGARD_2,texts_DIALOGS,I'd never have imagined a place like this.,BRIGARD
STR_DIALOGS_TOWN_AC_D12_BRIGARD_1,texts_DIALOGS,"But, as idyllic as it seems, we cannot remain here. Zarga needs us.",BRIGARD
STR_DIALOGS_TOWN_AC_D12_BRIGARD_2,texts_DIALOGS,"Hafin City will host us, for now. I have spoken with their overseer and they have allowed us to set up a makeshift camp while we organise; they have even helped us build it.",BRIGARD
STR_DIALOGS_TOWN_AC_D12_BRIGARD_3,texts_DIALOGS,I recommend wandering around and getting to know its people and businesses.,BRIGARD
STR_DIALOGS_TOWN_AC_D12_BRIGARD_4,texts_DIALOGS,You also have the other captains at your disposal. Get to know them if you haven't already. We are going to spend some time here coordinating the search for the so-called Guardian.,BRIGARD
STR_DIALOGS_TOWN_AC_D12_BRIGARD_5,texts_DIALOGS,We shall speak later.,BRIGARD
STR_DIALOGS_PLAIN1_DAY_AC_D1_GARTUA_1,texts_DIALOGS,Would you look at that!,GARTUA
STR_DIALOGS_PLAIN1_DAY_AC_D1_GARTUA_2,texts_DIALOGS,Mister soldier has finally decided to grace us with his presence!,GARTUA
STR_DIALOGS_PLAIN1_DAY_AC_D1_GARTUA_3,texts_DIALOGS,"We're pretty busy Dwarves, 'ya know, but bah... this time I'll turn a blind eye. When I see how my projects turn out, I forget all about it.",GARTUA
STR_DIALOGS_PLAIN1_DAY_AC_D2_GARTUA_1,texts_DIALOGS,Kraaath!,GARTUA
STR_DIALOGS_PLAIN1_DAY_AC_D2_GARTUA_2,texts_DIALOGS,"Leave that, I've already told you the chain's tied down enough.",GARTUA
STR_DIALOGS_PLAIN1_DAY_AC_D3_GARTUA_1,texts_DIALOGS,"Get your things, we're going back to Hafin.",GARTUA
STR_DIALOGS_PLAIN1_DAY_AC_D4_GARTUA_1,texts_DIALOGS,Well? What do you think?,GARTUA
STR_DIALOGS_PLAIN1_DAY_AC_D4_GARTUA_2,texts_DIALOGS,"It's a bit rough and ready, but you can bet your last gold piece that everything we put together's tougher than a quellick's roots.",GARTUA
STR_DIALOGS_PLAIN1_DAY_AC_D4_GARTUA_3,texts_DIALOGS,"This should settle our debt with Balof. You'll be able to travel to the <color=LOC>desert </color>, now. I'll let you get on, we've got a cannon to build.",GARTUA
STR_DIALOGS_PLAIN1_DAY_AC_D4_GARTUA_4,texts_DIALOGS,"Let's go, Krath.",GARTUA
STR_DIALOGS_MAKERELGRUPER_AP_INTRO_G_1_1,texts_DIALOGS,"I heard that Galath, Dadelm's general, is also here. Is it true?",
STR_DIALOGS_MAKERELGRUPER_AP_INTRO_M_1_2,texts_DIALOGS,Galath? That man terrifies me. The few times I've seen him he always gave off this aura of endless hate.,
STR_DIALOGS_MAKERELGRUPER_AP_INTRO_G_1_3,texts_DIALOGS,He clearly doesn't hold Zarga in high esteem.,
STR_DIALOGS_MAKERELGRUPER_AP_INTRO_G_1_4,texts_DIALOGS,"By the looks of things, he's got unfinished business with General Brigard leftover from the Dark War.",
STR_DIALOGS_MAKERELGRUPER_AP_INTRO_M_1_5,texts_DIALOGS,It had to be humiliating for him when his own king granted the neighbouring kingdom's general official recognition.,
STR_DIALOGS_MAKERELGRUPER_AP_INTRO_G_1_6,texts_DIALOGS,You said it.,
STR_DIALOGS_MAKERELGRUPER_AP2_INTRO_M_1_1,texts_DIALOGS,That was horrible! I thought we'd be safe here.,
STR_DIALOGS_MAKERELGRUPER_AP2_INTRO_G_1_2,texts_DIALOGS,"Though, it's the first time I've seen you wield your sword... and you lived to tell the tale!",
STR_DIALOGS_MAKERELGRUPER_AP2_INTRO_M_1_3,texts_DIALOGS,That doesn't make it any less horrible.,
STR_DIALOGS_MAKERELGRUPER_AP2_INTRO_G_1_4,texts_DIALOGS,"Stop your whining. Act like a soldier, at least when Brigard's nearby.",
STR_DIALOGS_GRUPER_AP_INTRO_1_1,texts_DIALOGS,I'd prefer to be under Captain Euder's command. He's much more friendly and always seems to be in a good mood.,
STR_DIALOGS_TOWN_AP_COMBAT_D1_EDIL_0,texts_DIALOGS,Pssst...,EDIL
STR_DIALOGS_TOWN_AP_COMBAT_D1_EDIL_1,texts_DIALOGS,Come to speak with the old man? _300_Good luck he's had a bit of an odd day. He's a bit difficult to deal with when he gets all mystical.,EDIL
STR_DIALOGS_TOWN_AP_COMBAT_D2_JIVAN_1,texts_DIALOGS,...,JIVAN
STR_DIALOGS_TOWN_AP_COMBAT_D2_JIVAN_2,texts_DIALOGS,Listen to me carefully...,JIVAN
STR_DIALOGS_TOWN_AP_COMBAT_D2_JIVAN_3,texts_DIALOGS,"It is difficult to explain, so be prepared to alert your soldiers when I give the signal. We don't have much time.",JIVAN
STR_DIALOGS_TOWN_AP_COMBAT_D3_JIVAN_1,texts_DIALOGS,"A few days before your arrival, a substance that I was able to identify as hostile agents fell upon Hafin.",JIVAN
STR_DIALOGS_TOWN_AP_COMBAT_D3_JIVAN_2,texts_DIALOGS,"To ward them off, I created a barrier around the entire city that has kept us safe. I had hoped they would eventually leave, but something appears to be keeping them here.",JIVAN
STR_DIALOGS_TOWN_AP_COMBAT_D3_JIVAN_3,texts_DIALOGS,"My power is starting to wane, so it won't be long until they arrive.",JIVAN
STR_DIALOGS_TOWN_AP_COMBAT_D3_JIVAN_4,texts_DIALOGS,"Be careful. Whatever they are, they weren't brought here by the Valkyries.",JIVAN
STR_DIALOGS_TOWN_AP_COMBAT_D3_JIVAN_5,texts_DIALOGS,I can't hold it much longer...,JIVAN
STR_DIALOGS_TOWN_AP_COMBAT_D4_EDIL_1,texts_DIALOGS,Old man...?,EDIL
STR_DIALOGS_TOWN_AP_COMBAT_D5_JIVAN_1,texts_DIALOGS,I... _1000_ can't..._2000_ hold...,JIVAN
STR_DIALOGS_TOWN_AP_COMBAT_D6_EDIL_1,texts_DIALOGS,What?!,EDIL
STR_DIALOGS_TOWN_AP_COMBAT_D7_SOLDIERS_1,texts_DIALOGS,AH! MONSTERS!,SOLDIERS
STR_DIALOGS_TOWN_AP_COMBAT_D8_BRIGARD_1,texts_DIALOGS,"SOLDIERS, DEFEND THE CITY!",BRIGARD
STR_DIALOGS_TOWN_AP_COMBAT_D9_ADAMONT_1,texts_DIALOGS,"IRONCLADS, GET IN FORMATION!",ADAMONT
STR_DIALOGS_TOWN_AP_COMBAT_D10_EUDER_1,texts_DIALOGS,ON MY ORDERS!,EUDER
STR_DIALOGS_TOWN_AP_COMBAT_D10_BIS_SOLDIERS_1,texts_DIALOGS,HELP!,
STR_DIALOGS_TOWN_AP_COMBAT_D11_JIVAN_1,texts_DIALOGS,No...,JIVAN
STR_DIALOGS_TOWN_AP_COMBAT_D11_JIVAN_2,texts_DIALOGS,The entire city is in danger... Because of me? I must go and help them.,JIVAN
STR_DIALOGS_TOWN_AP_COMBAT_D12_JIVAN_1,texts_DIALOGS,"Let's go, Edil!",JIVAN
STR_DIALOGS_TOWN_AP_COMBAT_D12_EDIL_2,texts_DIALOGS,No!_100_ I'll defend our home!_100_ He'll help me!,EDIL
STR_DIALOGS_TOWN_AP_COMBAT_D12_JIVAN_3,texts_DIALOGS,"Edil, we don't have time! Hafin has never faced anything like this before.",JIVAN
STR_DIALOGS_TOWN_AP_COMBAT_D12_EDIL_4,texts_DIALOGS,"You prepared me for anything, including something like this!",EDIL
STR_DIALOGS_TOWN_AP_COMBAT_D12_JIVAN_4,texts_DIALOGS,Edil...,JIVAN
STR_DIALOGS_TOWN_AP_COMBAT_D13_JIVAN_1,texts_DIALOGS,"Soldier, please, do not let anything happen to her. She's the most precious thing I have...",JIVAN
STR_DIALOGS_TOWN_AP_COMBAT_D13_JIVAN_2,texts_DIALOGS,I will be back as soon as I can.,JIVAN
STR_DIALOGS_TOWN_AP_COMBAT_D14_EDIL_1,texts_DIALOGS,Is that it?_500_ Was that all of them?,EDIL
STR_DIALOGS_TOWN_AP_COMBAT_D14_EDIL_2,texts_DIALOGS,We've defeated them all! Yes!,EDIL
STR_DIALOGS_TOWN_AP_COMBAT_D14_EDIL_3,texts_DIALOGS,"Although it's almost a shame, I was starting to have fun, he, he...",EDIL
STR_DIALOGS_TOWN_AP_COMBAT_D15_EDIL_1,texts_DIALOGS,he...,EDIL
STR_DIALOGS_TOWN_AP_COMBAT_D15_EDIL_2,texts_DIALOGS,...,EDIL
STR_DIALOGS_TOWN_AP_COMBAT_D15_EDIL_3,texts_DIALOGS,Huh...?_200_ What's ha...?,EDIL
STR_DIALOGS_TOWN_AP_COMBAT_D16_JIVAN_1,texts_DIALOGS,EDIL!,JIVAN
STR_DIALOGS_TOWN_AP_COMBAT_D17_JIVAN_1,texts_DIALOGS,"EDIL, I'M HERE! PLEASE, SAY SOMETHING!",JIVAN
STR_DIALOGS_TOWN_AP_COMBAT_D17_JIVAN_2,texts_DIALOGS,What's happened? Those things... They must have been able to come into contact with her.,JIVAN
STR_DIALOGS_TOWN_AP_COMBAT_D17_JIVAN_3,texts_DIALOGS,"I'm so sorry, Edil... I shouldn't have left your side.",JIVAN
STR_DIALOGS_TOWN_AP_COMBAT_D18_JIVAN_1,texts_DIALOGS,"Edil, I can't lose you...",JIVAN
STR_DIALOGS_TOWN_AP_COMBAT_D19_JIVAN_1,texts_DIALOGS,"Soldier, I don't hold you responsible. It's all my fault. Despite my years, it appears that I'm still making mistakes...",JIVAN
STR_DIALOGS_TOWN_AP_COMBAT_D19_JIVAN_2,texts_DIALOGS,"If you want to help both her and your friends, there is something you can do.",JIVAN
STR_DIALOGS_TOWN_AP_COMBAT_D19_JIVAN_3,texts_DIALOGS,"To the east of Hafin, across the plains, you'll find a small orchard with green flowers at the centre: they're called <color=OBJ>Lilis Radiantis</color>.",JIVAN
STR_DIALOGS_TOWN_AP_COMBAT_D19_JIVAN_4,texts_DIALOGS,"They..._100_ These are no simple flowers. With them, you'll be able to destroy the agent that's keeping her in this state.",JIVAN
STR_DIALOGS_TOWN_AP_COMBAT_D19_JIVAN_5,texts_DIALOGS,"Hurry, we don't know how much longer they'll stay like this. And be careful, we're managing to defend the city, but these things will surely be roaming the surrounding area.",JIVAN
STR_DIALOGS_TOWN_AP_D3_JIVAN_1,texts_DIALOGS,"Thank you, I knew I could count on you for this request.",JIVAN
STR_DIALOGS_TOWN_AP_D3_JIVAN_2,texts_DIALOGS,You cannot imagine the value these flowers hold.,JIVAN
STR_DIALOGS_TOWN_AP_D3_JIVAN_3,texts_DIALOGS,"Their curative properties are beyond imaginable, but preparing the flowers will be a complicated process. I will need need harness every ounce of focus I can.",JIVAN
STR_DIALOGS_TOWN_AP_D3_JIVAN_4,texts_DIALOGS,I will try to let you know when everything is ready.,JIVAN
STR_DIALOGS_TOWN_AP_D1_CROMAMINION_1,texts_DIALOGS,"Strength, Human... I'm sorry, I believe you usually say “greetings”.",CROMAMINION
STR_DIALOGS_TOWN_AP_D1_CROMAMINION_2,texts_DIALOGS,"I have a favour to ask you. I know you have no reason to trust me, but I can assure you that I hold no ill intentions.",CROMAMINION
STR_DIALOGS_TOWN_AP_D1_CROMAMINION_3,texts_DIALOGS,I just need you to come with me and listen to our Commander's request.,CROMAMINION
STR_DIALOGS_TOWN_AP_D1_CROMAMINION_4,texts_DIALOGS,"Don't worry, it's not a long journey. We're based in the outskirts of the city. After listening, you can decide whether or not to go but, right now, you're our only hope.",CROMAMINION
STR_DIALOGS_TOWN_AP_D2_CROMAMINION_1,texts_DIALOGS,"Commander Beliagar. As I expected, the Human has agreed to listen to us.",CROMAMINION
STR_DIALOGS_TOWN_AP_D2_CROMAMINION_2,texts_DIALOGS,"Greetings, hormone.",CROMAMINION
STR_DIALOGS_TOWN_AP_D1_CROMACHIEF_1,texts_DIALOGS,"Greetings, Human. We've called you here because our friend noticed the great courage you showed in defending the city from the invasion of the dark rain.",CROMACHIEF
STR_DIALOGS_TOWN_AP_D1_CROMACHIEF_2,texts_DIALOGS,"There is much to tell and little time to act, so I'll try to be brief.",CROMACHIEF
STR_DIALOGS_TOWN_AP_D1_CROMACHIEF_3,texts_DIALOGS,"Certain motives brought us to this world. We believe that travelling here by our own means violates the rules that govern this place, which is why we keep our distance from the city's affairs. We still don't know how all of this works.",CROMACHIEF
STR_DIALOGS_TOWN_AP_D1_CROMACHIEF_4,texts_DIALOGS,"Our Floating Module is located at a considerable altitude, just above a dense layer of clouds that seem to stay completely still.",CROMACHIEF
STR_DIALOGS_TOWN_AP_D1_CROMACHIEF_5,texts_DIALOGS,"When we arrived, we came down in our shuttle to begin our research. I'm afraid I can't tell you its purpose but, unexpectedly, an enemy took advantage of the fact that most of our troops were here on the ground and boarded our module. They seem to be airborne pirates that have taken an interest in our technology.",CROMACHIEF
STR_DIALOGS_TOWN_AP_D1_CROMACHIEF_6,texts_DIALOGS,These pirates knew what they were doing. They cut the links that would allow us to get back and took the crew who remained inside as prisoners.,CROMACHIEF
STR_DIALOGS_TOWN_AP_D1_CROMACHIEF_7,texts_DIALOGS,"I'll be honest with you, defending the city is not what has led us to seek you out, but rather the artifacts you use. Those... orbs.",CROMACHIEF
STR_DIALOGS_TOWN_AP_D1_CROMACHIEF_8,texts_DIALOGS,"During our time here, a certain trader managed to provide us with an orb that would supposedly help us. This orb can release enormous amounts of energy that would reactivate our transport systems. Unfortunately, the orb was inactive and we're unable to use it.",CROMACHIEF
STR_DIALOGS_TOWN_AP_D1_CROMACHIEF_9,texts_DIALOGS,"We think you may be able to awaken it, as you seem to be quite familiar with them. Would you mind holding it, please?",CROMACHIEF
STR_DIALOGS_TOWN_AP_D3_CROMACHIEF_1,texts_DIALOGS,It's not working...,CROMACHIEF
STR_DIALOGS_TOWN_AP_D3_CROMACHIEF_2,texts_DIALOGS,"We suspected this would happen. After all, these artifacts are entirely new to us.",CROMACHIEF
STR_DIALOGS_TOWN_AP_D3_CROMACHIEF_3,texts_DIALOGS,"I'm sorry to overwhelm you, Human, but do you believe you could find a way to activate it? Magic is something that escapes our understanding, but we are aware that there are beings in the city who do possess such knowledge.",CROMACHIEF
STR_DIALOGS_TOWN_AP_D3_CROMACHIEF_4,texts_DIALOGS,"Unfortunately, we're not exactly adept at dealing with Hafin's inhabitants. Most of them seem to fear us... Do you think you could find someone with magical abilities that could awaken its power?",CROMACHIEF
STR_DIALOGS_TOWN_AP_D3_CROMACHIEF_5,texts_DIALOGS,"Think about it, Human... You may keep the orb until you return. It's not particularly useful to us in its current state. We'll be here if you make progress.",CROMACHIEF
STR_DIALOGS_TOWN_AP_D1_SIRFIEL_1,texts_DIALOGS,...,SIRFIEL
STR_DIALOGS_TOWN_AP_D1_SIRFIEL_2,texts_DIALOGS,...,SIRFIEL
STR_DIALOGS_TOWN_AP_D1_SIRFIEL_3,texts_DIALOGS,"Oh! Sorry, sorry! Have you been stood there long? These writings have me completely absorbed. You can't imagine the magical knowledge these volumes hold. We couldn't even dream of such wisdom back in Zarga.",SIRFIEL
STR_DIALOGS_TOWN_AP_D1_SIRFIEL_4,texts_DIALOGS,"And all of it's possible right here, where we stand right now! The amount of energy that flows through Terragaya is immense in comparison.",SIRFIEL
STR_DIALOGS_TOWN_AP_D1_SIRFIEL_5,texts_DIALOGS,Hmm?,SIRFIEL
STR_DIALOGS_TOWN_AP_D1_SIRFIEL_6,texts_DIALOGS,"Ah... I see. It's not the books that have brought you here, per se. You need to know if there's a way to restore an object's hidden powers.",SIRFIEL
STR_DIALOGS_TOWN_AP_D1_SIRFIEL_7,texts_DIALOGS,"Well, I'm sorry to tell you that those types of spells are simply impossible...",SIRFIEL
STR_DIALOGS_TOWN_AP_D1_SIRFIEL_8,texts_DIALOGS,...,SIRFIEL
STR_DIALOGS_TOWN_AP_D1_SIRFIEL_9,texts_DIALOGS,I'm joking! I was pulling your leg! The look on your face was priceless.,SIRFIEL
STR_DIALOGS_TOWN_AP_D1_SIRFIEL_10,texts_DIALOGS,"Luckily for you, it looks like pulling off something like that is Magic 101 in this world. The first book I read already featured several studies on how to perform an “energetic awakening”.",SIRFIEL
STR_DIALOGS_TOWN_AP_D2_SIRFIEL_1,texts_DIALOGS,"Right, shall we get started?",SIRFIEL
STR_DIALOGS_TOWN_AP_D3_SIRFIEL_1,texts_DIALOGS,"Done! That'll be a thousand gold coins, please.",SIRFIEL
STR_DIALOGS_TOWN_AP_D3_SIRFIEL_2,texts_DIALOGS,...,SIRFIEL
STR_DIALOGS_TOWN_AP_D3_SIRFIEL_3,texts_DIALOGS,"It's a joke! I'm joking! Oh, aren't you just a gem?",SIRFIEL
STR_DIALOGS_TOWN_AP_D3_SIRFIEL_4,texts_DIALOGS,"As your superior, I should be demanding an explanation as to why you're in possession of an element like that, and no, that's not a joke. But I have been keeping track of your achievements under General Brigard's command. He has nothing but praise for you, did you know that? So, I'll trust you. I can only hope you don't get into trouble while Jivan tries to cure our soldiers.",SIRFIEL
STR_DIALOGS_TOWN_AP_D3_SIRFIEL_5,texts_DIALOGS,"It's been a pleasure putting this knowledge into practice. If you need something else in the future, don't hesitate to come back.",SIRFIEL
STR_DIALOGS_TOWN_AP_D2_CROMACHIEF_1,texts_DIALOGS,You've done it! I knew you would return with the activated orb!,CROMACHIEF
STR_DIALOGS_TOWN_AP_D2_CROMACHIEF_2,texts_DIALOGS,"Just as the trader said, it emits a huge amount of electrical energy, far more than our magnetic pulses do. This is more than enough energy to activate the transporter.",CROMACHIEF
STR_DIALOGS_TOWN_AP_D2_CROMACHIEF_3,texts_DIALOGS,"Do you see that beacon on top of our pod? Jump up there. Once you're there, use the orb on the charger's central gemstone. It's an inactive mineral that you can easily recharge to restore the pod's energy.",CROMACHIEF
STR_DIALOGS_TOWN_AP_D1_EUDER_1,texts_DIALOGS,Just a moment!,EUDER
STR_DIALOGS_TOWN_AP_D4_CROMACHIEF_1,texts_DIALOGS,"Human, were you spying on us?!",CROMACHIEF
STR_DIALOGS_TOWN_AP_D4_EUDER_2,texts_DIALOGS,No!_100_ I mean..._100_ yes..._100_ but for good reason.,EUDER
STR_DIALOGS_TOWN_AP_D4_EUDER_3,texts_DIALOGS,Soldier! Why didn't you tell me about all this?,EUDER
STR_DIALOGS_TOWN_AP_D4_EUDER_4,texts_DIALOGS,I'm bored stiff in this city. I need action!,EUDER
STR_DIALOGS_TOWN_AP_D4_EUDER_5,texts_DIALOGS,"No need to ask, I'm in on the plan! Together we are stronger!",EUDER
STR_DIALOGS_TOWN_AP_D4_EUDER_6,texts_DIALOGS,Our achievements will go down in history!,EUDER
STR_DIALOGS_TOWN_AP_D4_CROMACHIEF_7,texts_DIALOGS,"You won't be coming, Humans. Once you activate the transporter for us, we won't have any further need for you.",CROMACHIEF
STR_DIALOGS_TOWN_AP_D4_EUDER_8,texts_DIALOGS,Do you really think we soldiers of Zarga are going to let you go up there without backup? You clearly don't know us very well.,EUDER
STR_DIALOGS_TOWN_AP_D4_EUDER_9,texts_DIALOGS,"Right, soldier?",EUDER
STR_DIALOGS_TOWN_AP_D4_CROMACHIEF_10,texts_DIALOGS,Are you really willing to risk your lives to help us?,CROMACHIEF
STR_DIALOGS_TOWN_AP_D4_EUDER_11,texts_DIALOGS,Absolutely! Irka could do with stretching his legs.,EUDER
STR_DIALOGS_TOWN_AP_D4_CROMACHIEF_12,texts_DIALOGS,"Alright, we appreciate Zarga's bravery.",CROMACHIEF
STR_DIALOGS_TOWN_AP_D4_EUDER_13,texts_DIALOGS,I've got something to ask in exchange for our help.,EUDER
STR_DIALOGS_TOWN_AP_D4_CROMACHIEF_14,texts_DIALOGS,"What is it that you need, Human?",CROMACHIEF
STR_DIALOGS_TOWN_AP_D4_EUDER_15,texts_DIALOGS,"If we pull this off, I want you to let my friend here keep that... sparkly... thing... You know, that ball you lent him.",EUDER
STR_DIALOGS_TOWN_AP_D4_CROMACHIEF_16,texts_DIALOGS,The spark orb?,CROMACHIEF
STR_DIALOGS_TOWN_AP_D4_EUDER_17,texts_DIALOGS,"Yes, that.",EUDER
STR_DIALOGS_TOWN_AP_D4_CROMACHIEF_18,texts_DIALOGS,I have no problem with that. You may keep it.,CROMACHIEF
STR_DIALOGS_TOWN_AP_D4_EUDER_19,texts_DIALOGS,Great! When do we leave?,EUDER
STR_DIALOGS_TOWN_AP_D5_CROMACHIEF_1,texts_DIALOGS,"Alright, soldier, when you are ready, jump onto the platform and activate the central gemstone.",CROMACHIEF
STR_DIALOGS_AF_D1_CROMACHIEF_1,texts_DIALOGS,We're finally back on board... Those pirates have a high price to pay.,CROMACHIEF
STR_DIALOGS_AF_D1_EUDER_2,texts_DIALOGS,A flying iron castle! How is that possible?,EUDER
STR_DIALOGS_AF_D1_CROMACHIEF_3,texts_DIALOGS,"We don't have time to explain the history of our evolution to you, so please try to concentrate on the mission.",CROMACHIEF
STR_DIALOGS_AF_D1_EUDER_4,texts_DIALOGS,Of course...,EUDER
STR_DIALOGS_AF_D1_CROMACHIEF_5,texts_DIALOGS,"Now, listen closely. The pirates have disabled almost all of the module's systems but, thanks to that orb, you'll be able to clear a path for yourself by recharging different circuits. However, even with the orb, there will still be disabled doors that you'll only be able to open with positively charged vimana minerals. You'll need to find the four generators.",CROMACHIEF
STR_DIALOGS_AF_D1_CROMACHIEF_6,texts_DIALOGS,"Try starting with the entrance door. After that, I'll provide you with the minerals.",CROMACHIEF
STR_DIALOGS_AF_D1_EUDER_7,texts_DIALOGS,"Gentlemen, have you finished? While you were talking, I had an idea. I could scout ahead with Irka and try to find the best routes to reach those generators.",EUDER
STR_DIALOGS_AF_D1_CROMACHIEF_8,texts_DIALOGS,You would have to be able to fly to allow us access. Nearly all the conduits are closed off right now.,CROMACHIEF
STR_DIALOGS_AF_D1_EUDER_9,texts_DIALOGS,"You don't know how happy it makes me that you've said that, he, he, he...",EUDER
STR_DIALOGS_AF_D1_EUDER_10,texts_DIALOGS,Get ready to be amazed. I've been keeping this trick up my sleeve for just this type of situation.,EUDER
STR_DIALOGS_AF_D2_EUDER_1,texts_DIALOGS,"I've never been one for magic, but Irka was blessed with this power when we arrived here.",EUDER
STR_DIALOGS_AF_D2_EUDER_2,texts_DIALOGS,"Absolutely speechless, aren't you? I imagined as much...",EUDER
STR_DIALOGS_AF_D2_CROMACHIEF_3,texts_DIALOGS,"Ah, your dog has wings...",CROMACHIEF
STR_DIALOGS_AF_D3_CROMACHIEF_1,texts_DIALOGS,Your horse has wings. Proceed with your reconnaissance mission. Inform us if you find something.,CROMACHIEF
STR_DIALOGS_AF_D3_EUDER_2,texts_DIALOGS,"I was hoping for a bigger reaction, to be honest...",EUDER
STR_DIALOGS_AF_D3_EUDER_3,texts_DIALOGS,"Alright, I shan't hang around any longer. I'm off.",EUDER
STR_DIALOGS_AF_D3_EUDER_4,texts_DIALOGS,"Stay alert, I'll be back to let you know what I've found.",EUDER
STR_DIALOGS_AF_D4_CROMACHIEF_1,texts_DIALOGS,We are inside. That gate is code-operated. Just a moment...,CROMACHIEF
STR_DIALOGS_AF_CROMACHIEF_INTRO_1_1,texts_DIALOGS,The door is damaged. See if you can restore power to it with a nearby element.,
STR_DIALOGS_AF_D5_CROMACHIEF_1,texts_DIALOGS,Well done! We have restored basic systems in this area. Use the transporter to proceed on your path.,CROMACHIEF
STR_DIALOGS_AF_D5_CROMACHIEF_2,texts_DIALOGS,"Here are the positively charged vimana minerals. Remember, you must place them in the four generators in order to gain access to the main control room.",CROMACHIEF
STR_DIALOGS_AF_D5_CROMACHIEF_3,texts_DIALOGS,"We are counting on you. Strength, human!",CROMACHIEF
STR_DIALOGS_AF_CROMACHIEF_INTRO_2_1,texts_DIALOGS,We need to reach the next room. Try to clear the way for us by disabling the turrets. They are out of control.,
STR_DIALOGS_AF_CROMACHIEF_INTRO_3_1,texts_DIALOGS,Try to restart the generators with the minerals.,
STR_DIALOGS_AF_D6_EUDER_1,texts_DIALOGS,Make way for the great Euder!,EUDER
STR_DIALOGS_AF_D6_EUDER_2,texts_DIALOGS,"Hello again, my little friend.",EUDER
STR_DIALOGS_AF_D6_EUDER_3,texts_DIALOGS,Have you seen just how amazing this machine is? And they say they don't use magic! I wonder how they keep it floating...,EUDER
STR_DIALOGS_AF_D6_EUDER_4,texts_DIALOGS,"Ah, I almost forgot amongst all the excitement. I've located the generators. Unfortunately, without that toy of yours, no one can access them. Give me your map, I'll mark their whereabouts for you.",EUDER
STR_DIALOGS_AF_D7_EUDER_1,texts_DIALOGS,You'll thank me when we're back on terra firma.,EUDER
STR_DIALOGS_AF_D7_EUDER_2,texts_DIALOGS,"Since we're up in the air, I'm going to take the opportunity to have a look good at the area. I'm sure General Brigard will find it useful to have an idea of what surrounds us in this world.",EUDER
STR_DIALOGS_AF_D7_EUDER_3,texts_DIALOGS,"Be good and, above all, be careful. It looks like this air pirate thing is no joke. There's a flying boat that's keeping them anchored.",EUDER
STR_DIALOGS_AF_D7_EUDER_4,texts_DIALOGS,"We're off! Giddy up, Irka!",EUDER
STR_DIALOGS_AF_D8_BIRK_1,texts_DIALOGS,"Magnificent and shining refined crystal... It's taken three days but, finally, you have the right energy grade.",BIRK
STR_DIALOGS_AF_D8_BIRK_2,texts_DIALOGS,"With you, we'll conquer the skies, just as it always should have been.",BIRK
STR_DIALOGS_AF_D9_BIRK_1,texts_DIALOGS,"Steel armour...
Ragged garments...
Swords, staffs and arrows...",BIRK
STR_DIALOGS_AF_D9_BIRK_2,texts_DIALOGS,You Humans are primitive to the point of boredom.,BIRK
STR_DIALOGS_AF_D9_BIRK_3,texts_DIALOGS,I don't understand how these Croma have managed to ally with something to uninteresting. They must be desperate.,BIRK
STR_DIALOGS_AF_D9_BIRK_4,texts_DIALOGS,"I'm sorry to tell you that, while you've managed to get this far, there is nothing you can do. We have full control of the module.",BIRK
STR_DIALOGS_AF_D9_BIRK_5,texts_DIALOGS,Although...,BIRK
STR_DIALOGS_AF_D10_BIRK_1,texts_DIALOGS,"Did you think I wouldn't notice that you had this on you? Its shine is hypnotising, isn't it?",BIRK
STR_DIALOGS_AF_D10_BIRK_2,texts_DIALOGS,"I'll take this. Just in case, you know?",BIRK
STR_DIALOGS_AF_D10_BIRK_3,texts_DIALOGS,"If I were you, I'd go. It's not a good idea to stay somewhere like this. Who knows how long it'll be before it comes crashing down?",BIRK
STR_DIALOGS_AF_D10_BIRK_4,texts_DIALOGS,"Listen to me and go back to your village, Human. Otherwise, things will end badly for you.",BIRK
STR_DIALOGS_AF_D10_BIRK_5,texts_DIALOGS,You've been warned.,BIRK
STR_DIALOGS_AF_D11_CROMAMINION_1,texts_DIALOGS,Str... th... Hum...,CROMAMINION
STR_DIALOGS_AF_D11_CROMAMINION_2,texts_DIALOGS,...,CROMAMINION
STR_DIALOGS_AF_D11_CROMAMINION_3,texts_DIALOGS,"Human, can you hear me? Is this working?",CROMAMINION
STR_DIALOGS_AF_D11_CROMAMINION_4,texts_DIALOGS,I'm speaking to you through the communicator.,CROMAMINION
STR_DIALOGS_AF_D11_CROMAMINION_5,texts_DIALOGS,It looks like you've just meet the pirates' leader.,CROMAMINION
STR_DIALOGS_AF_D11_CROMAMINION_6,texts_DIALOGS,"But, without those vimana minerals, you won't be able to reactivate the different sectors within the module. Blast... those were all we had to hand.",CROMAMINION
STR_DIALOGS_AF_D11_CROMAMINION_7,texts_DIALOGS,"Wait, tell me you've kept the <color=OBJ>negatively polarised minerals</color>. Yes, the red ones you found in the generators.",CROMAMINION
STR_DIALOGS_AF_D11_CROMAMINION_8,texts_DIALOGS,Good! You Humans are more astute than the commander expected.,CROMAMINION
STR_DIALOGS_AF_D11_CROMAMINION_9,texts_DIALOGS,I can restore their original polarity in the testing room so that they start to generate energy again.,CROMAMINION
STR_DIALOGS_AF_D11_CROMAMINION_10,texts_DIALOGS,"I'm going there now. If you carry on, you'll be able to find it.",CROMAMINION
STR_DIALOGS_AF_D11_CROMAMINION_11,texts_DIALOGS,I'll wait for you there. Over and out.,CROMAMINION
STR_DIALOGS_AF_D12_CROMAMINION_1,texts_DIALOGS,"I see you managed to arrive without issues, though I'm not particularly surprised at this point.",CROMAMINION
STR_DIALOGS_AF_D12_CROMAMINION_2,texts_DIALOGS,"We must hurry. Give me the minerals and I'll restore them, though I should tell you that the process will take some time. Best be patient.",CROMAMINION
STR_DIALOGS_AF_D13_CROMAMINION_1,texts_DIALOGS,How does this work...?,CROMAMINION
STR_DIALOGS_AF_D13_CROMAMINION_2,texts_DIALOGS,"Don't worry, I've seen the process a thousand times. I'll manage, I just need to focus.",CROMAMINION
STR_DIALOGS_AF_D14_DARK_CLAW_1,texts_DIALOGS,Well..._100_ done._100_ What a splendid catch.,
STR_DIALOGS_AF_D14_DARK_CLAW_2,texts_DIALOGS,I think I'll share this feast with you._100_ Would you..._100_ like that?,
STR_DIALOGS_AF_D15_DARK_CLAW_1,texts_DIALOGS,Was it you..._300_ or me...?,
STR_DIALOGS_AF_D16_CROMAMINION_1,texts_DIALOGS,"Phew, I've done it! I knew I could, you had nothing to fear!",CROMAMINION
STR_DIALOGS_AF_D16_CROMAMINION_2,texts_DIALOGS,Hmmm?_100_ Are you alright?_100_ You look exhausted.,CROMAMINION
STR_DIALOGS_AF_D16_CROMAMINION_3,texts_DIALOGS,"You've been practicing so you can kill that rat, haven't you?",CROMAMINION
STR_DIALOGS_AF_D16_CROMAMINION_4,texts_DIALOGS,"You should save your energy, I don't think it'll be easy to carry on from this point.",CROMAMINION
STR_DIALOGS_AF_D16_CROMAMINION_5,texts_DIALOGS,"Keep them safe, I don't know where we'll get more if you lose them.",CROMAMINION
STR_DIALOGS_AF_D16_CROMAMINION_6,texts_DIALOGS,"Strength, Human.",CROMAMINION
STR_DIALOGS_AF_D17_CROMAMINIONB_1,texts_DIALOGS,Who...? Who are you...?,CROMAMINIONB
STR_DIALOGS_AF_D17_CROMAMINIONB_2,texts_DIALOGS,Are you here to finish us off now that we're weakened?,CROMAMINIONB
STR_DIALOGS_AF_D18_CROMACHIEF_1,texts_DIALOGS,"It's alright, he's not one of those pirates. He's with me. He's called Human.",CROMACHIEF
STR_DIALOGS_AF_D18_CROMAMINIONB_2,texts_DIALOGS,Commander...,CROMAMINIONB
STR_DIALOGS_AF_D19_CROMACHIEF_1,texts_DIALOGS,"I know what you're thinking. I know they don't look much, but they've proven themselves to be a fierce ally, believe me.",CROMACHIEF
STR_DIALOGS_AF_D19_CROMAMINIONB_2,texts_DIALOGS,"That's not what I was going to say, Commander. I'm sorry that they were able to take over the Module so easily.",CROMAMINIONB
STR_DIALOGS_AF_D19_CROMAMINIONB_3,texts_DIALOGS,It must have been hard resorting to help from such a primitive race.,CROMAMINIONB
STR_DIALOGS_AF_D19_CROMACHIEF_4,texts_DIALOGS,No need to apologise. The spineless attack carried on us by those vermin took us all by complete surprise.,CROMACHIEF
STR_DIALOGS_AF_D19_CROMAMINIONB_5,texts_DIALOGS,"You've arrived just in time. We've retreated to this point to launch a surprise counterattack, but those birds are sharp-witted. They surrounded us and blocked off the air ducts. We thought we wouldn't survive to tell the tale.",CROMAMINIONB
STR_DIALOGS_AF_D19_CROMACHIEF_6,texts_DIALOGS,You know the circumstances our species find itself in. It is imperative that we survive at all costs.,CROMACHIEF
STR_DIALOGS_AF_D19_CROMAMINIONB_7,texts_DIALOGS,"The one who appears to be their leader is on the rear deck. I don't know what he's been doing, but he seems to be plotting something.",CROMAMINIONB
STR_DIALOGS_AF_D19_CROMACHIEF_8,texts_DIALOGS,"We will not let him escape, but I need you all to get to safety first.",CROMACHIEF
STR_DIALOGS_AF_D20_BIRK_1,texts_DIALOGS,"So, you're still here...",BIRK
STR_DIALOGS_AF_D20_BIRK_2,texts_DIALOGS,Didn't I tell you it was dangerous to stay on this piece of junk?,BIRK
STR_DIALOGS_AF_D20_BIRK_3,texts_DIALOGS,"The party's over. We've already taken everything of value to us, so I don't plan on staying another minute on this trash heap.",BIRK
STR_DIALOGS_AF_D20_BIRK_4,texts_DIALOGS,"Although... you've already taken a fair few blows, perhaps I could try out my new energy source on you.",BIRK
STR_DIALOGS_AF_D20_BIRK_5,texts_DIALOGS,"Don't take it personally, Human.",BIRK
STR_DIALOGS_AF_D21_BIRK_1,texts_DIALOGS,UNLIMITED POWER!,BIRK
STR_DIALOGS_AF_D21_BIRK_2,texts_DIALOGS,Our potential will be infinite from now on!,BIRK
STR_DIALOGS_AF_D22_BIRK_1,texts_DIALOGS,"Don't be afraid, I'll be quick.",BIRK
STR_DIALOGS_AF_D23_BIRK_1,texts_DIALOGS,How can this be?,BIRK
STR_DIALOGS_AF_D23_BIRK_2,texts_DIALOGS,How can someone like you defeat the Pirates of the Broken Wing?,BIRK
STR_DIALOGS_AF_D23_BIRK_3,texts_DIALOGS,Today was supposed to be the start of our great destiny...,BIRK
STR_DIALOGS_AF_D23_BIRK_4,texts_DIALOGS,"Grrr... Your people have earnt a place on our list of enemies. One day we'll pillage and plunder you, just for fun. Enjoy your victory, bumpkin.",BIRK
STR_DIALOGS_AF_D24_EUDER_1,texts_DIALOGS,"Have no fear, for the cavalry is here!",EUDER
STR_DIALOGS_AF_D25_EUDER_1,texts_DIALOGS,"Never better said, right?",EUDER
STR_DIALOGS_AF_D25_CROMACHIEF_2,texts_DIALOGS,What has happened? Where is that vermin?,CROMACHIEF
STR_DIALOGS_AF_D25_CROMACHIEF_3,texts_DIALOGS,...,CROMACHIEF
STR_DIALOGS_AF_D25_CROMACHIEF_4,texts_DIALOGS,"I see, he has fled with his tail between his legs. He is lucky that our priority now is to repair our systems.",CROMACHIEF
STR_DIALOGS_AF_D25_CROMACHIEF_5,texts_DIALOGS,"In the name of the Croma survivors of Floating Module Gamma, we are eternally indebted to the soldiers of Zarga. From now on, your hunt shall be our hunt.",CROMACHIEF
STR_DIALOGS_AF_D25_CROMACHIEF_6,texts_DIALOGS,"As agreed, you may keep the ray orb.",CROMACHIEF
STR_DIALOGS_AF_D26_CROMACHIEF_1,texts_DIALOGS,You may keep the electric orb.,CROMACHIEF
STR_DIALOGS_AF_D27_EUDER_1,texts_DIALOGS,"Gentlemen, gentlemen...",EUDER
STR_DIALOGS_AF_D27_EUDER_2,texts_DIALOGS,No need to thank us. Zarga always takes on danger in the name of justice... though celebration is most welcome.,EUDER
STR_DIALOGS_AF_D27_CROMACHIEF_3,texts_DIALOGS,"You have done a lot for us. You may use any of our transporters to leave the ship at any time, and you're free to return whenever you like.",CROMACHIEF
STR_DIALOGS_AF_D27_EUDER_4,texts_DIALOGS,"Thanks for the invitation, but we have a Guardian to find.",EUDER
STR_DIALOGS_AF_D27_CROMACHIEF_5,texts_DIALOGS,Guardian?,CROMACHIEF
STR_DIALOGS_AF_D27_EUDER_6,texts_DIALOGS,Didn't those Valkyries task you with the same mission?,EUDER
STR_DIALOGS_AF_D27_CROMACHIEF_7,texts_DIALOGS,"As I said, we came to this world on our Floating Module. There is much about it that we simply do not know.",CROMACHIEF
STR_DIALOGS_AF_D27_EUDER_8,texts_DIALOGS,"So it seems all of us are the weird ones around here, then.",EUDER
STR_DIALOGS_AF_D28_EUDER_1,texts_DIALOGS,Never mind.,EUDER
STR_DIALOGS_AF_D28_EUDER_2,texts_DIALOGS,"Soldier, we should head back. While I was flying above this machine, I noticed an interesting area beyond the swamp to the east.",EUDER
STR_DIALOGS_AF_D28_EUDER_3,texts_DIALOGS,I'd like to explore it and deliver a full report of our adventures to General Brigard.,EUDER
STR_DIALOGS_AF_D28_EUDER_4,texts_DIALOGS,Whad'ya say? Shall we go for one last ride? Promise to get you home in time for dinner!,EUDER
STR_DIALOGS_AF_D29_EUDER_1,texts_DIALOGS,Yes! I know I could count on you.,EUDER
STR_DIALOGS_AF_D29_EUDER_2,texts_DIALOGS,"Alright, let Irka work his magic.",EUDER
STR_DIALOGS_AF_D30_EUDER_1,texts_DIALOGS,"Now, hop on!",EUDER
STR_DIALOGS_AF_D31_CROMACHIEF_1,texts_DIALOGS,"Humans, one last thing...",CROMACHIEF
STR_DIALOGS_AF_D31_CROMACHIEF_2,texts_DIALOGS,The beings you defeated in the city are what brought us here. Be extremely careful; they're more dangerous than you could ever imagine. There are sure to be more out there.,CROMACHIEF
STR_DIALOGS_AF_D31_EUDER_3,texts_DIALOGS,Of course. We're off; let us know if those pretentious pigeons try to mess with you again. We'd be happy to beat them back again.,EUDER
STR_DIALOGS_AF_D31_CROMACHIEF_4,texts_DIALOGS,"Strength, Human.",CROMACHIEF
STR_DIALOGS_AF_D31_EUDER_5,texts_DIALOGS,Giddy up!,EUDER
STR_DIALOGS_AF_D32_EUDER_1,texts_DIALOGS,I can't see much further ahead thanks to the gases in this area. I'm willing to bet there's something around here of use to our search.,EUDER
STR_DIALOGS_AF_D33_EUDER_1,texts_DIALOGS,We're about to arrive.,EUDER
STR_DIALOGS_AF_D34_CROMAMINION_1,texts_DIALOGS,Str... th... Hum...,CROMAMINION
STR_DIALOGS_AF_D34_CROMAMINION_2,texts_DIALOGS,...,CROMAMINION
STR_DIALOGS_AF_D35_CROMAMINION_1,texts_DIALOGS,"Pay attention, Human. What you see before you is one of the four generators we need to restart in order to access the control room.",CROMAMINION
STR_DIALOGS_AF_D35_CROMAMINION_2,texts_DIALOGS,"In order to insert the <color=OBJ>positively polarised mineral</color> into the generator, we first need to supply it with energy.",CROMAMINION
STR_DIALOGS_AF_D35_CROMAMINION_3,texts_DIALOGS,Try to restore power to it by using the <color=OBJ>Electric Orb</color>.,CROMAMINION
STR_DIALOGS_AF_D35_CROMAMINION_4,texts_DIALOGS,"Strength, Human. Over and out.",CROMAMINION
STR_DIALOGS_AF_CROMACHIEF_INTRO_4_1,texts_DIALOGS,"If those cowards had attacked us head-on, we wouldn't have had to even begin fighting them. We are a race of hunters, that is why we are here. But now our prey is another.",
STR_DIALOGS_AF_CROMAMINIONB_INTRO_1_1,texts_DIALOGS,"Thank you... Human...? The commander found some good allies while he was down there. We'd lend you one of our armour suits, but I think you'd get lost inside it.",
STR_DIALOGS_LOREM_IPSUM_1,texts_DIALOGS,STR_DIALOGS_LOREM_IPSUM_1,
STR_DIALOGS_LOREM_IPSUM_2,texts_DIALOGS,STR_DIALOGS_LOREM_IPSUM_2,
STR_DIALOGS_DESERT_AP_D0_BRIGARD_1,texts_DIALOGS,I've brought backup!,BRIGARD
STR_DIALOGS_DESERT_AP_D0_BRIGARD_2,texts_DIALOGS,Though I can see it wasn't needed...,BRIGARD
STR_DIALOGS_DESERT_AP_D0_ADAMONT_3,texts_DIALOGS,General Brigard?!,ADAMONT
STR_DIALOGS_DESERT_AP_D0_ADAMONT_4,texts_DIALOGS,"I'm sorry to have worried you, General.",ADAMONT
STR_DIALOGS_DESERT_AP_D0_BRIGARD_5,texts_DIALOGS,Let's go back to the city. You can tell me what's happened there.,BRIGARD
STR_DIALOGS_DESERT_AP_D1_BRIGARD_1,texts_DIALOGS,What the...?,BRIGARD
STR_DIALOGS_DESERT_AP_D2_GALATH_1,texts_DIALOGS,"Is this a mirage?_300_ When my informants told me, I couldn't believe it. The great Brigard himself, in person!",GALATH
STR_DIALOGS_DESERT_AP_D3_BRIGARD_1,texts_DIALOGS,Galath?!,BRIGARD
STR_DIALOGS_DESERT_AP_D3_ADAMONT_2,texts_DIALOGS,The Lion of Dadelm?_300_ Here?,ADAMONT
STR_DIALOGS_DESERT_AP_D3_GALATH_3,texts_DIALOGS,So that's why you didn't show up to the battlefield...,GALATH
STR_DIALOGS_DESERT_AP_D3_GALATH_4,texts_DIALOGS,"Bahahaha!_300_ My, my... How tragic! You died before you could even set off! What an end for the “unbeatable” Sword of Zarga.",GALATH
STR_DIALOGS_DESERT_AP_D4_BRIGARD_1,texts_DIALOGS,The war... is over?! What happened?!,BRIGARD
STR_DIALOGS_DESERT_AP_D4_GALATH_2,texts_DIALOGS,"As far as I'm aware, up until those Valkyries appeared, no. But since you're here, I doubt it'll last much longer._100_ Unfortunately for me, I won't see the fall of Zarga with my own eyes...",GALATH
STR_DIALOGS_DESERT_AP_D4_GALATH_3,texts_DIALOGS,That damned friend of yours gifted me an arrow in the back...,GALATH
STR_DIALOGS_DESERT_AP_D4_BRIGARD_4,texts_DIALOGS,Riva! If you've hurt her...,BRIGARD
STR_DIALOGS_DESERT_AP_D4_GALATH_5,texts_DIALOGS,"Brigard... It's a war... If she isn't here yet, she will be soon.",GALATH
STR_DIALOGS_DESERT_AP_D4_BRIGARD_6,texts_DIALOGS,Tsk...,BRIGARD
STR_DIALOGS_DESERT_AP_D4_GALATH_7,texts_DIALOGS,"The only thing that comforts me is that you fell first. So, what was it that happened to you?",GALATH
STR_DIALOGS_DESERT_AP_D5_BRIGARD_1,texts_DIALOGS,...,BRIGARD
STR_DIALOGS_DESERT_AP_D5_GALATH_2,texts_DIALOGS,Wait._100_ Those bodies..._500_ You aren't dead?!,GALATH
STR_DIALOGS_DESERT_AP_D5_GALATH_3,texts_DIALOGS,"Damn Brigard! Always trying to be the better one, even in the afterlife. Time to fix this problem.",GALATH
STR_DIALOGS_DESERT_AP_D5_BRIGARD_4,texts_DIALOGS,"Wait, Galath. There's no need for fighting. We're all searching for the same thing.",BRIGARD
STR_DIALOGS_DESERT_AP_D6_GALATH_1,texts_DIALOGS,"What I'm searching for is right in front of me. This moment was snatched away from me in battle, but don't think I plan on wasting a second chance.",GALATH
STR_DIALOGS_DESERT_AP_D7_GALATH_1,texts_DIALOGS,Soldiers!_200_ Attack!,GALATH
STR_DIALOGS_DESERT_AP_D8_ADAMONT_1,texts_DIALOGS,General Brigard!,ADAMONT
STR_DIALOGS_DESERT_AP_D8_BRIGARD_2,texts_DIALOGS,"Stay back, Adamont. We will handle this.",BRIGARD
STR_DIALOGS_DESERT_AP_D9_GALATH_1,texts_DIALOGS,Enough!,GALATH
STR_DIALOGS_DESERT_AP_D9_GALATH_2,texts_DIALOGS,"So it's true what they say about the energy this world holds. Winning this battle means nothing, Brigard.",GALATH
STR_DIALOGS_DESERT_AP_D9_GALATH_3,texts_DIALOGS,"Fall back, soldiers!_100_ Best keep your eyes peeled, I won't abandon my prey so easily.",GALATH
STR_DIALOGS_DESERT_AP_D9_BRIGARD_4,texts_DIALOGS,...,BRIGARD
STR_DIALOGS_DESERT_AP_D10_ADAMONT_1,texts_DIALOGS,Dadelm's General is dead._100_ Perhaps all is not lost after all.,ADAMONT
STR_DIALOGS_DESERT_AP_D10_BRIGARD_2,texts_DIALOGS,"I don't know, Adamont. Zarga's forces have been practically halved. Even if Galath has fallen, winning this war will not be easy for them.",BRIGARD
STR_DIALOGS_DESERT_AP_D11_BRIGARD_1,texts_DIALOGS,"(Please, Riva... Survive)",BRIGARD
STR_DIALOGS_DESERT_AP_D12_BRIGARD_1,texts_DIALOGS,We shall speak at the citadel and think of something.,BRIGARD
STR_DIALOGS_DESERT_AP_D12_BRIGARD_2,texts_DIALOGS,"Well done, soldier!",BRIGARD
STR_DIALOGS_DESERT_AP_D12_BRIGARD_3,texts_DIALOGS,We're leaving.,BRIGARD
STR_DIALOGS_DESERT_AP_D12_ADAMONT_4,texts_DIALOGS,"Yes, General!",ADAMONT
STR_DIALOGS_DESERT_AP_D13_ADAMONT_1,texts_DIALOGS,You heard the General!_100_  Fall behind and I'll kick you there myself. March!,ADAMONT
STR_DIALOGS_PLAINS3_RESCUE_D1_SOLDIER_1,texts_DIALOGS,Get back! Don't come any closer! I know what you're trying to do!,SOLDIER
STR_DIALOGS_PLAINS3_RESCUE_D2_EUDER_1,texts_DIALOGS,"We heroes always arrive at the last second, have no fear!",EUDER
STR_DIALOGS_PLAINS3_RESCUE_D3_VALKIRIE1_1,texts_DIALOGS,Wait! You weren't going to intervene... were you?,VALKIRIE1
STR_DIALOGS_PLAINS3_RESCUE_D3_VALKIRIE2_2,texts_DIALOGS,"You heard Liandris. These beings are not part of this, nor were they brought by us. We cannot ignore them any longer.",VALKIRIE2
STR_DIALOGS_PLAINS3_RESCUE_D4_VALKIRIE2_1,texts_DIALOGS,"It hasn't touched him, but he's suffered a fall. Take him to the city quickly, he will recover.",VALKIRIE2
STR_DIALOGS_PLAINS3_RESCUE_D4_EUDER_2,texts_DIALOGS,But of course...,EUDER
STR_DIALOGS_PLAINS3_RESCUE_D4_VALKIRIE2_3,texts_DIALOGS,...,VALKIRIE2
STR_DIALOGS_PLAINS3_RESCUE_D4_EUDER_4,texts_DIALOGS,Erm... Are you alright?,EUDER
STR_DIALOGS_PLAINS3_RESCUE_D4_VALKIRIE2_5,texts_DIALOGS,...ng...,VALKIRIE2
STR_DIALOGS_PLAINS3_RESCUE_D5_EUDER_1,texts_DIALOGS,Is it something I said?,EUDER
STR_DIALOGS_PLAINS3_RESCUE_D5_VALKIRIE1_2,texts_DIALOGS,Sangrigor! What's happening?!,VALKIRIE1
STR_DIALOGS_PLAINS3_RESCUE_D5_SANGRIGOR_3,texts_DIALOGS,WHAT'S HAPP...,SANGRIGOR
STR_DIALOGS_PLAINS3_RESCUE_D6_VALKIRIE1_1,texts_DIALOGS,Sangrigor!,VALKIRIE1
STR_DIALOGS_PLAINS3_RESCUE_D6_SANGRIGOR_2,texts_DIALOGS,AAAH!,SANGRIGOR
STR_DIALOGS_PLAINS3_RESCUE_D7_VALKIRIE1_1,texts_DIALOGS,Wait!,VALKIRIE1
STR_DIALOGS_PLAINS3_RESCUE_D7_VALKIRIE1_2,texts_DIALOGS,"(Sangrigor... Hmm, I don't see that parasite anywhere either. I must tell Liandris)",VALKIRIE1
STR_DIALOGS_PLAINS3_RESCUE_D8_EUDER_1,texts_DIALOGS,"Wow, I don't normally have that effect on people...",EUDER
STR_DIALOGS_PLAINS3_RESCUE_D8_EUDER_2,texts_DIALOGS,"What exactly just happened? Because, if you know, I'd quite like to be made aware.",EUDER
STR_DIALOGS_PLAINS3_RESCUE_D8_EUDER_3,texts_DIALOGS,Oh! I nearly forgot! I need to take him to the city. That old owl will know what to do.,EUDER
STR_DIALOGS_PLAINS3_RESCUE_D8_EUDER_4,texts_DIALOGS,"Aw, I'm missing out on all the fun. Captain's duties, I guess. I'll leave you to carry on. Be good.",EUDER
STR_DIALOGS_PLAINS3_RESCUE_D8_EUDER_5,texts_DIALOGS,Giddy up!,EUDER
STR_DIALOGS_PLAINS3_DV_D1_SANGRIGOR_1,texts_DIALOGS,"Come on, soldier... Don't make this difficult.",SANGRIGOR
STR_DIALOGS_PLAINS3_DV_D1_SANGRIGOR_2,texts_DIALOGS,How can you defy your own general? Are you no longer part of that army you so strive to save?,SANGRIGOR
STR_DIALOGS_PLAINS3_DV_D1_SANGRIGOR_3,texts_DIALOGS,"As you wish, I'll do myself. Be still while I free you of this suffering.",SANGRIGOR
STR_DIALOGS_PLAINS3_DV_D2_SANGRIGOR_1,texts_DIALOGS,Tsk...,SANGRIGOR
STR_DIALOGS_PLAINS3_DV_D2_SANGRIGOR_2,texts_DIALOGS,"You're more resistant than the rest but, for me, you're no more than a worm trying to escape an apple.",SANGRIGOR
STR_DIALOGS_PLAINS3_DV_D2_SANGRIGOR_3,texts_DIALOGS,This ends now.,SANGRIGOR
STR_DIALOGS_PLAINS3_DV_D3_SANGRIGOR_1,texts_DIALOGS,Liandris!,SANGRIGOR
STR_DIALOGS_PLAINS3_DV_D3_SANGRIGOR_2,texts_DIALOGS,"Liandris, help me to trap that soldier. His strength threatens our plans.",SANGRIGOR
STR_DIALOGS_PLAINS3_DV_D3_LIANDRIS_3,texts_DIALOGS,Sangrigor? What are you talking about? What are you doing?,LIANDRIS
STR_DIALOGS_PLAINS3_DV_D3_SANGRIGOR_4,texts_DIALOGS,We must spread the Dark Plague to every corner of this world. That is our purpose.,SANGRIGOR
STR_DIALOGS_PLAINS3_DV_D3_LIANDRIS_5,texts_DIALOGS,"Sangrigor, that's not you talking, it's one of the parasites.",LIANDRIS
STR_DIALOGS_PLAINS3_DV_D3_LIANDRIS_6,texts_DIALOGS,Listen to me closely.,LIANDRIS
STR_DIALOGS_PLAINS3_DV_D3_SANGRIGOR_7,texts_DIALOGS,"I see... You don't understand anything either, just like the others.",SANGRIGOR
STR_DIALOGS_PLAINS3_DV_D3_LIANDRIS_8,texts_DIALOGS,What...?,LIANDRIS
STR_DIALOGS_PLAINS3_DV_D3_SANGRIGOR_9,texts_DIALOGS,You think it's a parasite that's controlling me?_300_ That I'm doing this because I'm a puppet?,SANGRIGOR
STR_DIALOGS_PLAINS3_DV_D3_SANGRIGOR_10,texts_DIALOGS,Ahahaha! You are funny...,SANGRIGOR
STR_DIALOGS_PLAINS3_DV_D4_LIANDRIS_1,texts_DIALOGS,The parasite...,LIANDRIS
STR_DIALOGS_PLAINS3_DV_D4_SANGRIGOR_2,texts_DIALOGS,"Quickly, Liandris! Take it! He will show you the truth! Do it!",SANGRIGOR
STR_DIALOGS_PLAINS3_DV_D4_LIANDRIS_3,texts_DIALOGS,You have gone too far. I can no longer ask for mercy on you.,LIANDRIS
STR_DIALOGS_PLAINS3_DV_D4_SANGRIGOR_4,texts_DIALOGS,"I thought you would listen to me, but I won't give up until I break your chains.",SANGRIGOR
STR_DIALOGS_PLAINS3_DV_D4_SANGRIGOR_5,texts_DIALOGS,I'll be back for all of you.,SANGRIGOR
STR_DIALOGS_PLAINS3_DV_D5_LIANDRIS_1,texts_DIALOGS,Sangrigor!,LIANDRIS
STR_DIALOGS_PLAINS3_DV_D6_HAFINSOLDIER_1,texts_DIALOGS,Ah! There you are!,HAFINSOLDIER
STR_DIALOGS_PLAINS3_DV_D6_HAFINSOLDIER_2,texts_DIALOGS,By the Gods! What on Terragaya has happened here?,HAFINSOLDIER
STR_DIALOGS_PLAINS3_DV_D6_HAFINSOLDIER_3,texts_DIALOGS,Are they victims of the infection?,HAFINSOLDIER
STR_DIALOGS_PLAINS3_DV_D6_HAFINSOLDIER_4,texts_DIALOGS,"Quick, soldier, we must get back to Hafin. Jivan is preparing the final stages of his curative spell.  Let's take them to him.",HAFINSOLDIER
STR_DIALOGS_GARTUA_WEAPON_ACOLYTE_FIRE_1,texts_DIALOGS,STR_DIALOGS_GARTUA_WEAPON_ACOLYTE_FIRE_1,
STR_DIALOGS_GARTUA_WEAPON_ACOLYTE_FIRE_2,texts_DIALOGS,STR_DIALOGS_GARTUA_WEAPON_ACOLYTE_FIRE_2,
STR_DIALOGS_GARTUA_WEAPON_BLINDING_BOMB_1,texts_DIALOGS,STR_DIALOGS_GARTUA_WEAPON_BLINDING_BOMB_1,
STR_DIALOGS_GARTUA_WEAPON_BLINDING_BOMB_2,texts_DIALOGS,STR_DIALOGS_GARTUA_WEAPON_BLINDING_BOMB_2,
STR_DIALOGS_GARTUA_WEAPON_ELECTRIC_ESSENCE_1,texts_DIALOGS,STR_DIALOGS_GARTUA_WEAPON_ELECTRIC_ESSENCE_1,
STR_DIALOGS_GARTUA_WEAPON_ELECTRIC_ESSENCE_2,texts_DIALOGS,STR_DIALOGS_GARTUA_WEAPON_ELECTRIC_ESSENCE_2,
STR_DIALOGS_GARTUA_WEAPON_KOBOLD_AXE_1,texts_DIALOGS,STR_DIALOGS_GARTUA_WEAPON_KOBOLD_AXE_1,
STR_DIALOGS_GARTUA_WEAPON_KOBOLD_AXE_2,texts_DIALOGS,STR_DIALOGS_GARTUA_WEAPON_KOBOLD_AXE_2,
STR_DIALOGS_GARTUA_WEAPON_KOBOLD_AXE_3,texts_DIALOGS,STR_DIALOGS_GARTUA_WEAPON_KOBOLD_AXE_3,
STR_DIALOGS_GARTUA_WEAPON_NOMAD_KNIFE_1,texts_DIALOGS,STR_DIALOGS_GARTUA_WEAPON_NOMAD_KNIFE_1,
STR_DIALOGS_GARTUA_WEAPON_NOMAD_KNIFE_2,texts_DIALOGS,STR_DIALOGS_GARTUA_WEAPON_NOMAD_KNIFE_2,
STR_DIALOGS_GARTUA_WEAPON_POISON_KNIFE_1,texts_DIALOGS,STR_DIALOGS_GARTUA_WEAPON_POISON_KNIFE_1,
STR_DIALOGS_GARTUA_WEAPON_POISON_KNIFE_2,texts_DIALOGS,STR_DIALOGS_GARTUA_WEAPON_POISON_KNIFE_2,
STR_DIALOGS_GARTUA_WEAPON_THUNDER_LANCE_1,texts_DIALOGS,STR_DIALOGS_GARTUA_WEAPON_THUNDER_LANCE_1,
STR_DIALOGS_GARTUA_WEAPON_THUNDER_LANCE_2,texts_DIALOGS,STR_DIALOGS_GARTUA_WEAPON_THUNDER_LANCE_2,
STR_DIALOGS_CROMACHIEF_AP_INTRO_1_1,texts_DIALOGS,"To activate the orb, think of someone who has ample knowledge of the power you call 'magic'.",
STR_DIALOGS_CROMACHIEF_AP_INTRO_2_1,texts_DIALOGS,"Go on, use the <color=OBJ>Electric Orb with the generator</color> to restore power to the portal. That crystal up there. Then jump onto the transporter's beacon and activate it to travel to the Floating Module.",
STR_DIALOGS_CROMACHIEF_AAF_INTRO_1_1,texts_DIALOGS,My sincerest thanks. My people will always be in your debt. We will never forget this.,
STR_DIALOGS_SCRIBLES_DESERT_INTRO_1_1,texts_DIALOGS,"My goodness, it's hot! An old Kobold like me simply melts in this climate. I can't stop panting.",
STR_DIALOGS_SCRIBLES_DESERT_INTRO_1_2,texts_DIALOGS,"Is that you, tin man? Of course it is.",
STR_DIALOGS_SCRIBLES_DESERT_INTRO_1_3,texts_DIALOGS,"You've arrived just as I was leaving, so I can't accompany you beyond this point. I don't think I'll be back in the desert, unless I bring my caravan.",
STR_DIALOGS_SCRIBLES_DESERT_INTRO_1_4,texts_DIALOGS,"Luckily for you, I've sketched out the route that I took on my way here. You can take a look in my shop, yes? Perhaps we've travelled different paths.",
STR_DIALOGS_SCRIBLES_SEWER_INTRO_1_1,texts_DIALOGS,Who would've thought that there was an entire labyrinth under Hafin?,
STR_DIALOGS_SCRIBLES_SEWER_INTRO_1_2,texts_DIALOGS,"Don't you just feel like a crocodile's going to appear at any moment? Ahaha... ha... cough, cough, it was a joke.",
STR_DIALOGS_SCRIBLES_SEWER_INTRO_1_3,texts_DIALOGS,"Anyway, let's not take up more of each other's time, yes? I'll leave you to be on your way, I'll be mapping out all of this. You can come and see my progress in my shop, if you'd like.",
STR_DIALOGS_SCRIBLES_SEWER_OUTRO_1_1,texts_DIALOGS,"Until next time, tin man!",
STR_DIALOGS_SCRIBLES_SWAMP_INTRO_1_1,texts_DIALOGS,Yes! This old dog still has a good nose. How did you think I got around all that venom?,
STR_DIALOGS_SCRIBLES_SWAMP_INTRO_1_2,texts_DIALOGS,"Of course I'm not talking to myself. I'm talking to you, tin man. You know? I've stopped being surprised at you turning up. You have the same adventurous spirit I did at your age. Well... and at mine.",
STR_DIALOGS_SCRIBLES_SWAMP_INTRO_1_3,texts_DIALOGS,"Don't tell me, I'll guess, yes? You're looking for... New maps! Say no more. You'll find everything you need in my shop, yes?",
STR_DIALOGS_SCRIBLES_TOWN_BRIDGE_INTRO_1_1,texts_DIALOGS,"I'll never confuse your armour with another tin man's, yes?",
STR_DIALOGS_SCRIBLES_TOWN_BRIDGE_INTRO_1_2,texts_DIALOGS,"Don't worry, I always keep several copies of all my maps. I shall keep them until you decide you're interested.",
STR_DIALOGS_SCRIBLES_ALLMAPS_INTRO_1_1,texts_DIALOGS,You know this continent as much as I do now. There's nothing else I can help you with.,
STR_DIALOGS_SCRIBLES_ALLMAPS_INTRO_1_2,texts_DIALOGS,"If you thought I was going to spend the rest of my days in the city, you were quite wrong. I'm thinking about travelling to other lands with my caravan. If you ever pass by, I'll have a good pile of maps for you, yes?",
STR_DIALOGS_QS_SCRIBLES_REVEILMAPS_PART1_1_1,texts_DIALOGS,Tin man? Yes... yes... it is you... I'd never forget armour like that.,
STR_DIALOGS_QS_SCRIBLES_REVEILMAPS_PART1_1_2,texts_DIALOGS,Goodness me! I see you've been all over the place. Let's see now... the Spider Lair... Great Pyramid of Anubis... the Cromas' Floating Module...,
STR_DIALOGS_QS_SCRIBLES_REVEILMAPS_PART1_1_3,texts_DIALOGS,But you haven't explored them very well... have you? Here's a suggestion: complete 100% of these maps and I'll reward you with something pretty.,
STR_DIALOGS_QS_SCRIBLES_REVEILMAPS_PART1_2_1,texts_DIALOGS,Wow! You've managed to reveal all the areas I tasked you with!,
STR_DIALOGS_QS_SCRIBLES_REVEILMAPS_PART1_2_2,texts_DIALOGS,"You remind me of me in me youth, but with less hair.",
STR_DIALOGS_QS_SCRIBLES_REVEILMAPS_PART1_2_3,texts_DIALOGS,STR_DIALOGS_QS_SCRIBLES_REVEILMAPS_PART1_2_3,
STR_DIALOGS_QS_SCRIBLES_REVEILMAPS_PART2_1_1,texts_DIALOGS,Tin man? Yes... yes... it is you... I'd never forget armour like that.,
STR_DIALOGS_QS_SCRIBLES_REVEILMAPS_PART2_1_2,texts_DIALOGS,Goodness me! I see you've been all over the place. Let's see now... the Sunken Laboratory... the Fire Temple... Dragon Castle...,
STR_DIALOGS_QS_SCRIBLES_REVEILMAPS_PART2_1_3,texts_DIALOGS,But you haven't explored them very well... have you? Here's a suggestion: complete 100% of these maps and I'll reward you with something pretty.,
STR_DIALOGS_QS_SCRIBLES_REVEILMAPS_PART2_2_1,texts_DIALOGS,Wow! You've managed to reveal all the areas I tasked you with!,
STR_DIALOGS_QS_SCRIBLES_REVEILMAPS_PART2_2_2,texts_DIALOGS,"You remind me of me in me youth, but with less hair.",
STR_DIALOGS_QS_SCRIBLES_REVEILMAPS_PART2_2_3,texts_DIALOGS,STR_DIALOGS_QS_SCRIBLES_REVEILMAPS_PART2_2_3,
STR_DIALOGS_QS_BALOF_VIMANA_GEARS_PART1_1,texts_DIALOGS,"Hey, I wanted to ask 'ya something.",
STR_DIALOGS_QS_BALOF_VIMANA_GEARS_PART1_2,texts_DIALOGS,Do 'ya think these glasses make me look short-sighted?,
STR_DIALOGS_QS_BALOF_VIMANA_GEARS_PART1_3,texts_DIALOGS,"Heheh... Well, it's quite the opposite. These glasses let me detect all the random junk I come across when I'm out searching.",
STR_DIALOGS_QS_BALOF_VIMANA_GEARS_PART1_4,texts_DIALOGS,You know where I'm going with this...,
STR_DIALOGS_QS_BALOF_VIMANA_GEARS_PART1_5,texts_DIALOGS,That aero... whatever it is up there in the clouds hasn't exactly escaped my attention.,
STR_DIALOGS_QS_BALOF_VIMANA_GEARS_PART1_6,texts_DIALOGS,"There are tales about the Croma that talk about this sorta structure, but this is the first time I've been able to see with my own eyes that they exist.",
STR_DIALOGS_QS_BALOF_VIMANA_GEARS_PART1_7,texts_DIALOGS,"You don't know what that means for someone like me. Croma technology is known across Terragaya, but it's impossible to use here, as vimana minerals aren't naturally occuring in this world.",
STR_DIALOGS_QS_BALOF_VIMANA_GEARS_PART1_8,texts_DIALOGS,Which means that machine comes from a different one.,
STR_DIALOGS_QS_BALOF_VIMANA_GEARS_PART1_9,texts_DIALOGS,"I'm right, aren't I? Don't worry, I don't plan on telling anyone.",
STR_DIALOGS_QS_BALOF_VIMANA_GEARS_PART1_10,texts_DIALOGS,But... I would like to ask a mega favour from a mega friend who really admires you.,
STR_DIALOGS_QS_BALOF_VIMANA_GEARS_PART1_11,texts_DIALOGS,Could you bring me a few parts from that flying thingamajig? <color=OBJ>Twenty Vimana Cogs</color> should be enough. You have no idea how interested I am in taking a good look at that sorta technology.,
STR_DIALOGS_QS_BALOF_VIMANA_GEARS_PART1_12,texts_DIALOGS,"It's so exciting to be able to speak with someone who's been up there. Plus, it's you!",
STR_DIALOGS_QS_BALOF_VIMANA_GEARS_PART1_13,texts_DIALOGS,"If you do me this teensy little favour, I'll give you a special item that's only for VIP customers like you.",
STR_DIALOGS_QS_BALOF_VIMANA_GEARS_PART1_14,texts_DIALOGS,I'll be waiting!,
STR_DIALOGS_QS_BALOF_VIMANA_GEARS_PART2_1,texts_DIALOGS,!!!,
STR_DIALOGS_QS_BALOF_VIMANA_GEARS_PART2_2,texts_DIALOGS,"Gods above, I'm gonna have a heart attack!",
STR_DIALOGS_QS_BALOF_VIMANA_GEARS_PART2_3,texts_DIALOGS,You've managed to find all the parts!,
STR_DIALOGS_QS_BALOF_VIMANA_GEARS_PART2_4,texts_DIALOGS,"Incredible, just incredible! I can't wait to analyse them.",
STR_DIALOGS_QS_BALOF_VIMANA_GEARS_PART2_5,texts_DIALOGS,Oh... I hope you haven't had trouble with the Croma. I wouldn't want to get on the wrong side of one of them.,
STR_DIALOGS_QS_BALOF_VIMANA_GEARS_PART2_6,texts_DIALOGS,"What would my reputation be if I didn't keep my promises? Here, my latest explosive model.",
STR_DIALOGS_QS_BALOF_VIMANA_GEARS_PART2_7,texts_DIALOGS,Use it carefully. It sticks to surfaces and can be detonated from afar. I hope it doesn't get stuck to your hands when you try to throw it.,
STR_DIALOGS_QS_SIRFIEL_FAIRY_TIER1_PART1_1,texts_DIALOGS,Huh?,
STR_DIALOGS_QS_SIRFIEL_FAIRY_TIER1_PART1_2,texts_DIALOGS,"Soldier, don't tell me you're late for training.",
STR_DIALOGS_QS_SIRFIEL_FAIRY_TIER1_PART1_3,texts_DIALOGS,I just gave the speech to the others and thought that I could finally get back to reading these huge tomes.,
STR_DIALOGS_QS_SIRFIEL_FAIRY_TIER1_PART1_4,texts_DIALOGS,"Alright, alright. I'll give you a summary, but you will need to focus. I suppose my reading will have to wait.",
STR_DIALOGS_QS_SIRFIEL_FAIRY_TIER1_PART1_5,texts_DIALOGS,"As you will have noticed, this world is rich in all kinds of materials, beings and other types of magical elements.",
STR_DIALOGS_QS_SIRFIEL_FAIRY_TIER1_PART1_6,texts_DIALOGS,General Brigard has allowed me to put all this knowledge to use so that we may better support our ranks.,
STR_DIALOGS_QS_SIRFIEL_FAIRY_TIER1_PART1_7,texts_DIALOGS,"So I have permission to treat you all like my guinea pigs. Heh, heh, heh.",
STR_DIALOGS_QS_SIRFIEL_FAIRY_TIER1_PART1_8,texts_DIALOGS,Apparently this world hosts little creatures known as <color=OBJ>Bygul</color>.,
STR_DIALOGS_QS_SIRFIEL_FAIRY_TIER1_PART1_9,texts_DIALOGS,"Generally, they are nothing special, but these writings talk of a bygul variant with a radiant green hue.",
STR_DIALOGS_QS_SIRFIEL_FAIRY_TIER1_PART1_10,texts_DIALOGS,"These are the ones that interest us. In theory, their healing abilities could be of great use.",
STR_DIALOGS_QS_SIRFIEL_FAIRY_TIER1_PART1_11,texts_DIALOGS,So keep an eye out on missions and bring them here if you find any.,
STR_DIALOGS_QS_SIRFIEL_FAIRY_TIER1_PART1_12,texts_DIALOGS,"I think that, for our first experiment, <color=OBJ>fifteen Radiant Bygul</color> will do.",
STR_DIALOGS_QS_SIRFIEL_FAIRY_TIER1_PART1_13,texts_DIALOGS,Is that clear? I thought so.,
STR_DIALOGS_QS_SIRFIEL_FAIRY_TIER1_PART1_14,texts_DIALOGS,"Return when you've found what we need. Now, I would appreciate some silence. This is a library, after all.",
STR_DIALOGS_QS_SIRFIEL_FAIRY_TIER1_PART2_1,texts_DIALOGS,Look how well they light up the library with their eerie glow.,
STR_DIALOGS_QS_SIRFIEL_FAIRY_TIER1_PART2_2,texts_DIALOGS,It's simply fantastic that you've managed to find fifteen subjects for our test.,
STR_DIALOGS_QS_SIRFIEL_FAIRY_TIER1_PART2_3,texts_DIALOGS,"Thanks to your efforts and the essence extracted from these creatures, I've managed to create a formula.",
STR_DIALOGS_QS_SIRFIEL_FAIRY_TIER1_PART2_4,texts_DIALOGS,"To be quite honest, this is the first time I've tried to potion like this one, so one of two things could happen to you: either it works, or you die.",
STR_DIALOGS_QS_SIRFIEL_FAIRY_TIER1_PART2_5,texts_DIALOGS,"You think that smile on my face means I'm joking, don't you?",
STR_DIALOGS_QS_SIRFIEL_FAIRY_TIER1_PART3_1,texts_DIALOGS,"Go on, be brave!",
STR_DIALOGS_QS_SIRFIEL_FAIRY_TIER1_PART4_1,texts_DIALOGS,"Well, you are indeed a brave one, soldier... I hadn't even explained the formula's benefits to you yet.",
STR_DIALOGS_QS_SIRFIEL_FAIRY_TIER1_PART4_2,texts_DIALOGS,"It appears I have your trust, at least.",
STR_DIALOGS_QS_SIRFIEL_FAIRY_TIER1_PART4_3,texts_DIALOGS,"Right, as you still appear to be alive and well, the concoction should increase the curative effects of all <color=OBJ>potions</color> you consume from now on.",
STR_DIALOGS_QS_SIRFIEL_FAIRY_TIER1_PART4_4,texts_DIALOGS,Don't tell me that wasn't worth the risk!,
STR_DIALOGS_QS_SIRFIEL_FAIRY_TIER1_PART4_5,texts_DIALOGS,"Anyway, don't relax just yet, soldier. There's still much for us to do. How about you find another <color=OBJ>fifteen Bygul</color>?",
STR_DIALOGS_QS_SIRFIEL_FAIRY_TIER1_PART4_6,texts_DIALOGS,I'm sure you'll be fascinated to know what I can achieve with all those little bugs.,
STR_DIALOGS_QS_SIRFIEL_FAIRY_TIER1_PART4_7,texts_DIALOGS,"Done! When you've got them, bring them here to me and we'll try out the next formula.",
STR_DIALOGS_QS_SIRFIEL_FAIRY_TIER2_PART1_1,texts_DIALOGS,STR_DIALOGS_QS_SIRFIEL_FAIRY_TIER2_PART1_1,
STR_DIALOGS_QS_SIRFIEL_FAIRY_TIER2_PART1_2,texts_DIALOGS,STR_DIALOGS_QS_SIRFIEL_FAIRY_TIER2_PART1_2,
STR_DIALOGS_QS_SIRFIEL_FAIRY_TIER2_PART2_1,texts_DIALOGS,This place is glowing!,
STR_DIALOGS_QS_SIRFIEL_FAIRY_TIER2_PART2_2,texts_DIALOGS,"Well, aren't you just an excellent collector.",
STR_DIALOGS_QS_SIRFIEL_FAIRY_TIER2_PART2_3,texts_DIALOGS,"Well, I imagine you're dying to know what I've managed to cook up with the essence from these insects.",
STR_DIALOGS_QS_SIRFIEL_FAIRY_TIER2_PART2_4,texts_DIALOGS,"Sorry, but once again you'll need to drink a completely unknown and potentially dangerous concoction Go on...",
STR_DIALOGS_QS_SIRFIEL_FAIRY_TIER2_PART3_1,texts_DIALOGS,Aha! Do you feel different?,
STR_DIALOGS_QS_SIRFIEL_FAIRY_TIER2_PART3_2,texts_DIALOGS,"Your body will now prolong the effects of <color=OBJ>vials</color> on you, meaning you can take advantage of their benefits for longer.",
STR_DIALOGS_QS_SIRFIEL_FAIRY_TIER2_PART3_3,texts_DIALOGS,"I know the idea excites you, but just you hold on a second, soldier.",
STR_DIALOGS_QS_SIRFIEL_FAIRY_TIER2_PART3_4,texts_DIALOGS,Do you think you'd be able to bring me another <color=OBJ>twenty Bygul</color>?,
STR_DIALOGS_QS_SIRFIEL_FAIRY_TIER2_PART3_5,texts_DIALOGS,"Don't look at me like that. This benefits you more than it does me, after all.",
STR_DIALOGS_QS_SIRFIEL_FAIRY_TIER2_PART3_6,texts_DIALOGS,You know where to find me. I'll be waiting patiently.,
STR_DIALOGS_QS_SIRFIEL_FAIRY_TIER3_PART1_1,texts_DIALOGS,STR_DIALOGS_QS_SIRFIEL_FAIRY_TIER3_PART1_1,
STR_DIALOGS_QS_SIRFIEL_FAIRY_TIER3_PART1_2,texts_DIALOGS,STR_DIALOGS_QS_SIRFIEL_FAIRY_TIER3_PART1_2,
STR_DIALOGS_QS_SIRFIEL_FAIRY_TIER3_PART2_1,texts_DIALOGS,They're so cute that they're starting to distract me.,
STR_DIALOGS_QS_SIRFIEL_FAIRY_TIER3_PART2_2,texts_DIALOGS,It looks like you've collected the amount I need.,
STR_DIALOGS_QS_SIRFIEL_FAIRY_TIER3_PART2_3,texts_DIALOGS,"Alright, time for the last formula! Be good and drink this. Do try not to smell it.",
STR_DIALOGS_QS_SIRFIEL_FAIRY_TIER3_PART3_1,texts_DIALOGS,You can't imagine how many bygul I've had to crush to make this potion.,
STR_DIALOGS_QS_SIRFIEL_FAIRY_TIER3_PART3_2,texts_DIALOGS,"I'm joking, soldier. The process is painless. Relax, it'll go down easier...",
STR_DIALOGS_QS_SIRFIEL_FAIRY_TIER3_PART3_3,texts_DIALOGS,"So, according to the instructions, if you haven't fainted, that means it worked.",
STR_DIALOGS_QS_SIRFIEL_FAIRY_TIER3_PART3_4,texts_DIALOGS,"From now on, you'll notice an even bigger increase in the effects of the <color=OBJ>potions</color> you consume.",
STR_DIALOGS_QS_SIRFIEL_FAIRY_TIER3_PART3_5,texts_DIALOGS,"To be honest, I'm delighted to have had an excuse to try out all these formulas. You've been an excellent guinea pig.",
STR_DIALOGS_QS_SIRFIEL_FAIRY_TIER3_PART3_6,texts_DIALOGS,"Now that we've tested the benefits of bygul essence on you, it's time to apply them to the rest of our army.",
STR_DIALOGS_QS_SIRFIEL_FAIRY_TIER3_PART3_7,texts_DIALOGS,Thank you for your contribution to magic.,
STR_DIALOGS_QS_NUN_DONATEPART1_1_POSITIVE,texts_DIALOGS,STR_DIALOGS_QS_NUN_DONATEPART1_1_POSITIVE,
STR_DIALOGS_QS_NUN_DONATEPART1_1_NEGATIVE,texts_DIALOGS,STR_DIALOGS_QS_NUN_DONATEPART1_1_NEGATIVE,
STR_DIALOGS_QS_NUN_DONATEPART2_1_POSITIVE,texts_DIALOGS,STR_DIALOGS_QS_NUN_DONATEPART2_1_POSITIVE,
STR_DIALOGS_QS_NUN_DONATEPART2_1_NEGATIVE,texts_DIALOGS,STR_DIALOGS_QS_NUN_DONATEPART2_1_NEGATIVE,
STR_DIALOGS_QS_NUN_DONATEPART3_1_POSITIVE,texts_DIALOGS,STR_DIALOGS_QS_NUN_DONATEPART3_1_POSITIVE,
STR_DIALOGS_QS_NUN_DONATEPART3_1_NEGATIVE,texts_DIALOGS,STR_DIALOGS_QS_NUN_DONATEPART3_1_NEGATIVE,
STR_DIALOGS_QS_NUN_DONATEPART4_1_POSITIVE,texts_DIALOGS,STR_DIALOGS_QS_NUN_DONATEPART4_1_POSITIVE,
STR_DIALOGS_QS_NUN_DONATEPART4_2_POSITIVE,texts_DIALOGS,STR_DIALOGS_QS_NUN_DONATEPART4_2_POSITIVE,
STR_DIALOGS_QS_NUN_DONATEPART4_1_NEGATIVE,texts_DIALOGS,STR_DIALOGS_QS_NUN_DONATEPART4_1_NEGATIVE,
STR_DIALOGS_QS_NUN_DONATEPART1_1_INTRO,texts_DIALOGS,STR_DIALOGS_QS_NUN_DONATEPART1_1_INTRO,
STR_DIALOGS_QS_NUN_DONATEPART2_1_INTRO,texts_DIALOGS,STR_DIALOGS_QS_NUN_DONATEPART2_1_INTRO,
STR_DIALOGS_QS_NUN_DONATEPART3_1_INTRO,texts_DIALOGS,STR_DIALOGS_QS_NUN_DONATEPART3_1_INTRO,
STR_DIALOGS_QS_NUN_DONATEPART4_1_INTRO,texts_DIALOGS,STR_DIALOGS_QS_NUN_DONATEPART4_1_INTRO,
STR_DIALOGS_QS_NUN_DONATEPART4_2_INTRO,texts_DIALOGS,STR_DIALOGS_QS_NUN_DONATEPART4_2_INTRO,
STR_DIALOGS_QS_NUN_DONATEPART1_TITLE,texts_DIALOGS,STR_DIALOGS_QS_NUN_DONATEPART1_TITLE,
STR_DIALOGS_QS_NUN_DONATEPART2_TITLE,texts_DIALOGS,STR_DIALOGS_QS_NUN_DONATEPART2_TITLE,
STR_DIALOGS_QS_NUN_DONATEPART3_TITLE,texts_DIALOGS,STR_DIALOGS_QS_NUN_DONATEPART3_TITLE,
STR_DIALOGS_QS_NUN_DONATEPART4_TITLE,texts_DIALOGS,STR_DIALOGS_QS_NUN_DONATEPART4_TITLE,
STR_DIALOGS_QS_NUN_DONATEPART5_1_INTRO,texts_DIALOGS,STR_DIALOGS_QS_NUN_DONATEPART5_1_INTRO,
STR_DIALOGS_SW_D1_BALOF_1,texts_DIALOGS,STR_DIALOGS_SW_D1_BALOF_1,BALOF
STR_DIALOGS_SW_D2_BALOF_1,texts_DIALOGS,STR_DIALOGS_SW_D2_BALOF_1,BALOF
STR_DIALOGS_SW_D2_BALOF_2,texts_DIALOGS,STR_DIALOGS_SW_D2_BALOF_2,BALOF
STR_DIALOGS_SW_D2_BALOF_3,texts_DIALOGS,STR_DIALOGS_SW_D2_BALOF_3,BALOF
STR_DIALOGS_SW_D3_BALOF_1,texts_DIALOGS,STR_DIALOGS_SW_D3_BALOF_1,BALOF
STR_DIALOGS_SW_D3_BALOF_2,texts_DIALOGS,STR_DIALOGS_SW_D3_BALOF_2,BALOF
STR_DIALOGS_SW_D4_BALOF_1,texts_DIALOGS,STR_DIALOGS_SW_D4_BALOF_1,BALOF
STR_DIALOGS_SW_D5_BALOF_1,texts_DIALOGS,STR_DIALOGS_SW_D5_BALOF_1,BALOF
STR_DIALOGS_SW_D6_BALOF_1,texts_DIALOGS,STR_DIALOGS_SW_D6_BALOF_1,BALOF
STR_DIALOGS_SW_D6_BALOF_2,texts_DIALOGS,STR_DIALOGS_SW_D6_BALOF_2,BALOF
STR_DIALOGS_SW_D6_BALOF_3,texts_DIALOGS,STR_DIALOGS_SW_D6_BALOF_3,BALOF
STR_DIALOGS_SW_D7_BALOF_1,texts_DIALOGS,STR_DIALOGS_SW_D7_BALOF_1,BALOF
STR_DIALOGS_SW_D7_BALOF_2,texts_DIALOGS,STR_DIALOGS_SW_D7_BALOF_2,BALOF
STR_DIALOGS_SW_D8_BALOF_1,texts_DIALOGS,STR_DIALOGS_SW_D8_BALOF_1,BALOF
STR_DIALOGS_SW_D8_BALOF_2,texts_DIALOGS,STR_DIALOGS_SW_D8_BALOF_2,BALOF
STR_DIALOGS_SW_D9_BALOF_1,texts_DIALOGS,STR_DIALOGS_SW_D9_BALOF_1,BALOF
STR_DIALOGS_SW_D9_BALOF_2,texts_DIALOGS,STR_DIALOGS_SW_D9_BALOF_2,BALOF
STR_DIALOGS_SL_D1_FISHCHIEF_1,texts_DIALOGS,"Right, we're inside now.",FISHCHIEF
STR_DIALOGS_SL_D1_FISHCHIEF_2,texts_DIALOGS,It seems to be a kind of laboratory...,FISHCHIEF
STR_DIALOGS_SL_D1_FISHCHIEF_3,texts_DIALOGS,What is Baydral up to?,FISHCHIEF
STR_DIALOGS_SL_D1_FISHMINION_4,texts_DIALOGS,Chief! We should hurry!,FISHMINION
STR_DIALOGS_SL_D1_FISHCHIEF_5,texts_DIALOGS,"Yes... Human, this is for you.",FISHCHIEF
STR_DIALOGS_SL_D2_FISHCHIEF_1,texts_DIALOGS,"It'll allow you to move around underwater without drowning. Don't bad, right?",FISHCHIEF
STR_DIALOGS_SL_D2_FISHCHIEF_2,texts_DIALOGS,You're practically Fise now.,FISHCHIEF
STR_DIALOGS_SL_D2_FISHMINION_3,texts_DIALOGS,"Chief, I have a question.",FISHMINION
STR_DIALOGS_SL_D2_FISHCHIEF_4,texts_DIALOGS,"Yes, Baiyu?",FISHCHIEF
STR_DIALOGS_SL_D2_FISHMINION_5,texts_DIALOGS,Why have we made them take us all the way here if we haven't come across any underwater areas?,FISHMINION
STR_DIALOGS_SL_D2_FISHCHIEF_6,texts_DIALOGS,Baiyu... Please...,FISHCHIEF
STR_DIALOGS_SL_D2_FISHMINION_7,texts_DIALOGS,"No, seriously. What need was there for them to carry us? We can walk, too.",FISHMINION
STR_DIALOGS_SL_D3_FISHCHIEF_1,texts_DIALOGS,"Baiyu, there's a braj behind you!",FISHCHIEF
STR_DIALOGS_SL_FIRSTQUEST_D1_MELIAN_1,texts_DIALOGS,"Hey, soldier! Up here!",MELIAN
STR_DIALOGS_SL_FIRSTQUEST_D2_MELIAN_1,texts_DIALOGS,Don't look at me like that... It's embarrassing enough to have come further than you and then end up trapped here.,MELIAN
STR_DIALOGS_SL_FIRSTQUEST_D2_MELIAN_2,texts_DIALOGS,I wanted to solve this on my own...,MELIAN
STR_DIALOGS_SL_FIRSTQUEST_D2_MELIAN_3,texts_DIALOGS,"But hey, now that you're here, I'm glad to see a friendly face.",MELIAN
STR_DIALOGS_SL_FIRSTQUEST_D2_MELIAN_4,texts_DIALOGS,"I've been wandering around this passage for a while now, so I think we can work together to clear a path for us.",MELIAN
STR_DIALOGS_SL_FIRSTQUEST_D2_MELIAN_5,texts_DIALOGS,And you can see the <color=OBJ>wind orb</color> in action on the way. Let's go!,MELIAN
STR_DIALOGS_SL_D6_WL14_MELIAN_1,texts_DIALOGS,"I told you it'd be useful. Onwards, we can carry on now.",
STR_DIALOGS_SL_D6_WL14_MELIAN_2,texts_DIALOGS,I'll try to find you later.,
STR_DIALOGS_SL_D6_WL14_MELIAN_3,texts_DIALOGS,Good luck!,
STR_DIALOGS_SL_SECONDQUEST_D1_MELIAN_1,texts_DIALOGS,What?!,MELIAN
STR_DIALOGS_SL_SECONDQUEST_D1_MELIAN_2,texts_DIALOGS,We've ended up in the same trap!,MELIAN
STR_DIALOGS_SL_SECONDQUEST_D2_MELIAN_1,texts_DIALOGS,It's my fault. I should have found the way out of these ducts a while back.,MELIAN
STR_DIALOGS_SL_SECONDQUEST_D2_MELIAN_2,texts_DIALOGS,"Don't worry, I'll fix this.",MELIAN
STR_DIALOGS_SL_D9_WL13_MELIAN_1,texts_DIALOGS,Got it!,
STR_DIALOGS_SL_D9_WL13_MELIAN_2,texts_DIALOGS,"Unfortunately, it looks like I still can't reach your position.",
STR_DIALOGS_SL_D9_WL13_MELIAN_3,texts_DIALOGS,It's clear we'll need to continue on separate paths for a little while longer.,
STR_DIALOGS_SL_D9_WL13_MELIAN_4,texts_DIALOGS,"Good luck, soldier!",
STR_DIALOGS_SL_D10_WL09_FISHMINION_1,texts_DIALOGS,That floodgate doesn't have a card reader... Will we be able to open it?,
STR_DIALOGS_SL_D10_WL09_FISHCHIEF_2,texts_DIALOGS,"Baiyu, let the important people speak.",
STR_DIALOGS_SL_D10_WL09_FISHMINION_3,texts_DIALOGS,(Why don't you just talk to yourself?),
STR_DIALOGS_SL_D10_WL09_FISHCHIEF_4,texts_DIALOGS,I was referring to the soldierman here.,
STR_DIALOGS_SL_D10_WL09_FISHCHIEF_5,texts_DIALOGS,"What do you think? It looks like that capsule contains something with several connections. Perhaps if we break it, it'll cause a system failure in the door.",
STR_DIALOGS_SL_D10_WL09_FISHMINION_6,texts_DIALOGS,"Break things... Seriously, chief?",
STR_DIALOGS_SL_D10_WL09_FISHCHIEF_7,texts_DIALOGS,"Go on, try it.",
STR_DIALOGS_SL_D11_WL09_FISHCHIEF_1,texts_DIALOGS,"Oh, bladderwrack! It didn't work...",
STR_DIALOGS_SL_D11_WL09_FISHMINION_2,texts_DIALOGS,"Wait, chief. You look different. And those hydrobubbles have appeared.",
STR_DIALOGS_SL_D11_WL09_FISHCHIEF_3,texts_DIALOGS,"I was just about to mention that, of course.",
STR_DIALOGS_SL_D11_WL09_FISHCHIEF_4,texts_DIALOGS,"Mister soldierman, you feel different, right? Try using that energy on the hydrobubbles. We'll find another way.",
STR_DIALOGS_SL_D11_WL09_FISHCHIEF_5,texts_DIALOGS,"Come on Baiyu, don't linger.",
STR_DIALOGS_SL_FISHCHIEF_INTRO_1_1,texts_DIALOGS,"Go on, deal with that capsule. Let's see what happens.",
STR_DIALOGS_SL_FISHMINION_INTRO_1_2,texts_DIALOGS,Don't mind the chief. We left our home halfway through his training.,
STR_DIALOGS_SL_FISHCHIEF_INTRO_2_1,texts_DIALOGS,Now! That appears to be its energy source. Yank it out of there!,
STR_DIALOGS_SL_D12_WL09_DARKWHIPFIRE_1,texts_DIALOGS,HA! I knew I'd find the toy first.,
STR_DIALOGS_SL_D12_WL09_DARKWHIPFIRE_2,texts_DIALOGS,"Sorry, sister, I don't plan on sharing it with you.",
STR_DIALOGS_SL_D13_WL09_DARKWHIPFIRE_1,texts_DIALOGS,Damn it!,
STR_DIALOGS_SL_D13_WL09_DARKWHIPELECTRIC_2,texts_DIALOGS,I knew you wouldn't tell me! Selfish as usual!,
STR_DIALOGS_SL_D13_WL09_DARKWHIPFIRE_3,texts_DIALOGS,Always ruining my fun. I might just be tired of having a sister. You'll be next.,
STR_DIALOGS_SL_D13_WL09_DARKWHIPELECTRIC_4,texts_DIALOGS,How dare you!,
STR_DIALOGS_SL_D14_WL09_DARKWHIPFIRE_1,texts_DIALOGS,If you hadn't been so meddling...,
STR_DIALOGS_SL_D15_WL09_DARKWHIPELECTRIC_1,texts_DIALOGS,I wasn't going to let you go alone...,
STR_DIALOGS_SL_D16_1_WL23_FISHCHIEF_1,texts_DIALOGS,This place doesn't feel right...,
STR_DIALOGS_SL_D16_1_WL23_FISHMINION_2,texts_DIALOGS,"Chief, it appears to be their main laboratory. Surely if we look at their research...",
STR_DIALOGS_SL_D16_1_WL23_FISHCHIEF_3,texts_DIALOGS,"Tone down the chitchat, Baiyu. I say we should take a peak at Baydral's studies.",
STR_DIALOGS_SL_D16_WL23_FISHMINION_1,texts_DIALOGS,"Chief, there are all sorts of things here, and all of it is beyond insanity.",
STR_DIALOGS_SL_D16_WL23_FISHCHIEF_2,texts_DIALOGS,Focus on what matters: the curse of the braj.,
STR_DIALOGS_SL_D16_WL23_FISHMINION_3,texts_DIALOGS,But our problem is nothing compared to his other plans.,
STR_DIALOGS_SL_D16_WL23_FISHCHIEF_4,texts_DIALOGS,"Baiyu, what are you talking about?",
STR_DIALOGS_SL_D16_WL23_FISHMINION_5,texts_DIALOGS,Have you seen those murals? It look like he's trying to hybridise saltwater and freshwater Fise.,
STR_DIALOGS_SL_D17_WL23_FISHCHIEF_1,texts_DIALOGS,"I must say, it does look a bit sinister...",
STR_DIALOGS_SL_D17_WL23_FISHMINION_2,texts_DIALOGS,Is that Hafin Dam?,
STR_DIALOGS_SL_D18_WL23_FISHCHIEF_1,texts_DIALOGS,What was that?,
STR_DIALOGS_SL_D18_WL23_FISHMINION_2,texts_DIALOGS,Is it Baydral? We've been to every part of his laboratory and he hasn't turned up anywhere.,
STR_DIALOGS_SL_D19_WL23_FISHCHIEF_1,texts_DIALOGS,Mister soldierman... Would you mind taking a look?,
STR_DIALOGS_SL_D20_WL23_FISHMINION_1,texts_DIALOGS,Shouldn't we go with him?,
STR_DIALOGS_SL_D21_WL23_FISHCHIEF_1,texts_DIALOGS,I think figuring out what's going on here is more important right now.,
STR_DIALOGS_SL_D21_WL23_FISHCHIEF_2,texts_DIALOGS,Don't take your eye off those manuscripts.,
STR_DIALOGS_SL_D21_WL23_FISHCHIEF_3,texts_DIALOGS,"So, please, if it's Baydral, tell us.",
STR_DIALOGS_SL_FISHCHIEF_INTRO_3_1,texts_DIALOGS,"I still don't know what he plans to do with the dam, but it doesn't look good. Can you check what that noise was while we try to figure this out?",
STR_DIALOGS_SL_FISHMINION_INTRO_4_1,texts_DIALOGS,There's several lifetime's worth of work here. Baydral certainly hasn't beaten about the kelp. I hope he doesn't mind if we make a bit of a mess of it.,
STR_DIALOGS_SL_D22_WL23_BAYDRAL_1,texts_DIALOGS,Meddlesome cretins!,
STR_DIALOGS_SL_D22_WL23_BAYDRAL_2,texts_DIALOGS,You should stay in that beloved city of yours... While you still can...,
STR_DIALOGS_SL_D22_WL23_BAYDRAL_3,texts_DIALOGS,Did you think we Fise would spend the rest of our existence in a world like this?,
STR_DIALOGS_SL_D22_WL23_BAYDRAL_4,texts_DIALOGS,"You're just an naive as I was in the past, but you'd best start forgetting about your feeble structures. Now it'll be you who will have to adapt to my world.",
STR_DIALOGS_SL_D22_WL23_BAYDRAL_5,texts_DIALOGS,Because soon there will be nothing but ruins under the raging storm of my revenge!,
STR_DIALOGS_SL_D22_WL23_BAYDRAL_6,texts_DIALOGS,Muahahahaha...,
STR_DIALOGS_SL_D23_WL23_MELIAN_1,texts_DIALOGS,"Hello again, soldier.",
STR_DIALOGS_SL_D23_WL23_MELIAN_2,texts_DIALOGS,I was trying to help our friends find what they were looking for.,
STR_DIALOGS_SL_D23_WL23_MELIAN_3,texts_DIALOGS,"But I don't understand a word of these writing, to tell you the truth...",
STR_DIALOGS_SL_D24_WL23_FISHMINION_1,texts_DIALOGS,"Of course, they're in Fise.",
STR_DIALOGS_SL_D25_WL23_FISHCHIEF_1,texts_DIALOGS,"It was Baydral, right?",
STR_DIALOGS_SL_D25_WL23_FISHCHIEF_2,texts_DIALOGS,He was there...,
STR_DIALOGS_SL_D26_WL23_FISHMINION_1,texts_DIALOGS,Really? Will he help us? Where is here?,
STR_DIALOGS_SL_D27_WL23_FISHCHIEF_1,texts_DIALOGS,"Baiyu, I don't think he's there anymore.",
STR_DIALOGS_SL_D28_WL23_FISHCHIEF_1,texts_DIALOGS,Really?,
STR_DIALOGS_SL_D29_WL23_MELIAN_1,texts_DIALOGS,Seriously?,
STR_DIALOGS_SL_D29_WL23_MELIAN_2,texts_DIALOGS,I've ended up behind again. I knew I was taking too long.,
STR_DIALOGS_SL_D29_WL23_MELIAN_3,texts_DIALOGS,"Well, I can't complain. It's been exciting, to be honest.",
STR_DIALOGS_SL_D29_WL23_MELIAN_4,texts_DIALOGS,What will you do now without that scientist of yours?,
STR_DIALOGS_SL_D30_WL23_FISHMINION_1,texts_DIALOGS,Chief?,
STR_DIALOGS_SL_D31_WL23_FISHCHIEF_1,texts_DIALOGS,"We have no other choice, Baiyu. We'll stay here to find the cure for the braj and we'll take it to the Land of the Waterfalls.",
STR_DIALOGS_SL_D31_WL23_FISHCHIEF_2,texts_DIALOGS,"I suppose this is “goodbye”, then. Without Baydral, Hafin City is saved. The earthquakes have stopped and the dam will no longer burst.",
STR_DIALOGS_SL_D31_WL23_MELIAN_3,texts_DIALOGS,Will you be alright here?,
STR_DIALOGS_SL_D31_WL23_FISHCHIEF_4,texts_DIALOGS,"We spent so long thinking we were cursed. Once we arrived here, we discovered that Baydral, a legend in our world, had become twisted over the years, a recluse in this place, and that his “magic” was, in reality, science that turned us into horrible monsters.",
STR_DIALOGS_SL_D31_WL23_FISHCHIEF_5,texts_DIALOGS,"It's not what we expected, but we've learnt a lot.",
STR_DIALOGS_SL_D31_WL23_FISHCHIEF_6,texts_DIALOGS,We'll stay here for a while and then Baiyu will take all these discoveries to our home.,
STR_DIALOGS_SL_D31_WL23_FISHMINION_7,texts_DIALOGS,Of course I will...,
STR_DIALOGS_SL_D31_WL23_FISHCHIEF_8,texts_DIALOGS,Thank you for everything. You Humans aren't so bad.,
STR_DIALOGS_SL_D31_WL23_FISHMINION_9,texts_DIALOGS,Thank you both.,
STR_DIALOGS_SL_D31_WL23_MELIAN_10,texts_DIALOGS,"Well, thank you all, I'm feeling more capable by the minute. Take care.",
STR_DIALOGS_SL_D31_WL23_MELIAN_11,texts_DIALOGS,"Hey soldier, how about a race to Hafin? We've got good news to deliver!",
STR_DIALOGS_SL_D32_UNDERBRIDGE_HAFIN_SOLDIER_1,texts_DIALOGS,"I'm sorry, it's not safe to enter Hafin's sewers due to the large number of monsters we've recently discovered there. Please be patient while we investigate.",
STR_DIALOGS_SL_FISHCHIEF_INTRO_5_1,texts_DIALOGS,"Mixing species, turning them into monsters, flooding the world... Baydral wasn't what we had hoped. It's a good thing you've put an end to all his schemes.",
STR_DIALOGS_SL_FISHMINION_INTRO_6_1,texts_DIALOGS,It looks like Baydral wanted to use that orb's power to burst the dam. I can't imagine what drove him to want to do such a thing.,
STR_DIALOGS_JIVAN_AAF_INTRO_1_1,texts_DIALOGS,"Do not worry about them. The spell is foolproof, without a doubt. Though I will not deny that it has left exhausted.",
STR_DIALOGS_JIVAN_AAF_TOPIC_EARTHQUAKES_TITLE,texts_DIALOGS,Tremors,
STR_DIALOGS_JIVAN_AAF_TOPIC_EARTHQUAKES_1_1,texts_DIALOGS,"Try not to get too involved. If you see danger, turn away and we shall think of something.",
STR_DIALOGS_JIVAN_AAF_TOPIC_EARTHQUAKES_1_2,texts_DIALOGS,You have already done so much for us.,
STR_DIALOGS_JIVAN_AAF_TOPIC_PARASITES_TITLE,texts_DIALOGS,Parasites,
STR_DIALOGS_JIVAN_AAF_TOPIC_PARASITES_1_1,texts_DIALOGS,"I've never seen creatures like that before, nor have I seen the Valkyries so worried.",
STR_DIALOGS_JIVAN_AAF_TOPIC_PARASITES_1_2,texts_DIALOGS,I have a bad feeling about all this...,
STR_DIALOGS_JIVAN_AAF_TOPIC_CANNON_TITLE,texts_DIALOGS,Cannon,
STR_DIALOGS_JIVAN_AAF_TOPIC_CANNON_1_1,texts_DIALOGS,Has the cannon at the city gate caught your attention?,
STR_DIALOGS_JIVAN_AAF_TOPIC_CANNON_1_2,texts_DIALOGS,"Apparently, some time ago, word got around that, if we refused to find the Guardian, he would turn up here and destroy the city in revenge.",
STR_DIALOGS_JIVAN_AAF_TOPIC_CANNON_1_3,texts_DIALOGS,"I don't really know where that rumour came from, but many took it as truth and began constructing the “Godkiller”, as they call them. I can't say I approve, but neither will I deny people their desire to protect this city, whatever motives they may have.",
STR_DIALOGS_EDIL_AAF_INTRO_1_1,texts_DIALOGS,"Thank you for everything, soldier. How was Jivan able to free us from these things using just flowers?",
STR_DIALOGS_EDIL_AAF_INTRO_1_2,texts_DIALOGS,"I hate to admit it, but perhaps I should focus more on his lessons.",
STR_DIALOGS_BRIGARD_AAF_INTRO_1_1,texts_DIALOGS,"Soldier, I... I'm sorry I attacked you earlier. The fact that I wasn't in control of my actions is no excuse. I do not deserve to be your general.",
STR_DIALOGS_BRIGARD_AAF_TOPIC_SANGRIGOR_TITLE,texts_DIALOGS,Sangrigor,
STR_DIALOGS_BRIGARD_AAF_TOPIC_SANGRIGOR_1_1,texts_DIALOGS,"I hadn't foreseen the intentions of the Valkyrie that approached us. All of sudden, she launched those things at us and, before we could even realise, we were no longer in control of our own actions.",
STR_DIALOGS_BRIGARD_AAF_TOPIC_PARASITES_TITLE,texts_DIALOGS,Parasites,
STR_DIALOGS_BRIGARD_AAF_TOPIC_PARASITES_1_1,texts_DIALOGS,"You've realised it too, right?",
STR_DIALOGS_BRIGARD_AAF_TOPIC_PARASITES_1_2,texts_DIALOGS,"The threat that attacked the city and which pursues us outside these walls is not normal, nor is it from this world.",
STR_DIALOGS_BRIGARD_AAF_TOPIC_PARASITES_1_3,texts_DIALOGS,Even the Valkyries don't know how they arrived either or what they seek.,
STR_DIALOGS_BRIGARD_AAF_TOPIC_PARASITES_1_4,texts_DIALOGS,I wonder if Jivan knows more about them.,
STR_DIALOGS_BALOF_AAF_INTRO_1_1,texts_DIALOGS,Do you think those Croma people would let me go up to their flying garbageheap if I ask?,
STR_DIALOGS_DESTRAS_AAF_INTRO_1_1,texts_DIALOGS,Earthquake? What earthquake?,
STR_DIALOGS_EUDER_AAF_INTRO_1_1,texts_DIALOGS,How is this possible?,
STR_DIALOGS_EUDER_AAF_INTRO_1_2,texts_DIALOGS,First it rained down horrible insects and now we're the victims of these earthquakes.,
STR_DIALOGS_EUDER_AAF_INTRO_1_3,texts_DIALOGS,I'm starting to think that this city isn't as tranquil as they had us believe.,
STR_DIALOGS_EUDER_AAF_INTRO_1_4,texts_DIALOGS,"Although, to tell you the truth, I'm glad.",
STR_DIALOGS_EUDER_AAF_INTRO_1_5,texts_DIALOGS,It's boring waiting around with nothing going on. At least this way there's some excitement.,
STR_DIALOGS_EUDER_AAF_INTRO_1_6,texts_DIALOGS,"I'd help you, but you know... I didn't end up in a particularly good way after our nearly-twenty-metre fall...",
STR_DIALOGS_EUDER_AAF_INTRO_1_7,texts_DIALOGS,Good luck with that.,
STR_DIALOGS_SIRFIEL_AAF_INTRO_1_1,texts_DIALOGS,Fascinating...,
STR_DIALOGS_SIRFIEL_AAF_INTRO_1_2,texts_DIALOGS,The Croma you've met base all of their technology on vimana crystals.,
STR_DIALOGS_SIRFIEL_AAF_INTRO_1_3,texts_DIALOGS,"The electromagnetism they emit is in perfect harmony with their own bodies, allowing them to create all kinds of contraptions and gadgets that we could barely even imagine.",
STR_DIALOGS_SIRFIEL_AAF_INTRO_1_4,texts_DIALOGS,"They seem to be a highly advanced civilisation. I think I understand why they're not seen so much in Hafin. This city isn't bad, but its advances aren't so different to our own.",
STR_DIALOGS_SINKA_AAF_INTRO_1_1,texts_DIALOGS,What about those earthquakes?,
STR_DIALOGS_SINKA_AAF_INTRO_1_2,texts_DIALOGS,"Let me guess... They've lumped you with a mission to investigate them, right?",
STR_DIALOGS_SINKA_AAF_INTRO_1_3,texts_DIALOGS,"Well, if you think it'll do something...",
STR_DIALOGS_SINKA_AAF_INTRO_1_4,texts_DIALOGS,I hope you've asked for a big reward in exchange.,
STR_DIALOGS_MELIAN_AAF_INTRO_1_1,texts_DIALOGS,Go on and get that key. We'll meet up here later.,
STR_DIALOGS_MAKERELGRUPER_WAF_INTRO_G_1_1,texts_DIALOGS,"If you're looking for General Brigard, he's not here. He's gone out on a mission.",
STR_DIALOGS_MAKERELGRUPER_WAF_INTRO_G_1_2,texts_DIALOGS,He picked a group of soldiers and left to investigate something after receiving some mysterious information.,
STR_DIALOGS_MAKERELGRUPER_WAF_INTRO_G_1_3,texts_DIALOGS,"He left me behind because I have to stay with the bounty board, of course, but... why didn't he take you, Makerel?",
STR_DIALOGS_MAKERELGRUPER_WAF_INTRO_M_1_4,texts_DIALOGS,Because I'm too good to risk and he's left me in charge of the care and defence of our strategic location.,
STR_DIALOGS_MAKERELGRUPER_WAF_INTRO_G_1_5,texts_DIALOGS,"You like to think that, don't you?",
STR_DIALOGS_MAKERELGRUPER_AAF_INTRO_M_1_1,texts_DIALOGS,What will we do if we lose our general?,
STR_DIALOGS_MAKERELGRUPER_AAF_INTRO_G_1_2,texts_DIALOGS,"Calm down, Makerel, one of the captains will take over his role, don't panic.",
STR_DIALOGS_MAKERELGRUPER_AAF_INTRO_G_1_3,texts_DIALOGS,"Though, you don't have any reason to worry. He's safe thanks to wise old Jivan and the help of our friend, right?",
STR_DIALOGS_MAKERELGRUPER_AAF_INTRO_M_1_4,texts_DIALOGS,"It's true, at this rate you could be Zarga's next general if something happened.",
STR_DIALOGS_GARTUA_AAF_INTRO_1_1,texts_DIALOGS,"Please, do whatever it is you need to do with that key, do but it quickly.",
STR_DIALOGS_ADAMONT_AAF_INTRO_1_1,texts_DIALOGS,First General Brigard was attacked by those insects.,
STR_DIALOGS_ADAMONT_AAF_INTRO_1_2,texts_DIALOGS,And now this...,
STR_DIALOGS_ADAMONT_AAF_INTRO_1_3,texts_DIALOGS,It seems that misfortune never visits alone.,
STR_DIALOGS_ADAMONT_AAF_INTRO_1_4,texts_DIALOGS,It's a good thing you and Captain Euder found each other while investigating the same area.,
STR_DIALOGS_ADAMONT_AAF_INTRO_1_5,texts_DIALOGS,That Valkyrie was lucky. If she came across me...,
STR_DIALOGS_ADAMONT_AAF_INTRO_1_6,texts_DIALOGS,Best not go near any of us again.,
STR_DIALOGS_FISHCHIEF_AAF_INTRO_1_1,texts_DIALOGS,"They say that both Jivan and Baydral were some of the first beings brought to Terragaya. I'm not surprised, they seem to have so much power...",
STR_DIALOGS_JIVAN_ASL_INTRO_1_1,texts_DIALOGS,"I see, so Baydral was behind everything.",
STR_DIALOGS_JIVAN_ASL_INTRO_1_2,texts_DIALOGS,That explains a lot.,
STR_DIALOGS_JIVAN_ASL_INTRO_1_3,texts_DIALOGS,"The distance, the change in attitude...",
STR_DIALOGS_JIVAN_ASL_INTRO_1_4,texts_DIALOGS,"In another time, he was a good friend and a wise advisor who you could trust.",
STR_DIALOGS_JIVAN_ASL_INTRO_1_5,texts_DIALOGS,It's a shame that not everyone is capable of finding peace here. Time always takes its toll in one way or another.,
STR_DIALOGS_EDIL_ASL_INTRO_1_1,texts_DIALOGS,"Remember: near the mines on the Tempes Plains. I'll be waiting eagerly, with my stick...",
STR_DIALOGS_EDIL_ASL_INTRO_1_2,texts_DIALOGS,YAH!,
STR_DIALOGS_EDIL_ASL_INTRO_2_1,texts_DIALOGS,YAH! Taste my slightly rusty steel!,
STR_DIALOGS_BRIGARD_ASL_INTRO_1_1,texts_DIALOGS,"How goes it, soldier...?_500_ You were able to put a stop to those earthquakes..._500_ Right...?",
STR_DIALOGS_BRIGARD_ASL_INTRO_1_2,texts_DIALOGS,My muscles are still stiff..._500_ But with a bit of training..._500_ It'll all will work itself out...,
STR_DIALOGS_BRIGARD_ASL_INTRO_1_3,texts_DIALOGS,"This girl, Edil..._500_ She's very keen..._500_ She's helping with my recovery..._500_ And learning to fence...",
STR_DIALOGS_BRIGARD_ASL_INTRO_1_4,texts_DIALOGS,She'll make a good soldier...,
STR_DIALOGS_BALOF_ASL_INTRO_1_1,texts_DIALOGS,Were the pig bombs useful? No need to carry too many but make sure you don't run out; you never know when you're gonna need 'em.,
STR_DIALOGS_GARTUA_ASL_INTRO_1_1,texts_DIALOGS,"Looks like I had no need to worry. This cannon, even while unfinished, can take anything.",
STR_DIALOGS_DESTRAS_ASL_INTRO_1_1,texts_DIALOGS,"So, looks like we're gonna be good buddies after all. What can I hammer for you?",
STR_DIALOGS_EUDER_ASL_INTRO_1_1,texts_DIALOGS,So even under this city you can find dangers...,
STR_DIALOGS_EUDER_ASL_INTRO_1_2,texts_DIALOGS,Once again the hero saves the day.,
STR_DIALOGS_EUDER_ASL_INTRO_1_3,texts_DIALOGS,Are you alright? You're paler than usual.,
STR_DIALOGS_EUDER_ASL_INTRO_1_4,texts_DIALOGS,"If I didn't know you better, I'd say something was seriously wrong.",
STR_DIALOGS_EUDER_ASL_INTRO_1_5,texts_DIALOGS,"Take it easy, or you'll end up as serious as Brigard.",
STR_DIALOGS_SIRFIEL_ASL_INTRO_1_1,texts_DIALOGS,I read something curious about this city's construction.,
STR_DIALOGS_SIRFIEL_ASL_INTRO_1_2,texts_DIALOGS,"Did you know who the founders were? Jivan, a person known as Lady Sibunier and no less than Baydral himself.",
STR_DIALOGS_SIRFIEL_ASL_INTRO_1_3,texts_DIALOGS,"From what I can tell, these three were the highest authority in Hafin and took in anyone who decided to stay under their protection.",
STR_DIALOGS_SIRFIEL_ASL_INTRO_1_4,texts_DIALOGS,"Unfortunately, Lady Sibunier disappeared and Baydral, with time, became unhinged. He lost the respect of much of Hafin's inhabitants, turning miserable and sullen.",
STR_DIALOGS_SIRFIEL_ASL_INTRO_1_5,texts_DIALOGS,Maybe living that long isn't as great as it seems. What would have to go through his head for him to spend the rest of his days cooking up who knows what sort of plans...,
STR_DIALOGS_SINKA_ASL_INTRO_1_1,texts_DIALOGS,"So, have you won your key to the city yet?",
STR_DIALOGS_SINKA_ASL_INTRO_1_2,texts_DIALOGS,Looks like that lad Melian is learning from you. Lately he hasn't stopped bouncing around the city.,
STR_DIALOGS_SINKA_ASL_INTRO_1_3,texts_DIALOGS,I was less nervous when we were being rocked by earthquakes.,
STR_DIALOGS_SINKA_ASL_INTRO_1_4,texts_DIALOGS,"At least try to make sure he doesn't break anything. That lad seems a bit fragile for soldier, but I 'spose he shows his brave side when he has to.",
STR_DIALOGS_MELIAN_ASL_INTRO_1_1,texts_DIALOGS,We make a good team! My sister has to involve me more from now on.,
STR_DIALOGS_MAKERELGRUPER_ASL_INTRO_M_1_1,texts_DIALOGS,"General Brigard won't stop training, even though they've asked him to get some rest.",
STR_DIALOGS_MAKERELGRUPER_ASL_INTRO_G_1_2,texts_DIALOGS,"I spose' he can't help it. If he didn't have urge to outdo himself, he wouldn't be Zarga's general.",
STR_DIALOGS_MAKERELGRUPER_ASL_INTRO_G_1_3,texts_DIALOGS,"By the way, were you the one who made the earthquakes stop?",
STR_DIALOGS_MAKERELGRUPER_ASL_INTRO_M_1_4,texts_DIALOGS,Who else?,
STR_DIALOGS_MAKERELGRUPER_ASL_INTRO_G_1_5,texts_DIALOGS,Yeah... I don't know why I asked that.,
STR_DIALOGS_ADAMONT_ASL_INTRO_1_1,texts_DIALOGS,Seems like word's gotten around that you and the other guy saved the city.,
STR_DIALOGS_ADAMONT_ASL_INTRO_1_2,texts_DIALOGS,I'm proud of you!,
STR_DIALOGS_ADAMONT_ASL_INTRO_1_3,texts_DIALOGS,"To be honest, I knew Sirfiel's brother was tough enough for this. All he had to do was try.",
STR_DIALOGS_ADAMONT_ASL_INTRO_1_4,texts_DIALOGS,"So, you've worked together with those fish people? I'd never have imagined that beings like that existed, let alone that they'd cooperate with Zarga.",
STR_DIALOGS_ADAMONT_ASL_INTRO_1_5,texts_DIALOGS,Although I suppose I shouldn't be so surprised. It seems that anything's possible in this city.,
STR_DIALOGS_FISHCHIEF_ASL_INTRO_1_1,texts_DIALOGS,My people will be forever in your debt. My sincerest thanks for helping us.,
STR_DIALOGS_CROMACHIEF_ASL_INTRO_1_1,texts_DIALOGS,Our goal now is to find the origin of those parasites. We've come all the way from our own planet in search of it.,
STR_DIALOGS_CROMACHIEF_ASL_INTRO_1_2,texts_DIALOGS,"We'll find it, whatever the cost.",
STR_DIALOGS_FT_D1_FT7_RATATOSK_1,texts_DIALOGS,Cursed pest.,
STR_DIALOGS_FT_D1_FT7_RATATOSK_2,texts_DIALOGS,Did you think I'd just sit by while you slipped behind my back?,
STR_DIALOGS_FT_D1_FT7_MELIAN_3,texts_DIALOGS,Ugh...,
STR_DIALOGS_FT_D1_FT7_RATATOSK_4,texts_DIALOGS,Do I look like a Valkyrie to you? A fluttering fool bound to inaction?,
STR_DIALOGS_FT_D1_FT7_MELIAN_5,texts_DIALOGS,No... more like a giant rodent...,
STR_DIALOGS_FT_D1_FT7_RATATOSK_6,texts_DIALOGS,How dare you?!,
STR_DIALOGS_FT_D2_FT7_RATATOSK_1,texts_DIALOGS,Another bloodsucker...,
STR_DIALOGS_FT_D2_FT7_RATATOSK_2,texts_DIALOGS,"Alright then, I'll make this quick.",
STR_DIALOGS_FT_D3_FT7_SIRFIEL_1,texts_DIALOGS,"Step away from them, beast!",
STR_DIALOGS_FT_D3_FT7_RATATOSK_2,texts_DIALOGS,You know... You're starting to become very annoying.,
STR_DIALOGS_FT_D3_FT7_SIRFIEL_3,texts_DIALOGS,"Whatever you say, but touch them and it'll be the last thing you do.",
STR_DIALOGS_FT_D3_FT7_RATATOSK_4,texts_DIALOGS,Big words for someone so insignificant.,
STR_DIALOGS_FT_D3_FT7_SIRFIEL_5,texts_DIALOGS,"Don't underestimate the power of insignificance, monster.",
STR_DIALOGS_FT_D3_FT7_RATATOSK_6,texts_DIALOGS,What...?,
STR_DIALOGS_FT_D3_FT7_SIRFIEL_7,texts_DIALOGS,You- You heard me!,
STR_DIALOGS_FT_D3_FT7_RATATOSK_8,texts_DIALOGS,"Oh, how I despise you mortals, always punching above your own weight.",
STR_DIALOGS_FT_D3_FT7_RATATOSK_9,texts_DIALOGS,I don't have time for your nonsense.,
STR_DIALOGS_FT_D4_FT7_SIRFIEL_1,texts_DIALOGS,"Good, looks like he's gone.",
STR_DIALOGS_FT_D4_FT7_SIRFIEL_2,texts_DIALOGS,I don't think the two of us would have been able to take that thing on.,
STR_DIALOGS_FT_D5_FT7_SIRFIEL_1,texts_DIALOGS,Melian!,
STR_DIALOGS_FT_D6_FT7_SIRFIEL_1,texts_DIALOGS,Melian!,
STR_DIALOGS_FT_D6_FT7_SIRFIEL_2,texts_DIALOGS,"Melian, can you hear me?!",
STR_DIALOGS_FT_D7_FT7_SIRFIEL_1,texts_DIALOGS,"I knew you'd picked up the other volcanic pendant. Melian, how could you? Why did you have to get involved in this by yourself? You don't need to prove anything!",
STR_DIALOGS_FT_D7_FT7_MELIAN_2,texts_DIALOGS,"Heh... Look at me... Relying on you again, as always. You must be fed up of it. You should just leave me here, I'll be less of a burden on you and the rest.",
STR_DIALOGS_FT_D7_FT7_SIRFIEL_3,texts_DIALOGS,Don't ever say that again! You know that you're all I have left since mum and dad died. I don't want... I don't want the same thing to happen with you. You hear me?!,
STR_DIALOGS_FT_D7_FT7_MELIAN_4,texts_DIALOGS,I miss them too... Is that why they never ask me to join in? So that you can take care of me?,
STR_DIALOGS_FT_D7_FT7_SIRFIEL_5,texts_DIALOGS,"No, idiot... It's because I only feel protected when you're around, because I know that no one would worry about me like you would.",
STR_DIALOGS_FT_D7_FT7_MELIAN_6,texts_DIALOGS,...,
STR_DIALOGS_FT_D7_FT7_MELIAN_7,texts_DIALOGS,"I didn't know... I suppose it's painful to talk about it. Looks like all we have is each other, right?",
STR_DIALOGS_FT_D7_FT7_SIRFIEL_8,texts_DIALOGS,"Don't ever do this to me again... From now on, we'll take care of each other, just as mum and dad want. Deal?",
STR_DIALOGS_FT_D7_FT7_MELIAN_9,texts_DIALOGS,You and me against the world. Doesn't sound too bad... Deal.,
STR_DIALOGS_FT_D7_FT7_SIRFIEL_10,texts_DIALOGS,"We should head back. If we don't take care of these wounds soon, they could get serious.",
STR_DIALOGS_FT_D7_FT7_SIRFIEL_11,texts_DIALOGS,"You're coming too, soldier.",
STR_DIALOGS_FT_D7_FT7_MELIAN_12,texts_DIALOGS,"Sirfiel, wait.",
STR_DIALOGS_FT_D7_FT7_MELIAN_13,texts_DIALOGS,Friend... You must stop him.,
STR_DIALOGS_FT_D8_FT7_SIRFIEL_1,texts_DIALOGS,Are you crazy?,
STR_DIALOGS_FT_D8_FT7_SIRFIEL_2,texts_DIALOGS,You want to go after that monster?,
STR_DIALOGS_FT_D8_FT7_MELIAN_3,texts_DIALOGS,"Sirfiel, it's important. Something terrible will happen if nobody stops him.",
STR_DIALOGS_FT_D9_FT7_SIRFIEL_1,texts_DIALOGS,"I don't know what you've got yourself into, but we can't send reinforcements here, I don't have enough materials for more amulets either. You best be extra cautious if you plan to face that monster and come back in one piece.",
STR_DIALOGS_FT_D9_FT7_MELIAN_2,texts_DIALOGS,"Come closer, friend, I have to tell you something...",
STR_DIALOGS_FT_D9_FT7_MELIAN_3,texts_DIALOGS,I can't use this anymore. I'd like you to keep it and continue what we've started. You know what's at stake...,
STR_DIALOGS_FT_D10_FT7_SIRFIEL_1,texts_DIALOGS,You haven't let go of that orb since you found it. Will that be enough to save him?,
STR_DIALOGS_FT_D10_FT7_MELIAN_2,texts_DIALOGS,"Don't worry, sister. He knows how to take care of himself.",
STR_DIALOGS_FT_D10_FT7_SIRFIEL_3,texts_DIALOGS,Alright...,
STR_DIALOGS_FT_D10_FT7_SIRFIEL_4,texts_DIALOGS,We're leaving. Come back soon or I'll have to worry Brigard.,
STR_DIALOGS_FT_D11_FTBOSS_RATATOSK_1,texts_DIALOGS,"Look at it. The gift of the Gods, Yggdrasil.",
STR_DIALOGS_FT_D11_FTBOSS_RATATOSK_2,texts_DIALOGS,"Some worship it, others fear it.",
STR_DIALOGS_FT_D11_FTBOSS_RATATOSK_3,texts_DIALOGS,"But wherever it is, this tree has the ability to change the fate of the world.",
STR_DIALOGS_FT_D11_FTBOSS_RATATOSK_4,texts_DIALOGS,"Even in Terragaya, where it has stayed hidden for millennia.",
STR_DIALOGS_FT_D12_FTBOSS_RATATOSK_1,texts_DIALOGS,"What are you doing here, mortal?",
STR_DIALOGS_FT_D12_FTBOSS_RATATOSK_2,texts_DIALOGS,You're in such a rush to die that you can't wait until I'm done with Yggdrasil?,
STR_DIALOGS_FT_D12_FTBOSS_RATATOSK_3,texts_DIALOGS,"Alright. If that's what you want, you'll get one chance to stop me.",
STR_DIALOGS_FT_D12_FTBOSS_RATATOSK_4,texts_DIALOGS,"After this, I'll bite its roots and everything will end.",
STR_DIALOGS_FT_D12_FTBOSS_RATATOSK_5,texts_DIALOGS,Show me the determination that brought you here! Defend yourself!,
STR_DIALOGS_FT_D13_FTBOSS_RATATOSK_1,texts_DIALOGS,Ugh...,
STR_DIALOGS_FT_D13_FTBOSS_RATATOSK_2,texts_DIALOGS,I hope you know the consequences of what you've avoided here...,
STR_DIALOGS_FT_D13_FTBOSS_RATATOSK_3,texts_DIALOGS,"If you're that desperate to find the Guardian, I'll tell you where he is.",
STR_DIALOGS_FT_D13_FTBOSS_RATATOSK_4,texts_DIALOGS,"Head east until you reach a large platform. On it, place this cube. It's a key. It'll take you to the place you're looking for.",
STR_DIALOGS_FT_D14_FTBOSS_RATATOSK_1,texts_DIALOGS,Now it's on you to fix this.,
STR_DIALOGS_FT_D14_FTBOSS_RATATOSK_2,texts_DIALOGS,...,
STR_DIALOGS_FT_D15_FTBOSS_LIANDRIS_1,texts_DIALOGS,What an unfortunate sight... I don't think you're capable of finishing off those roots right now.,
STR_DIALOGS_FT_D15_FTBOSS_RATATOSK_2,texts_DIALOGS,I suppose those mortals weren't following me for the sake of it....,
STR_DIALOGS_FT_D15_FTBOSS_LIANDRIS_3,texts_DIALOGS,What will happen with the plague now if you don't destroy the tree? And why have you given that Human the key to Beigon?,
STR_DIALOGS_FT_D15_FTBOSS_RATATOSK_4,texts_DIALOGS,"You know very well what will happen. You yourself have seen how unstoppable it is. At this rate, it'll wipe everything out, and it'll be just a matter of time before it reaches the Sea of Oberon.",
STR_DIALOGS_FT_D15_FTBOSS_LIANDRIS_5,texts_DIALOGS,They're that afraid of it?,
STR_DIALOGS_FT_D15_FTBOSS_RATATOSK_6,texts_DIALOGS,"You've instilled those little mortals with so much confidence, at least get them to the end. The plague's origin lies there. That's why I took the key, so no one could open the Guardian's chamber. But I'm guessing you knew all that...",
STR_DIALOGS_FT_D15_FTBOSS_LIANDRIS_7,texts_DIALOGS,Are you sure about this?,
STR_DIALOGS_FT_D15_FTBOSS_RATATOSK_8,texts_DIALOGS,My nose never fails me. Now it's up to you to do something.,
STR_DIALOGS_FT_D15_FTBOSS_LIANDRIS_9,texts_DIALOGS,...,
STR_DIALOGS_FT_D16_FT6_DARK_RAZOR_1,texts_DIALOGS,Huh?,
STR_DIALOGS_FT_D16_FT6_DARK_RAZOR_2,texts_DIALOGS,So it's still not over then?,
STR_DIALOGS_FT_D16_FT6_DARK_RAZOR_3,texts_DIALOGS,"Alright, I wouldn't want to disappoint..",
STR_DIALOGS_FT_D17_FT6_DARK_RAZOR_1,texts_DIALOGS,First that monster and now you.,
STR_DIALOGS_FT_D17_FT6_DARK_RAZOR_2,texts_DIALOGS,Did it really have to end like this...?,
STR_DIALOGS_JIVAN_AFT_INTRO_1_1,texts_DIALOGS,The beast that both you and that other boy describe...,
STR_DIALOGS_JIVAN_AFT_INTRO_1_2,texts_DIALOGS,"It seems to be a Feral, a creature whose energy rivals that of the Valkyries...",
STR_DIALOGS_JIVAN_AFT_INTRO_1_3,texts_DIALOGS,"My suspicions proved correct. If that creature has been here, it can't have been for a good reason.",
STR_DIALOGS_JIVAN_AFT_INTRO_1_4,texts_DIALOGS,It's important you tell me exactly where you faced him. I must see it with my own eyes.,
STR_DIALOGS_JIVAN_AFT_INTRO_1_5,texts_DIALOGS,"No... Do not worry, I shall take care of it. If he really has revealed the location of the Guardian to you, you'd best take his word as truth.",
STR_DIALOGS_JIVAN_AFT_INTRO_1_6,texts_DIALOGS,Lying doesn't come naturally to those beasts.,
STR_DIALOGS_EDIL_AFT_INTRO_1_1,texts_DIALOGS,Is there really an entire Fire Temple behind that mysterious door in the Forest of Fyr?,
STR_DIALOGS_EDIL_AFT_INTRO_1_2,texts_DIALOGS,"That soldier... Melian? He's back, and badly injured, but it looks like all you suffered from was a dusting of soot. Your armour's covered.",
STR_DIALOGS_EDIL_AFT_INTRO_1_3,texts_DIALOGS,Tell me everything! Just how terrifying was that creature he was talking about? How did you manage to beat it?,
STR_DIALOGS_EDIL_AFT_INTRO_1_4,texts_DIALOGS,"Alright, alright... I'll try to curb my enthusiasm...",
STR_DIALOGS_BRIGARD_AFT_INTRO_1_1,texts_DIALOGS,"I hope you've managed to rest, soldier. After finishing our preparations, we shall head towards Hel Swamp.",
STR_DIALOGS_BRIGARD_AFT_INTRO_1_2,texts_DIALOGS,We'll be taking the fastest route.,
STR_DIALOGS_BALOF_AFT_INTRO_1_1,texts_DIALOGS,"You smell like barbecue, friend. Get rid of that smell, and quickly. Believe me, I know what I'm talking about.",
STR_DIALOGS_BALOF_AFT_OUTRO_1_1,texts_DIALOGS,"To be honest, I don't exactly smell of roses either.",
STR_DIALOGS_GARTUA_AFT_INTRO_1_1,texts_DIALOGS,"So, what can I do for my smokey friend today?",
STR_DIALOGS_DESTRAS_AFT_INTRO_1_1,texts_DIALOGS,You smell of ironworking. I'm starting to like you....,
STR_DIALOGS_EUDER_AFT_INTRO_1_1,texts_DIALOGS,You smell like you've been scorched. Where have you been?,
STR_DIALOGS_EUDER_AFT_INTRO_1_2,texts_DIALOGS,"You know how much I like it when you come by here from time to time to tell me about your travels, but could  you perhaps come back when you've had a good, long shower?",
STR_DIALOGS_EUDER_AFT_INTRO_1_3,texts_DIALOGS,"It's alright, my little friend. Don't take it the wrong way... I'm just ladding.",
STR_DIALOGS_EUDER_AFT_INTRO_1_4,texts_DIALOGS,"If you have valuable information, I recommend you share it with General Brigard.",
STR_DIALOGS_SIRFIEL_WFT_INTRO_1_1,texts_DIALOGS,"At my brother's request, I won't involve anyone else.",
STR_DIALOGS_SIRFIEL_WFT_INTRO_1_2,texts_DIALOGS,"He trusts you completely, you see.",
STR_DIALOGS_SIRFIEL_WFT_INTRO_1_3,texts_DIALOGS,You best hurry back soon. I'm disobeying my orders to let General Brigard know about things like this for you.,
STR_DIALOGS_SIRFIEL_WFT_INTRO_1_4,texts_DIALOGS,"Oh, by the way...",
STR_DIALOGS_SIRFIEL_WFT_INTRO_1_5,texts_DIALOGS,"I'm sorry about what happened earlier. I still haven't mastered this sort of spell, and I couldn't go back to my original form when I activated that trap.",
STR_DIALOGS_SIRFIEL_WFT_INTRO_1_6,texts_DIALOGS,"Don't hold it against me, alright?",
STR_DIALOGS_SIRFIEL_AFT_INTRO_1_1,texts_DIALOGS,My brother was right.,
STR_DIALOGS_SIRFIEL_AFT_INTRO_1_2,texts_DIALOGS,You're back safe and sound. You don't the weight that's off my shoulders now.,
STR_DIALOGS_SIRFIEL_AFT_INTRO_1_3,texts_DIALOGS,It looks like those orbs are granting you some unusual powers.,
STR_DIALOGS_SIRFIEL_AFT_INTRO_1_4,texts_DIALOGS,I hope they're not dangerous.,
STR_DIALOGS_SIRFIEL_AFT_INTRO_1_5,texts_DIALOGS,"Anyway, I'm glad you're here.",
STR_DIALOGS_SIRFIEL_AFT_INTRO_1_6,texts_DIALOGS,"Go and see Brigard if you have information to share. Judging by what that squirrel thing said, I'd say he knows this world quite well.",
STR_DIALOGS_SIRFIEL_AFT_INTRO_1_7,texts_DIALOGS,Perhaps even better than its inhabitants.,
STR_DIALOGS_MELIAN_WFT_INTRO_1_1,texts_DIALOGS,"Don't worry about me, I'll be alright.",
STR_DIALOGS_MELIAN_WFT_INTRO_1_2,texts_DIALOGS,"I promised my sister that I won't get up to mischief, at least until I've recovered.",
STR_DIALOGS_MELIAN_WFT_INTRO_1_3,texts_DIALOGS,You have to stop that giant squirrel before it reaches the tree the Valkyrie spoke about.,
STR_DIALOGS_MELIAN_WFT_INTRO_1_4,texts_DIALOGS,"Hurry, I know you can do it. You're much more powerful now, even more than a Mage Captain like Sirfiel.",
STR_DIALOGS_MELIAN_AFT_INTRO_1_1,texts_DIALOGS,That run-in with the beast has made me think... How many things are we ignoring about what's happening to us?,
STR_DIALOGS_MELIAN_AFT_INTRO_1_2,texts_DIALOGS,"The Valkyries, that monster, the tree, the Guardian...",
STR_DIALOGS_MELIAN_AFT_INTRO_1_3,texts_DIALOGS,"Perhaps if we find the Guardian, we can understand the scale of all of this.",
STR_DIALOGS_MELIAN_AFT_INTRO_1_4,texts_DIALOGS,We're counting on you. It looks like we're getting closer.,
STR_DIALOGS_SINKA_AFT_INTRO_1_1,texts_DIALOGS,You've got that look of wonder on your face again.,
STR_DIALOGS_SINKA_AFT_INTRO_1_2,texts_DIALOGS,"Tell me, is it something important this time or is gonna be another one of those discoveries that ends up taking you right back to where you started?",
STR_DIALOGS_SINKA_AFT_INTRO_1_3,texts_DIALOGS,"Alright, I guess it's a good one this time, then.",
STR_DIALOGS_SINKA_AFT_INTRO_1_4,texts_DIALOGS,"Nah... I'm joking, but you've got nothing to lose by trying.",
STR_DIALOGS_MAKERELGRUPER_AFT_INTRO_M_1_1,texts_DIALOGS,"Gruper, if you could pick a regiment captain, who'd it be?",
STR_DIALOGS_MAKERELGRUPER_AFT_INTRO_G_1_2,texts_DIALOGS,Hmm... I know who it WOULDN'T be.,
STR_DIALOGS_MAKERELGRUPER_AFT_INTRO_G_1_3,texts_DIALOGS,"Captain Adamont. His bad temper scares me, though they do say that he can be quite nice, once you get to know him.",
STR_DIALOGS_MAKERELGRUPER_AFT_INTRO_G_1_4,texts_DIALOGS,You?,
STR_DIALOGS_MAKERELGRUPER_AFT_INTRO_M_1_5,texts_DIALOGS,"Captain Sirfiel, no question.",
STR_DIALOGS_MAKERELGRUPER_AFT_INTRO_G_1_6,texts_DIALOGS,And since when have you been into magic?,
STR_DIALOGS_MAKERELGRUPER_AFT_INTRO_M_1_7,texts_DIALOGS,What's the difference? Captains lead all kinds of regiments.,
STR_DIALOGS_MAKERELGRUPER_AFT_INTRO_G_1_8,texts_DIALOGS,Yeah...,
STR_DIALOGS_ADAMONT_AFT_INTRO_1_1,texts_DIALOGS,"Where have ya been, lad? You're covered in soot...",
STR_DIALOGS_ADAMONT_AFT_INTRO_1_2,texts_DIALOGS,The shiny and tidy image of Zarga's soldiers is one of our distinguishing traits.,
STR_DIALOGS_ADAMONT_AFT_INTRO_1_3,texts_DIALOGS,"If you don't shine yourself up a bit, you'll end up looking like the soldiers of Dizarn, the ones with the dark armour.",
STR_DIALOGS_ADAMONT_AFT_INTRO_1_4,texts_DIALOGS,"And we wouldn't want that, would we?",
STR_DIALOGS_ADAMONT_AFT_INTRO_1_5,texts_DIALOGS,So take that as an order and clean yourself up.,
STR_DIALOGS_FISHCHIEF_AFT_INTRO_1_1,texts_DIALOGS,That lab hides mysteries that we still don't understand. Our friend continues to investigate it.,
STR_DIALOGS_CROMACHIEF_AFT_INTRO_1_1,texts_DIALOGS,I have been thinking... What if the being the inhabitants of this world seek is in some way connected to these parasites?,
STR_DIALOGS_JIVAN_AN_INTRO_1_1,texts_DIALOGS,I see you are ready to leave.,
STR_DIALOGS_JIVAN_AN_INTRO_1_2,texts_DIALOGS,"I must say, I have never seen a fallen army organise itself so well in order to achieve an objective proposed by the Valkyries.",
STR_DIALOGS_JIVAN_AN_INTRO_1_3,texts_DIALOGS,"Either way, it is best you do not forget everything that has happened to you, what you have experienced here has been anything but normal.",
STR_DIALOGS_JIVAN_AN_INTRO_1_4,texts_DIALOGS,I hope you can continue on your path without those sort of setbacks.,
STR_DIALOGS_JIVAN_AN_INTRO_1_5,texts_DIALOGS,"It's been a pleasure to have hosted you within Hafin's walls, Human army of Zarga. I hope you find what you seek.",
STR_DIALOGS_EDIL_AN_INTRO_1_1,texts_DIALOGS,"Travel safe, soldiers.",
STR_DIALOGS_EDIL_AN_INTRO_1_2,texts_DIALOGS,I've decided to focus on my lessons. Maybe that way Jivan will start to trust me more.,
STR_DIALOGS_EDIL_AN_INTRO_1_3,texts_DIALOGS,"Go on then, don't waste time talking to me and find that Guardian.",
STR_DIALOGS_BALOF_AN_INTRO_1_1,texts_DIALOGS,"Could ya come by when you're about to leave? Stock up well if you're heading on a trip you're not coming back from, friend.",
STR_DIALOGS_BALOF_AN_OUTRO_1_1,texts_DIALOGS,Good luck.,
STR_DIALOGS_GARTUA_AN_INTRO_1_1,texts_DIALOGS,"If you see the Guardian, remind him that, if he's thinking about coming by Hafin, we'll be ready.",
STR_DIALOGS_DESTRAS_AN_INTRO_1_1,texts_DIALOGS,I heard you're heading off soon. I'm actually going to miss you. Forging a tonne of weapons for an entire army is something you don't get to do every day!,
STR_DIALOGS_EUDER_AN_INTRO_1_1,texts_DIALOGS,I knew it! I knew there had to be something on the other side of that swamp!,
STR_DIALOGS_EUDER_AN_INTRO_1_2,texts_DIALOGS,"Okay, okay... I'll contain my excitement, but I have a hunch about the information you received. It just has to be true!",
STR_DIALOGS_EUDER_AN_INTRO_1_3,texts_DIALOGS,I see this captain's intuition's as sharp as ever.,
STR_DIALOGS_EUDER_AN_INTRO_1_4,texts_DIALOGS,"And you had your part to play, too, of course.",
STR_DIALOGS_EUDER_AN_INTRO_1_5,texts_DIALOGS,Let's not make the Guardian wait any longer.,
STR_DIALOGS_SIRFIEL_AN_INTRO_1_1,texts_DIALOGS,"We've been through a lot, but it looks like everyone trusts the information you found on your last adventure.",
STR_DIALOGS_SIRFIEL_AN_INTRO_1_2,texts_DIALOGS,"Once Brigard gives the order, we'll leave for the Guardian.",
STR_DIALOGS_SIRFIEL_AN_INTRO_1_3,texts_DIALOGS,I wonder if he's as powerful as the legend suggests...,
STR_DIALOGS_SIRFIEL_AN_INTRO_1_4,texts_DIALOGS,What... excited? You bet I am! I can't wait to see what he looks like.,
STR_DIALOGS_SIRFIEL_AN_INTRO_1_5,texts_DIALOGS,I hope I'm allowed to take a few things from here. There's still books I'd like to read.,
STR_DIALOGS_MELIAN_AN_INTRO_1_1,texts_DIALOGS,This is even more suspicious...,
STR_DIALOGS_MELIAN_AN_INTRO_1_2,texts_DIALOGS,The monster... Ratatosk? He told you where to find the Guardian?,
STR_DIALOGS_MELIAN_AN_INTRO_1_3,texts_DIALOGS,He went from wanting to destroy this world to revealing the location of what everyone is supposed to look for after they arrive here.,
STR_DIALOGS_MELIAN_AN_INTRO_1_4,texts_DIALOGS,I'd love to put two and two together but it just doesn't add up.,
STR_DIALOGS_MELIAN_AN_INTRO_1_5,texts_DIALOGS,Perhaps it's best not to think about it too much and just head straight to where he told you.,
STR_DIALOGS_SINKA_AN_INTRO_1_1,texts_DIALOGS,"Looks like we're finally moving, eh?",
STR_DIALOGS_SINKA_AN_INTRO_1_2,texts_DIALOGS,Does this really seem that bad to you? Maybe staying here wouldn't be such a bad idea...,
STR_DIALOGS_SINKA_AN_INTRO_1_3,texts_DIALOGS,At least the air's cleaner than Zarga's.,
STR_DIALOGS_SINKA_AN_INTRO_1_4,texts_DIALOGS,Maybe we came for a reason.,
STR_DIALOGS_SINKA_AN_INTRO_1_5,texts_DIALOGS,Or it's just some sort of afterlife admin error.,
STR_DIALOGS_SINKA_AN_INTRO_1_6,texts_DIALOGS,"Whatever it is, it's always the ones at the bottom who end up paying for it.",
STR_DIALOGS_MAKERELGRUPER_AN_INTRO_M_1_1,texts_DIALOGS,"You nervous, friend?",
STR_DIALOGS_MAKERELGRUPER_AN_INTRO_G_1_2,texts_DIALOGS,"Yep, and thanks to all your effort it looks like we finally a direction to head in.",
STR_DIALOGS_MAKERELGRUPER_AN_INTRO_M_1_3,texts_DIALOGS,"Gruper, we're finally getting out of here!",
STR_DIALOGS_MAKERELGRUPER_AN_INTRO_G_1_4,texts_DIALOGS,"Try not to get too excited, it's not the first time we've taken a stab in the dark in this world.",
STR_DIALOGS_MAKERELGRUPER_AN_INTRO_M_1_5,texts_DIALOGS,Really? You're gonna be the party pooper? Our duo doesn't work like that...,
STR_DIALOGS_MAKERELGRUPER_AN_INTRO_G_1_6,texts_DIALOGS,"Of course not. This time, I'm sure we'll be able to find the Guardian!",
STR_DIALOGS_ADAMONT_AN_INTRO_1_1,texts_DIALOGS,It's time that Guardian met Zarga's determination.,
STR_DIALOGS_ADAMONT_AN_INTRO_1_2,texts_DIALOGS,"This has to be it this time, and he better get us home... or else.",
STR_DIALOGS_ADAMONT_AN_INTRO_1_3,texts_DIALOGS,"In fact, he's gonna spend a good while not being able to receive any more guests.",
STR_DIALOGS_ADAMONT_AN_INTRO_1_4,texts_DIALOGS,I'll personally make sure of it!,
STR_DIALOGS_ADAMONT_AN_INTRO_1_5,texts_DIALOGS,"You're one of a kind, soldier. Did you think about what I said? About coming over to my regiment?",
STR_DIALOGS_ADAMONT_AN_INTRO_1_6,texts_DIALOGS,"Hahahah. Alright, you think about it and let me know.",
STR_DIALOGS_FISHCHIEF_AN_INTRO_1_1,texts_DIALOGS,STR_DIALOGS_FISHCHIEF_AN_INTRO_1_1,
STR_DIALOGS_CROMACHIEF_AN_INTRO_1_1,texts_DIALOGS,STR_DIALOGS_CROMACHIEF_AN_INTRO_1_1,
STR_DIALOGS_TOWN_AAF_D1_JIVAN_1,texts_DIALOGS,It's a good thing the messenger found you in time. I don't believe I can use this spell again for a while.,JIVAN
STR_DIALOGS_TOWN_AAF_D1_JIVAN_2,texts_DIALOGS,But we cannot wait any longer. I can't lose Edil.,JIVAN
STR_DIALOGS_TOWN_AAF_D2_JIVAN_1,texts_DIALOGS,It's taken more of my energy that I thought it would. Such power...,JIVAN
STR_DIALOGS_TOWN_AAF_D3_EDIL_1,texts_DIALOGS,Old man...?,EDIL
STR_DIALOGS_TOWN_AAF_D4_JIVAN_1,texts_DIALOGS,Edil?,JIVAN
STR_DIALOGS_TOWN_AAF_D4_JIVAN_2,texts_DIALOGS,Edil!,JIVAN
STR_DIALOGS_TOWN_AAF_D5_JIVAN_1,texts_DIALOGS,"You're safe now, Edil, there's nothing to be afraid of.",JIVAN
STR_DIALOGS_TOWN_AAF_D5_EDIL_2,texts_DIALOGS,"One of those things got me, didn't it?",EDIL
STR_DIALOGS_TOWN_AAF_D5_EDIL_3,texts_DIALOGS,"I could feel how it was trying to take over me, but I resisted. Sometimes I was even able to make out your voices.",EDIL
STR_DIALOGS_TOWN_AAF_D5_JIVAN_4,texts_DIALOGS,"I can't even imagine what you've been through, my poor girl.",JIVAN
STR_DIALOGS_TOWN_AAF_D5_EDIL_5,texts_DIALOGS,I'm lucky you were there.,EDIL
STR_DIALOGS_TOWN_AAF_D6_BRIGARD_1,texts_DIALOGS,"GET BACK, SOLDIER!",BRIGARD
STR_DIALOGS_TOWN_AAF_D6_BRIGARD_2,texts_DIALOGS,Uh... What? Where are we?,BRIGARD
STR_DIALOGS_TOWN_AAF_D7_JIVAN_1,texts_DIALOGS,"It's alright, General, you're safe now. We're in Hafin, in my observatory.",JIVAN
STR_DIALOGS_TOWN_AAF_D7_BRIGARD_2,texts_DIALOGS,...,BRIGARD
STR_DIALOGS_TOWN_AAF_D7_BRIGARD_3,texts_DIALOGS,I understand... I'm sorry for anything I did.,BRIGARD
STR_DIALOGS_TOWN_AAF_D8_JIVAN_1,texts_DIALOGS,Liandris... It's been some time.,JIVAN
STR_DIALOGS_TOWN_AAF_D8_JIVAN_2,texts_DIALOGS,"If you're showing your face around Hafin, it must be for something important. What's going on?",JIVAN
STR_DIALOGS_TOWN_AAF_D8_LIANDRIS_3,texts_DIALOGS,You tell me. I'm here for answers.,LIANDRIS
STR_DIALOGS_TOWN_AAF_D8_LIANDRIS_4,texts_DIALOGS,I need to speak with the Human general.,LIANDRIS
STR_DIALOGS_TOWN_AAF_D9_BRIGARD_1,texts_DIALOGS,Me?,BRIGARD
STR_DIALOGS_TOWN_AAF_D10_LIANDRIS_1,texts_DIALOGS,You were trapped by one of those things. Tell me what happened.,LIANDRIS
STR_DIALOGS_TOWN_AAF_D10_BRIGARD_2,texts_DIALOGS,"I saw... I could see thousands of eyes in the shadows, looking at me and, then, just darkness. I can't explain it... You feel as if an overwhelming force takes over from within and, once it's finished, you stop resisting because it's now part of you...",BRIGARD
STR_DIALOGS_TOWN_AAF_D10_LIANDRIS_3,texts_DIALOGS,That's it? It seems that Sangrigor saw more than that.,LIANDRIS
STR_DIALOGS_TOWN_AAF_D11_JIVAN_1,texts_DIALOGS,A Valkyrie has been infected?,JIVAN
STR_DIALOGS_TOWN_AAF_D11_JIVAN_2,texts_DIALOGS,"Bring her here. While I'm not yet ready, I'm willing to try to...",JIVAN
STR_DIALOGS_TOWN_AAF_D11_LIANDRIS_3,texts_DIALOGS,"Save your strength, elder. She pulled out the parasite herself, right before my eyes, and nothing happened.",LIANDRIS
STR_DIALOGS_TOWN_AAF_D11_JIVAN_4,texts_DIALOGS,"That's possible? She should return to normal, as they did.",JIVAN
STR_DIALOGS_TOWN_AAF_D11_LIANDRIS_5,texts_DIALOGS,I cannot waste any more time. I must find her.,LIANDRIS
STR_DIALOGS_TOWN_AAF_D11_BIS_JIVAN_1,texts_DIALOGS,I have a bad feeling about this...,
STR_DIALOGS_TOWN_AAF_D12_EDIL_1,texts_DIALOGS,"Hey, you're the soldier that fought alongside me to defend Hafin. I know you helped Jivan in getting me better.",EDIL
STR_DIALOGS_TOWN_AAF_D12_EDIL_2,texts_DIALOGS,Thank you.,EDIL
STR_DIALOGS_TOWN_AAF_D13_JIVAN_1,texts_DIALOGS,What's happening now?,JIVAN
STR_DIALOGS_TOWN_AAF_D13_JIVAN_2,texts_DIALOGS,"Don't move, Edil. I'll be back once I've found out what's going on.",JIVAN
STR_DIALOGS_TOWN_AAF_D14_MELIAN_1,texts_DIALOGS,Ouch! Again.,MELIAN
STR_DIALOGS_TOWN_AAF_D15_MELIAN_1,texts_DIALOGS,Does anyone know what's happening?,MELIAN
STR_DIALOGS_TOWN_AAF_D15_JIVAN_2,texts_DIALOGS,"I was hoping to find out, soldier.",JIVAN
STR_DIALOGS_TOWN_AAF_D16_MELIAN_1,texts_DIALOGS,"Wait! The honourable Jivan, I assume?",MELIAN
STR_DIALOGS_TOWN_AAF_D16_JIVAN_2,texts_DIALOGS,There's no need for formalities.,JIVAN
STR_DIALOGS_TOWN_AAF_D16_MELIAN_3,texts_DIALOGS,I know. Are you perhaps thinking of asking that soldier to investigate?,MELIAN
STR_DIALOGS_TOWN_AAF_D17_JIVAN_1,texts_DIALOGS,Actually...,JIVAN
STR_DIALOGS_TOWN_AAF_D17_MELIAN_2,texts_DIALOGS,"Don't worry, I know exactly what he's capable of, but, this time, he won't go alone. I'm ready to leave my post and head out on an adventure.",MELIAN
STR_DIALOGS_TOWN_AAF_D17_JIVAN_3,texts_DIALOGS,Alright... It's true that I haven't recovered my strength after using so much energy.,JIVAN
STR_DIALOGS_TOWN_AAF_D18_MELIAN_1,texts_DIALOGS,"Soldier, I'm no captain, but I promise to step up to the task at hand. You won't regret working with me.",MELIAN
STR_DIALOGS_TOWN_AAF_D19_JIVAN_1,texts_DIALOGS,"I believe the water treatment plant that manages the dam's outflow could be a good place to start the investigation. If you need me, I shall be inside, tending to the others.",JIVAN
STR_DIALOGS_TOWN_AAF_D20_MELIAN_1,texts_DIALOGS,"Let's go, we've waited long enough.",MELIAN
STR_DIALOGS_TOWN_AAF_D21_MELIAN_1,texts_DIALOGS,I know what you're thinking.,MELIAN
STR_DIALOGS_TOWN_AAF_D21_MELIAN_2,texts_DIALOGS,"But I'm tired of being that sullen, patient soldier who spends his whole life moaning about not being something greater.",MELIAN
STR_DIALOGS_TOWN_AAF_D21_MELIAN_3,texts_DIALOGS,"I want to help, like you do.",MELIAN
STR_DIALOGS_TOWN_AAF_D21_MELIAN_4,texts_DIALOGS,"Also... While you were up there, with Captain Euder, I went on a mission with General Brigard and the others. We didn't really find anything, but I came across one of those prized energy orbs you have.",MELIAN
STR_DIALOGS_TOWN_AAF_D21_MELIAN_5,texts_DIALOGS,I understand now... The power they grant you makes you want even more.,MELIAN
STR_DIALOGS_TOWN_AAF_D21_MELIAN_6,texts_DIALOGS,"So don't worry. Together, we'll be stronger.",MELIAN
STR_DIALOGS_TOWN_AAF_D21_MELIAN_7,texts_DIALOGS,We should carry on.,MELIAN
STR_DIALOGS_TOWN_AAF_D22_FISHCHIEF_1,texts_DIALOGS,"Erm... Land-dwellers of Hafin, I know what it looks like, but we have nothing to do with what's happening.",FISHCHIEF
STR_DIALOGS_TOWN_AAF_D22_FISHCHIEF_2,texts_DIALOGS,Wait a moment... Are you those soldiers that defended the city against the dark plague?,FISHCHIEF
STR_DIALOGS_TOWN_AAF_D23_FISHMINION_1,texts_DIALOGS,Chief... Perhaps we could...?,FISHMINION
STR_DIALOGS_TOWN_AAF_D23_FISHCHIEF_2,texts_DIALOGS,"Would you be quiet, Baiyu? I can barely hear myself think with your incessant noise.",FISHCHIEF
STR_DIALOGS_TOWN_AAF_D23_FISHCHIEF_3,texts_DIALOGS,I have a proposal. Perhaps we could help each other.,FISHCHIEF
STR_DIALOGS_TOWN_AAF_D24_FISHCHIEF_1,texts_DIALOGS,"Baiyu, what species are these specimens exactly?",FISHCHIEF
STR_DIALOGS_TOWN_AAF_D24_FISHMINION_2,texts_DIALOGS,"Well, I'd say they're either Humans or Elves... Yes... I would say... Humans.",FISHMINION
STR_DIALOGS_TOWN_AAF_D24_FISHCHIEF_3,texts_DIALOGS,Just what I thought. Humans. You've always been my favourites!,FISHCHIEF
STR_DIALOGS_TOWN_AAF_D25_FISHCHIEF_1,texts_DIALOGS,Where to begin...?,FISHCHIEF
STR_DIALOGS_TOWN_AAF_D25_FISHMINION_2,texts_DIALOGS,I believe I can show you. That would make things easier.,FISHMINION
STR_DIALOGS_TOWN_AAF_D25_FISHCHIEF_3,texts_DIALOGS,"I think showing you this will help things go smoother. Go on, Baiyu, show them.",FISHCHIEF
STR_DIALOGS_TOWN_AAF_D25_FISHMINION_4,texts_DIALOGS,Would you mind standing back a little? This will need some space.,FISHMINION
STR_DIALOGS_TOWN_AAF_D26_FISHCHIEF_1,texts_DIALOGS,"Don't worry, he can't break out of those chains.",FISHCHIEF
STR_DIALOGS_TOWN_AAF_D26_FISHCHIEF_2,texts_DIALOGS,"This creature you see in front of you is our friend, though he doesn't quite look it right now.",FISHCHIEF
STR_DIALOGS_TOWN_AAF_D26_FISHCHIEF_3,texts_DIALOGS,"And, believe it or not, the one responsible for his condition is the same person who is causing those earthquakes.",FISHCHIEF
STR_DIALOGS_TOWN_AAF_D26_FISHMINION_4,texts_DIALOGS,"You should reseal him, chief.",FISHMINION
STR_DIALOGS_TOWN_AAF_D26_FISHCHIEF_5,texts_DIALOGS,"Baiyu, do not interrupt me with the obvious statements and do it.",FISHCHIEF
STR_DIALOGS_TOWN_AAF_D27_FISHCHIEF_1,texts_DIALOGS,"Now that my assistant has stopped interrupting me, I suppose you'll want to know why he's in that state.",FISHCHIEF
STR_DIALOGS_TOWN_AAF_D27_FISHCHIEF_2,texts_DIALOGS,Our people are the victims of a curse put upon us thousands of years before I was born.,FISHCHIEF
STR_DIALOGS_TOWN_AAF_D27_FISHCHIEF_3,texts_DIALOGS,"They say that a grand wizard, called Baydral, cursed the entire planet which, for centuries, was in a state of constant war between rival clans over their sea domains.",FISHCHIEF
STR_DIALOGS_TOWN_AAF_D27_FISHCHIEF_4,texts_DIALOGS,"This curse meant that if a saltwater Fise came into contact with areas where freshwater was predominant, or vice versa, they would transform into a vacant monster that we call braj.",FISHCHIEF
STR_DIALOGS_TOWN_AAF_D27_FISHCHIEF_5,texts_DIALOGS,"The curse ushered in an era of peace that lasted, as far as we know, until our final days on Neptus.",FISHCHIEF
STR_DIALOGS_TOWN_AAF_D27_FISHCHIEF_6,texts_DIALOGS,"You can imagine the rest. The water on Terragaya didn't have any effect on us... or at least it didn't until a few weeks ago. Our people began to turn into monsters, one of them being our friend.",FISHCHIEF
STR_DIALOGS_TOWN_AAF_D27_FISHCHIEF_7,texts_DIALOGS,"Since then, we've tried to find a way to turn them back and, finally, thanks to our investigation, we've made a completely unexpected discovery.",FISHCHIEF
STR_DIALOGS_TOWN_AAF_D27_FISHCHIEF_8,texts_DIALOGS,"Baydral is on Terragaya! When we found out that he was one of Hafin's founders, we travelled here from the Land of the Waterfalls, where many of us Fise settled upon reaching this world.",FISHCHIEF
STR_DIALOGS_TOWN_AAF_D27_FISHCHIEF_9,texts_DIALOGS,"Unfortunately, our encounter didn't go as planned. We thought we would meet what our people see as a legend, but what we found... was more of a... a...",FISHCHIEF
STR_DIALOGS_TOWN_AAF_D27_FISHMINION_10,texts_DIALOGS,A lunatic...,FISHMINION
STR_DIALOGS_TOWN_AAF_D27_FISHCHIEF_11,texts_DIALOGS,"Have some respect, Baiyu. He may not be what we expected, but he's still a legend in our world.",FISHCHIEF
STR_DIALOGS_TOWN_AAF_D27_FISHCHIEF_12,texts_DIALOGS,"Worst of all, despite listening to us, he ignored our petition and locked himself away in this sort of bunker.",FISHCHIEF
STR_DIALOGS_TOWN_AAF_D27_FISHMINION_13,texts_DIALOGS,Very unpleasant...,FISHMINION
STR_DIALOGS_TOWN_AAF_D27_FISHCHIEF_14,texts_DIALOGS,"Doing this gave us two problems: Firstly, we're not from here, so, surely, no one would give us the key to open this door. Secondly, it looks like the inside is full of freshwater. Even if we could open it, we couldn't go inside without becoming braj.",FISHCHIEF
STR_DIALOGS_TOWN_AAF_D28_MELIAN_1,texts_DIALOGS,"You've been talking for quite a while now, but we don't really know where you're going with this.",MELIAN
STR_DIALOGS_TOWN_AAF_D29_FISHCHIEF_1,texts_DIALOGS,"If you can get hold of the treatment plant key, we can ask Baydral to help us and, at the same time, you can find out what's causing these tremors and stop them. It's a win-win.",FISHCHIEF
STR_DIALOGS_TOWN_AAF_D29_FISHCHIEF_2,texts_DIALOGS,Do you know where he might be?,FISHCHIEF
STR_DIALOGS_TOWN_AAF_D29_FISHCHIEF_3,texts_DIALOGS,"We know that the city's engineer has a copy of the key but, as we said, they're not going to trust a pair of outsiders like us.",FISHCHIEF
STR_DIALOGS_TOWN_AAF_D29_FISHCHIEF_4,texts_DIALOGS,"You, on the one hand, helped to defend this city. I'm sure you're in their good books.",FISHCHIEF
STR_DIALOGS_TOWN_AAF_D30_MELIAN_1,texts_DIALOGS,"Soldier, you've already met that engineer, haven't you?",MELIAN
STR_DIALOGS_TOWN_AAF_D30_MELIAN_2,texts_DIALOGS,Would you mind going to get the key? I have to make some preparations before we head down there.,MELIAN
STR_DIALOGS_TOWN_AAF_D31_FISHCHIEF_1,texts_DIALOGS,"Agreed, we will wait for you here.",FISHCHIEF
STR_DIALOGS_TOWN_AAF_D32_GARTUA_1,texts_DIALOGS,"Woah, you again! Sorry if need our services somewhere else, but we can't go anywhere right now. These earthquakes'll send the cannon crashing down if we don't prop it up. Darn setbacks...",GARTUA
STR_DIALOGS_TOWN_AAF_D32_GARTUA_2,texts_DIALOGS,You mean to say you're investigating them?,GARTUA
STR_DIALOGS_TOWN_AAF_D32_GARTUA_3,texts_DIALOGS,"Yeah, sure, take the sewer valve if that's what you want but, please, put a stop to those earthquakes for the good of Hafin.",GARTUA
STR_DIALOGS_TOWN_AAF_D33_BALOF_1,texts_DIALOGS,My friend! How goes it?,BALOF
STR_DIALOGS_TOWN_AAF_D33_BALOF_2,texts_DIALOGS,"Down there, I mean...",BALOF
STR_DIALOGS_TOWN_AAF_D33_BALOF_3,texts_DIALOGS,"So, they've tasked you with finding out what's causing those earthquakes? How could you even think of going down there without the help of your best friend?",BALOF
STR_DIALOGS_TOWN_AAF_D33_BALOF_4,texts_DIALOGS,Of course I'm talking about myself!,BALOF
STR_DIALOGS_TOWN_AAF_D33_BALOF_5,texts_DIALOGS,"Eh? Ah... no... I won't be going there but, luckily for you, I've done lots of work on the treatment plant during my time. You'll need this to clear the way.",BALOF
STR_DIALOGS_TOWN_AAF_D34_BALOF_1,texts_DIALOGS,I call them pig bombs. Set them on the ground and they'll run around like a piglet in a swamp. They're so cute... They remind me of little Balofina. They can even climb up walls!,BALOF
STR_DIALOGS_TOWN_AAF_D34_BALOF_2,texts_DIALOGS,Try to reach that switch; you'll see...,BALOF
STR_DIALOGS_TOWN_AAF_D35_BALOF_1,texts_DIALOGS,I'm sure you didn't see anything like this in that flying fortress. Technology is nothing without imagination!,BALOF
STR_DIALOGS_TOWN_AAF_D35_BALOF_2,texts_DIALOGS,"Well that's everything I can do for you right now. Good luck with those earthquakes. To tell ya the truth, I thought it was my gut at first.",BALOF
STR_DIALOGS_TOWN_AAF_D35_BALOF_3,texts_DIALOGS,...,BALOF
STR_DIALOGS_TOWN_AAF_D35_BALOF_4,texts_DIALOGS,"Huh, well... My wife found it funnier.",BALOF
STR_DIALOGS_TOWN_AAF_D35_BALOF_5,texts_DIALOGS,I'm heading back to my shop. We're counting on you!,BALOF
STR_DIALOGS_TOWN_AAF_D43_FISHMINION_1,texts_DIALOGS,Chief...,FISHMINION
STR_DIALOGS_TOWN_AAF_D43_FISHCHIEF_2,texts_DIALOGS,There has to be some sort of slot or something around here...,FISHCHIEF
STR_DIALOGS_TOWN_AAF_D43_FISHMINION_3,texts_DIALOGS,Chief...,FISHMINION
STR_DIALOGS_TOWN_AAF_D43_FISHCHIEF_4,texts_DIALOGS,"Baiyu, I believe our chances of success would increase if you tried to help me. Would you?",FISHCHIEF
STR_DIALOGS_TOWN_AAF_D43_FISHMINION_5,texts_DIALOGS,"Chief, I think we have company.",FISHMINION
STR_DIALOGS_TOWN_AAF_D44_FISHCHIEF_1,texts_DIALOGS,Huh?,FISHCHIEF
STR_DIALOGS_TOWN_AAF_D44_FISHCHIEF_2,texts_DIALOGS,Why didn't you tell me earlier?,FISHCHIEF
STR_DIALOGS_TOWN_AAF_D44_FISHMINION_3,texts_DIALOGS,"Wow, my fault...",FISHMINION
STR_DIALOGS_TOWN_AAF_D36_FISHCHIEF_1,texts_DIALOGS,You're back again._500_ And you have the key!,FISHCHIEF
STR_DIALOGS_TOWN_AAF_D36_FISHCHIEF_2,texts_DIALOGS,I hope it wasn't too much trouble. That engineer scares me...,FISHCHIEF
STR_DIALOGS_TOWN_AAF_D36_FISHCHIEF_3,texts_DIALOGS,"Alright, it looks like everything's ready for us to venture into the sewers.",FISHCHIEF
STR_DIALOGS_TOWN_AAF_D36_FISHMINION_4,texts_DIALOGS,"Chief, the other Human still has returned.",FISHMINION
STR_DIALOGS_TOWN_AAF_D37_FISHCHIEF_1,texts_DIALOGS,"Baiyu, you seem to be brilliant as stating the obvious. I was just getting to that.",FISHCHIEF
STR_DIALOGS_TOWN_AAF_D37_FISHMINION_2,texts_DIALOGS,Two Humans would increase our chances of surviving down there.,FISHMINION
STR_DIALOGS_TOWN_AAF_D37_FISHCHIEF_3,texts_DIALOGS,Our friend here should be the one to decide that.,FISHCHIEF
STR_DIALOGS_TOWN_AAF_D38_FISHCHIEF_1,texts_DIALOGS,"What do you think? Your friend still isn't back, but you seem perfectly capable of finding Baydral on your own.",FISHCHIEF
STR_DIALOGS_TOWN_AAF_D38_FISHCHIEF_2,texts_DIALOGS,"Besides... The longer we wait, the greater the risk that those earthquakes end up causing some sort of disaster.",FISHCHIEF
STR_DIALOGS_TOWN_AAF_D39_FISHCHIEF_1,texts_DIALOGS,Perfect! Perfect!,FISHCHIEF
STR_DIALOGS_TOWN_AAF_D40_FISHCHIEF_1,texts_DIALOGS,I told you.,FISHCHIEF
STR_DIALOGS_TOWN_AAF_D41_FISHCHIEF_1,texts_DIALOGS,"Alright, we can't go in there. Contact with the water will mean we'll end up turning into monsters like our friend.",FISHCHIEF
STR_DIALOGS_TOWN_AAF_D41_FISHCHIEF_2,texts_DIALOGS,But we won't be leaving you. You'll transport us in these capsules. Hold this a moment.,FISHCHIEF
STR_DIALOGS_TOWN_AAF_D42_FISHMINION_1,texts_DIALOGS,"Good luck, Human soldier. We'll be near if you need us.",FISHMINION
STR_DIALOGS_TOWN_ASL_D1_SIRFIEL_1,texts_DIALOGS,"Ahh, and who do we have here? Take a seat.",SIRFIEL
STR_DIALOGS_TOWN_ASL_D1_SIRFIEL_2,texts_DIALOGS,"Ah, I see, the whole world's busy today. Are you planning some sort of party without inviting me?",SIRFIEL
STR_DIALOGS_TOWN_ASL_D1_SIRFIEL_3,texts_DIALOGS,"It's a joke, soldier. Relax.",SIRFIEL
STR_DIALOGS_TOWN_ASL_D1_SIRFIEL_4,texts_DIALOGS,"What? Magical items? Yes, I asked Brigard to put this knowledge into practice, so I'm putting together equipment with different magical properties.",SIRFIEL
STR_DIALOGS_TOWN_ASL_D1_SIRFIEL_5,texts_DIALOGS,"Resist high temperatures, eh? Yes, I have something for that around here somewhere...",SIRFIEL
STR_DIALOGS_TOWN_AFT_D1_BRIGARD_1,texts_DIALOGS,"Soldier, you're here. You had me worried.",BRIGARD
STR_DIALOGS_TOWN_AFT_D1_BRIGARD_2,texts_DIALOGS,Sirfiel has informed me that the situation was critical.,BRIGARD
STR_DIALOGS_TOWN_AFT_D1_BRIGARD_3,texts_DIALOGS,"What's more, that soldier Melian has returned and is in a very bad way.",BRIGARD
STR_DIALOGS_TOWN_AFT_D1_BRIGARD_4,texts_DIALOGS,"As much as it bothers me, I could do nothing more than wait for you to return safe and sound and, somehow, you always do.",BRIGARD
STR_DIALOGS_TOWN_AFT_D2_BRIGARD_1,texts_DIALOGS,You mean to say he revealed the location of the Guardian to you?,BRIGARD
STR_DIALOGS_TOWN_AFT_D2_BRIGARD_2,texts_DIALOGS,Do you think the information is trustworthy this time?,BRIGARD
STR_DIALOGS_TOWN_AFT_D2_BRIGARD_3,texts_DIALOGS,I see...,BRIGARD
STR_DIALOGS_TOWN_AFT_D2_BRIGARD_4,texts_DIALOGS,"Say no more! If there's anything I've learnt from your reports, it's that you're an intuitive soldier.",BRIGARD
STR_DIALOGS_TOWN_AFT_D2_BRIGARD_5,texts_DIALOGS,Our departure from this city nears. The search for the Guardian begins Tomorrow.,BRIGARD
STR_DIALOGS_TOWN_AFT_D2_BRIGARD_6,texts_DIALOGS,Try to use what's left of the day to rest. Tomorrow we march for <color=LOC>Hel Swamp</color>.,BRIGARD
STR_DIALOGS_TOWN_AFT_D2_BRIGARD_7,texts_DIALOGS,"That's everything for now. You may leave, soldier.",BRIGARD
STR_DIALOGS_TOWN_AFT_D2_BRIGARD_8,texts_DIALOGS,Well done.,BRIGARD
STR_DIALOGS_TOWN_AFT_D3_EDIL_1,texts_DIALOGS,"Hey, soldier!",EDIL
STR_DIALOGS_TOWN_AFT_D3_EDIL_2,texts_DIALOGS,Can't sleep either?,EDIL
STR_DIALOGS_TOWN_AFT_D3_EDIL_3,texts_DIALOGS,"I can't sleep a wink, but for a pretty different reason to yours.",EDIL
STR_DIALOGS_TOWN_AFT_D3_EDIL_4,texts_DIALOGS,A little birdy told me that you've found out where the Guardian is and you're planning to go and find him so that you can go back to your world.,EDIL
STR_DIALOGS_TOWN_AFT_D3_EDIL_5,texts_DIALOGS,"I hope you can. After everything you've done, you deserve it.",EDIL
STR_DIALOGS_TOWN_AFT_D3_EDIL_6,texts_DIALOGS,"Oh, no, no... I don't claim to know where he is. One day, I'll look for him too.",EDIL
STR_DIALOGS_TOWN_AFT_D3_EDIL_7,texts_DIALOGS,"I know that my time's passed, but I feel like that I have to do it to see what's out there for me.",EDIL
STR_DIALOGS_TOWN_AFT_D3_EDIL_8,texts_DIALOGS,"It makes me sad to think you're all leaving tomorrow. It's been fun to have guests like you guys, and I've learnt a tonne of things besides magic, for a change...",EDIL
STR_DIALOGS_TOWN_AFT_D4_EDIL_1,texts_DIALOGS,"That reminds me... I have a reward for you, to thank you for that sword you got me.",EDIL
STR_DIALOGS_TOWN_AFT_D5_EDIL_1,texts_DIALOGS,You know? I think it's the first time I've seen you rest since you arrived.,EDIL
STR_DIALOGS_TOWN_AFT_D5_EDIL_2,texts_DIALOGS,"Anyway, I think it's time I try to get some sleep. Don't stay up all night, you'll want to be in good shape for tomorrow.",EDIL
STR_DIALOGS_TOWN_AFT_D5_EDIL_3,texts_DIALOGS,"I'll leave you with your thoughts. Good luck, whatever happens.",EDIL
STR_DIALOGS_TOWN_AFT_D6_EDIL_1,texts_DIALOGS,Beigon...,EDIL
STR_DIALOGS_TOWN_AFT_D6_EDIL_2,texts_DIALOGS,That's the Guardian's name.,EDIL
STR_DIALOGS_TOWN_AFT_D6_EDIL_3,texts_DIALOGS,Jivan told me it once.,EDIL
STR_DIALOGS_TOWN_AFT_D6_EDIL_4,texts_DIALOGS,Sleep well.,EDIL
STR_DIALOGS_SWAMP_AFT_D7_SKRIBLES_1,texts_DIALOGS,"Tin man... I hope I'm not prying into things I shouldn't, but I know these lands well enough to tell you what you'll find if you continue in that direction.",SKRIBLES
STR_DIALOGS_SWAMP_AFT_D7_SKRIBLES_2,texts_DIALOGS,"You believe me, right?",SKRIBLES
STR_DIALOGS_SWAMP_AFT_D7_SKRIBLES_3,texts_DIALOGS,"Then believe when I tell you that, if you decide to head that way alone... Well, let's just say I doubt anyone would be able to find what's left of you.",SKRIBLES
STR_DIALOGS_SWAMP_AFT_D7_SKRIBLES_4,texts_DIALOGS,At least let your own people know where you're off to.,SKRIBLES
STR_DIALOGS_SWAMP_AFT_D7_SKRIBLES_5,texts_DIALOGS,"Be sensible and listen to the voice of experience, yes?",SKRIBLES
STR_DIALOGS_FOREST_F17_D1_LIANDRIS_1,texts_DIALOGS,So the order is final?,LIANDRIS
STR_DIALOGS_FOREST_F17_D1_RATATOSK_2,texts_DIALOGS,They're not taking any chances. This unknown plague has the higher-ups on edge.,RATATOSK
STR_DIALOGS_FOREST_F17_D1_LIANDRIS_3,texts_DIALOGS,So many souls will be lost.,LIANDRIS
STR_DIALOGS_FOREST_F17_D1_RATATOSK_4,texts_DIALOGS,"No, they'll simply meet their fate sooner, as will all of the misfits this planet harbours.",RATATOSK
STR_DIALOGS_FOREST_F17_D2_LIANDRIS_1,texts_DIALOGS,"I understand. That way, they'll kill two birds with one stone.",LIANDRIS
STR_DIALOGS_FOREST_F17_D2_RATATOSK_2,texts_DIALOGS,"Questioning something, Liandris?",RATATOSK
STR_DIALOGS_FOREST_F17_D2_LIANDRIS_3,texts_DIALOGS,"No, only that...",LIANDRIS
STR_DIALOGS_FOREST_F17_D3_RATATOSK_1,texts_DIALOGS,You've lost a Valkyrie. Nothing like that has ever happened before. They don't want to take any more risks by leaving you here.,RATATOSK
STR_DIALOGS_FOREST_F17_D3_LIANDRIS_2,texts_DIALOGS,What will happen if Yggdrasil is discovered? Planting it was in violation of the agreement.,LIANDRIS
STR_DIALOGS_FOREST_F17_D3_RATATOSK_3,texts_DIALOGS,"Once I destroy the tree, there'll be no one left to judge that.",RATATOSK
STR_DIALOGS_FOREST_F17_D3_LIANDRIS_4,texts_DIALOGS,Do what you have to.,LIANDRIS
STR_DIALOGS_FOREST_F17_D3_RATATOSK_5,texts_DIALOGS,"Get them away from Terragaya, I'm not going to waste any more time.",RATATOSK
STR_DIALOGS_FOREST_F17_D4_LIANDRIS_1,texts_DIALOGS,"Soldier, do not be afraid, come closer.",LIANDRIS
STR_DIALOGS_FOREST_F17_D5_LIANDRIS_1,texts_DIALOGS,It seems that fate wanted you to be here at this moment.,LIANDRIS
STR_DIALOGS_FOREST_F17_D5_LIANDRIS_2,texts_DIALOGS,Did you see the creature that just left?,LIANDRIS
STR_DIALOGS_FOREST_F17_D5_LIANDRIS_3,texts_DIALOGS,"At the centre of this world, there is a tree that may be familiar to you.",LIANDRIS
STR_DIALOGS_FOREST_F17_D5_LIANDRIS_4,texts_DIALOGS,"Yggdrasil. I'm sure that, on your world, you've heard of it or even managed to see it.",LIANDRIS
STR_DIALOGS_FOREST_F17_D5_LIANDRIS_5,texts_DIALOGS,"Once planted, Yggdrasil supports the very foundations of the world until it dies, causing an explosion so large, it takes the entire planet with it.",LIANDRIS
STR_DIALOGS_FOREST_F17_D5_LIANDRIS_6,texts_DIALOGS,That monster's purpose is to accelerate the process by devouring the tree's roots.,LIANDRIS
STR_DIALOGS_FOREST_F17_D5_LIANDRIS_7,texts_DIALOGS,"If you want to save the lives of your friends and everyone else's, you'll have to stop him before he reaches Yggdrasil's roots.",LIANDRIS
STR_DIALOGS_FOREST_F17_D6_LIANDRIS_1,texts_DIALOGS,Not so fast. You cannot enter the depths of this world yet. The heat is too great for you to survive.,LIANDRIS
STR_DIALOGS_FOREST_F17_D6_LIANDRIS_2,texts_DIALOGS,Find a way to protect yourself against the high temperatures and I will open the temple door for you myself. The entrance is located west of here.,LIANDRIS
STR_DIALOGS_FOREST_F17_D6_LIANDRIS_3,texts_DIALOGS,"Hurry, Human! Your time is running out!",LIANDRIS
STR_DIALOGS_FOREST_F19_D1_LIANDRIS_1,texts_DIALOGS,"It seems you are ready, brave soldier.",LIANDRIS
STR_DIALOGS_FOREST_F19_D1_LIANDRIS_2,texts_DIALOGS,"I cannot intervene, not in your battles nor that creature's, but I will open the temple door for you.",LIANDRIS
STR_DIALOGS_FOREST_F19_D2_LIANDRIS_1,texts_DIALOGS,"It is done. Do not waste time, save this world and, with it, your own people.",LIANDRIS
STR_DIALOGS_FOREST_F19_D2_LIANDRIS_2,texts_DIALOGS,"You have gathered many souls and become stronger. If anyone can try to stop Ratatosk, it's you.",LIANDRIS
STR_DIALOGS_FOREST_F19_D3_LIANDRIS_1,texts_DIALOGS,I thought you wanted to save this world. You won't survive a minute in the heat here without proper equipment.,LIANDRIS
STR_DIALOGS_FOREST_F19_D3_LIANDRIS_2,texts_DIALOGS,I won't open the door until you're suitably prepared.,LIANDRIS
STR_DIALOGS_QS_RESCUE_SOLDIERS_OUTRO_MAKEREL_1,texts_DIALOGS,"I must say, I didn't expect you to find them all.",
STR_DIALOGS_QS_RESCUE_SOLDIERS_OUTRO_MAKEREL_2,texts_DIALOGS,Not because you're incapable.,
STR_DIALOGS_QS_RESCUE_SOLDIERS_OUTRO_MAKEREL_3,texts_DIALOGS,But because I thought they'd be dead already.,
STR_DIALOGS_QS_RESCUE_SOLDIERS_OUTRO_GRUPER_4,texts_DIALOGS,"Be more positive, Makerel. Our paths met for a reason.",
STR_DIALOGS_QS_RESCUE_SOLDIERS_OUTRO_MAKEREL_5,texts_DIALOGS,If you say so...,
STR_DIALOGS_QS_RESCUE_SOLDIERS_OUTRO_MAKEREL_6,texts_DIALOGS,This is your reward.,
STR_DIALOGS_QS_RESCUE_SOLDIERS_OUTRO_GRUPER_7,texts_DIALOGS,"Thanks, friend.",
STR_DIALOGS_EDIL_ASL_QS_INTRO_1_1,texts_DIALOGS,YAH!!,
STR_DIALOGS_EDIL_ASL_QS_INTRO_1_2,texts_DIALOGS,"How's it going, soldier?",
STR_DIALOGS_EDIL_ASL_QS_INTRO_1_3,texts_DIALOGS,We're training to keep us in shape while we recover.,
STR_DIALOGS_EDIL_ASL_QS_INTRO_1_4,texts_DIALOGS,Your general is incredible. It's amazing how easily he can move that massive sword.,
STR_DIALOGS_EDIL_ASL_QS_INTRO_1_5,texts_DIALOGS,HAH!!,
STR_DIALOGS_EDIL_ASL_QS_INTRO_1_6,texts_DIALOGS,Learning to fence is much more exciting than studying magic.,
STR_DIALOGS_EDIL_ASL_QS_INTRO_1_7,texts_DIALOGS,Though it would be incredible to be able to use a sword...,
STR_DIALOGS_EDIL_ASL_QS_INTRO_1_8,texts_DIALOGS,I know... Why don't you do me a favour? I hear stories from adventurers all the time and they always seem to match up on one thing in particular.,
STR_DIALOGS_EDIL_ASL_QS_INTRO_1_9,texts_DIALOGS,They often talk about a sword abandoned near the mines on the Tempes Plains.,
STR_DIALOGS_EDIL_ASL_QS_INTRO_1_10,texts_DIALOGS,I've always wanted to go and see it for myself when cranky Jivan lets me outside Hafin.,
STR_DIALOGS_EDIL_ASL_QS_INTRO_1_11,texts_DIALOGS,I think it'd be the perfect sword for me!,
STR_DIALOGS_EDIL_ASL_QS_INTRO_1_12,texts_DIALOGS,"I spose' that, if you bring it to me, I'd have to change my mission from finding it to taking it back, once I've learnt to use it.",
STR_DIALOGS_EDIL_ASL_QS_INTRO_1_13,texts_DIALOGS,What'dya say? Do you accept my quest?,
STR_DIALOGS_EDIL_ASL_QS_INTRO_1_14,texts_DIALOGS,YAH!!,
STR_DIALOGS_EDIL_ASL_QS_OUTRO_1_1,texts_DIALOGS,You found it!,
STR_DIALOGS_EDIL_ASL_QS_OUTRO_1_2,texts_DIALOGS,"It's a bit grubby, but it'll be my first sword! I love it!",
STR_DIALOGS_EDIL_ASL_QS_OUTRO_1_3,texts_DIALOGS,"Thanks, soldier. Here's your mercenary fee.",
STR_DIALOGS_EDIL_ASL_QS_OUTRO_1_4,texts_DIALOGS,Hey! Don't even think about treating me like a little girl and take my money!,
STR_DIALOGS_EDIL_ASL_QS_OUTRO_1_5,texts_DIALOGS,"Now we're truly ready to face danger, aren't we? Ahaha.",
STR_DIALOGS_EDIL_ASL_QS_OUTRO_1_6,texts_DIALOGS,Heheheh. No one stands a chance against us!,
STR_DIALOGS_EDIL_ASL_QS_INTRO_2_1,texts_DIALOGS,"How goes it, soldier? Come to tell me about your latest achievements?",
STR_DIALOGS_EDIL_ASL_QS_INTRO_2_2,texts_DIALOGS,"Well, I was just thinking about sending you on a new and exciting adventure myself.",
STR_DIALOGS_EDIL_ASL_QS_INTRO_2_3,texts_DIALOGS,Seeing our general train was fantastic! I want to be just as skillful with a sword as he is!,
STR_DIALOGS_EDIL_ASL_QS_INTRO_2_4,texts_DIALOGS,Why don't you do me a favour? I hear stories from adventurers all the time and they always seem to match up on one thing in particular.,
STR_DIALOGS_EDIL_ASL_QS_INTRO_2_5,texts_DIALOGS,They often talk about a sword abandoned near the mines on the Tempes Plains.,
STR_DIALOGS_EDIL_ASL_QS_INTRO_2_6,texts_DIALOGS,I've always wanted to go and see it for myself when cranky Jivan lets me outside Hafin.,
STR_DIALOGS_EDIL_ASL_QS_INTRO_2_7,texts_DIALOGS,I think it'd be the perfect sword for me!,
STR_DIALOGS_EDIL_ASL_QS_INTRO_2_8,texts_DIALOGS,"I spose' that, if you bring it to me, I'd have to change my mission from finding it to taking it back, once I've learnt to use it.",
STR_DIALOGS_EDIL_ASL_QS_INTRO_2_9,texts_DIALOGS,What'dya say? Do you accept my quest? I'll pay you well.,
STR_DIALOGS_EDIL_ASL_QS_OUTRO_2_1,texts_DIALOGS,You found it!,
STR_DIALOGS_EDIL_ASL_QS_OUTRO_2_2,texts_DIALOGS,"It's a bit grubby, but it'll be my first sword! I love it!",
STR_DIALOGS_EDIL_ASL_QS_OUTRO_2_3,texts_DIALOGS,"Once I master it, we could be a vigilante duo, eh?",
STR_DIALOGS_EDIL_ASL_QS_OUTRO_2_4,texts_DIALOGS,"Thanks, soldier. Here's your mercenary fee.",
STR_DIALOGS_EDIL_ASL_QS_OUTRO_2_5,texts_DIALOGS,Hey! Don't even think about treating me like a little girl and take my money!,
STR_DIALOGS_ER_PRES_INTRO_MAKEREL_1,texts_DIALOGS,"How's it going, buddy? Taking a look at the reward table?",
STR_DIALOGS_ER_PRES_INTRO_GRUPER_2,texts_DIALOGS,It seems there's a few people in this city who have some jobs for his.,
STR_DIALOGS_ER_PRES_INTRO_MAKEREL_3,texts_DIALOGS,How nice of them to leave us this settlement just like that...,
STR_DIALOGS_ER_PRES_INTRO_GRUPER_4,texts_DIALOGS,"Well, they know we're passing through, so it is what it is...",
STR_DIALOGS_ER_PRES_INTRO_MAKEREL_5,texts_DIALOGS,"Some soldiers are taking assignments, come take a look, don't be shy! Any monster you defeat will make this place a little safer.",
STR_DIALOGS_ER_PRES_INTRO_GRUPER_6,texts_DIALOGS,"If you defeat one, talk to me. I'm the treasurer.",
STR_DIALOGS_ER_PRES_INTRO_MAKEREL_7,texts_DIALOGS,Ooh! Get a load of Mr Important over here!,
STR_DIALOGS_ER_CAVE_INTRO_PLANK_1,texts_DIALOGS,A reward is offered for defeating Kalli the Pyromaniac. He was last seen in the <color=LOC>Spider Lair</color>.,
STR_DIALOGS_ER_CAVE_INTRO_MAKEREL_2,texts_DIALOGS,"Seriously? You read this and decide to return to that horrid cave, just like that?",
STR_DIALOGS_ER_CAVE_INTRO_GRUPER_3,texts_DIALOGS,It wasn't that bad... It was well decorated.,
STR_DIALOGS_ER_CAVE_INTRO_MAKEREL_4,texts_DIALOGS,"Gruper, at the very least they made human sacrifices!",
STR_DIALOGS_ER_CAVE_INTRO_GRUPER_5,texts_DIALOGS,Hmm...,
STR_DIALOGS_ER_CAVE_INTRO_MAKEREL_6,texts_DIALOGS,What?,
STR_DIALOGS_ER_CAVE_INTRO_GRUPER_7,texts_DIALOGS,The glass is always half empty for you.,
STR_DIALOGS_ER_CAVE_INTRO_MAKEREL_8,texts_DIALOGS,What about your belly? Is that half empty or half full?,
STR_DIALOGS_ER_CAVE_OUTRO_GRUPER_1,texts_DIALOGS,I knew you'd be back in one piece. I hope it wasn't too traumatic going back to that lair...,
STR_DIALOGS_ER_CAVE_OUTRO_MAKEREL_2,texts_DIALOGS,"Congratulations, you've embarked on the path of a bloodthirsty warrior.",
STR_DIALOGS_ER_FOREST_INTRO_PLANK_1,texts_DIALOGS,A reward is offered for putting an end to Belnis Two-Eyes and his misdeeds. Last seen lurking in the <color=LOC>Forest of Fyr</color>.,
STR_DIALOGS_ER_FOREST_INTRO_GRUPER_2,texts_DIALOGS,A Reynis... scary!,
STR_DIALOGS_ER_FOREST_INTRO_MAKEREL_3,texts_DIALOGS,"You know you say the same thing every time someone comes along and picks up one of those, right?",
STR_DIALOGS_ER_FOREST_INTRO_GRUPER_4,texts_DIALOGS,Don't they scare you?,
STR_DIALOGS_ER_FOREST_INTRO_MAKEREL_5,texts_DIALOGS,"Of course not, but we're on guard duty here in the tent, so I can't go anywhere without explicit orders from General Brigard.",
STR_DIALOGS_ER_FOREST_INTRO_GRUPER_6,texts_DIALOGS,"Hey, friend, know why they call him “two-eyes”? It's very common for the more experienced Reynis to end up losing an eye. That lot are a dangerous bunch, but this is a Reynis that rose up through the ranks with both eyes intact, meaning he's basically a king in a one-eyed world.",
STR_DIALOGS_ER_FOREST_INTRO_MAKEREL_7,texts_DIALOGS,You look inspired...,
STR_DIALOGS_ER_FOREST_OUTRO_GRUPER_1,texts_DIALOGS,You're back! Was it hard facing someone with two eyes?,
STR_DIALOGS_ER_FOREST_OUTRO_MAKEREL_2,texts_DIALOGS,"Gruper, are you seriously asking him that?",
STR_DIALOGS_ER_DESERT_INTRO_PLANK_1,texts_DIALOGS,A juicy reward goes to whoever kills the Stygian Harpy and drives her foul pack of vultures away from the <color=LOC>Sibuna Desert</color>.,
STR_DIALOGS_ER_DESERT_INTRO_GRUPER_2,texts_DIALOGS,"Harpies are half women half birds, right?",
STR_DIALOGS_ER_DESERT_INTRO_MAKEREL_3,texts_DIALOGS,I've been wondering for a good while now why you know so much about the monsters here.,
STR_DIALOGS_ER_DESERT_INTRO_GRUPER_4,texts_DIALOGS,"Because I, unlike some, know how to listen. I'm always telling you.",
STR_DIALOGS_ER_DESERT_INTRO_MAKEREL_5,texts_DIALOGS,"So, do they have a chicken's head and a women's legs?",
STR_DIALOGS_ER_DESERT_INTRO_GRUPER_6,texts_DIALOGS,Mahaha! Their upper half's from a woman and their legs are from a chicken.,
STR_DIALOGS_ER_DESERT_INTRO_MAKEREL_7,texts_DIALOGS,"What's so funny? If it were up to you, they'd have chicken thighs for a head.",
STR_DIALOGS_ER_DESERT_OUTRO_MAKEREL_1,texts_DIALOGS,"So, which part was chicken then?",
STR_DIALOGS_ER_DESERT_OUTRO_GRUPER_2,texts_DIALOGS,Ignore him... Here you are. Have you ever thought about switching jobs?,
STR_DIALOGS_ER_PYRAMID_INTRO_PLANK_1,texts_DIALOGS,"A reward is offered for defeating the Brothers of the Golden Guard, thereby bringing an end to the slavery at the <color=LOC>Great Pyramid</color>.",
STR_DIALOGS_ER_PYRAMID_INTRO_MAKEREL_2,texts_DIALOGS,"Gruper, what do you know about those two?",
STR_DIALOGS_ER_PYRAMID_INTRO_GRUPER_3,texts_DIALOGS,"They say the Brothers of the Golden Guard raid this city from time to time in order to kidnap people and make them their slaves, forcing them to build their pyramids in the desert to the west.",
STR_DIALOGS_ER_PYRAMID_INTRO_MAKEREL_4,texts_DIALOGS,Weren't the Spider Acolytes the ones who ladnapped people to sacrifice?,
STR_DIALOGS_ER_PYRAMID_INTRO_GRUPER_5,texts_DIALOGS,Them too. These people go through a lot.,
STR_DIALOGS_ER_PYRAMID_INTRO_MAKEREL_6,texts_DIALOGS,How do they cope? So stressful...,
STR_DIALOGS_ER_PYRAMID_OUTRO_GRUPER_1,texts_DIALOGS,"I wasn't sure if you'd be able to do it. It was two against one, after all. Still, I had my bets on you.",
STR_DIALOGS_ER_PYRAMID_OUTRO_MAKEREL_2,texts_DIALOGS,"Me too, of course.",
STR_DIALOGS_ER_PLAINS_INTRO_PLANK_1,texts_DIALOGS,A reward is offered to whoever puts an end to the mud golem frightening the cattle. It has been sighted dragging itself across the <color=LOC>Tempes Plains</color>.,
STR_DIALOGS_ER_PLAINS_INTRO_GRUPER_2,texts_DIALOGS,A golem made of mud...,
STR_DIALOGS_ER_PLAINS_INTRO_MAKEREL_3,texts_DIALOGS,What?,
STR_DIALOGS_ER_PLAINS_INTRO_GRUPER_4,texts_DIALOGS,Isn't it strange?,
STR_DIALOGS_ER_PLAINS_INTRO_MAKEREL_5,texts_DIALOGS,What's strange about it? Until a moment ago you didn't know golems existed.,
STR_DIALOGS_ER_PLAINS_INTRO_GRUPER_6,texts_DIALOGS,They exist in our world too. Did you know that?,
STR_DIALOGS_ER_PLAINS_INTRO_MAKEREL_7,texts_DIALOGS,Those were golems? I thought they were robots...,
STR_DIALOGS_ER_PLAINS_INTRO_GRUPER_8,texts_DIALOGS,"Well, they always have a magical element to them. It seems like beings from this world are made from nature itself, like the stone ones. Is a mud golem a dirty golem?",
STR_DIALOGS_ER_PLAINS_INTRO_MAKEREL_9,texts_DIALOGS,"You spend the entire day thinking about this sort of thing, don't you?",
STR_DIALOGS_ER_PLAINS_OUTRO_GRUPER_1,texts_DIALOGS,So... was it a dirty golem?,
STR_DIALOGS_ER_PLAINS_OUTRO_MAKEREL_2,texts_DIALOGS,Does it really matter? Give him his reward so that he can carry on dealing with those monsters.,
STR_DIALOGS_ER_AIRFORTRESS_INTRO_PLANK_1,texts_DIALOGS,"A reward is offered for dealing with Joki the Mad, recently sighted in the clouds above Hafin.",
STR_DIALOGS_ER_AIRFORTRESS_INTRO_GRUPER_2,texts_DIALOGS,The clouds...,
STR_DIALOGS_ER_AIRFORTRESS_INTRO_MAKEREL_3,texts_DIALOGS,"Sound familiar to you? Your head often spends quite a while up there, doesn't it?",
STR_DIALOGS_ER_AIRFORTRESS_INTRO_GRUPER_4,texts_DIALOGS,"No.. I'm thinking that, according to Captain Euder's informants, that bank of clouds hides a type of floating fortress. They don't seem to have noticed in Hafin.",
STR_DIALOGS_ER_AIRFORTRESS_INTRO_MAKEREL_5,texts_DIALOGS,"Well, our friend here's been up there. Is it really true that there are sky pirates?",
STR_DIALOGS_ER_AIRFORTRESS_INTRO_GRUPER_6,texts_DIALOGS,They're known as the Pirates of the Broken Wing.,
STR_DIALOGS_ER_AIRFORTRESS_INTRO_MAKEREL_7,texts_DIALOGS,They don't seem very dangerous...,
STR_DIALOGS_ER_AIRFORTRESS_INTRO_GRUPER_8,texts_DIALOGS,What do you mean?,
STR_DIALOGS_ER_AIRFORTRESS_INTRO_MAKEREL_9,texts_DIALOGS,Imagine I was some outlaw and I called myself “The Broken Leg”. Would that really fill you with fear?,
STR_DIALOGS_ER_AIRFORTRESS_INTRO_GRUPER_10,texts_DIALOGS,"Makerel, you could call yourself whatever you wanted and I doubt you'd fill ever anyone with fear.",
STR_DIALOGS_ER_AIRFORTRESS_INTRO_MAKEREL_11,texts_DIALOGS,...,
STR_DIALOGS_ER_AIRFORTRESS_OUTRO_GRUPER_1,texts_DIALOGS,Looks like the Pirates of the Broken Wing have taken yet another nasty blow from you.,
STR_DIALOGS_ER_AIRFORTRESS_OUTRO_MAKEREL_2,texts_DIALOGS,I still don't think that names very catchy...,
STR_DIALOGS_ER_SUBMERGEDLAB_INTRO_PLANK_1,texts_DIALOGS,A reward is offered for destroying my crea- a very evil monster who traipses uncontrollably around the <color=LOC>Sunken Laboratory</color>. Its name is Project 0.5 (pre-alpha).,
STR_DIALOGS_ER_SUBMERGEDLAB_INTRO_GRUPER_2,texts_DIALOGS,"Makerel, why don't you go with him this time?",
STR_DIALOGS_ER_SUBMERGEDLAB_INTRO_MAKEREL_3,texts_DIALOGS,Why don't you go?,
STR_DIALOGS_ER_SUBMERGEDLAB_INTRO_GRUPER_4,texts_DIALOGS,Because I'm the treasurer.,
STR_DIALOGS_ER_SUBMERGEDLAB_INTRO_MAKEREL_5,texts_DIALOGS,I haven't heard that one before...,
STR_DIALOGS_ER_SUBMERGEDLAB_INTRO_GRUPER_6,texts_DIALOGS,I'm needed here to give the soldiers who complete tasks their rewards.,
STR_DIALOGS_ER_SUBMERGEDLAB_INTRO_MAKEREL_7,texts_DIALOGS,Soldiers plural? He's practically the only one who's dealing with the local fauna. I doubt he needs me.,
STR_DIALOGS_ER_SUBMERGEDLAB_INTRO_GRUPER_8,texts_DIALOGS,"So you think General Brigard needs you more, then?",
STR_DIALOGS_ER_SUBMERGEDLAB_INTRO_MAKEREL_9,texts_DIALOGS,Yes...? No... I spose' not... But these are my orders and I don't plan on moving from this spot.,
STR_DIALOGS_ER_SUBMERGEDLAB_INTRO_GRUPER_10,texts_DIALOGS,"What a firm soldier you are, when it interests you...",
STR_DIALOGS_ER_SUBMERGEDLAB_INTRO_MAKEREL_11,texts_DIALOGS,...,
STR_DIALOGS_ER_SUBMERGEDLAB_OUTRO_GRUPER_1,texts_DIALOGS,What did that creature look like? There weren't a lot of details in the assignment.,
STR_DIALOGS_ER_SUBMERGEDLAB_OUTRO_MAKEREL_2,texts_DIALOGS,"Argh! Tentacles? Actually, please stop there, I'd rather not know...",
STR_DIALOGS_ER_FIRETEMPLE_INTRO_PLANK_1,texts_DIALOGS,A reward is offered for killing the monster known as the Summoner Soul for having put us in grave danger by willingly increasing the number of monsters in the area. It was last seen entering the sealed door in the <color=LOC>Forest of Fyr</color>.,
STR_DIALOGS_ER_FIRETEMPLE_INTRO_GRUPER_1,texts_DIALOGS,The sealed door of the Forest of Fyr...,
STR_DIALOGS_ER_FIRETEMPLE_INTRO_GRUPER_2,texts_DIALOGS,This assignment must be an old one. I heard the brother of Captain Sirfiel say that you'd managed to get into that place.,
STR_DIALOGS_ER_FIRETEMPLE_INTRO_MAKEREL_3,texts_DIALOGS,The lad idolises you more than he does General Brigard.,
STR_DIALOGS_ER_FIRETEMPLE_INTRO_GRUPER_4,texts_DIALOGS,"So, you going for the reward? With a name like that, sounds it could be one of the more dangerous ones.",
STR_DIALOGS_ER_FIRETEMPLE_INTRO_MAKEREL_5,texts_DIALOGS,A monster that summons monsters! I don't even want to imagine it.,
STR_DIALOGS_ER_FIRETEMPLE_INTRO_MAKEREL_6,texts_DIALOGS,Although it looks like you only get paid for the main one. Shame.,
STR_DIALOGS_ER_FIRETEMPLE_INTRO_GRUPER_7,texts_DIALOGS,I don't think he cares. Something tells me that our friend here isn't as greedy as you.,
STR_DIALOGS_ER_FIRETEMPLE_INTRO_MAKEREL_8,texts_DIALOGS,Why do I even say anything?,
STR_DIALOGS_ER_FIRETEMPLE_OUTRO_GRUPER_1,texts_DIALOGS,And once again you're back. I'd be delighted to hear all about your grizzly fight with that Summoner Soul.,
STR_DIALOGS_ER_FIRETEMPLE_OUTRO_MAKEREL_2,texts_DIALOGS,I don't... plan on sleeping tonight.,
STR_DIALOGS_ER_PLAINS2_INTRO_PLANK_1,texts_DIALOGS,A handsome sum goes to whoever manages to kill the tempestuous Avalerion. This bizarre creature is disrupting the local ecosystem on the <color=LOC>Tempes Plains</color>.,
STR_DIALOGS_ER_PLAINS2_INTRO_MAKEREL_1,texts_DIALOGS,Why would anyone pay to have a vulture killed?,
STR_DIALOGS_ER_PLAINS2_INTRO_GRUPER_2,texts_DIALOGS,"Avalerions aren't just “vultures”. They're much, much bigger than a bird like, say, a  bald eagle, and this one in particular seems quite dangerous, too.",
STR_DIALOGS_ER_PLAINS2_INTRO_MAKEREL_3,texts_DIALOGS,"But they're still birds, right?",
STR_DIALOGS_ER_PLAINS2_INTRO_GRUPER_4,texts_DIALOGS,I'll explain with an example: Did the spiders in that cave seem like simple arachnids to you?,
STR_DIALOGS_ER_PLAINS2_INTRO_MAKEREL_5,texts_DIALOGS,...,
STR_DIALOGS_ER_PLAINS2_INTRO_GRUPER_6,texts_DIALOGS,Makerel? You've gone all white.,
STR_DIALOGS_ER_PLAINS2_INTRO_MAKEREL_7,texts_DIALOGS,"You just had to remind me of them, didn't you?",
STR_DIALOGS_ER_PLAINS2_OUTRO_GRUPER_1,texts_DIALOGS,Did you manage to defeat that Avalerion? I thought it might've flown off with its reward after feeling threatened.,
STR_DIALOGS_ER_PLAINS2_OUTRO_MAKEREL_2,texts_DIALOGS,"Luckily for our friend here, that bird was as keen to fight as he was, wasn't it?",
STR_DIALOGS_ER_END_OUTRO_GRUPER_1,texts_DIALOGS,Oh... Would you look at that!,
STR_DIALOGS_ER_END_OUTRO_MAKEREL_2,texts_DIALOGS,Keep your hair on. What's happened?,
STR_DIALOGS_ER_END_OUTRO_GRUPER_3,texts_DIALOGS,The board. There's no more assignments!,
STR_DIALOGS_ER_END_OUTRO_MAKEREL_4,texts_DIALOGS,You mean he's gotten rid of all the monsters?,
STR_DIALOGS_ER_END_OUTRO_GRUPER_5,texts_DIALOGS,"All the ones that came with a reward attached, indeed. My coffers are empty.",
STR_DIALOGS_ER_END_OUTRO_MAKEREL_6,texts_DIALOGS,"Good news! This world suddenly seems a little safer. Thank you, friend, makes you feel like crying.",
STR_DIALOGS_ER_END_OUTRO_GRUPER_7,texts_DIALOGS,Who needs to keep their hair on now? Anyone would say you're having a harder time than he is.,
STR_DIALOGS_ER_END_OUTRO_MAKEREL_8,texts_DIALOGS,You might be right there!,
STR_DIALOGS_ER_END_OUTRO_GRUPER_9,texts_DIALOGS,"Well, we're not talking about you, Makerel.",
STR_DIALOGS_ER_END_OUTRO_GRUPER_10,texts_DIALOGS,"General Brigard said that he had a special prize for the person who could rid us of more monsters, and that's you!",
STR_DIALOGS_ER_END_OUTRO_MAKEREL_11,texts_DIALOGS,More money?,
STR_DIALOGS_ER_END_OUTRO_GRUPER_12,texts_DIALOGS,"No idea. Give him the good news and find out, you've earnt it.",
STR_DIALOGS_ER_END_OUTRO_BRIGARD_1,texts_DIALOGS,So it's true. You've completed the bounty board.,
STR_DIALOGS_ER_END_OUTRO_BRIGARD_2,texts_DIALOGS,It makes me proud that you've been willing to pay back Hafin's favour to us.,
STR_DIALOGS_ER_END_OUTRO_BRIGARD_3,texts_DIALOGS,"You have settled our debt with this city, so I shall honour my promise.",
STR_DIALOGS_ER_END_OUTRO_BRIGARD_4,texts_DIALOGS,"Soldier of Zarga, as General of the kingdom's army, it is my honour to present you with the Shimmering Blade of Zarga.",
STR_DIALOGS_ER_END_OUTRO_BRIGARD_5,texts_DIALOGS,I know you'll put it to good use.,
STR_DIALOGS_ER_VOID_INTRO_PLANK_1,texts_DIALOGS,THERE ARE NO NEW MISSIONS AVAILABLE.,
STR_DIALOGS_MELIAN_AFT_QS_INTRO_1_1,texts_DIALOGS,You're back!,
STR_DIALOGS_MELIAN_AFT_QS_INTRO_2_1,texts_DIALOGS,Thank the Gods you're alright... I never would have forgiven myself if something happened to you.,
STR_DIALOGS_MELIAN_AFT_QS_INTRO_2_2,texts_DIALOGS,I suppose I should stop being so surprised at your achievements.,
STR_DIALOGS_MELIAN_AFT_QS_INTRO_2_3,texts_DIALOGS,"Me? It's nothing... Don't worry, Jivan says that I'll recover.",
STR_DIALOGS_MELIAN_AFT_QS_INTRO_2_4,texts_DIALOGS,"So, you saved this world without anyone even realising what was about to happen?",
STR_DIALOGS_MELIAN_AFT_QS_INTRO_2_5,texts_DIALOGS,"It's simply incredible that you were able to kill that beast, but something tells me that, if anyone could've, it'd be you.",
STR_DIALOGS_MELIAN_AFT_QS_INTRO_2_6,texts_DIALOGS,"How are you handling the wind orb? Looks like you've got a better grasp of it than me. That's not exactly unexpected though, you've been using those orbs for quite a while now.",
STR_DIALOGS_MELIAN_AFT_QS_INTRO_2_7,texts_DIALOGS,"No! You don't need to give it back to me. I think, from now on, I'll look for value in myself, though it would be nice to see its tricks in action.",
STR_DIALOGS_MELIAN_AFT_QS_INTRO_2_8,texts_DIALOGS,"Here's a thought... Would you dare go back to that temple? I'm sure you saw that ancient amphitheatre. I think if we get their attention enough, some of those monsters will come out and we can practice on them.",
STR_DIALOGS_MELIAN_AFT_QS_INTRO_2_9,texts_DIALOGS,I think I can sneak out as long as my sister doesn't get wind of it. Facing her would definitely be a challenge...,
STR_DIALOGS_MELIAN_AFT_QS_INTRO_2_10,texts_DIALOGS,What do you say?,
STR_DIALOGS_MELIAN_AFT_QS_INTRO_3_1,texts_DIALOGS,"When you want to try out your skills with those orbs, let me know. I don't want to miss it. That amphitheatre at the Fire Temple seems like the perfect place.",
STR_DIALOGS_MELIAN_AFT_QS_INTRO_POS_1,texts_DIALOGS,Really? Say no more! We'll need to head back before my sister finds out.,
STR_DIALOGS_MELIAN_AFT_QS_INTRO_NEGATIVE_1,texts_DIALOGS,"You're right, perhaps I've gotten excited than I should have. Though, if you change your mind, I'd be delighted to go with you.",
STR_DIALOGS_MELIAN_AFT_QS_A1_POS_1,texts_DIALOGS,Why not?,
STR_DIALOGS_MELIAN_AFT_QS_A1_NEG_1,texts_DIALOGS,"Another time, then.",
STR_DIALOGS_MELIAN_AFT_QS_OUTRO_1_1,texts_DIALOGS,I'm speechless. It's a good thing you're one of our own.,
STR_DIALOGS_MELIAN_AFT_QS_OUTRO_1_2,texts_DIALOGS,"I'd be lying if I said I wasn't jealous, but that's just how it is.",
STR_DIALOGS_MELIAN_AFT_QS_OUTRO_1_3,texts_DIALOGS,I'm looking forward to recovering so that I can put what I've learnt from you into practice.,
STR_DIALOGS_MELIAN_AFT_QS_OUTRO_1_4,texts_DIALOGS,I doubt this'll be especially useful to you but I'd like you to keep it.,
STR_DIALOGS_MELIAN_AFT_QS_OUTRO_1_5,texts_DIALOGS,"Keep it up, friend.",
STR_DIALOGS_DRAGONSCASTLE_DC01_D1_GALATH_1,texts_DIALOGS,You...,GALATH
STR_DIALOGS_DRAGONSCASTLE_DC01_D1_GALATH_2,texts_DIALOGS,"You were with Brigard on the day we met in the desert, weren't you?",GALATH
STR_DIALOGS_DRAGONSCASTLE_DC01_D2_GALATH_1,texts_DIALOGS,Soldiers of Zarga... I've always detested the way you act.,GALATH
STR_DIALOGS_DRAGONSCASTLE_DC01_D2_GALATH_2,texts_DIALOGS,Your little speeches about justice and peace...,GALATH
STR_DIALOGS_DRAGONSCASTLE_DC01_D2_GALATH_3,texts_DIALOGS,"You think you're all above everyone else, without realising that you're nothing more than pawns following orders, just like any other soldier.",GALATH
STR_DIALOGS_DRAGONSCASTLE_DC01_D2_GALATH_4,texts_DIALOGS,"Even here you still go by what you think is fair, without asking yourselves if maybe you deserved to end up this way.",GALATH
STR_DIALOGS_DRAGONSCASTLE_DC01_D2_GALATH_5,texts_DIALOGS,"I, however, will always go by what I want to do. You're no better than me...",GALATH
STR_DIALOGS_DRAGONSCASTLE_DC01_D3_GALATH_1,texts_DIALOGS,"I was hoping to find Brigard, but I suppose a trusted soldier of his will do while he's on his way.",GALATH
STR_DIALOGS_DRAGONSCASTLE_DC01_D3_GALATH_2,texts_DIALOGS,"It's nothing personal, soldier.",GALATH
STR_DIALOGS_DRAGONSCASTLE_DC01_D4_GALATH_1,texts_DIALOGS,Gh...,GALATH
STR_DIALOGS_DRAGONSCASTLE_DC01_D4_GALATH_2,texts_DIALOGS,How is this possible? How do you have so much power?,GALATH
STR_DIALOGS_DRAGONSCASTLE_DC01_D4_GALATH_3,texts_DIALOGS,Have you really exploited this world that much?,GALATH
STR_DIALOGS_DRAGONSCASTLE_DC01_D4_GALATH_4,texts_DIALOGS,"If you're not going to finish me, go. I don't need your pity.",GALATH
STR_DIALOGS_DRAGONSCASTLE_DC01_D4_GALATH_5,texts_DIALOGS,Get out of here.,GALATH
STR_DIALOGS_DRAGONSCASTLE_DCDS_D5_DARKSWORD_1,texts_DIALOGS,"The dragon ahead... It will soon be reborn, and I will be the one to end it once more...",DARKSWORD
STR_DIALOGS_DRAGONSCASTLE_DCDS_D5_DARKSWORD_2,texts_DIALOGS,"That power drew you here too, admit it...",DARKSWORD
STR_DIALOGS_DRAGONSCASTLE_DCDS_D5_DARKSWORD_3,texts_DIALOGS,Now do you understand why we have no other choose than to hoard power?,DARKSWORD
STR_DIALOGS_DRAGONSCASTLE_DCDS_D5_DARKSWORD_4,texts_DIALOGS,"Otherwise, how would you have gotten this far?",DARKSWORD
STR_DIALOGS_DRAGONSCASTLE_DCDS_D6_DARKSWORD_1,texts_DIALOGS,Wait...,DARKSWORD
STR_DIALOGS_DRAGONSCASTLE_DCDS_D7_DARKSWORD_1,texts_DIALOGS,Zar... ga?,DARKSWORD
STR_DIALOGS_DRAGONSCASTLE_DCDS_D7_DARKSWORD_2,texts_DIALOGS,I remember things...,DARKSWORD
STR_DIALOGS_DRAGONSCASTLE_DCDS_D7_DARKSWORD_3,texts_DIALOGS,It's... disturbing.,DARKSWORD
STR_DIALOGS_DRAGONSCASTLE_DCDS_D7_DARKSWORD_4,texts_DIALOGS,I want it to stop!,DARKSWORD
STR_DIALOGS_DRAGONSCASTLE_DCDS_D8_DARKSWORD_1,texts_DIALOGS,"Killing... Through it, we came into this world and carved out our path.",DARKSWORD
STR_DIALOGS_DRAGONSCASTLE_DCDS_D8_DARKSWORD_2,texts_DIALOGS,There's something here that seems to reward those like us. You've have noticed it too... haven't you?,DARKSWORD
STR_DIALOGS_DRAGONSCASTLE_DCDS_D8_DARKSWORD_3,texts_DIALOGS,The power that's been with you ever since you set foot here belongs to all of us. I couldn't wish for a greater destiny than becoming part of it.,DARKSWORD
STR_DIALOGS_DRAGONSCASTLE_DCDS_D8_DARKSWORD_4,texts_DIALOGS,See you soon... Soldier of Zarga.,DARKSWORD
STR_DIALOGS_GALATH_AN_INTRO_1_1,texts_DIALOGS,I don't need your compassion. Go away!,
STR_DIALOGS_DRAGONSCASTLE_END_D1_GALATH_1,texts_DIALOGS,STR_DIALOGS_DRAGONSCASTLE_END_D1_GALATH_1,GALATH
STR_DIALOGS_DRAGONSCASTLE_END_D1_SANGRIGOR_2,texts_DIALOGS,STR_DIALOGS_DRAGONSCASTLE_END_D1_SANGRIGOR_2,SANGRIGOR
STR_DIALOGS_DRAGONSCASTLE_END_D1_GALATH_3,texts_DIALOGS,STR_DIALOGS_DRAGONSCASTLE_END_D1_GALATH_3,GALATH
STR_DIALOGS_DRAGONSCASTLE_END_D1_SANGRIGOR_4,texts_DIALOGS,STR_DIALOGS_DRAGONSCASTLE_END_D1_SANGRIGOR_4,SANGRIGOR
STR_DIALOGS_DRAGONSCASTLE_END_D1_GALATH_5,texts_DIALOGS,STR_DIALOGS_DRAGONSCASTLE_END_D1_GALATH_5,GALATH
STR_DIALOGS_HEAVENTOWER_D1_EUDER_1,texts_DIALOGS,"That was a bit reckless. If you don't hold on to me tight, you could fall off.",EUDER
STR_DIALOGS_HEAVENTOWER_D1_SINKA_2,texts_DIALOGS,Tsk... I think I'd rather take that risk.,SINKA
STR_DIALOGS_HEAVENTOWER_D1_EUDER_3,texts_DIALOGS,"Hey, you were the one who insisted I bring you here.",EUDER
STR_DIALOGS_HEAVENTOWER_D1_EUDER_4,texts_DIALOGS,"Greetings, by the way, my little friend. Looks like this soldier here was worried about you.",EUDER
STR_DIALOGS_HEAVENTOWER_D1_SINKA_5,texts_DIALOGS,I was not...!,SINKA
STR_DIALOGS_HEAVENTOWER_D1_SINKA_6,texts_DIALOGS,"...Okay, perhaps I was a little worried. After all, he's the only one around here doing something to change things.",SINKA
STR_DIALOGS_HEAVENTOWER_D1_EUDER_7,texts_DIALOGS,"I'll take that as “Oh, thank you, most handsome, dashing Captain Euder, for your show of bravery”.",EUDER
STR_DIALOGS_HEAVENTOWER_D1_SINKA_8,texts_DIALOGS,Tsk...,SINKA
STR_DIALOGS_HEAVENTOWER_D1_SINKA_9,texts_DIALOGS,"Hey, what are you still doing here? You clearly haven't kept up... We're going to take care of those bugs, get going.",SINKA
STR_DIALOGS_HEAVENTOWER_D1_EUDER_10,texts_DIALOGS,"Go on, my little friend, don't waste any more time. You were about to do something important, remember?",EUDER
STR_DIALOGS_HEAVENTOWER_D2_MELIAN_1,texts_DIALOGS,Here you are!,MELIAN
STR_DIALOGS_HEAVENTOWER_D2_SIRFIEL_2,texts_DIALOGS,"Careful, Melian, we're surrounded!",SIRFIEL
STR_DIALOGS_HEAVENTOWER_D2_MELIAN_3,texts_DIALOGS,"My heart's beating at a thousand times a minute! We're so close to getting it, friend!",MELIAN
STR_DIALOGS_HEAVENTOWER_D2_SIRFIEL_4,texts_DIALOGS,Focus and don't take your eyes off them.,SIRFIEL
STR_DIALOGS_HEAVENTOWER_D2_SIRFIEL_5,texts_DIALOGS,"Get out of here, soldier. We'll take care of this.",SIRFIEL
STR_DIALOGS_HEAVENTOWER_D2_MELIAN_6,texts_DIALOGS,"Don't worry, I can still use a bit of magic thanks to my sister.",MELIAN
STR_DIALOGS_HEAVENTOWER_D2_SIRFIEL_7,texts_DIALOGS,Absolutely. I wonder who's best at it?,SIRFIEL
STR_DIALOGS_HEAVENTOWER_D2_SIRFIEL_8,texts_DIALOGS,"Go on, don't loiter any longer. We'll be with you in a blink of an eye. Let's go!",SIRFIEL
STR_DIALOGS_HEAVENTOWER_D2_MELIAN_9,texts_DIALOGS,"See you further ahead, friend.",MELIAN
STR_DIALOGS_HEAVENTOWER_D3_ADAMONT_1,texts_DIALOGS,Lad!,ADAMONT
STR_DIALOGS_HEAVENTOWER_D3_ADAMONT_2,texts_DIALOGS,"General, we've found him.",ADAMONT
STR_DIALOGS_HEAVENTOWER_D3_BRIGARD_3,texts_DIALOGS,"Soldier, it was reckless of you to come alone.",BRIGARD
STR_DIALOGS_HEAVENTOWER_D3_BRIGARD_4,texts_DIALOGS,Although...,BRIGARD
STR_DIALOGS_HEAVENTOWER_D3_BRIGARD_5,texts_DIALOGS,"Without your recklessness, we wouldn't have gotten so far.",BRIGARD
STR_DIALOGS_HEAVENTOWER_D4_ADAMONT_1,texts_DIALOGS,General...,ADAMONT
STR_DIALOGS_HEAVENTOWER_D5_ADAMONT_1,texts_DIALOGS,"You heard, carry on while we deal with these blasted creatures.",ADAMONT
STR_DIALOGS_HEAVENTOWER_D6_BRIGARD_1,texts_DIALOGS,"Onwards, soldier. Finish what you started. That's an order!",BRIGARD
STR_DIALOGS_HEAVENTOWER_D6_BRIGARD_2,texts_DIALOGS,We'll see you further up.,BRIGARD
STR_DIALOGS_HEAVENTOWER_D6_ADAMONT_3,texts_DIALOGS,"Well done, lad!",ADAMONT
STR_DIALOGS_EUDER_AAF_QS_D1_EUDER_1,texts_DIALOGS,What? You were already here?,EUDER
STR_DIALOGS_EUDER_AAF_QS_D1_EUDER_2,texts_DIALOGS,...,EUDER
STR_DIALOGS_EUDER_AAF_QS_D1_EUDER_3,texts_DIALOGS,Meh... I knew that.,EUDER
STR_DIALOGS_EUDER_AAF_QS_D1_EUDER_4,texts_DIALOGS,But how could you think I was dead? I thought we were buddies.,EUDER
STR_DIALOGS_EUDER_AAF_QS_D1_EUDER_5,texts_DIALOGS,"It's not good leaving a captain to fend for himself, and less so if he's as charming as I am.",EUDER
STR_DIALOGS_EUDER_AAF_QS_D1_EUDER_6,texts_DIALOGS,"Look, if you want me to give you this, you'll need to entertain me, and I'm not easy to entertain.",EUDER
STR_DIALOGS_EUDER_AAF_QS_D1_EUDER_7,texts_DIALOGS,What do you need to do? Isn't it obvious? You know they call me the fastest captain in Zarga.,EUDER
STR_DIALOGS_EUDER_AAF_QS_D1_EUDER_8,texts_DIALOGS,You're gonna have to beat my record in &.,EUDER
STR_DIALOGS_EUDER_AAF_QS_D1_EUDER_9,texts_DIALOGS,"Plus, if you manage to do it, I'll give you one of my spawn lances. A masterpiece of engineering!",EUDER
STR_DIALOGS_EUDER_AAF_QS_D1_EUDER_10,texts_DIALOGS,Whaddya say? Do you have what it takes to beat the great Euder?,EUDER
STR_DIALOGS_EUDER_AAF_QS_A1_OPTION_1,texts_DIALOGS,Yes,
STR_DIALOGS_EUDER_AAF_QS_A1_OPTION_2,texts_DIALOGS,No,
STR_DIALOGS_EUDER_AAF_QS_POS_1,texts_DIALOGS,Alrighty... Don't disappoint me.,
STR_DIALOGS_EUDER_AAF_QS_NEG_1,texts_DIALOGS,"Oh, I thought my little friend was inside that armour, but I must have gotten the wrong soldier. Speak with me if you feel like a challenge.",
STR_DIALOGS_EUDER_AAF_QS_TOPIC_RACE_TITLE,texts_DIALOGS,Competition,
STR_DIALOGS_EUDER_AAF_QS_TOPIC_RACE_1_1,texts_DIALOGS,"I knew you were just playing hard to get. Go on, show me how fast you are if you want one of my spawn lances.",
STR_DIALOGS_EUDER_AAF_QS_TOPIC_RACE_1_2,texts_DIALOGS,"Grab your things, we're going. How exciting...",
STR_DIALOGS_EUDER_AAF_QS_D2_EUDER_1,texts_DIALOGS,Can you hear me?!,EUDER
STR_DIALOGS_EUDER_AAF_QS_D2_EUDER_2,texts_DIALOGS,"Remember, you need to go round the entire circuit in less than & minutes!",EUDER
STR_DIALOGS_EUDER_AAF_QS_D3_EUDER_1,texts_DIALOGS,"Yee-haw! That was surprising, even to me! I am literally speechless.",EUDER
STR_DIALOGS_EUDER_AAF_QS_D3_EUDER_2,texts_DIALOGS,"Alright, get your breath back and we'll return to the city for your reward.",EUDER
STR_DIALOGS_EUDER_AAF_QS_D4_EUDER_1,texts_DIALOGS,"Well, well... Don't worry, not everyone has the guts for this. I'm sure you're good at other things, like... walking without falling over, for example.",EUDER
STR_DIALOGS_EUDER_AAF_QS_D4_EUDER_2,texts_DIALOGS,Should we try again?,EUDER
STR_DIALOGS_EUDER_AAF_QS_A2_OPTION_1,texts_DIALOGS,Yes,
STR_DIALOGS_EUDER_AAF_QS_A2_OPTION_2,texts_DIALOGS,No,
STR_DIALOGS_EUDER_AAF_QS_D5_EUDER_1,texts_DIALOGS,"Soldier, you've raced amazingly, but I've thought about it a little harder... I'm not going to give you my spawn lances.",EUDER
STR_DIALOGS_EUDER_AAF_QS_D5_EUDER_2,texts_DIALOGS,Seeing you run has lit the fire within me.,EUDER
STR_DIALOGS_EUDER_AAF_QS_D5_EUDER_3,texts_DIALOGS,"If you want one of my lance, you'll need to beat me in a head-to-head race.",EUDER
STR_DIALOGS_EUDER_AAF_QS_D5_EUDER_4,texts_DIALOGS,Irka needs to shake his fear of running after that fall. I can't think of a better excuse than competing against you.,EUDER
STR_DIALOGS_EUDER_AAF_QS_D5_EUDER_5,texts_DIALOGS,Whaddya say?,EUDER
STR_DIALOGS_EUDER_AAF_QS_A3_OPTION_1,texts_DIALOGS,Yes,
STR_DIALOGS_EUDER_AAF_QS_A3_OPTION_2,texts_DIALOGS,No,
STR_DIALOGS_EUDER_AAF_QS_POS_3,texts_DIALOGS,Alrighty... Don't disappoint me.,
STR_DIALOGS_EUDER_AAF_QS_NEG_3,texts_DIALOGS,"Oh, I thought my little friend was inside that armour, but I must have gotten the wrong soldier. Speak with me if you feel like a challenge.",
STR_DIALOGS_EUDER_AAF_QS_TOPIC_RACE2_TITLE,texts_DIALOGS,Competition II,
STR_DIALOGS_EUDER_AAF_QS_TOPIC_RACE2_1_1,texts_DIALOGS,"I knew you were just playing hard to get. Go on, show me how fast you are if you want one of my spawn lances.",
STR_DIALOGS_EUDER_AAF_QS_TOPIC_RACE2_1_2,texts_DIALOGS,"Grab your things, we're going. How exciting...",
STR_DIALOGS_EUDER_AAF_QS_D6_EUDER_1,texts_DIALOGS,"Even though Irka's injured, he's still the fastest horse in Zarga, so don't let your confidence get the better of you and give it your all.",EUDER
STR_DIALOGS_EUDER_AAF_QS_D6_EUDER_2,texts_DIALOGS,Let's go!,EUDER
STR_DIALOGS_EUDER_AAF_QS_D7_EUDER_1,texts_DIALOGS,But... how?,EUDER
STR_DIALOGS_EUDER_AAF_QS_D7_EUDER_2,texts_DIALOGS,No one can run that much. You've tricked me!,EUDER
STR_DIALOGS_EUDER_AAF_QS_D7_EUDER_3,texts_DIALOGS,"Alriiiight... I didn't say anything about Irka using his wings, so...",EUDER
STR_DIALOGS_EUDER_AAF_QS_D7_EUDER_4,texts_DIALOGS,"You're a resourceful soldier, aren't you? Alright, let's head back to the city.",EUDER
STR_DIALOGS_EUDER_AAF_QS_D7_EUDER_5,texts_DIALOGS,This time without cheating.,EUDER
STR_DIALOGS_EUDER_AAF_QS_D8_EUDER_1,texts_DIALOGS,What did you expect? Irka is a winged horse.,EUDER
STR_DIALOGS_EUDER_AAF_QS_D8_EUDER_2,texts_DIALOGS,You've still got a way to go before you can beat that. Or do you wanna bite the dust again?,EUDER
STR_DIALOGS_EUDER_AAF_QS_D9_EUDER_1,texts_DIALOGS,Congratulations! Luckily there was no one nearby to see my performance. You're the fastest.,EUDER
STR_DIALOGS_EUDER_AAF_QS_D9_EUDER_2,texts_DIALOGS,A promise is a promise. Use them to beat one of those monsters and see what happens. Who needs magic when you can invent things like this?,EUDER
STR_DIALOGS_EUDER_AAF_QS_D9_EUDER_3,texts_DIALOGS,The Human mind is the real magic.,EUDER
STR_DIALOGS_TOWN_ASL_D2_SIRFIEL_1,texts_DIALOGS,Just a moment...,SIRFIEL
STR_DIALOGS_TOWN_ASL_D2_SIRFIEL_2,texts_DIALOGS,But I left it right there...,SIRFIEL
STR_DIALOGS_TOWN_ASL_D2_SIRFIEL_3,texts_DIALOGS,I can't see it anywhere.,SIRFIEL
STR_DIALOGS_TOWN_ASL_D2_SIRFIEL_4,texts_DIALOGS,...,SIRFIEL
STR_DIALOGS_TOWN_ASL_D3_SIRFIEL_1,texts_DIALOGS,"Soldier, I have bad news.",SIRFIEL
STR_DIALOGS_TOWN_ASL_D3_SIRFIEL_2,texts_DIALOGS,It looks like someone has taken the <color=OBJ>Volcanic Pendant</color> that would have protected you from the extreme heat.,SIRFIEL
STR_DIALOGS_TOWN_ASL_D3_SIRFIEL_3,texts_DIALOGS,Without my permission!,SIRFIEL
STR_DIALOGS_TOWN_ASL_D3_SIRFIEL_4,texts_DIALOGS,"But don't grieve just yet, I can make you another.",SIRFIEL
STR_DIALOGS_TOWN_ASL_D4_SIRFIEL_1,texts_DIALOGS,Let's see how it went...,SIRFIEL
STR_DIALOGS_TOWN_ASL_D4_SIRFIEL_2,texts_DIALOGS,Aha... yes... I see...,SIRFIEL
STR_DIALOGS_TOWN_ASL_D5_SIRFIEL_1,texts_DIALOGS,Alright. I crafted the last amulet using an element than one of your friends was kind enough to bring me. It can be found <color=LOC>on the highest snowy peaks at the furthest edge of the western Tempes Plains</color>.,SIRFIEL
STR_DIALOGS_TOWN_ASL_D5_SIRFIEL_2,texts_DIALOGS,"The element in question is frost fruit, borne by the frost tree.",SIRFIEL
STR_DIALOGS_TOWN_ASL_D5_SIRFIEL_3,texts_DIALOGS,"I'm afraid that, if you want to amulet, you have no other option than going to find it. If you decide to make the effort, I'd be delighted to help you.",SIRFIEL
STR_DIALOGS_TOWN_ASL_D5_SIRFIEL_4,texts_DIALOGS,"Ah yes, something of particular importance. Collecting the frost fruit is half the task.",SIRFIEL
STR_DIALOGS_TOWN_ASL_D5_SIRFIEL_5,texts_DIALOGS,"When you have it, <color=IMP>you'll have to come running straight back</color>. Once it's plucked off the tree, it'll start to melt.",SIRFIEL
STR_DIALOGS_TOWN_ASL_D5_SIRFIEL_6,texts_DIALOGS,"So, if you lose it along the way, you'll have to go back for another one.",SIRFIEL
STR_DIALOGS_TOWN_ASL_D5_SIRFIEL_7,texts_DIALOGS,"Right, that should be everything you need to know. Whatever you decide to do, I'll be here.",SIRFIEL
STR_DIALOGS_TOWN_ASL_D5_SIRFIEL_8,texts_DIALOGS,I'm going to carry on reading while you think about it.,SIRFIEL
STR_DIALOGS_TOWN_ASL_D6_SIRFIEL_1,texts_DIALOGS,What?!,SIRFIEL
STR_DIALOGS_TOWN_ASL_D6_SIRFIEL_2,texts_DIALOGS,Oh!,SIRFIEL
STR_DIALOGS_TOWN_ASL_D6_SIRFIEL_3,texts_DIALOGS,You've got it!,SIRFIEL
STR_DIALOGS_TOWN_ASL_D6_SIRFIEL_4,texts_DIALOGS,"Quickly, there's no time to waste.",SIRFIEL
STR_DIALOGS_TOWN_ASL_D6_SIRFIEL_5,texts_DIALOGS,Just a moment.,SIRFIEL
STR_DIALOGS_TOWN_ASL_D7_SIRFIEL_1,texts_DIALOGS,"Phew... That was close, here it is, the <color=OBJ>Volcanic Pendant</color>.",SIRFIEL
STR_DIALOGS_TOWN_ASL_D8_SIRFIEL_1,texts_DIALOGS,"I hope it's worth the trouble. It's such a useful little thing that you don't even need to hang it round your neck for it to work, just keeping it somewhere on you will be enough.",SIRFIEL
STR_DIALOGS_TOWN_ASL_D8_SIRFIEL_2,texts_DIALOGS,"I think if I left Zarga's army and set up my own item enchanting shop, I'd end up being very rich. What do you think?",SIRFIEL
STR_DIALOGS_TOWN_ASL_D8_SIRFIEL_3,texts_DIALOGS,"Though, I can't stop thinking about it... Where have I left the other amulet?",SIRFIEL
STR_DIALOGS_TOWN_ASL_D8_SIRFIEL_4,texts_DIALOGS,"Anyway... These things turn up when you're not looking. If that's all I can do for you, I'll continue with my fascinating reading.",SIRFIEL
STR_DIALOGS_FINSE_AC_INTRO_1_1,texts_DIALOGS,Gardening isn't just a something to keep plants strong and healthy.,
STR_DIALOGS_FINSE_AC_INTRO_1_2,texts_DIALOGS,"It's having the will to take care of them no matter what, even if the rest of the world is collapsing around you.",
STR_DIALOGS_FINSE_AC_INTRO_1_3,texts_DIALOGS,"Few are aware of how special they are. Please, show them respect while you are in their sanctuary.",
STR_DIALOGS_FINSE_AP2_INTRO_1_1,texts_DIALOGS,"Don't think about it too much and remove the flower. Be firm, but delicate.",
STR_DIALOGS_FINSE_AP2_INTRO_2_1,texts_DIALOGS,"Tell mister Jivan that, should he need anything at all, I'll be right here.",
STR_DIALOGS_FINSE_AAF_INTRO_1_1,texts_DIALOGS,Please don't worry about the roof.,
STR_DIALOGS_FINSE_AAF_INTRO_1_2,texts_DIALOGS,Repairing it won't be too much hassle.,
STR_DIALOGS_FINSE_AAF_PRESENTATION_2_1,texts_DIALOGS,Please tell me that your friend is in good condition.,
STR_DIALOGS_FINSE_AAF_PRESENTATION_2_2,texts_DIALOGS,"I had to improvise a torniquet and splint the frame, but he seems to be stable, despite the fall.",
STR_DIALOGS_FINSE_AAF_PRESENTATION_2_3,texts_DIALOGS,On a different subject...,
STR_DIALOGS_FINSE_AAF_PRESENTATION_2_4,texts_DIALOGS,I hope the Lilis Radiantis will be of use to you.,
STR_DIALOGS_FINSE_AAF_PRESENTATION_2_5,texts_DIALOGS,The last thing I would want is to betray the trust mister Jivan has placed in me in caring for this orchard.,
STR_DIALOGS_FINSE_AAF_PRESENTATION_2_6,texts_DIALOGS,"If there's nothing else I can do for you, I shall continue with my duties.",
STR_DIALOGS_FINSE_AAF_INTRO_2_1,texts_DIALOGS,"If there's nothing else I can do for you, I shall continue with my duties.",
STR_DIALOGS_PLAINS3_AP2_D1_FINSE_1,texts_DIALOGS,"In this place, we are the guests. I'm simply responsible for preserving our hosts.",FINSE
STR_DIALOGS_PLAINS3_AP2_D1_FINSE_2,texts_DIALOGS,May I help you with something?,FINSE
STR_DIALOGS_PLAINS3_AP2_D2_FINSE_1,texts_DIALOGS,...,FINSE
STR_DIALOGS_PLAINS3_AP2_D2_FINSE_2,texts_DIALOGS,Hafin City's insignia...,FINSE
STR_DIALOGS_PLAINS3_AP2_D2_FINSE_3,texts_DIALOGS,So soon...,FINSE
STR_DIALOGS_PLAINS3_AP2_D2_FINSE_4,texts_DIALOGS,Mister Jivan told me this could happen one day.,FINSE
STR_DIALOGS_PLAINS3_AP2_D2_FINSE_5,texts_DIALOGS,"Proceed, I understand that circumstances require it.",FINSE
STR_DIALOGS_PLAINS3_AP2_D2_FINSE_6,texts_DIALOGS,The flower you're looking for is right here. I've been keeping her alive for you.,FINSE
STR_DIALOGS_PLAINS3_AP2_D2_FINSE_7,texts_DIALOGS,"Please remove her extremely delicately and, above all, acknowledge her sacrifice with respect.",FINSE
STR_DIALOGS_PLAINS3_AP2_D3_FINSE_1,texts_DIALOGS,She is yours.,FINSE
STR_DIALOGS_PLAINS3_AP2_D3_FINSE_2,texts_DIALOGS,"Take her to mister Jivan and tell him that, should he need anything, I'll be here.",FINSE
STR_DIALOGS_PLAINS3_AP2_D3_FINSE_3,texts_DIALOGS,"Don't worry, it'll be alright.",FINSE
STR_DIALOGS_PLAINS3_AAF_D1_FINSE_1,texts_DIALOGS,...,FINSE
STR_DIALOGS_PLAINS3_AAF_D2_FINSE_1,texts_DIALOGS,Hmmm....,FINSE
STR_DIALOGS_PLAINS3_AAF_D3_FINSE_1,texts_DIALOGS,"I shan't put my snout where it ought not go but, I must say, I did not expect that.",FINSE
STR_DIALOGS_PLAINS3_AAF_D3_FINSE_2,texts_DIALOGS,Are you quite alright? That was a jolly big fall.,FINSE
STR_DIALOGS_PLAINS3_AAF_D3_FINSE_3,texts_DIALOGS,"I know first aid, should you require it.",FINSE
STR_DIALOGS_PLAINS3_AAF_D4_FINSE_1,texts_DIALOGS,As you wish...,FINSE
STR_DIALOGS_PLAINS3_AAF_D4_FINSE_2,texts_DIALOGS,I shall tend to the roof when I finish my break.,FINSE
STR_DIALOGS_TOWN_AP_COMBAT_D19_BIS_JIVAN_1,texts_DIALOGS,There's something else.,
STR_DIALOGS_TOWN_AP_COMBAT_D19_BIS_JIVAN_2,texts_DIALOGS,"In order to pick them, you'll need to ask the <color=CHA>garden custodian</color> for permission. Don't worry, he'll oblige your request if you present him with <color=IMP>this seal</color>.",
STR_DIALOGS_CAVE_D1_TRAPPEDSOLDIER_6,texts_DIALOGS,"Urgh..._100_ Was it you who got me out of there? Sorry if I'm not exactly celebrating, but what does it matter if we're still here?",TRAPPEDSOLDIER
STR_DIALOGS_HEAVENTOWER_D7_LIANDRIS_1,texts_DIALOGS,"Soldier, you have reached the end of your journey.",LIANDRIS
STR_DIALOGS_HEAVENTOWER_D7_LIANDRIS_2,texts_DIALOGS,"We are at the gates of Beigon, the Guardian.",LIANDRIS
STR_DIALOGS_HEAVENTOWER_D8_LIANDRIS_1,texts_DIALOGS,"Millennia ago, the souls of the fallen journeyed directly to the land of the Gods.",LIANDRIS
STR_DIALOGS_HEAVENTOWER_D8_LIANDRIS_2,texts_DIALOGS,Now that destiny is reserved only for the most tenacious of champions...,LIANDRIS
STR_DIALOGS_HEAVENTOWER_D9_LIANDRIS_1,texts_DIALOGS,Like you and your kind.,LIANDRIS
STR_DIALOGS_HEAVENTOWER_D9_LIANDRIS_2,texts_DIALOGS,But you must know something. I have reason to believe that the menacing dark plague that you had to face on a number of occasions could have originated within that room.,LIANDRIS
STR_DIALOGS_HEAVENTOWER_D9_LIANDRIS_3,texts_DIALOGS,"I cannot be sure until you open it, but do not fear.",LIANDRIS
STR_DIALOGS_HEAVENTOWER_D9_LIANDRIS_4,texts_DIALOGS,I'll be looking out for you once you step inside.,LIANDRIS
STR_DIALOGS_HEAVENTOWER_D9_LIANDRIS_5,texts_DIALOGS,"If something goes wrong, I will intervene.",LIANDRIS
STR_DIALOGS_HEAVENTOWER_D9_LIANDRIS_6,texts_DIALOGS,"Go forth, brave warrior, and face the last of all destinies.",LIANDRIS
STR_DIALOGS_CRYSTAL_1_SLIDE1_NARRATOR_1,texts_DIALOGS,Somewhere within the confines of the universe...,
STR_DIALOGS_CRYSTAL_1_SLIDE1_FREYDIN_2,texts_DIALOGS,"I know he told us not to worry, that he'd be back with word of his findings, but... I'm concerned.",
STR_DIALOGS_CRYSTAL_1_SLIDE1_CARGUM_3,texts_DIALOGS,I knew we shouldn't have let him go down and explore that planet by himself. Beigon can be so stubborn...,
STR_DIALOGS_CRYSTAL_1_SLIDE1_IFRIND_4,texts_DIALOGS,"Enough, we're going down there, whether he likes it or not.",
STR_DIALOGS_CRYSTAL_1_SLIDE2_NARRATOR_1,texts_DIALOGS,"As concern mounted among his peers, Beigon lay unconscious on the surface below.",
STR_DIALOGS_CRYSTAL_2_SLIDE1_CARGUM_1,texts_DIALOGS,"Beigon, what happened? We hadn't heard anything for a whole day. You had us worried.",
STR_DIALOGS_CRYSTAL_2_SLIDE1_BEIGON_2,texts_DIALOGS,"It is... difficult to explain. There was an enormous change in pressure as I descended through this world's atmosphere, or at least, that's what I thought.",
STR_DIALOGS_CRYSTAL_2_SLIDE1_IFRIND_3,texts_DIALOGS,"To tell you the truth, I feel better than I ever have. What's going on here?",
STR_DIALOGS_CRYSTAL_2_SLIDE1_BEIGON_4,texts_DIALOGS,"You notice it too? Isn't it incredible? I believe this world emits an unlimited amount of energy, energy that permeates every inch of our bodies.",
STR_DIALOGS_CRYSTAL_2_SLIDE1_FREYDIN_5,texts_DIALOGS,"I can feel it, and I can also feel it dividing itself among us all. To have all of that energy flow into a single person must be indescribable.",
STR_DIALOGS_CRYSTAL_2_SLIDE2_NARRATOR_1,texts_DIALOGS,"Each of them noticed how their abilities, both physical and mental, improved to boundless degrees, developing powers that they could never even have imagined yielding.",
STR_DIALOGS_CRYSTAL_3_SLIDE1_FREYDIN_1,texts_DIALOGS,These crystals seem to contain images of the past. We could use them to find out what happened here.,
STR_DIALOGS_CRYSTAL_3_FADEOUT_BEIGON_1,texts_DIALOGS,So that's where this energy's coming from... We're feeding off of every being in the universe that's taking their final breath. This is horrible.,
STR_DIALOGS_CRYSTAL_3_SLIDE2_BEIGON_1,texts_DIALOGS,"Freydin, I think that, with your Valkyries' power, we could keep the form they had while alive. We have no right to feed our powers with their souls, now that we know where they come from.",
STR_DIALOGS_CRYSTAL_3_SLIDE2_BEIGON_2,texts_DIALOGS,What do the rest of you think?,
STR_DIALOGS_CRYSTAL_3_SLIDE2_CARGUM_3,texts_DIALOGS,"I agree. As much as I like how this feels, Beigon's right.",
STR_DIALOGS_CRYSTAL_3_SLIDE2_FREYDIN_4,texts_DIALOGS,"It's only fair. What about you, Liandris, could you do it?",
STR_DIALOGS_CRYSTAL_4_SLIDE1_NARRATOR_1,texts_DIALOGS,"It worked well at first, but overpopulation didn't take long to create factions that waged war against one another in the name of their patrons. These now God-like overseers increasingly found themselves in fierce clashes over the energy radiating from this new world.",
STR_DIALOGS_CRYSTAL_4_SLIDE2_BEIGON_1,texts_DIALOGS,I never wanted something like this to happen...,
STR_DIALOGS_CRYSTAL_5_SLIDE1_BEIGON_1,texts_DIALOGS,Look what you've become. Look at yourselves and tell me if you recognise anything at all.,
STR_DIALOGS_CRYSTAL_5_SLIDE1_VARADIR_2,texts_DIALOGS,Do you really think everything would stay the same after everything this place has done to us? We're something else now!,
STR_DIALOGS_CRYSTAL_5_SLIDE1_BEIGON_3,texts_DIALOGS,Something I refuse to be a part of.,
STR_DIALOGS_CRYSTAL_5_SLIDE1_BEIGON_4,texts_DIALOGS,"As firstborn, I'm walking away from these ridiculous wars. I'll grant you my territories, as well as all my disciples, on the condition you redirect the souls to a planet of my choice.",
STR_DIALOGS_CRYSTAL_5_SLIDE1_BEIGON_5,texts_DIALOGS,"You can continue to receive mercenaries, but only if they themselves choose to come. Don't worry, they will have to pass a test to prove themselves worthy, so you will only receive soldiers capable of serving you. I'll send them myself, how you use them will be up to you.",
STR_DIALOGS_CRYSTAL_5_SLIDE1_FREYDIN_6,texts_DIALOGS,Quality souls and Beigon out of the picture... What's the catch?,
STR_DIALOGS_CRYSTAL_5_SLIDE1_CARGUM_7,texts_DIALOGS,"Fine. I think you're stupid, pushing all this away. Especially since you're the one with more power than all of us, but, if your decision benefits us, I won't stand in your way.",
STR_DIALOGS_CRYSTAL_6_SLIDE1_BEIGON_1,texts_DIALOGS,"Vanij, come, we must go now. No one can know that I'm taking you with me. You're my most powerful disciple, second only to the other children.",
STR_DIALOGS_CRYSTAL_6_SLIDE1_VANIJ_2,texts_DIALOGS,"I don't understand, Master, but if you need my help, you will of course have it.",
STR_DIALOGS_CRYSTAL_6_SLIDE1_BEIGON_3,texts_DIALOGS,"We will travel to a new world, one where I will never see the light of day again. That will be my penitence.",
STR_DIALOGS_CRYSTAL_6_SLIDE2_BEIGON_1,texts_DIALOGS,"As for you, Vanij, you will use your powers of alchemy to hide your true form and will become a guide to this new world.",
STR_DIALOGS_CRYSTAL_6_SLIDE2_BEIGON_2,texts_DIALOGS,"You will a build a city, a symbol of the unity between the peoples of this universe and, in it, you will host all of the souls you receive, making sure that they know never to search for me.",
STR_DIALOGS_CRYSTAL_6_SLIDE2_BEIGON_3,texts_DIALOGS,"Vanij, you will become a beacon of hope for hundreds of thousands. I know that you are up to the task.",
STR_DIALOGS_CRYSTAL_6_SLIDE2_VANIJ_4,texts_DIALOGS,"I understand, Master. In that case, from now, I will be known as Jivan.",
STR_DIALOGS_FT_D18_FT4_SUMMONERSOUL_1,texts_DIALOGS,Soooldier... No kiiill...,
STR_DIALOGS_FT_D18_FT4_SUMMONERSOUL_2,texts_DIALOGS,Soul want play gaaame...,
STR_DIALOGS_FT_D18_FT4_SUMMONERSOUL_3,texts_DIALOGS,Guess chest with rewaaard...,
STR_DIALOGS_FT_D18_FT4_SUMMONERSOUL_4,texts_DIALOGS,If right many tiiime... soul give giiiift...,
STR_DIALOGS_FT_D18_FT4_SUMMONERSOUL_5,texts_DIALOGS,Soul give giiift...,
STR_DIALOGS_FT_D18_FT4_SUMMONERSOUL_6,texts_DIALOGS,But if wrooong... must kiiill...,
STR_DIALOGS_FT_D18_FT4_SUMMONERSOUL_7,texts_DIALOGS,Want giiift...?,
STR_DIALOGS_FT_D19_FT4_SUMMONERSOUL_1,texts_DIALOGS,Choose wiiiisely...,
STR_DIALOGS_FT_D20_FT4_SUMMONERSOUL_1,texts_DIALOGS,Soul waaiit until change miiind...,
STR_DIALOGS_FT_D21_FT4_SUMMONERSOUL_1,texts_DIALOGS,If right many tiiime... soul give giiiift...,
STR_DIALOGS_FT_D21_FT4_SUMMONERSOUL_2,texts_DIALOGS,But if wrooong... must kiiill...,
STR_DIALOGS_FT_D21_FT4_SUMMONERSOUL_3,texts_DIALOGS,Want giiift...?,
STR_DIALOGS_FT_D22_FT4_SUMMONERSOUL_1,texts_DIALOGS,Must kiiilll...,
STR_DIALOGS_FT_D23_FT4_SUMMONERSOUL_1,texts_DIALOGS,Gift cloooser...,
STR_DIALOGS_FT_D24_FT4_SUMMONERSOUL_1,texts_DIALOGS,Do... very weeell...,
STR_DIALOGS_FT_D24_FT4_SUMMONERSOUL_2,texts_DIALOGS,Enjoy giiift...,
STR_DIALOGS_FT_D25_FT21_SUMMONERSOUL_1,texts_DIALOGS,I know why heeere...,
STR_DIALOGS_FT_D25_FT21_SUMMONERSOUL_2,texts_DIALOGS,Was... surpriiise?,
STR_DIALOGS_FT_D25_FT21_SUMMONERSOUL_3,texts_DIALOGS,Is okay if don't waaant play this tiiime...,
STR_DIALOGS_FT_D25_FT21_SUMMONERSOUL_4,texts_DIALOGS,Soul... is...,
STR_DIALOGS_FT_D25_FT21_SUMMONERSOUL_5,texts_DIALOGS,ready...,
STR_DIALOGS_PLAINS1_TUTO2_D1_SINKA_1,texts_DIALOGS,Huh?,SINKA
STR_DIALOGS_PLAINS1_TUTO2_D1_SINKA_2,texts_DIALOGS,You seem a bit clueless.,SINKA
STR_DIALOGS_PLAINS1_TUTO2_D1_SINKA_3,texts_DIALOGS,"Come on, you heard that Valkyrie. We've got work to do. Snap out of it!",SINKA
STR_DIALOGS_PLAINS1_TUTO2_D1_SINKA_4,texts_DIALOGS,"Though, if you are on this road, that means you're assigned to the group tasked with exploring the cave. The rest are way ahead.",SINKA
STR_DIALOGS_PLAINS1_TUTO2_D1_SINKA_5,texts_DIALOGS,"As you can see, this is no joke, so wake up and open your eyes because this place is full of disgusting creatures like that one.",SINKA
STR_DIALOGS_PLAINS1_TUTO2_D1_SINKA_6,texts_DIALOGS,"Anyway, I'm off. I've wasted too much time on you already.",SINKA
STR_DIALOGS_PLAINS1_TUTO2_D1_SINKA_7,texts_DIALOGS,Do yourself a favor and try not to lag behind.,SINKA
STR_DIALOGS_PLAINS1_TUTO2_D2_SINKA_1,texts_DIALOGS,Luckily for you that creature was noisy enough to grab my attention.,SINKA
STR_DIALOGS_PLAINS1_TUTO2_D2_SINKA_2,texts_DIALOGS,Don't thank me. Better if I don't have to save your skin ever again.,SINKA
STR_DIALOGS_PLAINS1_TUTO2_D2_SINKA_3,texts_DIALOGS,What's wrong? Don't you know how to <color=IMP>dodge</color> and <color=IMP>block</color> enemy attacks?,SINKA
STR_DIALOGS_PLAINS1_TUTO2_D2_SINKA_4,texts_DIALOGS,"Tssk... You know... I don't know anything about this place either. What I do know is that if you don't learn how to move, you won't last longer than a loose coin in the slums of Zarga.",SINKA
STR_DIALOGS_PLAINS1_TUTO2_D2_SINKA_5,texts_DIALOGS,"The sooner you realise that, the better.",SINKA
STR_DIALOGS_PLAINS1_TUTO2_D2_SINKA_6,texts_DIALOGS,"Go on, get moving. I'll keep an eye out around here.",SINKA
STR_DIALOGS_PLAINS1_TUTO2_D3_SINKA_1,texts_DIALOGS,"Nice start, huh...",SINKA
STR_DIALOGS_HEAVENTOWER_D10_BEIGON_1,texts_DIALOGS,You should not have closed that door...,BEIGON
STR_DIALOGS_HEAVENTOWER_D10_BEIGON_2,texts_DIALOGS,It does not matter. The fact that you are here means it has worked.,BEIGON
STR_DIALOGS_HEAVENTOWER_D10_BEIGON_3,texts_DIALOGS,"You shall be the first of a tide of souls yearning to find this place, hoping to complete their “great quest”.",BEIGON
STR_DIALOGS_HEAVENTOWER_D10_BEIGON_4,texts_DIALOGS,"Do not fear, for salvation is at hand.",BEIGON
STR_DIALOGS_HEAVENTOWER_D11_LIANDRIS_1,texts_DIALOGS,"Soldier, that's not the Guardian!",LIANDRIS
STR_DIALOGS_HEAVENTOWER_D11_LIANDRIS_2,texts_DIALOGS,Beigon has allowed thousands of warriors to pass into the Gods' Ragnarok. He would never say anything like that.,LIANDRIS
STR_DIALOGS_HEAVENTOWER_D12_BEIGON_1,texts_DIALOGS,"Gods, you say? ...Those Fae?",BEIGON
STR_DIALOGS_HEAVENTOWER_D12_BEIGON_2,texts_DIALOGS,"I will admit I did no expect to find one here, but this changes nothing.",BEIGON
STR_DIALOGS_HEAVENTOWER_D12_LIANDRIS_3,texts_DIALOGS,Who are you to dare corrupt the established flow of souls?,LIANDRIS
STR_DIALOGS_HEAVENTOWER_D12_LIANDRIS_4,texts_DIALOGS,Speak!,LIANDRIS
STR_DIALOGS_HEAVENTOWER_D13_BEIGON_1,texts_DIALOGS,Silence!,BEIGON
STR_DIALOGS_HEAVENTOWER_D14_BEIGON_1,texts_DIALOGS,Valkyries...,BEIGON
STR_DIALOGS_HEAVENTOWER_D14_BEIGON_2,texts_DIALOGS,Useless carcasses with neither soul nor sense.,BEIGON
STR_DIALOGS_HEAVENTOWER_D14_BEIGON_3,texts_DIALOGS,"Though, your words ring true. I am not Beigon. But, with me, a destiny much grander than you have been prepared for awaits you.",BEIGON
STR_DIALOGS_HEAVENTOWER_D14_BEIGON_4,texts_DIALOGS,"Because of me, my species and all those in the cosmos will transcend beyond their mortal lives.",BEIGON
STR_DIALOGS_HEAVENTOWER_D14_BEIGON_5,texts_DIALOGS,They will live for eternity.,BEIGON
STR_DIALOGS_HEAVENTOWER_D14_BEIGON_6,texts_DIALOGS,"Without worrying about bodily decay, Yggdrasil, or those selfish Fae.",BEIGON
STR_DIALOGS_HEAVENTOWER_D15_BEIGON_1,texts_DIALOGS,"Do not resist. Once I have assimilated you, you will be saved.",BEIGON
STR_DIALOGS_HEAVENTOWER_D16_BEIGON_1,texts_DIALOGS,You did good work finding those orbs.,BEIGON
STR_DIALOGS_HEAVENTOWER_D16_BEIGON_2,texts_DIALOGS,"It is fortunate that, even while using their power, they remain in their vessels. I will be able to extract them without destroying you.",BEIGON
STR_DIALOGS_HEAVENTOWER_D16_BEIGON_3,texts_DIALOGS,It would be such a waste if your essence was lost to the void.,BEIGON
STR_DIALOGS_HEAVENTOWER_D17_UNKNOWN_1,texts_DIALOGS,What? Is that it?,UNKNOWN
STR_DIALOGS_HEAVENTOWER_D17_UNKNOWN_2,texts_DIALOGS,You still haven't realised?,UNKNOWN
STR_DIALOGS_HEAVENTOWER_D17_UNKNOWN_3,texts_DIALOGS,Surely you don't think it was just those orbs that got you here?,UNKNOWN
STR_DIALOGS_HEAVENTOWER_D17_DARKSWORD_4,texts_DIALOGS,"You're nothing special but, somehow, you managed to become strong enough to defeat us, our energy finding a new home within you.",DARKSWORD
STR_DIALOGS_HEAVENTOWER_D17_DARKSWORD_5,texts_DIALOGS,"We don't plan to let you die by an insect like that after everything you've done to us. We're all you have left now, whether you like it or not.",DARKSWORD
STR_DIALOGS_HEAVENTOWER_D17_DARKSWORD_6,texts_DIALOGS,"Do it, unleash our power and no one will be able to stop you!",DARKSWORD
STR_DIALOGS_HEAVENTOWER_D17_DARKSWORD_7,texts_DIALOGS,"Do not disappoint us, soldier!",DARKSWORD
STR_DIALOGS_HEAVENTOWER_D18_BEIGON_1,texts_DIALOGS,Now I see why my parasites were unable to intercept you before. You have turned your own body into an orb capable of retaining all of that corrupt energy inside you.,BEIGON
STR_DIALOGS_HEAVENTOWER_D18_BEIGON_2,texts_DIALOGS,"Powerful, but insignificant to me. Still, you harbour too much essence to let you go with them.",BEIGON
STR_DIALOGS_HEAVENTOWER_D18_BEIGON_3,texts_DIALOGS,Understand that I cannot allow this.,BEIGON
STR_DIALOGS_HEAVENTOWER_D19_BEIGON_1,texts_DIALOGS,No... I cannot use all the power in this body!,BEIGON
STR_DIALOGS_HEAVENTOWER_D19_BEIGON_2,texts_DIALOGS,It..._100_ eats away..._100_ at me...,BEIGON
STR_DIALOGS_HEAVENTOWER_D19_BEIGON_3,texts_DIALOGS,I must put an end to you now!,BEIGON
STR_DIALOGS_HEAVENTOWER_D20_BEIGON_1,texts_DIALOGS,I swore that I would save everyone...,BEIGON
STR_DIALOGS_HEAVENTOWER_D21_BEIGON_1,texts_DIALOGS,AAAH!,BEIGON
STR_DIALOGS_HEAVENTOWER_D21_BEIGON_2,texts_DIALOGS,The Fae is too annoying!,BEIGON
STR_DIALOGS_HEAVENTOWER_D21_BEIGON_3,texts_DIALOGS,This isn't possible! I can't stay in here anymore!,BEIGON
STR_DIALOGS_HEAVENTOWER_D22_LIANDRIS_1,texts_DIALOGS,Cursed creature...,LIANDRIS
STR_DIALOGS_HEAVENTOWER_D22_BEIGON_2,texts_DIALOGS,Ngh!,BEIGON
STR_DIALOGS_HEAVENTOWER_D22_LIANDRIS_3,texts_DIALOGS,Reveal yourself!,LIANDRIS
STR_DIALOGS_HEAVENTOWER_D22_BEIGON_4,texts_DIALOGS,AAAH!,BEIGON
STR_DIALOGS_HEAVENTOWER_D23_LIANDRIS_1,texts_DIALOGS,Beigon?,LIANDRIS
STR_DIALOGS_HEAVENTOWER_D23_BEIGON_2,texts_DIALOGS,...,BEIGON
STR_DIALOGS_HEAVENTOWER_D24_LIANDRIS_1,texts_DIALOGS,"Beigon, what's happening?",LIANDRIS
STR_DIALOGS_HEAVENTOWER_D24_BEIGON_2,texts_DIALOGS,I spent so long denying it my power... Closing off every inch of my mind...,BEIGON
STR_DIALOGS_HEAVENTOWER_D24_BEIGON_3,texts_DIALOGS,"So much so that, once freed, I could not control myself.",BEIGON
STR_DIALOGS_HEAVENTOWER_D24_BEIGON_4,texts_DIALOGS,That thing... It should not have been able to escape.,BEIGON
STR_DIALOGS_HEAVENTOWER_D24_LIANDRIS_5,texts_DIALOGS,"How is this possible, Beigon?",LIANDRIS
STR_DIALOGS_HEAVENTOWER_D24_LIANDRIS_6,texts_DIALOGS,How has that thing been able to get so close to someone with your power?,LIANDRIS
STR_DIALOGS_HEAVENTOWER_D24_BEIGON_7,texts_DIALOGS,It managed to squeeze a small insect through one of my portals and I let my guard down for a moment.,BEIGON
STR_DIALOGS_HEAVENTOWER_D24_BEIGON_8,texts_DIALOGS,Two mistakes that I shall be able to forgive myself for.,BEIGON
STR_DIALOGS_HEAVENTOWER_D24_LIANDRIS_9,texts_DIALOGS,The portal... The world those mortals came from?,LIANDRIS
STR_DIALOGS_HEAVENTOWER_D24_BEIGON_10,texts_DIALOGS,Precisely.,BEIGON
STR_DIALOGS_HEAVENTOWER_D24_BEIGON_11,texts_DIALOGS,"Soldier, that creature is wounded, but it has taken refuge in your world. Your civilization is in imminent danger.",BEIGON
STR_DIALOGS_HEAVENTOWER_D25_BRIGARD_1,texts_DIALOGS,The Guardian!,BRIGARD
STR_DIALOGS_HEAVENTOWER_D25_BRIGARD_2,texts_DIALOGS,"You've done it, soldier!",BRIGARD
STR_DIALOGS_HEAVENTOWER_D26_BEIGON_1,texts_DIALOGS,"I am sorry I could not give the welcome you deserved, soldiers.",BEIGON
STR_DIALOGS_HEAVENTOWER_D27_BEIGON_1,texts_DIALOGS,"I am Beigon, the Guardian.",BEIGON
STR_DIALOGS_HEAVENTOWER_D27_BRIGARD_2,texts_DIALOGS,"Listen, Guardian!",BRIGARD
STR_DIALOGS_HEAVENTOWER_D27_BEIGON_3,texts_DIALOGS,"Calm yourself, Human. I know your demands.",BEIGON
STR_DIALOGS_HEAVENTOWER_D27_BRIGARD_4,texts_DIALOGS,...?,BRIGARD
STR_DIALOGS_HEAVENTOWER_D27_BEIGON_5,texts_DIALOGS,"Your mortal souls still live and, as such, your request is valid.",BEIGON
STR_DIALOGS_HEAVENTOWER_D27_BEIGON_6,texts_DIALOGS,"But you must know that the creature that held sway over me this entire time has escaped to your world. What's more, your presence here is connected to a Human, one that was infected by a parasite which travelled through one of my portals.",BEIGON
STR_DIALOGS_HEAVENTOWER_D27_BRIGARD_7,texts_DIALOGS,Arkzel...,BRIGARD
STR_DIALOGS_HEAVENTOWER_D27_BEIGON_8,texts_DIALOGS,"This brave soldier has confronted the parasite that created all of these creatures which attacked you in the tower and has released me from its hold but, with it, your home has been damned.",BEIGON
STR_DIALOGS_HEAVENTOWER_D27_BRIGARD_9,texts_DIALOGS,Is there nothing you can do to stop it?,BRIGARD
STR_DIALOGS_HEAVENTOWER_D27_BEIGON_10,texts_DIALOGS,"While I possess the power to travel to any corner of the universe, my penance prevents me from doing so. I will remain in the chamber until the end of time, regardless of what happens.",BEIGON
STR_DIALOGS_HEAVENTOWER_D27_BEIGON_11,texts_DIALOGS,But you who have faced the scourge on more than one occasion may still have a chance against this threat.,BEIGON
STR_DIALOGS_HEAVENTOWER_D27_BRIGARD_12,texts_DIALOGS,Our mission lies with our kingdom!,BRIGARD
STR_DIALOGS_HEAVENTOWER_D27_BEIGON_13,texts_DIALOGS,"No, Human, this endeavour goes far beyond protecting a kingdom. It concerns your entire world and, after yours, the next one, and the next one, and so on. This is what the parasite does.",BEIGON
STR_DIALOGS_HEAVENTOWER_D28_BRIGARD_1,texts_DIALOGS,...,BRIGARD
STR_DIALOGS_HEAVENTOWER_D28_BRIGARD_2,texts_DIALOGS,Alright...,BRIGARD
STR_DIALOGS_HEAVENTOWER_D29_BRIGARD_1,texts_DIALOGS,"Attention, soldiers!",BRIGARD
STR_DIALOGS_HEAVENTOWER_D29_BRIGARD_2,texts_DIALOGS,"We are going home! But not to celebrate our return, nor to join the war our people find themselves embroiled in.",BRIGARD
STR_DIALOGS_HEAVENTOWER_D29_BRIGARD_3,texts_DIALOGS,"We will inform our kingdoms of what stalks us all and, together, we will stand against this scourge!",BRIGARD
STR_DIALOGS_HEAVENTOWER_D29_BRIGARD_4,texts_DIALOGS,We shall save our world! For Zarga!,BRIGARD
STR_DIALOGS_HEAVENTOWER_D30_ADAMONT_1,texts_DIALOGS,"You heard the general, we're going home!",ADAMONT
STR_DIALOGS_HEAVENTOWER_D31_ARMY_1,texts_DIALOGS,YEAH!!!,ARMY
STR_DIALOGS_HEAVENTOWER_D32_BRIGARD_1,texts_DIALOGS,It is decided.,BRIGARD
STR_DIALOGS_HEAVENTOWER_D32_BEIGON_2,texts_DIALOGS,"So be it. To return, all you must do is cross the portal.",BEIGON
STR_DIALOGS_HEAVENTOWER_D32_BEIGON_3,texts_DIALOGS,"Go forth, this is all I can do for you.",BEIGON
STR_DIALOGS_HEAVENTOWER_D32_BRIGARD_4,texts_DIALOGS,Thank you for allowing us to cross.,BRIGARD
STR_DIALOGS_HEAVENTOWER_D32_BEIGON_5,texts_DIALOGS,Do not thank me. The day may come when you regret having faced this evil.,BEIGON
STR_DIALOGS_HEAVENTOWER_D32_BRIGARD_6,texts_DIALOGS,We'll do what we can.,BRIGARD
STR_DIALOGS_HEAVENTOWER_D33_BRIGARD_1,texts_DIALOGS,LET'S GO!,BRIGARD
STR_DIALOGS_HEAVENTOWER_D34_BEIGON_1,texts_DIALOGS,"Soldier, you have absorbed more essence than anyone else could have. You are almost as powerful as an Einherjar.",BEIGON
STR_DIALOGS_HEAVENTOWER_D34_BEIGON_2,texts_DIALOGS,"Do not succumb to the dark power within you, or you will lose yourself forever.",BEIGON
STR_DIALOGS_HEAVENTOWER_D34_BEIGON_3,texts_DIALOGS,Never forget these words.,BEIGON
STR_DIALOGS_HEAVENTOWER_D34_BEIGON_4,texts_DIALOGS,"Thank you for coming so far and freeing me, you have done the impossible.",BEIGON
STR_DIALOGS_HEAVENTOWER_D34_BEIGON_5,texts_DIALOGS,"Now, go with your kind. You have earnt it.",BEIGON
STR_DIALOGS_ZARGA_D1_BRIGARD_1,texts_DIALOGS,No...,BRIGARD
STR_DIALOGS_ZARGA_D2_BRIGARD_1,texts_DIALOGS,"Soldier, after everything we've done to get home...",BRIGARD
STR_DIALOGS_ZARGA_D2_BRIGARD_2,texts_DIALOGS,We've lost...,BRIGARD
STR_DIALOGS_ZARGA_D2_BRIGARD_3,texts_DIALOGS,We've lost everything...,BRIGARD
STR_DIALOGS_ZARGA_D3_LIANDRIS_1,texts_DIALOGS,"No, brave warriors. Your world is not yet lost.",LIANDRIS
STR_DIALOGS_ZARGA_D3_LIANDRIS_2,texts_DIALOGS,Your mission is to defeat the Infestation.,LIANDRIS
STR_DIALOGS_ZARGA_D3_LIANDRIS_3,texts_DIALOGS,Gather all the troops you can and fight until the end.,LIANDRIS
STR_DIALOGS_ZARGA_D3_LIANDRIS_4,texts_DIALOGS,You mortals always find the strength. I have seen it thousands of times.,LIANDRIS
STR_DIALOGS_ZARGA_D3_BRIGARD_5,texts_DIALOGS,It's true...,BRIGARD
STR_DIALOGS_ZARGA_D4_BRIGARD_1,texts_DIALOGS,They will not break us so easily.,BRIGARD
STR_DIALOGS_ZARGA_D4_BRIGARD_2,texts_DIALOGS,We will not give up without a fight.,BRIGARD
STR_DIALOGS_ZARGA_D4_BRIGARD_3,texts_DIALOGS,They will not be rid of us without first seeing what we are.,BRIGARD
STR_DIALOGS_ZARGA_D5_BRIGARD_1,texts_DIALOGS,WE ARE SOLDIERS!,BRIGARD
STR_DIALOGS_PLAINS3_AHT_D1_GALATH_1,texts_DIALOGS,"You must be brave to stand before me, witch, after everything you've done to me!",GALATH
STR_DIALOGS_PLAINS3_AHT_D1_SANGRIGOR_2,texts_DIALOGS,Would you rather have turned to dust and bones?,SANGRIGOR
STR_DIALOGS_PLAINS3_AHT_D1_GALATH_3,texts_DIALOGS,I would've survived an arrow if you hadn't dragged me here!,GALATH
STR_DIALOGS_PLAINS3_AHT_D1_SANGRIGOR_4,texts_DIALOGS,"If there's one thing that's certain, mortal, it's that our gift makes no mistakes. Calm your rage.",SANGRIGOR
STR_DIALOGS_PLAINS3_AHT_D1_GALATH_5,texts_DIALOGS,Mistakes like bringing still-living soldiers from Zarga to the afterlife?,GALATH
STR_DIALOGS_PLAINS3_AHT_D1_SANGRIGOR_6,texts_DIALOGS,Zarga?,SANGRIGOR
STR_DIALOGS_PLAINS3_AHT_D1_SANGRIGOR_7,texts_DIALOGS,Oh... THOSE soldiers...,SANGRIGOR
STR_DIALOGS_PLAINS3_AHT_D2_GALATH_1,texts_DIALOGS,Tsk...,GALATH
STR_DIALOGS_PLAINS3_AHT_D2_SANGRIGOR_2,texts_DIALOGS,"I have absolutely no idea why they were brought in that state, but it is exactly them I have come to speak to you about.",SANGRIGOR
STR_DIALOGS_PLAINS3_AHT_D2_GALATH_3,texts_DIALOGS,"I don't plan on hanging around here much longer, so be quick.",GALATH
STR_DIALOGS_PLAINS3_AHT_D2_SANGRIGOR_4,texts_DIALOGS,"I have seen the hate you have for them, though you don't have to be particularly observant to notice it, I must say.",SANGRIGOR
STR_DIALOGS_PLAINS3_AHT_D2_SANGRIGOR_5,texts_DIALOGS,I would like to propose an alliance both of us would benefit from.,SANGRIGOR
STR_DIALOGS_PLAINS3_AHT_D2_GALATH_6,texts_DIALOGS,Go on...,GALATH
STR_DIALOGS_PLAINS3_AHT_D2_SANGRIGOR_7,texts_DIALOGS,You want to finish them and I want to finish... certain plans.,SANGRIGOR
STR_DIALOGS_PLAINS3_AHT_D2_GALATH_8,texts_DIALOGS,"Why don't you do it yourself? Unlike the others, you seem to take things into your own hands.",GALATH
STR_DIALOGS_PLAINS3_AHT_D2_SANGRIGOR_9,texts_DIALOGS,How observant you are!,SANGRIGOR
STR_DIALOGS_PLAINS3_AHT_D2_SANGRIGOR_10,texts_DIALOGS,"Unfortunately, my enemies have developed a talent for disposing of my minions. I no longer have any use for these parasites.",SANGRIGOR
STR_DIALOGS_PLAINS3_AHT_D2_GALATH_11,texts_DIALOGS,And I suppose that's where I come in?,GALATH
STR_DIALOGS_PLAINS3_AHT_D2_SANGRIGOR_12,texts_DIALOGS,"With an ally like you, their magic won't save them.",SANGRIGOR
STR_DIALOGS_PLAINS3_AHT_D2_SANGRIGOR_13,texts_DIALOGS,"But first, we must do something about your rather limited power.",SANGRIGOR
STR_DIALOGS_PLAINS3_AHT_D2_GALATH_14,texts_DIALOGS,"Grrr... Don't mock me, Valkyrie. Tell me your plan?",GALATH
STR_DIALOGS_PLAINS3_AHT_D2_SANGRIGOR_15,texts_DIALOGS,Let's just say... You'll be skipping a few lessons ahead.,SANGRIGOR
STR_DIALOGS_PLAINS3_AHT_D2_SANGRIGOR_16,texts_DIALOGS,Pack your bags. We're going to Ragnarok.,SANGRIGOR
STR_DIALOGS_PLAINS3_AHT_D2_GALATH_17,texts_DIALOGS,...,GALATH
STR_DIALOGS_PLAINS3_AHT_D2_GALATH_18,texts_DIALOGS,"Alright, I have nothing left to lose.",GALATH
STR_DIALOGS_PLAINS3_AHT_D2_SANGRIGOR_19,texts_DIALOGS,"That's not the spirit I expected, but it'll do.",SANGRIGOR
STR_DIALOGS_PLAINS3_AHT_D2_SANGRIGOR_20,texts_DIALOGS,"We have a pact now, mortal.",SANGRIGOR
STR_DIALOGS_PLAINS3_AHT_D2_GALATH_21,texts_DIALOGS,Whatever you say...,GALATH
STR_DIALOGS_PLAINS3_AHT_D2_SANGRIGOR_22,texts_DIALOGS,You won't regret it.,SANGRIGOR
STR_DIALOGS_PLAINS3_DV_D7_SANGRIGOR_1,texts_DIALOGS,Not so fast!,SANGRIGOR
STR_DIALOGS_HEAVENTOWER_D35_EUDER_1,texts_DIALOGS,"Ready for one last dance, milady?",EUDER
STR_DIALOGS_HEAVENTOWER_D35_SINKA_2,texts_DIALOGS,Tsk... Not even if we get out of this one.,SINKA
STR_DIALOGS_HEAVENTOWER_D35_EUDER_3,texts_DIALOGS,What a girl...,EUDER
STR_DIALOGS_HEAVENTOWER_D35_EUDER_4,texts_DIALOGS,"Don't worry, we'll see him again.",EUDER
STR_DIALOGS_HEAVENTOWER_D36_MELIAN_1,texts_DIALOGS,"Sister, do you think we'll make it?",MELIAN
STR_DIALOGS_HEAVENTOWER_D36_SIRFIEL_2,texts_DIALOGS,"Melian, the two of us against the world, remember?",SIRFIEL
STR_DIALOGS_HEAVENTOWER_D36_MELIAN_3,texts_DIALOGS,You're right! Enough moaning.,MELIAN
STR_DIALOGS_HEAVENTOWER_D36_SIRFIEL_4,texts_DIALOGS,"Get ready, here they come.",SIRFIEL
STR_DIALOGS_HEAVENTOWER_D37_ADAMONT_1,texts_DIALOGS,"General Brigard, that soldier...",ADAMONT
STR_DIALOGS_HEAVENTOWER_D37_BRIGARD_2,texts_DIALOGS,"I know, Adamont. He's special.",BRIGARD
STR_DIALOGS_HEAVENTOWER_D37_BRIGARD_3,texts_DIALOGS,We owe it to him to reach the end. We cannot let him down.,BRIGARD
STR_DIALOGS_HEAVENTOWER_D37_ADAMONT_4,texts_DIALOGS,Heh... That won't be a problem. I eat bugs like these for breakfast.,ADAMONT
STR_DIALOGS_QS_IRONCLADS_D1_ADAMONT_1,texts_DIALOGS,All my Ironclads are back safe and sound.,ADAMONT
STR_DIALOGS_QS_IRONCLADS_D1_ADAMONT_2,texts_DIALOGS,They told me you were the one who rescued them.,ADAMONT
STR_DIALOGS_QS_IRONCLADS_D1_ADAMONT_3,texts_DIALOGS,"Lad, I take my helmet off to you. These soldiers seem strong on the outside, but inside they're still not ready for the challenges this world dishes out.",ADAMONT
STR_DIALOGS_QS_IRONCLADS_D1_ADAMONT_4,texts_DIALOGS,...Unlike you. You don't seem to be afraid of anything.,ADAMONT
STR_DIALOGS_QS_IRONCLADS_D1_ADAMONT_5,texts_DIALOGS,I'm very grateful that they're back.,ADAMONT
STR_DIALOGS_QS_IRONCLADS_D1_ADAMONT_6,texts_DIALOGS,"You've earnt yourself something very special, I hope it isn't too difficult for you to carry. Wouldn't want it to seem like a punishment instead of a reward, now would we? Ahahaha!",ADAMONT
STR_DIALOGS_CRYSTAL_6_SLIDE1_NARRATOR_0,texts_DIALOGS,"Vanij, known as the first Einherjar to keep his bodily form thanks to the Valkyries' power, receives a hurried visit from his master.",
STR_DIALOGS_CAVE_4_PREORDER_D1_MAKEREL_1,texts_DIALOGS,"Hey, Gruper! Look at this soldier all on his lonesome.",MAKEREL
STR_DIALOGS_CAVE_4_PREORDER_D1_GRUPER_2,texts_DIALOGS,"Well, it's not like we all need to be holding each other's hands now, is it?",GRUPER
STR_DIALOGS_CAVE_4_PREORDER_D2_MAKEREL_1,texts_DIALOGS,I know that!,MAKEREL
STR_DIALOGS_CAVE_4_PREORDER_D2_GRUPER_2,texts_DIALOGS,"Soldier, if you're going it alone, you better take this. Makerel has a few spare potions.",GRUPER
STR_DIALOGS_CAVE_4_PREORDER_D3_MAKEREL_1,texts_DIALOGS,What?_700_ Me?,MAKEREL
STR_DIALOGS_CAVE_4_PREORDER_D4_MAKEREL_1,texts_DIALOGS,Alriiight...,MAKEREL
STR_DIALOGS_CAVE_4_PREORDER_D4_MAKEREL_2,texts_DIALOGS,"Best thank Gruper, he seems to like you.",MAKEREL
STR_DIALOGS_CAVE_4_PREORDER_D4_GRUPER_3,texts_DIALOGS,"Go on then. If you're going off on your own, we'll bump into each other again.",GRUPER
STR_DIALOGS_TOWN_AAF_CROMAMINION1_1_1,texts_DIALOGS,"Thank you for helping us. When we arrived here, we launched several servidrones to help us inspect the area. Please, feel free to make use of any you come across. They are programmed with a few basic functions so, if you activate them, they might be useful for your endeavours.
Strength!",
STR_DIALOGS_INTERMISSION_1_D1_FREYDIN_1,texts_DIALOGS,Liandris...,FREYDIN
STR_DIALOGS_INTERMISSION_1_D1_FREYDIN_2,texts_DIALOGS,Liandris... answer my call.,FREYDIN
STR_DIALOGS_INTERMISSION_1_D2_LIANDRIS_1,texts_DIALOGS,"I am here, my lady.",LIANDRIS
STR_DIALOGS_INTERMISSION_1_D2_FREYDIN_2,texts_DIALOGS,"Liandris, we have been made aware of some unusual beings recently appearing across Terragaya.",FREYDIN
STR_DIALOGS_INTERMISSION_1_D2_LIANDRIS_3,texts_DIALOGS,Do you mean the Humans?,LIANDRIS
STR_DIALOGS_INTERMISSION_1_D2_FREYDIN_4,texts_DIALOGS,Huma-? Oh... “Those” humans,FREYDIN
STR_DIALOGS_INTERMISSION_1_D2_FREYDIN_5,texts_DIALOGS,I am aware of the phenomenon that has brought them to Terragaya but these beings are not our concern at this moment.,FREYDIN
STR_DIALOGS_INTERMISSION_1_D2_LIANDRIS_6,texts_DIALOGS,"They were “cut off” inside that dome, which is why we appeared.",LIANDRIS
STR_DIALOGS_INTERMISSION_1_D2_FREYDIN_7,texts_DIALOGS,Have I not made it clear that I have no interest in the Humans? I speak of the other soulless beings.,FREYDIN
STR_DIALOGS_INTERMISSION_1_D2_LIANDRIS_8,texts_DIALOGS,...I understand. Should we act?,LIANDRIS
STR_DIALOGS_INTERMISSION_1_D2_FREYDIN_9,texts_DIALOGS,"No... for now, be cautious, but watch them closely.",FREYDIN
STR_DIALOGS_INTERMISSION_1_D2_LIANDRIS_10,texts_DIALOGS,"As you wish, my lady.",LIANDRIS
STR_DIALOGS_INTERMISSION_2_D1_FREYDIN_1,texts_DIALOGS,Liandris...,FREYDIN
STR_DIALOGS_INTERMISSION_2_D1_FREYDIN_2,texts_DIALOGS,Liandris... answer my call.,FREYDIN
STR_DIALOGS_INTERMISSION_2_D2_LIANDRIS_1,texts_DIALOGS,"I am here, my lady.",LIANDRIS
STR_DIALOGS_INTERMISSION_2_D2_FREYDIN_2,texts_DIALOGS,"Liandris, those Humans I was made aware of... I must know the circumstances of their arrival on Terragaya.",FREYDIN
STR_DIALOGS_INTERMISSION_2_D2_LIANDRIS_3,texts_DIALOGS,They were preparing for war.,LIANDRIS
STR_DIALOGS_INTERMISSION_2_D2_FREYDIN_4,texts_DIALOGS,Preparing? They did not die in combat?,FREYDIN
STR_DIALOGS_INTERMISSION_2_D2_LIANDRIS_5,texts_DIALOGS,"No, but we were called to their location, a place where they found themselves sealed off and isolated, not just from their own world, but from the universe",LIANDRIS
STR_DIALOGS_INTERMISSION_2_D2_FREYDIN_6,texts_DIALOGS,And they arrived not long after those beings began to appear on the planet's surface...,FREYDIN
STR_DIALOGS_INTERMISSION_2_D2_LIANDRIS_7,texts_DIALOGS,"Is something the matter, my lady?",LIANDRIS
STR_DIALOGS_INTERMISSION_2_D2_FREYDIN_8,texts_DIALOGS,Nothing deserving of my time or energy at this moment. Keep your distance from them and visit Terragaya only when strictly necessary.,FREYDIN
STR_DIALOGS_INTERMISSION_2_D2_FREYDIN_9,texts_DIALOGS,Inform the others.,FREYDIN
STR_DIALOGS_INTERMISSION_2_D2_LIANDRIS_10,texts_DIALOGS,"As you wish, my lady.",LIANDRIS
STR_DIALOGS_INTERMISSION_3_D1_FREYDIN_1,texts_DIALOGS,Liandris...,FREYDIN
STR_DIALOGS_INTERMISSION_3_D1_FREYDIN_2,texts_DIALOGS,Liandris... answer my call.,FREYDIN
STR_DIALOGS_INTERMISSION_3_D2_LIANDRIS_1,texts_DIALOGS,"I am here, my lady.",LIANDRIS
STR_DIALOGS_INTERMISSION_3_D2_FREYDIN_2,texts_DIALOGS,"Liandris, your actions disappoint me. This is the first time I have lost total control of a Valkyrie.",FREYDIN
STR_DIALOGS_INTERMISSION_3_D2_LIANDRIS_3,texts_DIALOGS,I am sorr-,LIANDRIS
STR_DIALOGS_INTERMISSION_3_D2_FREYDIN_4,texts_DIALOGS,"Do not interrupt me, Liandris. You have humiliated me in front of the others.",FREYDIN
STR_DIALOGS_INTERMISSION_3_D2_LIANDRIS_5,texts_DIALOGS,Is there something I can do?,LIANDRIS
STR_DIALOGS_INTERMISSION_3_D2_FREYDIN_6,texts_DIALOGS,You have done quite enough.,FREYDIN
STR_DIALOGS_INTERMISSION_3_D2_LIANDRIS_7,texts_DIALOGS,I can be erased if that is to be my punishment.,LIANDRIS
STR_DIALOGS_INTERMISSION_3_D2_FREYDIN_8,texts_DIALOGS,What good would that do?,FREYDIN
STR_DIALOGS_INTERMISSION_3_D2_FREYDIN_9,texts_DIALOGS,No... I want you to find Sangrigor at all costs and bring her before me. I must know why she has escaped my call.,FREYDIN
STR_DIALOGS_INTERMISSION_3_D2_LIANDRIS_10,texts_DIALOGS,"As you wish, my lady.",LIANDRIS
STR_INGAME_DIALOGS_PIG_CAVE_23,texts_INGAME_DIALOGS,HELP!,
STR_INGAME_DIALOGS_PIG_CAVE_23_2,texts_INGAME_DIALOGS,"Aim at the wall, hotshot.",
STR_INGAME_DIALOGS_PIG_CAVE_23_3,texts_INGAME_DIALOGS,"Finish off <color=IMP>all</color> of those bugs, please!",
STR_INGAME_DIALOGS_PIG_CAVE_23_4,texts_INGAME_DIALOGS,My arms are going numb. Would you mind letting me down now?,
STR_INGAME_DIALOGS_FREE_SOLDIER_1,texts_INGAME_DIALOGS,STR_INGAME_DIALOGS_FREE_SOLDIER_1,
STR_INGAME_DIALOGS_FREE_SOLDIER_2,texts_INGAME_DIALOGS,STR_INGAME_DIALOGS_FREE_SOLDIER_2,
STR_INGAME_DIALOGS_FREE_SOLDIER_3,texts_INGAME_DIALOGS,STR_INGAME_DIALOGS_FREE_SOLDIER_3,
STR_INGAME_DIALOGS_FREE_SOLDIER_4,texts_INGAME_DIALOGS,STR_INGAME_DIALOGS_FREE_SOLDIER_4,
STR_INGAME_DIALOGS_SIGN_PLAINS_1_1,texts_INGAME_DIALOGS,"WEST – Sibuna Desert
EAST – Spider Lair",
STR_INGAME_DIALOGS_SOLDIER1_PLAINS_1_1,texts_INGAME_DIALOGS,"This place don't seem so different from the fields back home, does it?",
STR_INGAME_DIALOGS_SOLDIER2_PLAINS_1_1,texts_INGAME_DIALOGS,"We've got no way of reachin' General Brigard. We've started to 'ave a look at the perimeter, but I'd much rather've been in his regiment, that's for certain.",
STR_INGAME_DIALOGS_SOLDIER1_CAVE4_1_1,texts_INGAME_DIALOGS,Hahaah! They've just saved us from being buried alive in one cave and we've ended up in another.,
STR_INGAME_DIALOGS_SOLDIER2_CAVE4_1_1,texts_INGAME_DIALOGS,I can't believe we've ended up 'ere. What'll happen to Zarga with half its army gone?,
STR_INGAME_DIALOGS_SOLDIER2_CAVE4_1_2,texts_INGAME_DIALOGS,Nasty lookin' place... We 'sposed to start our grand mission somewhere as creepy as 'ere?,
STR_INGAME_DIALOGS_SOLDIER3_CAVE4_1_1,texts_INGAME_DIALOGS,"If we ain't dead, why've we ended up 'ere? That Valkyrie was talkin' about some power or something like that, right?",
STR_INGAME_DIALOGS_GRUPER_CAVE4_1_1,texts_INGAME_DIALOGS,There are already several groups of soldiers exploring this cave.,
STR_INGAME_DIALOGS_MAKEREL_CAVE4_1_1,texts_INGAME_DIALOGS,We're getting ready to inspect this area.,
STR_INGAME_DIALOGS_SOLDIER4_CAVE4_1_1,texts_INGAME_DIALOGS,This statue thingy makes me all strong again. You feel it too?,
STR_INGAME_DIALOGS_GRUPER_CAVE4_2_1,texts_INGAME_DIALOGS,"If they don't come back in one piece, I don't know if I'll be able to sleep again.",
STR_INGAME_DIALOGS_GRUPER_CAVE4_2_2,texts_INGAME_DIALOGS,At least the supplies are safe.,
STR_INGAME_DIALOGS_MAKEREL_CAVE4_2_1,texts_INGAME_DIALOGS,I hope you can bring them back safe and sound.,
STR_INGAME_DIALOGS_MAKEREL_CAVE4_2_2,texts_INGAME_DIALOGS,I think spending so long in here is starting to get to me. I could've sworn I heard a pig in the distance.,
STR_INGAME_NOTE_SINKA,texts_INGAME_DIALOGS,"Too slow. I'll take this. I'm sure someone would pay a pretty penny to light up their display case with this green glow.

-Sinka-",
STR_INGAME_NOTE_FIREORB,texts_INGAME_DIALOGS,"I don't think we can expand our domain into the depths of this mountain. So much heat cannot be good for our beloved spiders. Nevertheless, our expedition has come across a seemingly rare artifact. We still do not know its value, but it has become the most prized piece in our collection of treasures.",
STR_INGAME_NOTE_DISPENSER,texts_INGAME_DIALOGS,"Greetings. If you're reading this, you've probably run out of ammo for your bombs and have been looking under rocks for a while. That's all over. I have enabled a series of dispensers so that you can get my merchandise whenever and however you want. Not for free, of course, I have a family to feed. It doesn't come cheap, either. You don't know how risky it is going back for your tip.

-Balof-",
STR_INGAME_NOTE_COMPUTER_1,texts_INGAME_DIALOGS,"Report 1

We find ourselves quite far from home, but it seems that we have reached a habitable planet full of interesting life to be discovered. I do hope we haven't been too hasty in our decision. I believe we have found the perfect creature. We call it, the “Blink”.

Blinks are elusive and managing to capture several of them has been quite the feat. Fortunately, all of their insight is reduced to zero when sleeping in packs. The main reason for my choice is their ability to move from location to location from one moment to the next. I have never seen anything so fast in the history of Kortia's games.

We have enough specimens. Tomorrow we will embark on our return trip. I'm simply dying to present the committee with our candidates. It's a shame we cannot take part this year, but it will be most interesting to see what strategies the other modules employ in an attempt to capture them.",
STR_INGAME_NOTE_COMPUTER_2,texts_INGAME_DIALOGS,"Report 2

What sort of cruel nightmare is this? A few days ago, we descended through Kortia's atmosphere. We were home. However, no one was there to welcome us back. During our absence, our world was devastated by minuscule creatures that, somehow, made all forms of life on our homeworld disappear.

After confirming that no survivors were left, we followed some suspicious beings that we came across upon our arrival, and which registered on our radar systems.

Could something like that eradicate an entire planet? We Croma will never accept this joke of a fate. There will be time to cry for our loved ones later. Our hunt has a new face, and it begins now.",
STR_INGAME_NOTE_COMPUTER_3,texts_INGAME_DIALOGS,"Report 3

We have managed to track down the creature and have been able to observe it more closely. It appears to be a type of insect, yet enormous in size. It is difficult to follow, moving at great speed and capable of traversing space with ease. What is it looking for? What is it doing? Does a being such as this really need an entire planet to feed? I must capture it and discover what drives it.

Whatever it is, we have followed it to a new planet that has caught our attention. After seeing so many worlds, I am quite sure that this one gives out a different aura than the rest. In any case, we are here for revenge. The being is on the surface. Now is our chance to go down there and face it directly. Should we fail, other worlds will meet the same fate as our own.

Our transporters are ready. Once we reach a suitable altitude, we will launch them at the surface, descend and begin our hunt. We have travelled across the entire galaxy to get here. We will not let this opportunity pass us by. There will be no more reports until be have the head of that monster on our trophy table.",
STR_INGAME_DIALOGS_SINKA_CAVE4_1_1,texts_INGAME_DIALOGS,Stop him! Don't let him hurt them!,
STR_INGAME_DIALOGS_SINKA_CAVE4_2_1,texts_INGAME_DIALOGS,Stop worrying about us. I can take care of this. Go.,
STR_INGAME_DIALOGS_MAKEREL_CAVE4_3_1,texts_INGAME_DIALOGS,Let's try to find out what just happened.,
STR_INGAME_DIALOGS_GRUPER_CAVE4_3_1,texts_INGAME_DIALOGS,What on earth happened to him?,
STR_INGAME_DIALOGS_MAKEREL_CAVE4_4_1,texts_INGAME_DIALOGS,We trust you to free the rest!,
STR_INGAME_DIALOGS_GRUPER_CAVE4_4_1,texts_INGAME_DIALOGS,That door ahead gives me the creeps.,
STR_INGAME_DIALOGS_GRUPER_CAVE4_SCREAM,texts_INGAME_DIALOGS,Aaah!!!,
STR_INGAME_DIALOGS_BRIGARD_FOREST1_SCREAM,texts_INGAME_DIALOGS,For Zarga!!!,
STR_INGAME_DIALOGS_PLAINS2_11_D1_SKRIBLES_1,texts_INGAME_DIALOGS,I can't quite make out this path..._300_ This other one leads to...,SKRIBLES
STR_INGAME_DIALOGS_PLAINS2_11_D2_SKRIBLES_1,texts_INGAME_DIALOGS,Here's a hill... and this is... a tree?,SKRIBLES
STR_INGAME_DIALOGS_PLAINS2_11_D3_SKRIBLES_1,texts_INGAME_DIALOGS,"If I don't mark this river on the map, will people fall in?_300_ I would definitely fall in...",SKRIBLES
STR_INGAME_DIALOGS_SINKA_CAVE4_3_1,texts_INGAME_DIALOGS,"From your expression, I'd hazard a guess that you've already found all the gems, but I would wipe that smile off my face if I were you.",
STR_INGAME_DIALOGS_SINKA_CAVE4_3_2,texts_INGAME_DIALOGS,"Look closely. Doesn't that door make your hairs stand on end?_100_ You seem so carefree about this, it makes me nervous.",
STR_INGAME_DIALOGS_SOLDIER1_PLAINS2_1_1,texts_INGAME_DIALOGS,Looks like the regiment inspecting the western cave's finally started to come out.,
STR_INGAME_DIALOGS_SOLDIER1_PLAINS2_1_2,texts_INGAME_DIALOGS,I wouldn't 'ave gone in there for anything in the world.,
STR_INGAME_DIALOGS_SOLDIER1_PLAINS2_1_3,texts_INGAME_DIALOGS,Gimme a break. You'd 'ave gone wherever you were ordered...,
STR_INGAME_DIALOGS_SOLDIER1_PLAINS2_1_4,texts_INGAME_DIALOGS,"Ah, 'spose. Who am I ladding? They find what we were looking for?",
STR_INGAME_DIALOGS_SOLDIER1_PLAINS2_1_5,texts_INGAME_DIALOGS,"Not ""what"", but ""who"". Some kind of God on earth. But there were only monsters.",
STR_INGAME_DIALOGS_SOLDIER1_PLAINS2_1_6,texts_INGAME_DIALOGS,Wow... Wonder what it looks like...,
STR_INGAME_DIALOGS_ADAMONT_1_PLAINS_5,texts_INGAME_DIALOGS,Last one there goes hungry tonight!,
STR_INGAME_DIALOGS_NOMADTHIEF_1,texts_INGAME_DIALOGS,STR_INGAME_DIALOGS_NOMADTHIEF_1,
STR_INGAME_DIALOGS_NOMADTHIEF_2,texts_INGAME_DIALOGS,STR_INGAME_DIALOGS_NOMADTHIEF_2,
STR_INGAME_DIALOGS_CROMATICDOOR_NOSPHERES,texts_INGAME_DIALOGS,There's a strange mechanism attached to the door.,
STR_INGAME_DIALOGS_ADAMONT_COMBATBLOCK_1,texts_INGAME_DIALOGS,Aaah!!!,
STR_INGAME_DIALOGS_ADAMONT_COMBATBLOCK_2,texts_INGAME_DIALOGS,That all you've got? Ya crusty cockroach!,
STR_INGAME_DIALOGS_ADAMONT_COMBATBLOCK_3,texts_INGAME_DIALOGS,Aargh!!! I'll make a new shield outta your shell once I'm done with you!,
STR_INGAME_DIALOGS_ADAMONT_COMBATBLOCK_4,texts_INGAME_DIALOGS,"Stay close, lad!!!",
STR_INGAME_DIALOGS_ADAMONT_COMBATBLOCK_5,texts_INGAME_DIALOGS,Is that the best you can do?!,
STR_INGAME_DIALOGS_PYRAMID_TRAPPEDIRONCLAD_1_1,texts_INGAME_DIALOGS,"Captain Adamont is too impulsive. Still, we'll follow him to the end.",
STR_INGAME_DIALOGS_PYRAMID_TRAPPEDIRONCLAD_2_1,texts_INGAME_DIALOGS,We never leave anyone behind.,
STR_INGAME_DIALOGS_PYRAMID_TRAPPEDIRONCLAD_3_1,texts_INGAME_DIALOGS,"When I think about how we're going to have to cross that desert again, it doesn't seem that bad here. At least it has a solid floor.",
STR_INGAME_DIALOGS_PYRAMID_TRAPPEDIRONCLAD_4_1,texts_INGAME_DIALOGS,This world is insane.,
STR_INGAME_DIALOGS_PYRAMID_TRAPPEDIRONCLAD_5_1,texts_INGAME_DIALOGS,You should enlist with our regiment. Things never get boring with Adamont as captain.,
STR_INGAME_DIALOGS_PYRAMID_ADAMONT_LEAVE,texts_INGAME_DIALOGS,Let's go!!!,
STR_INGAME_DIALOGS_PYRAMID_ADAMONT_RECUE_ME,texts_INGAME_DIALOGS,"Ey, lad! Get me out of here before you shoot off!",
STR_INGAME_DIALOGS_ADAMONT_1_PYRAMID_4,texts_INGAME_DIALOGS,"Brigard wouldn't send any old soldier. What are you thinking? Take a good look at this cell, from top to bottom. There's got to be something we've missed.",
STR_INGAME_DIALOGS_ADAMONT_1_PYRAMID_22,texts_INGAME_DIALOGS,Careful now... It still seems strange to me that they've left this sorta relic here unattended.,
STR_INGAME_DIALOGS_BALOF_INTRO_AC,texts_INGAME_DIALOGS,First-class material.,
STR_INGAME_DIALOGS_BALOF_OUTRO_AC,texts_INGAME_DIALOGS,Come back whenever you want!,
STR_INGAME_DIALOGS_SCRIBLES_INTRO_AC,texts_INGAME_DIALOGS,Take a look at my maps!,
STR_INGAME_DIALOGS_SCRIBLES_OUTRO_AC,texts_INGAME_DIALOGS,"If you get lost, it's because you want to!",
STR_INGAME_DIALOGS_GARTUA_INTRO_PRES,texts_INGAME_DIALOGS,"Sorry, we're not open today.",
STR_INGAME_DIALOGS_GARTUA_INTRO_AC,texts_INGAME_DIALOGS,I just hit my finger!,
STR_INGAME_DIALOGS_GARTUA_OUTRO_AC,texts_INGAME_DIALOGS,I have work to do!,
STR_INGAME_DIALOGS_EDIL_COMBAT_1,texts_INGAME_DIALOGS,I'm ready!,
STR_INGAME_DIALOGS_EDIL_COMBAT_2,texts_INGAME_DIALOGS,You're no match for us!,
STR_INGAME_DIALOGS_EDIL_COMBAT_3,texts_INGAME_DIALOGS,You've got the wrong city!,
STR_INGAME_DIALOGS_PLAINS3_RESCUE_D1_SOLDIER_1,texts_INGAME_DIALOGS,Aaah!,SOLDIER
STR_INGAME_DIALOGS_PLAINS3_RESCUE_D1_EUDER_1,texts_INGAME_DIALOGS,There's no time! Jump on!,EUDER
STR_INGAME_DIALOGS_AC_CROMAMINION_1_1,texts_INGAME_DIALOGS,I'm a little busy. Do you mind?,
STR_INGAME_DIALOGS_AC_CROMAMINION_2_1,texts_INGAME_DIALOGS,...,
STR_INGAME_DIALOGS_AC_CROMAMINION_3_1,texts_INGAME_DIALOGS,...,
STR_INGAME_DIALOGS_AC_CROMACHIEF_1,texts_INGAME_DIALOGS,We don't have time to deal with Humans.,
STR_INGAME_DIALOGS_AP_CROMAMINION_1_1,texts_INGAME_DIALOGS,I see that the commander has brought you the orb.,
STR_INGAME_DIALOGS_AP_CROMAMINION_1_2,texts_INGAME_DIALOGS,"You can learn a lot from observing. We know we could count on you, little man.",
STR_INGAME_DIALOGS_AP_CROMAMINION_2_1,texts_INGAME_DIALOGS,You must know someone in the city who is capable of doing it.,
STR_INGAME_DIALOGS_AP_CROMAMINION_2_2,texts_INGAME_DIALOGS,We are not particularly... adept... at dealing with small people.,
STR_INGAME_DIALOGS_AP_CROMAMINION_3_1,texts_INGAME_DIALOGS,"The Commander made great efforts in asking you for help, don't think it was easy for him.",
STR_INGAME_DIALOGS_AP_JIVAN_HOUSE_DOOR_1_1,texts_INGAME_DIALOGS,Best net to disturb him right now...,
STR_INGAME_DIALOGS_MAF_CROMAMINION_2_1,texts_INGAME_DIALOGS,"Do not worry, I will protect the beacon. The last thing we need is more intruders getting inside.",
STR_INGAME_DIALOGS_AAF_CROMAMINION_1_1,texts_INGAME_DIALOGS,Many thanks.,
STR_INGAME_DIALOGS_AAF_CROMAMINION_2_1,texts_INGAME_DIALOGS,Thank you.,
STR_INGAME_DIALOGS_AAF_CROMAMINION_3_1,texts_INGAME_DIALOGS,Thank you.,
STR_INGAME_DIALOGS_AC_TOWN_GUARDIAN_WEST_1_1,texts_INGAME_DIALOGS,Welcome to Hafin.,
STR_INGAME_DIALOGS_AP_DADELM_DESERTER_1_1,texts_INGAME_DIALOGS,"Hey, hey! Lower that sword!",
STR_INGAME_DIALOGS_AP_DADELM_DESERTER_1_2,texts_INGAME_DIALOGS,Not all of us are crazy enough to carry on following Galath.,
STR_INGAME_DIALOGS_AC_TOWN_KID_LEFT_1_1,texts_INGAME_DIALOGS,This is so much fun!,
STR_INGAME_DIALOGS_AC_BALOF_JUNIOR_1_1,texts_INGAME_DIALOGS,Woohoo!,
STR_INGAME_DIALOGS_AC_TOWN_KID_RIGHT_1_1,texts_INGAME_DIALOGS,So cool!,
STR_INGAME_DIALOGS_AC_WINDRY_1_1,texts_INGAME_DIALOGS,Are you the soldier my husband talks so much about?,
STR_INGAME_DIALOGS_AC_WINDRY_1_2,texts_INGAME_DIALOGS,I hope my husband isn't getting you into trouble.,
STR_INGAME_DIALOGS_AC_WINDRY_1_3,texts_INGAME_DIALOGS,"He just can't stay still and always gets into trouble, you know?",
STR_INGAME_DIALOGS_AC_MARQUISE_1_1,texts_INGAME_DIALOGS,I hate your wars. The city is always full of soldiers.,
STR_INGAME_DIALOGS_AC_MARQUISE_1_2,texts_INGAME_DIALOGS,"Try to behave, okay?",
STR_INGAME_DIALOGS_AC_BEGGAR_1_1,texts_INGAME_DIALOGS,"The afterlife can be hard, too...",
STR_INGAME_DIALOGS_AC_BEGGAR_1_2,texts_INGAME_DIALOGS,Anything you carry will do for me.,
STR_INGAME_DIALOGS_AC_TOWN_BLAB_MAN_1_1,texts_INGAME_DIALOGS,You can find the best vegetables in Hafin at this market.,
STR_INGAME_DIALOGS_AC_TOWN_FAT_WOMAN_1_1,texts_INGAME_DIALOGS,I just can't make up my mind.,
STR_INGAME_DIALOGS_AC_TOWN_SLIM_MAN_1_1,texts_INGAME_DIALOGS,Can we go now?,
STR_INGAME_DIALOGS_AC_GARDENER_1_1,texts_INGAME_DIALOGS,This city is so crowded lately! It's like a garden full of flowers.,
STR_INGAME_DIALOGS_AC_FARMER_1_1,texts_INGAME_DIALOGS,"If you'd like to be my assistant, give me a hand with this. Otherwise, don't distract me.",
STR_INGAME_DIALOGS_AC_SCHOLAR_1_1,texts_INGAME_DIALOGS,There's almost too much information in there.,
STR_INGAME_DIALOGS_AC_SCHOLAR_1_2,texts_INGAME_DIALOGS,I have to step out every now and then to clear my mind and gather my strength before going back inside.,
STR_INGAME_DIALOGS_AC_TOWN_WIZARD_1_1,texts_INGAME_DIALOGS,I wonder when Captain Sirfiel plans to get out of there.,
STR_INGAME_DIALOGS_AC_TOWN_WIZARD_1_2,texts_INGAME_DIALOGS,Just because I'm a sorcerer doesn't mean I'm interested in all those stories.,
STR_INGAME_DIALOGS_AC_TOWN_NUN_1_1,texts_INGAME_DIALOGS,That cannon is an insult to the Gods.,
STR_INGAME_DIALOGS_AC_TOWN_NUN_1_2,texts_INGAME_DIALOGS,No one should question the grace we have been blessed with.,
STR_INGAME_DIALOGS_AC_TOWN_GUARDIAN_EAST_1_1,texts_INGAME_DIALOGS,Try not to stray too far. No one knows for sure what dangers lurk outside Hafin.,
STR_INGAME_DIALOGS_AC_JAPAN_ELF_1_1,texts_INGAME_DIALOGS,What to do with all the time in the world...?,
STR_INGAME_DIALOGS_AC_FAUNO_1_1,texts_INGAME_DIALOGS,The eternal city... I've made it at last.,
STR_INGAME_DIALOGS_AP_CROMAMINION_3_4,texts_INGAME_DIALOGS,Human.,
STR_INGAME_DIALOGS_AF_CROMAMINION_3_1,texts_INGAME_DIALOGS,Horse.,
STR_INGAME_DIALOGS_SIGN_PLAINS_3_1,texts_INGAME_DIALOGS,"WEST – Hafin
EAST – Hel Swamp",
STR_INGAME_DIALOGS_SIGN_PLAINS_2_6,texts_INGAME_DIALOGS,WEST – Tempes Mines,
STR_INGAME_DIALOGS_TOMBSTONE_FIRETEMPLE_8_1,texts_INGAME_DIALOGS,“In light and dark our path doth go. Your fate is met with stars aglow.”,
STR_INGAME_DIALOGS_AC_WELCOME_BALOF_1_1,texts_INGAME_DIALOGS,I'll have it ready for next week.,
STR_INGAME_DIALOGS_AC_WELCOME_BALOF_2_1,texts_INGAME_DIALOGS,You'll recognise it!,
STR_INGAME_DIALOGS_AF_CROMAMINION_4_1,texts_INGAME_DIALOGS,Electric orb.,
STR_INGAME_DIALOGS_PLAINS3_EUDER_1_1,texts_INGAME_DIALOGS,Aaah!!!,
STR_INGAME_DIALOGS_AAF_GARTUA_1_1,texts_INGAME_DIALOGS,"Would you hurry up, please?!",
STR_INGAME_DIALOGS_SL_WL_13_STEP1,texts_INGAME_DIALOGS,"Don't worry, I'll handle the door.",
STR_INGAME_DIALOGS_SL_WL_13_STEP2,texts_INGAME_DIALOGS,After you.,
STR_INGAME_DIALOGS_SL_WL_13_STEP3,texts_INGAME_DIALOGS,Clumsy?! Get them!,
STR_INGAME_DIALOGS_SL_WL_13_STEP4,texts_INGAME_DIALOGS,I'll deal with that door.,
STR_INGAME_DIALOGS_SL_WL_13_STEP5,texts_INGAME_DIALOGS,Come here.,
STR_INGAME_DIALOGS_SL_WL_13_STEP6,texts_INGAME_DIALOGS,There has to be something we can use to open this door.,
STR_INGAME_DIALOGS_SL_WL_13_STEP7,texts_INGAME_DIALOGS,"Come here, I'll open the door for you.",
STR_INGAME_DIALOGS_SL_WL_13_STEP8,texts_INGAME_DIALOGS,Wind!!!,
STR_INGAME_DIALOGS_SL_WL_13_STEP9,texts_INGAME_DIALOGS,Press the button.,
STR_INGAME_DIALOGS_SL_WL_14_STEP1,texts_INGAME_DIALOGS,I need you to open the way for me.,
STR_INGAME_DIALOGS_SL_WL_14_STEP2,texts_INGAME_DIALOGS,Good work!,
STR_INGAME_DIALOGS_SL_WL_14_STEP3,texts_INGAME_DIALOGS,Come over to the door.,
STR_INGAME_DIALOGS_SL_WL_14_STEP4,texts_INGAME_DIALOGS,It has to be around here somewhere...,
STR_INGAME_DIALOGS_SL_WL_14_STEP5,texts_INGAME_DIALOGS,Done. After you.,
STR_INGAME_DIALOGS_SL_WL_14_STEP6,texts_INGAME_DIALOGS,I hate those prawns...,
STR_INGAME_DIALOGS_SL_WL_14_STEP7,texts_INGAME_DIALOGS,Use that button.,
STR_INGAME_DIALOGS_SL_WL_14_STEP8,texts_INGAME_DIALOGS,Come over to the door.,
STR_INGAME_DIALOGS_SL_WL_14_STEP9,texts_INGAME_DIALOGS,Wind!!!,
STR_INGAME_DIALOGS_SW_02_BALOF_1,texts_INGAME_DIALOGS,You need to hit the switch.,
STR_INGAME_DIALOGS_TOWN_AC_MAKEREL_1,texts_INGAME_DIALOGS,Ruuun!,
STR_INGAME_DIALOGS_TOWN_UNDERBRIDGE_AC_BAYDRAL_1_1,texts_INGAME_DIALOGS,Litres per cubic metre...,
STR_INGAME_DIALOGS_TOWN_UNDERBRIDGE_AC_BAYDRAL_1_2,texts_INGAME_DIALOGS,Total dam capacity...,
STR_INGAME_DIALOGS_TOWN_UNDERBRIDGE_AC_BAYDRAL_1_3,texts_INGAME_DIALOGS,Structural mapping...,
STR_INGAME_DIALOGS_TOWN_UNDERBRIDGE_AP_BAYDRAL_1_1,texts_INGAME_DIALOGS,Tunnel diameter...,
STR_INGAME_DIALOGS_TOWN_UNDERBRIDGE_AP_BAYDRAL_1_2,texts_INGAME_DIALOGS,Environmental humidification...,
STR_INGAME_DIALOGS_TOWN_UNDERBRIDGE_AP_BAYDRAL_1_3,texts_INGAME_DIALOGS,Probability of success...,
STR_INGAME_DIALOGS_DC_MIRROR_COMMON_1_1,texts_INGAME_DIALOGS,"The mirror reflects not the outside, but that which resides within.",
STR_INGAME_DIALOGS_DC_MIRROR_DARK_LANCE_1_1,texts_INGAME_DIALOGS,Isn't it incredible... what we can do in this place...?,
STR_INGAME_DIALOGS_DC_MIRROR_DARK_AXE_1_1,texts_INGAME_DIALOGS,"You adapt... You have that instinct, just as we do...",
STR_INGAME_DIALOGS_DC_MIRROR_DARK_CLAW_1_1,texts_INGAME_DIALOGS,Was it you... or me...?,
STR_INGAME_DIALOGS_DC_MIRROR_DARK_WHIP_1_1,texts_INGAME_DIALOGS,If you hadn't been so meddling... I wasn't going to let you go alone...,
STR_INGAME_DIALOGS_DC_MIRROR_DARK_RAZOR_1_5,texts_INGAME_DIALOGS,Did it really have to end like this...?,
STR_INGAME_DIALOGS_DC_CHALICEOFFATE_1_1,texts_INGAME_DIALOGS,"You will not find your path within this flame, it does not belong to you.",
STR_INGAME_DIALOGS_DC_CHALICEOFFATE_1_2,texts_INGAME_DIALOGS,Face yourself and find the flame that will reveal your fate.,
STR_INGAME_DIALOGS_DC_CHALICEOFFATE_1_3,texts_INGAME_DIALOGS,"Your flame is as clear as your determination. Go forth, adventurer.",
STR_INGAME_DIALOGS_SIGN_FOREST_1_1,texts_INGAME_DIALOGS,Hafin Dam this way,
STR_INGAME_DIALOGS_REDMINERAL_EXAMINE,texts_INGAME_DIALOGS,The remains of the Dark Warrior's axe,
STR_INGAME_DIALOGS_AC_FINSE_HOUSE_DOOR_1_1,texts_INGAME_DIALOGS,It's closed,
STR_INGAME_DIALOGS_SIGN_GARDENCLOSED_1_1,texts_INGAME_DIALOGS,Closed for lunch,
STR_INGAME_DIALOGS_BACKCRYSTAL_SLOTS_EMPTY_1_1,texts_INGAME_DIALOGS,It won't work without space crystals,
STR_INGAME_DIALOGS_SOLDIER3_PLAINS_1_1,texts_INGAME_DIALOGS,"Hmmm... I can do it, it's not that high.",
STR_INGAME_DIALOGS_SOLDIER4_PLAINS_1_1,texts_INGAME_DIALOGS,Better plan your jumps if you don't want to fall down 'ere like me. Takin' a leap right at the last second might just do it.,
STR_INGAME_DIALOGS_SOLDIER5_PLAINS_1_1,texts_INGAME_DIALOGS,The drop from these platforms doesn't seem too steep. Shouldn't be hard to climb up and down 'em.,
STR_INGAME_DIALOGS_SOLDIER6_PLAINS_1_1,texts_INGAME_DIALOGS,"Climbing down, jumpin', blockin'... What's all this then? Some sorta testin' ground?",
STR_INGAME_NOTE_BRIGARD_DIARY,texts_INGAME_DIALOGS,"Day 12.

This world challenges the foundations each and every one of our religions is based on, and not just that: Our way of looking at life will never be the same again.
Was it the will of the Gods that brought us here? If true, then I reject it. If I must choose between them and my kingdom, I will accept any punishment they deem fit for me.
Riva... How I long to see you again and tell you everything about the great beyond.

Day 26.

I haven't stopped searching for the reason why we were so snatched away taken from our lives in Zarga. I've thought of a thousand theories but, at the end of it all, I always come back to the same point.
Arkzel isn't here with us. Perhaps it's a little too soon to point fingers at a friend.
May the Gods forgive me if my dark suspicions eclipse my confidence.

Day 33.

Being infected by that parasite has changed me, there is no doubt about it.
The feeling of suffocation gives way to defeat and submission. It plays with you, leaving you lucid one moment and in a blind fog the next, manipulating your actions and thoughts. There's a strange sensation of power. It awakens abilities in you that you didn't even think were possible and exploits your potential. Experiencing that has made me go back to thinking about Arkzel again. If that parasite brought out that much power in me... What could it do to someone like him? Was the earthquake just a coincidence? The more I think about it, the closer I get to believing it wasn't.
I hope you're alright, old friend.",
STR_INGAME_NOTE_FIRETEMPLE,texts_INGAME_DIALOGS,"If you've found this, my unknown friend, I want you to read my last words. I won't lie to you, they're out of desperation – the very same sensation you'll soon feel if you venture further into the darkness of this cave.

Such a bleak way to go. I've spent most of my second life trying to find a way to break into the mythical Fire Temple. Bewildered by these markings, I was far from noticing that countless creatures had closed in behind me and blocked my way out.

Once I realised my grave mistake, I ran faster and faster, and further and further inside. I've survived long enough to figure out that <color=CHA>these creatures are vulnerable when exposed to light</color>. However, when in the shadows, the darkness they've become so accustomed to over the years fuels their violent frenzy, rendering them an unstoppable threat.

This is my last torch. The blanket of light that protects me slowly fades while I watch the eyes around me, peering in eagerly, glowing more and more intensely, waiting for my flame's final sigh.

-Jonein.V-",
STR_INGAME_NOTE_DRAGONCASTLE,texts_INGAME_DIALOGS,"A thousand titans were struck down before Beigon had selected new protectors to test potential Einherjars. I do wonder how many dragons will have to perish before the Guardian relieves them of this macabre fate.

I understand that his motives are pure, but I only see cruelty in using the lives of these noble creature as a final test.
I am aware that the protector creature's purpose is to repel travellers, but it is quite clear that anyone who comes this far is unlikely to turn back in a hurry.
Tomorrow I shall set out on a long journey in search of creatures more deserving of serving in this manner. Such is my pact with Beigon. They shall be strong and terrifying, as is his wish, but also contemptible enough that their lives will not be worth missing.

-The Beast Tamer-",
STR_INGAME_DIALOGS_NEED_MORE_CRYSTALS,texts_INGAME_DIALOGS,The reflections will stop without more Space Crystals.,
SIDE_DIALOG_UPGRADE_BEDS_1,texts_SIDE_DIALOGS,Is it weird that I want to jump on the bed?,
SIDE_DIALOG_UPGRADE_BEDS_2,texts_SIDE_DIALOGS,"I look at these beds, and I wish I was a professional sleeper!",
SIDE_DIALOG_UPGRADE_BEDS_3,texts_SIDE_DIALOGS,That's it! I'm going back to bed!,
SIDE_DIALOG_UPGRADE_CARPETS_1,texts_SIDE_DIALOGS,"Lovely carpets! Can I take one home, please?",
SIDE_DIALOG_UPGRADE_CARPETS_2,texts_SIDE_DIALOGS,"What does the carpet say to the floor? Don't worry, I've got you covered!",
SIDE_DIALOG_UPGRADE_CARPETS_3,texts_SIDE_DIALOGS,These carpets really bring the room together nicely!,
SIDE_DIALOG_UPGRADE_FURNITURE_1,texts_SIDE_DIALOGS,Beautiful furniture!,
SIDE_DIALOG_UPGRADE_FURNITURE_2,texts_SIDE_DIALOGS,The guests will love the new furniture!,
SIDE_DIALOG_UPGRADE_FURNITURE_3,texts_SIDE_DIALOGS,This furniture is exactly what we needed! Good job!,
SIDE_DIALOG_UPGRADE_PIANOS_1,texts_SIDE_DIALOGS,I wonder if we'll get any famous musicians on the ship someday...,
SIDE_DIALOG_UPGRADE_PIANOS_2,texts_SIDE_DIALOGS,I've always wanted to play the piano. Maybe I can sneak in and play for a while?,
SIDE_DIALOG_UPGRADE_PIANOS_3,texts_SIDE_DIALOGS,This has to be the prettiest piano I've ever seen!,
SIDE_DIALOG_UPGRADE_BATHROOM_1,texts_SIDE_DIALOGS,Nice bathroom design!,
SIDE_DIALOG_UPGRADE_BATHROOM_2,texts_SIDE_DIALOGS,It looks awesome!,
SIDE_DIALOG_UPGRADE_BATHROOM_3,texts_SIDE_DIALOGS,I like the bathroom's new look!,
SIDE_DIALOG_UPGRADE_WALL_1,texts_SIDE_DIALOGS,Wow! Amazing room design!,
SIDE_DIALOG_UPGRADE_WALL_2,texts_SIDE_DIALOGS,I like this room's makeover!,
SIDE_DIALOG_UPGRADE_WALL_3,texts_SIDE_DIALOGS,The new walls and the floor are such a good match!,
SIDE_DIALOG_UPGRADE_TV_1,texts_SIDE_DIALOGS,Cool TV! I love it!,
SIDE_DIALOG_UPGRADE_TV_2,texts_SIDE_DIALOGS,Makes me want to watch my favorite TV show!,
SIDE_DIALOG_UPGRADE_TV_3,texts_SIDE_DIALOGS,Wow! This is better than my TV!,
SIDE_DIALOG_UPGRADE_ROOM_JACUZZI_1,texts_SIDE_DIALOGS,Incredible hot tub!,
SIDE_DIALOG_UPGRADE_ROOM_JACUZZI_2,texts_SIDE_DIALOGS,I need to take a dip!,
SIDE_DIALOG_UPGRADE_ROOM_JACUZZI_3,texts_SIDE_DIALOGS,I love this hot tub!,
SIDE_DIALOG_UPGRADE_ROOM_PLANTS_1,texts_SIDE_DIALOGS,Lovely plants! They're perfect for this room!,
SIDE_DIALOG_UPGRADE_ROOM_PLANTS_2,texts_SIDE_DIALOGS,Great plants! I like them!,
SIDE_DIALOG_UPGRADE_ROOM_PLANTS_3,texts_SIDE_DIALOGS,Fantastic! These plants are perfect for this room.,
SIDE_DIALOG_UPGRADE_ROOM_DECKCHAIRS_1,texts_SIDE_DIALOGS,What a perfect design!,
SIDE_DIALOG_UPGRADE_ROOM_DECKCHAIRS_2,texts_SIDE_DIALOGS,I want to lie on these deck chairs forever!,
SIDE_DIALOG_UPGRADE_ROOM_DECKCHAIRS_3,texts_SIDE_DIALOGS,The chairs suit this balcony perfectly!,
SIDE_DIALOG_UPGRADE_ROOM_PARASOL_1,texts_SIDE_DIALOGS,The parasols look lovely!,
SIDE_DIALOG_UPGRADE_ROOM_PARASOL_2,texts_SIDE_DIALOGS,Perfect combination of deck chairs and parasols!,
SIDE_DIALOG_UPGRADE_ROOM_PARASOL_3,texts_SIDE_DIALOGS,I love this parasol design!,
SIDE_DIALOG_GENERIC_TV_1,texts_SIDE_DIALOGS,Wow! That's my favorite TV show!,
SIDE_DIALOG_GENERIC_TV_2,texts_SIDE_DIALOGS,"It's the ""Love Boat""  show! Great!",
SIDE_DIALOG_GENERIC_TV_3,texts_SIDE_DIALOGS,Lots of TV channels! Perfect!,
SIDE_DIALOG_GENERIC_SOFA_1,texts_SIDE_DIALOGS,This sofa is super comfortable!,
SIDE_DIALOG_GENERIC_SOFA_2,texts_SIDE_DIALOGS,This sofa looks perfect for a nap!,
SIDE_DIALOG_GENERIC_SOFA_3,texts_SIDE_DIALOGS,Cool sofa design! I like it!,
SIDE_DIALOG_GENERIC_RAIL_1,texts_SIDE_DIALOGS,The ocean looks so pretty...,
SIDE_DIALOG_GENERIC_RAIL_2,texts_SIDE_DIALOGS,This boat is wonderful!,
SIDE_DIALOG_GENERIC_RAIL_3,texts_SIDE_DIALOGS,I love sailing around the world!,
SIDE_DIALOG_CUSTOMIZE_BEDS_1,texts_SIDE_DIALOGS,These beds are perfect! Good choice!,
SIDE_DIALOG_CUSTOMIZE_BEDS_2,texts_SIDE_DIALOGS,Such lovely beds! The snuggle is real!,
SIDE_DIALOG_CUSTOMIZE_BEDS_3,texts_SIDE_DIALOGS,I want to slip into these bed…so bedly!,
SIDE_DIALOG_CUSTOMIZE_CARPETS_1,texts_SIDE_DIALOGS,Wonderful carpets! What a classy job!,
SIDE_DIALOG_CUSTOMIZE_CARPETS_2,texts_SIDE_DIALOGS,I love these carpets! So fluffy and nice!,
SIDE_DIALOG_CUSTOMIZE_CARPETS_3,texts_SIDE_DIALOGS,What a classy job!,
SIDE_DIALOG_CUSTOMIZE_FURNITURE_1,texts_SIDE_DIALOGS,Good choice with the furniture!,
SIDE_DIALOG_CUSTOMIZE_FURNITURE_2,texts_SIDE_DIALOGS,"With furniture like this, all I want to do is…stay home!",
SIDE_DIALOG_CUSTOMIZE_FURNITURE_3,texts_SIDE_DIALOGS,I want the interior designer's number!,
SIDE_DIALOG_CUSTOMIZE_PIANOS_1,texts_SIDE_DIALOGS,This piano is amazing!,
SIDE_DIALOG_CUSTOMIZE_PIANOS_2,texts_SIDE_DIALOGS,Good job with the piano! It's awesome!,
SIDE_DIALOG_CUSTOMIZE_PIANOS_3,texts_SIDE_DIALOGS,"Aww, I wish I'd continued with my piano lessons! I wasn't half bad!",
SIDE_DIALOG_CUSTOMIZE_BATHROOM_1,texts_SIDE_DIALOGS,Excellent decision! Great design!,
SIDE_DIALOG_CUSTOMIZE_BATHROOM_2,texts_SIDE_DIALOGS,Perfect for our guests!,
SIDE_DIALOG_CUSTOMIZE_BATHROOM_3,texts_SIDE_DIALOGS,Nice! You have great taste!,
SIDE_DIALOG_CUSTOMIZE_WALL_1,texts_SIDE_DIALOGS,Wow! This looks awesome!,
SIDE_DIALOG_CUSTOMIZE_WALL_2,texts_SIDE_DIALOGS,What a lovely room design!,
SIDE_DIALOG_CUSTOMIZE_WALL_3,texts_SIDE_DIALOGS,I love it! It's perfect!,
SIDE_DIALOG_CUSTOMIZE_TV_1,texts_SIDE_DIALOGS,The TV set looks really nice!,
SIDE_DIALOG_CUSTOMIZE_TV_2,texts_SIDE_DIALOGS,Perfect TV for a night in…,
SIDE_DIALOG_CUSTOMIZE_TV_3,texts_SIDE_DIALOGS,I have the same model in my home.,
SIDE_DIALOG_CUSTOMIZE_ROOM_JACUZZI_1,texts_SIDE_DIALOGS,"Oh, a hot tub! What a good idea!",
SIDE_DIALOG_CUSTOMIZE_ROOM_JACUZZI_2,texts_SIDE_DIALOGS,Wow! What an elegant design!,
SIDE_DIALOG_CUSTOMIZE_ROOM_JACUZZI_3,texts_SIDE_DIALOGS,What a cool hot tub to have in a room!,
SIDE_DIALOG_CUSTOMIZE_ROOM_PLANTS_1,texts_SIDE_DIALOGS,Good choice!,
SIDE_DIALOG_CUSTOMIZE_ROOM_PLANTS_2,texts_SIDE_DIALOGS,These plants really cozy up the place!,
SIDE_DIALOG_CUSTOMIZE_ROOM_PLANTS_3,texts_SIDE_DIALOGS,These plants bring a lot of zen!,
SIDE_DIALOG_CUSTOMIZE_ROOM_DECKCHAIRS_1,texts_SIDE_DIALOGS,Looks comfortable!,
SIDE_DIALOG_CUSTOMIZE_ROOM_DECKCHAIRS_2,texts_SIDE_DIALOGS,I love this design!,
SIDE_DIALOG_CUSTOMIZE_ROOM_DECKCHAIRS_3,texts_SIDE_DIALOGS,Exactly! These deck chairs are perfect!,
SIDE_DIALOG_CUSTOMIZE_ROOM_PARASOL_1,texts_SIDE_DIALOGS,Perfect parasols for this balcony!,
SIDE_DIALOG_CUSTOMIZE_ROOM_PARASOL_2,texts_SIDE_DIALOGS,Good choice! Great parasol design.,
SIDE_DIALOG_CUSTOMIZE_ROOM_PARASOL_3,texts_SIDE_DIALOGS,Looks fantastic on this balcony!,
SIDE_DIALOG_UPGRADE_HAMMOCKS_1,texts_SIDE_DIALOGS,These new hammocks are so swanky! Well done!,
SIDE_DIALOG_UPGRADE_HAMMOCKS_2,texts_SIDE_DIALOGS,Everyone's going to love the new hammocks!,
SIDE_DIALOG_UPGRADE_HAMMOCKS_3,texts_SIDE_DIALOGS,These new hammocks are exactly what we needed! Well done!,
SIDE_DIALOG_UPGRADE_UMBRELLAS_1,texts_SIDE_DIALOGS,These new umbrellas are as pretty as a peacock!,
SIDE_DIALOG_UPGRADE_UMBRELLAS_2,texts_SIDE_DIALOGS,What comes up when the rain comes down? An umbrella! Ha!,
SIDE_DIALOG_UPGRADE_UMBRELLAS_3,texts_SIDE_DIALOGS,These umbrellas really make this area of the ship shine!,
SIDE_DIALOG_UPGRADE_PLANTS_1,texts_SIDE_DIALOGS,I love the new jungle feel!,
SIDE_DIALOG_UPGRADE_PLANTS_2,texts_SIDE_DIALOGS,These plants bring some extra life to the ship. I love it!,
SIDE_DIALOG_UPGRADE_PLANTS_3,texts_SIDE_DIALOGS,I think I'll just plant myself close to these plants!,
CH3_Pool_Floor_01,texts_SIDE_DIALOGS,Such a nice floor! It sparkles like a diamond!,
CH3_Pool_Floor_02,texts_SIDE_DIALOGS,"Oh, has the floor just been polished?",
CH3_Pool_Floor_03,texts_SIDE_DIALOGS,This floor sparkles like sea glass!,
CH3_DeckChairs_Right_01,texts_SIDE_DIALOGS,These chairs look real comfy!,
CH3_DeckChairs_Right_02,texts_SIDE_DIALOGS,Why don't I just take a seat?,
CH3_DeckChairs_Right_03,texts_SIDE_DIALOGS,"Oh, I might read a book in one of these chairs later on…",
CH3_DeckChairs_Left_01,texts_SIDE_DIALOGS,Lovely chairs!,
CH3_DeckChairs_Left_02,texts_SIDE_DIALOGS,"Ah, these chairs really make me want to lay back and relax!",
CH3_DeckChairs_Left_03,texts_SIDE_DIALOGS,"Oh, that's the perfect sunbathing spot!",
CH3_Minibar_01,texts_SIDE_DIALOGS,"Ah, I could really go for a fresh drink!",
CH3_Minibar_02,texts_SIDE_DIALOGS,"Hmm, so many drinks to choose from!",
CH3_Minibar_03,texts_SIDE_DIALOGS,Drinks by the pool! Sounds like a plan to me!,
CH3_Minibar_Full_01,texts_SIDE_DIALOGS,"Oh, wow, this pool bar looks amazing!",
CH3_Minibar_Full_02,texts_SIDE_DIALOGS,A sunny day and an ice tea! This is perfect!,
CH3_Minibar_Full_03,texts_SIDE_DIALOGS,They really did a good job with this pool bar!,
CH3_Jacuzzi_01,texts_SIDE_DIALOGS,"Oh, a hot tub! Awesome!",
CH3_Jacuzzi_02,texts_SIDE_DIALOGS,I can't wait to get into the hot tub!,
CH3_Jacuzzi_03,texts_SIDE_DIALOGS,"I never say ""no"" to a hot tub!",
CH3_Kids_Pool_01,texts_SIDE_DIALOGS,What a cute little kids' pool!,
CH3_Kids_Pool_02,texts_SIDE_DIALOGS,A kiddie pool! I should fetch the little ones!,
CH3_Kids_Pool_03,texts_SIDE_DIALOGS,Wish I was young enough to jump in the kids' pool!,
CH3_DJ_Area_01,texts_SIDE_DIALOGS,"Oh, will we have music soon?",
CH3_DJ_Area_02,texts_SIDE_DIALOGS,What a fancy DJ set!,
CH3_DJ_Area_03,texts_SIDE_DIALOGS,I can't wait to have some music!,
CH3_DJ_Party_01,texts_SIDE_DIALOGS,Woohoo! Let's party!,
CH3_DJ_Party_02,texts_SIDE_DIALOGS,I love this song!,
CH3_DJ_Party_03,texts_SIDE_DIALOGS,"What a cool DJ set! Great music, too!",
CH3_Final_Show_01,texts_SIDE_DIALOGS,What's going on here? Is the show going to start soon?,
CH3_Final_Show_02,texts_SIDE_DIALOGS,I heard The Three Mermaids will be doing a show here! Exciting!,
CH3_Final_Show_03,texts_SIDE_DIALOGS,When does the show start? I can't wait!,
CH3_Edge_Pool_01,texts_SIDE_DIALOGS,This pool is fantastic!,
CH3_Edge_Pool_02,texts_SIDE_DIALOGS,The water temperature is just how I like it!,
CH3_Edge_Pool_03,texts_SIDE_DIALOGS,It's so relaxing...,
CH3_Lounge_Sofa_01,texts_SIDE_DIALOGS,Wow! Great sofas!,
CH3_Lounge_Sofa_02,texts_SIDE_DIALOGS,Good decision! Cool lounge area!,
CH3_Lounge_Sofa_03,texts_SIDE_DIALOGS,Fantastic! It's much better now!,
Ch3_Pool_Image_01,texts_SIDE_DIALOGS,What a pretty bottom pool image!,
Ch3_Pool_Image_02,texts_SIDE_DIALOGS,I love the new bottom pool image!,
Ch3_Pool_Image_03,texts_SIDE_DIALOGS,Great decision! I like this pattern!,
Ch3_Waterslide_01,texts_SIDE_DIALOGS,Wow! Awesome waterslide!,
Ch3_Waterslide_02,texts_SIDE_DIALOGS,Wow! Excellent design.,
Ch3_Waterslide_03,texts_SIDE_DIALOGS,Best design ever!,
Ch3_Trampoline_01,texts_SIDE_DIALOGS,Cool diving board design!,
Ch3_Trampoline_02,texts_SIDE_DIALOGS,I like it! Looks nice!,
Ch3_Trampoline_03,texts_SIDE_DIALOGS,This is perfect for our swimming pool!,
Ch3_SideDialogues_Trampoline_01,texts_SIDE_DIALOGS,I love the diving board!,
Ch3_SideDialogues_Trampoline_02,texts_SIDE_DIALOGS,I want to try this diving board! Looks awesome!,
Ch3_SideDialogues_Trampoline_03,texts_SIDE_DIALOGS,Amazing diving board!,
SIDE_DIALOG_CUSTOMIZE_HAMMOCKS_1,texts_SIDE_DIALOGS,These deck chairs look much better! Excellent choice!,
SIDE_DIALOG_CUSTOMIZE_HAMMOCKS_2,texts_SIDE_DIALOGS,Nice deck chairs! You really have exquisite taste!,
SIDE_DIALOG_CUSTOMIZE_HAMMOCKS_3,texts_SIDE_DIALOGS,I wish I could spend some time lying on those beautiful deck chairs! Well done!,
SIDE_DIALOG_CUSTOMIZE_UMBRELLAS_1,texts_SIDE_DIALOGS,These umbrellas are lovely! Fantastic job!,
SIDE_DIALOG_CUSTOMIZE_UMBRELLAS_2,texts_SIDE_DIALOGS,I love the colors of these umbrellas! So me!,
SIDE_DIALOG_CUSTOMIZE_UMBRELLAS_3,texts_SIDE_DIALOGS,These umbrellas are just begging me to take a nap outdoors!,
SIDE_DIALOG_CUSTOMIZE_PLANTS_1,texts_SIDE_DIALOGS,I love these plants! So pretty!,
SIDE_DIALOG_CUSTOMIZE_PLANTS_2,texts_SIDE_DIALOGS,Some plants like these would look great in my garden!,
SIDE_DIALOG_CUSTOMIZE_PLANTS_3,texts_SIDE_DIALOGS,I could spend hours just relaxing by the greenery!,
CH1_PAINT_01,texts_SIDE_DIALOGS,Great design! I like it!,
CH1_PAINT_02,texts_SIDE_DIALOGS,The boat looks so refreshingly bright!,
CH1_PAINT_03,texts_SIDE_DIALOGS,"Yes, this is perfect for a new beginning!",
Rest_bar_01,texts_SIDE_DIALOGS,"Can I have a cocktail, please?",
Rest_bar_02,texts_SIDE_DIALOGS,I love this cruise. It's amazing!,
Rest_bar_03,texts_SIDE_DIALOGS,I just found my newest hobby: relaxing by the bar !,
Rest_cook_01,texts_SIDE_DIALOGS,I love the food!,
Rest_cook_02,texts_SIDE_DIALOGS,Mmmm... Delicious...,
Rest_cook_03,texts_SIDE_DIALOGS,Do you have pizza?,
GYM_01,texts_SIDE_DIALOGS,Attention! Exercizing causes health and happiness!,
GYM_02,texts_SIDE_DIALOGS,I'm happy there's a gym on the liner!,
GYM_03,texts_SIDE_DIALOGS,"91, 92, 93... Phew! This is hard.",
CH1_CREW_TEXT_01,texts_SIDE_DIALOGS,I can't believe we're finally doing this!,
CH1_CREW_TEXT_02,texts_SIDE_DIALOGS,You can't keep a sea wolf on land for too long!,
CH1_CREW_TEXT_03,texts_SIDE_DIALOGS,I can't wait to see where this adventure takes us!,
CH1_CREW_TEXT_04,texts_SIDE_DIALOGS,"Boy, did I miss this boat!",
CH1_CREW_TEXT_05,texts_SIDE_DIALOGS,This reminds me of the good old times...,
CH1_CREW_TEXT_06,texts_SIDE_DIALOGS,"I'm so happy to be sailing again! Big adventure, here we come!",
CH1_CREW_TEXT_07,texts_SIDE_DIALOGS,I remember the first time I set foot on this deck...,
CH1_CREW_TEXT_08,texts_SIDE_DIALOGS,"A cruise around the world, anyone?",
CH1_CREW_TEXT_09,texts_SIDE_DIALOGS,"This reminds me of ""The Old Man and The Sea."" But hey, I'm not that old now, am I?",
CH1_CREW_TEXT_10,texts_SIDE_DIALOGS,"Off to the unexplored seas, my friends!",
CH2_CREW_TEXT_00,texts_SIDE_DIALOGS,"Rome, the eternal city... I can't wait to explore your seven hills!",
CH2_CREW_TEXT_01,texts_SIDE_DIALOGS,"Life is a cabaret, old chum. Come to the cabaret!",
CH2_CREW_TEXT_02,texts_SIDE_DIALOGS,"Ella... you're so ""bella""! Oh, I'm such a Roman poet, aren't I?",
CH2_CREW_TEXT_03,texts_SIDE_DIALOGS,"It's good to be back cruising on the ""Love Boat""!",
CH2_CREW_TEXT_04,texts_SIDE_DIALOGS,I've found my fair lady. Ella... you put the spark back in my heart!,
CH2_CREW_TEXT_05,texts_SIDE_DIALOGS,"If work isn't fun, you're not playing on the right team!",
CH2_CREW_TEXT_06,texts_SIDE_DIALOGS,Can't wait to have real Italian ice cream in front of the Pantheon in Rome!,
CH2_CREW_TEXT_07,texts_SIDE_DIALOGS,"When in Rome, do as the Romans do! Duly noted, so I will...",
CH2_CREW_TEXT_08,texts_SIDE_DIALOGS,Rough waters make tough sailors! Let your dreams set sail...,
CH2_CREW_TEXT_09,texts_SIDE_DIALOGS,"At sea, I learned how little a person needs, not how much... and all we need is love.",
CH3_CREW_TEXT_01,texts_SIDE_DIALOGS,"My my, how exciting to have real mermaids on board!",
CH3_CREW_TEXT_02,texts_SIDE_DIALOGS,"I like the Three Mermaids -- they're kind of funny and nice. Don't you, #username#?",
CH3_CREW_TEXT_03,texts_SIDE_DIALOGS,Looking forward to the Mermaids' show today!,
CH3_CREW_TEXT_04,texts_SIDE_DIALOGS,"I can't wait to arrive in Nassau! Bahamas, here we come!",
CH3_CREW_TEXT_05,texts_SIDE_DIALOGS,How long till we get to the Bahamas already?,
CH3_CREW_TEXT_06,texts_SIDE_DIALOGS,I heard the Guava Duffs in the Bahamas are spectacular! Can't wait to try them!,
CH3_CREW_TEXT_07,texts_SIDE_DIALOGS,"Want to join me for a ""Yellow Bird"" in Nassau, #username#? It's the locals' favorite drink!",
CH3_CREW_TEXT_08,texts_SIDE_DIALOGS,"It's so good to be back on the ""Love Boat""!",
CH3_CREW_TEXT_09,texts_SIDE_DIALOGS,"Traveling on our ""Love Boat"" is like one big family reunion!",
CH3_CREW_TEXT_10,texts_SIDE_DIALOGS,I've found a recipe for happiness! Love what you do and you'll do what you love!,
SIDE_DIALOG_WIN_MATCH3_HARDLY_1,texts_SIDE_DIALOGS,Whoa! That was close! Great job!,
SIDE_DIALOG_WIN_MATCH3_HARDLY_2,texts_SIDE_DIALOGS,Nice! I almost thought you wouldn't make it!,
SIDE_DIALOG_WIN_MATCH3_HARDLY_3,texts_SIDE_DIALOGS,That was nerve-wracking! Good job!,
SIDE_DIALOG_LOSE_MATCH3_1,texts_SIDE_DIALOGS,"Oh, well... You win some, you lose some.",
SIDE_DIALOG_LOSE_MATCH3_2,texts_SIDE_DIALOGS,Ah! That's a tough one.,
SIDE_DIALOG_LOSE_MATCH3_3,texts_SIDE_DIALOGS,Better luck next time!,
SIDE_DIALOG_LOSE_MATCH3_4,texts_SIDE_DIALOGS,Dang! I really thought you were going to win that one!,
SIDE_DIALOG_LOSE_MATCH3_5,texts_SIDE_DIALOGS,"Oh... so close, yet so far!",
SIDE_DIALOG_LOSE_MATCH3_6,texts_SIDE_DIALOGS,You can do it! I believe in you!,
SIDE_DIALOG_LOSE_MATCH3_7,texts_SIDE_DIALOGS,Don't give up!,
SIDE_DIALOG_WIN_1,texts_SIDE_DIALOGS,"Cracking job, sailor!",
SIDE_DIALOG_WIN_2,texts_SIDE_DIALOGS,You rock like a sea rock!,
SIDE_DIALOG_WIN_3,texts_SIDE_DIALOGS,Wow! That was one explosive finale right there!,
SIDE_DIALOG_WIN_4,texts_SIDE_DIALOGS,"Thank you, #username#! You did a smashing job!",
SIDE_DIALOG_WIN_5,texts_SIDE_DIALOGS,Did I mention I think you're amazing?,
SIDE_DIALOG_WIN_6,texts_SIDE_DIALOGS,"Oh boy, that #username# has mojo!",
SIDE_DIALOG_WIN_7,texts_SIDE_DIALOGS,"Infallibly done, #username#!",
SIDE_DIALOG_WIN_8,texts_SIDE_DIALOGS,"Thumbs up, my friend!",
SIDE_DIALOG_WIN_9,texts_SIDE_DIALOGS,"Kudos to you, #username#!",
SIDE_DIALOG_WIN_10,texts_SIDE_DIALOGS,"You do know how to scare them seagulls, don't you?",
SIDE_DIALOG_WIN_11,texts_SIDE_DIALOGS,Booya! Where did you learn to explode bombs like that?,
SIDE_DIALOG_WIN_12,texts_SIDE_DIALOGS,Three cheers for our brave #username#!,
SIDE_DIALOG_WIN_13,texts_SIDE_DIALOGS,"How did you get so good at this, #username#?",
SIDE_DIALOG_WIN_14,texts_SIDE_DIALOGS,Attaboy! That was one polished performance!,
SIDE_DIALOG_WIN_15,texts_SIDE_DIALOGS,"Fantastic job, #username#!",
SIDE_DIALOG_WIN_16,texts_SIDE_DIALOGS,"My, my, I'm impressed!",
SIDE_DIALOG_WIN_17,texts_SIDE_DIALOGS,This was one first-class performance!,
SIDE_DIALOG_WIN_18,texts_SIDE_DIALOGS,I take off my sailor's hat to someone like you!,
SIDE_DIALOG_WIN_19,texts_SIDE_DIALOGS,"Great to have you on the team, #username#!",
SIDE_DIALOG_WIN_20,texts_SIDE_DIALOGS,"I just cannot thank you enough, #username#!",
SIDE_DIALOG_WIN_21,texts_SIDE_DIALOGS,All right! That's just what the doctor ordered!,
SIDE_DIALOG_WIN_22,texts_SIDE_DIALOGS,Hooray! Let's hear it for #username#!,
SIDE_DIALOG_WIN_23,texts_SIDE_DIALOGS,"Professional as usual! You nailed it, #username#!",
SIDE_DIALOG_WIN_24,texts_SIDE_DIALOGS,Tremendous job! You deserve a pat on the back!,
