term,category,target_translation,handling_rule,spoiler_level,aliases,notes,updated_date
Estelle Bright,Personagem,,manter_original,none,Estelle,Protagonista. SRC-002/SRC-006.,2026-08-23
Joshua Bright,Personagem,,manter_original,none,Joshua,Deuteragonista. SRC-002.,2026-08-23
Scherazard Harvey,Personagem,,manter_original,none,Schera,Bracer senior "Silver Streak". Corpus usa majoritariamente "Schera". SRC-002/SRC-006.,2026-08-23
Olivier Lenheim,Personagem,,manter_original,none,Olivier,Musico viajante de Erebonia. SRC-002.,2026-08-23
Agate Crosner,Personagem,,manter_original,none,Agate,Bracer senior "Heavy Blade". SRC-002.,2026-08-23
Kloe Rinz,Personagem,,manter_original,none,Kloe,Estudante da Academia Real Jenis. SRC-002.,2026-08-23
Tita Russell,Personagem,,manter_original,none,Tita,Aprendiz na ZCF. SRC-002.,2026-08-23
Zin Vathek,Personagem,,manter_original,none,Zin,Bracer veterano de Calvard. SRC-002.,2026-08-23
Cassius Bright,Personagem,,manter_original,none,Cassius,Pai adotivo de Estelle/Joshua; comandante do Royal Army. SRC-006.,2026-08-23
Renne,Personagem,,manter_original,low,,"Backstory UNSOURCED alem da premissa (busca por ela ligada a Ouroboros) — tratar com cautela de spoiler. SRC-006.",2026-08-23
Anelace Elfead,Personagem,,manter_original,none,Anelace,Colega de treino de Estelle. SRC-006.,2026-08-23
Kevin Graham,Personagem,,manter_original,none,Kevin,Sacerdote viajante da Septian Church. SRC-002/SRC-006.,2026-08-23
Liberl,Local,,manter_original,none,,Reino onde se passa a historia. SRC-002/SRC-006.,2026-08-23
Rolent,Local,,manter_original,none,,Regiao/cidade de Liberl. SRC-006.,2026-08-23
Bose,Local,,manter_original,none,,Regiao/cidade de Liberl. SRC-006.,2026-08-23
Ruan,Local,,manter_original,none,,Regiao/cidade de Liberl. SRC-006.,2026-08-23
Zeiss,Local,,manter_original,none,,Regiao/cidade de Liberl (ZCF). SRC-006.,2026-08-23
Grancel,Local,,manter_original,none,,Capital de Liberl. SRC-006.,2026-08-23
Bracer Guild,Facção,Guilda dos Bracers,traduzir,none,,"CONFIRMADO pelo usuario em 2026-08-23. ""Bracer"" mantido como termo tecnico do universo. SRC-006.",2026-08-23
Royal Army of Liberl,Facção,Exército Real de Liberl,traduzir,none,,CONFIRMADO pelo usuario em 2026-08-23. SRC-006.,2026-08-23
Ouroboros,Facção,,manter_original,low,,Nome proprio de organizacao secreta; natureza/membros UNSOURCED (fora da fronteira de spoiler). SRC-006.,2026-08-23
Aidios,Conceito,,manter_original,none,,Nome proprio de divindade. SRC-006.,2026-08-23
Goddess,Conceito,Deusa,traduzir,none,,"Termo comum referindo-se a Aidios na maioria dos casos (nao confirmado linha a linha) — traducao direta, sem ambiguidade esperada.",2026-08-23
Leonhardt,Personagem,,manter_original,low,Loewe,"Enforcer II da Ouroboros ""Bladelord""; usa o apelido ""Loewe"" no corpus. Vinculo Loewe=Leonhardt quarentenado — ver spoiler_ledger.json (loewe_leonhardt). SRC-004/SRC-007.",2026-08-23
Campanella,Personagem,,manter_original,low,,"Enforcer 0 da Ouroboros. SRC-004.",2026-08-23
Aina Holden,Personagem,,manter_original,none,Aina,Recepcionista da Bracer Guild em Rolent. SRC-005.,2026-08-23
Jean,Personagem,,manter_original,none,,Recepcionista da Bracer Guild em Ruan. SRC-005.,2026-08-23
Elnan,Personagem,,manter_original,none,,Recepcionista da Bracer Guild em Grancel. SRC-005.,2026-08-23
Josette Capua,Personagem,,manter_original,low,,Ligada aos Sky Bandits. SRC-003.,2026-08-23
Mueller Vander,Personagem,,manter_original,low,,Major do Exercito Imperial de Erebonia. SRC-003.,2026-08-23
Julia Schwarz,Personagem,,manter_original,low,,Capitã do exercito de Liberl. SRC-003.,2026-08-23
Georg Weissmann,Personagem,,manter_original,low,,"Sacerdote herege, mastermind da Ouroboros. Papel real quarentenado — ver spoiler_ledger.json (weissmann_gospel_plan). SRC-007.",2026-08-23
Aureole,Conceito,,manter_original,low,,"Artefato ancestral buscado pela Ouroboros. Natureza/localizacao completa quarentenada — ver spoiler_ledger.json. SRC-007.",2026-08-23
Return to title,UI,Voltar ao título,traduzir,none,,"Opção de menu (game over / pausa). scena/system.dat.",2026-08-23
Return to Game,UI,Voltar ao jogo,traduzir,none,,"Opção de menu de pausa. scena/system.dat.",2026-08-23
Go to the next chapter,UI,Ir para o próximo capítulo,traduzir,none,,"Prompt de transição de capítulo. scena/system.dat.",2026-08-23
Battle preparations,UI,Preparativos de batalha,traduzir,none,,"Rótulo de menu pré-batalha. scena/system.dat.",2026-08-23
Quartz menu,UI,menu de Quartz,traduzir,none,,"'Quartz' mantido original (ver termo Quartz). scena/system.dat.",2026-08-23
Orbment tab,UI,aba de Orbment,traduzir,none,,"'Orbment' mantido original (ver termo Orbment). scena/system.dat.",2026-08-23
Books tab,UI,aba de Livros,traduzir,none,,"INFERIDO — só aparece via referência contextual (""has been added to the Books tab!""), rótulo literal do menu ainda não confirmado em jogo. scena/system.dat.",2026-08-23
Bracer Notebook,UI,Caderneta de Bracer,traduzir,none,,"'Bracer' mantido original (ver Bracer Guild). scena/system.dat.",2026-08-23
Quartz,Mecânica,,manter_original,none,,"CONFIRMADO pelo usuário em 2026-08-23: termos de mecânica de jogo mantidos em inglês (mesma convenção de 'Bracer'). Cristal equipável no Orbment que concede Arts/atributos elementais.",2026-08-23
Orbment,Mecânica,,manter_original,none,,"CONFIRMADO 2026-08-23 (ver termo Quartz). Dispositivo mágico equipável dos personagens.",2026-08-23
Sepith,Mecânica,,manter_original,none,,"CONFIRMADO 2026-08-23 (ver termo Quartz). Material usado para sintetizar Quartz.",2026-08-23
Mira,Mecânica,,manter_original,none,,"CONFIRMADO 2026-08-23 (ver termo Quartz). Moeda do jogo — atenção: coincide com a palavra 'mira' em PT-BR (verbo mirar); checar ambiguidade caso a caso na tradução de frases.",2026-08-23
Art,Mecânica,,manter_original,none,Arts,"CONFIRMADO 2026-08-23 (ver termo Quartz). Magia/técnica conjurada via Orbment (ex.: ""attack art"", ""healing art""). RESOLVIDO 2026-08-23: catálogo completo (72 Arts + 117 Crafts/S-Crafts + 40 habilidades reativas) achado em pac/steam/table_en.pac -> table_en/t_skill.tbl, mesmo contêiner FPAC já suportado por fpac_unpack.py, texto ASCII/UTF-8 legível sem VM/bytecode. Ver table_schema.md RETOMADA #4. Cadastro individual concluído no mesmo dia: 226 linhas novas em glossary.csv (handling_rule manter_original, category Mecânica).",2026-08-23
HP,Mecânica,,manter_original,none,,"Abreviação de status (Hit Points), universalmente mantida em localizações PT-BR de RPG.",2026-08-23
EP,Mecânica,,manter_original,none,,"Abreviação de status (Energy Points, usado para conjurar Arts).",2026-08-23
CP,Mecânica,,manter_original,none,,"Abreviação de status (Craft/Combo Points, usado para Crafts em batalha).",2026-08-23
BP,Mecânica,,manter_original,none,,"Abreviação vista em 'BP increased by...' — significado exato não confirmado no corpus da demo; revisar se aparecer em contexto mais claro.",2026-08-23
Aina Cswy Monster,Missão,Monstro de Aina Cswy,traduzir,none,,"Título de missão de caça a monstro (bounty), local mantido em ingles (ver categoria Local). Tradução preliminar, sem ver o texto completo da missão ainda. scena/dialogs.csv.",2026-08-23
Amberl Tower Monster,Missão,Monstro de Amberl Tower,traduzir,none,,"Título de missão de caça a monstro (bounty), local mantido em ingles (ver categoria Local). Tradução preliminar, sem ver o texto completo da missão ainda. scena/dialogs.csv.",2026-08-23
Ansel Path Monster,Missão,Monstro de Ansel Path,traduzir,none,,"Título de missão de caça a monstro (bounty), local mantido em ingles (ver categoria Local). Tradução preliminar, sem ver o texto completo da missão ainda. scena/dialogs.csv.",2026-08-23
Elize Hwy Monster,Missão,Monstro de Elize Hwy,traduzir,none,,"Título de missão de caça a monstro (bounty), local mantido em ingles (ver categoria Local). Tradução preliminar, sem ver o texto completo da missão ainda. scena/dialogs.csv.",2026-08-23
Erbe Scenic Route Monster,Missão,Monstro de Erbe Scenic Route,traduzir,none,,"Título de missão de caça a monstro (bounty), local mantido em ingles (ver categoria Local). Tradução preliminar, sem ver o texto completo da missão ainda. scena/dialogs.csv.",2026-08-23
Esmelas Tower Monster,Missão,Monstro de Esmelas Tower,traduzir,none,,"Título de missão de caça a monstro (bounty), local mantido em ingles (ver categoria Local). Tradução preliminar, sem ver o texto completo da missão ainda. scena/dialogs.csv.",2026-08-23
Kaldia Tunnel Monster,Missão,Monstro de Kaldia Tunnel,traduzir,none,,"Título de missão de caça a monstro (bounty), local mantido em ingles (ver categoria Local). Tradução preliminar, sem ver o texto completo da missão ainda. scena/dialogs.csv.",2026-08-23
Kirsche Avenue Monster,Missão,Monstro de Kirsche Avenue,traduzir,none,,"Título de missão de caça a monstro (bounty), local mantido em ingles (ver categoria Local). Tradução preliminar, sem ver o texto completo da missão ainda. scena/dialogs.csv.",2026-08-23
Krone Pass Monster,Missão,Monstro de Krone Pass,traduzir,none,,"Título de missão de caça a monstro (bounty), local mantido em ingles (ver categoria Local). Tradução preliminar, sem ver o texto completo da missão ainda. scena/dialogs.csv.",2026-08-23
Manoria Byroad Monster,Missão,Monstro de Manoria Byroad,traduzir,none,,"Título de missão de caça a monstro (bounty), local mantido em ingles (ver categoria Local). Tradução preliminar, sem ver o texto completo da missão ainda. scena/dialogs.csv.",2026-08-23
Milch Main Road Monster,Missão,Monstro de Milch Main Road,traduzir,none,,"Título de missão de caça a monstro (bounty), local mantido em ingles (ver categoria Local). Tradução preliminar, sem ver o texto completo da missão ainda. scena/dialogs.csv.",2026-08-23
Milch Monster,Missão,Monstro de Milch,traduzir,none,,"Título de missão de caça a monstro (bounty), local mantido em ingles (ver categoria Local). Tradução preliminar, sem ver o texto completo da missão ainda. scena/dialogs.csv.",2026-08-23
Nebel Valley Monster,Missão,Monstro de Nebel Valley,traduzir,none,,"Título de missão de caça a monstro (bounty), local mantido em ingles (ver categoria Local). Tradução preliminar, sem ver o texto completo da missão ainda. scena/dialogs.csv.",2026-08-23
Ravennue Trail Monster,Missão,Monstro de Ravennue Trail,traduzir,none,,"Título de missão de caça a monstro (bounty), local mantido em ingles (ver categoria Local). Tradução preliminar, sem ver o texto completo da missão ainda. scena/dialogs.csv.",2026-08-23
Ritter Rdwy Monster,Missão,Monstro de Ritter Rdwy,traduzir,none,,"Título de missão de caça a monstro (bounty), local mantido em ingles (ver categoria Local). Tradução preliminar, sem ver o texto completo da missão ainda. scena/dialogs.csv.",2026-08-23
Sapphirl Tower Monster,Missão,Monstro de Sapphirl Tower,traduzir,none,,"Título de missão de caça a monstro (bounty), local mantido em ingles (ver categoria Local). Tradução preliminar, sem ver o texto completo da missão ainda. scena/dialogs.csv.",2026-08-23
Seaside Way Monster,Missão,Monstro de Seaside Way,traduzir,none,,"Título de missão de caça a monstro (bounty), local mantido em ingles (ver categoria Local). Tradução preliminar, sem ver o texto completo da missão ainda. scena/dialogs.csv.",2026-08-23
Sewer Monster,Missão,Monstro do Esgoto,traduzir,none,,"Título de missão de caça a monstro (bounty), local mantido em ingles (ver categoria Local). Tradução preliminar, sem ver o texto completo da missão ainda. scena/dialogs.csv.",2026-08-23
Sewer Monster 2,Missão,Monstro do Esgoto 2,traduzir,none,,"Título de missão de caça a monstro (bounty), local mantido em ingles (ver categoria Local). Tradução preliminar, sem ver o texto completo da missão ainda. scena/dialogs.csv.",2026-08-23
Soldat Army Rd Monster,Missão,Monstro de Soldat Army Rd,traduzir,none,,"Título de missão de caça a monstro (bounty), local mantido em ingles (ver categoria Local). Tradução preliminar, sem ver o texto completo da missão ainda. scena/dialogs.csv.",2026-08-23
Tratt Plains Monster,Missão,Monstro de Tratt Plains,traduzir,none,,"Título de missão de caça a monstro (bounty), local mantido em ingles (ver categoria Local). Tradução preliminar, sem ver o texto completo da missão ainda. scena/dialogs.csv.",2026-08-23
Tratt Plains Monster 2,Missão,Monstro de Tratt Plains 2,traduzir,none,,"Título de missão de caça a monstro (bounty), local mantido em ingles (ver categoria Local). Tradução preliminar, sem ver o texto completo da missão ainda. scena/dialogs.csv.",2026-08-23
Vista Forest Rd Monster,Missão,Monstro de Vista Forest Rd,traduzir,none,,"Título de missão de caça a monstro (bounty), local mantido em ingles (ver categoria Local). Tradução preliminar, sem ver o texto completo da missão ainda. scena/dialogs.csv.",2026-08-23
Academy Attack,Missão,Assalto à Academia,traduzir,none,,Título de missão com jogo de palavras no original; aliteração A/A preservada. TRADUÇÃO PRELIMINAR só do título — revisar ao traduzir o conteúdo completo da missão. scena/dialogs.csv.,2026-08-23
Ambassador's Assignment,Missão,Tarefa do Embaixador,traduzir,none,,Título de missão com jogo de palavras no original; aliteração original perdida. TRADUÇÃO PRELIMINAR só do título — revisar ao traduzir o conteúdo completo da missão. scena/dialogs.csv.,2026-08-23
Betrothal Band Bandit,Missão,O Ladrão da Aliança,traduzir,none,,Título de missão com jogo de palavras no original; aliteração B/B/B perdida; 'band' = aliança de noivado. TRADUÇÃO PRELIMINAR só do título — revisar ao traduzir o conteúdo completo da missão. scena/dialogs.csv.,2026-08-23
Businesswoman's Bodyguard,Missão,Guarda-costas da Empresária,traduzir,none,,Título de missão com jogo de palavras no original; aliteração original perdida. TRADUÇÃO PRELIMINAR só do título — revisar ao traduzir o conteúdo completo da missão. scena/dialogs.csv.,2026-08-23
Commission Caper,Missão,Confusão da Comissão,traduzir,none,,Título de missão com jogo de palavras no original; aliteração C/C preservada. TRADUÇÃO PRELIMINAR só do título — revisar ao traduzir o conteúdo completo da missão. scena/dialogs.csv.,2026-08-23
Dabbling with Diaset,Missão,Deleite com Diaset,traduzir,none,,"Título de missão com jogo de palavras no original; aliteração D/D preservada; 'Diaset' termo do universo, manter_original. TRADUÇÃO PRELIMINAR só do título — revisar ao traduzir o conteúdo completo da missão. scena/dialogs.csv.",2026-08-23
Damsel Disappearance,Missão,Desaparecimento da Donzela,traduzir,none,,Título de missão com jogo de palavras no original; aliteração D/D preservada. TRADUÇÃO PRELIMINAR só do título — revisar ao traduzir o conteúdo completo da missão. scena/dialogs.csv.,2026-08-23
Delicacy Delivery,Missão,Distribuição de Delícias,traduzir,none,,Título de missão com jogo de palavras no original; aliteração D/D preservada. TRADUÇÃO PRELIMINAR só do título — revisar ao traduzir o conteúdo completo da missão. scena/dialogs.csv.,2026-08-23
Distant Days,Missão,Dias Distantes,traduzir,none,,Título de missão com jogo de palavras no original; aliteração D/D preservada. TRADUÇÃO PRELIMINAR só do título — revisar ao traduzir o conteúdo completo da missão. scena/dialogs.csv.,2026-08-23
Drawbridge Defect,Missão,Defeito na Ponte Levadiça,traduzir,none,,Título de missão com jogo de palavras no original; aliteração original perdida. TRADUÇÃO PRELIMINAR só do título — revisar ao traduzir o conteúdo completo da missão. scena/dialogs.csv.,2026-08-23
Drill Duty,Missão,Treino Obrigatório,traduzir,none,,Título de missão com jogo de palavras no original; aliteração original perdida. TRADUÇÃO PRELIMINAR só do título — revisar ao traduzir o conteúdo completo da missão. scena/dialogs.csv.,2026-08-23
Election Office Outrage,Missão,Escândalo no Escritório Eleitoral,traduzir,none,,Título de missão com jogo de palavras no original; aliteração E/E preservada. TRADUÇÃO PRELIMINAR só do título — revisar ao traduzir o conteúdo completo da missão. scena/dialogs.csv.,2026-08-23
Exhibit Enigma,Missão,Enigma da Exibição,traduzir,none,,Título de missão com jogo de palavras no original; aliteração E/E preservada. TRADUÇÃO PRELIMINAR só do título — revisar ao traduzir o conteúdo completo da missão. scena/dialogs.csv.,2026-08-23
Find That Feline!,Missão,Encontre Aquele Felino!,traduzir,none,,Título de missão com jogo de palavras no original; aliteração F parcialmente preservada. TRADUÇÃO PRELIMINAR só do título — revisar ao traduzir o conteúdo completo da missão. scena/dialogs.csv.,2026-08-23
Firearm Field Test,Missão,Teste de Campo da Arma de Fogo,traduzir,none,,Título de missão com jogo de palavras no original; aliteração original perdida. TRADUÇÃO PRELIMINAR só do título — revisar ao traduzir o conteúdo completo da missão. scena/dialogs.csv.,2026-08-23
Fishing Spot Scout,Missão,Sondando o Ponto de Pesca,traduzir,none,,Título de missão com jogo de palavras no original; aliteração original perdida. TRADUÇÃO PRELIMINAR só do título — revisar ao traduzir o conteúdo completo da missão. scena/dialogs.csv.,2026-08-23
Guest Gone Missing,Missão,Hóspede Desaparecido,traduzir,none,,Título de missão com jogo de palavras no original; aliteração original perdida. TRADUÇÃO PRELIMINAR só do título — revisar ao traduzir o conteúdo completo da missão. scena/dialogs.csv.,2026-08-23
Hot Springs Salvation,Missão,Salvação das Águas Termais,traduzir,none,,Título de missão com jogo de palavras no original; sem aliteração no original tambem. TRADUÇÃO PRELIMINAR só do título — revisar ao traduzir o conteúdo completo da missão. scena/dialogs.csv.,2026-08-23
Ingredient Inquiry,Missão,Investigação dos Ingredientes,traduzir,none,,Título de missão com jogo de palavras no original; aliteração I/I preservada. TRADUÇÃO PRELIMINAR só do título — revisar ao traduzir o conteúdo completo da missão. scena/dialogs.csv.,2026-08-23
Lighthouse Learning,Missão,Lições do Farol,traduzir,none,,Título de missão com jogo de palavras no original; aliteração L parcialmente preservada. TRADUÇÃO PRELIMINAR só do título — revisar ao traduzir o conteúdo completo da missão. scena/dialogs.csv.,2026-08-23
Lugran's Lifeline,Missão,A Salvação de Lugran,traduzir,none,,"Título de missão com jogo de palavras no original; aliteração original perdida; 'Lugran' topônimo, manter_original. TRADUÇÃO PRELIMINAR só do título — revisar ao traduzir o conteúdo completo da missão. scena/dialogs.csv.",2026-08-23
Mine Mop Up,Missão,Missão de Limpeza na Mina,traduzir,none,,Título de missão com jogo de palavras no original; aliteração M parcialmente preservada. TRADUÇÃO PRELIMINAR só do título — revisar ao traduzir o conteúdo completo da missão. scena/dialogs.csv.,2026-08-23
Miners' Mayday,Missão,S.O.S. dos Mineiros,traduzir,none,,Título de missão com jogo de palavras no original; aliteração trocada por sigla de socorro universalmente reconhecida. TRADUÇÃO PRELIMINAR só do título — revisar ao traduzir o conteúdo completo da missão. scena/dialogs.csv.,2026-08-23
Piscine Pilferer,Missão,O Pilantra dos Peixes,traduzir,none,,Título de missão com jogo de palavras no original; aliteração P/P preservada. TRADUÇÃO PRELIMINAR só do título — revisar ao traduzir o conteúdo completo da missão. scena/dialogs.csv.,2026-08-23
Probe for Parts,Missão,Procura por Peças,traduzir,none,,Título de missão com jogo de palavras no original; aliteração P/P preservada. TRADUÇÃO PRELIMINAR só do título — revisar ao traduzir o conteúdo completo da missão. scena/dialogs.csv.,2026-08-23
Recipe Reminiscence,Missão,Relembrando a Receita,traduzir,none,,Título de missão com jogo de palavras no original; aliteração R/R preservada. TRADUÇÃO PRELIMINAR só do título — revisar ao traduzir o conteúdo completo da missão. scena/dialogs.csv.,2026-08-23
Sapphirl Snapshot,Missão,Retrato de Sapphirl,traduzir,none,,"Título de missão com jogo de palavras no original; aliteração original perdida; 'Sapphirl' topônimo, manter_original. TRADUÇÃO PRELIMINAR só do título — revisar ao traduzir o conteúdo completo da missão. scena/dialogs.csv.",2026-08-23
Stolen Sign,Missão,Placa Roubada,traduzir,none,,Título de missão com jogo de palavras no original; aliteração original perdida. TRADUÇÃO PRELIMINAR só do título — revisar ao traduzir o conteúdo completo da missão. scena/dialogs.csv.,2026-08-23
Sunday Scholar,Missão,O Sábio de Domingo,traduzir,none,,Título de missão com jogo de palavras no original; aliteração S parcialmente preservada. TRADUÇÃO PRELIMINAR só do título — revisar ao traduzir o conteúdo completo da missão. scena/dialogs.csv.,2026-08-23
Vanquish the Voyeurs,Missão,Vença os Voyeurs,traduzir,none,,Título de missão com jogo de palavras no original; aliteração V/V preservada; 'Voyeurs' já e emprestimo do frances/ingles usado em PT. TRADUÇÃO PRELIMINAR só do título — revisar ao traduzir o conteúdo completo da missão. scena/dialogs.csv.,2026-08-23
Winners Wanted,Missão,Procuram-se Vencedores,traduzir,none,,Título de missão com jogo de palavras no original; aliteração original perdida. TRADUÇÃO PRELIMINAR só do título — revisar ao traduzir o conteúdo completo da missão. scena/dialogs.csv.,2026-08-23
Aqua Bleed,Mecânica,,manter_original,none,,"Nome de Art (técnica/magia) confirmado no corpus via tag <I##><C#>Nome</C>. attack art (Julia). Ver termo Art. Catálogo completo de Arts/Crafts NÃO extraível do dialogs.csv atual — nomes de habilidades provavelmente ficam em outra tabela binária ainda não mapeada pelo conector (pendencia de RE, nao de glossario). scena/system.dat, scena/mp6010_01.dat.",2026-08-23
Air Strike,Mecânica,,manter_original,none,,"Nome de Art (técnica/magia) confirmado no corpus via tag <I##><C#>Nome</C>. attack art (Kloe). Ver termo Art. Catálogo completo de Arts/Crafts NÃO extraível do dialogs.csv atual — nomes de habilidades provavelmente ficam em outra tabela binária ainda não mapeada pelo conector (pendencia de RE, nao de glossario). scena/system.dat, scena/mp6010_01.dat.",2026-08-23
Tear,Mecânica,,manter_original,none,,"Nome de Art (técnica/magia) confirmado no corpus via tag <I##><C#>Nome</C>. healing art. Ver termo Art. Catálogo completo de Arts/Crafts NÃO extraível do dialogs.csv atual — nomes de habilidades provavelmente ficam em outra tabela binária ainda não mapeada pelo conector (pendencia de RE, nao de glossario). scena/system.dat, scena/mp6010_01.dat.",2026-08-23
Stone Hammer,Mecânica,,manter_original,none,,"Nome de Art (magia/tecnica) confirmado em pac/steam/table_en.pac -> table_en/t_skill.tbl. Elemento: Earth. Descricao original traduzida para referencia: ""Esmaga o inimigo derrubando uma grande pedra sobre ele."" Ver termo Art.",2026-08-23
Earth Lance,Mecânica,,manter_original,none,,"Nome de Art (magia/tecnica) confirmado em pac/steam/table_en.pac -> table_en/t_skill.tbl. Elemento: Earth. Descricao original traduzida para referencia: ""Faz laminas de rocha mortais brotarem do chao."" Ver termo Art.",2026-08-23
Petrify Breath,Mecânica,,manter_original,none,,"Nome de Art (magia/tecnica) confirmado em pac/steam/table_en.pac -> table_en/t_skill.tbl. Elemento: Earth. Descricao original traduzida para referencia: ""Libera um miasma nocivo."" Ver termo Art.",2026-08-23
Stone Impact,Mecânica,,manter_original,none,,"Nome de Art (magia/tecnica) confirmado em pac/steam/table_en.pac -> table_en/t_skill.tbl. Elemento: Earth. Descricao original traduzida para referencia: ""Esmaga o inimigo derrubando um pedregulho gigante sobre ele."" Ver termo Art.",2026-08-23
Titanic Roar,Mecânica,,manter_original,none,,"Nome de Art (magia/tecnica) confirmado em pac/steam/table_en.pac -> table_en/t_skill.tbl. Elemento: Earth. Descricao original traduzida para referencia: ""Arte devastadora que causa tremores numa area limitada."" Ver termo Art.",2026-08-23
Earth Guard,Mecânica,,manter_original,none,,"Nome de Art (magia/tecnica) confirmado em pac/steam/table_en.pac -> table_en/t_skill.tbl. Elemento: Earth. Descricao original traduzida para referencia: ""Cria um escudo de terra que anula uma quantidade fixa de dano."" Ver termo Art.",2026-08-23
Earth Wall,Mecânica,,manter_original,none,,"Nome de Art (magia/tecnica) confirmado em pac/steam/table_en.pac -> table_en/t_skill.tbl. Elemento: Earth. Descricao original traduzida para referencia: ""Forma uma muralha de terra que bloqueia completamente um ataque."" Ver termo Art.",2026-08-23
Crest,Mecânica,,manter_original,none,,"Nome de Art (magia/tecnica) confirmado em pac/steam/table_en.pac -> table_en/t_skill.tbl. Elemento: Earth. Descricao original traduzida para referencia: ""Concede a protecao da terra e restaura HP gradualmente."" Ver termo Art.",2026-08-23
Petrify Cloud,Mecânica,,manter_original,none,,"Nome de Art (magia/tecnica) confirmado em pac/steam/table_en.pac -> table_en/t_skill.tbl. Elemento: Earth. Descricao original traduzida para referencia: ""Libera um miasma nocivo em maior escala."" Ver termo Art.",2026-08-23
Atlas Hammer,Mecânica,,manter_original,none,,"Nome de Art (magia/tecnica) confirmado em pac/steam/table_en.pac -> table_en/t_skill.tbl. Elemento: Earth. Descricao original traduzida para referencia: ""Reune rochas proximas numa massa enorme e a arremessa contra o chao."" Ver termo Art.",2026-08-23
Geo Catastrophe,Mecânica,,manter_original,none,,"Nome de Art (magia/tecnica) confirmado em pac/steam/table_en.pac -> table_en/t_skill.tbl. Elemento: Earth. Descricao original traduzida para referencia: ""Usa o magma para provocar tremores localizados."" Ver termo Art.",2026-08-23
La Crest,Mecânica,,manter_original,none,,"Nome de Art (magia/tecnica) confirmado em pac/steam/table_en.pac -> table_en/t_skill.tbl. Elemento: Earth. Descricao original traduzida para referencia: ""Concede aos aliados proximos a protecao e a forca vital da terra."" Ver termo Art.",2026-08-23
Gaia Shield,Mecânica,,manter_original,none,,"Nome de Art (magia/tecnica) confirmado em pac/steam/table_en.pac -> table_en/t_skill.tbl. Elemento: Earth. Descricao original traduzida para referencia: ""Cria um escudo de terra que reflete um ataque fisico."" Ver termo Art.",2026-08-23
Blue Impact,Mecânica,,manter_original,none,,"Nome de Art (magia/tecnica) confirmado em pac/steam/table_en.pac -> table_en/t_skill.tbl. Elemento: Water. Descricao original traduzida para referencia: ""Corta o inimigo com uma explosao de agua pressurizada."" Ver termo Art.",2026-08-23
Diamond Dust,Mecânica,,manter_original,none,,"Nome de Art (magia/tecnica) confirmado em pac/steam/table_en.pac -> table_en/t_skill.tbl. Elemento: Water. Descricao original traduzida para referencia: ""Congela o inimigo com ventos gelidos."" Ver termo Art.",2026-08-23
Teara,Mecânica,,manter_original,none,,"Nome de Art (magia/tecnica) confirmado em pac/steam/table_en.pac -> table_en/t_skill.tbl. Elemento: Water. Descricao original traduzida para referencia: ""Cura moderadamente o HP de um aliado com agua restauradora."" Ver termo Art.",2026-08-23
Tearal,Mecânica,,manter_original,none,,"Nome de Art (magia/tecnica) confirmado em pac/steam/table_en.pac -> table_en/t_skill.tbl. Elemento: Water. Descricao original traduzida para referencia: ""Cura muito o HP de um aliado com agua restauradora."" Ver termo Art.",2026-08-23
La Tear,Mecânica,,manter_original,none,,"Nome de Art (magia/tecnica) confirmado em pac/steam/table_en.pac -> table_en/t_skill.tbl. Elemento: Water. Descricao original traduzida para referencia: ""Cura levemente o HP dos aliados na area com agua restauradora."" Ver termo Art.",2026-08-23
La Teara,Mecânica,,manter_original,none,,"Nome de Art (magia/tecnica) confirmado em pac/steam/table_en.pac -> table_en/t_skill.tbl. Elemento: Water. Descricao original traduzida para referencia: ""Cura moderadamente o HP dos aliados na area com agua restauradora."" Ver termo Art.",2026-08-23
Curia,Mecânica,,manter_original,none,,"Nome de Art (magia/tecnica) confirmado em pac/steam/table_en.pac -> table_en/t_skill.tbl. Elemento: Water. Descricao original traduzida para referencia: ""Remove debuffs de um aliado usando agua purificadora."" Ver termo Art.",2026-08-23
La Curia,Mecânica,,manter_original,none,,"Nome de Art (magia/tecnica) confirmado em pac/steam/table_en.pac -> table_en/t_skill.tbl. Elemento: Water. Descricao original traduzida para referencia: ""Remove debuffs dos aliados na area usando agua purificadora."" Ver termo Art.",2026-08-23
Blue Ascension,Mecânica,,manter_original,none,,"Nome de Art (magia/tecnica) confirmado em pac/steam/table_en.pac -> table_en/t_skill.tbl. Elemento: Water. Descricao original traduzida para referencia: ""Detona uma massa condensada de agua numa explosao enorme."" Ver termo Art.",2026-08-23
Cocytus,Mecânica,,manter_original,none,,"Nome de Art (magia/tecnica) confirmado em pac/steam/table_en.pac -> table_en/t_skill.tbl. Elemento: Water. Descricao original traduzida para referencia: ""Invoca um imponente pilar de agua em forma de geiser."" Ver termo Art.",2026-08-23
La Tearal,Mecânica,,manter_original,none,,"Nome de Art (magia/tecnica) confirmado em pac/steam/table_en.pac -> table_en/t_skill.tbl. Elemento: Water. Descricao original traduzida para referencia: ""Cura muito o HP dos aliados na area com agua restauradora."" Ver termo Art.",2026-08-23
Tear-All,Mecânica,,manter_original,none,,"Nome de Art (magia/tecnica) confirmado em pac/steam/table_en.pac -> table_en/t_skill.tbl. Elemento: Water. Descricao original traduzida para referencia: ""Cura totalmente o HP de um aliado com agua restauradora."" Ver termo Art.",2026-08-23
Fire Bolt,Mecânica,,manter_original,none,,"Nome de Art (magia/tecnica) confirmado em pac/steam/table_en.pac -> table_en/t_skill.tbl. Elemento: Fire. Descricao original traduzida para referencia: ""Solta uma bola de fogo estrondosa."" Ver termo Art.",2026-08-23
Flare Arrow,Mecânica,,manter_original,none,,"Nome de Art (magia/tecnica) confirmado em pac/steam/table_en.pac -> table_en/t_skill.tbl. Elemento: Fire. Descricao original traduzida para referencia: ""Cobre o inimigo com chamas escaldantes."" Ver termo Art.",2026-08-23
Napalm Blow,Mecânica,,manter_original,none,,"Nome de Art (magia/tecnica) confirmado em pac/steam/table_en.pac -> table_en/t_skill.tbl. Elemento: Fire. Descricao original traduzida para referencia: ""Faz chamas carmesim irromperem do chao."" Ver termo Art.",2026-08-23
Fire Bolt EX,Mecânica,,manter_original,none,,"Nome de Art (magia/tecnica) confirmado em pac/steam/table_en.pac -> table_en/t_skill.tbl. Elemento: Fire. Descricao original traduzida para referencia: ""Versao aprimorada de Fire Bolt que dispara multiplas bolas de fogo."" Ver termo Art.",2026-08-23
Spiral Flare,Mecânica,,manter_original,none,,"Nome de Art (magia/tecnica) confirmado em pac/steam/table_en.pac -> table_en/t_skill.tbl. Elemento: Fire. Descricao original traduzida para referencia: ""Lanca flechas de chamas escaldantes pelo ar."" Ver termo Art.",2026-08-23
Volcanic Rave,Mecânica,,manter_original,none,,"Nome de Art (magia/tecnica) confirmado em pac/steam/table_en.pac -> table_en/t_skill.tbl. Elemento: Fire. Descricao original traduzida para referencia: ""Concentra energia num unico ponto para causar uma explosao massiva."" Ver termo Art.",2026-08-23
Forte,Mecânica,,manter_original,none,,"Nome de Art (magia/tecnica) confirmado em pac/steam/table_en.pac -> table_en/t_skill.tbl. Elemento: Fire. Descricao original traduzida para referencia: ""Concede protecao contra fogo e aumenta o CP lentamente."" Ver termo Art.",2026-08-23
Meteo Fall,Mecânica,,manter_original,none,,"Nome de Art (magia/tecnica) confirmado em pac/steam/table_en.pac -> table_en/t_skill.tbl. Elemento: Fire. Descricao original traduzida para referencia: ""Invoca um meteoro para atingir o solo abaixo."" Ver termo Art.",2026-08-23
Cyclone Napalm,Mecânica,,manter_original,none,,"Nome de Art (magia/tecnica) confirmado em pac/steam/table_en.pac -> table_en/t_skill.tbl. Elemento: Fire. Descricao original traduzida para referencia: ""Um inferno carmesim giratorio que dizima tudo em seu caminho."" Ver termo Art.",2026-08-23
Arc Prominence,Mecânica,,manter_original,none,,"Nome de Art (magia/tecnica) confirmado em pac/steam/table_en.pac -> table_en/t_skill.tbl. Elemento: Fire. Descricao original traduzida para referencia: ""Detona uma bola condensada de chamas que queima o chao."" Ver termo Art.",2026-08-23
La Forte,Mecânica,,manter_original,none,,"Nome de Art (magia/tecnica) confirmado em pac/steam/table_en.pac -> table_en/t_skill.tbl. Elemento: Fire. Descricao original traduzida para referencia: ""Concede aos aliados na area protecao contra fogo e vitalidade."" Ver termo Art.",2026-08-23
Aerial,Mecânica,,manter_original,none,,"Nome de Art (magia/tecnica) confirmado em pac/steam/table_en.pac -> table_en/t_skill.tbl. Elemento: Wind. Descricao original traduzida para referencia: ""Invoca um tornado violento cheio de pedras."" Ver termo Art.",2026-08-23
Aero Storm,Mecânica,,manter_original,none,,"Nome de Art (magia/tecnica) confirmado em pac/steam/table_en.pac -> table_en/t_skill.tbl. Elemento: Wind. Descricao original traduzida para referencia: ""Libera um ciclone que corta os inimigos com laminas de ar."" Ver termo Art.",2026-08-23
Lightning,Mecânica,,manter_original,none,,"Nome de Art (magia/tecnica) confirmado em pac/steam/table_en.pac -> table_en/t_skill.tbl. Elemento: Wind. Descricao original traduzida para referencia: ""Descarrega um raio eletrico perfurante."" Ver termo Art.",2026-08-23
Plasma Wave,Mecânica,,manter_original,none,,"Nome de Art (magia/tecnica) confirmado em pac/steam/table_en.pac -> table_en/t_skill.tbl. Elemento: Wind. Descricao original traduzida para referencia: ""Atinge com uma poderosa onda de raios."" Ver termo Art.",2026-08-23
Sylphen Guard,Mecânica,,manter_original,none,,"Nome de Art (magia/tecnica) confirmado em pac/steam/table_en.pac -> table_en/t_skill.tbl. Elemento: Wind. Descricao original traduzida para referencia: ""Cria uma barreira de vento que remove e anula debuffs."" Ver termo Art.",2026-08-23
Sylphen Wing,Mecânica,,manter_original,none,,"Nome de Art (magia/tecnica) confirmado em pac/steam/table_en.pac -> table_en/t_skill.tbl. Elemento: Wind. Descricao original traduzida para referencia: ""Concede Previsao (Foresight) com o poder do vento."" Ver termo Art.",2026-08-23
Ragna Blast,Mecânica,,manter_original,none,,"Nome de Art (magia/tecnica) confirmado em pac/steam/table_en.pac -> table_en/t_skill.tbl. Elemento: Wind. Descricao original traduzida para referencia: ""Abate os inimigos com o trovao da justica."" Ver termo Art.",2026-08-23
Grand Stream,Mecânica,,manter_original,none,,"Nome de Art (magia/tecnica) confirmado em pac/steam/table_en.pac -> table_en/t_skill.tbl. Elemento: Wind. Descricao original traduzida para referencia: ""Despedaca os inimigos com uma rajada furiosa."" Ver termo Art.",2026-08-23
Sylpharion,Mecânica,,manter_original,none,,"Nome de Art (magia/tecnica) confirmado em pac/steam/table_en.pac -> table_en/t_skill.tbl. Elemento: Wind. Descricao original traduzida para referencia: ""A bencao do passaro-espirito do vento reflete um ataque magico uma vez."" Ver termo Art.",2026-08-23
Soul Blur,Mecânica,,manter_original,none,,"Nome de Art (magia/tecnica) confirmado em pac/steam/table_en.pac -> table_en/t_skill.tbl. Elemento: Time. Descricao original traduzida para referencia: ""Libera uma onda que abala o espaco-tempo."" Ver termo Art.",2026-08-23
Shadow Spear,Mecânica,,manter_original,none,,"Nome de Art (magia/tecnica) confirmado em pac/steam/table_en.pac -> table_en/t_skill.tbl. Elemento: Time. Descricao original traduzida para referencia: ""Uma lamina do tempo que arranca a propria vida."" Ver termo Art.",2026-08-23
Hell Gate,Mecânica,,manter_original,none,,"Nome de Art (magia/tecnica) confirmado em pac/steam/table_en.pac -> table_en/t_skill.tbl. Elemento: Time. Descricao original traduzida para referencia: ""Suspende as funcoes vitais."" Ver termo Art.",2026-08-23
White Gehenna,Mecânica,,manter_original,none,,"Nome de Art (magia/tecnica) confirmado em pac/steam/table_en.pac -> table_en/t_skill.tbl. Elemento: Time. Descricao original traduzida para referencia: ""Distorce o espaco-tempo com magia sombria."" Ver termo Art.",2026-08-23
Clock Up,Mecânica,,manter_original,none,,"Nome de Art (magia/tecnica) confirmado em pac/steam/table_en.pac -> table_en/t_skill.tbl. Elemento: Time. Descricao original traduzida para referencia: ""Acelera o fluxo do tempo."" Ver termo Art.",2026-08-23
Clock Up EX,Mecânica,,manter_original,none,,"Nome de Art (magia/tecnica) confirmado em pac/steam/table_en.pac -> table_en/t_skill.tbl. Elemento: Time. Descricao original traduzida para referencia: ""Acelera muito o tempo, permitindo que os alvos ajam imediatamente."" Ver termo Art.",2026-08-23
Anti-Sept,Mecânica,,manter_original,none,,"Nome de Art (magia/tecnica) confirmado em pac/steam/table_en.pac -> table_en/t_skill.tbl. Elemento: Time. Descricao original traduzida para referencia: ""Impede artes inimigas e enfraquece os inimigos."" Ver termo Art.",2026-08-23
Anti-Sept All,Mecânica,,manter_original,none,,"Nome de Art (magia/tecnica) confirmado em pac/steam/table_en.pac -> table_en/t_skill.tbl. Elemento: Time. Descricao original traduzida para referencia: ""Impede todas as artes inimigas e enfraquece os inimigos."" Ver termo Art.",2026-08-23
Death Scream,Mecânica,,manter_original,none,,"Nome de Art (magia/tecnica) confirmado em pac/steam/table_en.pac -> table_en/t_skill.tbl. Elemento: Time. Descricao original traduzida para referencia: ""Um grito mortal que invoca o submundo."" Ver termo Art.",2026-08-23
Abyss Fall,Mecânica,,manter_original,none,,"Nome de Art (magia/tecnica) confirmado em pac/steam/table_en.pac -> table_en/t_skill.tbl. Elemento: Time. Descricao original traduzida para referencia: ""Invoca um mensageiro sobrenatural para devastar o campo de batalha."" Ver termo Art.",2026-08-23
Orbal Down,Mecânica,,manter_original,none,,"Nome de Art (magia/tecnica) confirmado em pac/steam/table_en.pac -> table_en/t_skill.tbl. Elemento: Time. Descricao original traduzida para referencia: ""Atrasa o fluxo do tempo e causa efeitos adversos ao inimigo."" Ver termo Art.",2026-08-23
Dark Matter,Mecânica,,manter_original,none,,"Nome de Art (magia/tecnica) confirmado em pac/steam/table_en.pac -> table_en/t_skill.tbl. Elemento: Space. Descricao original traduzida para referencia: ""Libera um campo de alta pressao que esmaga os inimigos."" Ver termo Art.",2026-08-23
Lost Mobius,Mecânica,,manter_original,none,,"Nome de Art (magia/tecnica) confirmado em pac/steam/table_en.pac -> table_en/t_skill.tbl. Elemento: Space. Descricao original traduzida para referencia: ""Distorce o espaco para dobrar e esmagar os inimigos."" Ver termo Art.",2026-08-23
Thelas,Mecânica,,manter_original,none,,"Nome de Art (magia/tecnica) confirmado em pac/steam/table_en.pac -> table_en/t_skill.tbl. Elemento: Space. Descricao original traduzida para referencia: ""Revitaliza um aliado e restaura uma pequena quantidade de HP."" Ver termo Art.",2026-08-23
Athelas,Mecânica,,manter_original,none,,"Nome de Art (magia/tecnica) confirmado em pac/steam/table_en.pac -> table_en/t_skill.tbl. Elemento: Space. Descricao original traduzida para referencia: ""Revitaliza um aliado e restaura uma grande quantidade de HP."" Ver termo Art.",2026-08-23
Celestial,Mecânica,,manter_original,none,,"Nome de Art (magia/tecnica) confirmado em pac/steam/table_en.pac -> table_en/t_skill.tbl. Elemento: Space. Descricao original traduzida para referencia: ""Revitaliza todos os aliados e restaura totalmente o HP deles."" Ver termo Art.",2026-08-23
Dark Matter EX,Mecânica,,manter_original,none,,"Nome de Art (magia/tecnica) confirmado em pac/steam/table_en.pac -> table_en/t_skill.tbl. Elemento: Space. Descricao original traduzida para referencia: ""Libera um campo de pressao ultra alta que esmaga os inimigos."" Ver termo Art.",2026-08-23
Genesic Barrier,Mecânica,,manter_original,none,,"Nome de Art (magia/tecnica) confirmado em pac/steam/table_en.pac -> table_en/t_skill.tbl. Elemento: Space. Descricao original traduzida para referencia: ""Uma barreira impenetravel que reflete todos os tipos de ataque."" Ver termo Art.",2026-08-23
Saint,Mecânica,,manter_original,none,,"Nome de Art (magia/tecnica) confirmado em pac/steam/table_en.pac -> table_en/t_skill.tbl. Elemento: Mirage. Descricao original traduzida para referencia: ""Um brilho purificador que aprimora todas as habilidades e concede Fortuna."" Ver termo Art.",2026-08-23
Chaos Brand,Mecânica,,manter_original,none,,"Nome de Art (magia/tecnica) confirmado em pac/steam/table_en.pac -> table_en/t_skill.tbl. Elemento: Mirage. Descricao original traduzida para referencia: ""Distorce a percepcao do inimigo e o enfraquece."" Ver termo Art.",2026-08-23
Silver Thorn,Mecânica,,manter_original,none,,"Nome de Art (magia/tecnica) confirmado em pac/steam/table_en.pac -> table_en/t_skill.tbl. Elemento: Mirage. Descricao original traduzida para referencia: ""Faz chover uma torrente de laminas prateadas imbuidas de loucura."" Ver termo Art.",2026-08-23
Phantom Pain,Mecânica,,manter_original,none,,"Nome de Art (magia/tecnica) confirmado em pac/steam/table_en.pac -> table_en/t_skill.tbl. Elemento: Mirage. Descricao original traduzida para referencia: ""Cria alucinacoes que deixam o inimigo inconsciente."" Ver termo Art.",2026-08-23
Silent Cross,Mecânica,,manter_original,none,,"Nome de Art (magia/tecnica) confirmado em pac/steam/table_en.pac -> table_en/t_skill.tbl. Elemento: Mirage. Descricao original traduzida para referencia: ""Libera uma nevoa que drena a forca de vontade e traz infortunio."" Ver termo Art.",2026-08-23
Zodiac,Mecânica,,manter_original,none,,"Nome de Art (magia/tecnica) confirmado em pac/steam/table_en.pac -> table_en/t_skill.tbl. Elemento: Mirage. Descricao original traduzida para referencia: ""Aprimora todas as habilidades dos aliados na area e concede Fortuna."" Ver termo Art.",2026-08-23
Morale,Mecânica,,manter_original,none,,"Nome de Craft/S-Craft (tecnica de combate) confirmado em pac/steam/table_en.pac -> table_en/t_skill.tbl. Descricao original traduzida para referencia: ""Solta um grito energico para elevar o moral da equipe."" Ver termo Art.",2026-08-23
Morale EX,Mecânica,,manter_original,none,,"Nome de Craft/S-Craft (tecnica de combate) confirmado em pac/steam/table_en.pac -> table_en/t_skill.tbl. Descricao original traduzida para referencia: ""Solta um grito feroz para elevar ainda mais o moral da equipe."" Ver termo Art.",2026-08-23
Hurricane,Mecânica,,manter_original,none,,"Nome de Craft/S-Craft (tecnica de combate) confirmado em pac/steam/table_en.pac -> table_en/t_skill.tbl. Descricao original traduzida para referencia: ""Gira um cajado como um furacao para atingir inimigos na area."" Ver termo Art.",2026-08-23
True Hurricane,Mecânica,,manter_original,none,,"Nome de Craft/S-Craft (tecnica de combate) confirmado em pac/steam/table_en.pac -> table_en/t_skill.tbl. Descricao original traduzida para referencia: ""Gira um cajado como uma tempestade violenta para desencadear um furacao imenso."" Ver termo Art.",2026-08-23
Hard Break,Mecânica,,manter_original,none,,"Nome de Craft/S-Craft (tecnica de combate) confirmado em pac/steam/table_en.pac -> table_en/t_skill.tbl. Descricao original traduzida para referencia: ""Desfere um golpe poderoso no ponto fraco do inimigo."" Ver termo Art.",2026-08-23
Shatter Break,Mecânica,,manter_original,none,,"Nome de Craft/S-Craft (tecnica de combate) confirmado em pac/steam/table_en.pac -> table_en/t_skill.tbl. Descricao original traduzida para referencia: ""Desfere um golpe meticulosamente preciso no ponto fraco do inimigo."" Ver termo Art.",2026-08-23
Comet,Mecânica,,manter_original,none,,"Nome de Craft/S-Craft (tecnica de combate) confirmado em pac/steam/table_en.pac -> table_en/t_skill.tbl. Descricao original traduzida para referencia: ""Libera uma onda de choque como um cometa que atravessa os inimigos."" Ver termo Art.",2026-08-23
True Comet,Mecânica,,manter_original,none,,"Nome de Craft/S-Craft (tecnica de combate) confirmado em pac/steam/table_en.pac -> table_en/t_skill.tbl. Descricao original traduzida para referencia: ""Libera uma onda de choque imensa, como um cometa, que atravessa os inimigos."" Ver termo Art.",2026-08-23
Pummel,Mecânica,,manter_original,none,,"Nome de Craft/S-Craft (tecnica de combate) confirmado em pac/steam/table_en.pac -> table_en/t_skill.tbl. Descricao original traduzida para referencia: ""Desfere uma sequencia de golpes brutais que roubam HP."" Ver termo Art.",2026-08-23
True Pummel,Mecânica,,manter_original,none,,"Nome de Craft/S-Craft (tecnica de combate) confirmado em pac/steam/table_en.pac -> table_en/t_skill.tbl. Descricao original traduzida para referencia: ""Desfere uma sequencia ainda mais poderosa de golpes brutais que roubam HP."" Ver termo Art.",2026-08-23
Barrage,Mecânica,,manter_original,none,,"Nome de Craft/S-Craft (tecnica de combate) confirmado em pac/steam/table_en.pac -> table_en/t_skill.tbl. Descricao original traduzida para referencia: ""Desfere habilmente uma serie de golpes finais."" Ver termo Art.",2026-08-23
True Barrage,Mecânica,,manter_original,none,,"Nome de Craft/S-Craft (tecnica de combate) confirmado em pac/steam/table_en.pac -> table_en/t_skill.tbl. Descricao original traduzida para referencia: ""Desfere habilmente uma serie de golpes precisos."" Ver termo Art.",2026-08-23
Wheel of Time,Mecânica,,manter_original,none,,"Nome de Craft/S-Craft (tecnica de combate) confirmado em pac/steam/table_en.pac -> table_en/t_skill.tbl. Descricao original traduzida para referencia: ""Uma habilidade poderosa que converte energia rotacional em um golpe."" Ver termo Art.",2026-08-23
Flicker,Mecânica,,manter_original,none,,"Nome de Craft/S-Craft (tecnica de combate) confirmado em pac/steam/table_en.pac -> table_en/t_skill.tbl. Descricao original traduzida para referencia: ""Corta os inimigos e atrapalha seus movimentos."" Ver termo Art.",2026-08-23
Shadow Flicker,Mecânica,,manter_original,none,,"Nome de Craft/S-Craft (tecnica de combate) confirmado em pac/steam/table_en.pac -> table_en/t_skill.tbl. Descricao original traduzida para referencia: ""Cria imagens residuais que tambem cortam e atrapalham os inimigos."" Ver termo Art.",2026-08-23
Hidden Dual Strike,Mecânica,,manter_original,none,,"Nome de Craft/S-Craft (tecnica de combate) confirmado em pac/steam/table_en.pac -> table_en/t_skill.tbl. Descricao original traduzida para referencia: ""Pega o inimigo desprevenido com dois golpes distintos."" Ver termo Art.",2026-08-23
True Cloak & Dagger,Mecânica,,manter_original,none,,"Nome de Craft/S-Craft (tecnica de combate) confirmado em pac/steam/table_en.pac -> table_en/t_skill.tbl. Descricao original traduzida para referencia: ""Desfere um golpe critico garantido com tecnica de lamina perfeita."" Ver termo Art.",2026-08-23
Evil Eye,Mecânica,,manter_original,none,,"Nome de Craft/S-Craft (tecnica de combate) confirmado em pac/steam/table_en.pac -> table_en/t_skill.tbl. Descricao original traduzida para referencia: ""Instila terror ao encarar o inimigo com olhos dourados."" Ver termo Art.",2026-08-23
Evil Eye EX,Mecânica,,manter_original,none,,"Nome de Craft/S-Craft (tecnica de combate) confirmado em pac/steam/table_en.pac -> table_en/t_skill.tbl. Descricao original traduzida para referencia: ""Aterroriza os inimigos com um olhar dourado gelido e penetrante."" Ver termo Art.",2026-08-23
True Sever,Mecânica,,manter_original,none,,"Nome de Craft/S-Craft (tecnica de combate) confirmado em pac/steam/table_en.pac -> table_en/t_skill.tbl. Descricao original traduzida para referencia: ""Desorienta e drena os inimigos com um golpe cortante aprimorado."" Ver termo Art.",2026-08-23
Black Fang,Mecânica,,manter_original,none,,"Nome de Craft/S-Craft (tecnica de combate) confirmado em pac/steam/table_en.pac -> table_en/t_skill.tbl. Descricao original traduzida para referencia: ""Corta instantaneamente todos os inimigos com uma lamina sombria."" Ver termo Art.",2026-08-23
True Black Fang,Mecânica,,manter_original,none,,"Nome de Craft/S-Craft (tecnica de combate) confirmado em pac/steam/table_en.pac -> table_en/t_skill.tbl. Descricao original traduzida para referencia: ""Uma lamina forjada nas trevas que derruba ate gigantes."" Ver termo Art.",2026-08-23
Phantom Raid,Mecânica,,manter_original,none,,"Nome de Craft/S-Craft (tecnica de combate) confirmado em pac/steam/table_en.pac -> table_en/t_skill.tbl. Descricao original traduzida para referencia: ""Uma habilidade furtiva de alta velocidade que forma uma cadeia de imagens residuais."" Ver termo Art.",2026-08-23
Sylphen Whip,Mecânica,,manter_original,none,,"Nome de Craft/S-Craft (tecnica de combate) confirmado em pac/steam/table_en.pac -> table_en/t_skill.tbl. Descricao original traduzida para referencia: ""Corta o ar para atingir inimigos com vacuo."" Ver termo Art.",2026-08-23
Sylphen Whip II,Mecânica,,manter_original,none,,"Nome de Craft/S-Craft (tecnica de combate) confirmado em pac/steam/table_en.pac -> table_en/t_skill.tbl. Descricao original traduzida para referencia: ""Golpes de chicote intensificados produzem um vacuo ainda mais afiado."" Ver termo Art.",2026-08-23
Bind Nail,Mecânica,,manter_original,none,,"Nome de Craft/S-Craft (tecnica de combate) confirmado em pac/steam/table_en.pac -> table_en/t_skill.tbl. Descricao original traduzida para referencia: ""Sela os ataques inimigos com um golpe nos pontos vitais."" Ver termo Art.",2026-08-23
Lightning Nail,Mecânica,,manter_original,none,,"Nome de Craft/S-Craft (tecnica de combate) confirmado em pac/steam/table_en.pac -> table_en/t_skill.tbl. Descricao original traduzida para referencia: ""Reprime os inimigos com um duplo chicotear imbuido de luz."" Ver termo Art.",2026-08-23
Heaven's Kiss,Mecânica,,manter_original,none,,"Nome de Craft/S-Craft (tecnica de combate) confirmado em pac/steam/table_en.pac -> table_en/t_skill.tbl. Descricao original traduzida para referencia: ""Estimula os aliados com o chicote, permitindo que ajam imediatamente."" Ver termo Art.",2026-08-23
Heaven's Kiss II,Mecânica,,manter_original,none,,"Nome de Craft/S-Craft (tecnica de combate) confirmado em pac/steam/table_en.pac -> table_en/t_skill.tbl. Descricao original traduzida para referencia: ""Trata os aliados com dureza afetuosa, incitando-os a agir imediatamente."" Ver termo Art.",2026-08-23
Aerial Dance,Mecânica,,manter_original,none,,"Nome de Craft/S-Craft (tecnica de combate) confirmado em pac/steam/table_en.pac -> table_en/t_skill.tbl. Descricao original traduzida para referencia: ""Confunde e drena os inimigos com um manejo agil do chicote e passos de danca."" Ver termo Art.",2026-08-23
Sadist Whip,Mecânica,,manter_original,none,,"Nome de Craft/S-Craft (tecnica de combate) confirmado em pac/steam/table_en.pac -> table_en/t_skill.tbl. Descricao original traduzida para referencia: ""Envolve o inimigo numa rajada aterrorizante de chicotadas."" Ver termo Art.",2026-08-23
Sadist Whip II,Mecânica,,manter_original,none,,"Nome de Craft/S-Craft (tecnica de combate) confirmado em pac/steam/table_en.pac -> table_en/t_skill.tbl. Descricao original traduzida para referencia: ""Libera uma tempestade de chicotadas em forca total."" Ver termo Art.",2026-08-23
Judgment Card,Mecânica,,manter_original,none,,"Nome de Craft/S-Craft (tecnica de combate) confirmado em pac/steam/table_en.pac -> table_en/t_skill.tbl. Descricao original traduzida para referencia: ""Uma carta que adivinha o destino do inimigo e executa um julgamento implacavel."" Ver termo Art.",2026-08-23
Quick Draw,Mecânica,,manter_original,none,,"Nome de Craft/S-Craft (tecnica de combate) confirmado em pac/steam/table_en.pac -> table_en/t_skill.tbl. Descricao original traduzida para referencia: ""Abate todos os inimigos proximos de uma vez com velocidade inacreditavel."" Ver termo Art.",2026-08-23
Quick Draw II,Mecânica,,manter_original,none,,"Nome de Craft/S-Craft (tecnica de combate) confirmado em pac/steam/table_en.pac -> table_en/t_skill.tbl. Descricao original traduzida para referencia: ""Um ataque relampago que abate todos os inimigos no alcance."" Ver termo Art.",2026-08-23
Snipe Shot,Mecânica,,manter_original,none,,"Nome de Craft/S-Craft (tecnica de combate) confirmado em pac/steam/table_en.pac -> table_en/t_skill.tbl. Descricao original traduzida para referencia: ""Sela as artes inimigas com um tiro certeiro."" Ver termo Art.",2026-08-23
Trinity Shot,Mecânica,,manter_original,none,,"Nome de Craft/S-Craft (tecnica de combate) confirmado em pac/steam/table_en.pac -> table_en/t_skill.tbl. Descricao original traduzida para referencia: ""Mira com tres tipos de municao para restringir o movimento inimigo."" Ver termo Art.",2026-08-23
Happy Trigger,Mecânica,,manter_original,none,,"Nome de Craft/S-Craft (tecnica de combate) confirmado em pac/steam/table_en.pac -> table_en/t_skill.tbl. Descricao original traduzida para referencia: ""Uma tecnica misteriosa que cura ferimentos ao arremessar um buque."" Ver termo Art.",2026-08-23
Happy Trigger II,Mecânica,,manter_original,none,,"Nome de Craft/S-Craft (tecnica de combate) confirmado em pac/steam/table_en.pac -> table_en/t_skill.tbl. Descricao original traduzida para referencia: ""Um golpe peculiar transbordando do amor de Olivier, com cura aprimorada."" Ver termo Art.",2026-08-23
Howling Bullet,Mecânica,,manter_original,none,,"Nome de Craft/S-Craft (tecnica de combate) confirmado em pac/steam/table_en.pac -> table_en/t_skill.tbl. Descricao original traduzida para referencia: ""Dispara uma poderosa rajada de energia que causa uma explosao enorme."" Ver termo Art.",2026-08-23
Howling Bullet II,Mecânica,,manter_original,none,,"Nome de Craft/S-Craft (tecnica de combate) confirmado em pac/steam/table_en.pac -> table_en/t_skill.tbl. Descricao original traduzida para referencia: ""O recuo reduzido permite rajadas de energia de maior densidade."" Ver termo Art.",2026-08-23
Requiem Hearts,Mecânica,,manter_original,none,,"Nome de Craft/S-Craft (tecnica de combate) confirmado em pac/steam/table_en.pac -> table_en/t_skill.tbl. Descricao original traduzida para referencia: ""Libera uma furiosa saraivada de tiros que rompe o silencio."" Ver termo Art.",2026-08-23
Kämpfer,Mecânica,,manter_original,none,,"Nome de Craft/S-Craft (tecnica de combate) confirmado em pac/steam/table_en.pac -> table_en/t_skill.tbl. Descricao original traduzida para referencia: ""Desfere um ataque aereo repentino com Sieg."" Ver termo Art.",2026-08-23
Kämpfer β,Mecânica,,manter_original,none,,"Nome de Craft/S-Craft (tecnica de combate) confirmado em pac/steam/table_en.pac -> table_en/t_skill.tbl. Descricao original traduzida para referencia: ""Desfere um combo de dois golpes heroico e elegante com Sieg."" Ver termo Art.",2026-08-23
Sturm,Mecânica,,manter_original,none,,"Nome de Craft/S-Craft (tecnica de combate) confirmado em pac/steam/table_en.pac -> table_en/t_skill.tbl. Descricao original traduzida para referencia: ""Manipula ventos congelantes num ataque combinado feroz."" Ver termo Art.",2026-08-23
Sturm II,Mecânica,,manter_original,none,,"Nome de Craft/S-Craft (tecnica de combate) confirmado em pac/steam/table_en.pac -> table_en/t_skill.tbl. Descricao original traduzida para referencia: ""Um ataque combinado abrasador potencializado pelo frio intensificado."" Ver termo Art.",2026-08-23
Weiss Aura,Mecânica,,manter_original,none,,"Nome de Craft/S-Craft (tecnica de combate) confirmado em pac/steam/table_en.pac -> table_en/t_skill.tbl. Descricao original traduzida para referencia: ""Eleva o espirito dos aliados e concede bencaos divinas a eles."" Ver termo Art.",2026-08-23
Weiss Aura II,Mecânica,,manter_original,none,,"Nome de Craft/S-Craft (tecnica de combate) confirmado em pac/steam/table_en.pac -> table_en/t_skill.tbl. Descricao original traduzida para referencia: ""Eleva o espirito dos aliados e concede a eles bencaos divinas ainda maiores."" Ver termo Art.",2026-08-23
Lichtkreis,Mecânica,,manter_original,none,,"Nome de Craft/S-Craft (tecnica de combate) confirmado em pac/steam/table_en.pac -> table_en/t_skill.tbl. Descricao original traduzida para referencia: ""Revive aliados com as bencaos da Deusa do Ceu."" Ver termo Art.",2026-08-23
Lichtkreis II,Mecânica,,manter_original,none,,"Nome de Craft/S-Craft (tecnica de combate) confirmado em pac/steam/table_en.pac -> table_en/t_skill.tbl. Descricao original traduzida para referencia: ""Revive aliados oferecendo uma prece repleta de amor e misericordia."" Ver termo Art.",2026-08-23
Sanctus Nova,Mecânica,,manter_original,none,,"Nome de Craft/S-Craft (tecnica de combate) confirmado em pac/steam/table_en.pac -> table_en/t_skill.tbl. Descricao original traduzida para referencia: ""Reza a Deusa para invocar uma luz que abate os inimigos."" Ver termo Art.",2026-08-23
Wild Rage,Mecânica,,manter_original,none,,"Nome de Craft/S-Craft (tecnica de combate) confirmado em pac/steam/table_en.pac -> table_en/t_skill.tbl. Descricao original traduzida para referencia: ""Eleva o espirito de luta ao custo de HP."" Ver termo Art.",2026-08-23
Wild Rage II,Mecânica,,manter_original,none,,"Nome de Craft/S-Craft (tecnica de combate) confirmado em pac/steam/table_en.pac -> table_en/t_skill.tbl. Descricao original traduzida para referencia: ""Eleva muito o espirito de luta ao custo de HP."" Ver termo Art.",2026-08-23
Flame Smash,Mecânica,,manter_original,none,,"Nome de Craft/S-Craft (tecnica de combate) confirmado em pac/steam/table_en.pac -> table_en/t_skill.tbl. Descricao original traduzida para referencia: ""Um golpe poderoso envolto em chamas."" Ver termo Art.",2026-08-23
Crimson Smash,Mecânica,,manter_original,none,,"Nome de Craft/S-Craft (tecnica de combate) confirmado em pac/steam/table_en.pac -> table_en/t_skill.tbl. Descricao original traduzida para referencia: ""Um golpe feroz envolto em chamas carmesim."" Ver termo Art.",2026-08-23
Draguna Edge,Mecânica,,manter_original,none,,"Nome de Craft/S-Craft (tecnica de combate) confirmado em pac/steam/table_en.pac -> table_en/t_skill.tbl. Descricao original traduzida para referencia: ""Dispara uma onda de choque massiva que engole o inimigo por completo."" Ver termo Art.",2026-08-23
Draguna Blast,Mecânica,,manter_original,none,,"Nome de Craft/S-Craft (tecnica de combate) confirmado em pac/steam/table_en.pac -> table_en/t_skill.tbl. Descricao original traduzida para referencia: ""Libera chamas ardentes e cortes que despedacam os inimigos."" Ver termo Art.",2026-08-23
Beat Down,Mecânica,,manter_original,none,,"Nome de Craft/S-Craft (tecnica de combate) confirmado em pac/steam/table_en.pac -> table_en/t_skill.tbl. Descricao original traduzida para referencia: ""Avanca e desfere um combo de espada."" Ver termo Art.",2026-08-23
Beat Down II,Mecânica,,manter_original,none,,"Nome de Craft/S-Craft (tecnica de combate) confirmado em pac/steam/table_en.pac -> table_en/t_skill.tbl. Descricao original traduzida para referencia: ""Desfere um combo de espada com ainda mais habilidade e precisao."" Ver termo Art.",2026-08-23
Final Break,Mecânica,,manter_original,none,,"Nome de Craft/S-Craft (tecnica de combate) confirmado em pac/steam/table_en.pac -> table_en/t_skill.tbl. Descricao original traduzida para referencia: ""Racha a terra em potencia maxima para envolver os inimigos em chamas."" Ver termo Art.",2026-08-23
Final Break II,Mecânica,,manter_original,none,,"Nome de Craft/S-Craft (tecnica de combate) confirmado em pac/steam/table_en.pac -> table_en/t_skill.tbl. Descricao original traduzida para referencia: ""O poder destrutivo aumentado desencadeia uma explosao ainda mais feroz."" Ver termo Art.",2026-08-23
Dragon Dive,Mecânica,,manter_original,none,,"Nome de Craft/S-Craft (tecnica de combate) confirmado em pac/steam/table_en.pac -> table_en/t_skill.tbl. Descricao original traduzida para referencia: ""Salta ao ceu e mergulha num ataque flamejante."" Ver termo Art.",2026-08-23
Smoke Cannon,Mecânica,,manter_original,none,,"Nome de Craft/S-Craft (tecnica de combate) confirmado em pac/steam/table_en.pac -> table_en/t_skill.tbl. Descricao original traduzida para referencia: ""Dispara uma bomba de fumaca contra o inimigo."" Ver termo Art.",2026-08-23
Smoke Cannon II,Mecânica,,manter_original,none,,"Nome de Craft/S-Craft (tecnica de combate) confirmado em pac/steam/table_en.pac -> table_en/t_skill.tbl. Descricao original traduzida para referencia: ""Dispara uma bomba de fumaca soporifera contra o inimigo."" Ver termo Art.",2026-08-23
Vital Cannon,Mecânica,,manter_original,none,,"Nome de Craft/S-Craft (tecnica de combate) confirmado em pac/steam/table_en.pac -> table_en/t_skill.tbl. Descricao original traduzida para referencia: ""Dispara uma municao restauradora que cura os aliados no alcance."" Ver termo Art.",2026-08-23
Vital Cannon Σ,Mecânica,,manter_original,none,,"Nome de Craft/S-Craft (tecnica de combate) confirmado em pac/steam/table_en.pac -> table_en/t_skill.tbl. Descricao original traduzida para referencia: ""Dispara uma municao restauradora potente que cura os aliados no alcance."" Ver termo Art.",2026-08-23
Jamming Ray,Mecânica,,manter_original,none,,"Nome de Craft/S-Craft (tecnica de combate) confirmado em pac/steam/table_en.pac -> table_en/t_skill.tbl. Descricao original traduzida para referencia: ""Equipa acessorios personalizados para disparar um laser de alta densidade."" Ver termo Art.",2026-08-23
Jamming Ray II,Mecânica,,manter_original,none,,"Nome de Craft/S-Craft (tecnica de combate) confirmado em pac/steam/table_en.pac -> table_en/t_skill.tbl. Descricao original traduzida para referencia: ""Otimiza a eficiencia energetica para disparar lasers de densidade ainda maior."" Ver termo Art.",2026-08-23
Cannon Impulse,Mecânica,,manter_original,none,,"Nome de Craft/S-Craft (tecnica de combate) confirmado em pac/steam/table_en.pac -> table_en/t_skill.tbl. Descricao original traduzida para referencia: ""Dispara uma saraivada de balas com a arma imperial multicano do Professor Russell."" Ver termo Art.",2026-08-23
Cannon Impulse II,Mecânica,,manter_original,none,,"Nome de Craft/S-Craft (tecnica de combate) confirmado em pac/steam/table_en.pac -> table_en/t_skill.tbl. Descricao original traduzida para referencia: ""Extensivamente modificada para um aumento dramatico de poder de fogo."" Ver termo Art.",2026-08-23
Satellite Beam,Mecânica,,manter_original,none,,"Nome de Craft/S-Craft (tecnica de combate) confirmado em pac/steam/table_en.pac -> table_en/t_skill.tbl. Descricao original traduzida para referencia: ""Dispara um poderoso feixe de um satelite artificial nas alturas."" Ver termo Art.",2026-08-23
Taunt,Mecânica,,manter_original,none,,"Nome de Craft/S-Craft (tecnica de combate) confirmado em pac/steam/table_en.pac -> table_en/t_skill.tbl. Descricao original traduzida para referencia: ""Atrai a atencao do inimigo e o faz baixar a guarda."" Ver termo Art.",2026-08-23
True Heralding Fist,Mecânica,,manter_original,none,,"Nome de Craft/S-Craft (tecnica de combate) confirmado em pac/steam/table_en.pac -> table_en/t_skill.tbl. Descricao original traduzida para referencia: ""Desfere um golpe perfeito que nao deixa brechas."" Ver termo Art.",2026-08-23
Composure,Mecânica,,manter_original,none,,"Nome de Craft/S-Craft (tecnica de combate) confirmado em pac/steam/table_en.pac -> table_en/t_skill.tbl. Descricao original traduzida para referencia: ""Restaura vida ao atingir um determinado ponto de pressao."" Ver termo Art.",2026-08-23
True Composure,Mecânica,,manter_original,none,,"Nome de Craft/S-Craft (tecnica de combate) confirmado em pac/steam/table_en.pac -> table_en/t_skill.tbl. Descricao original traduzida para referencia: ""Restaura ainda mais vida ao atingir um determinado ponto de pressao."" Ver termo Art.",2026-08-23
Distend,Mecânica,,manter_original,none,,"Nome de Craft/S-Craft (tecnica de combate) confirmado em pac/steam/table_en.pac -> table_en/t_skill.tbl. Descricao original traduzida para referencia: ""Desperta o espirito do usuario atraves das tecnicas de respiracao da Escola Taito."" Ver termo Art.",2026-08-23
True Distend,Mecânica,,manter_original,none,,"Nome de Craft/S-Craft (tecnica de combate) confirmado em pac/steam/table_en.pac -> table_en/t_skill.tbl. Descricao original traduzida para referencia: ""Desperta o espirito do usuario atraves de tecnicas de respiracao disciplinadas."" Ver termo Art.",2026-08-23
Disable,Mecânica,,manter_original,none,,"Nome de Craft/S-Craft (tecnica de combate) confirmado em pac/steam/table_en.pac -> table_en/t_skill.tbl. Descricao original traduzida para referencia: ""Uma sequencia de chutes impressionante em que cada golpe flui para o proximo."" Ver termo Art.",2026-08-23
True Disable,Mecânica,,manter_original,none,,"Nome de Craft/S-Craft (tecnica de combate) confirmado em pac/steam/table_en.pac -> table_en/t_skill.tbl. Descricao original traduzida para referencia: ""Cada chute desfere um poder destrutivo imenso contra o inimigo."" Ver termo Art.",2026-08-23
Thunder Rift,Mecânica,,manter_original,none,,"Nome de Craft/S-Craft (tecnica de combate) confirmado em pac/steam/table_en.pac -> table_en/t_skill.tbl. Descricao original traduzida para referencia: ""Golpeia o chao com forca trovejante para eliminar os inimigos proximos."" Ver termo Art.",2026-08-23
Aural Blast,Mecânica,,manter_original,none,,"Nome de Craft/S-Craft (tecnica de combate) confirmado em pac/steam/table_en.pac -> table_en/t_skill.tbl. Descricao original traduzida para referencia: ""Libera uma explosao de qi de ambas as palmas, atingindo os inimigos proximos."" Ver termo Art.",2026-08-23
True Aural Blast,Mecânica,,manter_original,none,,"Nome de Craft/S-Craft (tecnica de combate) confirmado em pac/steam/table_en.pac -> table_en/t_skill.tbl. Descricao original traduzida para referencia: ""Um golpe de palma explosivo que varre todos os inimigos em seu caminho."" Ver termo Art.",2026-08-23
Wrath of Genbu,Mecânica,,manter_original,none,,"Nome de Craft/S-Craft (tecnica de combate) confirmado em pac/steam/table_en.pac -> table_en/t_skill.tbl. Descricao original traduzida para referencia: ""Canaliza o poder da terra e reduz os inimigos a po."" Ver termo Art.",2026-08-23
Stampede,Mecânica,,manter_original,none,,"Nome de Craft/S-Craft (tecnica de combate) confirmado em pac/steam/table_en.pac -> table_en/t_skill.tbl. Descricao original traduzida para referencia: ""Dispara ambas as pistolas em rapida sucessao, ignorando o recuo."" Ver termo Art.",2026-08-23
Stampede II,Mecânica,,manter_original,none,,"Nome de Craft/S-Craft (tecnica de combate) confirmado em pac/steam/table_en.pac -> table_en/t_skill.tbl. Descricao original traduzida para referencia: ""Mira nos pontos vitais do inimigo com uma poderosa saraivada de duas pistolas."" Ver termo Art.",2026-08-23
Anchor Drain,Mecânica,,manter_original,none,,"Nome de Craft/S-Craft (tecnica de combate) confirmado em pac/steam/table_en.pac -> table_en/t_skill.tbl. Descricao original traduzida para referencia: ""Drena a forca do inimigo com uma arma de fogo especialmente projetada."" Ver termo Art.",2026-08-23
Orbal Bomb,Mecânica,,manter_original,none,,"Nome de Craft/S-Craft (tecnica de combate) confirmado em pac/steam/table_en.pac -> table_en/t_skill.tbl. Descricao original traduzida para referencia: ""Chove granadas sobre o inimigo e as detona no ar."" Ver termo Art.",2026-08-23
Bobcat,Mecânica,,manter_original,none,,"Nome de Craft/S-Craft (tecnica de combate) confirmado em pac/steam/table_en.pac -> table_en/t_skill.tbl. Descricao original traduzida para referencia: ""Invoca o Bobcat usando um sinalizador e um laco fraterno inquebravel."" Ver termo Art.",2026-08-23
Crossgear Rage,Mecânica,,manter_original,none,,"Nome de Craft/S-Craft (tecnica de combate) confirmado em pac/steam/table_en.pac -> table_en/t_skill.tbl. Descricao original traduzida para referencia: ""Corta com uma lamina oculta e depois dispara uma flecha em rapida sucessao."" Ver termo Art.",2026-08-23
Sacrifice Arrow,Mecânica,,manter_original,none,,"Nome de Craft/S-Craft (tecnica de combate) confirmado em pac/steam/table_en.pac -> table_en/t_skill.tbl. Descricao original traduzida para referencia: ""Aumenta o potencial latente de um aliado ao custo de CP."" Ver termo Art.",2026-08-23
Sacred Breath,Mecânica,,manter_original,none,,"Nome de Craft/S-Craft (tecnica de combate) confirmado em pac/steam/table_en.pac -> table_en/t_skill.tbl. Descricao original traduzida para referencia: ""Reza ao emblema do Graal por vitalidade e sorte."" Ver termo Art.",2026-08-23
Sacred Breath II,Mecânica,,manter_original,none,,"Nome de Craft/S-Craft (tecnica de combate) confirmado em pac/steam/table_en.pac -> table_en/t_skill.tbl. Descricao original traduzida para referencia: ""Reza ao emblema do Graal por vitalidade e sorte ainda maiores."" Ver termo Art.",2026-08-23
Grail Sphere,Mecânica,,manter_original,none,,"Nome de Craft/S-Craft (tecnica de combate) confirmado em pac/steam/table_en.pac -> table_en/t_skill.tbl. Descricao original traduzida para referencia: ""Empunha o emblema do Graal para obter a protecao abencoada de Aidios."" Ver termo Art.",2026-08-23
Eight-Leaf Blitz,Mecânica,,manter_original,none,,"Nome de Craft/S-Craft (tecnica de combate) confirmado em pac/steam/table_en.pac -> table_en/t_skill.tbl. Descricao original traduzida para referencia: ""Gasta toda a forca e retalha o inimigo."" Ver termo Art.",2026-08-23
Swordwind Slash,Mecânica,,manter_original,none,,"Nome de Craft/S-Craft (tecnica de combate) confirmado em pac/steam/table_en.pac -> table_en/t_skill.tbl. Descricao original traduzida para referencia: ""Desfere um golpe relampago que cria um vacuo, retalhando o inimigo."" Ver termo Art.",2026-08-23
Fallen Leaves,Mecânica,,manter_original,none,,"Nome de Craft/S-Craft (tecnica de combate) confirmado em pac/steam/table_en.pac -> table_en/t_skill.tbl. Descricao original traduzida para referencia: ""Chuta o inimigo para o alto e o segue com um golpe descendente pesado."" Ver termo Art.",2026-08-23
Petal Dance,Mecânica,,manter_original,none,,"Nome de Craft/S-Craft (tecnica de combate) confirmado em pac/steam/table_en.pac -> table_en/t_skill.tbl. Descricao original traduzida para referencia: ""Traca uma array giratoria de petalas que desperta o espirito de luta."" Ver termo Art.",2026-08-23
Piercing Wave,Mecânica,,manter_original,none,,"Nome de Craft/S-Craft (tecnica de combate) confirmado em pac/steam/table_en.pac -> table_en/t_skill.tbl. Descricao original traduzida para referencia: ""Respira, se concentra e libera um corte brilhante."" Ver termo Art.",2026-08-23
True Piercing Wave,Mecânica,,manter_original,none,,"Nome de Craft/S-Craft (tecnica de combate) confirmado em pac/steam/table_en.pac -> table_en/t_skill.tbl. Descricao original traduzida para referencia: ""Respira, se concentra e libera um corte brilhante em forma de cruz."" Ver termo Art.",2026-08-23
Lanzenreiter,Mecânica,,manter_original,none,,"Nome de Craft/S-Craft (tecnica de combate) confirmado em pac/steam/table_en.pac -> table_en/t_skill.tbl. Descricao original traduzida para referencia: ""Executa um combo perfeito que rompe o impeto do inimigo."" Ver termo Art.",2026-08-23
Mirageberg,Mecânica,,manter_original,none,,"Nome de Craft/S-Craft (tecnica de combate) confirmado em pac/steam/table_en.pac -> table_en/t_skill.tbl. Descricao original traduzida para referencia: ""Defende-se com um escudo ilusorio que anula todos os ataques."" Ver termo Art.",2026-08-23
Mirageberg II,Mecânica,,manter_original,none,,"Nome de Craft/S-Craft (tecnica de combate) confirmado em pac/steam/table_en.pac -> table_en/t_skill.tbl. Descricao original traduzida para referencia: ""Envolve o corpo numa armadura ilusoria que anula todos os ataques."" Ver termo Art.",2026-08-23
Attack Orders,Mecânica,,manter_original,none,,"Nome de Craft/S-Craft (tecnica de combate) confirmado em pac/steam/table_en.pac -> table_en/t_skill.tbl. Descricao original traduzida para referencia: ""Emite um comando resoluto que eleva o moral dos aliados."" Ver termo Art.",2026-08-23
Kämpfer γ,Mecânica,,manter_original,none,,"Nome de Craft/S-Craft (tecnica de combate) confirmado em pac/steam/table_en.pac -> table_en/t_skill.tbl. Descricao original traduzida para referencia: ""Uma emboscada elegante, porem feroz, de Sieg."" Ver termo Art.",2026-08-23
Trinity Kleis,Mecânica,,manter_original,none,,"Nome de Craft/S-Craft (tecnica de combate) confirmado em pac/steam/table_en.pac -> table_en/t_skill.tbl. Descricao original traduzida para referencia: ""Um triangulo tracado pela lamina forma um pilar de luz que atinge os inimigos."" Ver termo Art.",2026-08-23
Hound Gale,Mecânica,,manter_original,none,,"Nome de Craft/S-Craft (tecnica de combate) confirmado em pac/steam/table_en.pac -> table_en/t_skill.tbl. Descricao original traduzida para referencia: ""Desfere um corte triplo impulsionado por um espirito de batalha crescente."" Ver termo Art.",2026-08-23
Blade Dancer,Mecânica,,manter_original,none,,"Nome de Craft/S-Craft (tecnica de combate) confirmado em pac/steam/table_en.pac -> table_en/t_skill.tbl. Descricao original traduzida para referencia: ""Domina o inimigo com um ataque de espada selvagem e extremamente rapido."" Ver termo Art.",2026-08-23
Mirage Edge,Mecânica,,manter_original,none,,"Nome de Craft/S-Craft (tecnica de combate) confirmado em pac/steam/table_en.pac -> table_en/t_skill.tbl. Descricao original traduzida para referencia: ""Arremessa uma adaga seladora que atrapalha as acoes do inimigo."" Ver termo Art.",2026-08-23
Ragna Bind,Mecânica,,manter_original,none,,"Nome de Craft/S-Craft (tecnica de combate) confirmado em pac/steam/table_en.pac -> table_en/t_skill.tbl. Descricao original traduzida para referencia: ""Prende um inimigo com um raio e depois o corta em dois."" Ver termo Art.",2026-08-23
Ragna Bind II,Mecânica,,manter_original,none,,"Nome de Craft/S-Craft (tecnica de combate) confirmado em pac/steam/table_en.pac -> table_en/t_skill.tbl. Descricao original traduzida para referencia: ""Prende um inimigo com um raio e depois o parte brutalmente em dois."" Ver termo Art.",2026-08-23
Righteous Witness,Mecânica,,manter_original,none,,"Nome de Craft/S-Craft (tecnica de combate) confirmado em pac/steam/table_en.pac -> table_en/t_skill.tbl. Descricao original traduzida para referencia: ""Coloca tudo num golpe que lanca os inimigos ao vazio."" Ver termo Art.",2026-08-23
Fangshu: Crested Waves,Mecânica,,manter_original,none,,"Nome de Craft/S-Craft (tecnica de combate) confirmado em pac/steam/table_en.pac -> table_en/t_skill.tbl. Descricao original traduzida para referencia: ""Uma tecnica que canaliza qi para recuperar HP."" Ver termo Art.",2026-08-23
Fangshu: Impervious Steel,Mecânica,,manter_original,none,,"Nome de Craft/S-Craft (tecnica de combate) confirmado em pac/steam/table_en.pac -> table_en/t_skill.tbl. Descricao original traduzida para referencia: ""Uma tecnica que canaliza qi para endurecer o corpo como aco."" Ver termo Art.",2026-08-23
Fangshu: Second Bloom,Mecânica,,manter_original,none,,"Nome de Craft/S-Craft (tecnica de combate) confirmado em pac/steam/table_en.pac -> table_en/t_skill.tbl. Descricao original traduzida para referencia: ""Uma tecnica que canaliza qi para estimular a vitalidade."" Ver termo Art.",2026-08-23
Fangshu: Infinite Illusion,Mecânica,,manter_original,none,,"Nome de Craft/S-Craft (tecnica de combate) confirmado em pac/steam/table_en.pac -> table_en/t_skill.tbl. Descricao original traduzida para referencia: ""Invoca uma lanca espectral e perfura o ponto vital do inimigo."" Ver termo Art.",2026-08-23
Piercing Rain,Mecânica,,manter_original,none,,"Nome de Craft/S-Craft (tecnica de combate) confirmado em pac/steam/table_en.pac -> table_en/t_skill.tbl. Descricao original traduzida para referencia: ""Desfere estocadas rapidas com imagens residuais a esteira, como um verdadeiro mestre."" Ver termo Art.",2026-08-23
Thunder God's Descent,Mecânica,,manter_original,none,,"Nome de Craft/S-Craft (tecnica de combate) confirmado em pac/steam/table_en.pac -> table_en/t_skill.tbl. Descricao original traduzida para referencia: ""Espeta os inimigos com uma lanca de raios, seguida por um raio."" Ver termo Art.",2026-08-23
First Aid,Mecânica,,manter_original,none,,"Nome de habilidade reativa ligada a Support Ability (bloco 'BFS', sem descricao propria na tabela) confirmado em pac/steam/table_en.pac -> table_en/t_skill.tbl. Ver termo Art.",2026-08-23
First Aid EX,Mecânica,,manter_original,none,,"Nome de habilidade reativa ligada a Support Ability (bloco 'BFS', sem descricao propria na tabela) confirmado em pac/steam/table_en.pac -> table_en/t_skill.tbl. Ver termo Art.",2026-08-23
Supreme First Aid,Mecânica,,manter_original,none,,"Nome de habilidade reativa ligada a Support Ability (bloco 'BFS', sem descricao propria na tabela) confirmado em pac/steam/table_en.pac -> table_en/t_skill.tbl. Ver termo Art.",2026-08-23
Resurgence,Mecânica,,manter_original,none,,"Nome de habilidade reativa ligada a Support Ability (bloco 'BFS', sem descricao propria na tabela) confirmado em pac/steam/table_en.pac -> table_en/t_skill.tbl. Ver termo Art.",2026-08-23
Resurgence EX,Mecânica,,manter_original,none,,"Nome de habilidade reativa ligada a Support Ability (bloco 'BFS', sem descricao propria na tabela) confirmado em pac/steam/table_en.pac -> table_en/t_skill.tbl. Ver termo Art.",2026-08-23
Supreme Resurgence,Mecânica,,manter_original,none,,"Nome de habilidade reativa ligada a Support Ability (bloco 'BFS', sem descricao propria na tabela) confirmado em pac/steam/table_en.pac -> table_en/t_skill.tbl. Ver termo Art.",2026-08-23
Dauntless Courage,Mecânica,,manter_original,none,,"Nome de habilidade reativa ligada a Support Ability (bloco 'BFS', sem descricao propria na tabela) confirmado em pac/steam/table_en.pac -> table_en/t_skill.tbl. Ver termo Art.",2026-08-23
Dauntless Courage EX,Mecânica,,manter_original,none,,"Nome de habilidade reativa ligada a Support Ability (bloco 'BFS', sem descricao propria na tabela) confirmado em pac/steam/table_en.pac -> table_en/t_skill.tbl. Ver termo Art.",2026-08-23
Lightning Speed,Mecânica,,manter_original,none,,"Nome de habilidade reativa ligada a Support Ability (bloco 'BFS', sem descricao propria na tabela) confirmado em pac/steam/table_en.pac -> table_en/t_skill.tbl. Ver termo Art.",2026-08-23
Lightning Speed EX,Mecânica,,manter_original,none,,"Nome de habilidade reativa ligada a Support Ability (bloco 'BFS', sem descricao propria na tabela) confirmado em pac/steam/table_en.pac -> table_en/t_skill.tbl. Ver termo Art.",2026-08-23
Wheel of Fortune,Mecânica,,manter_original,none,,"Nome de habilidade reativa ligada a Support Ability (bloco 'BFS', sem descricao propria na tabela) confirmado em pac/steam/table_en.pac -> table_en/t_skill.tbl. Ver termo Art.",2026-08-23
Wheel of Fortune EX,Mecânica,,manter_original,none,,"Nome de habilidade reativa ligada a Support Ability (bloco 'BFS', sem descricao propria na tabela) confirmado em pac/steam/table_en.pac -> table_en/t_skill.tbl. Ver termo Art.",2026-08-23
Magnificent Harmony,Mecânica,,manter_original,none,,"Nome de habilidade reativa ligada a Support Ability (bloco 'BFS', sem descricao propria na tabela) confirmado em pac/steam/table_en.pac -> table_en/t_skill.tbl. Ver termo Art.",2026-08-23
Magnificent Harmony EX,Mecânica,,manter_original,none,,"Nome de habilidade reativa ligada a Support Ability (bloco 'BFS', sem descricao propria na tabela) confirmado em pac/steam/table_en.pac -> table_en/t_skill.tbl. Ver termo Art.",2026-08-23
Unparalleled Focus,Mecânica,,manter_original,none,,"Nome de habilidade reativa ligada a Support Ability (bloco 'BFS', sem descricao propria na tabela) confirmado em pac/steam/table_en.pac -> table_en/t_skill.tbl. Ver termo Art.",2026-08-23
Unparalleled Focus EX,Mecânica,,manter_original,none,,"Nome de habilidade reativa ligada a Support Ability (bloco 'BFS', sem descricao propria na tabela) confirmado em pac/steam/table_en.pac -> table_en/t_skill.tbl. Ver termo Art.",2026-08-23
Heat Up,Mecânica,,manter_original,none,,"Nome de habilidade reativa ligada a Support Ability (bloco 'BFS', sem descricao propria na tabela) confirmado em pac/steam/table_en.pac -> table_en/t_skill.tbl. Ver termo Art.",2026-08-23
Heat Up II,Mecânica,,manter_original,none,,"Nome de habilidade reativa ligada a Support Ability (bloco 'BFS', sem descricao propria na tabela) confirmado em pac/steam/table_en.pac -> table_en/t_skill.tbl. Ver termo Art.",2026-08-23
Self Maintenance,Mecânica,,manter_original,none,,"Nome de habilidade reativa ligada a Support Ability (bloco 'BFS', sem descricao propria na tabela) confirmado em pac/steam/table_en.pac -> table_en/t_skill.tbl. Ver termo Art.",2026-08-23
Self Maintenance II,Mecânica,,manter_original,none,,"Nome de habilidade reativa ligada a Support Ability (bloco 'BFS', sem descricao propria na tabela) confirmado em pac/steam/table_en.pac -> table_en/t_skill.tbl. Ver termo Art.",2026-08-23
Immovable Pranayama,Mecânica,,manter_original,none,,"Nome de habilidade reativa ligada a Support Ability (bloco 'BFS', sem descricao propria na tabela) confirmado em pac/steam/table_en.pac -> table_en/t_skill.tbl. Ver termo Art.",2026-08-23
Immovable Pranayama EX,Mecânica,,manter_original,none,,"Nome de habilidade reativa ligada a Support Ability (bloco 'BFS', sem descricao propria na tabela) confirmado em pac/steam/table_en.pac -> table_en/t_skill.tbl. Ver termo Art.",2026-08-23
Gralsritter's Grace,Mecânica,,manter_original,none,,"Nome de habilidade reativa ligada a Support Ability (bloco 'BFS', sem descricao propria na tabela) confirmado em pac/steam/table_en.pac -> table_en/t_skill.tbl. Ver termo Art.",2026-08-23
Gralsritter's Grace EX,Mecânica,,manter_original,none,,"Nome de habilidade reativa ligada a Support Ability (bloco 'BFS', sem descricao propria na tabela) confirmado em pac/steam/table_en.pac -> table_en/t_skill.tbl. Ver termo Art.",2026-08-23
Energy Reload,Mecânica,,manter_original,none,,"Nome de habilidade reativa ligada a Support Ability (bloco 'BFS', sem descricao propria na tabela) confirmado em pac/steam/table_en.pac -> table_en/t_skill.tbl. Ver termo Art.",2026-08-23
Energy Reload EX,Mecânica,,manter_original,none,,"Nome de habilidade reativa ligada a Support Ability (bloco 'BFS', sem descricao propria na tabela) confirmado em pac/steam/table_en.pac -> table_en/t_skill.tbl. Ver termo Art.",2026-08-23
Fell Swoop,Mecânica,,manter_original,none,,"Nome de habilidade reativa ligada a Support Ability (bloco 'BFS', sem descricao propria na tabela) confirmado em pac/steam/table_en.pac -> table_en/t_skill.tbl. Ver termo Art.",2026-08-23
Fell Swoop EX,Mecânica,,manter_original,none,,"Nome de habilidade reativa ligada a Support Ability (bloco 'BFS', sem descricao propria na tabela) confirmado em pac/steam/table_en.pac -> table_en/t_skill.tbl. Ver termo Art.",2026-08-23
Inner Calm,Mecânica,,manter_original,none,,"Nome de habilidade reativa ligada a Support Ability (bloco 'BFS', sem descricao propria na tabela) confirmado em pac/steam/table_en.pac -> table_en/t_skill.tbl. Ver termo Art.",2026-08-23
Inner Calm EX,Mecânica,,manter_original,none,,"Nome de habilidade reativa ligada a Support Ability (bloco 'BFS', sem descricao propria na tabela) confirmado em pac/steam/table_en.pac -> table_en/t_skill.tbl. Ver termo Art.",2026-08-23
Winds of Change,Mecânica,,manter_original,none,,"Nome de habilidade reativa ligada a Support Ability (bloco 'BFS', sem descricao propria na tabela) confirmado em pac/steam/table_en.pac -> table_en/t_skill.tbl. Ver termo Art.",2026-08-23
Winds of Change EX,Mecânica,,manter_original,none,,"Nome de habilidade reativa ligada a Support Ability (bloco 'BFS', sem descricao propria na tabela) confirmado em pac/steam/table_en.pac -> table_en/t_skill.tbl. Ver termo Art.",2026-08-23
Heavenly Herald,Mecânica,,manter_original,none,,"Nome de habilidade reativa ligada a Support Ability (bloco 'BFS', sem descricao propria na tabela) confirmado em pac/steam/table_en.pac -> table_en/t_skill.tbl. Ver termo Art.",2026-08-23
Heavenly Herald EX,Mecânica,,manter_original,none,,"Nome de habilidade reativa ligada a Support Ability (bloco 'BFS', sem descricao propria na tabela) confirmado em pac/steam/table_en.pac -> table_en/t_skill.tbl. Ver termo Art.",2026-08-23
Endure,Mecânica,,manter_original,none,,"Nome de habilidade reativa ligada a Support Ability (bloco 'BFS', sem descricao propria na tabela) confirmado em pac/steam/table_en.pac -> table_en/t_skill.tbl. Ver termo Art.",2026-08-23
Quick Repair,Mecânica,,manter_original,none,,"Nome de habilidade reativa ligada a Support Ability (bloco 'BFS', sem descricao propria na tabela) confirmado em pac/steam/table_en.pac -> table_en/t_skill.tbl. Ver termo Art.",2026-08-23
Indomitable Will,Mecânica,,manter_original,none,,"Nome de habilidade reativa ligada a Support Ability (bloco 'BFS', sem descricao propria na tabela) confirmado em pac/steam/table_en.pac -> table_en/t_skill.tbl. Ver termo Art.",2026-08-23
Auto Thelas,Mecânica,,manter_original,none,,"Nome de habilidade reativa ligada a Support Ability (bloco 'BFS', sem descricao propria na tabela) confirmado em pac/steam/table_en.pac -> table_en/t_skill.tbl. Ver termo Art.",2026-08-23
Flames of Carnage,Mecânica,,manter_original,none,,"Nome de habilidade reativa ligada a Support Ability (bloco 'BFS', sem descricao propria na tabela) confirmado em pac/steam/table_en.pac -> table_en/t_skill.tbl. Ver termo Art.",2026-08-23
Auto Athelas,Mecânica,,manter_original,none,,"Nome de habilidade reativa ligada a Support Ability (bloco 'BFS', sem descricao propria na tabela) confirmado em pac/steam/table_en.pac -> table_en/t_skill.tbl. Ver termo Art.",2026-08-23
New Save Data,UI,Novos Dados de Save,traduzir,none,,Fonte: pac/steam/table_en.pac -> table_en/t_text.tbl (chave TXT_SAVEDATA_NEWDATA_TITLE). Texto de interface/menu do sistema.,2026-08-23
System Data,UI,Dados do Sistema,traduzir,none,,Fonte: pac/steam/table_en.pac -> table_en/t_text.tbl (chave TXT_SYSTEM_SAVEDATA_SUB_TITLE). Texto de interface/menu do sistema.,2026-08-23
Viewer Data,UI,Dados do Visualizador,traduzir,none,,Fonte: pac/steam/table_en.pac -> table_en/t_text.tbl (chave TXT_SAVEDATA_VIEWER). Texto de interface/menu do sistema.,2026-08-23
Playtime,UI,Tempo de Jogo,traduzir,none,,Fonte: pac/steam/table_en.pac -> table_en/t_text.tbl (chave TXT_SAVE_DETAIL_PLAYTIME). Texto de interface/menu do sistema.,2026-08-23
[Very Easy],UI,[Muito Fácil],traduzir,none,,Fonte: pac/steam/table_en.pac -> table_en/t_text.tbl (chave TXT_SAVE_VERY_EASY). Texto de interface/menu do sistema.,2026-08-23
[Easy],UI,[Fácil],traduzir,none,,Fonte: pac/steam/table_en.pac -> table_en/t_text.tbl (chave TXT_SAVE_EASY). Texto de interface/menu do sistema.,2026-08-23
[Normal],UI,[Normal],traduzir,none,,Fonte: pac/steam/table_en.pac -> table_en/t_text.tbl (chave TXT_SAVE_NORMAL). Texto de interface/menu do sistema.,2026-08-23
[Advanced],UI,[Avançado],traduzir,none,,Fonte: pac/steam/table_en.pac -> table_en/t_text.tbl (chave TXT_SAVE_ADVANCED). Texto de interface/menu do sistema.,2026-08-23
[Hard],UI,[Difícil],traduzir,none,,Fonte: pac/steam/table_en.pac -> table_en/t_text.tbl (chave TXT_SAVE_HARD). Texto de interface/menu do sistema.,2026-08-23
[Nightmare],UI,[Pesadelo],traduzir,none,,Fonte: pac/steam/table_en.pac -> table_en/t_text.tbl (chave TXT_SAVE_NIGHTMARE). Texto de interface/menu do sistema.,2026-08-23
Information,UI,Informações,traduzir,none,,Fonte: pac/steam/table_en.pac -> table_en/t_text.tbl (chave TXT_SAVEMENU_INFOMATION). Texto de interface/menu do sistema.,2026-08-23
Feature: Enemy Level +75,UI,Recurso: Nível de Inimigo +75,traduzir,none,,Fonte: pac/steam/table_en.pac -> table_en/t_text.tbl (chave TXT_TITLE_ENEMY_LEVEL_ADD_50). Texto de interface/menu do sistema.,2026-08-23
Start Game,UI,Iniciar Jogo,traduzir,none,,Fonte: pac/steam/table_en.pac -> table_en/t_text.tbl (chave TXT_TITLE_TAKE_OVER_DECIDE). Texto de interface/menu do sistema.,2026-08-23
Sub Info,UI,Info Adicional,traduzir,none,,Fonte: pac/steam/table_en.pac -> table_en/t_text.tbl (chave TXT_HUD_KEYHELP_BTL_SUB_INFO). Texto de interface/menu do sistema.,2026-08-23
S-Break,UI,S-Break,traduzir,none,,Fonte: pac/steam/table_en.pac -> table_en/t_text.tbl (chave TXT_HUD_KEYHELP_BTL_SBREAK). Texto de interface/menu do sistema.,2026-08-23
Help,UI,Ajuda,traduzir,none,,Fonte: pac/steam/table_en.pac -> table_en/t_text.tbl (chave TXT_HUD_KEYHELP_BTL_HELP). Texto de interface/menu do sistema.,2026-08-23
Skip,UI,Pular,traduzir,none,,Fonte: pac/steam/table_en.pac -> table_en/t_text.tbl (chave TXT_HUD_KEYHELP_SKIP). Texto de interface/menu do sistema.,2026-08-23
CP Up,UI,CP Aumentado,traduzir,none,,Fonte: pac/steam/table_en.pac -> table_en/t_text.tbl (chave TXT_HUD_CP_UP). Texto de interface/menu do sistema.,2026-08-23
EP Recovery,UI,Recuperação de EP,traduzir,none,,Fonte: pac/steam/table_en.pac -> table_en/t_text.tbl (chave TXT_HUD_EP_RECOVER). Texto de interface/menu do sistema.,2026-08-23
Debug Mode Enabled,UI,Modo de Depuração Ativado,traduzir,none,,Fonte: pac/steam/table_en.pac -> table_en/t_text.tbl (chave TXT_HUD_DEBUG_TEXT). Texto de interface/menu do sistema.,2026-08-23
Arts List,UI,Lista de Arts,traduzir,none,,Fonte: pac/steam/table_en.pac -> table_en/t_text.tbl (chave TXT_HUD_BTL_MEMBER_CHANGE_KEYHELP_ARTS_LIST). Texto de interface/menu do sistema.,2026-08-23
Crafts List,UI,Lista de Crafts,traduzir,none,,Fonte: pac/steam/table_en.pac -> table_en/t_text.tbl (chave TXT_HUD_BTL_MEMBER_CHANGE_KEYHELP_CRAFT_LIST). Texto de interface/menu do sistema.,2026-08-23
Select Members,UI,Selecionar Membros,traduzir,none,,Fonte: pac/steam/table_en.pac -> table_en/t_text.tbl (chave TXT_HUD_BTL_MEMBER_CHANGE_KEYHELP_SELECT). Texto de interface/menu do sistema.,2026-08-23
Swap,UI,Trocar,traduzir,none,,Fonte: pac/steam/table_en.pac -> table_en/t_text.tbl (chave TXT_HUD_BTL_MEMBER_CHANGE_KEYHELP_CHANGE). Texto de interface/menu do sistema.,2026-08-23
Remaining,UI,Restante,traduzir,none,,Fonte: pac/steam/table_en.pac -> table_en/t_text.tbl (chave TXT_HUD_BTL_TIME_LIMIT_REMAIN). Texto de interface/menu do sistema.,2026-08-23
Info,UI,Info,traduzir,none,,Fonte: pac/steam/table_en.pac -> table_en/t_text.tbl (chave TXT_BTL_TARGET_INFO_DETAIL). Texto de interface/menu do sistema.,2026-08-23
Follow-Up,UI,Perseguição,traduzir,none,,Fonte: pac/steam/table_en.pac -> table_en/t_text.tbl (chave TXT_BTL_BRAVE_CHASE). Texto de interface/menu do sistema.,2026-08-23
Chain,UI,Combo,traduzir,none,,Fonte: pac/steam/table_en.pac -> table_en/t_text.tbl (chave TXT_BTL_BRAVE_RUSH). Texto de interface/menu do sistema.,2026-08-23
Burst,UI,Explosão,traduzir,none,,Fonte: pac/steam/table_en.pac -> table_en/t_text.tbl (chave TXT_BTL_BRAVE_BURST). Texto de interface/menu do sistema.,2026-08-23
Full Burst,UI,Explosão Total,traduzir,none,,Fonte: pac/steam/table_en.pac -> table_en/t_text.tbl (chave TXT_BTL_BRAVE_FULL_BURST). Texto de interface/menu do sistema.,2026-08-23
Item Drops,UI,Itens Dropados,traduzir,none,,Fonte: pac/steam/table_en.pac -> table_en/t_text.tbl (chave TXT_BTL_ENEMY_INFO_DROP). Texto de interface/menu do sistema.,2026-08-23
Elemental Efficacy,UI,Eficácia Elemental,traduzir,none,,Fonte: pac/steam/table_en.pac -> table_en/t_text.tbl (chave TXT_BTL_ENEMY_INFO_ATTR). Texto de interface/menu do sistema.,2026-08-23
Status Efficacy,UI,Eficácia de Status,traduzir,none,,Fonte: pac/steam/table_en.pac -> table_en/t_text.tbl (chave TXT_BTL_ENEMY_INFO_COND). Texto de interface/menu do sistema.,2026-08-23
Camera Controls,UI,Controles de Câmera,traduzir,none,,Fonte: pac/steam/table_en.pac -> table_en/t_text.tbl (chave TXT_BTL_ENEMY_INFO_KEHELP_ROTATE). Texto de interface/menu do sistema.,2026-08-23
Stat Debuff,UI,Redução de Atributo,traduzir,none,,Fonte: pac/steam/table_en.pac -> table_en/t_text.tbl (chave TXT_BTL_ENEMY_INFO_COND_PARAM_DOWN). Texto de interface/menu do sistema.,2026-08-23
Delay,UI,Atraso,traduzir,none,,Fonte: pac/steam/table_en.pac -> table_en/t_text.tbl (chave TXT_BTL_ENEMY_INFO_COND_DELAY). Texto de interface/menu do sistema.,2026-08-23
Burn,UI,Queimadura,traduzir,none,,Fonte: pac/steam/table_en.pac -> table_en/t_text.tbl (chave TXT_BTL_ENEMY_INFO_COND_FIRE). Texto de interface/menu do sistema.,2026-08-23
Freeze,UI,Congelamento,traduzir,none,,Fonte: pac/steam/table_en.pac -> table_en/t_text.tbl (chave TXT_BTL_ENEMY_INFO_COND_FREEZE). Texto de interface/menu do sistema.,2026-08-23
Petrify,UI,Petrificação,traduzir,none,,Fonte: pac/steam/table_en.pac -> table_en/t_text.tbl (chave TXT_BTL_ENEMY_INFO_COND_STONE). Texto de interface/menu do sistema.,2026-08-23
Sleep,UI,Sono,traduzir,none,,Fonte: pac/steam/table_en.pac -> table_en/t_text.tbl (chave TXT_BTL_ENEMY_INFO_COND_SLEEP). Texto de interface/menu do sistema.,2026-08-23
Seal,UI,Selo de Craft,traduzir,none,,Fonte: pac/steam/table_en.pac -> table_en/t_text.tbl (chave TXT_BTL_ENEMY_INFO_COND_SEAL_CRAFT). Texto de interface/menu do sistema.,2026-08-23
Mute,UI,Silêncio,traduzir,none,,Fonte: pac/steam/table_en.pac -> table_en/t_text.tbl (chave TXT_BTL_ENEMY_INFO_COND_SEAL_ARTS). Texto de interface/menu do sistema.,2026-08-23
Poison,UI,Veneno,traduzir,none,,Fonte: pac/steam/table_en.pac -> table_en/t_text.tbl (chave TXT_BTL_ENEMY_INFO_COND_POISON). Texto de interface/menu do sistema.,2026-08-23
Blind,UI,Cegueira,traduzir,none,,Fonte: pac/steam/table_en.pac -> table_en/t_text.tbl (chave TXT_BTL_ENEMY_INFO_COND_DARKNESS). Texto de interface/menu do sistema.,2026-08-23
Confuse,UI,Confusão,traduzir,none,,Fonte: pac/steam/table_en.pac -> table_en/t_text.tbl (chave TXT_BTL_ENEMY_INFO_COND_CONFUSION). Texto de interface/menu do sistema.,2026-08-23
Deathblow,UI,Golpe Fatal,traduzir,none,,Fonte: pac/steam/table_en.pac -> table_en/t_text.tbl (chave TXT_BTL_ENEMY_INFO_COND_DEATH). Texto de interface/menu do sistema.,2026-08-23
CRITICAL,UI,CRÍTICO,traduzir,none,,Fonte: pac/steam/table_en.pac -> table_en/t_text.tbl (chave TXT_BTL_DMG_CRITICAL). Texto de interface/menu do sistema.,2026-08-23
OVERDRIVE,UI,OVERDRIVE,traduzir,none,,Fonte: pac/steam/table_en.pac -> table_en/t_text.tbl (chave TXT_BTL_DMG_OVERDRIVE). Texto de interface/menu do sistema.,2026-08-23
STEAL BONUS,UI,BÔNUS DE ROUBO,traduzir,none,,Fonte: pac/steam/table_en.pac -> table_en/t_text.tbl (chave TXT_BTL_DMG_STEAL_BONUS). Texto de interface/menu do sistema.,2026-08-23
MISS,UI,ERROU,traduzir,none,,Fonte: pac/steam/table_en.pac -> table_en/t_text.tbl (chave TXT_BTL_DMG_MISS). Texto de interface/menu do sistema.,2026-08-23
STR UP,UI,STR ↑,traduzir,none,,Fonte: pac/steam/table_en.pac -> table_en/t_text.tbl (chave TXT_BTL_DMG_STR_UP). Texto de interface/menu do sistema.,2026-08-23
STR DOWN,UI,STR ↓,traduzir,none,,Fonte: pac/steam/table_en.pac -> table_en/t_text.tbl (chave TXT_BTL_DMG_STR_DOWN). Texto de interface/menu do sistema.,2026-08-23
DEF UP,UI,DEF ↑,traduzir,none,,Fonte: pac/steam/table_en.pac -> table_en/t_text.tbl (chave TXT_BTL_DMG_DEF_UP). Texto de interface/menu do sistema.,2026-08-23
DEF DOWN,UI,DEF ↓,traduzir,none,,Fonte: pac/steam/table_en.pac -> table_en/t_text.tbl (chave TXT_BTL_DMG_DEF_DOWN). Texto de interface/menu do sistema.,2026-08-23
ATS UP,UI,ATS ↑,traduzir,none,,Fonte: pac/steam/table_en.pac -> table_en/t_text.tbl (chave TXT_BTL_DMG_ATS_UP). Texto de interface/menu do sistema.,2026-08-23
ATS DOWN,UI,ATS ↓,traduzir,none,,Fonte: pac/steam/table_en.pac -> table_en/t_text.tbl (chave TXT_BTL_DMG_ATS_DOWN). Texto de interface/menu do sistema.,2026-08-23
ADF UP,UI,ADF ↑,traduzir,none,,Fonte: pac/steam/table_en.pac -> table_en/t_text.tbl (chave TXT_BTL_DMG_ADF_UP). Texto de interface/menu do sistema.,2026-08-23
ADF DOWN,UI,ADF ↓,traduzir,none,,Fonte: pac/steam/table_en.pac -> table_en/t_text.tbl (chave TXT_BTL_DMG_ADF_DOWN). Texto de interface/menu do sistema.,2026-08-23
SPD UP,UI,SPD ↑,traduzir,none,,Fonte: pac/steam/table_en.pac -> table_en/t_text.tbl (chave TXT_BTL_DMG_SPD_UP). Texto de interface/menu do sistema.,2026-08-23
SPD DOWN,UI,SPD ↓,traduzir,none,,Fonte: pac/steam/table_en.pac -> table_en/t_text.tbl (chave TXT_BTL_DMG_SPD_DOWN). Texto de interface/menu do sistema.,2026-08-23
MOV UP,UI,MOV ↑,traduzir,none,,Fonte: pac/steam/table_en.pac -> table_en/t_text.tbl (chave TXT_BTL_DMG_MOV_UP). Texto de interface/menu do sistema.,2026-08-23
MOV DOWN,UI,MOV ↓,traduzir,none,,Fonte: pac/steam/table_en.pac -> table_en/t_text.tbl (chave TXT_BTL_DMG_MOV_DOWN). Texto de interface/menu do sistema.,2026-08-23
DELAY,UI,ATRASO,traduzir,none,,Fonte: pac/steam/table_en.pac -> table_en/t_text.tbl (chave TXT_BTL_DMG_DELAY). Texto de interface/menu do sistema.,2026-08-23
RESIST,UI,RESISTIU,traduzir,none,,Fonte: pac/steam/table_en.pac -> table_en/t_text.tbl (chave TXT_BTL_DMG_RESIST). Texto de interface/menu do sistema.,2026-08-23
HP REGEN,UI,REGEN. HP,traduzir,none,,Fonte: pac/steam/table_en.pac -> table_en/t_text.tbl (chave TXT_BTL_DMG_HP_REGENE). Texto de interface/menu do sistema.,2026-08-23
EP REGEN,UI,REGEN. EP,traduzir,none,,Fonte: pac/steam/table_en.pac -> table_en/t_text.tbl (chave TXT_BTL_DMG_EP_REGENE). Texto de interface/menu do sistema.,2026-08-23
CP REGEN,UI,REGEN. CP,traduzir,none,,Fonte: pac/steam/table_en.pac -> table_en/t_text.tbl (chave TXT_BTL_DMG_CP_REGENE). Texto de interface/menu do sistema.,2026-08-23
GUARD,UI,DEFESA,traduzir,none,,Fonte: pac/steam/table_en.pac -> table_en/t_text.tbl (chave TXT_BTL_DMG_GUARD). Texto de interface/menu do sistema.,2026-08-23
OVERKILL,UI,OVERKILL,traduzir,none,,Fonte: pac/steam/table_en.pac -> table_en/t_text.tbl (chave TXT_BTL_DMG_OVERKILL). Texto de interface/menu do sistema.,2026-08-23
STEALTH,UI,FURTIVIDADE,traduzir,none,,Fonte: pac/steam/table_en.pac -> table_en/t_text.tbl (chave TXT_BTL_DMG_STEALTH). Texto de interface/menu do sistema.,2026-08-23
ATK UP,UI,ATQ ↑,traduzir,none,,Fonte: pac/steam/table_en.pac -> table_en/t_text.tbl (chave TXT_BTL_DMG_ATTACK_UP). Texto de interface/menu do sistema.,2026-08-23
MAGIC ATK UP,UI,ATQ MÁG. ↑,traduzir,none,,Fonte: pac/steam/table_en.pac -> table_en/t_text.tbl (chave TXT_BTL_DMG_MAGIC_ATTACK_UP). Texto de interface/menu do sistema.,2026-08-23
MAGIC DEF UP,UI,DEF MÁG. ↑,traduzir,none,,Fonte: pac/steam/table_en.pac -> table_en/t_text.tbl (chave TXT_BTL_DMG_MAGIC_DEFEND_UP). Texto de interface/menu do sistema.,2026-08-23
HATE UP,UI,ÓDIO ↑,traduzir,none,,Fonte: pac/steam/table_en.pac -> table_en/t_text.tbl (chave TXT_BTL_DMG_HATE_UP). Texto de interface/menu do sistema.,2026-08-23
ATK DOWN,UI,ATQ ↓,traduzir,none,,Fonte: pac/steam/table_en.pac -> table_en/t_text.tbl (chave TXT_BTL_DMG_ATTACK_DOWN). Texto de interface/menu do sistema.,2026-08-23
MAGIC ATK DOWN,UI,ATQ MÁG. ↓,traduzir,none,,Fonte: pac/steam/table_en.pac -> table_en/t_text.tbl (chave TXT_BTL_DMG_MAGIC_ATTACK_DOWN). Texto de interface/menu do sistema.,2026-08-23
MAGIC DEF DOWN,UI,DEF MÁG. ↓,traduzir,none,,Fonte: pac/steam/table_en.pac -> table_en/t_text.tbl (chave TXT_BTL_DMG_MAGIC_DEFEND_DOWN). Texto de interface/menu do sistema.,2026-08-23
HATE DOWN,UI,ÓDIO ↓,traduzir,none,,Fonte: pac/steam/table_en.pac -> table_en/t_text.tbl (chave TXT_BTL_DMG_HATE_DOWN). Texto de interface/menu do sistema.,2026-08-23
ZERO DELAY,UI,ATRASO ZERO,traduzir,none,,Fonte: pac/steam/table_en.pac -> table_en/t_text.tbl (chave TXT_BTL_DMG_ZERO_DELAY). Texto de interface/menu do sistema.,2026-08-23
ALL CANCEL,UI,CANCELAR TUDO,traduzir,none,,Fonte: pac/steam/table_en.pac -> table_en/t_text.tbl (chave TXT_BTL_DMG_ALL_CANCEL). Texto de interface/menu do sistema.,2026-08-23
SBREAK FAILED,UI,S-BREAK FALHOU,traduzir,none,,Fonte: pac/steam/table_en.pac -> table_en/t_text.tbl (chave TXT_BTL_DMG_SBREAK_FAILD). Texto de interface/menu do sistema.,2026-08-23
ARTS FAILED,UI,ARTS FALHOU,traduzir,none,,Fonte: pac/steam/table_en.pac -> table_en/t_text.tbl (chave TXT_BTL_DMG_ARTS_FAILD). Texto de interface/menu do sistema.,2026-08-23
REFLECT,UI,REFLETIU,traduzir,none,,Fonte: pac/steam/table_en.pac -> table_en/t_text.tbl (chave TXT_BTL_DMG_REFLECT). Texto de interface/menu do sistema.,2026-08-23
FORESIGHT,UI,PRESCIÊNCIA,traduzir,none,,Fonte: pac/steam/table_en.pac -> table_en/t_text.tbl (chave TXT_BTL_DMG_MINDS_EYE). Texto de interface/menu do sistema.,2026-08-23
HP SHIELD,UI,ESCUDO DE HP,traduzir,none,,Fonte: pac/steam/table_en.pac -> table_en/t_text.tbl (chave TXT_BTL_DMG_HP_SHIELD). Texto de interface/menu do sistema.,2026-08-23
PERFECT GUARD,UI,DEFESA PERFEITA,traduzir,none,,Fonte: pac/steam/table_en.pac -> table_en/t_text.tbl (chave TXT_BTL_DMG_PERFECT_GUARD). Texto de interface/menu do sistema.,2026-08-23
EXP GET,UI,EXP OBTIDO,traduzir,none,,Fonte: pac/steam/table_en.pac -> table_en/t_text.tbl (chave TXT_BTL_DMG_EXP_GET). Texto de interface/menu do sistema.,2026-08-23
AT-BONUS GET,UI,BÔNUS DE AT OBTIDO,traduzir,none,,Fonte: pac/steam/table_en.pac -> table_en/t_text.tbl (chave TXT_BTL_DMG_AT_BONUS_GET). Texto de interface/menu do sistema.,2026-08-23
DEBUFF SHIELD,UI,ESCUDO DE DEBUFF,traduzir,none,,Fonte: pac/steam/table_en.pac -> table_en/t_text.tbl (chave TXT_BTL_DMG_DEBUFF_SHIELD). Texto de interface/menu do sistema.,2026-08-23
LUCK UP,UI,SORTE ↑,traduzir,none,,Fonte: pac/steam/table_en.pac -> table_en/t_text.tbl (chave TXT_BTL_DMG_LUCK_UP). Texto de interface/menu do sistema.,2026-08-23
LUCK DOWN,UI,SORTE ↓,traduzir,none,,Fonte: pac/steam/table_en.pac -> table_en/t_text.tbl (chave TXT_BTL_DMG_LUCK_DOWN). Texto de interface/menu do sistema.,2026-08-23
Details,UI,Detalhes,traduzir,none,,Fonte: pac/steam/table_en.pac -> table_en/t_text.tbl (chave TXT_RESULT_DETAIL). Texto de interface/menu do sistema.,2026-08-23
Result Details,UI,Detalhes do Resultado,traduzir,none,,Fonte: pac/steam/table_en.pac -> table_en/t_text.tbl (chave TXT_RESULT_DETAIL_2). Texto de interface/menu do sistema.,2026-08-23
New Craft,UI,Novo Craft,traduzir,none,,Fonte: pac/steam/table_en.pac -> table_en/t_text.tbl (chave TXT_RESULT_NEW_CRAFT). Texto de interface/menu do sistema.,2026-08-23
Support Ability,UI,Support Ability,traduzir,none,,Fonte: pac/steam/table_en.pac -> table_en/t_text.tbl (chave TXT_RESULT_SUPPORT_ABILITY). Texto de interface/menu do sistema.,2026-08-23
Proceed,UI,Continuar,traduzir,none,,Fonte: pac/steam/table_en.pac -> table_en/t_text.tbl (chave TXT_RESULT_SKIP). Texto de interface/menu do sistema.,2026-08-23
Retry,UI,Tentar Novamente,traduzir,none,,Fonte: pac/steam/table_en.pac -> table_en/t_text.tbl (chave TXT_GAMEOVER_RETRY). Texto de interface/menu do sistema.,2026-08-23
Proceed as is,UI,Continuar assim mesmo,traduzir,none,,Fonte: pac/steam/table_en.pac -> table_en/t_text.tbl (chave TXT_GAMEOVER_GO_AHEAD). Texto de interface/menu do sistema.,2026-08-23
Proceed as victory,UI,Continuar como vitória,traduzir,none,,Fonte: pac/steam/table_en.pac -> table_en/t_text.tbl (chave TXT_GAMEOVER_GO_AHEAD_AS_WIN). Texto de interface/menu do sistema.,2026-08-23
Load most recent save data,UI,Carregar dados de save mais recentes,traduzir,none,,Fonte: pac/steam/table_en.pac -> table_en/t_text.tbl (chave TXT_GAMEOVER_LOAD_LATEST_SAVE). Texto de interface/menu do sistema.,2026-08-23
Return to Title Screen,UI,Voltar à Tela de Título,traduzir,none,,Fonte: pac/steam/table_en.pac -> table_en/t_text.tbl (chave TXT_GAMEOVER_TITLE). Texto de interface/menu do sistema.,2026-08-23
Unequip,UI,Desequipar,traduzir,none,,Fonte: pac/steam/table_en.pac -> table_en/t_text.tbl (chave TXT_CAMP_REMOVE_EQUIP). Texto de interface/menu do sistema.,2026-08-23
Return,UI,Voltar,traduzir,none,,Fonte: pac/steam/table_en.pac -> table_en/t_text.tbl (chave TXT_CAMP_BACK). Texto de interface/menu do sistema.,2026-08-23
Change Formation,UI,Mudar Formação,traduzir,none,,Fonte: pac/steam/table_en.pac -> table_en/t_text.tbl (chave TXT_CAMP_TOP_KEY_HELP_FORMATION_TEXT). Texto de interface/menu do sistema.,2026-08-23
Save,UI,Salvar,traduzir,none,,Fonte: pac/steam/table_en.pac -> table_en/t_text.tbl (chave TXT_CAMP_TOP_KEY_HELP_SYSTEM_TEXT). Texto de interface/menu do sistema.,2026-08-23
Select Character,UI,Selecionar Personagem,traduzir,none,,Fonte: pac/steam/table_en.pac -> table_en/t_text.tbl (chave TXT_CAMP_TOP_KEY_HELP_SELECT_TEXT). Texto de interface/menu do sistema.,2026-08-23
Effect,UI,Efeito,traduzir,none,,Fonte: pac/steam/table_en.pac -> table_en/t_text.tbl (chave TXT_CAMP_ITEM_EFFECT). Texto de interface/menu do sistema.,2026-08-23
Range,UI,Alcance,traduzir,none,,Fonte: pac/steam/table_en.pac -> table_en/t_text.tbl (chave TXT_CAMP_ITEM_RANGE). Texto de interface/menu do sistema.,2026-08-23
Unused,UI,Não Utilizado,traduzir,none,,Fonte: pac/steam/table_en.pac -> table_en/t_text.tbl (chave TXT_CAMP_ITEM_NO_EQUIP). Texto de interface/menu do sistema.,2026-08-23
Owned,UI,Quantidade,traduzir,none,,Fonte: pac/steam/table_en.pac -> table_en/t_text.tbl (chave TXT_CAMP_ITEM_HAVE_NUM). Texto de interface/menu do sistema.,2026-08-23
Discard,UI,Descartar,traduzir,none,,Fonte: pac/steam/table_en.pac -> table_en/t_text.tbl (chave TXT_CAMP_ITEM_KEY_HELP_DISCARD_TEXT). Texto de interface/menu do sistema.,2026-08-23
Recipe Learned,UI,Receita Aprendida,traduzir,none,,Fonte: pac/steam/table_en.pac -> table_en/t_text.tbl (chave TXT_CAMP_ITEM_KEY_HELP_RECIPE_TEXT). Texto de interface/menu do sistema.,2026-08-23
Equipped By,UI,Equipado Por,traduzir,none,,Fonte: pac/steam/table_en.pac -> table_en/t_text.tbl (chave TXT_CAMP_EQUIP_EQUIP_CHARACTER). Texto de interface/menu do sistema.,2026-08-23
Total,UI,Total,traduzir,none,,Fonte: pac/steam/table_en.pac -> table_en/t_text.tbl (chave TXT_CAMP_EQUIP_TOTAL_NUM). Texto de interface/menu do sistema.,2026-08-23
Auto-Equip: Balanced,UI,Autoequipar: Equilibrado,traduzir,none,,Fonte: pac/steam/table_en.pac -> table_en/t_text.tbl (chave TXT_CAMP_EQUIP_AUTO_EQUIP_BALANCE). Texto de interface/menu do sistema.,2026-08-23
Auto-Equip: Magic Priority,UI,Autoequipar: Prioridade Mágica,traduzir,none,,Fonte: pac/steam/table_en.pac -> table_en/t_text.tbl (chave TXT_CAMP_EQUIP_AUTO_EQUIP_MAGIC). Texto de interface/menu do sistema.,2026-08-23
Auto-Equip: Speed Priority,UI,Autoequipar: Prioridade de Velocidade,traduzir,none,,Fonte: pac/steam/table_en.pac -> table_en/t_text.tbl (chave TXT_CAMP_EQUIP_AUTO_EQUIP_SPEED). Texto de interface/menu do sistema.,2026-08-23
Remove All ⇒ Balanced,UI,Remover Tudo ⇒ Equilibrado,traduzir,none,,Fonte: pac/steam/table_en.pac -> table_en/t_text.tbl (chave TXT_CAMP_EQUIP_AUTO_RESET_BALANCE). Texto de interface/menu do sistema.,2026-08-23
Remove All ⇒ Magic Priority,UI,Remover Tudo ⇒ Prioridade Mágica,traduzir,none,,Fonte: pac/steam/table_en.pac -> table_en/t_text.tbl (chave TXT_CAMP_EQUIP_AUTO_RESET_MAGIC). Texto de interface/menu do sistema.,2026-08-23
Remove All ⇒ Speed Priority,UI,Remover Tudo ⇒ Prioridade de Velocidade,traduzir,none,,Fonte: pac/steam/table_en.pac -> table_en/t_text.tbl (chave TXT_CAMP_EQUIP_AUTO_RESET_SPEED). Texto de interface/menu do sistema.,2026-08-23
Remove Accessories/Armor,UI,Remover Acessórios/Armadura,traduzir,none,,Fonte: pac/steam/table_en.pac -> table_en/t_text.tbl (chave TXT_CAMP_EQUIP_ACCESSORY_REMOVE). Texto de interface/menu do sistema.,2026-08-23
Auto-Equip,UI,Autoequipar,traduzir,none,,Fonte: pac/steam/table_en.pac -> table_en/t_text.tbl (chave TXT_CAMP_EQUIP_KEY_HELP_AUTO_EQUIP_TEXT). Texto de interface/menu do sistema.,2026-08-23
Power,UI,Poder,traduzir,none,,Fonte: pac/steam/table_en.pac -> table_en/t_text.tbl (chave TXT_CAMP_STATUS_POWER). Texto de interface/menu do sistema.,2026-08-23
S-Crafts,UI,S-Crafts,traduzir,none,,Fonte: pac/steam/table_en.pac -> table_en/t_text.tbl (chave TXT_CAMP_STATUS_SCRAFTS). Texto de interface/menu do sistema.,2026-08-23
Crafts,UI,Crafts,traduzir,none,,Fonte: pac/steam/table_en.pac -> table_en/t_text.tbl (chave TXT_CAMP_STATUS_CRAFTS). Texto de interface/menu do sistema.,2026-08-23
Overdrive,UI,Overdrive,traduzir,none,,Fonte: pac/steam/table_en.pac -> table_en/t_text.tbl (chave TXT_CAMP_STATUS_OVERDRIVE). Texto de interface/menu do sistema.,2026-08-23
Set S-Break,UI,Definir S-Break,traduzir,none,,Fonte: pac/steam/table_en.pac -> table_en/t_text.tbl (chave TXT_CAMP_STATUS_KEY_HELP_SBREAK_SET_TEXT). Texto de interface/menu do sistema.,2026-08-23
View Abilities,UI,Ver Habilidades,traduzir,none,,Fonte: pac/steam/table_en.pac -> table_en/t_text.tbl (chave TXT_CAMP_STATUS_KEY_HELP_SUPPORT_ABILITY_SET_TEXT). Texto de interface/menu do sistema.,2026-08-23
View Crafts,UI,Ver Crafts,traduzir,none,,Fonte: pac/steam/table_en.pac -> table_en/t_text.tbl (chave TXT_CAMP_STATUS_KEY_HELP_CRAFT_SET_TEXT). Texto de interface/menu do sistema.,2026-08-23
Costume,UI,Traje,traduzir,none,,Fonte: pac/steam/table_en.pac -> table_en/t_text.tbl (chave TXT_CAMP_COSTUME_COSTUME). Texto de interface/menu do sistema.,2026-08-23
Accessory,UI,Acessório,traduzir,none,,Fonte: pac/steam/table_en.pac -> table_en/t_text.tbl (chave TXT_CAMP_COSTUME_ATTACHMENT). Texto de interface/menu do sistema.,2026-08-23
Hair Color,UI,Cor do Cabelo,traduzir,none,,Fonte: pac/steam/table_en.pac -> table_en/t_text.tbl (chave TXT_CAMP_COSTUME_HAIR_COLOR). Texto de interface/menu do sistema.,2026-08-23
View Model,UI,Ver Modelo,traduzir,none,,Fonte: pac/steam/table_en.pac -> table_en/t_text.tbl (chave TXT_CAMP_COSTUME_KEY_HELP_INFO_TEXT). Texto de interface/menu do sistema.,2026-08-23
Move,UI,Mover,traduzir,none,,Fonte: pac/steam/table_en.pac -> table_en/t_text.tbl (chave TXT_CAMP_COSTUME_KEY_HELP_MOVING_TEXT). Texto de interface/menu do sistema.,2026-08-23
Rotate,UI,Girar,traduzir,none,,Fonte: pac/steam/table_en.pac -> table_en/t_text.tbl (chave TXT_CAMP_COSTUME_KEY_HELP_ROTATE_TEXT). Texto de interface/menu do sistema.,2026-08-23
Switch Character,UI,Trocar Personagem,traduzir,none,,Fonte: pac/steam/table_en.pac -> table_en/t_text.tbl (chave TXT_CAMP_COSTUME_KEY_HELP_CHARA_CHANGE_TEXT). Texto de interface/menu do sistema.,2026-08-23
Zoom In/Out,UI,Aproximar/Afastar,traduzir,none,,Fonte: pac/steam/table_en.pac -> table_en/t_text.tbl (chave TXT_CAMP_COSTUME_KEY_HELP_SCALING_TEXT). Texto de interface/menu do sistema.,2026-08-23
Reset View,UI,Redefinir Visualização,traduzir,none,,Fonte: pac/steam/table_en.pac -> table_en/t_text.tbl (chave TXT_CAMP_COSTUME_KEY_HELP_RESET_TEXT). Texto de interface/menu do sistema.,2026-08-23
Hide UI,UI,Ocultar Interface,traduzir,none,,Fonte: pac/steam/table_en.pac -> table_en/t_text.tbl (chave TXT_CAMP_COSTUME_KEY_HELP_HIDE_TEXT). Texto de interface/menu do sistema.,2026-08-23
Load,UI,Carregar,traduzir,none,,Fonte: pac/steam/table_en.pac -> table_en/t_text.tbl (chave TXT_CAMP_SYSTEM_ITEM_1). Texto de interface/menu do sistema.,2026-08-23
Delete Save Data,UI,Apagar Dados de Save,traduzir,none,,Fonte: pac/steam/table_en.pac -> table_en/t_text.tbl (chave TXT_CAMP_SYSTEM_ITEM_2). Texto de interface/menu do sistema.,2026-08-23
Options,UI,Opções,traduzir,none,,Fonte: pac/steam/table_en.pac -> table_en/t_text.tbl (chave TXT_CAMP_SYSTEM_ITEM_4). Texto de interface/menu do sistema.,2026-08-23
End Game,UI,Encerrar Jogo,traduzir,none,,Fonte: pac/steam/table_en.pac -> table_en/t_text.tbl (chave TXT_CAMP_SYSTEM_ITEM_6). Texto de interface/menu do sistema.,2026-08-23
Reward,UI,Recompensa,traduzir,none,,Fonte: pac/steam/table_en.pac -> table_en/t_text.tbl (chave TXT_CAMP_ACHIEVEMENT_REWARD). Texto de interface/menu do sistema.,2026-08-23
Achievements,UI,Conquistas,traduzir,none,,Fonte: pac/steam/table_en.pac -> table_en/t_text.tbl (chave TXT_CAMP_ACHIEVEMENT_PLAY_RECORD). Texto de interface/menu do sistema.,2026-08-23
Claim Bonus,UI,Resgatar Bônus,traduzir,none,,Fonte: pac/steam/table_en.pac -> table_en/t_text.tbl (chave TXT_CAMP_ACHIEVEMENT_KEY_HELP_GET_TEXT). Texto de interface/menu do sistema.,2026-08-23
Arts,UI,Arts,traduzir,none,,Fonte: pac/steam/table_en.pac -> table_en/t_text.tbl (chave TXT_CAMP_ORBMENT_ARTS). Texto de interface/menu do sistema.,2026-08-23
Usable Arts,UI,Arts Disponíveis,traduzir,none,,Fonte: pac/steam/table_en.pac -> table_en/t_text.tbl (chave TXT_CAMP_ORBMENT_HAVE_ARTS). Texto de interface/menu do sistema.,2026-08-23
EP Cost,UI,Custo de EP,traduzir,none,,Fonte: pac/steam/table_en.pac -> table_en/t_text.tbl (chave TXT_CAMP_ORBMENT_EP_CONSUME). Texto de interface/menu do sistema.,2026-08-23
Required Elements,UI,Elementos Necessários,traduzir,none,,Fonte: pac/steam/table_en.pac -> table_en/t_text.tbl (chave TXT_CAMP_ORBMENT_NEED_ELEMENT). Texto de interface/menu do sistema.,2026-08-23
Value,UI,Valor,traduzir,none,,Fonte: pac/steam/table_en.pac -> table_en/t_text.tbl (chave TXT_CAMP_ORBMENT_ELEMENT_VALUE). Texto de interface/menu do sistema.,2026-08-23
Added Elemental Value,UI,Valor Elemental Adicionado,traduzir,none,,Fonte: pac/steam/table_en.pac -> table_en/t_text.tbl (chave TXT_CAMP_ORBMENT_ADD_ELEMENT). Texto de interface/menu do sistema.,2026-08-23
Effect Details,UI,Detalhes do Efeito,traduzir,none,,Fonte: pac/steam/table_en.pac -> table_en/t_text.tbl (chave TXT_CAMP_ORBMENT_EFFECT_INFO). Texto de interface/menu do sistema.,2026-08-23
Equippable,UI,Equipável,traduzir,none,,Fonte: pac/steam/table_en.pac -> table_en/t_text.tbl (chave TXT_CAMP_ORBMENT_CAN_EQUIP). Texto de interface/menu do sistema.,2026-08-23
Not Enhanced,UI,Não Aprimorado,traduzir,none,,Fonte: pac/steam/table_en.pac -> table_en/t_text.tbl (chave TXT_CAMP_ORBMENT_NO_OPEN). Texto de interface/menu do sistema.,2026-08-23
Enhanced,UI,Aprimorado,traduzir,none,,Fonte: pac/steam/table_en.pac -> table_en/t_text.tbl (chave TXT_CAMP_ORBMENT_UPGRADED). Texto de interface/menu do sistema.,2026-08-23
Can Be Enhanced,UI,Pode Ser Aprimorado,traduzir,none,,Fonte: pac/steam/table_en.pac -> table_en/t_text.tbl (chave TXT_CAMP_ORBMENT_CAN_OPEN). Texto de interface/menu do sistema.,2026-08-23
Orbment Cover,UI,Capa do Orbment,traduzir,none,,Fonte: pac/steam/table_en.pac -> table_en/t_text.tbl (chave TXT_CAMP_ORBMENT_ORBMENT_COVER). Texto de interface/menu do sistema.,2026-08-23
Reset to Default,UI,Redefinir ao Padrão,traduzir,none,,Fonte: pac/steam/table_en.pac -> table_en/t_text.tbl (chave TXT_CAMP_ORBMENT_BACK_INITIAL). Texto de interface/menu do sistema.,2026-08-23
Center,UI,Centro,traduzir,none,,Fonte: pac/steam/table_en.pac -> table_en/t_text.tbl (chave TXT_CAMP_ORBMENT_SLOT_CENTER_INFO). Texto de interface/menu do sistema.,2026-08-23
Remove All Quartz,UI,Remover Todos os Quartz,traduzir,none,,Fonte: pac/steam/table_en.pac -> table_en/t_text.tbl (chave TXT_CAMP_ORBMENT_AUTO_REMOVE_ALL). Texto de interface/menu do sistema.,2026-08-23
Quartz List,UI,Lista de Quartz,traduzir,none,,Fonte: pac/steam/table_en.pac -> table_en/t_text.tbl (chave TXT_CAMP_ORBMENT_KEY_HELP_QUARTZ_LIST_TEXT). Texto de interface/menu do sistema.,2026-08-23
Change Cover,UI,Trocar Capa,traduzir,none,,Fonte: pac/steam/table_en.pac -> table_en/t_text.tbl (chave TXT_CAMP_ORBMENT_KEY_HELP_COVER_CHANGE_TEXT). Texto de interface/menu do sistema.,2026-08-23
Open/Close Cover,UI,Abrir/Fechar Capa,traduzir,none,,Fonte: pac/steam/table_en.pac -> table_en/t_text.tbl (chave TXT_CAMP_ORBMENT_KEY_HELP_COVER_OPEN_TEXT). Texto de interface/menu do sistema.,2026-08-23
Reset,UI,Redefinir,traduzir,none,,Fonte: pac/steam/table_en.pac -> table_en/t_text.tbl (chave TXT_CAMP_ORBMENT_KEY_HELP_RESET_TEXT). Texto de interface/menu do sistema.,2026-08-23
Close,UI,Fechar,traduzir,none,,Fonte: pac/steam/table_en.pac -> table_en/t_text.tbl (chave TXT_CAMP_ORBMENT_KEY_HELP_CLOSE_TEXT). Texto de interface/menu do sistema.,2026-08-23
Changing Formation,UI,Alterando Formação,traduzir,none,,Fonte: pac/steam/table_en.pac -> table_en/t_text.tbl (chave TXT_CAMP_PARTY_BAN). Texto de interface/menu do sistema.,2026-08-23
Party Members,UI,Membros do Grupo,traduzir,none,,Fonte: pac/steam/table_en.pac -> table_en/t_text.tbl (chave TXT_CAMP_PARTY_PARTY_MEMBER). Texto de interface/menu do sistema.,2026-08-23
Standby Members,UI,Membros de Reserva,traduzir,none,,Fonte: pac/steam/table_en.pac -> table_en/t_text.tbl (chave TXT_CAMP_PARTY_RESERVE_MEMBER). Texto de interface/menu do sistema.,2026-08-23
Select,UI,Selecionar,traduzir,none,,Fonte: pac/steam/table_en.pac -> table_en/t_text.tbl (chave TXT_CAMP_PARTY_KEY_HELP_DECIDED_TEXT). Texto de interface/menu do sistema.,2026-08-23
Confirm,UI,Confirmar,traduzir,none,,Fonte: pac/steam/table_en.pac -> table_en/t_text.tbl (chave TXT_CAMP_PARTY_KEY_HELP_BACK_TEXT). Texto de interface/menu do sistema.,2026-08-23
Price,UI,Preço,traduzir,none,,Fonte: pac/steam/table_en.pac -> table_en/t_text.tbl (chave TXT_SHOP_PRICE). Texto de interface/menu do sistema.,2026-08-23
Sell Price,UI,Preço de Venda,traduzir,none,,Fonte: pac/steam/table_en.pac -> table_en/t_text.tbl (chave TXT_SHOP_SELL_PRICE). Texto de interface/menu do sistema.,2026-08-23
Equipped,UI,Equipado,traduzir,none,,Fonte: pac/steam/table_en.pac -> table_en/t_text.tbl (chave TXT_SHOP_EQUIP_NUM). Texto de interface/menu do sistema.,2026-08-23
Slot,UI,Slot,traduzir,none,,Fonte: pac/steam/table_en.pac -> table_en/t_text.tbl (chave TXT_SHOP_SLOT). Texto de interface/menu do sistema.,2026-08-23
Rate,UI,Taxa,traduzir,none,,Fonte: pac/steam/table_en.pac -> table_en/t_text.tbl (chave TXT_SHOP_RATE). Texto de interface/menu do sistema.,2026-08-23
Cost,UI,Custo,traduzir,none,,Fonte: pac/steam/table_en.pac -> table_en/t_text.tbl (chave TXT_SHOP_COST). Texto de interface/menu do sistema.,2026-08-23
Status,UI,Status,traduzir,none,,Fonte: pac/steam/table_en.pac -> table_en/t_text.tbl (chave TXT_SHOP_STATUS). Texto de interface/menu do sistema.,2026-08-23
Required,UI,Necessário,traduzir,none,,Fonte: pac/steam/table_en.pac -> table_en/t_text.tbl (chave TXT_SHOP_NEED_NUM). Texto de interface/menu do sistema.,2026-08-23
Necessary mira,UI,Mira necessária,traduzir,none,,Fonte: pac/steam/table_en.pac -> table_en/t_text.tbl (chave TXT_SHOP_NEED_MIRA). Texto de interface/menu do sistema.,2026-08-23
Material,UI,Material,traduzir,none,,Fonte: pac/steam/table_en.pac -> table_en/t_text.tbl (chave TXT_SHOP_MATERIAL). Texto de interface/menu do sistema.,2026-08-23
Medals,UI,Medalhas,traduzir,none,,Fonte: pac/steam/table_en.pac -> table_en/t_text.tbl (chave TXT_SHOP_MEDAL). Texto de interface/menu do sistema.,2026-08-23
Exchange,UI,Trocar,traduzir,none,,Fonte: pac/steam/table_en.pac -> table_en/t_text.tbl (chave TXT_SHOP_EXECUTE_EXCHANGE). Texto de interface/menu do sistema.,2026-08-23
Purchase,UI,Comprar,traduzir,none,,Fonte: pac/steam/table_en.pac -> table_en/t_text.tbl (chave TXT_SHOP_BUY_YES). Texto de interface/menu do sistema.,2026-08-23
Sell,UI,Vender,traduzir,none,,Fonte: pac/steam/table_en.pac -> table_en/t_text.tbl (chave TXT_SHOP_SELL_YES). Texto de interface/menu do sistema.,2026-08-23
Synthesize,UI,Sintetizar,traduzir,none,,Fonte: pac/steam/table_en.pac -> table_en/t_text.tbl (chave TXT_SHOP_GENERATE_YES). Texto de interface/menu do sistema.,2026-08-23
Enhance,UI,Aprimorar,traduzir,none,,Fonte: pac/steam/table_en.pac -> table_en/t_text.tbl (chave TXT_SHOP_CUSTOMIZE_YES). Texto de interface/menu do sistema.,2026-08-23
Cancel,UI,Cancelar,traduzir,none,,Fonte: pac/steam/table_en.pac -> table_en/t_text.tbl (chave TXT_SHOP_SELECT_NO). Texto de interface/menu do sistema.,2026-08-23
ATS,UI,ATS,traduzir,none,,Fonte: pac/steam/table_en.pac -> table_en/t_text.tbl (chave TXT_SHOP_STATUS_ATS_HALF). Texto de interface/menu do sistema.,2026-08-23
Select Destination,UI,Selecionar Destino,traduzir,none,,Fonte: pac/steam/table_en.pac -> table_en/t_text.tbl (chave TXT_MAPJUMP_ENTER_AREA). Texto de interface/menu do sistema.,2026-08-23
Select Location,UI,Selecionar Local,traduzir,none,,Fonte: pac/steam/table_en.pac -> table_en/t_text.tbl (chave TXT_MAPJUMP_KEYHELP_SPOT_LIST). Texto de interface/menu do sistema.,2026-08-23
View Map,UI,Ver Mapa,traduzir,none,,Fonte: pac/steam/table_en.pac -> table_en/t_text.tbl (chave TXT_MAPJUMP_KEYHELP_CLOSE_SPOT_LIST). Texto de interface/menu do sistema.,2026-08-23
Return to Entrance,UI,Voltar à Entrada,traduzir,none,,Fonte: pac/steam/table_en.pac -> table_en/t_text.tbl (chave TXT_MAPJUMP_KEYHELP_RETURN_TO_ENTRANCE). Texto de interface/menu do sistema.,2026-08-23
Region Map,UI,Mapa da Região,traduzir,none,,Fonte: pac/steam/table_en.pac -> table_en/t_text.tbl (chave TXT_MAPJUMP_KEYHELP_REGION_MAP). Texto de interface/menu do sistema.,2026-08-23
Area Map,UI,Mapa da Área,traduzir,none,,Fonte: pac/steam/table_en.pac -> table_en/t_text.tbl (chave TXT_MAPJUMP_KEYHELP_BACK_MAP). Texto de interface/menu do sistema.,2026-08-23
Map of Liberl,UI,Mapa de Liberl,traduzir,none,,Fonte: pac/steam/table_en.pac -> table_en/t_text.tbl (chave TXT_MAPJUMP_KEYHELP_WORLD_MAP). Texto de interface/menu do sistema.,2026-08-23
Reset to Default Settings,UI,Redefinir Configurações Padrão,traduzir,none,,Fonte: pac/steam/table_en.pac -> table_en/t_text.tbl (chave TXT_OPT_KEY_HELP_RESET_TEXT). Texto de interface/menu do sistema.,2026-08-23
Difficulty,UI,Dificuldade,traduzir,none,,Fonte: pac/steam/table_en.pac -> table_en/t_text.tbl (chave TXT_OPT_TEXT_DIFFICULTY). Texto de interface/menu do sistema.,2026-08-23
Text Language,UI,Idioma do Texto,traduzir,none,,Fonte: pac/steam/table_en.pac -> table_en/t_text.tbl (chave TXT_OPT_TEXT_TEXT_LANGUAGE). Texto de interface/menu do sistema.,2026-08-23
Voice Language,UI,Idioma da Dublagem,traduzir,none,,Fonte: pac/steam/table_en.pac -> table_en/t_text.tbl (chave TXT_OPT_TEXT_VOICE_LANGUAGE). Texto de interface/menu do sistema.,2026-08-23
Voice,UI,Voz,traduzir,none,,Fonte: pac/steam/table_en.pac -> table_en/t_text.tbl (chave TXT_OPT_TEXT_VOICE). Texto de interface/menu do sistema.,2026-08-23
Ambient Sounds,UI,Sons Ambientes,traduzir,none,,Fonte: pac/steam/table_en.pac -> table_en/t_text.tbl (chave TXT_OPT_TEXT_ENV_VOICE). Texto de interface/menu do sistema.,2026-08-23
BGM Type,UI,Tipo de Trilha Sonora,traduzir,none,,Fonte: pac/steam/table_en.pac -> table_en/t_text.tbl (chave TXT_OPT_TEXT_BGM_TYPE). Texto de interface/menu do sistema.,2026-08-23
Quick Battle Speed,UI,Velocidade da Batalha Rápida,traduzir,none,,Fonte: pac/steam/table_en.pac -> table_en/t_text.tbl (chave TXT_OPT_TEXT_FIELD_RATE). Texto de interface/menu do sistema.,2026-08-23
Command Battle Speed,UI,Velocidade da Batalha por Comando,traduzir,none,,Fonte: pac/steam/table_en.pac -> table_en/t_text.tbl (chave TXT_OPT_TEXT_TURN_RATE). Texto de interface/menu do sistema.,2026-08-23
Dash Button Behavior,UI,Comportamento do Botão de Corrida,traduzir,none,,Fonte: pac/steam/table_en.pac -> table_en/t_text.tbl (chave TXT_OPT_TEXT_DASH_MODE_SONY). Texto de interface/menu do sistema.,2026-08-23
Target Lock,UI,Travar Alvo,traduzir,none,,Fonte: pac/steam/table_en.pac -> table_en/t_text.tbl (chave TXT_OPT_TEXT_TARGET_LOCK_TYPE). Texto de interface/menu do sistema.,2026-08-23
Vibration,UI,Vibração,traduzir,none,,Fonte: pac/steam/table_en.pac -> table_en/t_text.tbl (chave TXT_OPT_TEXT_VIBRATION_SONY). Texto de interface/menu do sistema.,2026-08-23
Rumble Feature,UI,Função de Vibração,traduzir,none,,Fonte: pac/steam/table_en.pac -> table_en/t_text.tbl (chave TXT_OPT_TEXT_VIBRATION_NINTENDO). Texto de interface/menu do sistema.,2026-08-23
Auto-Advance Messages,UI,Avançar Mensagens Automaticamente,traduzir,none,,Fonte: pac/steam/table_en.pac -> table_en/t_text.tbl (chave TXT_OPT_TEXT_MESSAGE_AUTO). Texto de interface/menu do sistema.,2026-08-23
Mini-Map Display,UI,Exibição do Mini-Mapa,traduzir,none,,Fonte: pac/steam/table_en.pac -> table_en/t_text.tbl (chave TXT_OPT_TEXT_MINIMAP). Texto de interface/menu do sistema.,2026-08-23
Objective Marker Display,UI,Exibição do Marcador de Objetivo,traduzir,none,,Fonte: pac/steam/table_en.pac -> table_en/t_text.tbl (chave TXT_OPT_TEXT_NAVIGATION). Texto de interface/menu do sistema.,2026-08-23
Show Contact Line,UI,Mostrar Linha de Contato,traduzir,none,,Fonte: pac/steam/table_en.pac -> table_en/t_text.tbl (chave TXT_OPT_TEXT_FIELD_ENEMY_LINE). Texto de interface/menu do sistema.,2026-08-23
Horizontal Camera Movement,UI,Movimento Horizontal da Câmera,traduzir,none,,Fonte: pac/steam/table_en.pac -> table_en/t_text.tbl (chave TXT_OPT_TEXT_CAMERA_LR_REVERSE). Texto de interface/menu do sistema.,2026-08-23
Vertical Camera Movement,UI,Movimento Vertical da Câmera,traduzir,none,,Fonte: pac/steam/table_en.pac -> table_en/t_text.tbl (chave TXT_OPT_TEXT_CAMERA_UD_REVERSE). Texto de interface/menu do sistema.,2026-08-23
Horizontal Target Selection,UI,Seleção Horizontal de Alvo,traduzir,none,,Fonte: pac/steam/table_en.pac -> table_en/t_text.tbl (chave TXT_OPT_TEXT_TARGET_LR_REVERSE). Texto de interface/menu do sistema.,2026-08-23
Camera Settings on Slopes,UI,Ajuste de Câmera em Rampas,traduzir,none,,Fonte: pac/steam/table_en.pac -> table_en/t_text.tbl (chave TXT_OPT_TEXT_CAMERA_SLOPE_ADJUST). Texto de interface/menu do sistema.,2026-08-23
Tips on Loading Screen,UI,Dicas na Tela de Carregamento,traduzir,none,,Fonte: pac/steam/table_en.pac -> table_en/t_text.tbl (chave TXT_OPT_TEXT_LOAD_TIPS). Texto de interface/menu do sistema.,2026-08-23
Tips During Idle,UI,Dicas em Tela Ociosa,traduzir,none,,Fonte: pac/steam/table_en.pac -> table_en/t_text.tbl (chave TXT_OPT_TEXT_NEUTRAL_TIPS). Texto de interface/menu do sistema.,2026-08-23
Costume Item Display,UI,Exibição de Item de Traje,traduzir,none,,Fonte: pac/steam/table_en.pac -> table_en/t_text.tbl (chave TXT_OPT_TEXT_APPLY_COSTUME). Texto de interface/menu do sistema.,2026-08-23
Screen Settings >>,UI,Configurações de Tela >>,traduzir,none,,Fonte: pac/steam/table_en.pac -> table_en/t_text.tbl (chave TXT_OPT_TEXT_SCREEN_SETTING). Texto de interface/menu do sistema.,2026-08-23
Brightness,UI,Brilho,traduzir,none,,Fonte: pac/steam/table_en.pac -> table_en/t_text.tbl (chave TXT_OPT_TEXT_BRIGHTNESS). Texto de interface/menu do sistema.,2026-08-23
High Frame Rate Mode,UI,Modo de Alta Taxa de Quadros,traduzir,none,,Fonte: pac/steam/table_en.pac -> table_en/t_text.tbl (chave TXT_OPT_TEXT_HIGH_FRAME_RATE_MODE). Texto de interface/menu do sistema.,2026-08-23
Camera Distance (Close⇔Far),UI,Distância da Câmera (Perto⇔Longe),traduzir,none,,Fonte: pac/steam/table_en.pac -> table_en/t_text.tbl (chave TXT_OPT_TEXT_CAMERA_DISTANCE). Texto de interface/menu do sistema.,2026-08-23
Message Speed,UI,Velocidade das Mensagens,traduzir,none,,Fonte: pac/steam/table_en.pac -> table_en/t_text.tbl (chave TXT_OPT_TEXT_MESSAGE_SPEED). Texto de interface/menu do sistema.,2026-08-23
Auto-Advance Message Speed,UI,Velocidade do Avanço Automático,traduzir,none,,Fonte: pac/steam/table_en.pac -> table_en/t_text.tbl (chave TXT_OPT_TEXT_MESSAGE_AUTO_SPEED). Texto de interface/menu do sistema.,2026-08-23
Prioritize Graphics,UI,Priorizar Gráficos,traduzir,none,,Fonte: pac/steam/table_en.pac -> table_en/t_text.tbl (chave TXT_OPT_TEXT_QUALITY). Texto de interface/menu do sistema.,2026-08-23
Prioritize Performance,UI,Priorizar Desempenho,traduzir,none,,Fonte: pac/steam/table_en.pac -> table_en/t_text.tbl (chave TXT_OPT_TEXT_FRAME_RATE). Texto de interface/menu do sistema.,2026-08-23
Fast Forward Voiced Lines,UI,Avanço Rápido de Falas Dubladas,traduzir,none,,Fonte: pac/steam/table_en.pac -> table_en/t_text.tbl (chave TXT_OPT_TEXT_HIGH_SPEED_VOICE). Texto de interface/menu do sistema.,2026-08-23
Camera Speed (Slow⇔Fast),UI,Velocidade da Câmera (Lenta⇔Rápida),traduzir,none,,Fonte: pac/steam/table_en.pac -> table_en/t_text.tbl (chave TXT_OPT_TEXT_CAMERA_MOVE_SPEED). Texto de interface/menu do sistema.,2026-08-23
Quick Battle Controls,UI,Controles da Batalha Rápida,traduzir,none,,Fonte: pac/steam/table_en.pac -> table_en/t_text.tbl (chave TXT_OPT_TEXT_FIELD_CONTROL). Texto de interface/menu do sistema.,2026-08-23
Attack,UI,Ataque,traduzir,none,,Fonte: pac/steam/table_en.pac -> table_en/t_text.tbl (chave TXT_OPT_TEXT_FIELD_ATTACK). Texto de interface/menu do sistema.,2026-08-23
Dodge,UI,Esquiva,traduzir,none,,Fonte: pac/steam/table_en.pac -> table_en/t_text.tbl (chave TXT_OPT_TEXT_AVOID). Texto de interface/menu do sistema.,2026-08-23
Switch Tactics,UI,Trocar Tática,traduzir,none,,Fonte: pac/steam/table_en.pac -> table_en/t_text.tbl (chave TXT_OPT_TEXT_ENCOUNT). Texto de interface/menu do sistema.,2026-08-23
Craft Attack,UI,Ataque de Craft,traduzir,none,,Fonte: pac/steam/table_en.pac -> table_en/t_text.tbl (chave TXT_OPT_TEXT_CHARGE_ATTACK). Texto de interface/menu do sistema.,2026-08-23
Brave Rush,UI,Brave Rush,traduzir,none,,Fonte: pac/steam/table_en.pac -> table_en/t_text.tbl (chave TXT_OPT_TEXT_COMBINATION_ATTACK). Texto de interface/menu do sistema.,2026-08-23
Dash,UI,Correr,traduzir,none,,Fonte: pac/steam/table_en.pac -> table_en/t_text.tbl (chave TXT_OPT_TEXT_DASH). Texto de interface/menu do sistema.,2026-08-23
Change Leader,UI,Trocar Líder,traduzir,none,,Fonte: pac/steam/table_en.pac -> table_en/t_text.tbl (chave TXT_OPT_TEXT_LEADER_CHANGE). Texto de interface/menu do sistema.,2026-08-23
Reset Camera,UI,Redefinir Câmera,traduzir,none,,Fonte: pac/steam/table_en.pac -> table_en/t_text.tbl (chave TXT_OPT_TEXT_CAMERA_RESET). Texto de interface/menu do sistema.,2026-08-23
Open Menu,UI,Abrir Menu,traduzir,none,,Fonte: pac/steam/table_en.pac -> table_en/t_text.tbl (chave TXT_OPT_TEXT_BASIC_CONTROL). Texto de interface/menu do sistema.,2026-08-23
Log Menu,UI,Menu de Registro,traduzir,none,,Fonte: pac/steam/table_en.pac -> table_en/t_text.tbl (chave TXT_OPT_TEXT_LOG_MENU). Texto de interface/menu do sistema.,2026-08-23
Map Menu,UI,Menu de Mapa,traduzir,none,,Fonte: pac/steam/table_en.pac -> table_en/t_text.tbl (chave TXT_OPT_TEXT_MAP_MENU). Texto de interface/menu do sistema.,2026-08-23
Shortcut: Items,UI,Atalho: Itens,traduzir,none,,Fonte: pac/steam/table_en.pac -> table_en/t_text.tbl (chave TXT_OPT_TEXT_ITEM_MENU). Texto de interface/menu do sistema.,2026-08-23
Shortcut: Healing Arts,UI,Atalho: Arts de Cura,traduzir,none,,Fonte: pac/steam/table_en.pac -> table_en/t_text.tbl (chave TXT_OPT_TEXT_ARTS_MENU). Texto de interface/menu do sistema.,2026-08-23
Toggle Auto-Advance Messages,UI,Alternar Avanço Automático,traduzir,none,,Fonte: pac/steam/table_en.pac -> table_en/t_text.tbl (chave TXT_OPT_TEXT_MESSAGE_AUTO_CHANGE). Texto de interface/menu do sistema.,2026-08-23
Very Easy,UI,Muito Fácil,traduzir,none,,Fonte: pac/steam/table_en.pac -> table_en/t_text.tbl (chave TXT_OPT_TEXT_DIFFICULTY_VERYEASY). Texto de interface/menu do sistema.,2026-08-23
Easy,UI,Fácil,traduzir,none,,Fonte: pac/steam/table_en.pac -> table_en/t_text.tbl (chave TXT_OPT_TEXT_DIFFICULTY_EASY). Texto de interface/menu do sistema.,2026-08-23
Normal,UI,Normal,traduzir,none,,Fonte: pac/steam/table_en.pac -> table_en/t_text.tbl (chave TXT_OPT_TEXT_DIFFICULTY_NORMAL). Texto de interface/menu do sistema.,2026-08-23
Advanced,UI,Avançado,traduzir,none,,Fonte: pac/steam/table_en.pac -> table_en/t_text.tbl (chave TXT_OPT_TEXT_DIFFICULTY_ADVANCED). Texto de interface/menu do sistema.,2026-08-23
Hard,UI,Difícil,traduzir,none,,Fonte: pac/steam/table_en.pac -> table_en/t_text.tbl (chave TXT_OPT_TEXT_DIFFICULTY_HARD). Texto de interface/menu do sistema.,2026-08-23
Nightmare,UI,Pesadelo,traduzir,none,,Fonte: pac/steam/table_en.pac -> table_en/t_text.tbl (chave TXT_OPT_TEXT_DIFFICULTY_NIGHTMARE). Texto de interface/menu do sistema.,2026-08-23
English,UI,Inglês,traduzir,none,,Fonte: pac/steam/table_en.pac -> table_en/t_text.tbl (chave TXT_OPT_TEXT_LANGUAGE_TEXT_ENGLISH). Texto de interface/menu do sistema.,2026-08-23
Deutsch,UI,Alemão,traduzir,none,,Fonte: pac/steam/table_en.pac -> table_en/t_text.tbl (chave TXT_OPT_TEXT_LANGUAGE_TEXT_GERMAN). Texto de interface/menu do sistema.,2026-08-23
Français,UI,Francês,traduzir,none,,Fonte: pac/steam/table_en.pac -> table_en/t_text.tbl (chave TXT_OPT_TEXT_LANGUAGE_TEXT_FRENCH). Texto de interface/menu do sistema.,2026-08-23
Español,UI,Espanhol,traduzir,none,,Fonte: pac/steam/table_en.pac -> table_en/t_text.tbl (chave TXT_OPT_TEXT_LANGUAGE_TEXT_SPANISH). Texto de interface/menu do sistema.,2026-08-23
简体中文,UI,Chinês Simplificado,traduzir,none,,Fonte: pac/steam/table_en.pac -> table_en/t_text.tbl (chave TXT_OPT_TEXT_LANGUAGE_TEXT_SCHINESE). Texto de interface/menu do sistema.,2026-08-23
繁體中文,UI,Chinês Tradicional,traduzir,none,,Fonte: pac/steam/table_en.pac -> table_en/t_text.tbl (chave TXT_OPT_TEXT_LANGUAGE_TEXT_TCHINESE). Texto de interface/menu do sistema.,2026-08-23
Japanese,UI,Japonês,traduzir,none,,Fonte: pac/steam/table_en.pac -> table_en/t_text.tbl (chave TXT_OPT_TEXT_LANGUAGE_VOICE_JAPANESE). Texto de interface/menu do sistema.,2026-08-23
Hold,UI,Segurar,traduzir,none,,Fonte: pac/steam/table_en.pac -> table_en/t_text.tbl (chave TXT_OPT_TEXT_HOLD). Texto de interface/menu do sistema.,2026-08-23
Single Touch,UI,Toque Único,traduzir,none,,Fonte: pac/steam/table_en.pac -> table_en/t_text.tbl (chave TXT_OPT_TEXT_ONETOUCH). Texto de interface/menu do sistema.,2026-08-23
Toggle,UI,Alternar,traduzir,none,,Fonte: pac/steam/table_en.pac -> table_en/t_text.tbl (chave TXT_OPT_TEXT_ONETOUCH_KEEP). Texto de interface/menu do sistema.,2026-08-23
Manual,UI,Manual,traduzir,none,,Fonte: pac/steam/table_en.pac -> table_en/t_text.tbl (chave TXT_OPT_TEXT_SELECT). Texto de interface/menu do sistema.,2026-08-23
Auto,UI,Automático,traduzir,none,,Fonte: pac/steam/table_en.pac -> table_en/t_text.tbl (chave TXT_OPT_TEXT_AUTO). Texto de interface/menu do sistema.,2026-08-23
Fixed,UI,Fixo,traduzir,none,,Fonte: pac/steam/table_en.pac -> table_en/t_text.tbl (chave TXT_OPT_TEXT_ROLL_OFF). Texto de interface/menu do sistema.,2026-08-23
Display,UI,Exibir,traduzir,none,,Fonte: pac/steam/table_en.pac -> table_en/t_text.tbl (chave TXT_OPT_TEXT_DISP). Texto de interface/menu do sistema.,2026-08-23
Hide While Moving,UI,Ocultar ao Mover,traduzir,none,,Fonte: pac/steam/table_en.pac -> table_en/t_text.tbl (chave TXT_OPT_TEXT_MOVE_NO_DISP). Texto de interface/menu do sistema.,2026-08-23
Hide While Idle,UI,Ocultar Parado,traduzir,none,,Fonte: pac/steam/table_en.pac -> table_en/t_text.tbl (chave TXT_OPT_TEXT_WAIT_NO_DISP). Texto de interface/menu do sistema.,2026-08-23
Hidden,UI,Oculto,traduzir,none,,Fonte: pac/steam/table_en.pac -> table_en/t_text.tbl (chave TXT_OPT_TEXT_NO_DISP). Texto de interface/menu do sistema.,2026-08-23
Always Display,UI,Sempre Exibir,traduzir,none,,Fonte: pac/steam/table_en.pac -> table_en/t_text.tbl (chave TXT_OPT_TEXT_ALWAYS_DISP). Texto de interface/menu do sistema.,2026-08-23
Hide During Events,UI,Ocultar Durante Eventos,traduzir,none,,Fonte: pac/steam/table_en.pac -> table_en/t_text.tbl (chave TXT_OPT_TEXT_EVENT_NO_DISP). Texto de interface/menu do sistema.,2026-08-23
Inverted,UI,Invertido,traduzir,none,,Fonte: pac/steam/table_en.pac -> table_en/t_text.tbl (chave TXT_OPT_TEXT_REVERSE). Texto de interface/menu do sistema.,2026-08-23
Standard,UI,Padrão,traduzir,none,,Fonte: pac/steam/table_en.pac -> table_en/t_text.tbl (chave TXT_OPT_TEXT_DEFAULT). Texto de interface/menu do sistema.,2026-08-23
Original,UI,Original,traduzir,none,,Fonte: pac/steam/table_en.pac -> table_en/t_text.tbl (chave TXT_OPT_TEXT_ORIGINAL). Texto de interface/menu do sistema.,2026-08-23
Arranged,UI,Rearranjado,traduzir,none,,Fonte: pac/steam/table_en.pac -> table_en/t_text.tbl (chave TXT_OPT_TEXT_EVOLUTION). Texto de interface/menu do sistema.,2026-08-23
Language,UI,Idioma,traduzir,none,,Fonte: pac/steam/table_en.pac -> table_en/t_text.tbl (chave TXT_OPT_SEPARATE_LANGUAGE). Texto de interface/menu do sistema.,2026-08-23
Sound/Volumes,UI,Som/Volumes,traduzir,none,,Fonte: pac/steam/table_en.pac -> table_en/t_text.tbl (chave TXT_OPT_SEPARATE_SOUND). Texto de interface/menu do sistema.,2026-08-23
High-Speed Mode,UI,Modo de Alta Velocidade,traduzir,none,,Fonte: pac/steam/table_en.pac -> table_en/t_text.tbl (chave TXT_OPT_SEPARATE_HIGH_SPEED_MODE). Texto de interface/menu do sistema.,2026-08-23
Game Settings,UI,Configurações do Jogo,traduzir,none,,Fonte: pac/steam/table_en.pac -> table_en/t_text.tbl (chave TXT_OPT_SEPARATE_GAME_SETTING). Texto de interface/menu do sistema.,2026-08-23
Interface,UI,Interface,traduzir,none,,Fonte: pac/steam/table_en.pac -> table_en/t_text.tbl (chave TXT_OPT_SEPARATE_INTERFACE). Texto de interface/menu do sistema.,2026-08-23
Other Settings,UI,Outras Configurações,traduzir,none,,Fonte: pac/steam/table_en.pac -> table_en/t_text.tbl (chave TXT_OPT_SEPARATE_OTHER_SETTING). Texto de interface/menu do sistema.,2026-08-23
Button Config,UI,Configuração de Botões,traduzir,none,,Fonte: pac/steam/table_en.pac -> table_en/t_text.tbl (chave TXT_OPT_SEPARATE_KEY_CONFIG_SONY). Texto de interface/menu do sistema.,2026-08-23
Warning:,UI,Aviso:,traduzir,none,,Fonte: pac/steam/table_en.pac -> table_en/t_text.tbl (chave TXT_OPT_INFO_ALERT). Texto de interface/menu do sistema.,2026-08-23
Pause,UI,Pausa,traduzir,none,,Fonte: pac/steam/table_en.pac -> table_en/t_text.tbl (chave TXT_PAUSE). Texto de interface/menu do sistema.,2026-08-23
Talk,UI,Conversar,traduzir,none,,Fonte: pac/steam/table_en.pac -> table_en/t_text.tbl (chave TXT_TALK_GUIDE_TALK). Texto de interface/menu do sistema.,2026-08-23
Shop,UI,Loja,traduzir,none,,Fonte: pac/steam/table_en.pac -> table_en/t_text.tbl (chave TXT_TALK_GUIDE_SHOP). Texto de interface/menu do sistema.,2026-08-23
Examine,UI,Examinar,traduzir,none,,Fonte: pac/steam/table_en.pac -> table_en/t_text.tbl (chave TXT_TALK_GUIDE_CHECK). Texto de interface/menu do sistema.,2026-08-23
Report,UI,Reportar,traduzir,none,,Fonte: pac/steam/table_en.pac -> table_en/t_text.tbl (chave TXT_TALK_GUIDE_REPORT). Texto de interface/menu do sistema.,2026-08-23
Fish,UI,Pescar,traduzir,none,,Fonte: pac/steam/table_en.pac -> table_en/t_text.tbl (chave TXT_TALK_GUIDE_FISHING). Texto de interface/menu do sistema.,2026-08-23
Battle Results,UI,Resultado da Batalha,traduzir,none,,Fonte: pac/steam/table_en.pac -> table_en/t_text.tbl (chave TXT_MESLOG_BTL_RESULT). Texto de interface/menu do sistema.,2026-08-23
Message,UI,Mensagem,traduzir,none,,Fonte: pac/steam/table_en.pac -> table_en/t_text.tbl (chave TXT_MESLOG_MES). Texto de interface/menu do sistema.,2026-08-23
Support,UI,Suporte,traduzir,none,,Fonte: pac/steam/table_en.pac -> table_en/t_text.tbl (chave TXT_MESLOG_BATTLE_SUPPORT). Texto de interface/menu do sistema.,2026-08-23
Newest,UI,Mais Recente,traduzir,none,,Fonte: pac/steam/table_en.pac -> table_en/t_text.tbl (chave TXT_MESLOG_KEY_HELP_LATEST_TEXT). Texto de interface/menu do sistema.,2026-08-23
Oldest,UI,Mais Antiga,traduzir,none,,Fonte: pac/steam/table_en.pac -> table_en/t_text.tbl (chave TXT_MESLOG_KEY_HELP_OLDEST_TEXT). Texto de interface/menu do sistema.,2026-08-23
Play Voice,UI,Reproduzir Voz,traduzir,none,,Fonte: pac/steam/table_en.pac -> table_en/t_text.tbl (chave TXT_MESLOG_KEY_HELP_PLAY_VOICE_TEXT). Texto de interface/menu do sistema.,2026-08-23
Healing Device,UI,Dispositivo de Cura,traduzir,none,,Fonte: pac/steam/table_en.pac -> table_en/t_text.tbl (chave TXT_HEAL_MACHINE). Texto de interface/menu do sistema.,2026-08-23
Rest,UI,Descansar,traduzir,none,,Fonte: pac/steam/table_en.pac -> table_en/t_text.tbl (chave TXT_USE_HEAL_MACHINE). Texto de interface/menu do sistema.,2026-08-23
Next,UI,Próximo,traduzir,none,,Fonte: pac/steam/table_en.pac -> table_en/t_text.tbl (chave TXT_KEY_HELP_NEXT). Texto de interface/menu do sistema.,2026-08-23
Backlog,UI,Histórico,traduzir,none,,Fonte: pac/steam/table_en.pac -> table_en/t_text.tbl (chave TXT_KEY_HELP_BACKLOG). Texto de interface/menu do sistema.,2026-08-23
[Name],UI,[Nome],traduzir,none,,Fonte: pac/steam/table_en.pac -> table_en/t_text.tbl (chave TXT_NOTE_MAIN_NAME). Texto de interface/menu do sistema.,2026-08-23
Branch,UI,Filial,traduzir,none,,Fonte: pac/steam/table_en.pac -> table_en/t_text.tbl (chave TXT_NOTE_MAIN_AFFILIATION). Texto de interface/menu do sistema.,2026-08-23
Senior Bracer Rank,UI,Patente de Bracer Sênior,traduzir,none,,Fonte: pac/steam/table_en.pac -> table_en/t_text.tbl (chave TXT_NOTE_MAIN_RANK). Texto de interface/menu do sistema.,2026-08-23
Rank,UI,Patente,traduzir,none,,Fonte: pac/steam/table_en.pac -> table_en/t_text.tbl (chave TXT_NOTE_MAIN_RANK_FC). Texto de interface/menu do sistema.,2026-08-23
Requests Completed,UI,Missões Concluídas,traduzir,none,,Fonte: pac/steam/table_en.pac -> table_en/t_text.tbl (chave TXT_NOTE_MAIN_COMPLETED_REQUESTS). Texto de interface/menu do sistema.,2026-08-23
Total BP,UI,BP Total,traduzir,none,,Fonte: pac/steam/table_en.pac -> table_en/t_text.tbl (chave TXT_NOTE_MAIN_BP). Texto de interface/menu do sistema.,2026-08-23
Battle Victories,UI,Vitórias em Batalha,traduzir,none,,Fonte: pac/steam/table_en.pac -> table_en/t_text.tbl (chave TXT_NOTE_MAIN_WINS_COUNT). Texto de interface/menu do sistema.,2026-08-23
Enemies Defeated,UI,Inimigos Derrotados,traduzir,none,,Fonte: pac/steam/table_en.pac -> table_en/t_text.tbl (chave TXT_NOTE_MAIN_ENEMY_DEFEAT_COUNT). Texto de interface/menu do sistema.,2026-08-23
[Priority],UI,[Prioridade],traduzir,none,,Fonte: pac/steam/table_en.pac -> table_en/t_text.tbl (chave TXT_NOTE_MAIN_IMPORTANT). Texto de interface/menu do sistema.,2026-08-23
Client,UI,Cliente,traduzir,none,,Fonte: pac/steam/table_en.pac -> table_en/t_text.tbl (chave TXT_NOTE_MAIN_CLIENT). Texto de interface/menu do sistema.,2026-08-23
BP Earned,UI,BP Ganho,traduzir,none,,Fonte: pac/steam/table_en.pac -> table_en/t_text.tbl (chave TXT_NOTE_MAIN_GET_BP). Texto de interface/menu do sistema.,2026-08-23
Deadline,UI,Prazo,traduzir,none,,Fonte: pac/steam/table_en.pac -> table_en/t_text.tbl (chave TXT_NOTE_MAIN_DEADLINE). Texto de interface/menu do sistema.,2026-08-23
Main Quest,UI,Missão Principal,traduzir,none,,Fonte: pac/steam/table_en.pac -> table_en/t_text.tbl (chave TXT_NOTE_MAIN_MAIN_QUEST). Texto de interface/menu do sistema.,2026-08-23
Sub Quest,UI,Missão Secundária,traduzir,none,,Fonte: pac/steam/table_en.pac -> table_en/t_text.tbl (chave TXT_NOTE_MAIN_SUB_QUEST). Texto de interface/menu do sistema.,2026-08-23
Book List,UI,Lista de Livros,traduzir,none,,Fonte: pac/steam/table_en.pac -> table_en/t_text.tbl (chave TXT_NOTE_BOOKS_LIST). Texto de interface/menu do sistema.,2026-08-23
STUN,UI,ATORDOAMENTO,traduzir,none,,Fonte: pac/steam/table_en.pac -> table_en/t_text.tbl (chave TXT_NOTE_BATTLE_STUN). Texto de interface/menu do sistema.,2026-08-23
Parameters,UI,Parâmetros,traduzir,none,,Fonte: pac/steam/table_en.pac -> table_en/t_text.tbl (chave TXT_NOTE_BATTLE_PARAMETERS). Texto de interface/menu do sistema.,2026-08-23
Status Changes,UI,Alterações de Status,traduzir,none,,Fonte: pac/steam/table_en.pac -> table_en/t_text.tbl (chave TXT_NOTE_BATTLE_BAD_STATUS). Texto de interface/menu do sistema.,2026-08-23
Notes,UI,Notas,traduzir,none,,Fonte: pac/steam/table_en.pac -> table_en/t_text.tbl (chave TXT_NOTE_BATTLE_MEMO). Texto de interface/menu do sistema.,2026-08-23
Enemy List,UI,Lista de Inimigos,traduzir,none,,Fonte: pac/steam/table_en.pac -> table_en/t_text.tbl (chave TXT_NOTE_BATTLE_HEADER). Texto de interface/menu do sistema.,2026-08-23
Recipes Obtained,UI,Receitas Obtidas,traduzir,none,,Fonte: pac/steam/table_en.pac -> table_en/t_text.tbl (chave TXT_NOTE_COOK_GET_RECIPE_NUM). Texto de interface/menu do sistema.,2026-08-23
Dishes Prepared,UI,Pratos Preparados,traduzir,none,,Fonte: pac/steam/table_en.pac -> table_en/t_text.tbl (chave TXT_NOTE_COOK_CREATIONS_NUM). Texto de interface/menu do sistema.,2026-08-23
Times Cooked,UI,Vezes Cozinhado,traduzir,none,,Fonte: pac/steam/table_en.pac -> table_en/t_text.tbl (chave TXT_NOTE_COOK_COOKED_NUM). Texto de interface/menu do sistema.,2026-08-23
Successful Dishes (Total),UI,Pratos Bem-Sucedidos (Total),traduzir,none,,Fonte: pac/steam/table_en.pac -> table_en/t_text.tbl (chave TXT_NOTE_COOK_SUCCESS_TOTAL). Texto de interface/menu do sistema.,2026-08-23
Peculiar Dishes (Total),UI,Pratos Peculiares (Total),traduzir,none,,Fonte: pac/steam/table_en.pac -> table_en/t_text.tbl (chave TXT_NOTE_COOK_FAILED_TOTAL). Texto de interface/menu do sistema.,2026-08-23
Recipe List,UI,Lista de Receitas,traduzir,none,,Fonte: pac/steam/table_en.pac -> table_en/t_text.tbl (chave TXT_NOTE_COOK_HEADER). Texto de interface/menu do sistema.,2026-08-23
Required Ingredients,UI,Ingredientes Necessários,traduzir,none,,Fonte: pac/steam/table_en.pac -> table_en/t_text.tbl (chave TXT_NOTE_COOK_NEED_ITEM). Texto de interface/menu do sistema.,2026-08-23
Successful Dish,UI,Prato Bem-Sucedido,traduzir,none,,Fonte: pac/steam/table_en.pac -> table_en/t_text.tbl (chave TXT_NOTE_COOK_SUCCESS_INFO). Texto de interface/menu do sistema.,2026-08-23
Peculiar Dish,UI,Prato Peculiar,traduzir,none,,Fonte: pac/steam/table_en.pac -> table_en/t_text.tbl (chave TXT_NOTE_COOK_FAILED_INFO). Texto de interface/menu do sistema.,2026-08-23
Proficiency,UI,Proficiência,traduzir,none,,Fonte: pac/steam/table_en.pac -> table_en/t_text.tbl (chave TXT_NOTE_COOK_SPECIALTY). Texto de interface/menu do sistema.,2026-08-23
Cook,UI,Cozinhar,traduzir,none,,Fonte: pac/steam/table_en.pac -> table_en/t_text.tbl (chave TXT_NOTE_COOK_EXECUTE). Texto de interface/menu do sistema.,2026-08-23
Chef:,UI,Chef:,traduzir,none,,Fonte: pac/steam/table_en.pac -> table_en/t_text.tbl (chave TXT_NOTE_COOK_COOK_CHARA). Texto de interface/menu do sistema.,2026-08-23
Quantity,UI,Quantidade,traduzir,none,,Fonte: pac/steam/table_en.pac -> table_en/t_text.tbl (chave TXT_NOTE_COOK_COOK_COUNT). Texto de interface/menu do sistema.,2026-08-23
Finished★,UI,Concluído★,traduzir,none,,Fonte: pac/steam/table_en.pac -> table_en/t_text.tbl (chave TXT_NOTE_COOK_COMPLETE_1). Texto de interface/menu do sistema.,2026-08-23
Angler,UI,Pescador(a),traduzir,none,,Fonte: pac/steam/table_en.pac -> table_en/t_text.tbl (chave TXT_NOTE_FISHING_FISHING_CHARA). Texto de interface/menu do sistema.,2026-08-23
Small Fish,UI,Peixe Pequeno,traduzir,none,,Fonte: pac/steam/table_en.pac -> table_en/t_text.tbl (chave TXT_NOTE_FISHING_SMALL_FISH). Texto de interface/menu do sistema.,2026-08-23
Medium Fish,UI,Peixe Médio,traduzir,none,,Fonte: pac/steam/table_en.pac -> table_en/t_text.tbl (chave TXT_NOTE_FISHING_MIDDLE_FISH). Texto de interface/menu do sistema.,2026-08-23
Large Fish,UI,Peixe Grande,traduzir,none,,Fonte: pac/steam/table_en.pac -> table_en/t_text.tbl (chave TXT_NOTE_FISHING_LARGE_FISH). Texto de interface/menu do sistema.,2026-08-23
Small Fish (Total),UI,Peixe Pequeno (Total),traduzir,none,,Fonte: pac/steam/table_en.pac -> table_en/t_text.tbl (chave TXT_NOTE_FISHING_SMALL_FISH_TOTAL). Texto de interface/menu do sistema.,2026-08-23
Medium Fish (Total),UI,Peixe Médio (Total),traduzir,none,,Fonte: pac/steam/table_en.pac -> table_en/t_text.tbl (chave TXT_NOTE_FISHING_MIDDLE_FISH_TOTAL). Texto de interface/menu do sistema.,2026-08-23
Large Fish (Total),UI,Peixe Grande (Total),traduzir,none,,Fonte: pac/steam/table_en.pac -> table_en/t_text.tbl (chave TXT_NOTE_FISHING_LARGE_FISH_TOTAL). Texto de interface/menu do sistema.,2026-08-23
Types Caught,UI,Tipos Capturados,traduzir,none,,Fonte: pac/steam/table_en.pac -> table_en/t_text.tbl (chave TXT_NOTE_FISHING_FISH_TYPE). Texto de interface/menu do sistema.,2026-08-23
Number Caught,UI,Número Capturado,traduzir,none,,Fonte: pac/steam/table_en.pac -> table_en/t_text.tbl (chave TXT_NOTE_FISHING_FISH_NUM). Texto de interface/menu do sistema.,2026-08-23
Rod List,UI,Lista de Varas,traduzir,none,,Fonte: pac/steam/table_en.pac -> table_en/t_text.tbl (chave TXT_NOTE_FISHING_FISHING_ROD_LIST). Texto de interface/menu do sistema.,2026-08-23
Usable Bait,UI,Iscas Disponíveis,traduzir,none,,Fonte: pac/steam/table_en.pac -> table_en/t_text.tbl (chave TXT_NOTE_FISHING_FISHING_BAIT_LIST). Texto de interface/menu do sistema.,2026-08-23
Fish List,UI,Lista de Peixes,traduzir,none,,Fonte: pac/steam/table_en.pac -> table_en/t_text.tbl (chave TXT_NOTE_FISHING_FISH_LIST). Texto de interface/menu do sistema.,2026-08-23
Best Record,UI,Melhor Recorde,traduzir,none,,Fonte: pac/steam/table_en.pac -> table_en/t_text.tbl (chave TXT_NOTE_FISHING_MAX_SIZE_MEM). Texto de interface/menu do sistema.,2026-08-23
Rege,UI,Rege,traduzir,none,,Fonte: pac/steam/table_en.pac -> table_en/t_text.tbl (chave TXT_NOTE_FISHING_MEATER). Texto de interface/menu do sistema.,2026-08-23
Size Rank,UI,Classificação de Tamanho,traduzir,none,,Fonte: pac/steam/table_en.pac -> table_en/t_text.tbl (chave TXT_NOTE_FISHING_SIZE_RANK). Texto de interface/menu do sistema.,2026-08-23
Length,UI,Comprimento,traduzir,none,,Fonte: pac/steam/table_en.pac -> table_en/t_text.tbl (chave TXT_NOTE_FISHING_FULL_LENGTH). Texto de interface/menu do sistema.,2026-08-23
Rege or Higher,UI,Rege ou Superior,traduzir,none,,Fonte: pac/steam/table_en.pac -> table_en/t_text.tbl (chave TXT_NOTE_FISHING_MEATER_OVER). Texto de interface/menu do sistema.,2026-08-23
Catch Rank A Fish,UI,Pescar um Peixe Classe A,traduzir,none,,Fonte: pac/steam/table_en.pac -> table_en/t_text.tbl (chave TXT_NOTE_FISHING_LOCK_TERMS). Texto de interface/menu do sistema.,2026-08-23
Start,UI,Iniciar,traduzir,none,,Fonte: pac/steam/table_en.pac -> table_en/t_text.tbl (chave TXT_MINIGAME_CASINO_SELECT00). Texto de interface/menu do sistema.,2026-08-23
Scoring Info,UI,Info de Pontuação,traduzir,none,,Fonte: pac/steam/table_en.pac -> table_en/t_text.tbl (chave TXT_MINIGAME_CASINO_SELECT02). Texto de interface/menu do sistema.,2026-08-23
Change,UI,Trocar,traduzir,none,,Fonte: pac/steam/table_en.pac -> table_en/t_text.tbl (chave TXT_MINIGAME_POKER_SELECT00). Texto de interface/menu do sistema.,2026-08-23
Hold All,UI,Manter Todas,traduzir,none,,Fonte: pac/steam/table_en.pac -> table_en/t_text.tbl (chave TXT_MINIGAME_POKER_SELECT01). Texto de interface/menu do sistema.,2026-08-23
Rate ×,UI,Taxa ×,traduzir,none,,Fonte: pac/steam/table_en.pac -> table_en/t_text.tbl (chave TXT_MINIGAME_POKER_ROLL_RATE). Texto de interface/menu do sistema.,2026-08-23
Stand,UI,Parar,traduzir,none,,Fonte: pac/steam/table_en.pac -> table_en/t_text.tbl (chave TXT_MINIGAME_BLACKJACK_SELECT01). Texto de interface/menu do sistema.,2026-08-23
Double Down,UI,Dobrar Aposta,traduzir,none,,Fonte: pac/steam/table_en.pac -> table_en/t_text.tbl (chave TXT_MINIGAME_BLACKJACK_SELECT02). Texto de interface/menu do sistema.,2026-08-23
Give up,UI,Desistir,traduzir,none,,Fonte: pac/steam/table_en.pac -> table_en/t_text.tbl (chave TXT_MINIGAME_BLACKJACK_TEXT05). Texto de interface/menu do sistema.,2026-08-23
Catchable Fish,UI,Peixes Capturáveis,traduzir,none,,Fonte: pac/steam/table_en.pac -> table_en/t_text.tbl (chave TXT_MINIGAME_FISHING_ABLE_FISH). Texto de interface/menu do sistema.,2026-08-23
Odds,UI,Chances,traduzir,none,,Fonte: pac/steam/table_en.pac -> table_en/t_text.tbl (chave TXT_MINIGAME_ROULETTE_ODDS). Texto de interface/menu do sistema.,2026-08-23
Get One Back,UI,Recuperar Uma,traduzir,none,,Fonte: pac/steam/table_en.pac -> table_en/t_text.tbl (chave TXT_MINIGAME_ROULETTE_ONE_BACK_TEXT). Texto de interface/menu do sistema.,2026-08-23
Get All Back,UI,Recuperar Todas,traduzir,none,,Fonte: pac/steam/table_en.pac -> table_en/t_text.tbl (chave TXT_MINIGAME_ROULETTE_ALL_BACK_TEXT). Texto de interface/menu do sistema.,2026-08-23
Turn,UI,Turno,traduzir,none,,Fonte: pac/steam/table_en.pac -> table_en/t_text.tbl (chave TXT_MINIGAME_SLOT_TURN). Texto de interface/menu do sistema.,2026-08-23
Payout,UI,Pagamento,traduzir,none,,Fonte: pac/steam/table_en.pac -> table_en/t_text.tbl (chave TXT_MINIGAME_SLOT_PAY). Texto de interface/menu do sistema.,2026-08-23
-Bonus List-,UI,-Lista de Bônus-,traduzir,none,,Fonte: pac/steam/table_en.pac -> table_en/t_text.tbl (chave TXT_MINIGAME_SLOT_LIST). Texto de interface/menu do sistema.,2026-08-23
Bet All,UI,Apostar Tudo,traduzir,none,,Fonte: pac/steam/table_en.pac -> table_en/t_text.tbl (chave TXT_MINIGAME_SLOT_FULL_BET_TEXT). Texto de interface/menu do sistema.,2026-08-23
Back,UI,Voltar,traduzir,none,,Fonte: pac/steam/table_en.pac -> table_en/t_text.tbl (chave TXT_MINIGAME_SLOT_BACK_TEXT). Texto de interface/menu do sistema.,2026-08-23
Continue,UI,Continuar,traduzir,none,,Fonte: pac/steam/table_en.pac -> table_en/t_text.tbl (chave TXT_MINIGAME_CONTINUE). Texto de interface/menu do sistema.,2026-08-23
Character,UI,Personagem,traduzir,none,,Fonte: pac/steam/table_en.pac -> table_en/t_text.tbl (chave TXT_VIEWER_CHARA). Texto de interface/menu do sistema.,2026-08-23
Camera Height,UI,Altura da Câmera,traduzir,none,,Fonte: pac/steam/table_en.pac -> table_en/t_text.tbl (chave TXT_VIEWER_CAM_HEIGHT). Texto de interface/menu do sistema.,2026-08-23
Move Camera,UI,Mover Câmera,traduzir,none,,Fonte: pac/steam/table_en.pac -> table_en/t_text.tbl (chave TXT_VIEWER_CAM_MOVE). Texto de interface/menu do sistema.,2026-08-23
Camera Roll,UI,Rolagem da Câmera,traduzir,none,,Fonte: pac/steam/table_en.pac -> table_en/t_text.tbl (chave TXT_VIEWER_CAM_ROLL). Texto de interface/menu do sistema.,2026-08-23
Reset Camera Roll,UI,Redefinir Rolagem da Câmera,traduzir,none,,Fonte: pac/steam/table_en.pac -> table_en/t_text.tbl (chave TXT_VIEWER_CAM_ROLL_RESET). Texto de interface/menu do sistema.,2026-08-23
Reset Camera Settings,UI,Redefinir Configurações de Câmera,traduzir,none,,Fonte: pac/steam/table_en.pac -> table_en/t_text.tbl (chave TXT_VIEWER_CAM_SET_RESET). Texto de interface/menu do sistema.,2026-08-23
Rotate Character,UI,Girar Personagem,traduzir,none,,Fonte: pac/steam/table_en.pac -> table_en/t_text.tbl (chave TXT_VIEWER_CHARA_ROTATE). Texto de interface/menu do sistema.,2026-08-23
Move Character,UI,Mover Personagem,traduzir,none,,Fonte: pac/steam/table_en.pac -> table_en/t_text.tbl (chave TXT_VIEWER_CHARA_MOVE). Texto de interface/menu do sistema.,2026-08-23
Take Photo,UI,Tirar Foto,traduzir,none,,Fonte: pac/steam/table_en.pac -> table_en/t_text.tbl (chave TXT_VIEWER_CAMERA_SHOT). Texto de interface/menu do sistema.,2026-08-23
Share,UI,Compartilhar,traduzir,none,,Fonte: pac/steam/table_en.pac -> table_en/t_text.tbl (chave TXT_VIEWER_CAMERA_SHOT_SONY). Texto de interface/menu do sistema.,2026-08-23
Play Animation,UI,Reproduzir Animação,traduzir,none,,Fonte: pac/steam/table_en.pac -> table_en/t_text.tbl (chave TXT_VIEWER_MOTION_ON). Texto de interface/menu do sistema.,2026-08-23
Stop Animation,UI,Parar Animação,traduzir,none,,Fonte: pac/steam/table_en.pac -> table_en/t_text.tbl (chave TXT_VIEWER_MOTION_OFF). Texto de interface/menu do sistema.,2026-08-23
Set Animation Frames,UI,Definir Quadros de Animação,traduzir,none,,Fonte: pac/steam/table_en.pac -> table_en/t_text.tbl (chave TXT_VIEWER_MOTION_FRAME_SET). Texto de interface/menu do sistema.,2026-08-23
Depth of Field,UI,Profundidade de Campo,traduzir,none,,Fonte: pac/steam/table_en.pac -> table_en/t_text.tbl (chave TXT_VIEWER_SHOT_CAMERA_DOF). Texto de interface/menu do sistema.,2026-08-23
Zoom,UI,Zoom,traduzir,none,,Fonte: pac/steam/table_en.pac -> table_en/t_text.tbl (chave TXT_VIEWER_SHOT_CAMERA_FOV). Texto de interface/menu do sistema.,2026-08-23
Camera Settings,UI,Configurações de Câmera,traduzir,none,,Fonte: pac/steam/table_en.pac -> table_en/t_text.tbl (chave TXT_VIEWER_SHOT_CAMERA_SETTING). Texto de interface/menu do sistema.,2026-08-23
Focus:,UI,Foco:,traduzir,none,,Fonte: pac/steam/table_en.pac -> table_en/t_text.tbl (chave TXT_VIEWER_SHOT_CAMERA_PINT). Texto de interface/menu do sistema.,2026-08-23
None,UI,Nenhum,traduzir,none,,Fonte: pac/steam/table_en.pac -> table_en/t_text.tbl (chave TXT_VIEWER_SHOT_CAMERA_PINT_ALL). Texto de interface/menu do sistema.,2026-08-23
Look at Camera,UI,Olhar para a Câmera,traduzir,none,,Fonte: pac/steam/table_en.pac -> table_en/t_text.tbl (chave TXT_VIEWER_SHOT_CAMERA_EYELINE_ON). Texto de interface/menu do sistema.,2026-08-23
Reset Gaze Direction,UI,Redefinir Direção do Olhar,traduzir,none,,Fonte: pac/steam/table_en.pac -> table_en/t_text.tbl (chave TXT_VIEWER_SHOT_CAMERA_EYELINE_OFF). Texto de interface/menu do sistema.,2026-08-23
Turn Off Wind/Blinking,UI,Desativar Vento/Piscar,traduzir,none,,Fonte: pac/steam/table_en.pac -> table_en/t_text.tbl (chave TXT_VIEWER_SHOT_CAMERA_WIND_OFF). Texto de interface/menu do sistema.,2026-08-23
Turn On Wind/Blinking,UI,Ativar Vento/Piscar,traduzir,none,,Fonte: pac/steam/table_en.pac -> table_en/t_text.tbl (chave TXT_VIEWER_SHOT_CAMERA_WIND_ON). Texto de interface/menu do sistema.,2026-08-23
Camera/Move Camera,UI,Câmera/Mover Câmera,traduzir,none,,Fonte: pac/steam/table_en.pac -> table_en/t_text.tbl (chave TXT_VIEWER_MOVE_MODE). Texto de interface/menu do sistema.,2026-08-23
Photo Mode,UI,Modo Foto,traduzir,none,,Fonte: pac/steam/table_en.pac -> table_en/t_text.tbl (chave TXT_VIEWER_MODE_SHOT). Texto de interface/menu do sistema.,2026-08-23
Map Selection Mode,UI,Modo de Seleção de Mapa,traduzir,none,,Fonte: pac/steam/table_en.pac -> table_en/t_text.tbl (chave TXT_VIEWER_MODE_MAP). Texto de interface/menu do sistema.,2026-08-23
Camera Placement Mode,UI,Modo de Posicionamento de Câmera,traduzir,none,,Fonte: pac/steam/table_en.pac -> table_en/t_text.tbl (chave TXT_VIEWER_MODE_CHARA). Texto de interface/menu do sistema.,2026-08-23
Various Changes,UI,Várias Alterações,traduzir,none,,Fonte: pac/steam/table_en.pac -> table_en/t_text.tbl (chave TXT_VIEWER_CHARA_SET_INFO). Texto de interface/menu do sistema.,2026-08-23
Next Page,UI,Próxima Página,traduzir,none,,Fonte: pac/steam/table_en.pac -> table_en/t_text.tbl (chave TXT_UIHELP_KEYHELP_PAGE_TURN). Texto de interface/menu do sistema.,2026-08-23
Long,UI,Longo,traduzir,none,,Fonte: pac/steam/table_en.pac -> table_en/t_text.tbl (chave TXT_QUEST_DEADLINE_LONG). Texto de interface/menu do sistema.,2026-08-23
Medium,UI,Médio,traduzir,none,,Fonte: pac/steam/table_en.pac -> table_en/t_text.tbl (chave TXT_QUEST_DEADLINE_MIDDLE). Texto de interface/menu do sistema.,2026-08-23
Short,UI,Curto,traduzir,none,,Fonte: pac/steam/table_en.pac -> table_en/t_text.tbl (chave TXT_QUEST_DEADLINE_SHORT). Texto de interface/menu do sistema.,2026-08-23
Not Accepted,UI,Não Aceita,traduzir,none,,Fonte: pac/steam/table_en.pac -> table_en/t_text.tbl (chave TXT_QUEST_STATE_CHECK). Texto de interface/menu do sistema.,2026-08-23
Completed,UI,Concluída,traduzir,none,,Fonte: pac/steam/table_en.pac -> table_en/t_text.tbl (chave TXT_QUEST_STATE_CLEAR). Texto de interface/menu do sistema.,2026-08-23
Reported,UI,Reportada,traduzir,none,,Fonte: pac/steam/table_en.pac -> table_en/t_text.tbl (chave TXT_QUEST_STATE_REPORT). Texto de interface/menu do sistema.,2026-08-23
Failed,UI,Falhou,traduzir,none,,Fonte: pac/steam/table_en.pac -> table_en/t_text.tbl (chave TXT_QUEST_STATE_FAILER). Texto de interface/menu do sistema.,2026-08-23
Quest Report,UI,Relatório de Missão,traduzir,none,,Fonte: pac/steam/table_en.pac -> table_en/t_text.tbl (chave TXT_QUEST_REPORT). Texto de interface/menu do sistema.,2026-08-23
Total BP Earned,UI,BP Total Ganho,traduzir,none,,Fonte: pac/steam/table_en.pac -> table_en/t_text.tbl (chave TXT_QUEST_GETALLBP). Texto de interface/menu do sistema.,2026-08-23
Reward List,UI,Lista de Recompensas,traduzir,none,,Fonte: pac/steam/table_en.pac -> table_en/t_text.tbl (chave TXT_QUEST_REWARD_LIST). Texto de interface/menu do sistema.,2026-08-23
Scroll,UI,Rolar,traduzir,none,,Fonte: pac/steam/table_en.pac -> table_en/t_text.tbl (chave TXT_MINIMAP_KEY_HELP_SCROLL). Texto de interface/menu do sistema.,2026-08-23
Camera,UI,Câmera,traduzir,none,,Fonte: pac/steam/table_en.pac -> table_en/t_text.tbl (chave TXT_MINIMAP_KEY_HELP_CAMERA). Texto de interface/menu do sistema.,2026-08-23
Current Location,UI,Localização Atual,traduzir,none,,Fonte: pac/steam/table_en.pac -> table_en/t_text.tbl (chave TXT_MINIMAP_MARKER_PLY). Texto de interface/menu do sistema.,2026-08-23
Treasure Chest,UI,Baú do Tesouro,traduzir,none,,Fonte: pac/steam/table_en.pac -> table_en/t_text.tbl (chave TXT_MINIMAP_MARKER_TBOX). Texto de interface/menu do sistema.,2026-08-23
Main Event,UI,Evento Principal,traduzir,none,,Fonte: pac/steam/table_en.pac -> table_en/t_text.tbl (chave TXT_MINIMAP_MARKER_MAIN). Texto de interface/menu do sistema.,2026-08-23
Quest Event,UI,Evento de Missão,traduzir,none,,Fonte: pac/steam/table_en.pac -> table_en/t_text.tbl (chave TXT_MINIMAP_MARKER_QUEST). Texto de interface/menu do sistema.,2026-08-23
Sub Event,UI,Evento Secundário,traduzir,none,,Fonte: pac/steam/table_en.pac -> table_en/t_text.tbl (chave TXT_MINIMAP_MARKER_SUB). Texto de interface/menu do sistema.,2026-08-23
Switch,UI,Interruptor,traduzir,none,,Fonte: pac/steam/table_en.pac -> table_en/t_text.tbl (chave TXT_MINIMAP_MARKER_GIMMICK). Texto de interface/menu do sistema.,2026-08-23
Fishing Area,UI,Área de Pesca,traduzir,none,,Fonte: pac/steam/table_en.pac -> table_en/t_text.tbl (chave TXT_MINIMAP_MARKER_FISHING). Texto de interface/menu do sistema.,2026-08-23
Combat Handbook,UI,Manual de Combate,traduzir,none,,Fonte: pac/steam/table_en.pac -> table_en/t_text.tbl (chave TXT_NOTE_SHORTCUT_BATTLE). Texto de interface/menu do sistema.,2026-08-23
Bracer Handbook,UI,Manual do Bracer,traduzir,none,,Fonte: pac/steam/table_en.pac -> table_en/t_text.tbl (chave TXT_NOTE_SHORTCUT_QUEST). Texto de interface/menu do sistema.,2026-08-23
Books,UI,Livros,traduzir,none,,Fonte: pac/steam/table_en.pac -> table_en/t_text.tbl (chave TXT_NOTE_SHORTCUT_BOOK). Texto de interface/menu do sistema.,2026-08-23
Recipe Book,UI,Livro de Receitas,traduzir,none,,Fonte: pac/steam/table_en.pac -> table_en/t_text.tbl (chave TXT_NOTE_SHORTCUT_COOK). Texto de interface/menu do sistema.,2026-08-23
Toggle High-Speed Mode,UI,Alternar Modo de Alta Velocidade,traduzir,none,,Fonte: pac/steam/table_en.pac -> table_en/t_text.tbl (chave TXT_NOTE_SHORTCUT_HIGH_SPEED). Texto de interface/menu do sistema.,2026-08-23
Male Only,UI,Somente Homens,traduzir,none,,Fonte: pac/steam/table_en.pac -> table_en/t_text.tbl (chave TXT_ITEM_HELP_MAIL_ONLY). Texto de interface/menu do sistema.,2026-08-23
Female Only,UI,Somente Mulheres,traduzir,none,,Fonte: pac/steam/table_en.pac -> table_en/t_text.tbl (chave TXT_ITEM_HELP_FEMAIL_ONLY). Texto de interface/menu do sistema.,2026-08-23
(XS),UI,(PP),traduzir,none,,Fonte: pac/steam/table_en.pac -> table_en/t_text.tbl (chave TXT_ITEM_HELP_MOSTSMALL). Texto de interface/menu do sistema.,2026-08-23
(LL),UI,(GG),traduzir,none,,Fonte: pac/steam/table_en.pac -> table_en/t_text.tbl (chave TXT_ITEM_HELP_MOSTLARGE). Texto de interface/menu do sistema.,2026-08-23
Half,UI,Metade,traduzir,none,,Fonte: pac/steam/table_en.pac -> table_en/t_text.tbl (chave TXT_ITEM_HELP_HALF). Texto de interface/menu do sistema.,2026-08-23
Effect:,UI,Efeito:,traduzir,none,,Fonte: pac/steam/table_en.pac -> table_en/t_text.tbl (chave TXT_ITEM_HELP_EFFECT). Texto de interface/menu do sistema.,2026-08-23
(Self),UI,(Próprio),traduzir,none,,Fonte: pac/steam/table_en.pac -> table_en/t_text.tbl (chave TXT_ITEM_HELP_SELF). Texto de interface/menu do sistema.,2026-08-23
Ally,UI,Aliado,traduzir,none,,Fonte: pac/steam/table_en.pac -> table_en/t_text.tbl (chave TXT_ITEM_HELP_FRIEND). Texto de interface/menu do sistema.,2026-08-23
Sure Hit,UI,Acerto Garantido,traduzir,none,,Fonte: pac/steam/table_en.pac -> table_en/t_text.tbl (chave TXT_ITEM_HELP_HITTING). Texto de interface/menu do sistema.,2026-08-23
Heavy Stun,UI,Atordoamento Forte,traduzir,none,,Fonte: pac/steam/table_en.pac -> table_en/t_text.tbl (chave TXT_ITEM_HELP_STUN_L). Texto de interface/menu do sistema.,2026-08-23
Extreme Stun,UI,Atordoamento Extremo,traduzir,none,,Fonte: pac/steam/table_en.pac -> table_en/t_text.tbl (chave TXT_ITEM_HELP_STUN_LL). Texto de interface/menu do sistema.,2026-08-23
Short Delay,UI,Atraso Curto,traduzir,none,,Fonte: pac/steam/table_en.pac -> table_en/t_text.tbl (chave TXT_ITEM_HELP_DELAY_SHORT). Texto de interface/menu do sistema.,2026-08-23
Remove Debuff,UI,Remover Debuff,traduzir,none,,Fonte: pac/steam/table_en.pac -> table_en/t_text.tbl (chave TXT_ITEM_HELP_DEBUFF_CANCEL). Texto de interface/menu do sistema.,2026-08-23
Upon Activation,UI,Ao Ativar,traduzir,none,,Fonte: pac/steam/table_en.pac -> table_en/t_text.tbl (chave TXT_ITEM_HELP_SHARD_COMMAND). Texto de interface/menu do sistema.,2026-08-23
STR,Mecânica,,manter_original,none,,Abreviação de status (Strength/Força física). Ver convenção de HP/EP/CP no glossário.,2026-08-23
DEF,Mecânica,,manter_original,none,,Abreviação de status (Defense/Defesa física). Ver convenção de HP/EP/CP no glossário.,2026-08-23
ADF,Mecânica,,manter_original,none,,Abreviação de status (Arts Defense/Defesa mágica). Ver convenção de HP/EP/CP no glossário.,2026-08-23
SPD,Mecânica,,manter_original,none,,Abreviação de status (Speed/Velocidade de turno). Ver convenção de HP/EP/CP no glossário.,2026-08-23
MOV,Mecânica,,manter_original,none,,Abreviação de status (Movement/Alcance de movimento em batalha). Ver convenção de HP/EP/CP no glossário.,2026-08-23
