offset,file,text_en,byte_budget
scena/mp2010_06.dat:0x3f990,scena/mp2010_06.dat,@&P ,5
scena/mp2010_06.dat:0x3f9ff,scena/mp2010_06.dat,@&f ,5
scena/mp2010_06.dat:0x495e8,scena/mp2010_06.dat, &D8,5
scena/mp2010_06.dat:0x49eb3,scena/mp2010_06.dat, &!9,5
scena/mp2010_06.dat:0x49f22,scena/mp2010_06.dat, &59,5
scena/mp2010_06.dat:0x63aec,scena/mp2010_06.dat,Hotel Blanche,14
scena/mp2010_06.dat:0x63c75,scena/mp2010_06.dat,we continue to develop our tourism.,36
scena/mp2010_06.dat:0x63c99,scena/mp2010_06.dat,The City of Ruan's future rests on how,39
scena/mp2010_06.dat:0x63ccf,scena/mp2010_06.dat,and will in turn revitalize our shipping industry.,51
scena/mp2010_06.dat:0x63d02,scena/mp2010_06.dat,An influx of tourists will boost the local economy,51
scena/mp2010_06.dat:0x63d44,scena/mp2010_06.dat,the citizens to understand this.,33
scena/mp2010_06.dat:0x63d65,scena/mp2010_06.dat,The question is how I can get,30
scena/mp2010_06.dat:0x63d92,scena/mp2010_06.dat,to how the dock workers feel.,30
scena/mp2010_06.dat:0x63db0,scena/mp2010_06.dat,"Of course, I'm not completely oblivious",40
scena/mp2010_06.dat:0x63de7,scena/mp2010_06.dat,their equipment was left to grow old.,38
scena/mp2010_06.dat:0x63e0d,scena/mp2010_06.dat,The previous mayor cut their funding and,41
scena/mp2010_06.dat:0x63e45,scena/mp2010_06.dat,having to go through that again.,33
scena/mp2010_06.dat:0x63e66,scena/mp2010_06.dat,Everyone at the port is terrified of,37
scena/mp2010_06.dat:0x63e9a,scena/mp2010_06.dat,two sides of the same coin.,28
scena/mp2010_06.dat:0x63eb6,scena/mp2010_06.dat,Tourism and shipping are,25
scena/mp2010_06.dat:0x63ede,scena/mp2010_06.dat,has the biggest room to grow.,30
scena/mp2010_06.dat:0x63efc,scena/mp2010_06.dat,"However, in my eyes, our local tourism",39
scena/mp2010_06.dat:0x63f32,scena/mp2010_06.dat,it in order to support the shipping industry.,46
scena/mp2010_06.dat:0x63f60,scena/mp2010_06.dat,That's why my position is how we can utilize,45
scena/mp2010_06.dat:0x63f9c,scena/mp2010_06.dat,Kooper was standing next to the unconscious Dels.,50
scena/mp2010_06.dat:0x63fdd,scena/mp2010_06.dat,"When he saw us, he seemed surprised.",37
scena/mp2010_06.dat:0x64011,scena/mp2010_06.dat,tell from his face that he was shocked.,40
scena/mp2010_06.dat:0x64039,scena/mp2010_06.dat,"He didn't panic or anything, but I could",41
scena/mp2010_06.dat:0x64071,scena/mp2010_06.dat,that Herio is a suspect...,27
scena/mp2010_06.dat:0x6408c,scena/mp2010_06.dat,I find it hard to believe,26
scena/mp2010_06.dat:0x640b5,scena/mp2010_06.dat,Dels is his co-worker. Why would he hurt him?,46
scena/mp2010_06.dat:0x640f2,scena/mp2010_06.dat,right-hand man is ridiculous speculation.,42
scena/mp2010_06.dat:0x6411c,scena/mp2010_06.dat,All this talk about a rivalry to be my,39
scena/mp2010_06.dat:0x64152,scena/mp2010_06.dat,I doubt even you bracers buy that tall tale.,45
scena/mp2010_06.dat:0x6418e,scena/mp2010_06.dat,I ordered today's lunch from Lavantar.,39
scena/mp2010_06.dat:0x641c4,scena/mp2010_06.dat,from the same menu every day.,30
scena/mp2010_06.dat:0x641e2,scena/mp2010_06.dat,"After all, the staff get tired of eating",41
scena/mp2010_06.dat:0x6421a,scena/mp2010_06.dat,"Wow, you really pay attention to detail.",41
scena/mp2010_06.dat:0x64257,scena/mp2010_06.dat,what being a politician is all about.,38
scena/mp2010_06.dat:0x6427d,scena/mp2010_06.dat,"At the end of the day, maybe that's",36
scena/mp2010_06.dat:0x642b4,scena/mp2010_06.dat,Haha. Indeed.,14
scena/mp2010_06.dat:0x642d1,scena/mp2010_06.dat,nerves concerning ourselves with details.,42
scena/mp2010_06.dat:0x642fb,scena/mp2010_06.dat,"Every day and night, we wrack our",34
scena/mp2010_06.dat:0x6432c,scena/mp2010_06.dat,M-My heart kind of goes out to you...,38
scena/mp2010_06.dat:0x64365,scena/mp2010_06.dat,Y-Yeah... It must be exhausting.,33
scena/mp2010_06.dat:0x64399,scena/mp2010_06.dat,"Anyway, Norman.",16
scena/mp2010_06.dat:0x643bc,scena/mp2010_06.dat,What did you do after lunch?,29
scena/mp2010_06.dat:0x643ec,scena/mp2010_06.dat,scope out the site for my campaign speech.,43
scena/mp2010_06.dat:0x64417,scena/mp2010_06.dat,"Oh, Herio and I immediately went to",36
scena/mp2010_06.dat:0x6444a,scena/mp2010_06.dat,"though, so we met onsite.",26
scena/mp2010_06.dat:0x64464,scena/mp2010_06.dat,"Herio had another matter to attend to first,",45
scena/mp2010_06.dat:0x644a0,scena/mp2010_06.dat,and met Herio outside?,23
scena/mp2010_06.dat:0x644b7,scena/mp2010_06.dat,You left immediately after lunch,33
scena/mp2010_06.dat:0x644eb,scena/mp2010_06.dat,we needed to know from you.,28
scena/mp2010_06.dat:0x64507,scena/mp2010_06.dat,Okay. I think that's all,25
scena/mp2010_06.dat:0x64533,scena/mp2010_06.dat,Does that help you at all?,27
scena/mp2010_06.dat:0x6455d,scena/mp2010_06.dat,Very well. Please continue your investigation.,47
scena/mp2010_06.dat:0x6459b,scena/mp2010_06.dat,to scope out the site for my campaign speech.,46
scena/mp2010_06.dat:0x645c9,scena/mp2010_06.dat,"After lunch, Herio and I immediately went",42
scena/mp2010_06.dat:0x64602,scena/mp2010_06.dat,"to attend to first, so we met onsite.",38
scena/mp2010_06.dat:0x64628,scena/mp2010_06.dat,"However, Herio had another matter",34
scena/mp2010_06.dat:0x64659,scena/mp2010_06.dat,Where was I when the bridge bell rang?,39
scena/mp2010_06.dat:0x6468f,scena/mp2010_06.dat,out a spot for my next campaign speech.,40
scena/mp2010_06.dat:0x646b7,scena/mp2010_06.dat,"Herio and I were on the bridge, scoping",40
scena/mp2010_06.dat:0x646ee,scena/mp2010_06.dat,"Herio was there, too?",22
scena/mp2010_06.dat:0x64717,scena/mp2010_06.dat,"Yes, he arrived before me.",27
scena/mp2010_06.dat:0x64741,scena/mp2010_06.dat,rang when that Kooper fellow approached us.,44
scena/mp2010_06.dat:0x6476d,scena/mp2010_06.dat,It was right around the time that the bell,43
scena/mp2010_06.dat:0x647a7,scena/mp2010_06.dat,"the hotel, so there's no doubt.",32
scena/mp2010_06.dat:0x647c7,scena/mp2010_06.dat,I asked Herio to guide him to,30
scena/mp2010_06.dat:0x647f4,scena/mp2010_06.dat,I see. That's some firm data to rely on.,41
scena/mp2010_06.dat:0x64830,scena/mp2010_06.dat,"But Estelle, that means...",27
scena/mp2010_06.dat:0x6485e,scena/mp2010_06.dat,have had nothing to do with Herio.,35
scena/mp2010_06.dat:0x64881,scena/mp2010_06.dat,The sound Murray heard must,28
scena/mp2010_06.dat:0x648b0,scena/mp2010_06.dat,"nothing to do with Kooper, either.",35
scena/mp2010_06.dat:0x648d3,scena/mp2010_06.dat,Not just Herio. It means it had,32
scena/mp2010_06.dat:0x64906,scena/mp2010_06.dat,right after the bridge bell rang...,36
scena/mp2010_06.dat:0x6492a,scena/mp2010_06.dat,The sound Murray heard occurred,32
scena/mp2010_06.dat:0x6495e,scena/mp2010_06.dat,were with Norman at that time.,31
scena/mp2010_06.dat:0x6497d,scena/mp2010_06.dat,But we've proven that both Kooper and Herio,44
scena/mp2010_06.dat:0x649bc,scena/mp2010_06.dat,other than those two who made the sound...,43
scena/mp2010_06.dat:0x649e7,scena/mp2010_06.dat,Which means it was someone,27
scena/mp2010_06.dat:0x64a15,scena/mp2010_06.dat,the culprit seem to have dropped.,34
scena/mp2010_06.dat:0x64a37,scena/mp2010_06.dat,The chances of either of them being,36
scena/mp2010_06.dat:0x64a6e,scena/mp2010_06.dat,Where was I when the bridge bell rang?,39
scena/mp2010_06.dat:0x64aa4,scena/mp2010_06.dat,out a spot for my next campaign speech.,40
scena/mp2010_06.dat:0x64acc,scena/mp2010_06.dat,"Herio and I were on the bridge, scoping",40
scena/mp2010_06.dat:0x64b03,scena/mp2010_06.dat,"In that case, who was it that was helping out?",47
scena/mp2010_06.dat:0x64b41,scena/mp2010_06.dat,around the office while we were out.,37
scena/mp2010_06.dat:0x64b66,scena/mp2010_06.dat,Someone seemed to have cleaned up,34
scena/mp2010_06.dat:0x64b97,scena/mp2010_06.dat,"of knowing who it was. Right, Norman?",38
scena/mp2010_06.dat:0x64bbd,scena/mp2010_06.dat,And that means...you'd have no way,35
scena/mp2010_06.dat:0x64bf3,scena/mp2010_06.dat,"Unfortunately, that's the case...",34
scena/mp2010_06.dat:0x64c24,scena/mp2010_06.dat,But whoever it was...,22
scena/mp2010_06.dat:0x64c49,scena/mp2010_06.dat,their kindness into worry.,27
scena/mp2010_06.dat:0x64c64,scena/mp2010_06.dat,This incident may have turned,30
scena/mp2010_06.dat:0x64cad,scena/mp2010_06.dat,Is something wrong?,20
scena/mp2010_06.dat:0x64cd4,scena/mp2010_06.dat,of an appetite lately.,23
scena/mp2010_06.dat:0x64ceb,scena/mp2010_06.dat,"Um, the truth is...I haven't had much",38
scena/mp2010_06.dat:0x64d20,scena/mp2010_06.dat,we had for lunch untouched.,28
scena/mp2010_06.dat:0x64d3c,scena/mp2010_06.dat,I even left a fair amount of the paella,40
scena/mp2010_06.dat:0x64d73,scena/mp2010_06.dat,"special paella for me, and yet...",34
scena/mp2010_06.dat:0x64d95,scena/mp2010_06.dat,Ernest was considerate enough to order,39
scena/mp2010_06.dat:0x64dcc,scena/mp2010_06.dat,"...Ah, I feel ashamed of myself.",33
scena/mp2010_06.dat:0x64dfc,scena/mp2010_06.dat,I-I see...,11
scena/mp2010_06.dat:0x64e1b,scena/mp2010_06.dat,I guess this election stuff is pretty demanding.,49
scena/mp2010_06.dat:0x64e5f,scena/mp2010_06.dat,around the office while we were out.,37
scena/mp2010_06.dat:0x64e84,scena/mp2010_06.dat,Someone seemed to have cleaned up,34
scena/mp2010_06.dat:0x64eb5,scena/mp2010_06.dat,"Still, I'm awfully ashamed of myself.",38
scena/mp2010_06.dat:0x64eea,scena/mp2010_06.dat,"special paella for me, and yet...",34
scena/mp2010_06.dat:0x64f0c,scena/mp2010_06.dat,Ernest was considerate enough to order,39
scena/mp2010_06.dat:0x64f42,scena/mp2010_06.dat,and left a lot of it untouched.,32
scena/mp2010_06.dat:0x64f62,scena/mp2010_06.dat,"In the end, I had very little appetite",39
scena/mp2010_06.dat:0x64f98,scena/mp2010_06.dat,but please don't tell anyone.,30
scena/mp2010_06.dat:0x64fb6,scena/mp2010_06.dat,"I hate to ask this of you,",27
scena/mp2010_06.dat:0x64fe0,scena/mp2010_06.dat,a fuss about my health.,24
scena/mp2010_06.dat:0x64ff8,scena/mp2010_06.dat,I don't want the staff raising,31
scena/mp2010_06.dat:0x65026,scena/mp2010_06.dat,my son was when the bridge bells rang?,39
scena/mp2010_06.dat:0x6504d,scena/mp2010_06.dat,Hmm... Are you concerned about where,37
scena/mp2010_06.dat:0x65081,scena/mp2010_06.dat,"to suspect him, don't hesitate.",32
scena/mp2010_06.dat:0x650a1,scena/mp2010_06.dat,If you have a valid reason,27
scena/mp2010_06.dat:0x650cb,scena/mp2010_06.dat,I won't object if you detain and question Belden.,50
scena/mp2010_06.dat:0x6510c,scena/mp2010_06.dat,I appreciate your efforts today.,33
scena/mp2010_06.dat:0x6512d,scena/mp2010_06.dat,"Oh, hello, bracers.",20
scena/mp2010_06.dat:0x65150,scena/mp2010_06.dat,within the town would only have grown worse.,45
scena/mp2010_06.dat:0x6517d,scena/mp2010_06.dat,"Had you not solved the case, hostilities",41
scena/mp2010_06.dat:0x651b5,scena/mp2010_06.dat,for all the citizens of the city.,34
scena/mp2010_06.dat:0x651d7,scena/mp2010_06.dat,Please continue to do your best,32
scena/mp2010_06.dat:0x65206,scena/mp2010_06.dat,Thanks for your help just now.,31
scena/mp2010_06.dat:0x65225,scena/mp2010_06.dat,"Hello there, bracers.",22
scena/mp2010_06.dat:0x6524a,scena/mp2010_06.dat,"For a moment there, I was really worried.",42
scena/mp2010_06.dat:0x65274,scena/mp2010_06.dat,I owe you for solving the case.,32
scena/mp2010_06.dat:0x652a3,scena/mp2010_06.dat,for all the citizens of the city.,34
scena/mp2010_06.dat:0x652c5,scena/mp2010_06.dat,Please continue to do your best,32
scena/mp2010_06.dat:0x652f4,scena/mp2010_06.dat,showing more concern for the harbor workers.,45
scena/mp2010_06.dat:0x65321,scena/mp2010_06.dat,"I, myself, have to share the blame for not",43
scena/mp2010_06.dat:0x6535b,scena/mp2010_06.dat,dialog with them to prevent further misunderstandings.,55
scena/mp2010_06.dat:0x65392,scena/mp2010_06.dat,"From now on, I'll make sure to have an active",46
scena/mp2010_06.dat:0x653cf,scena/mp2010_06.dat,What will you ask?,19
scena/mp2010_06.dat:0x653e2,scena/mp2010_06.dat,Ask about Kooper,17
scena/mp2010_06.dat:0x653f3,scena/mp2010_06.dat,Ask about Herio,16
scena/mp2010_06.dat:0x65403,scena/mp2010_06.dat,Ask about lunch,16
scena/mp2010_06.dat:0x65413,scena/mp2010_06.dat,Ask about the bell,19
scena/mp2010_06.dat:0x65426,scena/mp2010_06.dat,Ask about who cleaned up,25
scena/mp2010_06.dat:0x6543f,scena/mp2010_06.dat,Ask about Belden,17
scena/mp2010_06.dat:0x65451,scena/mp2010_06.dat,"Now, for the next question.",28
scena/mp2010_06.dat:0x65481,scena/mp2010_06.dat,is it not?,11
scena/mp2010_06.dat:0x6548c,scena/mp2010_06.dat,"Your campaign is very much pro-tourism,",40
scena/mp2010_06.dat:0x654c7,scena/mp2010_06.dat,of that will help the tourism industry?,40
scena/mp2010_06.dat:0x654ef,scena/mp2010_06.dat,What sort of policies are you thinking,39
scena/mp2010_06.dat:0x65529,scena/mp2010_06.dat,the overly simplistic label of 'pro-tourism.',46
scena/mp2010_06.dat:0x65557,scena/mp2010_06.dat,"First, I'd ask that you refrain from using",43
scena/mp2010_06.dat:0x65591,scena/mp2010_06.dat,about when that's simply not the case.,39
scena/mp2010_06.dat:0x655b8,scena/mp2010_06.dat,It makes it seem like that's all I care,40
scena/mp2010_06.dat:0x655ef,scena/mp2010_06.dat,who found Dels. That's all.,28
scena/mp2010_06.dat:0x6560b,scena/mp2010_06.dat,"I keep telling you, I'm just the one",37
scena/mp2010_06.dat:0x6563f,scena/mp2010_06.dat,"No one's mentioned that, have they?",36
scena/mp2010_06.dat:0x65663,scena/mp2010_06.dat,have heard <C2>the noise<C0>.,30
scena/mp2010_06.dat:0x65681,scena/mp2010_06.dat,"If we had been fighting, someone would",39
scena/mp2010_06.dat:0x656b7,scena/mp2010_06.dat,respectfully on the sofa.,26
scena/mp2010_06.dat:0x656d1,scena/mp2010_06.dat,"Naturally, I was sitting",25
scena/mp2010_06.dat:0x656f9,scena/mp2010_06.dat,they heard a loud noise.,25
scena/mp2010_06.dat:0x65712,scena/mp2010_06.dat,But there are witnesses who say,32
scena/mp2010_06.dat:0x65745,scena/mp2010_06.dat,collision coming from the balcony...,37
scena/mp2010_06.dat:0x6576a,scena/mp2010_06.dat,It seems they heard the sound of a,35
scena/mp2010_06.dat:0x657a1,scena/mp2010_06.dat,...You don't remember hearing anything like that?,50
scena/mp2010_06.dat:0x657e6,scena/mp2010_06.dat,The sound of a collision?,26
scena/mp2010_06.dat:0x6580f,scena/mp2010_06.dat,No way. I didn't hear anything like that.,42
scena/mp2010_06.dat:0x65848,scena/mp2010_06.dat,someone would have heard.,26
scena/mp2010_06.dat:0x65862,scena/mp2010_06.dat,"If we had been fighting,",25
scena/mp2010_06.dat:0x6588a,scena/mp2010_06.dat,"No one's mentioned that, have they?",36
scena/mp2010_06.dat:0x658bd,scena/mp2010_06.dat,They're imagining things.,26
scena/mp2010_06.dat:0x658d7,scena/mp2010_06.dat,Someone said I was angry?,26
scena/mp2010_06.dat:0x65900,scena/mp2010_06.dat,Herio's attitude was a lot worse than mine.,44
scena/mp2010_06.dat:0x6592c,scena/mp2010_06.dat,"If you're looking at that angle, I'd say",41
scena/mp2010_06.dat:0x65964,scena/mp2010_06.dat,He's always glaring at me.,27
scena/mp2010_06.dat:0x6598e,scena/mp2010_06.dat,I'm sure you'll dig up some dirt.,34
scena/mp2010_06.dat:0x659b0,scena/mp2010_06.dat,Just ask around about <C2>Herio<C0>.,37
scena/mp2010_06.dat:0x659e4,scena/mp2010_06.dat,"of Norman's right-hand man, you know?",38
scena/mp2010_06.dat:0x65a0a,scena/mp2010_06.dat,He and Dels are rivals for the position,40
scena/mp2010_06.dat:0x65a41,scena/mp2010_06.dat,them and he ended up losing his temper.,40
scena/mp2010_06.dat:0x65a69,scena/mp2010_06.dat,I'll bet there's tension between,33
scena/mp2010_06.dat:0x65a99,scena/mp2010_06.dat,I was never mad at anybody.,28
scena/mp2010_06.dat:0x65ac4,scena/mp2010_06.dat,"on behalf of everyone, after all.",34
scena/mp2010_06.dat:0x65ae6,scena/mp2010_06.dat,I came here to apologize,25
scena/mp2010_06.dat:0x65b0e,scena/mp2010_06.dat,be huffing around in anger?,28
scena/mp2010_06.dat:0x65b2a,scena/mp2010_06.dat,What good would it do me to,28
scena/mp2010_06.dat:0x65b55,scena/mp2010_06.dat,"Herio has a motive too, doesn't he?",36
scena/mp2010_06.dat:0x65b88,scena/mp2010_06.dat,"of Norman's right-hand man, you know?",38
scena/mp2010_06.dat:0x65bae,scena/mp2010_06.dat,He and Dels are rivals for the position,40
scena/mp2010_06.dat:0x65be5,scena/mp2010_06.dat,them and he ended up losing his temper.,40
scena/mp2010_06.dat:0x65c0d,scena/mp2010_06.dat,I'll bet there's tension between,33
scena/mp2010_06.dat:0x65c3d,scena/mp2010_06.dat,When the bell on the bridge rang?,34
scena/mp2010_06.dat:0x65c6e,scena/mp2010_06.dat,the bridge in a hurry when it rang.,36
scena/mp2010_06.dat:0x65c92,scena/mp2010_06.dat,"Now that you mention it, I ran across",38
scena/mp2010_06.dat:0x65cc7,scena/mp2010_06.dat,Norman and Herio by chance.,28
scena/mp2010_06.dat:0x65ce3,scena/mp2010_06.dat,And that's when I ran into,27
scena/mp2010_06.dat:0x65d0d,scena/mp2010_06.dat,Hmm... Then that means...,26
scena/mp2010_06.dat:0x65d3b,scena/mp2010_06.dat,the noise that was heard.,26
scena/mp2010_06.dat:0x65d55,scena/mp2010_06.dat,You had nothing to do with,27
scena/mp2010_06.dat:0x65d83,scena/mp2010_06.dat,was heard right after the bridge bell sounded.,47
scena/mp2010_06.dat:0x65db2,scena/mp2010_06.dat,"According to witnesses, the noise at the office",48
scena/mp2010_06.dat:0x65df6,scena/mp2010_06.dat,that would be the case.,24
scena/mp2010_06.dat:0x65e0e,scena/mp2010_06.dat,"Well, if we take him at his word,",34
scena/mp2010_06.dat:0x65e60,scena/mp2010_06.dat,His testimony lines up with Norman's.,38
scena/mp2010_06.dat:0x65e99,scena/mp2010_06.dat,Where was Belden when the bridge bell rang?,44
scena/mp2010_06.dat:0x65ed4,scena/mp2010_06.dat,How am I supposed to know that?,32
scena/mp2010_06.dat:0x65f03,scena/mp2010_06.dat,"Oh, bracers. Thanks for your help earlier.",43
scena/mp2010_06.dat:0x65f3d,scena/mp2010_06.dat,I almost got punished for something I didn't do.,49
scena/mp2010_06.dat:0x65f7d,scena/mp2010_06.dat,reach a settlement between our two sides.,42
scena/mp2010_06.dat:0x65fa7,scena/mp2010_06.dat,"But in any case, we still have to",34
scena/mp2010_06.dat:0x65fd8,scena/mp2010_06.dat,"At this rate, there's gonna be another big fight.",50
scena/mp2010_06.dat:0x66019,scena/mp2010_06.dat,Thanks for your help at the hotel.,35
scena/mp2010_06.dat:0x6603c,scena/mp2010_06.dat,"Hey there, bracers.",20
scena/mp2010_06.dat:0x6605f,scena/mp2010_06.dat,I'm just glad the truth came out.,34
scena/mp2010_06.dat:0x66081,scena/mp2010_06.dat,"Whatever the case,",19
scena/mp2010_06.dat:0x660a3,scena/mp2010_06.dat,What will you ask?,19
scena/mp2010_06.dat:0x660b6,scena/mp2010_06.dat,Ask about Kooper,17
scena/mp2010_06.dat:0x660c7,scena/mp2010_06.dat,About whether anyone was angry,31
scena/mp2010_06.dat:0x660e6,scena/mp2010_06.dat,Ask about Herio,16
scena/mp2010_06.dat:0x660f6,scena/mp2010_06.dat,Ask about the bridge bell,26
scena/mp2010_06.dat:0x66110,scena/mp2010_06.dat,Ask about Belden,17
scena/mp2010_06.dat:0x66122,scena/mp2010_06.dat,first floor basement.,22
scena/mp2010_06.dat:0x66138,scena/mp2010_06.dat,South Block can get there from the,35
scena/mp2010_06.dat:0x6615b,scena/mp2010_06.dat,Um... Anyone wanting to get to the,35
scena/mp2010_06.dat:0x6618d,scena/mp2010_06.dat,Please protheed... Gah!,24
scena/mp2010_06.dat:0x661a5,scena/mp2010_06.dat,Pleaproceed... No... Pleath broceed...,39
scena/mp2010_06.dat:0x661db,scena/mp2010_06.dat,Why do I keep flubbing that bit?!,34
scena/mp2010_06.dat:0x6620c,scena/mp2010_06.dat,Ahem... Please... Proceed... Down the stairs...,48
scena/mp2010_06.dat:0x6624b,scena/mp2010_06.dat,I ain't gonna mess it up again!,32
scena/mp2010_06.dat:0x6626b,scena/mp2010_06.dat,Okay. That's perfect.,22
scena/mp2010_06.dat:0x66290,scena/mp2010_06.dat,please head to the lower floor.,32
scena/mp2010_06.dat:0x662b0,scena/mp2010_06.dat,"Anyone who wishes to go to the South Block,",44
scena/mp2010_06.dat:0x662eb,scena/mp2010_06.dat,to the first floor basement.,29
scena/mp2010_06.dat:0x66308,scena/mp2010_06.dat,Please proceed down the stairs,31
scena/mp2010_06.dat:0x66336,scena/mp2010_06.dat,that business speak quite well.,32
scena/mp2010_06.dat:0x66356,scena/mp2010_06.dat,Hehehe. There we go. I'm handling,34
scena/mp2010_06.dat:0x66387,scena/mp2010_06.dat,like I accomplished something.,31
scena/mp2010_06.dat:0x663a6,scena/mp2010_06.dat,"At first I hated it, but now it feels",38
scena/mp2010_06.dat:0x663db,scena/mp2010_06.dat,"to actually be useful, eh?",27
scena/mp2010_06.dat:0x663f6,scena/mp2010_06.dat,Who knew just how nice it felt,31
scena/mp2010_06.dat:0x66424,scena/mp2010_06.dat,due to a...little argument.,28
scena/mp2010_06.dat:0x66440,scena/mp2010_06.dat,All that hubbub just now was,29
scena/mp2010_06.dat:0x6646c,scena/mp2010_06.dat,on where the speech should be held.,36
scena/mp2010_06.dat:0x66490,scena/mp2010_06.dat,"We had a, uh, disagreement with Team Portos",44
scena/mp2010_06.dat:0x664cb,scena/mp2010_06.dat,"well, things kinda devolved into chaos.",40
scena/mp2010_06.dat:0x664f3,scena/mp2010_06.dat,"Everyone was trying to get a word in and,",42
scena/mp2010_06.dat:0x6652c,scena/mp2010_06.dat,very well may have made Norman look bad.,41
scena/mp2010_06.dat:0x66555,scena/mp2010_06.dat,"*Sigh* Now I feel terrible, because we",39
scena/mp2010_06.dat:0x6658b,scena/mp2010_06.dat,due to a little argument.,26
scena/mp2010_06.dat:0x665a5,scena/mp2010_06.dat,All that hubbub just now was,29
scena/mp2010_06.dat:0x665d1,scena/mp2010_06.dat,a little too quickly...,24
scena/mp2010_06.dat:0x665e9,scena/mp2010_06.dat,"Unfortunately, things escalated",32
scena/mp2010_06.dat:0x66618,scena/mp2010_06.dat,so I didn't see the culprit.,29
scena/mp2010_06.dat:0x66635,scena/mp2010_06.dat,"I lost consciousness immediately,",34
scena/mp2010_06.dat:0x66666,scena/mp2010_06.dat,I could have been more help.,29
scena/mp2010_06.dat:0x66683,scena/mp2010_06.dat,"If I had at least caught a glimpse,",36
scena/mp2010_06.dat:0x666b6,scena/mp2010_06.dat,I could have been more help.,29
scena/mp2010_06.dat:0x666d3,scena/mp2010_06.dat,"*Sigh* If I had gotten a look at the culprit,",46
scena/mp2010_06.dat:0x66710,scena/mp2010_06.dat,Ugh... My head's still pounding like crazy.,44
scena/mp2010_06.dat:0x6674c,scena/mp2010_06.dat,Really? I see...,17
scena/mp2010_06.dat:0x6676c,scena/mp2010_06.dat,I'm afraid I can't help you there.,35
scena/mp2010_06.dat:0x6679e,scena/mp2010_06.dat,I'll vouch for that!,21
scena/mp2010_06.dat:0x667b3,scena/mp2010_06.dat,There's no way Herio is the culprit.,37
scena/mp2010_06.dat:0x667e7,scena/mp2010_06.dat,and we cooperate as far as sales go!,37
scena/mp2010_06.dat:0x6680c,scena/mp2010_06.dat,There's no jealousy between us,31
scena/mp2010_06.dat:0x6683a,scena/mp2010_06.dat,"Oof... Wh-When I get excited, my head...",41
scena/mp2010_06.dat:0x66873,scena/mp2010_06.dat,who was it that did the tidying up?,36
scena/mp2010_06.dat:0x66897,scena/mp2010_06.dat,"Huh. Now that you mention it,",30
scena/mp2010_06.dat:0x668c4,scena/mp2010_06.dat,F-Forgive me. I'm afraid I don't remember.,43
scena/mp2010_06.dat:0x668fe,scena/mp2010_06.dat,"But you were in the office, weren't you?",41
scena/mp2010_06.dat:0x6693a,scena/mp2010_06.dat,I'd think you would have noticed.,34
scena/mp2010_06.dat:0x6695c,scena/mp2010_06.dat,"If someone had come in to tidy up,",35
scena/mp2010_06.dat:0x66992,scena/mp2010_06.dat,I know what you mean. I find it strange myself.,48
scena/mp2010_06.dat:0x669d1,scena/mp2010_06.dat,heard the bridge bell ring?,28
scena/mp2010_06.dat:0x669ed,scena/mp2010_06.dat,Where was Belden when I,24
scena/mp2010_06.dat:0x66a14,scena/mp2010_06.dat,"Um, I don't really know... Is he a suspect?",44
scena/mp2010_06.dat:0x66a4f,scena/mp2010_06.dat,"Oh, bracers. You really impressed me back there.",49
scena/mp2010_06.dat:0x66a8f,scena/mp2010_06.dat,it was all a misunderstanding.,31
scena/mp2010_06.dat:0x66aae,scena/mp2010_06.dat,"To be honest, I'm relieved that",32
scena/mp2010_06.dat:0x66add,scena/mp2010_06.dat,"Hey there, bracers. Good work earlier.",39
scena/mp2010_06.dat:0x66b13,scena/mp2010_06.dat,there's a drill inside my head.,32
scena/mp2010_06.dat:0x66b33,scena/mp2010_06.dat,Oof. It still feels like,25
scena/mp2010_06.dat:0x66b5c,scena/mp2010_06.dat,What will you ask?,19
scena/mp2010_06.dat:0x66b6f,scena/mp2010_06.dat,Ask about Kooper,17
scena/mp2010_06.dat:0x66b80,scena/mp2010_06.dat,About whether anyone was angry,31
scena/mp2010_06.dat:0x66b9f,scena/mp2010_06.dat,Ask about Herio,16
scena/mp2010_06.dat:0x66baf,scena/mp2010_06.dat,Ask about who tidied up,24
scena/mp2010_06.dat:0x66bc7,scena/mp2010_06.dat,Ask about Belden,17
scena/mp2010_06.dat:0x66bd9,scena/mp2010_06.dat,"So, how's your son doing?",26
scena/mp2010_06.dat:0x66c02,scena/mp2010_06.dat,The same as ever...,20
scena/mp2010_06.dat:0x66c25,scena/mp2010_06.dat,shut himself inside of his room.,33
scena/mp2010_06.dat:0x66c46,scena/mp2010_06.dat,"I dunno what he's afraid of, but he's",38
scena/mp2010_06.dat:0x66c7b,scena/mp2010_06.dat,Is that so? I'm terribly sorry to hear that.,45
scena/mp2010_06.dat:0x66cb7,scena/mp2010_06.dat,"overly upset over it, though.",30
scena/mp2010_06.dat:0x66cd5,scena/mp2010_06.dat,There's no point in me getting,31
scena/mp2010_06.dat:0x66d03,scena/mp2010_06.dat,work through on his own.,25
scena/mp2010_06.dat:0x66d1c,scena/mp2010_06.dat,It's something that only he can,32
scena/mp2010_06.dat:0x66d4b,scena/mp2010_06.dat,Shall we bring the discussion back to work?,44
scena/mp2010_06.dat:0x66d86,scena/mp2010_06.dat,"Right, of course.",18
scena/mp2010_06.dat:0x66da7,scena/mp2010_06.dat,Have you decided where the speeches will be held?,50
scena/mp2010_06.dat:0x66de8,scena/mp2010_06.dat,is our first choice so far.,28
scena/mp2010_06.dat:0x66e04,scena/mp2010_06.dat,The area around Langland Bridge,32
scena/mp2010_06.dat:0x66e33,scena/mp2010_06.dat,I'm sure many people will stop to listen.,42
scena/mp2010_06.dat:0x66e5d,scena/mp2010_06.dat,The bridge gets good foot traffic so,37
scena/mp2010_06.dat:0x66e91,scena/mp2010_06.dat,Welcome to Hotel Blanche.,26
scena/mp2010_06.dat:0x66eba,scena/mp2010_06.dat,view of the ocean.,19
scena/mp2010_06.dat:0x66ecd,scena/mp2010_06.dat,All of our rooms feature a wonderful,37
scena/mp2010_06.dat:0x66f01,scena/mp2010_06.dat,campaign office for the time being.,36
scena/mp2010_06.dat:0x66f25,scena/mp2010_06.dat,The suite is being used as Mr. Norman's,40
scena/mp2010_06.dat:0x66f5c,scena/mp2010_06.dat,so I appreciate your understanding.,36
scena/mp2010_06.dat:0x66f80,scena/mp2010_06.dat,"Mr. Norman is the owner of the hotel,",38
scena/mp2010_06.dat:0x66fb5,scena/mp2010_06.dat,we don't have many customers.,30
scena/mp2010_06.dat:0x66fd3,scena/mp2010_06.dat,"Since we're in the middle of an election,",42
scena/mp2010_06.dat:0x6700c,scena/mp2010_06.dat,so I can offer you one of our best.,36
scena/mp2010_06.dat:0x67030,scena/mp2010_06.dat,"We've got plenty of available rooms,",37
scena/mp2010_06.dat:0x67064,scena/mp2010_06.dat,"Oh, are you quite alright?",27
scena/mp2010_06.dat:0x6708e,scena/mp2010_06.dat,You seem to be rather flustered at the moment...,49
scena/mp2010_06.dat:0x670ce,scena/mp2010_06.dat,groups had a little quarrel.,29
scena/mp2010_06.dat:0x670eb,scena/mp2010_06.dat,I heard that the two campaign,30
scena/mp2010_06.dat:0x67118,scena/mp2010_06.dat,the strength of policies not through violence...,49
scena/mp2010_06.dat:0x67149,scena/mp2010_06.dat,I would prefer that this election gets settled on,50
scena/mp2010_06.dat:0x6718a,scena/mp2010_06.dat,situation on our hands.,24
scena/mp2010_06.dat:0x671a2,scena/mp2010_06.dat,We seem to have a terrible,27
scena/mp2010_06.dat:0x671cc,scena/mp2010_06.dat,Please... I must ask for your assistance.,42
scena/mp2010_06.dat:0x67205,scena/mp2010_06.dat,from any of Ruan's food and beverage businesses.,49
scena/mp2010_06.dat:0x67236,scena/mp2010_06.dat,"As part of our hotel's room service, we order",46
scena/mp2010_06.dat:0x67273,scena/mp2010_06.dat,their rooms.,13
scena/mp2010_06.dat:0x67280,scena/mp2010_06.dat,enjoy delicious meals from the comfort of,42
scena/mp2010_06.dat:0x672aa,scena/mp2010_06.dat,We take pride in the fact that our guests can,46
scena/mp2010_06.dat:0x672e7,scena/mp2010_06.dat,an order for food from Lavantar.,33
scena/mp2010_06.dat:0x67308,scena/mp2010_06.dat,"Earlier today, Mr. Norman submitted",36
scena/mp2010_06.dat:0x6733b,scena/mp2010_06.dat,I'm told it was lunch for his campaign workers.,48
scena/mp2010_06.dat:0x6737a,scena/mp2010_06.dat,Mr. Kooper is an occasional customer of ours.,46
scena/mp2010_06.dat:0x673b7,scena/mp2010_06.dat,facilities for business meetings.,34
scena/mp2010_06.dat:0x673d9,scena/mp2010_06.dat,He mostly uses the hotel's,27
scena/mp2010_06.dat:0x67403,scena/mp2010_06.dat,"Hm. A loud noise, you say?",27
scena/mp2010_06.dat:0x6742d,scena/mp2010_06.dat,"Unfortunately, I didn't hear a thing.",38
scena/mp2010_06.dat:0x67462,scena/mp2010_06.dat,about such an important matter.,32
scena/mp2010_06.dat:0x67482,scena/mp2010_06.dat,I apologize for remaining silent,33
scena/mp2010_06.dat:0x674b3,scena/mp2010_06.dat,Mr. Herio could be the culprit.,32
scena/mp2010_06.dat:0x674d3,scena/mp2010_06.dat,But the fact is that I simply do not believe,45
scena/mp2010_06.dat:0x6750f,scena/mp2010_06.dat,sort... I can't even imagine it.,33
scena/mp2010_06.dat:0x67530,scena/mp2010_06.dat,Mr. Herio committing a crime of any,36
scena/mp2010_06.dat:0x67563,scena/mp2010_06.dat,"W-Wait, do you still suspect Mr. Herio?!",41
scena/mp2010_06.dat:0x6759b,scena/mp2010_06.dat,I am certain he is not the culprit.,36
scena/mp2010_06.dat:0x675bf,scena/mp2010_06.dat,Mr. Herio is a most sincere gentleman.,39
scena/mp2010_06.dat:0x675f6,scena/mp2010_06.dat,that he could do such a thing...,33
scena/mp2010_06.dat:0x67617,scena/mp2010_06.dat,"Indeed, it's simply impossible",31
scena/mp2010_06.dat:0x67662,scena/mp2010_06.dat,like something's bothering you.,32
scena/mp2010_06.dat:0x67682,scena/mp2010_06.dat,Wh-What's wrong? You look,26
scena/mp2010_06.dat:0x676af,scena/mp2010_06.dat,it's best to get it off your chest.,36
scena/mp2010_06.dat:0x676d3,scena/mp2010_06.dat,"If you're hiding something,",28
scena/mp2010_06.dat:0x67702,scena/mp2010_06.dat,you often only make it worse for them.,39
scena/mp2010_06.dat:0x67729,scena/mp2010_06.dat,"When you try to cover for someone,",35
scena/mp2010_06.dat:0x67760,scena/mp2010_06.dat,it's best to be honest with us.,32
scena/mp2010_06.dat:0x67780,scena/mp2010_06.dat,"If you're hiding something,",28
scena/mp2010_06.dat:0x677af,scena/mp2010_06.dat,you only make it worse for them.,33
scena/mp2010_06.dat:0x677d0,scena/mp2010_06.dat,"Even if you try to cover for someone,",38
scena/mp2010_06.dat:0x67847,scena/mp2010_06.dat,"I-I'm very sorry, miss...",26
scena/mp2010_06.dat:0x67871,scena/mp2010_06.dat,"You'll tell us, then?",22
scena/mp2010_06.dat:0x6789a,scena/mp2010_06.dat,"Yes, actually...",17
scena/mp2010_06.dat:0x678ba,scena/mp2010_06.dat,I saw Mr. Herio on the second floor.,37
scena/mp2010_06.dat:0x678df,scena/mp2010_06.dat,I saw something.,17
scena/mp2010_06.dat:0x67900,scena/mp2010_06.dat,...And when was that?,22
scena/mp2010_06.dat:0x67929,scena/mp2010_06.dat,...When did this occur?,24
scena/mp2010_06.dat:0x67954,scena/mp2010_06.dat,It was immediately after <C2>lunch<C0>.,40
scena/mp2010_06.dat:0x6798b,scena/mp2010_06.dat,left the premises together...,30
scena/mp2010_06.dat:0x679a9,scena/mp2010_06.dat,Mr. Herio and Mr. Norman,25
scena/mp2010_06.dat:0x679d2,scena/mp2010_06.dat,by himself and ran up to the second floor.,43
scena/mp2010_06.dat:0x679fd,scena/mp2010_06.dat,"But right afterward, Mr. Herio came back",41
scena/mp2010_06.dat:0x67a35,scena/mp2010_06.dat,This is important testimony...,31
scena/mp2010_06.dat:0x67a67,scena/mp2010_06.dat,"Estelle, you follow up on his statement.",41
scena/mp2010_06.dat:0x67aa3,scena/mp2010_06.dat,I'm gonna look around here for a little longer.,48
scena/mp2010_06.dat:0x67ae6,scena/mp2010_06.dat,should follow up on his statement.,35
scena/mp2010_06.dat:0x67b09,scena/mp2010_06.dat,"Estelle, you and the others",28
scena/mp2010_06.dat:0x67b38,scena/mp2010_06.dat,I'm going to see what else I can learn around here.,52
scena/mp2010_06.dat:0x67b7f,scena/mp2010_06.dat,"Okay, sounds good.",19
scena/mp2010_06.dat:0x67ba5,scena/mp2010_06.dat,"You consider Mr. Herio a suspect, too?!",40
scena/mp2010_06.dat:0x67bdc,scena/mp2010_06.dat,He's not the type of man to resort to violence.,48
scena/mp2010_06.dat:0x67c1b,scena/mp2010_06.dat,possibly be the culprit.,25
scena/mp2010_06.dat:0x67c34,scena/mp2010_06.dat,"Indeed, Mr. Herio could not",28
scena/mp2010_06.dat:0x67c5f,scena/mp2010_06.dat,I am certain he is not the culprit.,36
scena/mp2010_06.dat:0x67c83,scena/mp2010_06.dat,Mr. Herio is a most sincere gentleman.,39
scena/mp2010_06.dat:0x67cb9,scena/mp2010_06.dat,that Mr. Herio is the culprit.,31
scena/mp2010_06.dat:0x67cd8,scena/mp2010_06.dat,"Indeed, I cannot imagine",25
scena/mp2010_06.dat:0x67d01,scena/mp2010_06.dat,to be delivered from Lavantar.,31
scena/mp2010_06.dat:0x67d20,scena/mp2010_06.dat,I arranged for their lunch,27
scena/mp2010_06.dat:0x67d4a,scena/mp2010_06.dat,in their preferred place.,26
scena/mp2010_06.dat:0x67d64,scena/mp2010_06.dat,It looks like everyone ate their meal,38
scena/mp2010_06.dat:0x67d99,scena/mp2010_06.dat,left the premises together.,28
scena/mp2010_06.dat:0x67db5,scena/mp2010_06.dat,"After lunch, Mr. Herio and Mr. Norman",38
scena/mp2010_06.dat:0x67dea,scena/mp2010_06.dat,and went to the second floor.,30
scena/mp2010_06.dat:0x67e08,scena/mp2010_06.dat,"But then, Mr. Herio returned alone",35
scena/mp2010_06.dat:0x67e3a,scena/mp2010_06.dat,The moment the bridge bell rang during lunch?,46
scena/mp2010_06.dat:0x67e77,scena/mp2010_06.dat,fixing up one of the guest rooms.,34
scena/mp2010_06.dat:0x67e99,scena/mp2010_06.dat,"Yes, I remember. It was right when I was",41
scena/mp2010_06.dat:0x67ed1,scena/mp2010_06.dat,I began taking care of the empty dishes.,41
scena/mp2010_06.dat:0x67efa,scena/mp2010_06.dat,"When I finished with that,",27
scena/mp2010_06.dat:0x67f24,scena/mp2010_06.dat,"from the office, so I finished rather quickly.",47
scena/mp2010_06.dat:0x67f53,scena/mp2010_06.dat,Some kind soul had already returned the dishes,47
scena/mp2010_06.dat:0x67f91,scena/mp2010_06.dat,Someone returned the dishes from the office...?,48
scena/mp2010_06.dat:0x67fd4,scena/mp2010_06.dat,"W-Wait, if that's true...",26
scena/mp2010_06.dat:0x68001,scena/mp2010_06.dat,went into the office after lunch?!,35
scena/mp2010_06.dat:0x68024,scena/mp2010_06.dat,Doesn't that mean someone,26
scena/mp2010_06.dat:0x68051,scena/mp2010_06.dat,"Yes, that is correct.",22
scena/mp2010_06.dat:0x68076,scena/mp2010_06.dat,I was preparing the guest rooms.,33
scena/mp2010_06.dat:0x68097,scena/mp2010_06.dat,They seem to have <C2>tidied up<C0> while,42
scena/mp2010_06.dat:0x680d0,scena/mp2010_06.dat,were piled up at the front desk.,33
scena/mp2010_06.dat:0x680f1,scena/mp2010_06.dat,"By the time I noticed, all the dishes",38
scena/mp2010_06.dat:0x68126,scena/mp2010_06.dat,was that kind soul...,22
scena/mp2010_06.dat:0x6813c,scena/mp2010_06.dat,But as for which of our guests,31
scena/mp2010_06.dat:0x6816a,scena/mp2010_06.dat,"Regretfully, I know no more than you do...",43
scena/mp2010_06.dat:0x681a4,scena/mp2010_06.dat,I-I see... That's too bad.,27
scena/mp2010_06.dat:0x681d2,scena/mp2010_06.dat,I guess we'll have to ask everyone one by one.,47
scena/mp2010_06.dat:0x68215,scena/mp2010_06.dat,I was taking care of the empty dishes.,39
scena/mp2010_06.dat:0x6823c,scena/mp2010_06.dat,"When the bridge bell rang during lunch,",40
scena/mp2010_06.dat:0x68273,scena/mp2010_06.dat,the dishes from the office.,28
scena/mp2010_06.dat:0x6828f,scena/mp2010_06.dat,Someone was kind enough to tidy up,35
scena/mp2010_06.dat:0x682c1,scena/mp2010_06.dat,Mr. Belden...?,15
scena/mp2010_06.dat:0x682df,scena/mp2010_06.dat,when the bell was ringing.,27
scena/mp2010_06.dat:0x682fa,scena/mp2010_06.dat,"No, I'm afraid I did not see him",33
scena/mp2010_06.dat:0x6832a,scena/mp2010_06.dat,fixing up the guest rooms.,27
scena/mp2010_06.dat:0x68345,scena/mp2010_06.dat,"At that time, I was busy",25
scena/mp2010_06.dat:0x6836d,scena/mp2010_06.dat,"Bracers, thank you for your efforts today.",43
scena/mp2010_06.dat:0x683a7,scena/mp2010_06.dat,I express my gratitude for solving the case.,45
scena/mp2010_06.dat:0x683d4,scena/mp2010_06.dat,"On behalf of the entire hotel,",31
scena/mp2010_06.dat:0x68402,scena/mp2010_06.dat,our hotel the next time you are in Ruan.,41
scena/mp2010_06.dat:0x6842b,scena/mp2010_06.dat,Please do us the honor of staying at,37
scena/mp2010_06.dat:0x6845f,scena/mp2010_06.dat,will welcome you with open arms.,33
scena/mp2010_06.dat:0x68480,scena/mp2010_06.dat,The owner and all our employees,32
scena/mp2010_06.dat:0x684b0,scena/mp2010_06.dat,our hotel whenever you are in Ruan.,36
scena/mp2010_06.dat:0x684d4,scena/mp2010_06.dat,Please do us the honor of staying at,37
scena/mp2010_06.dat:0x68508,scena/mp2010_06.dat,will welcome you with open arms.,33
scena/mp2010_06.dat:0x68529,scena/mp2010_06.dat,The owner and all our employees,32
scena/mp2010_06.dat:0x68559,scena/mp2010_06.dat,"to provide hot water and lighting, but...",42
scena/mp2010_06.dat:0x68583,scena/mp2010_06.dat,We've managed to use alternative measures,42
scena/mp2010_06.dat:0x685bc,scena/mp2010_06.dat,the same level of service we usually do.,41
scena/mp2010_06.dat:0x685e5,scena/mp2010_06.dat,I'm afraid we're not able to provide,37
scena/mp2010_06.dat:0x68619,scena/mp2010_06.dat,things going to stay this way...?,34
scena/mp2010_06.dat:0x6863b,scena/mp2010_06.dat,Just how much longer are,25
scena/mp2010_06.dat:0x68663,scena/mp2010_06.dat,the same level of service we usually do.,41
scena/mp2010_06.dat:0x6868c,scena/mp2010_06.dat,I'm afraid we're not able to provide,37
scena/mp2010_06.dat:0x686c0,scena/mp2010_06.dat,so I'd like to keep our standards high.,40
scena/mp2010_06.dat:0x686e8,scena/mp2010_06.dat,"I take pride in the quality of our service,",44
scena/mp2010_06.dat:0x68723,scena/mp2010_06.dat,is the owner of this hotel.,28
scena/mp2010_06.dat:0x6873f,scena/mp2010_06.dat,"Mr. Norman, our new mayor,",27
scena/mp2010_06.dat:0x68769,scena/mp2010_06.dat,like he was worn right down to the nubs.,41
scena/mp2010_06.dat:0x68792,scena/mp2010_06.dat,"When I saw him the other day, it looked",40
scena/mp2010_06.dat:0x687c9,scena/mp2010_06.dat,"for the past few days, hard at work.",37
scena/mp2010_06.dat:0x687ee,scena/mp2010_06.dat,I've heard he's been in the mayor's residence,46
scena/mp2010_06.dat:0x6882b,scena/mp2010_06.dat,so I hope he doesn't overwork himself.,39
scena/mp2010_06.dat:0x68852,scena/mp2010_06.dat,"He has only just been elected mayor,",37
scena/mp2010_06.dat:0x68886,scena/mp2010_06.dat,to work out how to handle this whole situation...,50
scena/mp2010_06.dat:0x688b8,scena/mp2010_06.dat,I've heard Mr. Norman is wracking his brain trying,51
scena/mp2010_06.dat:0x688fa,scena/mp2010_06.dat,"for the past few days, hard at work.",37
scena/mp2010_06.dat:0x6891f,scena/mp2010_06.dat,I've heard he's been in the mayor's residence,46
scena/mp2010_06.dat:0x6895c,scena/mp2010_06.dat,What will you ask?,19
scena/mp2010_06.dat:0x6896f,scena/mp2010_06.dat,Ask about Kooper,17
scena/mp2010_06.dat:0x68980,scena/mp2010_06.dat,Ask about the noise,20
scena/mp2010_06.dat:0x68994,scena/mp2010_06.dat,Ask about Herio,16
scena/mp2010_06.dat:0x689a4,scena/mp2010_06.dat,Ask about lunch,16
scena/mp2010_06.dat:0x689b4,scena/mp2010_06.dat,Ask about the bridge bell,26
scena/mp2010_06.dat:0x689ce,scena/mp2010_06.dat,Ask about Belden,17
scena/mp2010_06.dat:0x689e0,scena/mp2010_06.dat,I'm afraid I can't let you in.,31
scena/mp2010_06.dat:0x689ff,scena/mp2010_06.dat,There's an important meeting underway.,39
scena/mp2010_06.dat:0x68a36,scena/mp2010_06.dat,"business with us, please come at another time.",47
scena/mp2010_06.dat:0x68a65,scena/mp2010_06.dat,"I sincerely apologize, but if you have",39
scena/mp2010_06.dat:0x68a9b,scena/mp2010_06.dat,This is the campaign office of mayoral candidate Norman.,57
scena/mp2010_06.dat:0x68ae3,scena/mp2010_06.dat,I'm afraid I can't let you in.,31
scena/mp2010_06.dat:0x68b02,scena/mp2010_06.dat,He's in an important meeting right now.,40
scena/mp2010_06.dat:0x68b3a,scena/mp2010_06.dat,"with us, I ask that you come another time.",43
scena/mp2010_06.dat:0x68b65,scena/mp2010_06.dat,"I sincerely apologize, but if you have business",48
scena/mp2010_06.dat:0x68ba4,scena/mp2010_06.dat,Kooper looked surprised when he saw us.,40
scena/mp2010_06.dat:0x68bdb,scena/mp2010_06.dat,having been caught in the act.,31
scena/mp2010_06.dat:0x68bfa,scena/mp2010_06.dat,He must have panicked from,27
scena/mp2010_06.dat:0x68c24,scena/mp2010_06.dat,"W-Well, Kooper's telling the truth about that.",47
scena/mp2010_06.dat:0x68c62,scena/mp2010_06.dat,and it was quiet inside the room.,34
scena/mp2010_06.dat:0x68c84,scena/mp2010_06.dat,"I was guarding the door,",25
scena/mp2010_06.dat:0x68cac,scena/mp2010_06.dat,I'm sure I would have noticed.,31
scena/mp2010_06.dat:0x68ccb,scena/mp2010_06.dat,"Had there been an argument,",28
scena/mp2010_06.dat:0x68cf6,scena/mp2010_06.dat,they heard a loud noise.,25
scena/mp2010_06.dat:0x68d0f,scena/mp2010_06.dat,"Even so, there are witnesses who say",37
scena/mp2010_06.dat:0x68d48,scena/mp2010_06.dat,from the balcony. You sure you didn't hear it too?,51
scena/mp2010_06.dat:0x68d7b,scena/mp2010_06.dat,They heard what sounded like a collision coming,48
scena/mp2010_06.dat:0x68dbe,scena/mp2010_06.dat,"No, I did not.",15
scena/mp2010_06.dat:0x68ddd,scena/mp2010_06.dat,hear a thing while I was there.,32
scena/mp2010_06.dat:0x68dfd,scena/mp2010_06.dat,I can firmly declare that I didn't,35
scena/mp2010_06.dat:0x68e2f,scena/mp2010_06.dat,I didn't hear any sort of loud noise like that.,48
scena/mp2010_06.dat:0x68e6e,scena/mp2010_06.dat,hear a thing while I was there.,32
scena/mp2010_06.dat:0x68e8e,scena/mp2010_06.dat,I can firmly declare that I didn't,35
scena/mp2010_06.dat:0x68ec0,scena/mp2010_06.dat,was quiet the whole time.,26
scena/mp2010_06.dat:0x68eda,scena/mp2010_06.dat,I'm certain that the room,26
scena/mp2010_06.dat:0x68f03,scena/mp2010_06.dat,I'm sure I would have noticed.,31
scena/mp2010_06.dat:0x68f22,scena/mp2010_06.dat,"Had there been an argument,",28
scena/mp2010_06.dat:0x68f4d,scena/mp2010_06.dat,to scope out a spot for his campaign speech.,45
scena/mp2010_06.dat:0x68f7a,scena/mp2010_06.dat,"After lunch, I went with Norman",32
scena/mp2010_06.dat:0x68fa9,scena/mp2010_06.dat,so I arrived there after him.,30
scena/mp2010_06.dat:0x68fc7,scena/mp2010_06.dat,"I had another matter to attend to,",35
scena/mp2010_06.dat:0x68ff9,scena/mp2010_06.dat,Everything else was as I have explained.,41
scena/mp2010_06.dat:0x69031,scena/mp2010_06.dat,"But, Herio...",14
scena/mp2010_06.dat:0x69053,scena/mp2010_06.dat,"before that, didn't you?",25
scena/mp2010_06.dat:0x6906c,scena/mp2010_06.dat,You went to the second floor,29
scena/mp2010_06.dat:0x690b2,scena/mp2010_06.dat,There's no use hiding it. We have a witness.,45
scena/mp2010_06.dat:0x690f2,scena/mp2010_06.dat,Wh-Who said I was hiding anything?!,36
scena/mp2010_06.dat:0x69125,scena/mp2010_06.dat,something and hurried back to the office!,42
scena/mp2010_06.dat:0x6914f,scena/mp2010_06.dat,I m-merely noticed that I had forgotten,40
scena/mp2010_06.dat:0x69187,scena/mp2010_06.dat,Was there anyone in the office at that time?,45
scena/mp2010_06.dat:0x691c7,scena/mp2010_06.dat,Dels was there working.,24
scena/mp2010_06.dat:0x691ee,scena/mp2010_06.dat,But there was no one else.,27
scena/mp2010_06.dat:0x69218,scena/mp2010_06.dat,"Okay, that's good to know, at least.",37
scena/mp2010_06.dat:0x69250,scena/mp2010_06.dat,L-Listen... Please don't get the wrong idea.,45
scena/mp2010_06.dat:0x6928c,scena/mp2010_06.dat,that I went to the second floor.,33
scena/mp2010_06.dat:0x692ad,scena/mp2010_06.dat,I wasn't trying to hide the fact,33
scena/mp2010_06.dat:0x692dd,scena/mp2010_06.dat,we think you're the culprit.,29
scena/mp2010_06.dat:0x692fa,scena/mp2010_06.dat,Don't worry. This doesn't mean,31
scena/mp2010_06.dat:0x6932d,scena/mp2010_06.dat,only puts you at a disadvantage.,33
scena/mp2010_06.dat:0x6934e,scena/mp2010_06.dat,But don't forget that doing things like that,45
scena/mp2010_06.dat:0x6938e,scena/mp2010_06.dat,"Anyway, we hope you'll continue to cooperate.",46
scena/mp2010_06.dat:0x693cf,scena/mp2010_06.dat,only went back to get something I'd forgotten.,47
scena/mp2010_06.dat:0x693fe,scena/mp2010_06.dat,"It's true that I went to the second floor, but I",49
scena/mp2010_06.dat:0x6943e,scena/mp2010_06.dat,think it was worth mentioning.,31
scena/mp2010_06.dat:0x6945d,scena/mp2010_06.dat,"It wasn't important, so I didn't",33
scena/mp2010_06.dat:0x6948d,scena/mp2010_06.dat,I heard the bell ring when I was outside.,42
scena/mp2010_06.dat:0x694c6,scena/mp2010_06.dat,met up with Norman at the bridge.,34
scena/mp2010_06.dat:0x694e8,scena/mp2010_06.dat,I think it was around the time I,33
scena/mp2010_06.dat:0x69518,scena/mp2010_06.dat,Then Kooper showed up and I led him here.,42
scena/mp2010_06.dat:0x69551,scena/mp2010_06.dat,"when he was outside, then...",29
scena/mp2010_06.dat:0x6956e,scena/mp2010_06.dat,If Herio heard the bell,24
scena/mp2010_06.dat:0x69599,scena/mp2010_06.dat,with the noise in the office?,30
scena/mp2010_06.dat:0x695b7,scena/mp2010_06.dat,Does that mean he had nothing to do,36
scena/mp2010_06.dat:0x695ee,scena/mp2010_06.dat,was heard right after the bridge bell sounded.,47
scena/mp2010_06.dat:0x6961d,scena/mp2010_06.dat,"According to witnesses, the noise at the office",48
scena/mp2010_06.dat:0x69661,scena/mp2010_06.dat,then that's a logical conclusion.,34
scena/mp2010_06.dat:0x69683,scena/mp2010_06.dat,"If he's telling the truth,",27
scena/mp2010_06.dat:0x696b1,scena/mp2010_06.dat,with Norman's testimony.,25
scena/mp2010_06.dat:0x696ca,scena/mp2010_06.dat,So that's it... It lines up pretty well,40
scena/mp2010_06.dat:0x69705,scena/mp2010_06.dat,Where was Belden when the bridge bell rang?,44
scena/mp2010_06.dat:0x69740,scena/mp2010_06.dat,"I was outside, after all.",26
scena/mp2010_06.dat:0x6975a,scena/mp2010_06.dat,"Um, I'm afraid I don't know.",29
scena/mp2010_06.dat:0x69786,scena/mp2010_06.dat,I'm grateful for your help today.,34
scena/mp2010_06.dat:0x697a8,scena/mp2010_06.dat,"Oh, hello, everyone.",21
scena/mp2010_06.dat:0x697cc,scena/mp2010_06.dat,Please accept my thanks.,25
scena/mp2010_06.dat:0x697f4,scena/mp2010_06.dat,to pin the blame on Kooper.,28
scena/mp2010_06.dat:0x69810,scena/mp2010_06.dat,It appears I was far too hasty,31
scena/mp2010_06.dat:0x6983e,scena/mp2010_06.dat,when I have the chance...,26
scena/mp2010_06.dat:0x69858,scena/mp2010_06.dat,I'll have to apologize to him,30
scena/mp2010_06.dat:0x69885,scena/mp2010_06.dat,"Oh, bracers. Good work, today.",31
scena/mp2010_06.dat:0x698b3,scena/mp2010_06.dat,"I hope I can count on you in the future, as well.",50
scena/mp2010_06.dat:0x698f4,scena/mp2010_06.dat,now that all the post-election work was done...,48
scena/mp2010_06.dat:0x69924,scena/mp2010_06.dat,Just when I thought I'd head back to the capital,49
scena/mp2010_06.dat:0x69964,scena/mp2010_06.dat,and the orbments all went on the blink.,40
scena/mp2010_06.dat:0x6998c,scena/mp2010_06.dat,That weird shell thing appeared in the sky,43
scena/mp2010_06.dat:0x699c6,scena/mp2010_06.dat,"all the way back, that's for sure.",35
scena/mp2010_06.dat:0x699e9,scena/mp2010_06.dat,*Sigh* And I don't plan on walking,35
scena/mp2010_06.dat:0x69a1b,scena/mp2010_06.dat,Kaldia Tunnel. It's dark as night in there!,44
scena/mp2010_06.dat:0x69a47,scena/mp2010_06.dat,There's no way I'd make it through,35
scena/mp2010_06.dat:0x69a79,scena/mp2010_06.dat,going to be up and running again...,36
scena/mp2010_06.dat:0x69a9d,scena/mp2010_06.dat,I wonder when are the airliners,32
scena/mp2010_06.dat:0x69acc,scena/mp2010_06.dat,well go back to helping the mayor.,35
scena/mp2010_06.dat:0x69aef,scena/mp2010_06.dat,"If this is going to drag on, I might as",40
scena/mp2010_06.dat:0x69b26,scena/mp2010_06.dat,Dels took on the job as our mayor's secretary.,47
scena/mp2010_06.dat:0x69b64,scena/mp2010_06.dat,apparently their plates are totally full.,42
scena/mp2010_06.dat:0x69b8e,scena/mp2010_06.dat,But I talked to the receptionist and,37
scena/mp2010_06.dat:0x69bc2,scena/mp2010_06.dat,"again soon, so maybe I'll go back and help out.",48
scena/mp2010_06.dat:0x69bf2,scena/mp2010_06.dat,"Hmm... Well, I doubt the airliners will be running",51
scena/mp2010_06.dat:0x69c34,scena/mp2010_06.dat,I left the job of helping Mayor Norman to Dels.,48
scena/mp2010_06.dat:0x69c73,scena/mp2010_06.dat,I guess I should go help out too.,34
scena/mp2010_06.dat:0x69c95,scena/mp2010_06.dat,"But with the airliners down,",29
scena/mp2010_06.dat:0x69cc1,scena/mp2010_06.dat,What will you ask?,19
scena/mp2010_06.dat:0x69cd4,scena/mp2010_06.dat,Ask about Kooper,17
scena/mp2010_06.dat:0x69ce5,scena/mp2010_06.dat,Ask about the noise,20
scena/mp2010_06.dat:0x69cf9,scena/mp2010_06.dat,Ask about lunch,16
scena/mp2010_06.dat:0x69d09,scena/mp2010_06.dat,Ask about the bell,19
scena/mp2010_06.dat:0x69d1c,scena/mp2010_06.dat,Ask about Belden,17
scena/mp2010_06.dat:0x69d2e,scena/mp2010_06.dat,you promised to promote tourism.,33
scena/mp2010_06.dat:0x69d4f,scena/mp2010_06.dat,"Yes, but in your campaign,",27
scena/mp2010_06.dat:0x69d7a,scena/mp2010_06.dat,to view you in this light?,27
scena/mp2010_06.dat:0x69d95,scena/mp2010_06.dat,Isn't it natural for the townspeople,37
scena/mp2010_06.dat:0x69dc9,scena/mp2010_06.dat,"you better let me know, okay?",30
scena/mp2010_06.dat:0x69de7,scena/mp2010_06.dat,"If something goes down,",24
scena/mp2010_06.dat:0x69e0e,scena/mp2010_06.dat,Safe travels.,14
scena/mp2010_06.dat:0x69e2b,scena/mp2010_06.dat,Huh...? You're still here?,27
scena/mp2010_06.dat:0x69e55,scena/mp2010_06.dat,"Yeah... Actually, there was an incident just now.",50
scena/mp2010_06.dat:0x69eaf,scena/mp2010_06.dat,What are you talking about?,28
scena/mp2010_06.dat:0x69eda,scena/mp2010_06.dat,I'll keep it short...,22
scena/mp2010_06.dat:0x69f03,scena/mp2010_06.dat,<C1>They explained the assault case to Nial.,45
scena/mp2010_06.dat:0x69f30,scena/mp2010_06.dat,"Oh, so that's all.",19
scena/mp2010_06.dat:0x69f52,scena/mp2010_06.dat,Huh? You don't sound very interested.,38
scena/mp2010_06.dat:0x69f8b,scena/mp2010_06.dat,to make for a good article.,28
scena/mp2010_06.dat:0x69fa7,scena/mp2010_06.dat,"Yeah, it's not a big enough story",34
scena/mp2010_06.dat:0x69fd8,scena/mp2010_06.dat,"Let me know when you solve the case, though.",45
scena/mp2010_06.dat:0x6a014,scena/mp2010_06.dat,"Sure, I'll do that.",20
scena/mp2010_06.dat:0x6a03b,scena/mp2010_06.dat,Huh...? What is it?,20
scena/mp2010_06.dat:0x6a05e,scena/mp2010_06.dat,deadline here. I need to concentrate.,38
scena/mp2010_06.dat:0x6a084,scena/mp2010_06.dat,"Sorry to be rude, but I'm on a",31
scena/mp2010_06.dat:0x6a0b2,scena/mp2010_06.dat,Hm...? What's up?,18
scena/mp2010_06.dat:0x6a0d4,scena/mp2010_06.dat,"who the culprit was, didn't you?",33
scena/mp2010_06.dat:0x6a0f5,scena/mp2010_06.dat,"Oh, I know. You found out",26
scena/mp2010_06.dat:0x6a11e,scena/mp2010_06.dat,"Well, we did find out, that's true. But...",43
scena/mp2010_06.dat:0x6a15d,scena/mp2010_06.dat,"In the end, there was no culprit.",34
scena/mp2010_06.dat:0x6a192,scena/mp2010_06.dat,What are you talking about?,28
scena/mp2010_06.dat:0x6a1bd,scena/mp2010_06.dat,was just an unfortunate accident.,34
scena/mp2010_06.dat:0x6a1df,scena/mp2010_06.dat,<C1>They explained that the assault,36
scena/mp2010_06.dat:0x6a203,scena/mp2010_06.dat,"...Yeah? Well, how about that.",31
scena/mp2010_06.dat:0x6a231,scena/mp2010_06.dat,I see what you mean about there being no culprit.,50
scena/mp2010_06.dat:0x6a272,scena/mp2010_06.dat,Is there an article in that?,29
scena/mp2010_06.dat:0x6a2a2,scena/mp2010_06.dat,"No, I doubt it.",16
scena/mp2010_06.dat:0x6a2c2,scena/mp2010_06.dat,no reason to print the story.,30
scena/mp2010_06.dat:0x6a2e0,scena/mp2010_06.dat,"If it wasn't a crime, there's",30
scena/mp2010_06.dat:0x6a30d,scena/mp2010_06.dat,"Aww, really?",13
scena/mp2010_06.dat:0x6a32d,scena/mp2010_06.dat,Come back to me if anything else happens.,42
scena/mp2010_06.dat:0x6a357,scena/mp2010_06.dat,Don't let it get you down.,27
scena/mp2010_06.dat:0x6a381,scena/mp2010_06.dat,"Anyway, I've still gotta finish this article.",46
scena/mp2010_06.dat:0x6a3be,scena/mp2010_06.dat,"Oh, right... See you next time, then.",38
scena/mp2010_06.dat:0x6a3f7,scena/mp2010_06.dat,"Yeah, we found out, alright.",29
scena/mp2010_06.dat:0x6a428,scena/mp2010_06.dat,But the answer won't be worth anything to you.,47
scena/mp2010_06.dat:0x6a46a,scena/mp2010_06.dat,"Yes, we found out. That much is true.",38
scena/mp2010_06.dat:0x6a4a4,scena/mp2010_06.dat,isn't what you're expecting.,29
scena/mp2010_06.dat:0x6a4c1,scena/mp2010_06.dat,But I'm afraid the answer,26
scena/mp2010_06.dat:0x6a4ee,scena/mp2010_06.dat,<C1>They explained the details of the case to Nial.,52
scena/mp2010_06.dat:0x6a522,scena/mp2010_06.dat,"...Yeah? Well, how about that.",31
scena/mp2010_06.dat:0x6a551,scena/mp2010_06.dat,"(...They still won't tell me about it, though.)",48
scena/mp2010_06.dat:0x6a596,scena/mp2010_06.dat,Is there an article in that?,29
scena/mp2010_06.dat:0x6a5c6,scena/mp2010_06.dat,"No, I don't think that'll work.",32
scena/mp2010_06.dat:0x6a5f5,scena/mp2010_06.dat,There's no reason to print a story like that.,46
scena/mp2010_06.dat:0x6a632,scena/mp2010_06.dat,"Aww, really?",13
scena/mp2010_06.dat:0x6a653,scena/mp2010_06.dat,Come back to me if anything else happens.,42
scena/mp2010_06.dat:0x6a67d,scena/mp2010_06.dat,Don't let it get you down.,27
scena/mp2010_06.dat:0x6a6a7,scena/mp2010_06.dat,"Anyway, I've still gotta finish this article.",46
scena/mp2010_06.dat:0x6a6e4,scena/mp2010_06.dat,"I see. Catch you next time, then.",34
scena/mp2010_06.dat:0x6a719,scena/mp2010_06.dat,Come back to me if anything else happens.,42
scena/mp2010_06.dat:0x6a743,scena/mp2010_06.dat,Don't let it get you down.,27
scena/mp2010_06.dat:0x6a76d,scena/mp2010_06.dat,"Well then, take care.",22
scena/mp2010_06.dat:0x6a792,scena/mp2010_06.dat,Huh...? What is it?,20
scena/mp2010_06.dat:0x6a7b6,scena/mp2010_06.dat,deadline here. I need to concentrate.,38
scena/mp2010_06.dat:0x6a7dc,scena/mp2010_06.dat,"Sorry to be rude, but I'm on a",31
scena/mp2010_06.dat:0x6a831,scena/mp2010_06.dat,What a...,10
scena/mp2010_06.dat:0x6a884,scena/mp2010_06.dat,I'm here on a trip from Bose.,30
scena/mp2010_06.dat:0x6a8b1,scena/mp2010_06.dat,But apparently the airliners are down again.,45
scena/mp2010_06.dat:0x6a8ed,scena/mp2010_06.dat,Things kept getting delayed...,31
scena/mp2010_06.dat:0x6a90c,scena/mp2010_06.dat,"It was a nightmare coming here, too!",37
scena/mp2010_06.dat:0x6a940,scena/mp2010_06.dat,poor luck when it comes to airliners.,38
scena/mp2010_06.dat:0x6a966,scena/mp2010_06.dat,*Sigh* I guess I'm just cursed with,36
scena/mp2010_06.dat:0x6a999,scena/mp2010_06.dat,It seems the airliners are down again.,39
scena/mp2010_06.dat:0x6a9cf,scena/mp2010_06.dat,I guess I'll have to extend my trip.,37
scena/mp2010_06.dat:0x6a9f4,scena/mp2010_06.dat,Now what am I gonna do...?,27
scena/mp2010_06.dat:0x6aa1e,scena/mp2010_06.dat,The people in those bandanas...,32
scena/mp2010_06.dat:0x6aa4d,scena/mp2010_06.dat,Are they some kind of youth group?,35
scena/mp2010_06.dat:0x6aa70,scena/mp2010_06.dat,I've seen them all about town.,31
scena/mp2010_06.dat:0x6aa9e,scena/mp2010_06.dat,seeing youngsters with so much energy.,39
scena/mp2010_06.dat:0x6aac5,scena/mp2010_06.dat,Teehee. It puts a spring in my step,36
scena/mp2010_06.dat:0x6aaf8,scena/mp2010_06.dat,part of some youth group or something?,39
scena/mp2010_06.dat:0x6ab1f,scena/mp2010_06.dat,Are those people in the bandanas,33
scena/mp2010_06.dat:0x6ab4f,scena/mp2010_06.dat,It's nice to see them so full of energy.,41
scena/mp2010_06.dat:0x6ab87,scena/mp2010_06.dat,and the photo-quartz is good to go.,36
scena/mp2010_06.dat:0x6abab,scena/mp2010_06.dat,"Let's see, here's the camera,",30
scena/mp2010_06.dat:0x6abd8,scena/mp2010_06.dat,"...Okay, you're all set.",25
scena/mp2010_06.dat:0x6ac00,scena/mp2010_06.dat,"Oh, can I help you with something?",35
scena/mp2010_06.dat:0x6ac32,scena/mp2010_06.dat,of the Sapphirl Tower.,23
scena/mp2010_06.dat:0x6ac49,scena/mp2010_06.dat,device shaped like a pedestal on the rooftop,45
scena/mp2010_06.dat:0x6ac76,scena/mp2010_06.dat,I want you to take a photograph of the,39
scena/mp2010_06.dat:0x6acac,scena/mp2010_06.dat,that parts to the south from the Aina Causeway.,48
scena/mp2010_06.dat:0x6acdc,scena/mp2010_06.dat,The Sapphirl Tower can be found on the pathway,47
scena/mp2010_06.dat:0x6ad1a,scena/mp2010_06.dat,okay? It's merely for archival purposes.,41
scena/mp2010_06.dat:0x6ad60,scena/mp2010_06.dat," keep it simple,",17
scena/mp2010_06.dat:0x6ad80,scena/mp2010_06.dat,"one picture, so please choose the shot wisely.",47
scena/mp2010_06.dat:0x6adaf,scena/mp2010_06.dat,"By the way, there's only enough memory for",43
scena/mp2010_06.dat:0x6ade9,scena/mp2010_06.dat,"the device, please come back here.",35
scena/mp2010_06.dat:0x6ae0c,scena/mp2010_06.dat,Once you've successfully photographed,38
scena/mp2010_06.dat:0x6ae41,scena/mp2010_06.dat,is unknown. Please be cautious.,32
scena/mp2010_06.dat:0x6ae61,scena/mp2010_06.dat,Remember... The nature of the device,37
scena/mp2010_06.dat:0x6ae95,scena/mp2010_06.dat,Confirm the job procedure,26
scena/mp2010_06.dat:0x6aeb8,scena/mp2010_06.dat,job helping with the election campaign.,40
scena/mp2010_06.dat:0x6aee0,scena/mp2010_06.dat,"For the time being, I took a part-time",39
scena/mp2010_06.dat:0x6af16,scena/mp2010_06.dat,work and things are going great.,33
scena/mp2010_06.dat:0x6af37,scena/mp2010_06.dat,"I only just started, but it's easy",35
scena/mp2010_06.dat:0x6af69,scena/mp2010_06.dat,"too busy to bother me, too.",28
scena/mp2010_06.dat:0x6af85,scena/mp2010_06.dat,"Lucky for me, my dad is",24
scena/mp2010_06.dat:0x6afac,scena/mp2010_06.dat,job helping with the election campaign.,40
scena/mp2010_06.dat:0x6afd4,scena/mp2010_06.dat,"For the time being, I took a part-time",39
scena/mp2010_06.dat:0x6b00a,scena/mp2010_06.dat,things are going pretty well.,30
scena/mp2010_06.dat:0x6b028,scena/mp2010_06.dat,"I only just started, but I'd say",33
scena/mp2010_06.dat:0x6b058,scena/mp2010_06.dat,"hotel, I was in the lobby, but...",34
scena/mp2010_06.dat:0x6b07a,scena/mp2010_06.dat,When Kooper arrived at the,27
scena/mp2010_06.dat:0x6b0a4,scena/mp2010_06.dat,that he was <C2>angry<C0> about something.,43
scena/mp2010_06.dat:0x6b0cf,scena/mp2010_06.dat,"For some reason, I got the feeling",35
scena/mp2010_06.dat:0x6b101,scena/mp2010_06.dat,something bad would happen.,28
scena/mp2010_06.dat:0x6b11d,scena/mp2010_06.dat,I was actually worried,23
scena/mp2010_06.dat:0x6b143,scena/mp2010_06.dat,"And sure enough, it led to this incident.",42
scena/mp2010_06.dat:0x6b17c,scena/mp2010_06.dat,"hotel, I was in the lobby, but...",34
scena/mp2010_06.dat:0x6b19e,scena/mp2010_06.dat,When Kooper arrived at the,27
scena/mp2010_06.dat:0x6b1c8,scena/mp2010_06.dat,"For some reason, he looked like he was angry.",46
scena/mp2010_06.dat:0x6b205,scena/mp2010_06.dat,"Yeah, it looked to me like he was angry.",41
scena/mp2010_06.dat:0x6b23d,scena/mp2010_06.dat,has passed since that big argument.,36
scena/mp2010_06.dat:0x6b261,scena/mp2010_06.dat,"But then again, not much time",30
scena/mp2010_06.dat:0x6b28e,scena/mp2010_06.dat,I can't fault him if he's still mad.,37
scena/mp2010_06.dat:0x6b2c2,scena/mp2010_06.dat,It looked to me like Kooper was angry.,39
scena/mp2010_06.dat:0x6b2f8,scena/mp2010_06.dat,has passed since that big argument.,36
scena/mp2010_06.dat:0x6b31c,scena/mp2010_06.dat,"But then again, not much time",30
scena/mp2010_06.dat:0x6b349,scena/mp2010_06.dat,I can't fault him if he's still mad.,37
scena/mp2010_06.dat:0x6b37d,scena/mp2010_06.dat,rest of the time sitting around in the basement.,49
scena/mp2010_06.dat:0x6b3ae,scena/mp2010_06.dat,"After I ate lunch on the first floor, I spent the",50
scena/mp2010_06.dat:0x6b3ef,scena/mp2010_06.dat,"do me any good, would it?",26
scena/mp2010_06.dat:0x6b409,scena/mp2010_06.dat,I-It's the truth. Lying wouldn't,33
scena/mp2010_06.dat:0x6b439,scena/mp2010_06.dat,B-But you know... My dad is pretty sneaky.,43
scena/mp2010_06.dat:0x6b474,scena/mp2010_06.dat,and kept the special paella to himself.,40
scena/mp2010_06.dat:0x6b49c,scena/mp2010_06.dat,He made us eat the normal stuff,32
scena/mp2010_06.dat:0x6b4cb,scena/mp2010_06.dat,Huh? But that's...,19
scena/mp2010_06.dat:0x6b508,scena/mp2010_06.dat,Wh-What is it now?,19
scena/mp2010_06.dat:0x6b52a,scena/mp2010_06.dat,I ate my lunch in the first floor lobby.,41
scena/mp2010_06.dat:0x6b562,scena/mp2010_06.dat,"But my dad, on the other hand, is a real cheat.",48
scena/mp2010_06.dat:0x6b5a2,scena/mp2010_06.dat,and kept the special paella to himself.,40
scena/mp2010_06.dat:0x6b5ca,scena/mp2010_06.dat,He made us eat the normal stuff,32
scena/mp2010_06.dat:0x6b5f9,scena/mp2010_06.dat,Huh? But that's...,19
scena/mp2010_06.dat:0x6b620,scena/mp2010_06.dat,Wh-What are you looking at me like that for...?,48
scena/mp2010_06.dat:0x6b65f,scena/mp2010_06.dat,"Yeah, the lunch was paella, wasn't it?",39
scena/mp2010_06.dat:0x6b695,scena/mp2010_06.dat,I ate mine in the first floor lobby.,37
scena/mp2010_06.dat:0x6b6c9,scena/mp2010_06.dat,eat in the same room as my dad...,34
scena/mp2010_06.dat:0x6b6eb,scena/mp2010_06.dat,It's just too awkward for me to,32
scena/mp2010_06.dat:0x6b71b,scena/mp2010_06.dat,"But my dad, on the other hand, is a real cheat.",48
scena/mp2010_06.dat:0x6b75a,scena/mp2010_06.dat,he was dining on the special paella.,37
scena/mp2010_06.dat:0x6b77f,scena/mp2010_06.dat,"My dad makes us eat the ordinary stuff, but meanwhile,",55
scena/mp2010_06.dat:0x6b7c5,scena/mp2010_06.dat,Ahaha. Is that so?,19
scena/mp2010_06.dat:0x6b7eb,scena/mp2010_06.dat,Is the special one that different?,35
scena/mp2010_06.dat:0x6b821,scena/mp2010_06.dat,comes with heaps of shrimp.,28
scena/mp2010_06.dat:0x6b83d,scena/mp2010_06.dat,It sure is. The special paella,31
scena/mp2010_06.dat:0x6b86b,scena/mp2010_06.dat,plate. I've heard he's lost his appetite.,42
scena/mp2010_06.dat:0x6b895,scena/mp2010_06.dat,"Even so, my dad left a lot on his",34
scena/mp2010_06.dat:0x6b8c6,scena/mp2010_06.dat,"Talk about a waste, right?",27
scena/mp2010_06.dat:0x6b8f1,scena/mp2010_06.dat,Huh? But that's...,19
scena/mp2010_06.dat:0x6b917,scena/mp2010_06.dat,Wh-What are you looking at me like that for...?,48
scena/mp2010_06.dat:0x6b956,scena/mp2010_06.dat,so I didn't hear the bell at all.,34
scena/mp2010_06.dat:0x6b978,scena/mp2010_06.dat,"W-Well, I was in the basement,",31
scena/mp2010_06.dat:0x6b9a6,scena/mp2010_06.dat,"do me any good, would it?",26
scena/mp2010_06.dat:0x6b9c0,scena/mp2010_06.dat,I-It's the truth. Lying wouldn't,33
scena/mp2010_06.dat:0x6b9f0,scena/mp2010_06.dat,Huh? I don't remember hearing a bell sound or anything.,56
scena/mp2010_06.dat:0x6ba37,scena/mp2010_06.dat,"I was in the basement, so I didn't notice.",43
scena/mp2010_06.dat:0x6ba71,scena/mp2010_06.dat,so I didn't hear the bell at all.,34
scena/mp2010_06.dat:0x6ba93,scena/mp2010_06.dat,"W-Well, I was in the basement,",31
scena/mp2010_06.dat:0x6bac1,scena/mp2010_06.dat,"do me any good, would it?",26
scena/mp2010_06.dat:0x6badb,scena/mp2010_06.dat,I-It's the truth. Lying wouldn't,33
scena/mp2010_06.dat:0x6bb0b,scena/mp2010_06.dat,"I see. So the bells had already rung, huh?",43
scena/mp2010_06.dat:0x6bb45,scena/mp2010_06.dat,so I didn't notice a thing.,28
scena/mp2010_06.dat:0x6bb61,scena/mp2010_06.dat,"I was in the hotel basement,",29
scena/mp2010_06.dat:0x6bb8d,scena/mp2010_06.dat,Why would I bother doing something like that?,46
scena/mp2010_06.dat:0x6bbbb,scena/mp2010_06.dat,Tidying up the empty dishes in the office?,43
scena/mp2010_06.dat:0x6bbf5,scena/mp2010_06.dat,the time sitting around in the basement.,41
scena/mp2010_06.dat:0x6bc1e,scena/mp2010_06.dat,"After I ate lunch, I spent the rest of",39
scena/mp2010_06.dat:0x6bc54,scena/mp2010_06.dat,something when the time was right...,37
scena/mp2010_06.dat:0x6bc79,scena/mp2010_06.dat,"The truth is, I was planning to say",36
scena/mp2010_06.dat:0x6bcac,scena/mp2010_06.dat,had become a big fuss and I chickened out.,43
scena/mp2010_06.dat:0x6bcd7,scena/mp2010_06.dat,"But before I knew it, the whole thing",38
scena/mp2010_06.dat:0x6bd0c,scena/mp2010_06.dat,...I'm pretty ashamed of myself.,33
scena/mp2010_06.dat:0x6bd3d,scena/mp2010_06.dat,to help with the campaign.,27
scena/mp2010_06.dat:0x6bd58,scena/mp2010_06.dat,"Anyway, I'll keep doing my best",32
scena/mp2010_06.dat:0x6bd87,scena/mp2010_06.dat,That's my first step to becoming a new man.,44
scena/mp2010_06.dat:0x6bdc2,scena/mp2010_06.dat,"That was a tough fix I put you in, wasn't it?",46
scena/mp2010_06.dat:0x6bdff,scena/mp2010_06.dat,"My heart was racing, to tell you the truth...",46
scena/mp2010_06.dat:0x6be3d,scena/mp2010_06.dat,to help with the campaign.,27
scena/mp2010_06.dat:0x6be58,scena/mp2010_06.dat,"Anyway, I'll keep doing my best",32
scena/mp2010_06.dat:0x6be87,scena/mp2010_06.dat,That's my first step to becoming a new man.,44
scena/mp2010_06.dat:0x6bec2,scena/mp2010_06.dat,What will you ask?,19
scena/mp2010_06.dat:0x6bed5,scena/mp2010_06.dat,Ask about Kooper,17
scena/mp2010_06.dat:0x6bee6,scena/mp2010_06.dat,Ask whether anyone was angry,29
scena/mp2010_06.dat:0x6bf03,scena/mp2010_06.dat,Ask about lunch,16
scena/mp2010_06.dat:0x6bf13,scena/mp2010_06.dat,Ask about the bell,19
scena/mp2010_06.dat:0x6bf26,scena/mp2010_06.dat,Ask about who tidied up,24
scena/mp2010_06.dat:0x6bf7e,scena/mp2010_06.dat,the whole time?,16
scena/mp2010_06.dat:0x6bf8e,scena/mp2010_06.dat,...Were you really in the basement,35
scena/mp2010_06.dat:0x6bfc4,scena/mp2010_06.dat,Huh?! Wh-Why do you ask?,25
scena/mp2010_06.dat:0x6bfec,scena/mp2010_06.dat,the basement right after the bell sounded.,43
scena/mp2010_06.dat:0x6c017,scena/mp2010_06.dat,There was a witness who passed through,39
scena/mp2010_06.dat:0x6c051,scena/mp2010_06.dat,"According to them, there was no one else there.",48
scena/mp2010_06.dat:0x6c094,scena/mp2010_06.dat,Th-That can't be true!,23
scena/mp2010_06.dat:0x6c0ba,scena/mp2010_06.dat,I... I was there the whole time. I swear!,42
scena/mp2010_06.dat:0x6c0f3,scena/mp2010_06.dat,(Well... there goes his alibi.),32
scena/mp2010_06.dat:0x6c126,scena/mp2010_06.dat,<C2>about Belden<C0> just in case.),36
scena/mp2010_06.dat:0x6c14a,scena/mp2010_06.dat,(We'd better ask around,24
scena/mp2010_06.dat:0x6c175,scena/mp2010_06.dat,Did I say something wrong?,27
scena/mp2010_06.dat:0x6c19f,scena/mp2010_06.dat,"No, something just crossed my mind...",38
scena/mp2010_06.dat:0x6c1d9,scena/mp2010_06.dat,"...Say, Belden.",16
scena/mp2010_06.dat:0x6c1fc,scena/mp2010_06.dat,"on the first floor, didn't you?",32
scena/mp2010_06.dat:0x6c21c,scena/mp2010_06.dat,You said you ate lunch,23
scena/mp2010_06.dat:0x6c246,scena/mp2010_06.dat,"Um, yeah... That's right.",26
scena/mp2010_06.dat:0x6c26f,scena/mp2010_06.dat,What about it?,15
scena/mp2010_06.dat:0x6c28d,scena/mp2010_06.dat,"on the second floor, didn't he?",32
scena/mp2010_06.dat:0x6c2ad,scena/mp2010_06.dat,"Well, Norman ate his lunch",27
scena/mp2010_06.dat:0x6c2db,scena/mp2010_06.dat,did you know what Norman ate for lunch?,40
scena/mp2010_06.dat:0x6c303,scena/mp2010_06.dat,"If you were on the first floor, how",36
scena/mp2010_06.dat:0x6c33a,scena/mp2010_06.dat,"O-Oh, that?",12
scena/mp2010_06.dat:0x6c355,scena/mp2010_06.dat,Isn't it obvious? I saw his plate afterw-,42
scena/mp2010_06.dat:0x6c38f,scena/mp2010_06.dat,"...Oh, crud...",15
scena/mp2010_06.dat:0x6c458,scena/mp2010_06.dat,"A-Ahem... Sorry, I misspoke.",29
scena/mp2010_06.dat:0x6c485,scena/mp2010_06.dat,about it from someone else.,28
scena/mp2010_06.dat:0x6c4a1,scena/mp2010_06.dat,"Yeah, actually, I heard",24
scena/mp2010_06.dat:0x6c4c8,scena/mp2010_06.dat,I don't remember who it was.,29
scena/mp2010_06.dat:0x6c4e5,scena/mp2010_06.dat,B-But I'm sorry to say that,28
scena/mp2010_06.dat:0x6c510,scena/mp2010_06.dat,M-Maybe you should look into that next?,40
scena/mp2010_06.dat:0x6c548,scena/mp2010_06.dat,(H-He's clearly lying.),24
scena/mp2010_06.dat:0x6c575,scena/mp2010_06.dat,Heheh. I think we're approaching our finale.,45
scena/mp2010_06.dat:0x6c5b2,scena/mp2010_06.dat,"the important stuff. Namely, a celebration.",44
scena/mp2010_06.dat:0x6c5de,scena/mp2010_06.dat,"Now, let's find the smoking gun and get to",43
scena/mp2010_06.dat:0x6c618,scena/mp2010_06.dat,Phew. This was starting to wear me out.,40
scena/mp2010_06.dat:0x6c650,scena/mp2010_06.dat,so I'm not used to being on my feet for so long.,49
scena/mp2010_06.dat:0x6c681,scena/mp2010_06.dat,"I'm what they call a city boy, born and raised,",48
scena/mp2010_06.dat:0x6c6c0,scena/mp2010_06.dat,"beautiful the flower, the easier it withers...",47
scena/mp2010_06.dat:0x6c6ef,scena/mp2010_06.dat,Heheh. You know what they say... The more,42
scena/mp2010_06.dat:0x6c729,scena/mp2010_06.dat,I don't like all this standing around.,39
scena/mp2010_06.dat:0x6c750,scena/mp2010_06.dat,I'm city born and bred.,24
scena/mp2010_06.dat:0x6c777,scena/mp2010_06.dat,"the easier it withers, you know...",35
scena/mp2010_06.dat:0x6c79a,scena/mp2010_06.dat,"Heheh. The more the beautiful the flower,",42
scena/mp2010_06.dat:0x6c7d4,scena/mp2010_06.dat,sounds from the bridge. Am I correct?,38
scena/mp2010_06.dat:0x6c7fa,scena/mp2010_06.dat,"By 'bell,' you mean the one that",33
scena/mp2010_06.dat:0x6c82a,scena/mp2010_06.dat,I believe I read about them in a book somewhere.,49
scena/mp2010_06.dat:0x6c86a,scena/mp2010_06.dat,"Yes, it must have been a travel guide.",39
scena/mp2010_06.dat:0x6c8a1,scena/mp2010_06.dat,about it in a travel guide once.,33
scena/mp2010_06.dat:0x6c8c2,scena/mp2010_06.dat,"If it's about the bell, I read",31
scena/mp2010_06.dat:0x6c8fd,scena/mp2010_06.dat,surely a flute would have been even more,41
scena/mp2010_06.dat:0x6c926,scena/mp2010_06.dat,"A bell is quite a clever idea, I'd say. But",44
scena/mp2010_06.dat:0x6c961,scena/mp2010_06.dat,but it's as I suspected.,25
scena/mp2010_06.dat:0x6c97a,scena/mp2010_06.dat,"Heh. I knew something was off,",31
scena/mp2010_06.dat:0x6c9a9,scena/mp2010_06.dat,"Truly, I am an enviable man.",29
scena/mp2010_06.dat:0x6c9c6,scena/mp2010_06.dat,It seems I'm able to read people's hearts...,45
scena/mp2010_06.dat:0x6ca02,scena/mp2010_06.dat,the front desk strikes me as a bit peculiar.,45
scena/mp2010_06.dat:0x6ca2f,scena/mp2010_06.dat,Hmm... The gentleman standing at,33
scena/mp2010_06.dat:0x6ca5f,scena/mp2010_06.dat,we might get some surprising results.,38
scena/mp2010_06.dat:0x6ca85,scena/mp2010_06.dat,"If we probe with the right questions,",38
scena/mp2010_06.dat:0x6cabb,scena/mp2010_06.dat,*Sigh* A great man's burdens are many.,39
scena/mp2010_06.dat:0x6caf2,scena/mp2010_06.dat,as if I weren't even here.,27
scena/mp2010_06.dat:0x6cb0d,scena/mp2010_06.dat,"Since we split up, Agate acts",30
scena/mp2010_06.dat:0x6cb3a,scena/mp2010_06.dat,on the ear will do the trick.,30
scena/mp2010_06.dat:0x6cb58,scena/mp2010_06.dat,Heh heh. Maybe a soft puff,27
scena/mp2010_06.dat:0x6cb82,scena/mp2010_06.dat,*Sigh* A great man's burdens are many.,39
scena/mp2010_06.dat:0x6cbb9,scena/mp2010_06.dat,as if I weren't even here.,27
scena/mp2010_06.dat:0x6cbd4,scena/mp2010_06.dat,"Since we split up, Schera acts",31
scena/mp2010_06.dat:0x6cc02,scena/mp2010_06.dat,on the ear will do the trick.,30
scena/mp2010_06.dat:0x6cc20,scena/mp2010_06.dat,Heh heh. Maybe a soft puff,27
scena/mp2010_06.dat:0x6cc4a,scena/mp2010_06.dat,"Um, don't let me stop you...",29
scena/mp2010_06.dat:0x6cc7b,scena/mp2010_06.dat,upgraded from assault to murder.,33
scena/mp2010_06.dat:0x6cc9c,scena/mp2010_06.dat,"But if you do it, this case will probably be",45
scena/mp2010_06.dat:0x6ccdd,scena/mp2010_06.dat,a more beautiful spot to gaze at the sunset.,45
scena/mp2010_06.dat:0x6cd0a,scena/mp2010_06.dat,Goodness me. One would be hard pressed to find,47
scena/mp2010_06.dat:0x6cd49,scena/mp2010_06.dat,I'd love to spend a few nights here.,37
scena/mp2010_06.dat:0x6cd6e,scena/mp2010_06.dat,"If we had more time, ",22
scena/mp2010_06.dat:0x6cd93,scena/mp2010_06.dat,to employ my silver tongue.,28
scena/mp2010_06.dat:0x6cdaf,scena/mp2010_06.dat,"Heheh. Finally, a chance",25
scena/mp2010_06.dat:0x6cdd8,scena/mp2010_06.dat,and watch.,11
scena/mp2010_06.dat:0x6cde3,scena/mp2010_06.dat,command of every social situation. Just sit back,49
scena/mp2010_06.dat:0x6ce14,scena/mp2010_06.dat,My rose-colored words have long given me total,47
scena/mp2010_06.dat:0x6ce52,scena/mp2010_06.dat,to employ my silver tongue.,28
scena/mp2010_06.dat:0x6ce6e,scena/mp2010_06.dat,"Heheh. Finally, a chance",25
scena/mp2010_06.dat:0x6ce97,scena/mp2010_06.dat,...You're giving up on the investigation?,42
scena/mp2010_06.dat:0x6ced0,scena/mp2010_06.dat,Heh. Have it your way.,23
scena/mp2010_06.dat:0x6cef7,scena/mp2010_06.dat,Go wait outside while I get the job done.,42
scena/mp2010_06.dat:0x6cf21,scena/mp2010_06.dat,I'll take the reins from here.,31
scena/mp2010_06.dat:0x6cf4f,scena/mp2010_06.dat,I think I see the light at the end of the tunnel.,50
scena/mp2010_06.dat:0x6cf91,scena/mp2010_06.dat,"Once you've nailed down a suspect, report to me.",49
scena/mp2010_06.dat:0x6cfd1,scena/mp2010_06.dat,new facts from witnesses this late in the game?,48
scena/mp2010_06.dat:0x6d001,scena/mp2010_06.dat,Who'd have thought we'd still be hearing,41
scena/mp2010_06.dat:0x6d039,scena/mp2010_06.dat,questions you've already asked.,32
scena/mp2010_06.dat:0x6d059,scena/mp2010_06.dat,"If you're stuck, try revisiting some",37
scena/mp2010_06.dat:0x6d08d,scena/mp2010_06.dat,"If you give up, then that's all she wrote.",43
scena/mp2010_06.dat:0x6d0c7,scena/mp2010_06.dat,That does seem like a good lead.,33
scena/mp2010_06.dat:0x6d0e8,scena/mp2010_06.dat,"The sound of the bell, huh...?",31
scena/mp2010_06.dat:0x6d117,scena/mp2010_06.dat,"got an idea, then give it a go.",32
scena/mp2010_06.dat:0x6d137,scena/mp2010_06.dat,No sweat off my back. If you've,32
scena/mp2010_06.dat:0x6d166,scena/mp2010_06.dat,up on what we just learned.,28
scena/mp2010_06.dat:0x6d182,scena/mp2010_06.dat,"Estelle, you should follow",27
scena/mp2010_06.dat:0x6d1ac,scena/mp2010_06.dat,We'll look around here for a bit longer.,41
scena/mp2010_06.dat:0x6d1e4,scena/mp2010_06.dat,Anything come to light?,24
scena/mp2010_06.dat:0x6d20b,scena/mp2010_06.dat,Quit your whining and show some grit!,38
scena/mp2010_06.dat:0x6d240,scena/mp2010_06.dat,a new line of investigation.,29
scena/mp2010_06.dat:0x6d25d,scena/mp2010_06.dat,I think we've got ourselves,28
scena/mp2010_06.dat:0x6d288,scena/mp2010_06.dat,witness we can actually believe...,35
scena/mp2010_06.dat:0x6d2ab,scena/mp2010_06.dat,It'd be nice to hear from a,28
scena/mp2010_06.dat:0x6d2d7,scena/mp2010_06.dat,All our suspects are still in the gray.,40
scena/mp2010_06.dat:0x6d30f,scena/mp2010_06.dat,to widen the scope of the investigation.,41
scena/mp2010_06.dat:0x6d338,scena/mp2010_06.dat,I'd say this is a good time,28
scena/mp2010_06.dat:0x6d363,scena/mp2010_06.dat,"now, but we don't have a clear picture.",40
scena/mp2010_06.dat:0x6d38b,scena/mp2010_06.dat,We've gathered info on all the suspects,40
scena/mp2010_06.dat:0x6d3c3,scena/mp2010_06.dat,obvious lie.,13
scena/mp2010_06.dat:0x6d3d0,scena/mp2010_06.dat,Don't let yourself get fooled by such an,41
scena/mp2010_06.dat:0x6d408,scena/mp2010_06.dat,Any new leads come to light?,29
scena/mp2010_06.dat:0x6d434,scena/mp2010_06.dat,"If so, then follow those breadcrumbs.",38
scena/mp2010_06.dat:0x6d469,scena/mp2010_06.dat,"...If you understand, then quit wasting my time.",49
scena/mp2010_06.dat:0x6d4aa,scena/mp2010_06.dat,Ask about the suspects first.,30
scena/mp2010_06.dat:0x6d4d7,scena/mp2010_06.dat,then follow those next.,24
scena/mp2010_06.dat:0x6d4ef,scena/mp2010_06.dat,"If any new leads come to light,",32
scena/mp2010_06.dat:0x6d51e,scena/mp2010_06.dat,...You're giving up on the investigation?,42
scena/mp2010_06.dat:0x6d558,scena/mp2010_06.dat,"solve it, I guess it can't be helped.",38
scena/mp2010_06.dat:0x6d57e,scena/mp2010_06.dat,"Well, if you're not confident you can",38
scena/mp2010_06.dat:0x6d5b3,scena/mp2010_06.dat,I'll take over from here. You can wait outside.,48
scena/mp2010_06.dat:0x6d602,scena/mp2010_06.dat,the end of the investigation.,30
scena/mp2010_06.dat:0x6d620,scena/mp2010_06.dat,I think we're nearing,22
scena/mp2010_06.dat:0x6d645,scena/mp2010_06.dat,come tell me right away.,25
scena/mp2010_06.dat:0x6d65e,scena/mp2010_06.dat,"Once you've nailed down a suspect,",35
scena/mp2010_06.dat:0x6d690,scena/mp2010_06.dat,new things from witnesses at this late stage.,46
scena/mp2010_06.dat:0x6d6be,scena/mp2010_06.dat,"Amazingly, we're still learning",32
scena/mp2010_06.dat:0x6d6ed,scena/mp2010_06.dat,some questions you've already asked.,37
scena/mp2010_06.dat:0x6d712,scena/mp2010_06.dat,"If you get stuck, try revisiting",33
scena/mp2010_06.dat:0x6d742,scena/mp2010_06.dat,"If you give up, then that's all she wrote.",43
scena/mp2010_06.dat:0x6d77c,scena/mp2010_06.dat,"I see. The sound of the bell, huh...?",38
scena/mp2010_06.dat:0x6d7b2,scena/mp2010_06.dat,Why don't you give it a try?,29
scena/mp2010_06.dat:0x6d7cf,scena/mp2010_06.dat,I think that's a wonderful idea.,33
scena/mp2010_06.dat:0x6d7ff,scena/mp2010_06.dat,should follow up on what we just learned.,42
scena/mp2010_06.dat:0x6d829,scena/mp2010_06.dat,"Estelle, you and the others",28
scena/mp2010_06.dat:0x6d854,scena/mp2010_06.dat,I'm going to see what else I can learn around here.,52
scena/mp2010_06.dat:0x6d897,scena/mp2010_06.dat,"Oh, anything new come to light?",32
scena/mp2010_06.dat:0x6d8c7,scena/mp2010_06.dat,questioning someone. Don't give up and keep probing.,53
scena/mp2010_06.dat:0x6d8fc,scena/mp2010_06.dat,It's important to be persistent when you're,44
scena/mp2010_06.dat:0x6d937,scena/mp2010_06.dat,A new line of investigation has emerged.,41
scena/mp2010_06.dat:0x6d96f,scena/mp2010_06.dat,witness statements soon...,27
scena/mp2010_06.dat:0x6d98a,scena/mp2010_06.dat,I hope we get some reliable,28
scena/mp2010_06.dat:0x6d9b5,scena/mp2010_06.dat,All our suspects are still in the grey.,40
scena/mp2010_06.dat:0x6d9ec,scena/mp2010_06.dat,to widen the scope of the investigation.,41
scena/mp2010_06.dat:0x6da15,scena/mp2010_06.dat,This might be a good place,27
scena/mp2010_06.dat:0x6da40,scena/mp2010_06.dat,"now, but we don't have a clear picture.",40
scena/mp2010_06.dat:0x6da68,scena/mp2010_06.dat,We've gathered info on all the suspects,40
scena/mp2010_06.dat:0x6da9f,scena/mp2010_06.dat,which statements to believe.,29
scena/mp2010_06.dat:0x6dabc,scena/mp2010_06.dat,You should carefully consider,30
scena/mp2010_06.dat:0x6dae9,scena/mp2010_06.dat,Have you found any leads?,26
scena/mp2010_06.dat:0x6db12,scena/mp2010_06.dat,"If you have, then focus on those.",34
scena/mp2010_06.dat:0x6db43,scena/mp2010_06.dat,"Yoohoo, Estelle! What are you loafing around for?",50
scena/mp2010_06.dat:0x6db85,scena/mp2010_06.dat,Get back to the investigation.,31
scena/mp2010_06.dat:0x6dbb3,scena/mp2010_06.dat,"First, you should gather info on the suspects.",47
scena/mp2010_06.dat:0x6dbf1,scena/mp2010_06.dat,you should focus on those right away.,38
scena/mp2010_06.dat:0x6dc17,scena/mp2010_06.dat,"If you develop any leads,",26
scena/mp2010_06.dat:0x6dc4c,scena/mp2010_06.dat,Give up,8
scena/mp2010_06.dat:0x6dc54,scena/mp2010_06.dat,Not right now,14
scena/mp2010_06.dat:0x6dc63,scena/mp2010_06.dat,Are you sure you want to give up?,34
scena/mp2010_06.dat:0x6dc85,scena/mp2010_06.dat,Give up,8
scena/mp2010_06.dat:0x6dc8d,scena/mp2010_06.dat,Keep going a little longer,27
scena/mp2010_06.dat:0x6dca9,scena/mp2010_06.dat,...You break any of the suspects yet?,38
scena/mp2010_06.dat:0x6dcde,scena/mp2010_06.dat,"And? Who's our man, huh?",25
scena/mp2010_06.dat:0x6dd06,scena/mp2010_06.dat,...You identified the culprit?,31
scena/mp2010_06.dat:0x6dd34,scena/mp2010_06.dat,"So, who is it?",15
scena/mp2010_06.dat:0x6dd52,scena/mp2010_06.dat,What...?! Are you putting me on?,33
scena/mp2010_06.dat:0x6dd82,scena/mp2010_06.dat,"Well, whatever. I assume you have proof?",41
scena/mp2010_06.dat:0x6ddbb,scena/mp2010_06.dat,ruled out the initial suspect.,31
scena/mp2010_06.dat:0x6ddda,scena/mp2010_06.dat,"For starters, explain why you",30
scena/mp2010_06.dat:0x6de07,scena/mp2010_06.dat,What...?! You can't be serious.,32
scena/mp2010_06.dat:0x6de36,scena/mp2010_06.dat,"You must have some pretty good evidence, right?",48
scena/mp2010_06.dat:0x6de76,scena/mp2010_06.dat,ruled out the initial suspect.,31
scena/mp2010_06.dat:0x6de95,scena/mp2010_06.dat,"For starters, explain why you",30
scena/mp2010_06.dat:0x6dec2,scena/mp2010_06.dat,evidence you've got on this suspect...,39
scena/mp2010_06.dat:0x6dee9,scena/mp2010_06.dat,"Alright, next up, give me the",30
scena/mp2010_06.dat:0x6df17,scena/mp2010_06.dat,...You got any proof?,22
scena/mp2010_06.dat:0x6df3c,scena/mp2010_06.dat,you've got on this suspect...,30
scena/mp2010_06.dat:0x6df5a,scena/mp2010_06.dat,"Alright, next up, let's hear the evidence",42
scena/mp2010_06.dat:0x6df94,scena/mp2010_06.dat,...Do you have proof?,22
scena/mp2010_06.dat:0x6dfb9,scena/mp2010_06.dat,"...The initial suspect, eh?",28
scena/mp2010_06.dat:0x6dfe4,scena/mp2010_06.dat,And? Let's hear your proof!,28
scena/mp2010_06.dat:0x6e00f,scena/mp2010_06.dat,"...Right, the initial suspect.",31
scena/mp2010_06.dat:0x6e03d,scena/mp2010_06.dat,"So, what evidence do you have?",31
scena/mp2010_06.dat:0x6e06b,scena/mp2010_06.dat,"...Oh, the person who discovered them?",39
scena/mp2010_06.dat:0x6e0a1,scena/mp2010_06.dat,And what leads you to think that?,34
scena/mp2010_06.dat:0x6e0d2,scena/mp2010_06.dat,"...Oh, that's the person who discovered them.",46
scena/mp2010_06.dat:0x6e10f,scena/mp2010_06.dat,And what evidence do you base that on?,39
scena/mp2010_06.dat:0x6e145,scena/mp2010_06.dat,"Yeah, but what about the initial suspect, then?",48
scena/mp2010_06.dat:0x6e184,scena/mp2010_06.dat,Do you have proof that Kooper isn't the culprit?,49
scena/mp2010_06.dat:0x6e1c4,scena/mp2010_06.dat,"In that case, what about the initial suspect?",46
scena/mp2010_06.dat:0x6e202,scena/mp2010_06.dat,Do you have proof that Kooper isn't the culprit?,49
scena/mp2010_06.dat:0x6e242,scena/mp2010_06.dat,You mean that kid from the Ravens?,35
scena/mp2010_06.dat:0x6e275,scena/mp2010_06.dat,I assume you've got some good evidence?,40
scena/mp2010_06.dat:0x6e2ac,scena/mp2010_06.dat,"ruled out the initial suspect, Kooper.",39
scena/mp2010_06.dat:0x6e2d3,scena/mp2010_06.dat,"For starters, explain why you",30
scena/mp2010_06.dat:0x6e300,scena/mp2010_06.dat,...That boy from the Ravens?,29
scena/mp2010_06.dat:0x6e32d,scena/mp2010_06.dat,"You have evidence to back that up, right?",42
scena/mp2010_06.dat:0x6e366,scena/mp2010_06.dat,"ruled out the first suspect, Kooper.",37
scena/mp2010_06.dat:0x6e38b,scena/mp2010_06.dat,"For starters, explain why you",30
scena/mp2010_06.dat:0x6e3b8,scena/mp2010_06.dat,evidence you've got on this suspect...,39
scena/mp2010_06.dat:0x6e3df,scena/mp2010_06.dat,"Alright, next up, give me the",30
scena/mp2010_06.dat:0x6e40d,scena/mp2010_06.dat,...And? What's your proof?,27
scena/mp2010_06.dat:0x6e437,scena/mp2010_06.dat,you've got on this suspect...,30
scena/mp2010_06.dat:0x6e455,scena/mp2010_06.dat,"Alright, next up, let's hear the evidence",42
scena/mp2010_06.dat:0x6e48f,scena/mp2010_06.dat,...And? What's your proof?,27
scena/mp2010_06.dat:0x6e4b9,scena/mp2010_06.dat,Huh? You're not ready to continue?,35
scena/mp2010_06.dat:0x6e4eb,scena/mp2010_06.dat,"Well, go on. Keep investigating.",33
scena/mp2010_06.dat:0x6e51b,scena/mp2010_06.dat,"Oh, you're not ready yet?",26
scena/mp2010_06.dat:0x6e544,scena/mp2010_06.dat,"Well, go on. Keep investigating.",33
scena/mp2010_06.dat:0x6e574,scena/mp2010_06.dat,Who was the culprit in the assault?,36
scena/mp2010_06.dat:0x6e5c1,scena/mp2010_06.dat,Not now,8
scena/mp2010_06.dat:0x6e5ca,scena/mp2010_06.dat,reasons behind the incident.,29
scena/mp2010_06.dat:0x6e5e7,scena/mp2010_06.dat,<C1>They explained their theory about the,42
scena/mp2010_06.dat:0x6e611,scena/mp2010_06.dat,No good. That's not convincing at all...,41
scena/mp2010_06.dat:0x6e64a,scena/mp2010_06.dat,until you figure it out.,25
scena/mp2010_06.dat:0x6e663,scena/mp2010_06.dat,Go back and take your time,27
scena/mp2010_06.dat:0x6e68d,scena/mp2010_06.dat,"Sorry, but I'm not convinced...",32
scena/mp2010_06.dat:0x6e6bd,scena/mp2010_06.dat,until you figure it out.,25
scena/mp2010_06.dat:0x6e6d6,scena/mp2010_06.dat,Go back and take your time,27
scena/mp2010_06.dat:0x6e71f,scena/mp2010_06.dat,when the loud noises occurred.,31
scena/mp2010_06.dat:0x6e73e,scena/mp2010_06.dat,He said he was still outside,29
scena/mp2010_06.dat:0x6e76e,scena/mp2010_06.dat,"the assault, then Kooper can be ruled out.",43
scena/mp2010_06.dat:0x6e799,scena/mp2010_06.dat,If we assume those were the sounds of,38
scena/mp2010_06.dat:0x6e7d2,scena/mp2010_06.dat,Or so he claims.,17
scena/mp2010_06.dat:0x6e7f2,scena/mp2010_06.dat,Go and find something to back it up.,37
scena/mp2010_06.dat:0x6e817,scena/mp2010_06.dat,"You can't just take his word for it, can you?",46
scena/mp2010_06.dat:0x6e854,scena/mp2010_06.dat,"Well, he WOULD say that, wouldn't he?",38
scena/mp2010_06.dat:0x6e889,scena/mp2010_06.dat,Go and find something to back it up.,37
scena/mp2010_06.dat:0x6e8ae,scena/mp2010_06.dat,You can't just take his word for it.,37
scena/mp2010_06.dat:0x6e901,scena/mp2010_06.dat,outside when the loud noises occurred.,39
scena/mp2010_06.dat:0x6e928,scena/mp2010_06.dat,We can be certain that Kooper was,34
scena/mp2010_06.dat:0x6e95e,scena/mp2010_06.dat,there's little doubt.,22
scena/mp2010_06.dat:0x6e974,scena/mp2010_06.dat,"Based on Norman's testimony,",29
scena/mp2010_06.dat:0x6e9a4,scena/mp2010_06.dat,then it's unlikely that Kooper is the culprit.,47
scena/mp2010_06.dat:0x6e9d3,scena/mp2010_06.dat,"If we assume those were the sounds of the assault,",51
scena/mp2010_06.dat:0x6ea19,scena/mp2010_06.dat,"Hmm, I see what you mean...",28
scena/mp2010_06.dat:0x6ea45,scena/mp2010_06.dat,"for the same reason, eh?",25
scena/mp2010_06.dat:0x6ea5e,scena/mp2010_06.dat,And we can rule Herio out,26
scena/mp2010_06.dat:0x6ea8c,scena/mp2010_06.dat,I see. That's solid reasoning.,31
scena/mp2010_06.dat:0x6eabb,scena/mp2010_06.dat,"out for the same reason, doesn't it?",37
scena/mp2010_06.dat:0x6eae0,scena/mp2010_06.dat,And that means we can rule Herio,33
scena/mp2010_06.dat:0x6eb15,scena/mp2010_06.dat,"Yeah, I agree.",15
scena/mp2010_06.dat:0x6eb38,scena/mp2010_06.dat,"met up with Norman, and-",25
scena/mp2010_06.dat:0x6eb51,scena/mp2010_06.dat,There's no doubt that Herio,28
scena/mp2010_06.dat:0x6eb81,scena/mp2010_06.dat,"...Wait, h-huh?!",17
scena/mp2010_06.dat:0x6eba5,scena/mp2010_06.dat,"Come on, what are you nodding for?",35
scena/mp2010_06.dat:0x6ebd8,scena/mp2010_06.dat,accusing Herio just a second ago?,34
scena/mp2010_06.dat:0x6ebfa,scena/mp2010_06.dat,Weren't you the one who was,28
scena/mp2010_06.dat:0x6ec25,scena/mp2010_06.dat,*Sigh* Don't just go blindly agreeing...,41
scena/mp2010_06.dat:0x6ec5e,scena/mp2010_06.dat,accusing Herio just a second ago.,34
scena/mp2010_06.dat:0x6ec80,scena/mp2010_06.dat,You were the one who was,25
scena/mp2010_06.dat:0x6eca8,scena/mp2010_06.dat,Ahaha... Sorry about that.,27
scena/mp2010_06.dat:0x6ecd7,scena/mp2010_06.dat,of what I was trying to say.,29
scena/mp2010_06.dat:0x6ecf4,scena/mp2010_06.dat,I got confused and lost track,30
scena/mp2010_06.dat:0x6ed25,scena/mp2010_06.dat,you're ready to make sense.,28
scena/mp2010_06.dat:0x6ed41,scena/mp2010_06.dat,Yeah? Well come back when,26
scena/mp2010_06.dat:0x6ed6a,scena/mp2010_06.dat,...It's not worth listening until then.,40
scena/mp2010_06.dat:0x6eda2,scena/mp2010_06.dat,Go organize your thoughts and come back.,41
scena/mp2010_06.dat:0x6edda,scena/mp2010_06.dat,...Then we can talk.,21
scena/mp2010_06.dat:0x6ee1e,scena/mp2010_06.dat,"Yeah, I agree.",15
scena/mp2010_06.dat:0x6ee40,scena/mp2010_06.dat,and Norman met up outside.,27
scena/mp2010_06.dat:0x6ee5b,scena/mp2010_06.dat,We know for sure that Herio,28
scena/mp2010_06.dat:0x6ee8a,scena/mp2010_06.dat,What evidence proves Kooper's innocence?,41
scena/mp2010_06.dat:0x6eeb3,scena/mp2010_06.dat,"Intuition: No real proof, but it feels true",44
scena/mp2010_06.dat:0x6eedf,scena/mp2010_06.dat,Self-report: Was outside when the noises occurred,50
scena/mp2010_06.dat:0x6ef11,scena/mp2010_06.dat,Fact: He has an alibi for the time of the crime,48
scena/mp2010_06.dat:0x6ef42,scena/mp2010_06.dat,reasons behind the incident.,29
scena/mp2010_06.dat:0x6ef5f,scena/mp2010_06.dat,<C1>They explained their theory about the,42
scena/mp2010_06.dat:0x6ef89,scena/mp2010_06.dat,No good. That's not convincing at all...,41
scena/mp2010_06.dat:0x6efc2,scena/mp2010_06.dat,Back to the drawing board.,27
scena/mp2010_06.dat:0x6efec,scena/mp2010_06.dat,"Sorry, but I'm not convinced...",32
scena/mp2010_06.dat:0x6f01c,scena/mp2010_06.dat,You'd better go back and look at things again.,47
scena/mp2010_06.dat:0x6f079,scena/mp2010_06.dat,What evidence explains the method of the crime?,48
scena/mp2010_06.dat:0x6f0a9,scena/mp2010_06.dat,"Intuition: No real proof, but it feels true",44
scena/mp2010_06.dat:0x6f0d6,scena/mp2010_06.dat,the crime are convincing proof.,32
scena/mp2010_06.dat:0x6f0f6,scena/mp2010_06.dat,The circumstances at the time of,33
scena/mp2010_06.dat:0x6f12a,scena/mp2010_06.dat,you could certainly say he had a motive.,41
scena/mp2010_06.dat:0x6f153,scena/mp2010_06.dat,"If you consider the fight at the bridge,",41
scena/mp2010_06.dat:0x6f18f,scena/mp2010_06.dat,are convincing proof.,22
scena/mp2010_06.dat:0x6f1a5,scena/mp2010_06.dat,"First off, the circumstances",29
scena/mp2010_06.dat:0x6f1d5,scena/mp2010_06.dat,His motive is also pretty clear.,33
scena/mp2010_06.dat:0x6f20a,scena/mp2010_06.dat,it's natural to think that he's still angry.,45
scena/mp2010_06.dat:0x6f237,scena/mp2010_06.dat,"The fight at the bridge occurred recently, so",46
scena/mp2010_06.dat:0x6f278,scena/mp2010_06.dat,witnesses that he was angry at the time.,41
scena/mp2010_06.dat:0x6f2a1,scena/mp2010_06.dat,We even have statements from,29
scena/mp2010_06.dat:0x6f2d1,scena/mp2010_06.dat,outside when the loud noises occurred.,39
scena/mp2010_06.dat:0x6f2f8,scena/mp2010_06.dat,We can be certain that Kooper was,34
scena/mp2010_06.dat:0x6f32d,scena/mp2010_06.dat,there's little doubt.,22
scena/mp2010_06.dat:0x6f343,scena/mp2010_06.dat,"Based on Norman's testimony,",29
scena/mp2010_06.dat:0x6f374,scena/mp2010_06.dat,then it's unlikely that the suspect is the culprit...,54
scena/mp2010_06.dat:0x6f3aa,scena/mp2010_06.dat,"If we assume those were the sounds of the assault,",51
scena/mp2010_06.dat:0x6f3f1,scena/mp2010_06.dat,"...Wait, h-huh?!",17
scena/mp2010_06.dat:0x6f421,scena/mp2010_06.dat,"Yeah, you're not wrong about that, but...",42
scena/mp2010_06.dat:0x6f45b,scena/mp2010_06.dat,"we can't rule out other possibilities, either.",47
scena/mp2010_06.dat:0x6f48a,scena/mp2010_06.dat,"Based on the evidence you just cited,",38
scena/mp2010_06.dat:0x6f4bf,scena/mp2010_06.dat,have come into the room before him.,36
scena/mp2010_06.dat:0x6f4e3,scena/mp2010_06.dat,"In other words, someone might",30
scena/mp2010_06.dat:0x6f510,scena/mp2010_06.dat,Can you say there's a zero percent chance of that?,51
scena/mp2010_06.dat:0x6f552,scena/mp2010_06.dat,"Well, you're not wrong about that, but...",42
scena/mp2010_06.dat:0x6f58c,scena/mp2010_06.dat,fully rule out other possibilities.,36
scena/mp2010_06.dat:0x6f5b0,scena/mp2010_06.dat,The evidence you just cited doesn't,36
scena/mp2010_06.dat:0x6f5e4,scena/mp2010_06.dat,have come into the room before him.,36
scena/mp2010_06.dat:0x6f608,scena/mp2010_06.dat,"In other words, I'm saying that someone might",46
scena/mp2010_06.dat:0x6f645,scena/mp2010_06.dat,that happened?,15
scena/mp2010_06.dat:0x6f654,scena/mp2010_06.dat,Can you definitively say that there's no chance,48
scena/mp2010_06.dat:0x6f693,scena/mp2010_06.dat,"W-Well, uh...",14
scena/mp2010_06.dat:0x6f6b4,scena/mp2010_06.dat,"In that case, get back out there and investigate.",50
scena/mp2010_06.dat:0x6f6f6,scena/mp2010_06.dat,...It's not worth listening until then.,40
scena/mp2010_06.dat:0x6f72d,scena/mp2010_06.dat,"In that case, get back out there and investigate.",50
scena/mp2010_06.dat:0x6f76f,scena/mp2010_06.dat,...Then we can talk.,21
scena/mp2010_06.dat:0x6f793,scena/mp2010_06.dat,"Hey, what exactly are you trying to say?",41
scena/mp2010_06.dat:0x6f7cb,scena/mp2010_06.dat,no way Kooper is the culprit.,30
scena/mp2010_06.dat:0x6f7e9,scena/mp2010_06.dat,"If that's true, then there's",29
scena/mp2010_06.dat:0x6f815,scena/mp2010_06.dat,Just what are you implying?,28
scena/mp2010_06.dat:0x6f840,scena/mp2010_06.dat,"no way Kooper is the culprit, is there?",40
scena/mp2010_06.dat:0x6f868,scena/mp2010_06.dat,"If that's true, then there's",29
scena/mp2010_06.dat:0x6f894,scena/mp2010_06.dat,Ahaha... Sorry about that.,27
scena/mp2010_06.dat:0x6f8c3,scena/mp2010_06.dat,of what I was trying to say.,29
scena/mp2010_06.dat:0x6f8e0,scena/mp2010_06.dat,I got confused and lost track,30
scena/mp2010_06.dat:0x6f911,scena/mp2010_06.dat,you're ready to make sense.,28
scena/mp2010_06.dat:0x6f92d,scena/mp2010_06.dat,Yeah? Well come back when,26
scena/mp2010_06.dat:0x6f956,scena/mp2010_06.dat,...It's not worth listening until then.,40
scena/mp2010_06.dat:0x6f98e,scena/mp2010_06.dat,Go organize your thoughts and come back.,41
scena/mp2010_06.dat:0x6f9c6,scena/mp2010_06.dat,...Then we can talk.,21
scena/mp2010_06.dat:0x6fa0a,scena/mp2010_06.dat,What evidence proves Kooper's guilt?,37
scena/mp2010_06.dat:0x6fa2f,scena/mp2010_06.dat,Intuition: Seems likely given the circumstances,48
scena/mp2010_06.dat:0x6fa5f,scena/mp2010_06.dat,Witness: Suspect was angry at the time,39
scena/mp2010_06.dat:0x6fa86,scena/mp2010_06.dat,Fact: He has an alibi for the time of the crime,48
scena/mp2010_06.dat:0x6fab7,scena/mp2010_06.dat,believe the incident occurred.,31
scena/mp2010_06.dat:0x6fad6,scena/mp2010_06.dat,<C1>They explained the reasons they,36
scena/mp2010_06.dat:0x6fafa,scena/mp2010_06.dat,floor just before the incident occurred.,41
scena/mp2010_06.dat:0x6fb23,scena/mp2010_06.dat,A witness saw Herio going to the second,40
scena/mp2010_06.dat:0x6fb5f,scena/mp2010_06.dat,"Plus, he didn't tell us about it voluntarily.",46
scena/mp2010_06.dat:0x6fba0,scena/mp2010_06.dat,office just before the incident.,33
scena/mp2010_06.dat:0x6fbc1,scena/mp2010_06.dat,There's no doubt Herio was in the,34
scena/mp2010_06.dat:0x6fbf7,scena/mp2010_06.dat,"Plus, he didn't tell us about it voluntarily...",48
scena/mp2010_06.dat:0x6fc3a,scena/mp2010_06.dat,"scene of the crime, that's basically a confession.",51
scena/mp2010_06.dat:0x6fc6d,scena/mp2010_06.dat,For him to hide the fact that he was at the,44
scena/mp2010_06.dat:0x6fcac,scena/mp2010_06.dat,No good. That's not convincing at all...,41
scena/mp2010_06.dat:0x6fce5,scena/mp2010_06.dat,Back to the drawing board.,27
scena/mp2010_06.dat:0x6fd0f,scena/mp2010_06.dat,"Sorry, but I'm not convinced...",32
scena/mp2010_06.dat:0x6fd3f,scena/mp2010_06.dat,You'd better go back and look at things again.,47
scena/mp2010_06.dat:0x6fd9c,scena/mp2010_06.dat,So you have a basis for suspecting him?,40
scena/mp2010_06.dat:0x6fdd3,scena/mp2010_06.dat,...What about a motive?,24
scena/mp2010_06.dat:0x6fdfa,scena/mp2010_06.dat,You seem to have a basis for suspecting him.,45
scena/mp2010_06.dat:0x6fe36,scena/mp2010_06.dat,...And what about a motive?,28
scena/mp2010_06.dat:0x6fe61,scena/mp2010_06.dat,were rivals to be Norman's right-hand man.,43
scena/mp2010_06.dat:0x6fe8c,scena/mp2010_06.dat,It's gotta be the fact that they,33
scena/mp2010_06.dat:0x6fec0,scena/mp2010_06.dat,only one I can think of based on the circumstances.,52
scena/mp2010_06.dat:0x6fef4,scena/mp2010_06.dat,"It's not the greatest of motives, but it's the",47
scena/mp2010_06.dat:0x6ff36,scena/mp2010_06.dat,What evidence proves Herio's guilt?,36
scena/mp2010_06.dat:0x6ff5a,scena/mp2010_06.dat,"Intuition: No real proof, but it feels true",44
scena/mp2010_06.dat:0x6ff86,scena/mp2010_06.dat,Witness: He went to the crime scene after lunch,48
scena/mp2010_06.dat:0x6ffb6,scena/mp2010_06.dat,Fact: He went to the crime scene after lunch,45
scena/mp2010_06.dat:0x6ffe4,scena/mp2010_06.dat,believe the incident occurred.,31
scena/mp2010_06.dat:0x70003,scena/mp2010_06.dat,<C1>They explained the reasons they,36
scena/mp2010_06.dat:0x70027,scena/mp2010_06.dat,No good. That's not convincing at all...,41
scena/mp2010_06.dat:0x70060,scena/mp2010_06.dat,Back to the drawing board.,27
scena/mp2010_06.dat:0x7008a,scena/mp2010_06.dat,"Sorry, but I'm not convinced...",32
scena/mp2010_06.dat:0x700ba,scena/mp2010_06.dat,You'd better go back and look at things again.,47
scena/mp2010_06.dat:0x70117,scena/mp2010_06.dat,The basis is his alibi.,24
scena/mp2010_06.dat:0x70142,scena/mp2010_06.dat,contradicts his claimed alibi.,31
scena/mp2010_06.dat:0x70161,scena/mp2010_06.dat,There's reliable testimony that,32
scena/mp2010_06.dat:0x70194,scena/mp2010_06.dat,"and Herio as suspects, so...",29
scena/mp2010_06.dat:0x701b1,scena/mp2010_06.dat,We've ruled out Kooper,23
scena/mp2010_06.dat:0x701dc,scena/mp2010_06.dat,have possibly committed the crime.,35
scena/mp2010_06.dat:0x701ff,scena/mp2010_06.dat,He's the last person who could,31
scena/mp2010_06.dat:0x70231,scena/mp2010_06.dat,"of elimination, that's true.",29
scena/mp2010_06.dat:0x7024e,scena/mp2010_06.dat,"Well, I guess by process",25
scena/mp2010_06.dat:0x70276,scena/mp2010_06.dat,than circumstantial evidence.,30
scena/mp2010_06.dat:0x70294,scena/mp2010_06.dat,...But that's nothing more,27
scena/mp2010_06.dat:0x702be,scena/mp2010_06.dat,Do you have anything more definitive?,38
scena/mp2010_06.dat:0x702f3,scena/mp2010_06.dat,"elimination, I suppose that's true.",36
scena/mp2010_06.dat:0x70317,scena/mp2010_06.dat,If you go by process of,24
scena/mp2010_06.dat:0x7033e,scena/mp2010_06.dat,than circumstantial evidence.,30
scena/mp2010_06.dat:0x7035c,scena/mp2010_06.dat,...But that's nothing more,27
scena/mp2010_06.dat:0x70387,scena/mp2010_06.dat,something more definitive.,27
scena/mp2010_06.dat:0x703a2,scena/mp2010_06.dat,It would be nice to have,25
scena/mp2010_06.dat:0x703ca,scena/mp2010_06.dat,W-Weeell... I can't really answer that.,40
scena/mp2010_06.dat:0x70405,scena/mp2010_06.dat,We don't really have a smoking gun.,36
scena/mp2010_06.dat:0x7043d,scena/mp2010_06.dat,I see...,9
scena/mp2010_06.dat:0x70456,scena/mp2010_06.dat,investigate one more time.,27
scena/mp2010_06.dat:0x70471,scena/mp2010_06.dat,"In that case, you should",25
scena/mp2010_06.dat:0x70499,scena/mp2010_06.dat,"a little more, we should be able to solve it.",46
scena/mp2010_06.dat:0x704c7,scena/mp2010_06.dat,I think this case in its final stages. With,44
scena/mp2010_06.dat:0x70502,scena/mp2010_06.dat,I see...,9
scena/mp2010_06.dat:0x7051b,scena/mp2010_06.dat,investigate one more time.,27
scena/mp2010_06.dat:0x70536,scena/mp2010_06.dat,"In that case, you should",25
scena/mp2010_06.dat:0x7055e,scena/mp2010_06.dat,"a little more, we should be able to solve it.",46
scena/mp2010_06.dat:0x7058c,scena/mp2010_06.dat,I think this case in its final stages. With,44
scena/mp2010_06.dat:0x705c7,scena/mp2010_06.dat,"Okay, I'll give it my best try.",32
scena/mp2010_06.dat:0x705fa,scena/mp2010_06.dat,"I don't know if it's definitive or not, but...",47
scena/mp2010_06.dat:0x7063d,scena/mp2010_06.dat,the testimony about the special paella.,40
scena/mp2010_06.dat:0x70665,scena/mp2010_06.dat,One thing that sticks out in my mind is,40
scena/mp2010_06.dat:0x706a0,scena/mp2010_06.dat,"Oh, yeah? Tell me more.",24
scena/mp2010_06.dat:0x706c7,scena/mp2010_06.dat,Yeah? Tell me more.,20
scena/mp2010_06.dat:0x706ea,scena/mp2010_06.dat,"lunch on the first floor, but...",33
scena/mp2010_06.dat:0x7070b,scena/mp2010_06.dat,"Well, Belden said he ate his",29
scena/mp2010_06.dat:0x7073b,scena/mp2010_06.dat,Norman was eating on the second floor.,39
scena/mp2010_06.dat:0x70762,scena/mp2010_06.dat,"Despite that, he somehow saw what kind of paella",49
scena/mp2010_06.dat:0x707a6,scena/mp2010_06.dat,He even knew that Norman didn't finish his meal.,49
scena/mp2010_06.dat:0x707ea,scena/mp2010_06.dat,went to the second floor...,28
scena/mp2010_06.dat:0x70806,scena/mp2010_06.dat,"In other words, the little rat",31
scena/mp2010_06.dat:0x70835,scena/mp2010_06.dat,...Is that what you're trying to say?,38
scena/mp2010_06.dat:0x7086a,scena/mp2010_06.dat,"In other words, he went to the second floor...",47
scena/mp2010_06.dat:0x708a9,scena/mp2010_06.dat,...Is that what you're suggesting?,35
scena/mp2010_06.dat:0x70921,scena/mp2010_06.dat,"...Okay, got it.",17
scena/mp2010_06.dat:0x70941,scena/mp2010_06.dat,press him nice and slow.,25
scena/mp2010_06.dat:0x7095a,scena/mp2010_06.dat,Let's call for Belden and,26
scena/mp2010_06.dat:0x70983,scena/mp2010_06.dat,"arrest him on the spot, after all.",35
scena/mp2010_06.dat:0x709a6,scena/mp2010_06.dat,We don't have enough evidence to,33
scena/mp2010_06.dat:0x709ff,scena/mp2010_06.dat,"....Got it. Well, you've convinced me.",39
scena/mp2010_06.dat:0x70a35,scena/mp2010_06.dat,here and interrogate him directly.,35
scena/mp2010_06.dat:0x70a58,scena/mp2010_06.dat,"At this rate, we should call him",33
scena/mp2010_06.dat:0x70a88,scena/mp2010_06.dat,spot with the evidence we have now.,36
scena/mp2010_06.dat:0x70aac,scena/mp2010_06.dat,It will be hard to arrest him on the,37
scena/mp2010_06.dat:0x70ae0,scena/mp2010_06.dat,R-Right... Will do.,20
scena/mp2010_06.dat:0x70b17,scena/mp2010_06.dat,What evidence proves Belden's guilt?,37
scena/mp2010_06.dat:0x70b3c,scena/mp2010_06.dat,"Intuition: No real proof, but it feels true",44
scena/mp2010_06.dat:0x70b68,scena/mp2010_06.dat,Fact: He has no alibi for the time of the crime,48
scena/mp2010_06.dat:0x70b99,scena/mp2010_06.dat,What evidence supports Belden as the culprit?,46
scena/mp2010_06.dat:0x70bc7,scena/mp2010_06.dat,"Intuition: It feels true, but I can't say why",46
scena/mp2010_06.dat:0x70bf5,scena/mp2010_06.dat,Contradiction: He knew about the special paella,48
scena/mp2010_06.dat:0x70cf4,scena/mp2010_06.dat, oh?,5
scena/mp2010_06.dat:0x70d7d,scena/mp2010_06.dat,"Oh, hey guys.",14
scena/mp2010_06.dat:0x70d9a,scena/mp2010_06.dat,"ghost problem all figured out, yeah?",37
scena/mp2010_06.dat:0x70dbf,scena/mp2010_06.dat,Dorothy filled me in. You got the,34
scena/mp2010_06.dat:0x70e0d,scena/mp2010_06.dat,"Yup, for now at least...",25
scena/mp2010_06.dat:0x70e3a,scena/mp2010_06.dat,What happened to Dorothy?,26
scena/mp2010_06.dat:0x70e7a,scena/mp2010_06.dat,off while giving her report...,31
scena/mp2010_06.dat:0x70e99,scena/mp2010_06.dat,"Well, you see, she started nodding",35
scena/mp2010_06.dat:0x70ecc,scena/mp2010_06.dat,"like a light, so I dragged her to bed.",39
scena/mp2010_06.dat:0x70ef3,scena/mp2010_06.dat,"As soon as she was done, she was out",37
scena/mp2010_06.dat:0x70f27,scena/mp2010_06.dat,right until the early hours.,29
scena/mp2010_06.dat:0x70f44,scena/mp2010_06.dat,"Well, we were workin' hard",27
scena/mp2010_06.dat:0x70f6f,scena/mp2010_06.dat,Must've taken its toll on her.,31
scena/mp2010_06.dat:0x70f9d,scena/mp2010_06.dat,"working with us, after all.",28
scena/mp2010_06.dat:0x70fb9,scena/mp2010_06.dat,She was up pretty late,23
scena/mp2010_06.dat:0x70fe0,scena/mp2010_06.dat,It's no surprise she's exhausted.,34
scena/mp2010_06.dat:0x7102b,scena/mp2010_06.dat,all-nighter. She just lacks discipline.,40
scena/mp2010_06.dat:0x71053,scena/mp2010_06.dat,"Hmph, it's not like it was an",30
scena/mp2010_06.dat:0x7109f,scena/mp2010_06.dat,me with more questions than answers.,37
scena/mp2010_06.dat:0x710c4,scena/mp2010_06.dat,"Speaking of which, her explanation left",40
scena/mp2010_06.dat:0x7110f,scena/mp2010_06.dat,things about what went down?,29
scena/mp2010_06.dat:0x7112c,scena/mp2010_06.dat,Mind if I ask you a few,24
scena/mp2010_06.dat:0x7115e,scena/mp2010_06.dat,"Sure, fire away.",17
scena/mp2010_06.dat:0x711c0,scena/mp2010_06.dat,a full explanation of what happened.,37
scena/mp2010_06.dat:0x711e5,scena/mp2010_06.dat,<C1>They answered Nial's questions and gave,44
scena/mp2010_06.dat:0x7121b,scena/mp2010_06.dat,"I see, I get the picture now.",30
scena/mp2010_06.dat:0x71267,scena/mp2010_06.dat,Phantom Thief B was here in Liberl...,38
scena/mp2010_06.dat:0x7128d,scena/mp2010_06.dat,Who would've thought,21
scena/mp2010_06.dat:0x712cc,scena/mp2010_06.dat,Hold on!,9
scena/mp2010_06.dat:0x712e4,scena/mp2010_06.dat,"Nial, you've heard about that guy?!",36
scena/mp2010_06.dat:0x7132a,scena/mp2010_06.dat,chaos in cities across the continent.,38
scena/mp2010_06.dat:0x71350,scena/mp2010_06.dat,"Yeah, he's famous for causing",30
scena/mp2010_06.dat:0x713a3,scena/mp2010_06.dat,and makes a big show out of it.,32
scena/mp2010_06.dat:0x713c3,scena/mp2010_06.dat,"He always gets what he's after,",32
scena/mp2010_06.dat:0x7141c,scena/mp2010_06.dat,part of his schtick.,21
scena/mp2010_06.dat:0x71431,scena/mp2010_06.dat,Apparently the performance is,30
scena/mp2010_06.dat:0x71466,scena/mp2010_06.dat,Hmm... Sounds like the same guy.,33
scena/mp2010_06.dat:0x71497,scena/mp2010_06.dat,I see... That sounds like the same person.,43
scena/mp2010_06.dat:0x714df,scena/mp2010_06.dat,"pretty much what he said himself, too.",39
scena/mp2010_06.dat:0x71506,scena/mp2010_06.dat,"Yeah, sounds about right. That's",33
scena/mp2010_06.dat:0x7156f,scena/mp2010_06.dat,Phantom Thief B to be part of the Society.,43
scena/mp2010_06.dat:0x7159a,scena/mp2010_06.dat,What I didn't expect was for,29
scena/mp2010_06.dat:0x715c6,scena/mp2010_06.dat,have zero leads on.,20
scena/mp2010_06.dat:0x715da,scena/mp2010_06.dat,'Ouroboros'... Now that's a group I,36
scena/mp2010_06.dat:0x71635,scena/mp2010_06.dat,"Um, Nial?",10
scena/mp2010_06.dat:0x7165a,scena/mp2010_06.dat,cover in the article?,22
scena/mp2010_06.dat:0x71670,scena/mp2010_06.dat,How much of this incident will you,35
scena/mp2010_06.dat:0x716a2,scena/mp2010_06.dat,asked me not to spill the beans on the Society.,48
scena/mp2010_06.dat:0x716d2,scena/mp2010_06.dat,"Well, both the guild and the Royal Army have",45
scena/mp2010_06.dat:0x71725,scena/mp2010_06.dat,it up to the work of a 'malicious prankster.',46
scena/mp2010_06.dat:0x71753,scena/mp2010_06.dat,"In the article, I'll probably just chalk",41
scena/mp2010_06.dat:0x71791,scena/mp2010_06.dat,on its feet again after the coup.,34
scena/mp2010_06.dat:0x717b3,scena/mp2010_06.dat,"Yes, the country's just about back",35
scena/mp2010_06.dat:0x717e6,scena/mp2010_06.dat,to assuage the people's fears.,31
scena/mp2010_06.dat:0x71805,scena/mp2010_06.dat,It seems like the right call,29
scena/mp2010_06.dat:0x71838,scena/mp2010_06.dat,could see where they're coming from.,37
scena/mp2010_06.dat:0x7185d,scena/mp2010_06.dat,"I'm not too thrilled as a reporter, but I",42
scena/mp2010_06.dat:0x71897,scena/mp2010_06.dat,"anything else goes down, got it?",33
scena/mp2010_06.dat:0x718b8,scena/mp2010_06.dat,"In return, you better let us know if",37
scena/mp2010_06.dat:0x71914,scena/mp2010_06.dat,"Yeah, got it.",14
scena/mp2010_06.dat:0x71936,scena/mp2010_06.dat,We're actually just about to leave for Zeiss...,48
scena/mp2010_06.dat:0x71993,scena/mp2010_06.dat,Oh yeah?,9
scena/mp2010_06.dat:0x719ab,scena/mp2010_06.dat,"so I can't see you off, but...",31
scena/mp2010_06.dat:0x719ca,scena/mp2010_06.dat,"I've got some writing to do,",29
scena/mp2010_06.dat:0x71a07,scena/mp2010_06.dat,Want me to wake up Dorothy?,28
scena/mp2010_06.dat:0x71a38,scena/mp2010_06.dat,she's finally fallen asleep.,29
scena/mp2010_06.dat:0x71a55,scena/mp2010_06.dat,"Oh, no it's fine. Not now that",31
scena/mp2010_06.dat:0x71a85,scena/mp2010_06.dat,"Tell her we said goodbye, okay?",32
scena/mp2010_06.dat:0x71ab4,scena/mp2010_06.dat,Gotcha. You guys take care out there.,38
scena/mp2010_06.dat:0x71b6a,scena/mp2010_06.dat,"Hey, you got a second?",23
scena/mp2010_06.dat:0x71b94,scena/mp2010_06.dat,"Sure, what's up?",17
scena/mp2010_06.dat:0x71bc5,scena/mp2010_06.dat,"You're Santos, right?",22
scena/mp2010_06.dat:0x71bdb,scena/mp2010_06.dat,I saw your request on the bulletin board.,42
scena/mp2010_06.dat:0x71c18,scena/mp2010_06.dat,"Oh, are you with the bracers?!",31
scena/mp2010_06.dat:0x71c63,scena/mp2010_06.dat,Thank goodness! I've been waiting for you.,43
scena/mp2010_06.dat:0x71c9e,scena/mp2010_06.dat,Do you have time now?,22
scena/mp2010_06.dat:0x71cb4,scena/mp2010_06.dat,I'd like to make a request right away.,39
scena/mp2010_06.dat:0x71cea,scena/mp2010_06.dat,"Oh, it's you bracers again.",28
scena/mp2010_06.dat:0x71d15,scena/mp2010_06.dat,Do you have time now?,22
scena/mp2010_06.dat:0x71d3a,scena/mp2010_06.dat,"Ah, sorry. I'm kinda busy right now.",37
scena/mp2010_06.dat:0x71d73,scena/mp2010_06.dat,"Oh, okay...",12
scena/mp2010_06.dat:0x71d8e,scena/mp2010_06.dat,Come back and see me when you have some time.,46
scena/mp2010_06.dat:0x71deb,scena/mp2010_06.dat,"Sure, now's fine.",18
scena/mp2010_06.dat:0x71e11,scena/mp2010_06.dat,"So, what kinda request is it?",30
scena/mp2010_06.dat:0x71e4f,scena/mp2010_06.dat,at the Sapphirl Tower.,23
scena/mp2010_06.dat:0x71e66,scena/mp2010_06.dat,"Um, I'd like to ask you to take a photo",40
scena/mp2010_06.dat:0x71eb0,scena/mp2010_06.dat,and take a picture of something for me.,40
scena/mp2010_06.dat:0x71ed8,scena/mp2010_06.dat,I need you to climb to the rooftop,35
scena/mp2010_06.dat:0x71f17,scena/mp2010_06.dat,The Sapphirl Tower...,22
scena/mp2010_06.dat:0x71f3d,scena/mp2010_06.dat,"just off the Aina Causeway, yeah?",34
scena/mp2010_06.dat:0x71f5f,scena/mp2010_06.dat,The ancient tower ruins,24
scena/mp2010_06.dat:0x71f94,scena/mp2010_06.dat,The Sapphirl Tower...,22
scena/mp2010_06.dat:0x71fba,scena/mp2010_06.dat,"near the Aina Causeway, right?",31
scena/mp2010_06.dat:0x71fd9,scena/mp2010_06.dat,You mean the ancient tower ruins,33
scena/mp2010_06.dat:0x72009,scena/mp2010_06.dat,Precisely. I see you're well informed.,39
scena/mp2010_06.dat:0x72047,scena/mp2010_06.dat,to take a photo at the tower?,30
scena/mp2010_06.dat:0x72065,scena/mp2010_06.dat,But why would you need us,26
scena/mp2010_06.dat:0x7208e,scena/mp2010_06.dat,you're starting a new magazine?,32
scena/mp2010_06.dat:0x720d5,scena/mp2010_06.dat,"Ah, no, that's not it.",23
scena/mp2010_06.dat:0x72104,scena/mp2010_06.dat,in the capital.,16
scena/mp2010_06.dat:0x72114,scena/mp2010_06.dat,I was actually sent here by the History Museum,47
scena/mp2010_06.dat:0x7215a,scena/mp2010_06.dat,is also for academic purposes.,31
scena/mp2010_06.dat:0x72179,scena/mp2010_06.dat,"Thus, the investigation I'm doing right now",44
scena/mp2010_06.dat:0x721c6,scena/mp2010_06.dat,"Hm, so we're talking academic research?",40
scena/mp2010_06.dat:0x72211,scena/mp2010_06.dat,"Yes, that's correct.",21
scena/mp2010_06.dat:0x7223d,scena/mp2010_06.dat,"I see. It's for academic research, huh.",40
scena/mp2010_06.dat:0x72288,scena/mp2010_06.dat,"Yes, that's correct.",21
scena/mp2010_06.dat:0x722b4,scena/mp2010_06.dat,is a little unusual.,21
scena/mp2010_06.dat:0x722c9,scena/mp2010_06.dat,"...Truth be told, this investigation",37
scena/mp2010_06.dat:0x7232d,scena/mp2010_06.dat,...Unusual? How so?,20
scena/mp2010_06.dat:0x72360,scena/mp2010_06.dat,and explain it from the top.,29
scena/mp2010_06.dat:0x7237d,scena/mp2010_06.dat,"Sounds complicated, so go ahead",32
scena/mp2010_06.dat:0x723c9,scena/mp2010_06.dat,so walk us through it in order.,32
scena/mp2010_06.dat:0x723e9,scena/mp2010_06.dat,"It sounds like there's a story behind it,",42
scena/mp2010_06.dat:0x7245f,scena/mp2010_06.dat,I drifted a bit off topic.,27
scena/mp2010_06.dat:0x7247a,scena/mp2010_06.dat,"Oops, sorry about that.",24
scena/mp2010_06.dat:0x724ad,scena/mp2010_06.dat,"Um, now where did I get to...?",31
scena/mp2010_06.dat:0x724dc,scena/mp2010_06.dat,to the rooftop and taking a picture.,37
scena/mp2010_06.dat:0x72501,scena/mp2010_06.dat,You said something about climbing,34
scena/mp2010_06.dat:0x72552,scena/mp2010_06.dat,...So what's this thing you need a photo of?,45
scena/mp2010_06.dat:0x72592,scena/mp2010_06.dat,that's up on the rooftop.,26
scena/mp2010_06.dat:0x725ac,scena/mp2010_06.dat,It's a mysterious device,25
scena/mp2010_06.dat:0x725d4,scena/mp2010_06.dat,but we have no idea what its function is.,42
scena/mp2010_06.dat:0x725fe,scena/mp2010_06.dat,"It's a relic left by an ancient civilization,",46
scena/mp2010_06.dat:0x7263c,scena/mp2010_06.dat,are simply referring to it as the 'device.',44
scena/mp2010_06.dat:0x72668,scena/mp2010_06.dat,"Until we learn more, we researchers",36
scena/mp2010_06.dat:0x7269b,scena/mp2010_06.dat,"Wait, a device up on the rooftop...",36
scena/mp2010_06.dat:0x72705,scena/mp2010_06.dat,that looks like a pedestal?,28
scena/mp2010_06.dat:0x72721,scena/mp2010_06.dat,Are you talking about the machine,34
scena/mp2010_06.dat:0x7275e,scena/mp2010_06.dat,"Oh, are you familiar with it?!",31
scena/mp2010_06.dat:0x72790,scena/mp2010_06.dat,It looks just like a pedestal.,31
scena/mp2010_06.dat:0x727af,scena/mp2010_06.dat,"Yes, that's the one.",21
scena/mp2010_06.dat:0x727d8,scena/mp2010_06.dat,"Actually, we've already been and checked it out.",49
scena/mp2010_06.dat:0x72818,scena/mp2010_06.dat,this creepy light...,21
scena/mp2010_06.dat:0x7282d,scena/mp2010_06.dat,For some reason it was emitting,32
scena/mp2010_06.dat:0x7285c,scena/mp2010_06.dat,"Yes, I've heard it does that...",32
scena/mp2010_06.dat:0x7288c,scena/mp2010_06.dat,a similar nature from reliable sources.,40
scena/mp2010_06.dat:0x728b4,scena/mp2010_06.dat,The museum also received reports of,36
scena/mp2010_06.dat:0x728e7,scena/mp2010_06.dat,"Oh, it's gotta be the same thing then!",39
scena/mp2010_06.dat:0x7291d,scena/mp2010_06.dat,but it had that whole 'device' look to it.,43
scena/mp2010_06.dat:0x72948,scena/mp2010_06.dat,It didn't look like it was working anymore,43
scena/mp2010_06.dat:0x729b8,scena/mp2010_06.dat,"Well, about that...",20
scena/mp2010_06.dat:0x729e0,scena/mp2010_06.dat,"Apparently, that's not the case.",33
scena/mp2010_06.dat:0x72a34,scena/mp2010_06.dat,That device...,15
scena/mp2010_06.dat:0x72a57,scena/mp2010_06.dat,...it seems like it's been active.,35
scena/mp2010_06.dat:0x72ae1,scena/mp2010_06.dat,I-It's active...?!,19
scena/mp2010_06.dat:0x72b03,scena/mp2010_06.dat,That funky-looking machine?!,29
scena/mp2010_06.dat:0x72b3b,scena/mp2010_06.dat,we received from credible sources.,35
scena/mp2010_06.dat:0x72b5e,scena/mp2010_06.dat,"Yes, according to information",30
scena/mp2010_06.dat:0x72b99,scena/mp2010_06.dat,is extremely low.,18
scena/mp2010_06.dat:0x72bab,scena/mp2010_06.dat,The likelihood of it being misinformation,42
scena/mp2010_06.dat:0x72bfe,scena/mp2010_06.dat,Makes sense.,13
scena/mp2010_06.dat:0x72c0b,scena/mp2010_06.dat,"That's why you're in a rush to investigate, huh.",49
scena/mp2010_06.dat:0x72c62,scena/mp2010_06.dat,to investigate.,16
scena/mp2010_06.dat:0x72c72,scena/mp2010_06.dat,I see. So that's why you're in a rush,38
scena/mp2010_06.dat:0x72cbe,scena/mp2010_06.dat,"Y-Yes, that's right.",21
scena/mp2010_06.dat:0x72ce6,scena/mp2010_06.dat,the present condition of the device.,37
scena/mp2010_06.dat:0x72d0b,scena/mp2010_06.dat,"In any event, we need to document",34
scena/mp2010_06.dat:0x72d40,scena/mp2010_06.dat,It really does sound spooky...,31
scena/mp2010_06.dat:0x72d6e,scena/mp2010_06.dat,itself doesn't pose any danger...,34
scena/mp2010_06.dat:0x72d90,scena/mp2010_06.dat,"As far as we're aware, the device",34
scena/mp2010_06.dat:0x72dc5,scena/mp2010_06.dat,so make sure you keep your wits about you.,43
scena/mp2010_06.dat:0x72df0,scena/mp2010_06.dat,"But who knows what could happen,",33
scena/mp2010_06.dat:0x72e24,scena/mp2010_06.dat,"Okay, we won't let our guard down!",35
scena/mp2010_06.dat:0x72e66,scena/mp2010_06.dat,"we've snapped a photo of the device, right?",44
scena/mp2010_06.dat:0x72e92,scena/mp2010_06.dat,So we should come back and see you once,40
scena/mp2010_06.dat:0x72ed9,scena/mp2010_06.dat,We can't just ignore it.,25
scena/mp2010_06.dat:0x72ef2,scena/mp2010_06.dat,It really does sound spooky...,31
scena/mp2010_06.dat:0x72f39,scena/mp2010_06.dat,It's not dangerous?,20
scena/mp2010_06.dat:0x72f5c,scena/mp2010_06.dat,Does that device really pose no danger?,40
scena/mp2010_06.dat:0x72f93,scena/mp2010_06.dat,the device itself poses no threat...,37
scena/mp2010_06.dat:0x72fb8,scena/mp2010_06.dat,"Yes, from what we've determined,",33
scena/mp2010_06.dat:0x72fed,scena/mp2010_06.dat,it's totally harmless.,23
scena/mp2010_06.dat:0x73004,scena/mp2010_06.dat,"But, of course, we shouldn't just assume",41
scena/mp2010_06.dat:0x73040,scena/mp2010_06.dat,"Okay, we'll stay on our toes.",30
scena/mp2010_06.dat:0x7307d,scena/mp2010_06.dat,we've snapped a photo of the device?,37
scena/mp2010_06.dat:0x730a2,scena/mp2010_06.dat,"So, we should come back and see you once",41
scena/mp2010_06.dat:0x730da,scena/mp2010_06.dat,"Yes, please do.",16
scena/mp2010_06.dat:0x730fa,scena/mp2010_06.dat,when you come back.,20
scena/mp2010_06.dat:0x7310e,scena/mp2010_06.dat,"I'll lend you a camera, so please return it",44
scena/mp2010_06.dat:0x73155,scena/mp2010_06.dat,I'm looking forward to seeing the photo.,41
scena/mp2010_06.dat:0x731c5,scena/mp2010_06.dat,Obtained ,10
scena/mp2010_06.dat:0x73203,scena/mp2010_06.dat,"W-Whoa, this thing's huge!",27
scena/mp2010_06.dat:0x73239,scena/mp2010_06.dat,"reference photos, after all.",29
scena/mp2010_06.dat:0x73256,scena/mp2010_06.dat,"Well, it IS a high-spec model for taking",41
scena/mp2010_06.dat:0x7329a,scena/mp2010_06.dat,"Wow, so it's a high-end camera?",32
scena/mp2010_06.dat:0x732df,scena/mp2010_06.dat," so obedient, too!",19
scena/mp2010_06.dat:0x732f2,scena/mp2010_06.dat,"Hehe, yup! She's such a sweet little",37
scena/mp2010_06.dat:0x73360,scena/mp2010_06.dat,"It's a big hunk of mechanical parts, after all.",48
scena/mp2010_06.dat:0x73390,scena/mp2010_06.dat,"Well, naturally.",17
scena/mp2010_06.dat:0x733c5,scena/mp2010_06.dat,"Oh, the photo-quartz is already installed.",43
scena/mp2010_06.dat:0x7341d,scena/mp2010_06.dat,is take the photo.,19
scena/mp2010_06.dat:0x73430,scena/mp2010_06.dat,"It should be good to go, so all you have to do",47
scena/mp2010_06.dat:0x7346e,scena/mp2010_06.dat,but about that photo-quartz...,31
scena/mp2010_06.dat:0x7348d,scena/mp2010_06.dat,"Also, I hate to have to say this,",34
scena/mp2010_06.dat:0x734cf,scena/mp2010_06.dat,so you'll only be able to take one shot.,41
scena/mp2010_06.dat:0x734f8,scena/mp2010_06.dat,"The memory is nearly full,",27
scena/mp2010_06.dat:0x73523,scena/mp2010_06.dat,"So, please try to make it count.",33
scena/mp2010_06.dat:0x73553,scena/mp2010_06.dat,"Heh, okay... Kinda feeling the pressure now.",45
scena/mp2010_06.dat:0x7359b,scena/mp2010_06.dat,"Hmph, just part of the job.",28
scena/mp2010_06.dat:0x735d3,scena/mp2010_06.dat,when you're a bracer.,22
scena/mp2010_06.dat:0x735e9,scena/mp2010_06.dat,"Well, that's just part of the job",34
scena/mp2010_06.dat:0x73627,scena/mp2010_06.dat,"Good luck, Estelle~",20
scena/mp2010_06.dat:0x73670,scena/mp2010_06.dat,through the plan once more...,30
scena/mp2010_06.dat:0x7368e,scena/mp2010_06.dat,"Okay, let's just run",21
scena/mp2010_06.dat:0x736b2,scena/mp2010_06.dat,the Sapphirl Tower and take a photo of the device.,51
scena/mp2010_06.dat:0x736e5,scena/mp2010_06.dat,We need to head up to the rooftop of,37
scena/mp2010_06.dat:0x7371a,scena/mp2010_06.dat,there's only enough memory for one picture.,44
scena/mp2010_06.dat:0x73746,scena/mp2010_06.dat,We also need to be careful because,35
scena/mp2010_06.dat:0x73787,scena/mp2010_06.dat,"and hand over the camera, right?",33
scena/mp2010_06.dat:0x737a8,scena/mp2010_06.dat,"Once we're done, we head back here",35
scena/mp2010_06.dat:0x737ed,scena/mp2010_06.dat,"Yes, that's right.",19
scena/mp2010_06.dat:0x73814,scena/mp2010_06.dat,"Ah, just one more thing...",27
scena/mp2010_06.dat:0x7385b,scena/mp2010_06.dat," keep it simple, okay?",23
scena/mp2010_06.dat:0x73881,scena/mp2010_06.dat,so try to take it from the front if possible.,46
scena/mp2010_06.dat:0x738af,scena/mp2010_06.dat,"The photo is for reference,",28
scena/mp2010_06.dat:0x738da,scena/mp2010_06.dat,"Avoid fancy angles and keep it simple, right?",46
scena/mp2010_06.dat:0x7391c,scena/mp2010_06.dat,"Gotcha, no problem.",20
scena/mp2010_06.dat:0x73944,scena/mp2010_06.dat,"Be careful out there, okay?",28
scena/mp2010_06.dat:0x73960,scena/mp2010_06.dat,I look forward to seeing your photo.,37
scena/mp2010_06.dat:0x739b7,scena/mp2010_06.dat,Obtained ,10
scena/mp2010_06.dat:0x739c1,scena/mp2010_06.dat,Ask about the request,22
scena/mp2010_06.dat:0x739d7,scena/mp2010_06.dat,Not right now,14
scena/mp2010_06.dat:0x73a11,scena/mp2010_06.dat,I've been waiting for you.,27
scena/mp2010_06.dat:0x73a2c,scena/mp2010_06.dat,"Oh, welcome back!",18
scena/mp2010_06.dat:0x73a4d,scena/mp2010_06.dat,Did you manage to take the photo?,34
scena/mp2010_06.dat:0x73a7e,scena/mp2010_06.dat,Yep! Easy as pie!,18
scena/mp2010_06.dat:0x73aa3,scena/mp2010_06.dat,Let me give you your camera back.,34
scena/mp2010_06.dat:0x73ac5,scena/mp2010_06.dat,"Ah, but before I forget!",25
scena/mp2010_06.dat:0x73b0d,scena/mp2010_06.dat,Returned ,10
scena/mp2010_06.dat:0x73b37,scena/mp2010_06.dat,...Mhm. Everything appears to be in order.,43
scena/mp2010_06.dat:0x73b72,scena/mp2010_06.dat,"Well then, let's go.",21
scena/mp2010_06.dat:0x73bb1,scena/mp2010_06.dat,Go...? Where to?,17
scena/mp2010_06.dat:0x73bd5,scena/mp2010_06.dat,"To the orbment factory, of course!",35
scena/mp2010_06.dat:0x73c13,scena/mp2010_06.dat,"We need to get the photo developed, right?",43
scena/mp2010_06.dat:0x73c4d,scena/mp2010_06.dat,"Ah, I see!",11
scena/mp2010_06.dat:0x73c6b,scena/mp2010_06.dat,Okay. Let's get moving then!,29
scena/mp2010_06.dat:0x73cae,scena/mp2010_06.dat,Returned ,10
scena/mp2010_06.dat:0x73d4b,scena/mp2010_06.dat,Young Man's Voice,18
scena/mp2010_06.dat:0x73d5d,scena/mp2010_06.dat,"Oh! H-Hey, you there!",22
scena/mp2010_06.dat:0x73df5,scena/mp2010_06.dat,*Huff* *Huff*...,17
scena/mp2010_06.dat:0x73e22,scena/mp2010_06.dat,"Y-You're bracers, aren't you?",30
scena/mp2010_06.dat:0x73e53,scena/mp2010_06.dat,We are... What can we do for you?,34
scena/mp2010_06.dat:0x73e84,scena/mp2010_06.dat,You seem to be in a hurry.,27
scena/mp2010_06.dat:0x73eae,scena/mp2010_06.dat,you to look into urgently...,29
scena/mp2010_06.dat:0x73ecb,scena/mp2010_06.dat,Th-There's something I'd like,30
scena/mp2010_06.dat:0x73ef8,scena/mp2010_06.dat,Can you come with me right away?,33
scena/mp2010_06.dat:0x73f28,scena/mp2010_06.dat,"Hey, wait. It's you guys...",28
scena/mp2010_06.dat:0x73f53,scena/mp2010_06.dat,Wait... Have you decided to help my investigation?,51
scena/mp2010_06.dat:0x73fbc,scena/mp2010_06.dat,"Sure, we can help you.",23
scena/mp2010_06.dat:0x73ff2,scena/mp2010_06.dat,Thank you. I won't forget this.,32
scena/mp2010_06.dat:0x7402e,scena/mp2010_06.dat,"So, where are we headin'?",26
scena/mp2010_06.dat:0x74057,scena/mp2010_06.dat,"Now, where would you like us to go?",36
scena/mp2010_06.dat:0x7408a,scena/mp2010_06.dat,on the top floor of this hotel.,32
scena/mp2010_06.dat:0x740aa,scena/mp2010_06.dat,To the campaign office run by Norman,37
scena/mp2010_06.dat:0x740f2,scena/mp2010_06.dat,I'll show you the way.,23
scena/mp2010_06.dat:0x7411d,scena/mp2010_06.dat,by Norman as his campaign office.,34
scena/mp2010_06.dat:0x7413f,scena/mp2010_06.dat,This room is currently being used,34
scena/mp2010_06.dat:0x74190,scena/mp2010_06.dat,"Please, make your way inside.",30
scena/mp2010_06.dat:0x741eb,scena/mp2010_06.dat,"Um, actually, I'm sorry...",27
scena/mp2010_06.dat:0x7421b,scena/mp2010_06.dat,We're just about to leave for another region.,46
scena/mp2010_06.dat:0x7425d,scena/mp2010_06.dat,"Oh, I see...",13
scena/mp2010_06.dat:0x74279,scena/mp2010_06.dat,You contact the guild yet?,27
scena/mp2010_06.dat:0x742a3,scena/mp2010_06.dat,Have you contacted the guild already?,38
scena/mp2010_06.dat:0x742d8,scena/mp2010_06.dat,"Ah, yes. I just did so now.",28
scena/mp2010_06.dat:0x74308,scena/mp2010_06.dat,I'll wait for other bracers to come.,37
scena/mp2010_06.dat:0x7432d,scena/mp2010_06.dat,"Okay, I understand.",20
scena/mp2010_06.dat:0x74356,scena/mp2010_06.dat,I'm really sorry.,18
scena/mp2010_06.dat:0x74385,scena/mp2010_06.dat,"Pay it no mind. We're both busy, it seems.",43
scena/mp2010_06.dat:0x743c4,scena/mp2010_06.dat,"Now, if you'll excuse me.",26
scena/mp2010_06.dat:0x7440f,scena/mp2010_06.dat,"I'm afraid we can't, after all.",32
scena/mp2010_06.dat:0x74442,scena/mp2010_06.dat,I-Is that so...?,17
scena/mp2010_06.dat:0x74462,scena/mp2010_06.dat,I'll wait for other bracers to come.,37
scena/mp2010_06.dat:0x74487,scena/mp2010_06.dat,"Okay, I understand.",20
scena/mp2010_06.dat:0x744ef,scena/mp2010_06.dat,"It's not me, alright?!",23
scena/mp2010_06.dat:0x74506,scena/mp2010_06.dat,How many times do I need to tell you?!,39
scena/mp2010_06.dat:0x7453d,scena/mp2010_06.dat,"I have things to do, too!",26
scena/mp2010_06.dat:0x74557,scena/mp2010_06.dat,Please just let me go home!,28
scena/mp2010_06.dat:0x74582,scena/mp2010_06.dat,"Now, now. Settle down.",23
scena/mp2010_06.dat:0x745a9,scena/mp2010_06.dat,You can go as soon as they finish investigating.,49
scena/mp2010_06.dat:0x745da,scena/mp2010_06.dat,Just be patient until the bracers arrive.,42
scena/mp2010_06.dat:0x7464f,scena/mp2010_06.dat,They're here already.,22
scena/mp2010_06.dat:0x74665,scena/mp2010_06.dat,Oh! What did I tell you?,25
scena/mp2010_06.dat:0x746ec,scena/mp2010_06.dat,"Well now, Herio. That certainly was fast.",42
scena/mp2010_06.dat:0x7472a,scena/mp2010_06.dat,pass some bracers nearby.,26
scena/mp2010_06.dat:0x74744,scena/mp2010_06.dat,"Yes, I was lucky enough to",27
scena/mp2010_06.dat:0x7476e,scena/mp2010_06.dat,This is Norman.,16
scena/mp2010_06.dat:0x7478d,scena/mp2010_06.dat,on the posters around town.,28
scena/mp2010_06.dat:0x747a9,scena/mp2010_06.dat,I'm sure you've seen his face,30
scena/mp2010_06.dat:0x747d6,scena/mp2010_06.dat,"Oh, the mayoral candidate, right?",34
scena/mp2010_06.dat:0x7480c,scena/mp2010_06.dat,"I'm Estelle Bright, a bracer.",30
scena/mp2010_06.dat:0x7483e,scena/mp2010_06.dat,"And I'm Agate Crosner, also a bracer.",38
scena/mp2010_06.dat:0x74878,scena/mp2010_06.dat,Let's cut to the chase. What's going on?,41
scena/mp2010_06.dat:0x748b5,scena/mp2010_06.dat,"And I'm Scherazard Harvey, also a bracer.",42
scena/mp2010_06.dat:0x748f3,scena/mp2010_06.dat,Can you tell us what's going on?,33
scena/mp2010_06.dat:0x74928,scena/mp2010_06.dat,attacked by some unknown party.,32
scena/mp2010_06.dat:0x74948,scena/mp2010_06.dat,My campaign worker Dels was,28
scena/mp2010_06.dat:0x74974,scena/mp2010_06.dat,"In other words, it was an assault.",35
scena/mp2010_06.dat:0x749a6,scena/mp2010_06.dat,"Oh, wow... That sounds serious.",32
scena/mp2010_06.dat:0x749d9,scena/mp2010_06.dat,Is the victim okay?,20
scena/mp2010_06.dat:0x74a1a,scena/mp2010_06.dat,"Yes, he's right here.",22
scena/mp2010_06.dat:0x74a44,scena/mp2010_06.dat,but luckily he's suffered no major injuries.,45
scena/mp2010_06.dat:0x74a71,scena/mp2010_06.dat,"He was unconscious until a little while ago,",45
scena/mp2010_06.dat:0x74ab3,scena/mp2010_06.dat,"I see... Well, that's good to hear.",36
scena/mp2010_06.dat:0x74afa,scena/mp2010_06.dat,It's not good at all!,22
scena/mp2010_06.dat:0x74b1f,scena/mp2010_06.dat,a melon and it's still throbbing...,36
scena/mp2010_06.dat:0x74b43,scena/mp2010_06.dat,The back of my head is swollen like,36
scena/mp2010_06.dat:0x74b87,scena/mp2010_06.dat,Huh? The back of your head...?,31
scena/mp2010_06.dat:0x74bbd,scena/mp2010_06.dat,Don't tell me you were attacked from behind?,45
scena/mp2010_06.dat:0x74c0e,scena/mp2010_06.dat,"That's right. It happened so fast, too.",40
scena/mp2010_06.dat:0x74c50,scena/mp2010_06.dat,and then all of a sudden...WHAM!,33
scena/mp2010_06.dat:0x74c71,scena/mp2010_06.dat,"I was taking a break on the balcony,",37
scena/mp2010_06.dat:0x74cb5,scena/mp2010_06.dat,That's pretty messed up...,27
scena/mp2010_06.dat:0x74cdf,scena/mp2010_06.dat,That's pretty malicious...,27
scena/mp2010_06.dat:0x74d09,scena/mp2010_06.dat,Y-Yikes... Sounds like it hurt.,32
scena/mp2010_06.dat:0x74d39,scena/mp2010_06.dat,When did the attack go down?,29
scena/mp2010_06.dat:0x74d84,scena/mp2010_06.dat,Give us the before and after.,30
scena/mp2010_06.dat:0x74db6,scena/mp2010_06.dat,When did the attack occur?,27
scena/mp2010_06.dat:0x74dff,scena/mp2010_06.dat,"and after, that would help, too.",33
scena/mp2010_06.dat:0x74e20,scena/mp2010_06.dat,If you could elaborate on the before,37
scena/mp2010_06.dat:0x74e59,scena/mp2010_06.dat,"Right. It was just after lunch, this afternoon.",48
scena/mp2010_06.dat:0x74ea9,scena/mp2010_06.dat,out a spot for his next campaign speech...,43
scena/mp2010_06.dat:0x74ed4,scena/mp2010_06.dat,"Norman and I were on the bridge, scoping",41
scena/mp2010_06.dat:0x74f19,scena/mp2010_06.dat,"That's when this man, Kooper, arrived on the scene.",52
scena/mp2010_06.dat:0x74f61,scena/mp2010_06.dat,business with Norman.,22
scena/mp2010_06.dat:0x74f77,scena/mp2010_06.dat,He said that he had important,30
scena/mp2010_06.dat:0x74fa9,scena/mp2010_06.dat,...What kind of business?,26
scena/mp2010_06.dat:0x74fda,scena/mp2010_06.dat,for the disturbance on the bridge.,35
scena/mp2010_06.dat:0x74ffd,scena/mp2010_06.dat,Portos told me to go and apologize,35
scena/mp2010_06.dat:0x7503d,scena/mp2010_06.dat,it's true that I helped fan the flames.,40
scena/mp2010_06.dat:0x75065,scena/mp2010_06.dat,"I'm not the only one to blame, but",35
scena/mp2010_06.dat:0x7509c,scena/mp2010_06.dat,apologies for that incident.,29
scena/mp2010_06.dat:0x750b9,scena/mp2010_06.dat,I see. So you've come to offer your,36
scena/mp2010_06.dat:0x750f4,scena/mp2010_06.dat,Norman was busy with other things.,35
scena/mp2010_06.dat:0x75117,scena/mp2010_06.dat,"Exactly. But when he showed up,",32
scena/mp2010_06.dat:0x7514b,scena/mp2010_06.dat,would wait for him at the office.,34
scena/mp2010_06.dat:0x7516d,scena/mp2010_06.dat,And so we decided that Kooper,30
scena/mp2010_06.dat:0x751a0,scena/mp2010_06.dat,I was the one who led him to this room.,40
scena/mp2010_06.dat:0x751dc,scena/mp2010_06.dat,the hotel shortly afterward.,29
scena/mp2010_06.dat:0x751f9,scena/mp2010_06.dat,Yes. I then arrived back at,28
scena/mp2010_06.dat:0x75243,scena/mp2010_06.dat,and when we went inside together...,36
scena/mp2010_06.dat:0x75267,scena/mp2010_06.dat,"Herio was waiting for me in front of the room,",47
scena/mp2010_06.dat:0x752aa,scena/mp2010_06.dat,Dels here was lying unconscious on the balcony.,48
scena/mp2010_06.dat:0x752e9,scena/mp2010_06.dat,And next to him...,19
scena/mp2010_06.dat:0x7532b,scena/mp2010_06.dat,Kooper was standing there.,27
scena/mp2010_06.dat:0x75376,scena/mp2010_06.dat, that doesn't make me the culprit!,35
scena/mp2010_06.dat:0x75399,scena/mp2010_06.dat,Sweet Goddess above! I've said a thousand times,48
scena/mp2010_06.dat:0x753ec,scena/mp2010_06.dat,this guy was already lying there!,34
scena/mp2010_06.dat:0x7540e,scena/mp2010_06.dat,"When I went out on the balcony,",32
scena/mp2010_06.dat:0x7543d,scena/mp2010_06.dat,but it's only natural that we suspect you.,43
scena/mp2010_06.dat:0x75468,scena/mp2010_06.dat,"Kooper, I understand how you feel,",35
scena/mp2010_06.dat:0x754a7,scena/mp2010_06.dat,and Dels went into this room.,30
scena/mp2010_06.dat:0x754c5,scena/mp2010_06.dat,"After all, no one else besides you",35
scena/mp2010_06.dat:0x754f7,scena/mp2010_06.dat,Are you sure about that?,25
scena/mp2010_06.dat:0x75527,scena/mp2010_06.dat,guard outside the door the whole time.,39
scena/mp2010_06.dat:0x7554e,scena/mp2010_06.dat,"After bringing Kooper here, I stood",36
scena/mp2010_06.dat:0x755a4,scena/mp2010_06.dat,"arrived, I didn't let anyone in.",33
scena/mp2010_06.dat:0x755c5,scena/mp2010_06.dat,"And of course, until Norman",28
scena/mp2010_06.dat:0x755f8,scena/mp2010_06.dat,they were the only two people here.,36
scena/mp2010_06.dat:0x7561c,scena/mp2010_06.dat,"No matter how you look at it,",30
scena/mp2010_06.dat:0x75649,scena/mp2010_06.dat,...He right about that?,24
scena/mp2010_06.dat:0x75675,scena/mp2010_06.dat,...Is what he said correct?,28
scena/mp2010_06.dat:0x756b5,scena/mp2010_06.dat,"Y-Yeah, but... What I said is true, too!",41
scena/mp2010_06.dat:0x756f3,scena/mp2010_06.dat,Dels was already lying there.,30
scena/mp2010_06.dat:0x75711,scena/mp2010_06.dat,"When I went out on the balcony,",32
scena/mp2010_06.dat:0x75740,scena/mp2010_06.dat,Let's sum this up.,19
scena/mp2010_06.dat:0x75763,scena/mp2010_06.dat,"before you came here, right?",29
scena/mp2010_06.dat:0x75780,scena/mp2010_06.dat,You're saying that the assault occurred,40
scena/mp2010_06.dat:0x757b7,scena/mp2010_06.dat,So what you're suggesting is this.,35
scena/mp2010_06.dat:0x757ea,scena/mp2010_06.dat,you came here. Is that it?,27
scena/mp2010_06.dat:0x75805,scena/mp2010_06.dat,The crime occurred before,26
scena/mp2010_06.dat:0x7583b,scena/mp2010_06.dat,You bet it is!,15
scena/mp2010_06.dat:0x7586d,scena/mp2010_06.dat,Thank goodness someone reasonable is here.,43
scena/mp2010_06.dat:0x758ad,scena/mp2010_06.dat,"room before you got here, Kooper...",36
scena/mp2010_06.dat:0x758d1,scena/mp2010_06.dat,That would mean someone came into this,39
scena/mp2010_06.dat:0x7590a,scena/mp2010_06.dat,"...Dels, do you have any ideas?",32
scena/mp2010_06.dat:0x7593e,scena/mp2010_06.dat,"Well, I DO think someone came, but...",38
scena/mp2010_06.dat:0x7597e,scena/mp2010_06.dat,I didn't really pay attention.,31
scena/mp2010_06.dat:0x7599d,scena/mp2010_06.dat,Lots of people come in and out of this office.,47
scena/mp2010_06.dat:0x759e1,scena/mp2010_06.dat,"It's a campaign office, after all.",35
scena/mp2010_06.dat:0x75a04,scena/mp2010_06.dat,"Oh, I guess that makes sense...",32
scena/mp2010_06.dat:0x75a52,scena/mp2010_06.dat,"...Alright, the picture's a bit clearer to me now.",51
scena/mp2010_06.dat:0x75aa4,scena/mp2010_06.dat,There are two suspects.,24
scena/mp2010_06.dat:0x75ade,scena/mp2010_06.dat,who came in the room before him.,33
scena/mp2010_06.dat:0x75aff,scena/mp2010_06.dat,"It's either this guy Kooper, or someone",40
scena/mp2010_06.dat:0x75b58,scena/mp2010_06.dat,the avenues for investigation.,31
scena/mp2010_06.dat:0x75b77,scena/mp2010_06.dat,...I think we've established,29
scena/mp2010_06.dat:0x75bb3,scena/mp2010_06.dat,There are two suspects.,24
scena/mp2010_06.dat:0x75bed,scena/mp2010_06.dat,who came in the room before him.,33
scena/mp2010_06.dat:0x75c0e,scena/mp2010_06.dat,"Our friend Kooper here, or someone",35
scena/mp2010_06.dat:0x75c48,scena/mp2010_06.dat,Now we just need proof...,26
scena/mp2010_06.dat:0x75c76,scena/mp2010_06.dat,Should we start questioning the witnesses?,43
scena/mp2010_06.dat:0x75ca1,scena/mp2010_06.dat,"So, what's the plan?",21
scena/mp2010_06.dat:0x75cd1,scena/mp2010_06.dat,As long as there's nothing else to learn.,42
scena/mp2010_06.dat:0x75d0f,scena/mp2010_06.dat,"to add, spit it out now.",25
scena/mp2010_06.dat:0x75d28,scena/mp2010_06.dat,...If you've got something,27
scena/mp2010_06.dat:0x75d52,scena/mp2010_06.dat,Even if it's something small.,30
scena/mp2010_06.dat:0x75d8a,scena/mp2010_06.dat,"nothing else to learn, that is.",32
scena/mp2010_06.dat:0x75daa,scena/mp2010_06.dat,Yes. As long as there's,24
scena/mp2010_06.dat:0x75dd6,scena/mp2010_06.dat,"we've missed, please tell us now.",34
scena/mp2010_06.dat:0x75df8,scena/mp2010_06.dat,...If there's any other detail,31
scena/mp2010_06.dat:0x75e26,scena/mp2010_06.dat,It doesn't have to be major.,29
scena/mp2010_06.dat:0x75e5d,scena/mp2010_06.dat,"Well, in that case, there was one thing...",43
scena/mp2010_06.dat:0x75e98,scena/mp2010_06.dat,something struck me as odd.,28
scena/mp2010_06.dat:0x75eb4,scena/mp2010_06.dat,"When I saw the room after the incident,",40
scena/mp2010_06.dat:0x75eeb,scena/mp2010_06.dat,Had someone been rummaging through things?,43
scena/mp2010_06.dat:0x75f2a,scena/mp2010_06.dat,"No, the opposite.",18
scena/mp2010_06.dat:0x75f5c,scena/mp2010_06.dat,tidier than it had been before.,32
scena/mp2010_06.dat:0x75f7c,scena/mp2010_06.dat,It was as if the room was,26
scena/mp2010_06.dat:0x75fb7,scena/mp2010_06.dat,Really? What could this mean?!,31
scena/mp2010_06.dat:0x75fef,scena/mp2010_06.dat,to hide the fact that they searched the room.,46
scena/mp2010_06.dat:0x7601d,scena/mp2010_06.dat,"Hmm... Well, I would suggest someone was trying",48
scena/mp2010_06.dat:0x7605d,scena/mp2010_06.dat,"look normal, it only invites suspicion instead.",48
scena/mp2010_06.dat:0x7608d,scena/mp2010_06.dat,"But of course, if you go too far to make things",48
scena/mp2010_06.dat:0x760f4,scena/mp2010_06.dat,"My, that is certainly an interesting thought...",48
scena/mp2010_06.dat:0x7613b,scena/mp2010_06.dat,"...By the way, who are you?",28
scena/mp2010_06.dat:0x76182,scena/mp2010_06.dat,Heh... I've been waiting for you to ask.,41
scena/mp2010_06.dat:0x7620a,scena/mp2010_06.dat,"that seems unlikely, doesn't it?",33
scena/mp2010_06.dat:0x7622b,scena/mp2010_06.dat,"Still, if nothing was stolen,",30
scena/mp2010_06.dat:0x76258,scena/mp2010_06.dat,thinking about the motive yet.,31
scena/mp2010_06.dat:0x76277,scena/mp2010_06.dat,We don't know enough to start,30
scena/mp2010_06.dat:0x762af,scena/mp2010_06.dat,"Yeah, I agree.",15
scena/mp2010_06.dat:0x762ce,scena/mp2010_06.dat,"Yes, I agree.",14
scena/mp2010_06.dat:0x76327,scena/mp2010_06.dat,Your fortitude has become quite formidable.,44
scena/mp2010_06.dat:0x7636d,scena/mp2010_06.dat,I suppose the training at Le Locle paid off.,45
scena/mp2010_06.dat:0x763b7,scena/mp2010_06.dat,"O-Oh, Olivier...",17
scena/mp2010_06.dat:0x763d8,scena/mp2010_06.dat,when he's acting like this.,28
scena/mp2010_06.dat:0x763f4,scena/mp2010_06.dat,It's best to ignore him,24
scena/mp2010_06.dat:0x7641c,scena/mp2010_06.dat,let's start interviewing the other witnesses.,46
scena/mp2010_06.dat:0x7644a,scena/mp2010_06.dat,"Anyway, if there are no questions left,",40
scena/mp2010_06.dat:0x764a4,scena/mp2010_06.dat,(She's gettin' the hang of dealing with him...),48
scena/mp2010_06.dat:0x76507,scena/mp2010_06.dat,"(Wow, she's learned how to handle Olivier, too...)",51
scena/mp2010_06.dat:0x76559,scena/mp2010_06.dat,you to your investigation.,27
scena/mp2010_06.dat:0x76574,scena/mp2010_06.dat,"In that case, I'll leave",25
scena/mp2010_06.dat:0x765c3,scena/mp2010_06.dat,We'll report back when we've figured things out.,49
scena/mp2010_06.dat:0x76608,scena/mp2010_06.dat,we've reached a conclusion.,28
scena/mp2010_06.dat:0x76624,scena/mp2010_06.dat,We'll report back once,23
scena/mp2010_06.dat:0x7664f,scena/mp2010_06.dat,Right. I'm counting on you.,28
scena/mp2010_06.dat:0x76701,scena/mp2010_06.dat,It sure is a big hotel.,24
scena/mp2010_06.dat:0x76719,scena/mp2010_06.dat,"Now, then. How should we cover this place?",43
scena/mp2010_06.dat:0x76753,scena/mp2010_06.dat,Splitting up into pairs would be best.,39
scena/mp2010_06.dat:0x7678f,scena/mp2010_06.dat,I'll go with the bonehead.,27
scena/mp2010_06.dat:0x767aa,scena/mp2010_06.dat,You take the princess.,23
scena/mp2010_06.dat:0x767d4,scena/mp2010_06.dat,Let's put them to work. ,25
scena/mp2010_06.dat:0x767ed,scena/mp2010_06.dat,"After all, they're both our official assistants now.",53
scena/mp2010_06.dat:0x76835,scena/mp2010_06.dat,It would be best to split up into pairs.,41
scena/mp2010_06.dat:0x76873,scena/mp2010_06.dat,I'll go with Olivier.,22
scena/mp2010_06.dat:0x76889,scena/mp2010_06.dat,"You take Her Highness, Estelle.",32
scena/mp2010_06.dat:0x768bc,scena/mp2010_06.dat,it's time we put them to work.,31
scena/mp2010_06.dat:0x768db,scena/mp2010_06.dat,"Since they're our official assistants now,",43
scena/mp2010_06.dat:0x76919,scena/mp2010_06.dat,"Oh, that's right...",20
scena/mp2010_06.dat:0x7694a,scena/mp2010_06.dat,"Yeah, we're counting on you, okay?",35
scena/mp2010_06.dat:0x7697c,scena/mp2010_06.dat,Hehe. The pleasure is mine.,28
scena/mp2010_06.dat:0x769a8,scena/mp2010_06.dat,Heh. I was born to assist.,27
scena/mp2010_06.dat:0x769d3,scena/mp2010_06.dat,Nothing keeps you down for long does it?,41
scena/mp2010_06.dat:0x76a10,scena/mp2010_06.dat,info on the suspects.,22
scena/mp2010_06.dat:0x76a26,scena/mp2010_06.dat,"Listen up. First, let's gather",31
scena/mp2010_06.dat:0x76a84,scena/mp2010_06.dat,I'm sure something will come up.,33
scena/mp2010_06.dat:0x76aa5,scena/mp2010_06.dat,"If we ask people in the office <C2>about Kooper<C0>,",53
scena/mp2010_06.dat:0x76ae9,scena/mp2010_06.dat,to talk to people who might know more.,39
scena/mp2010_06.dat:0x76b10,scena/mp2010_06.dat,"If you hear anything new, you can move on",42
scena/mp2010_06.dat:0x76b5c,scena/mp2010_06.dat,"If you get conclusive proof, then come find me.",48
scena/mp2010_06.dat:0x76b9b,scena/mp2010_06.dat,gather info on the suspects.,29
scena/mp2010_06.dat:0x76bb8,scena/mp2010_06.dat,"Are we ready? First, we'll",27
scena/mp2010_06.dat:0x76c12,scena/mp2010_06.dat,something is likely to come up.,32
scena/mp2010_06.dat:0x76c32,scena/mp2010_06.dat,"If we ask people in the office <C2>about Kooper<C0>,",53
scena/mp2010_06.dat:0x76c76,scena/mp2010_06.dat,on to talk to people who might know more.,42
scena/mp2010_06.dat:0x76ca0,scena/mp2010_06.dat,"When you get new information, you can move",43
scena/mp2010_06.dat:0x76ced,scena/mp2010_06.dat,please come and find me.,25
scena/mp2010_06.dat:0x76d06,scena/mp2010_06.dat,"If you get conclusive proof,",29
scena/mp2010_06.dat:0x76d32,scena/mp2010_06.dat,when we learn who did it.,26
scena/mp2010_06.dat:0x76d4c,scena/mp2010_06.dat,"Alright, we'll come find you",29
scena/mp2010_06.dat:0x76d8c,scena/mp2010_06.dat,"...Let's get going, then.",26
scena/mp2010_06.dat:0x76dca,scena/mp2010_06.dat,Accept the request,19
scena/mp2010_06.dat:0x76ddd,scena/mp2010_06.dat,Not right now,14
scena/mp2010_06.dat:0x76e48,scena/mp2010_06.dat,the office staff?,18
scena/mp2010_06.dat:0x76e5a,scena/mp2010_06.dat,Have you finished questioning,30
scena/mp2010_06.dat:0x76e8b,scena/mp2010_06.dat,"Yeah, all done.",16
scena/mp2010_06.dat:0x76eba,scena/mp2010_06.dat,...How about you guys?,23
scena/mp2010_06.dat:0x76ee0,scena/mp2010_06.dat,"Yes, all finished.",19
scena/mp2010_06.dat:0x76f12,scena/mp2010_06.dat,What about you two?,20
scena/mp2010_06.dat:0x76f35,scena/mp2010_06.dat,"Um, we're getting through it.",30
scena/mp2010_06.dat:0x76f67,scena/mp2010_06.dat,Taking it slow and cautious.,29
scena/mp2010_06.dat:0x76fa3,scena/mp2010_06.dat,"...Don't slack off, got it?",28
scena/mp2010_06.dat:0x76fce,scena/mp2010_06.dat,"Well, don't let up and keep at it.",35
scena/mp2010_06.dat:0x77000,scena/mp2010_06.dat,"Sure, we'll do our best.",25
scena/mp2010_06.dat:0x772b8,scena/mp2010_06.dat,Why did you call me here?,26
scena/mp2010_06.dat:0x772d2,scena/mp2010_06.dat,Wh-What do you want?!,22
scena/mp2010_06.dat:0x772fd,scena/mp2010_06.dat,"I-I haven't done anything wrong, okay?!",40
scena/mp2010_06.dat:0x7734a,scena/mp2010_06.dat,"Come on, just relax.",21
scena/mp2010_06.dat:0x7736f,scena/mp2010_06.dat,We're not here to do you harm.,31
scena/mp2010_06.dat:0x7739d,scena/mp2010_06.dat,"Just cooperate, and you can go soon enough.",44
scena/mp2010_06.dat:0x773d8,scena/mp2010_06.dat,this will all be over soon.,28
scena/mp2010_06.dat:0x773f4,scena/mp2010_06.dat,"If you cooperate with our investigation,",41
scena/mp2010_06.dat:0x77450,scena/mp2010_06.dat,"Yeah, we want you to be honest with us.",40
scena/mp2010_06.dat:0x77488,scena/mp2010_06.dat,...Where did you go today after lunch?,39
scena/mp2010_06.dat:0x774be,scena/mp2010_06.dat,"U-Uh, I was in the basement the whole time...",46
scena/mp2010_06.dat:0x7750e,scena/mp2010_06.dat,"I'm warnin' you, punk...",25
scena/mp2010_06.dat:0x77537,scena/mp2010_06.dat,You ain't leavin' here until we hear the truth.,48
scena/mp2010_06.dat:0x77584,scena/mp2010_06.dat,"Just a little warning, but...",30
scena/mp2010_06.dat:0x775b2,scena/mp2010_06.dat,We can't let you go if you lie to us.,38
scena/mp2010_06.dat:0x7761a,scena/mp2010_06.dat,"the entire time, were you?",27
scena/mp2010_06.dat:0x77635,scena/mp2010_06.dat,You weren't really in the basement,35
scena/mp2010_06.dat:0x77674,scena/mp2010_06.dat,We know that much already.,27
scena/mp2010_06.dat:0x776cd,scena/mp2010_06.dat,then just tell us the truth.,29
scena/mp2010_06.dat:0x776ea,scena/mp2010_06.dat,"If you've got nothing to hide,",31
scena/mp2010_06.dat:0x77735,scena/mp2010_06.dat,have the guts to tell us?,26
scena/mp2010_06.dat:0x7774f,scena/mp2010_06.dat,Or is it...that you don't,26
scena/mp2010_06.dat:0x7777d,scena/mp2010_06.dat,then just tell us the truth.,29
scena/mp2010_06.dat:0x7779a,scena/mp2010_06.dat,"If you've got nothing to hide,",31
scena/mp2010_06.dat:0x777e5,scena/mp2010_06.dat,Or is it...that you lack the courage to tell us?,49
scena/mp2010_06.dat:0x77851,scena/mp2010_06.dat,O-Okay... I'll talk.,21
scena/mp2010_06.dat:0x77875,scena/mp2010_06.dat,This afternoon...after lunch...,32
scena/mp2010_06.dat:0x778a5,scena/mp2010_06.dat,The truth is...I went to the office.,37
scena/mp2010_06.dat:0x778da,scena/mp2010_06.dat,I wanted to go clean up a bit.,31
scena/mp2010_06.dat:0x77914,scena/mp2010_06.dat,To clean up...?,16
scena/mp2010_06.dat:0x7794c,scena/mp2010_06.dat,plates to the front desk was...,32
scena/mp2010_06.dat:0x7796c,scena/mp2010_06.dat,"So, the one who returned the",29
scena/mp2010_06.dat:0x7799d,scena/mp2010_06.dat,"Yeah, it was me.",17
scena/mp2010_06.dat:0x779cd,scena/mp2010_06.dat,so I thought I'd tidy up the work space.,41
scena/mp2010_06.dat:0x779f6,scena/mp2010_06.dat,"Everyone looked really busy,",29
scena/mp2010_06.dat:0x77a22,scena/mp2010_06.dat,cleaning the entire office.,28
scena/mp2010_06.dat:0x77a3e,scena/mp2010_06.dat,"And in the process, I ended up",31
scena/mp2010_06.dat:0x77a6d,scena/mp2010_06.dat,turn into such a big deal...,29
scena/mp2010_06.dat:0x77a8a,scena/mp2010_06.dat,I never imagined it would,26
scena/mp2010_06.dat:0x77adc,scena/mp2010_06.dat,H-Hold on. I'm not following you...,36
scena/mp2010_06.dat:0x77b0f,scena/mp2010_06.dat,"All you did was clean and tidy up, right?",42
scena/mp2010_06.dat:0x77b48,scena/mp2010_06.dat,What does that have to do with this?,37
scena/mp2010_06.dat:0x77b8c,scena/mp2010_06.dat,...There's more isn't there?,29
scena/mp2010_06.dat:0x77bca,scena/mp2010_06.dat,"...You know what happened, don't you?",38
scena/mp2010_06.dat:0x77c00,scena/mp2010_06.dat,"U-Uh, yeah...",14
scena/mp2010_06.dat:0x77c28,scena/mp2010_06.dat,The truth is...,16
scena/mp2010_06.dat:0x77d26,scena/mp2010_06.dat,...I see.,10
scena/mp2010_06.dat:0x77d40,scena/mp2010_06.dat,in order to do some tidying up.,32
scena/mp2010_06.dat:0x77d60,scena/mp2010_06.dat,So Belden entered this room,28
scena/mp2010_06.dat:0x77d98,scena/mp2010_06.dat,"I get that, but I'm afraid I'm still lost...",45
scena/mp2010_06.dat:0x77dd4,scena/mp2010_06.dat,have to the assault on Dels?,29
scena/mp2010_06.dat:0x77df1,scena/mp2010_06.dat,What possible relation could this,34
scena/mp2010_06.dat:0x77e22,scena/mp2010_06.dat,"Oh, it's related alright.",26
scena/mp2010_06.dat:0x77e51,scena/mp2010_06.dat,But I'll let him tell you the rest.,36
scena/mp2010_06.dat:0x77e89,scena/mp2010_06.dat,...C'mon. Out with it.,23
scena/mp2010_06.dat:0x77eaf,scena/mp2010_06.dat,...Go on. Explain yourself.,28
scena/mp2010_06.dat:0x77f27,scena/mp2010_06.dat,and was about to leave...,26
scena/mp2010_06.dat:0x77f41,scena/mp2010_06.dat,I had finished cleaning the room,33
scena/mp2010_06.dat:0x77f72,scena/mp2010_06.dat,gotten really dusty after all my cleaning.,43
scena/mp2010_06.dat:0x77f9d,scena/mp2010_06.dat,But then I realized that the room had,38
scena/mp2010_06.dat:0x77ff1,scena/mp2010_06.dat,"to let some fresh air in, but...",33
scena/mp2010_06.dat:0x78012,scena/mp2010_06.dat,I thought I'd open the balcony door,36
scena/mp2010_06.dat:0x78057,scena/mp2010_06.dat,I had a mountain of plates in both hands...,44
scena/mp2010_06.dat:0x78095,scena/mp2010_06.dat,"Th-There was nothing else I could do, so....",45
scena/mp2010_06.dat:0x78117,scena/mp2010_06.dat,I...kicked the door open.,26
scena/mp2010_06.dat:0x7821e,scena/mp2010_06.dat,D-Don't tell me...,19
scena/mp2010_06.dat:0x78246,scena/mp2010_06.dat,"Yeah, I think you've got the picture now.",42
scena/mp2010_06.dat:0x78302,scena/mp2010_06.dat,that knocked Dels out cold.,28
scena/mp2010_06.dat:0x7831e,scena/mp2010_06.dat,The door itself is the culprit,31
scena/mp2010_06.dat:0x7837c,scena/mp2010_06.dat,with the back of your head.,28
scena/mp2010_06.dat:0x78398,scena/mp2010_06.dat,"When it burst open, it collided",32
scena/mp2010_06.dat:0x783c7,scena/mp2010_06.dat,"In other words, this was a case of unlucky timing.",51
scena/mp2010_06.dat:0x7840a,scena/mp2010_06.dat,Which means this was a case of unlucky timing.,47
scena/mp2010_06.dat:0x7853d,scena/mp2010_06.dat,"What?! Wait, then...",21
scena/mp2010_06.dat:0x7856d,scena/mp2010_06.dat,"Basically, it means I'm innocent, right?",41
scena/mp2010_06.dat:0x785bd,scena/mp2010_06.dat,"Hmm... Yes, so it seems.",25
scena/mp2010_06.dat:0x785f9,scena/mp2010_06.dat,I've finally cleared my name.,30
scena/mp2010_06.dat:0x78617,scena/mp2010_06.dat,Phew! What a huge relief!,26
scena/mp2010_06.dat:0x78641,scena/mp2010_06.dat,"Still, what a fuss this has become...",38
scena/mp2010_06.dat:0x78684,scena/mp2010_06.dat,clean in the first place?,26
scena/mp2010_06.dat:0x7869e,scena/mp2010_06.dat,Why didn't you just come,25
scena/mp2010_06.dat:0x786c6,scena/mp2010_06.dat,such a big deal out of things.,31
scena/mp2010_06.dat:0x786e5,scena/mp2010_06.dat,"If you had, we wouldn't have made",34
scena/mp2010_06.dat:0x78716,scena/mp2010_06.dat,I-I'm sorry...,15
scena/mp2010_06.dat:0x78738,scena/mp2010_06.dat,but maybe you should let him off easy?,39
scena/mp2010_06.dat:0x7875f,scena/mp2010_06.dat,"Well, I suppose that's true,",29
scena/mp2010_06.dat:0x7878b,scena/mp2010_06.dat,He had the courage to tell the truth in the end.,49
scena/mp2010_06.dat:0x787e5,scena/mp2010_06.dat,"Yeah, as the victim, I'm ready to forgive him.",47
scena/mp2010_06.dat:0x78840,scena/mp2010_06.dat,a good deed. It just got out of hand.,38
scena/mp2010_06.dat:0x78866,scena/mp2010_06.dat,It's clear that he was trying to do,36
scena/mp2010_06.dat:0x78899,scena/mp2010_06.dat,more careful when opening the door...,38
scena/mp2010_06.dat:0x788bf,scena/mp2010_06.dat,"Although, I wish he would have been",36
scena/mp2010_06.dat:0x78909,scena/mp2010_06.dat,"I'm really sorry, Dels...",26
scena/mp2010_06.dat:0x7893f,scena/mp2010_06.dat,took the blame because of me.,30
scena/mp2010_06.dat:0x7895d,scena/mp2010_06.dat,"And you too, Kooper. You almost",32
scena/mp2010_06.dat:0x78991,scena/mp2010_06.dat,"Eh, don'tcha worry about me.",29
scena/mp2010_06.dat:0x789c2,scena/mp2010_06.dat,That's all I care about.,25
scena/mp2010_06.dat:0x789db,scena/mp2010_06.dat,My name's been cleared and now I'm a free man.,47
scena/mp2010_06.dat:0x78a39,scena/mp2010_06.dat,Heh. I guess we can cross this one off the list.,49
scena/mp2010_06.dat:0x78a79,scena/mp2010_06.dat,"Yes, it appears so.",20
scena/mp2010_06.dat:0x78aac,scena/mp2010_06.dat,"That leaves you, Belden...",27
scena/mp2010_06.dat:0x78ad7,scena/mp2010_06.dat,whether you learn your lesson.,31
scena/mp2010_06.dat:0x78af6,scena/mp2010_06.dat,Everything is riding on,24
scena/mp2010_06.dat:0x78b3b,scena/mp2010_06.dat,Got the message? Don't let me down.,36
scena/mp2010_06.dat:0x78b7e,scena/mp2010_06.dat,"...Well, that about does it for our report.",44
scena/mp2010_06.dat:0x78bb9,scena/mp2010_06.dat,...And that concludes our report.,34
scena/mp2010_06.dat:0x78bea,scena/mp2010_06.dat,Bracers... I'm sorry for what took place today.,48
scena/mp2010_06.dat:0x78c35,scena/mp2010_06.dat,time with a complete farce.,28
scena/mp2010_06.dat:0x78c51,scena/mp2010_06.dat,"In the end, I wasted your",26
scena/mp2010_06.dat:0x78c7a,scena/mp2010_06.dat,"Oh, don't worry about it.",26
scena/mp2010_06.dat:0x78cb3,scena/mp2010_06.dat,"It's just part of the job, after all.",38
scena/mp2010_06.dat:0x78ce8,scena/mp2010_06.dat,"Alright then, we're outta here.",32
scena/mp2010_06.dat:0x78d17,scena/mp2010_06.dat,"Well, we'll be going then.",27
scena/mp2010_06.dat:0x78d41,scena/mp2010_06.dat,Thank you very much.,21
scena/mp2010_06.dat:0x78d56,scena/mp2010_06.dat,From the bottom of my heart...,31
scena/mp2010_06.dat:0x78d89,scena/mp2010_06.dat,"Once again, accept my sincere apology.",39
scena/mp2010_06.dat:0x78dcb,scena/mp2010_06.dat,"Take care, guys!",17
