offset,file,entry_idx,ptr_idx,text_en,byte_budget,speaker_code
AREAD001.DAT:7:2,AREAD001.DAT,7,2,"[14][C1]@""You mean, if we[01]follow this, we can[01]get to the mainland?[02][14][81]ARight, Poko?""",78,[14][C1]
AREAD001.DAT:7:7,AREAD001.DAT,7,7,"[14][02][02]""Heh heh...[02]She says we will be[01]in a great deal of[02]trouble should the[01]sun go down before[01]we reach land.""",108,[14][02]
AREAD001.DAT:7:8,AREAD001.DAT,7,8,"[14][03][01]""Uh-oh! It's getting[01]dark!""",31,[14][03]
AREAD001.DAT:7:9,AREAD001.DAT,7,9,"[14][04][03]""This isn't good...[01]It's getting dark.""",43,[14][04]
AREAD001.DAT:7:10,AREAD001.DAT,7,10,"[14][05][04]""Looks like we'd[01]better hurry.""",35,[14][05]
AREAD001.DAT:7:14,AREAD001.DAT,7,14,"[0C][02][14][87]A""Hmmm...""[02][14][C1]@""Looks like this is[01]as far as we can get[01]today.""",67,
AREAD001.DAT:7:15,AREAD001.DAT,7,15,"[0C][02][14][C2]@""Drat! It's too dark[01]to even see the path.[02]Guess we're stuck[01]here until morning.""",87,
AREAD001.DAT:7:16,AREAD001.DAT,7,16,"[0C][02][14][C4]@""It's too dark. We[01]should stop here and[01]wait until morning.""",66,
AREAD001.DAT:7:17,AREAD001.DAT,7,17,"[0C][02][14][C5]@""[04][05] tells me...""[02][14][86]E""It's too dark to[01]continue--looks like[01]we're stuck here.""",83,
AREAD001.DAT:7:18,AREAD001.DAT,7,18,"[14][85]D""I wonder how much[01]further we have to[01]go?""",46,[14][85]
AREAD001.DAT:7:19,AREAD001.DAT,7,19,"[14][C2]@""We can't afford[01]to waste our time[02]sitting around like[01]this!""",65,[14][C2]
AREAD001.DAT:7:21,AREAD001.DAT,7,21,"[14][C2]@""I guess you're[01]right...""",29,[14][C2]
AREAD001.DAT:7:22,AREAD001.DAT,7,22,"[0C][06][14][88]A""[04][02]...[0B]The[01]road!!""",24,
AREAD001.DAT:7:24,AREAD001.DAT,7,24,"[0C][05][14][09][04]""We shouldn't have[01]stopped![02]We should've kept[01]going through the[01]night,[02]no matter how risky[01]it was!""",105,
AREAD001.DAT:7:25,AREAD001.DAT,7,25,"[0C][06][14][8A]A""I'm sorry, [04][02].[01]It's my fault...[02]If I hadn't suggested[01]we rest for the[01]night...""",86,
AREAD001.DAT:7:28,AREAD001.DAT,7,28,"[0C][06][14][C1]@""C-come on! Let's[01]do as she says!""",40,
AREAD001.DAT:7:31,AREAD001.DAT,7,31,"[0C][05][14][C4]@""Judging by the lay[01]of the land, I'd say[02]this is where the[01]flats connect to the[01]mainland.""",96,
AREAD001.DAT:7:32,AREAD001.DAT,7,32,"[0C][05][14][C4]@""It's no use...[02]We can't go this way[01]either.""",51,
AREAD001.DAT:7:33,AREAD001.DAT,7,33,"[14][C1]@""You mean...""",17,[14][C1]
AREAD001.DAT:7:34,AREAD001.DAT,7,34,"[0C][05][14][04][03]""Until the tide[01]changes and the flats[01]reappear...[02]We're stuck here.""",74,
AREAD001.DAT:7:35,AREAD001.DAT,7,35,"[14][05][04]""How can you be so[01]calm!?""",30,[14][05]
AREAD001.DAT:7:38,AREAD001.DAT,7,38,"[14][86]E""Chill out, [04][02]![02]We'll get out of[01]here--you can count[01]on it.[02]Remember, [04]",75,[14][86]
AREAD001.DAT:7:39,AREAD001.DAT,7,39,"[14][86]E""At the very least,[01][04]",25,[14][86]
AREAD001.DAT:7:40,AREAD001.DAT,7,40,"[14][07][01]""Oh...[0B]Good morning,[01][04]",26,[14][07]
AREAD001.DAT:7:41,AREAD001.DAT,7,41,"[14][05][04]""...[0B]...[0B]...""",17,[14][05]
AREAD001.DAT:7:42,AREAD001.DAT,7,42,"[14][07][01]""Well, we weren't[01]exactly expecting[02]something like this[01]to happen, but...[02][14][01][01]I'm sure everything[01]will work out in the[01]end.""",127,[14][07]
AREAD001.DAT:7:47,AREAD001.DAT,7,47,"[14][C1]@""Are you going off[01]to explore the[01]island?[02]I hope you don't mind[01]if I come with you!""",88,[14][C1]
AREAD001.DAT:7:49,AREAD001.DAT,7,49,"[0C][06][14][85]D""Uh...[0B]Hey...[0B]I...""",25,
AREAD001.DAT:7:50,AREAD001.DAT,7,50,"[0C][05][14][04][03]""Calm down![02]Get a hold of[01]yourself.""",42,
AREAD001.DAT:7:51,AREAD001.DAT,7,51,"[0C][05][14][04][03]""You're supposed to[01]be the leader of this[02]little expedition,[01]aren't you!?""[02][14][0D][08]...[0B]...[0B]...""",96,
AREAD001.DAT:7:52,AREAD001.DAT,7,52,"[0C][03][14][C3]@""Pukapuka...""",19,
AREAD001.DAT:7:53,AREAD001.DAT,7,53,"[0C][03][14][86]E""Remember what the[01]Pabpab said?[02]Pukapuka...What will[01]be, will be...[02]That's a good lesson[01]to learn, pretty[01]kitty...""[02][14][C5]@""Indeed.""",134,
AREAD001.DAT:7:55,AREAD001.DAT,7,55,"[0C][02][14][C1]@""We were just talking[01]about going to look[01]for some food.""",63,
AREAD001.DAT:7:57,AREAD001.DAT,7,57,"[14][06][05]""Well, I suppose[01]there are a lot worse[01]places to get stuck.""[02][14]E",67,[14][06]
AREAD001.DAT:7:59,AREAD001.DAT,7,59,"[14][0E][01]""I guess this means[01]you can fish around[01]here...Right?""",58,[14][0E]
AREAD001.DAT:7:60,AREAD001.DAT,7,60,"[0C][05][14][01][01]""Were you able to[01]catch anything,[01][04]",41,
AREAD001.DAT:7:61,AREAD001.DAT,7,61,"[0C][05][14][07][01]""Well, that means we[01]don't have to worry[01]about food then.""",64,
AREAD001.DAT:7:62,AREAD001.DAT,7,62,"[0C][05][14][01][01]""We should go back[01]and tell everyone[01]what we found.""",58,
AREAD001.DAT:7:64,AREAD001.DAT,7,64,"[0C][05][14][07][01]""OK...[02][14]A",15,
AREAD001.DAT:7:66,AREAD001.DAT,7,66,"[0C][05][14][01][01]""Good luck, [04]",19,
AREAD001.DAT:7:78,AREAD001.DAT,7,78,"[0C][06][14][C2]@""That's good...[02]I'm sorry, [04][01].[01]I don't know what[01]happened...[02]It's just...When I[01]thought we were[01]trapped here,[02]I just...I don't[01]know, I panicked...""",153,
AREAD001.DAT:7:79,AREAD001.DAT,7,79,"[0C][05][14][01][01]""Don't worry, [04][02].[01]We just have to be[01]patient, that's all.""",64,
AREAD001.DAT:7:81,AREAD001.DAT,7,81,"[0C][06][14][01][01]""[04][02], we're going[01]fishing. We'll be[01]back soon!""",52,
AREAD001.DAT:7:82,AREAD001.DAT,7,82,"[14][05][04]""What will be, will[01]be, huh?...[0B]...""",40,[14][05]
AREAD001.DAT:7:87,AREAD001.DAT,7,87,"[14][07][01]""What happened,[01][04]",21,[14][07]
AREAD001.DAT:7:90,AREAD001.DAT,7,90,"[14][87]A""I always figured[01]they would get[01]married someday...[02][14][81]AHe's been like a[01]brother to me...""",93,[14][87]
AREAD001.DAT:7:91,AREAD001.DAT,7,91,"[14][C1]@""I think maybe...I[01]look up to him more[01]than love him...""",60,[14][C1]
AREAD001.DAT:7:92,AREAD001.DAT,7,92,"[14][C1]@""I mean, he's[01]strong...[02]There's nothing he[01]can't do...He's[01]funny...""",72,[14][C1]
AREAD001.DAT:7:101,AREAD001.DAT,7,101,"[14][15][04]""Hey! Look! The[01]tide...!""",29,[14][15]
AREAD001.DAT:7:102,AREAD001.DAT,7,102,"[14][C1]@""It looks like it's[01]going out.[02]Let's go see!""",49,[14][C1]
AREAD001.DAT:7:106,AREAD001.DAT,7,106,"[14][06][05]""See? I told you we[01]just had to be[01]patient.""[02][14]E",51,[14][06]
AREAD001.DAT:7:110,AREAD001.DAT,7,110,You can rest here.[12],20,
AREAD001.DAT:7:111,AREAD001.DAT,7,111,It's empty.,12,
AREAD001.DAT:7:113,AREAD001.DAT,7,113,Keep our fishing spots[01]clean! Remember to pick[01]up your trash!,62,
AREAD001.DAT:7:114,AREAD001.DAT,7,114,You can rest here.[12][8B][0C][93]Rest[01]Diary[01]Never mind,44,
AREAS001.DAT:9:0,AREAS001.DAT,9,0,"""You hear all kinds[01]of things in places[01]like this...[02]If you're looking[01]for something,[02]it might be a good[01]idea to talk to the[01]people in here.""",142,
AREAS001.DAT:9:1,AREAS001.DAT,9,1,"""You hear all kinds[01]of things in places[01]like this...[02]If you're looking[01]for something,[02]it might be a good[01]idea to talk to the[01]people in here.""",142,
AREAS001.DAT:9:2,AREAS001.DAT,9,2,"""You hear all kinds[01]of things in places[01]like this...[02]If you're looking[01]for something,[02]it might be a good[01]idea to talk to the[01]people in here.""",142,
AREAS001.DAT:9:4,AREAS001.DAT,9,4,"[14][01][01]""I was on my way[01]here, see, when I[02]see this big crater[01]in the ground...""[02][14][FF][FF][14][80]@""And you fell in it[01]and lost all your[01]stuff, right?""",135,[14][01]
AREAS001.DAT:9:5,AREAS001.DAT,9,5,"""Welcome, stranger.[01]This your first time[01]to Sarai?""",52,
AREAS001.DAT:9:6,AREAS001.DAT,9,6,"[14][02][02]""munch munch munch""",23,[14][02]
AREAS001.DAT:9:7,AREAS001.DAT,9,7,"""I'd keep my purse-[01]strings tight if I[01]were you...[02]There's nothing[01]people around here[02]wouldn't do to make[01]a quick zenny or[01]two.""",129,
AREAS001.DAT:9:8,AREAS001.DAT,9,8,"""Nothing in this[01]world's for free.[02]You want to ask[01]someone here[01]something,[02]try buying them a[01]drink or two.""",108,
AREAS001.DAT:9:9,AREAS001.DAT,9,9,"[14][03][03]""Huh? Sandflier[01]parts? Don't know[01]nuthin' 'bout that.[02]In case you didn't[01]notice, this here's[02]a tavern, not a[01]store.""",120,[14][03]
AREAS001.DAT:9:10,AREAS001.DAT,9,10,"""They say there's a[01]cease-fire right[01]now...[02]Don't want to think[01]about what would[02]happen if the war[01]started up again...""",120,
AREAS001.DAT:9:11,AREAS001.DAT,9,11,"""Some people say[01]they've seen[01]Imperial troops[02]poking around the[01]town lately...[02]Makes you wonder if[01]they're reckoning to[01]start another war...""",142,
AREAS001.DAT:9:12,AREAS001.DAT,9,12,"""If you're looking[01]for something, you[01]should try asking[02]around in the[01]tavern...[02]'Course, I dunno if[01]I'd want t'go there[01]if I was a girl...""",140,
AREAS001.DAT:9:13,AREAS001.DAT,9,13,"""Well well...What[01]have we here?[02]Don't see many women[01]in a tavern.""",67,
AREAS001.DAT:9:14,AREAS001.DAT,9,14,"[14][03][03]""I don't know why[01]you're looking for[02]what you're looking[01]for, and I don't[01]care, either...[02]But you won't find[01]what you're looking[01]for here, missy...""",152,[14][03]
AREAS001.DAT:9:16,AREAS001.DAT,9,16,"[14][04][04]""Thanks![02]Don't worry---it's[01]for real! I wouldn't[01]try to cheat anyone!""",74,[14][04]
AREAS001.DAT:9:17,AREAS001.DAT,9,17,"[14][04][04]""I mean it--it's a[01]good deal!""",34,[14][04]
AREAS001.DAT:9:18,AREAS001.DAT,9,18,"[14][04][04]""Hey! Looks like you[01]don't even have that[01]much zenny!""",58,[14][04]
AREAS001.DAT:9:19,AREAS001.DAT,9,19,"""Found what you were[01]looking for yet?""",39,
AREAS001.DAT:9:21,AREAS001.DAT,9,21,"[14][01][01]""I lost everything I[01]had when I fell into[01]that crater!""[02][14][FF][FF][14][80]@""Don't worry about[01]it. I mean,[02]it was just some[01]clothing and[01]stuff, right?""",141,[14][01]
AREAS001.DAT:9:22,AREAS001.DAT,9,22,"""See that merchant[01]over there?[02]Says he lost all his[01]stuff when he fell[01]in a hole somewhere!""",93,
AREAS001.DAT:9:23,AREAS001.DAT,9,23,"[14][02][02]""I ain't full yet![01]munch munch munch""",41,[14][02]
AREAS001.DAT:9:24,AREAS001.DAT,9,24,"""Well, I guess[01]getting cheated out[01]of your money's not[02]so bad...I mean, it[01]could be worse...[02]At least nobody gets[01]hurt or killed,[01]right?""",138,
AREAS001.DAT:9:25,AREAS001.DAT,9,25,"""That old man's been[01]here forever,[02]just sitting there[01]eating...[02]He's probably heard[01]just about every[02]story of everyone who[01]comes in here.""",139,
AREAS001.DAT:9:26,AREAS001.DAT,9,26,"[14][03][03]""You won't find what[01]you're looking for[01]here.[02]This is a tavern,[01]not a...""",77,[14][03]
AREAS001.DAT:9:27,AREAS001.DAT,9,27,"[14][03][03]""Oh, you know about[01]that?[02]Well now, that's[01]different then,[01]isn't it?""",73,[14][03]
AREAS001.DAT:9:28,AREAS001.DAT,9,28,"[14][03][03]""Come this way.""",20,[14][03]
AREAS001.DAT:9:29,AREAS001.DAT,9,29,"[14][03][03]""When you deal in[01]contraband, you can't[01]be too careful, eh?""",64,[14][03]
AREAS001.DAT:9:30,AREAS001.DAT,9,30,"[14][05][05]""You're probably[01]wondering why we go[02]to all this trouble,[01]aren't you?""",74,[14][05]
AREAS001.DAT:9:31,AREAS001.DAT,9,31,"[0C][05][14][05][05]""That's because[01]selling sandfliers[02]is a dangerous[01]business.""",66,
AREAS001.DAT:9:32,AREAS001.DAT,9,32,"[0C][05][14][05][05]""See, sandfliers were[01]originally designed[01]as war machines.[02]If the Empire found[01]out we were selling[01]them,[02]the next time a war[01]breaks out, they'd[01]come after us!""",165,
AREAS001.DAT:9:33,AREAS001.DAT,9,33,"[0C][05][14][05][05]""I don't want this[01]place to end up under[01]a hex,[02]like Chamba or[01]Synesta--no thank[01]you!""",92,
AREAS001.DAT:9:34,AREAS001.DAT,9,34,"[0C][06][14][C1]@""Does that mean you[01]don't have any[01]sandflier parts!?""",59,
AREAS001.DAT:9:35,AREAS001.DAT,9,35,"[0C][05][14][05][05]""Not exactly...[02]There's a place they[01]call [05][02]Sandflier[01]Valley[06] near here.[02]It's a junkyard, full[01]of old, broken down[01]sandfliers.""",133,
AREAS001.DAT:9:36,AREAS001.DAT,9,36,"[0C][05][14][05][05]""If you go there[01]and bring back some[01]useable material,[02]I'll make you your[01]sandflier parts.[01]Deal?""",103,
AREAS001.DAT:9:37,AREAS001.DAT,9,37,"[0C][06][14][C1]@""All right then,[01]we'll go to this[02][05][02]Sandflier Valley[06],[01]and get you the[01]material you need.""",96,
AREAS001.DAT:9:38,AREAS001.DAT,9,38,"[14][05][05]""Sorry for all the[01]secrecy, but[02]you can't be too[01]careful in this[01]business...""",81,[14][05]
AREAS001.DAT:9:39,AREAS001.DAT,9,39,"[14][06][06]""The valley's to the[01]south of the town.""",44,[14][06]
AREAS001.DAT:9:40,AREAS001.DAT,9,40,"""I wonder if there's[01]going to be another[01]war...I hope not!""",60,
AREAS001.DAT:9:41,AREAS001.DAT,9,41,"""I've heard rumors[01]that there are[02]Imperial troops here[01]in town...""",67,
AREAS001.DAT:9:42,AREAS001.DAT,9,42,"[0C][06][14][81]A""[0D]Wha-[0E][0F]",14,
AREAS001.DAT:9:43,AREAS001.DAT,9,43,"[0C][03][14][07][07]""Don't be afraid...[02]I just want some[01]information, that's[01]all.[02]I want you to tell[01]me all about the[02]monster you say you[01]saw.""",129,
AREAS001.DAT:9:44,AREAS001.DAT,9,44,"[0C][04][14][81]A""Heh![02]I ain't got nothin'[01]to tell you! Pah!""",50,
AREAS001.DAT:9:45,AREAS001.DAT,9,45,"[0C][03][14][07][07]""Well!...[0B][02]I'd try to be[01]a little more[02]cooperative if[01]I were you...""",74,
AREAS001.DAT:9:46,AREAS001.DAT,9,46,"[0C][0B][14][07][07]""Otherwise...[0B]Things[01]might get a little[01]uncomfortable...[02]And we wouldn't want[01]that, now would we?""",104,
AREAS001.DAT:9:47,AREAS001.DAT,9,47,"[0C][0C][14][88][08]""What do you think[01]you're doing!?""",40,
AREAS001.DAT:9:48,AREAS001.DAT,9,48,"[0C][06][14][89]H""Wh...[0B]Why are you[01]doing this!?[02]I thought the war[01]was supposed to be[01]over!""",81,
AREAS001.DAT:9:49,AREAS001.DAT,9,49,"[0C][05][14][07][07]""Why? Because I don't[01]like people who try[01]to hide things.[02]Besides...""",75,
AREAS001.DAT:9:50,AREAS001.DAT,9,50,"[0C][03][14][07][07]""The war's not [05][02]over[06].[02]There's been a [05][02]cease-[01]fire[06] called, that's[01]all.[02]Do you understand[01]the difference,[01]missy...""",123,
AREAS001.DAT:9:51,AREAS001.DAT,9,51,"[0C][03][14][07][07]""Wait...[0B]You're a[01]Wyndian...[02][14][0A][09]""Well well, if it[01]isn't the little[01]princess!""",83,
AREAS001.DAT:9:52,AREAS001.DAT,9,52,"[0C][03][14][07][07]""We were sent out to[01]find a dragon, but[02]we found a little[01]bird instead![02][14][0A][09]Grab her, men--no[01]reason we shouldn't[01]take her as well!""",137,
AREAS001.DAT:9:53,AREAS001.DAT,9,53,"[0C][06][14][C1]@""W...Wait![02]Do you know something[01]about my sister...!?""",60,
AREAS001.DAT:9:54,AREAS001.DAT,9,54,"[0C][03][14][07][07]""By the power granted[01]me, I command thee![02]Warrior spirit![01]Thou art summoned!""",83,
AREAS001.DAT:9:55,AREAS001.DAT,9,55,"[0C][03][14][07][07]""Joh...I want you to[01]capture that girl.[02]Be careful not to[01]hurt her...Too much.""",85,
AREAS001.DAT:9:56,AREAS001.DAT,9,56,"[0C][03][14][07][07]""My! You're stronger[01]than you look!""",42,
AREAS001.DAT:9:57,AREAS001.DAT,9,57,"[0C][03][14][07][07]""Ho...What's this?[02]A dashing knight,[01]come to save the[01]Princess?""",70,
AREAS001.DAT:9:58,AREAS001.DAT,9,58,"[0C][03][14][07][07]""How gallant.[02]You know it's a[01]knight's job to[02]protect his lady,[01]don't you?[02][14][0A][09]""Where have you been[01]all this time?[02]Afraid, hiding in[01]some closet or...""",156,
AREAS001.DAT:9:59,AREAS001.DAT,9,59,"[0C][03][14][07][07]""H...[0B][0B]How [0D]dare[0E][0F][02][01]you!? You filthy[01]little...""",53,
AREAS001.DAT:9:60,AREAS001.DAT,9,60,"[0C][04][14][89]H""L...[0B]Let's get[01]out of here...!""",38,
AREAS001.DAT:9:61,AREAS001.DAT,9,61,"[0C][05][14][07][07]""What're you just[01]standing around for!?[02]After them!!""",59,
AREAS001.DAT:9:62,AREAS001.DAT,9,62,"[14][02][02]""munch munch munch...[02]Huh? You want to talk[01]to me?""",55,[14][02]
AREAS001.DAT:9:63,AREAS001.DAT,9,63,"[14][02][02]""Hmmm...munch munch[02]Well, if you want[01]something from[01]someone,[02]you gotta have the[01]right attitude,[01]don'tcha think?""[12][01][0C][92]OK, I'll buy you[08]some food.[01]What do you mean?",166,[14][02]
AREAS001.DAT:9:64,AREAS001.DAT,9,64,"[14][02][02]""Come back when[01]you've learned some[01]manners...munch!""",57,[14][02]
AREAS001.DAT:9:65,AREAS001.DAT,9,65,"[14][02][02]""You mean it?[01]Thanks...[02]I don't want you to[01]feel obliged or[01]anything, though.""",82,[14][02]
AREAS001.DAT:9:67,AREAS001.DAT,9,67,"   Minigame Instructions[14][02][02]""...[0B]...[0B]...[02][0D]Buuuuurp![0E][0F][09][01]Boy, I'm full! That[01]was good![02]All right then, I'll[01]tell you what you[01]want to know![02]If you're looking for[01]something, go talk to[02]the information[01]broker in front of[01]the inn![02]He can tell you where[01]to find what you're[01]looking for![02]burp!""",287,
AREAS001.DAT:9:68,AREAS001.DAT,9,68,"[14][02][02]""...[0B]...[0B]...[02][0D]Buuuuurp![0E][0F][09][01]Boy, I'm full! That[01]was good![02]All right then, I'll[01]tell you what you[01]want to know![02]If you're looking for[01]something, go talk to[02]the information[01]broker in front of[01]the inn![02]He can tell you where[01]to find what you're[01]looking for![02]burp!""",263,[14][02]
AREAS001.DAT:9:69,AREAS001.DAT,9,69,"[14][02][02]""[0D]Uuuhhhhh....[0E][0F][02][02]I think I had too[01]much to eat...[01]My stomach...[02]H[0B]u[0B]r[0B]t[0B]s...""",82,[14][02]
AREAS001.DAT:9:70,AREAS001.DAT,9,70,"[14][02][02]""[0D]baaaarrrrfff![01]Ih....Ih thinkh Ih[01]drankh too much![0E][0F][01]""",59,[14][02]
AREAS001.DAT:9:71,AREAS001.DAT,9,71,"[14][02][02]""munch munch...Huh?[02]You going to buy me[01]something else?""[12][01][0C][82]Yes[01]No",70,[14][02]
AREAS001.DAT:9:72,AREAS001.DAT,9,72,"[14][02][02]""You will! Well then,[01]let's not waste any[01]time!""",52,[14][02]
AREAS001.DAT:9:73,AREAS001.DAT,9,73,[0C]!Do you want to read the[01]instructions?[12][02][0C][82]Yes[01]No,50,
AREAS001.DAT:9:74,AREAS001.DAT,9,74,"[14][02][02]""munch munch crunch[02]Are you going to buy[01]me something or not?""[12][01][0C][82]Yes[01]No",76,[14][02]
AREAS001.DAT:9:75,AREAS001.DAT,9,75,"[14][02][02]""Hmmm...[02]That's not the way[01]to ask a favor of[01]someone!""",59,[14][02]
AREAS001.DAT:9:76,AREAS001.DAT,9,76,"[14][02][02]""Have you met with[01]the information[01]broker yet?[02]You can find him in[01]front of the inn,[01]you know.""",99,[14][02]
AREAS001.DAT:9:77,AREAS001.DAT,9,77,"[14][02][02]""I'm impressed! Don't[01]meet many young folks[01]as generous as you![02]Here--I got something[01]for you!""",99,[14][02]
AREAS001.DAT:9:80,AREAS001.DAT,9,80,[05][02]Happy[06],9,
AREAS001.DAT:9:92,AREAS001.DAT,9,92,"""Really? You got[01]enough money to buy[01]me food?""[12][03][0C][82]Yes[01]No",57,
AREAS001.DAT:9:95,AREAS001.DAT,9,95,"""They say there's a[01]cease-fire right[01]now...[02]Don't want to think[01]about what would[02]happen if the war[01]started up again...""",120,
AREAS001.DAT:9:96,AREAS001.DAT,9,96,"""Some people say[01]they've seen[01]Imperial troops[02]poking around the[01]town lately...[02]Makes you wonder if[01]they're reckoning to[01]start another war...""",142,
AREAS001.DAT:9:99,AREAS001.DAT,9,99,"""Huh? Looks like you[01]don't have enough[01]zenny there.""",53,
AREAS001.DAT:9:100,AREAS001.DAT,9,100,"""I wonder if they'd[01]use a hex against us[01]if we went to war,[02]like they did with[01]Chamba and Synesta.[02]Just the thought of[01]it scares me silly!""",140,
AREAS001.DAT:9:101,AREAS001.DAT,9,101,"""People say that[01]Imperial troops've[01]come to town.[02]Does that mean we're[01]at war again?""",86,
AREAS001.DAT:9:102,AREAS001.DAT,9,102,"[14][0B][0A]""[0D][0F][08]Hmmmmmmmmmm![0E][02][0B]...[0B]...[0B]That was[01]a yawn. Hmmm...""",56,[14][0B]
AREAS001.DAT:9:103,AREAS001.DAT,9,103,"[0A][02]""squeek!""",12,
AREAS001.DAT:9:104,AREAS001.DAT,9,104,"""[0D][0F][01]I'm not af-afraid[01]of mice![0E][02][0D][0F][01]I-I just don't want[01]to c-come down...[01][0B][0B][0B]That's all![0E]""",90,
AREAS001.DAT:9:105,AREAS001.DAT,9,105,"[14][03][03]""Haven't got as many[01]customers since that[02]trouble with those[01]Imperial troops...""",84,[14][03]
AREAS001.DAT:9:106,AREAS001.DAT,9,106,"""You've gotten more[01]manly since you were[01]here last.""",53,
AREAS001.DAT:9:107,AREAS001.DAT,9,107,"""I heard from a guy[01]passing through that[02]the Empire uses[01]something called a[01]Carronade to put a[02]hex on its enemies...[02]Is it true?""",130,
AREAS001.DAT:9:108,AREAS001.DAT,9,108,"""First it's Imperial[01]troops in the town,[02]next it's that[01]Carronade of[01]theirs...[02]I guess it's true[01]what they say--[02]that another war is[01]starting...""",146,
AREAS001.DAT:9:109,AREAS001.DAT,9,109,"[14][03][03]""You looking for the[01]people who were here?[02]They all got scared[01]and ran off!""",80,[14][03]
AREAS001.DAT:9:110,AREAS001.DAT,9,110,"""That fancy Imperial[01]fellow was a sight to[02]see with that big[01]scar on his face!""",80,
AREAS001.DAT:9:111,AREAS001.DAT,9,111,"""I heard those troops[01]were looking for a[01]dragon...[02]I'm just glad they[01]weren't here to start[01]another war!""",106,
AREAS001.DAT:9:112,AREAS001.DAT,9,112,"""I wish those troops[01]would save all their[01]energy for the[02]dragons they're[01]looking for, and[01]leave us alone!""",107,
AREAS002.DAT:8:2,AREAS002.DAT,8,2,"""I'm sorry, but it seems[01]you're a little short on[01]zenny there.""",64,
AREAS002.DAT:8:3,AREAS002.DAT,8,3,"""Right now, I'm just a[01]traveling merchant,[02][19]",45,
AREAS002.DAT:8:4,AREAS002.DAT,8,4,"""I heard that Princess[01][04][01] has left in search[01]of her missing sister...[02]The king must be worried[01]sick about them.""",113,
AREAS002.DAT:8:5,AREAS002.DAT,8,5,"""If my sister disappeared,[01]I'd go look for her too!""",53,
AREAS002.DAT:8:6,AREAS002.DAT,8,6,"""Don't you worry--I won't[01]disappear anywhere!""",47,
AREAS002.DAT:8:7,AREAS002.DAT,8,7,"""This is a peaceful city...[01]Still, even here there are[01]rumors of war.""",71,
AREAS002.DAT:8:8,AREAS002.DAT,8,8,"""Wyndian women sure are[01]pretty, ain't they?[02]My wife was pretty in her[01]day, too.""",81,
AREAS002.DAT:8:10,AREAS002.DAT,8,10,"""In order to prevent the[01]young master from growing[01]any fatter,[02]I hid all the silverware![01]Now he can't eat anything[01]at all!""",124,
AREAS002.DAT:8:11,AREAS002.DAT,8,11,"[0A][01]""squeak""",11,
AREAS002.DAT:8:12,AREAS002.DAT,8,12,"""Yawn...[01]I want to eat--now!""",30,
AREAS002.DAT:8:13,AREAS002.DAT,8,13,"""I understand how you must[01]feel, master...Please be[01]patient just a little more.[02]I'm certain we shall find[01]the silverware soon!""",128,
AREAS002.DAT:8:14,AREAS002.DAT,8,14,"""We've lost everything...[02]Our [09][17][01], [09]O[03]s,[01][09]E[01]s, [09]6[03]...[01]even our [09]M",66,
AREAS002.DAT:8:15,AREAS002.DAT,8,15,"It's a plate with noodles[01]on it. To eat them, you[01]need [09][17][01].",60,
AREAS002.DAT:8:16,AREAS002.DAT,8,16,"It's a plate of cold cuts.[01]To eat them, you need a[01][09]6[03].",56,
AREAS002.DAT:8:17,AREAS002.DAT,8,17,"It's a plate of spaghetti.[01]To eat it, you need a[01][09]E[01].",54,
AREAS002.DAT:8:18,AREAS002.DAT,8,18,"It's a plate with pudding.[01]To eat it, you need a[01][09]O[03].",54,
AREAS002.DAT:8:19,AREAS002.DAT,8,19,"It's a cream soda. To drink[01]it, you need a [09]M",46,
AREAS002.DAT:8:20,AREAS002.DAT,8,20,"""I taught my boy to have[01]proper manners.[02]He won't touch his food[01]with his hands--ever!""",88,
AREAS002.DAT:8:21,AREAS002.DAT,8,21,"""I heard that Princess[01][04][01]'s come back.[02]The kings must be relieved[01]now that she's home again!""",94,
AREAS002.DAT:8:22,AREAS002.DAT,8,22,"""I'd be happy if my sister[01]came back too!""",43,
AREAS002.DAT:8:23,AREAS002.DAT,8,23,"""What are you talking[01]about, you silly boy?[02]I haven't gone anywhere!""",70,
AREAS002.DAT:8:24,AREAS002.DAT,8,24,"""I've seen some Ludian[01]troops moving around here[01]lately...[02]I guess those rumors[01]were true...""",94,
AREAS002.DAT:8:25,AREAS002.DAT,8,25,"""Maybe the rumors weren't[01]true after all...""",45,
AREAS002.DAT:8:26,AREAS002.DAT,8,26,"""They say Princess [04][01][01]has gone out looking for[01]her sister again...[02]I do hope they find her[01]this time!""",103,
AREAS002.DAT:8:27,AREAS002.DAT,8,27,"""I'm going to go look for[01]my sister again too!""",48,
AREAS002.DAT:8:28,AREAS002.DAT,8,28,"""How many times do I have[01]to tell you? I'm not going[01]anywhere!""",64,
AREAS002.DAT:8:29,AREAS002.DAT,8,29,"""And after I went to all[01]that trouble to hide the[01]silverware, too!""",68,
AREAS002.DAT:8:30,AREAS002.DAT,8,30,"""Wait...What you're[01]carrying there...Is that a[02][16] ",50,
AREAS002.DAT:8:33,AREAS002.DAT,8,33,"""I see...[02]Well, should you find any[01]more pieces of silverware,[01]please bring them here.""",88,
AREAS002.DAT:8:34,AREAS002.DAT,8,34,"""I see...[02]Well, should you find any[01]more pieces of silverware,[01]please bring them here.""",88,
AREAS002.DAT:8:35,AREAS002.DAT,8,35,"""I see...[02]Well, should you find any[01]more pieces of silverware,[01]please bring them here.""",88,
AREAS002.DAT:8:36,AREAS002.DAT,8,36,"""I see...[02]Well, should you find any[01]more pieces of silverware,[01]please bring them here.""",88,
AREAS002.DAT:8:37,AREAS002.DAT,8,37,"""I see...[02]Well, should you find any[01]more pieces of silverware,[01]please bring them here.""",88,
AREAS002.DAT:8:38,AREAS002.DAT,8,38,"""Thank you so much![02]Now the young master will[01]be able to eat again!""",69,
AREAS002.DAT:8:40,AREAS002.DAT,8,40,"""Yawn...[01]Is that it? I want more to[01]eat!""",42,
AREAS002.DAT:8:41,AREAS002.DAT,8,41,"""Yawn...[01]Is that it? I want more to[01]eat!""",42,
AREAS002.DAT:8:42,AREAS002.DAT,8,42,"""Yawn...[01]Is that it? I want more to[01]eat!""",42,
AREAS002.DAT:8:43,AREAS002.DAT,8,43,"""Yawn...[01]Is that it? I want more to[01]eat!""",42,
AREAS002.DAT:8:44,AREAS002.DAT,8,44,"""Yawn...[01]Is that it? I want more to[01]eat!""",42,
AREAS002.DAT:8:45,AREAS002.DAT,8,45,"""Yawn...[01]Is that it? I want more to[01]eat!""",42,
AREAS002.DAT:8:46,AREAS002.DAT,8,46,"""We can't make anything[01]else--we're completely out[01]of ingredients!""",68,
AREAS002.DAT:8:47,AREAS002.DAT,8,47,"""I understand how you must[01]feel, master...Please be[01]patient just a little more.[02]I'm sure your next meal[01]will be ready soon!""",125,
AREAS002.DAT:8:48,AREAS002.DAT,8,48,"""How unfortunate!""",19,
AREAS002.DAT:8:49,AREAS002.DAT,8,49,"There's a book titled[01]""Using Silverware.""",42,
AREAS002.DAT:8:50,AREAS002.DAT,8,50,"There's a book titled[01]""Using Silverware.""",42,
AREAS002.DAT:8:51,AREAS002.DAT,8,51,"There's a book titled[01]""Using Silverware.""",42,
AREAS002.DAT:8:52,AREAS002.DAT,8,52,"There's a book titled[01]""Using Silverware.""",42,
AREAS002.DAT:8:53,AREAS002.DAT,8,53,"There's a book titled[01]""Using Silverware.""",42,
AREAS002.DAT:8:54,AREAS002.DAT,8,54,"There's a book titled[01]""Using Silverware.""",42,
AREAS002.DAT:8:55,AREAS002.DAT,8,55,"There's a book titled[01]""Using Silverware.""",42,
AREAS002.DAT:8:56,AREAS002.DAT,8,56,"There's a book titled[01]""Table Manners for[01]Children.""",52,
AREAS002.DAT:8:57,AREAS002.DAT,8,57,"There's a book titled[01]""Diet Hard 3.""",37,
AREAS002.DAT:8:58,AREAS002.DAT,8,58,"""Looking for my wife?[02]Well, she's probably out[01]there somewhere gossiping[01]with her friends again!""",98,
AREAS002.DAT:8:59,AREAS002.DAT,8,59,"""Looking for my wife?[02]Well, she's probably out[01]there somewhere gossiping[01]with her friends again!""",98,
AREAS002.DAT:8:60,AREAS002.DAT,8,60,"""I just wish both the[01]Princesses would come[01]back soon...[02]Their father the King is[01]worried so about them!""",106,
AREAS002.DAT:8:61,AREAS002.DAT,8,61,"[14][02][02]""It looks like[01]someone 'as beaten[01]me to it!""",48,[14][02]
AREAS002.DAT:8:62,AREAS002.DAT,8,62,"""I don't suppose you've[01]seen my little brother[01]anywhere, have you?[02]I had to do some shopping,[01]and when I came back, he[01]was gone!""",130,
AREAS003.DAT:8:0,AREAS003.DAT,8,0,Which floor do you want[01]to go to?[16][02],36,
AREAS003.DAT:8:1,AREAS003.DAT,8,1,Which floor do you want[01]to go to?[16][02],36,
AREAS003.DAT:8:2,AREAS003.DAT,8,2,[12][88][0C][95]4 fl[01]3 fl[01]2 fl[01]1 fl[01]Never mind,35,
AREAS003.DAT:8:3,AREAS003.DAT,8,3,Which floor do you want[01]to go to?[16][04],36,
AREAS003.DAT:8:4,AREAS003.DAT,8,4,[12][88][0C][95]5 fl[01]3 fl[01]2 fl[01]1 fl[01]Never mind,35,
AREAS003.DAT:8:5,AREAS003.DAT,8,5,Which floor do you want[01]to go to?[16][06],36,
AREAS003.DAT:8:6,AREAS003.DAT,8,6,[12][88][0C][95]5 fl[01]4 fl[01]2 fl[01]1 fl[01]Never mind,35,
AREAS003.DAT:8:7,AREAS003.DAT,8,7,Which floor do you want[01]to go to?[16][08],36,
AREAS003.DAT:8:8,AREAS003.DAT,8,8,[12][88][0C][95]5 fl[01]4 fl[01]3 fl[01]1 fl[01]Never mind,35,
AREAS003.DAT:8:9,AREAS003.DAT,8,9,Which floor do you want[01]to go to?[16][0A],36,
AREAS003.DAT:8:10,AREAS003.DAT,8,10,[12][88][0C][95]5 fl[01]4 fl[01]3 fl[01]2 fl[01]Never mind,35,
AREAS003.DAT:8:11,AREAS003.DAT,8,11,Which floor do you want[01]to go to?[16][0C],36,
AREAS003.DAT:8:12,AREAS003.DAT,8,12,[12][88][0C][95]1 fl[01]B1 fl[01]B2 fl[01]B3 fl[01]Never mind,38,
AREAS003.DAT:8:13,AREAS003.DAT,8,13,Which floor do you want[01]to go to?[16][0E],36,
AREAS003.DAT:8:14,AREAS003.DAT,8,14,[12][88][0C][95]5 fl[01]B1 fl[01]B2 fl[01]B3 fl[01]Never mind,38,
AREAS003.DAT:8:15,AREAS003.DAT,8,15,Which floor do you want[01]to go to?[16][10],36,
AREAS003.DAT:8:16,AREAS003.DAT,8,16,[12][88][0C][95]5 fl[01]1 fl[01]B2 fl[01]B3 fl[01]Never mind,37,
AREAS003.DAT:8:17,AREAS003.DAT,8,17,Which floor do you want[01]to go to?[16][12],36,
AREAS003.DAT:8:18,AREAS003.DAT,8,18,[12][88][0C][95]5 fl[01]1 fl[01]B1 fl[01]B3 fl[01]Never mind,37,
AREAS003.DAT:8:19,AREAS003.DAT,8,19,Which floor do you want[01]to go to?[16][14],36,
AREAS003.DAT:8:20,AREAS003.DAT,8,20,[12][88][0C][95]5 fl[01]1 fl[01]B1 fl[01]B2 fl[01]Never mind,37,
AREAS003.DAT:8:22,AREAS003.DAT,8,22,"The entrance has been[01]sealed! To open it, you[01]need a [05][06][09][16][05][06]!",61,
AREAS003.DAT:8:23,AREAS003.DAT,8,23,"The entrance has been[01]sealed! To open it, you[01]need a [05][02][09][17][05][06]!",61,
AREAS003.DAT:8:25,AREAS003.DAT,8,25,You got:[01][05][06][09][16][05][06]![02]You can use it to unlock[01]doors locked with a[01][05][06]Yellow Seal[06].,78,
AREAS003.DAT:8:26,AREAS003.DAT,8,26,You got:[01][05][02][09][17][05][06]![02]You can use it to unlock[01]doors locked with a[01][05][02]Red Seal[06].,75,
AREAS003.DAT:8:27,AREAS003.DAT,8,27,It looks like you can rest[01]here...[12][8B][0C][93]Rest[01]Diary[01]Never mind,60,
AREAS003.DAT:8:28,AREAS003.DAT,8,28,This book details the[01]history of the Empire[02]from the First Emperor[01]Fou-lu to the Fourth[01]Emperor Temul.,103,
AREAS003.DAT:8:29,AREAS003.DAT,8,29,This book details the[01]history of the Empire[02]from the Fifth Emperor[01]Mugul to the Eighth[01]Emperor Mei.,100,
AREAS003.DAT:8:30,AREAS003.DAT,8,30,This book details the[01]history of the Empire[02]from the Ninth Emperor[01]Shei to the Twelfth[01]Emperor Ahtar.,102,
AREAS003.DAT:8:31,AREAS003.DAT,8,31,"This book details the[01]history of the Empire[02]during the reign of the[01]Thirteenth and current[01]Emperor, Soniel.",108,
AREAS003.DAT:8:32,AREAS003.DAT,8,32,There are various kinds of[01]half-made weapons lying[01]scattered about.,68,
AREAS003.DAT:8:33,AREAS003.DAT,8,33,There are many scrolls and[01]books written in ancient[01]languages on the shelves.,78,
AREAS003.DAT:8:34,AREAS003.DAT,8,34,You found a list of all[01]the people who've been[02]used as sacrifices for[01]the Carronade...,87,
AREAS003.DAT:8:35,AREAS003.DAT,8,35,You found a record of the[01]Empire's attempt to[02]summon a god and what[01]went wrong.,80,
AREAS003.DAT:8:36,AREAS003.DAT,8,36,You found a record of[01]experiments involving[02]different methods to kill[01]dragons and other gods.,94,
AREAS003.DAT:8:37,AREAS003.DAT,8,37,There are all sorts of[01]different clothes hanging[01]inside the closet.,68,
AREAS003.DAT:8:77,AREAS003.DAT,8,77,Which floor do you want[01]to go to?[16][02],36,
AREAD004.DAT:8:2,AREAD004.DAT,8,2,"[14][01][01]""I'm keeping an eye[01]out for the dragon.[02]If things really get[01]out of hand, I'm[02]supposed to ring[01]this bell here...[02]I just hope we have[01]enough time to get[02]out of here when that[01]happens!""",187,[14][01]
AREAD004.DAT:8:3,AREAD004.DAT,8,3,"[14][02][02]""There's a metal[01]called [09]#",30,[14][02]
AREAD004.DAT:8:4,AREAD004.DAT,8,4,"[14][03][03]""How d'you like my[01]tube?[02]This way, I know I'm[01]OK even if the dam[01]breaks!""",77,[14][03]
AREAD004.DAT:8:5,AREAD004.DAT,8,5,"[0C][05][14][04][04]""Who're you?[01]You looking for[01]something?""",46,
AREAD004.DAT:8:6,AREAD004.DAT,8,6,"[0C][06][14][C1]@""Um, sorry to bother[01]you, but my friends[02]and I would like to[01]cross to the other[01]side.[02]Can you help us?""",109,
AREAD004.DAT:8:7,AREAD004.DAT,8,7,"[0C][06][14]B@""Sorry to bug you,[01]but we need to get to[01]the other side.[02]Can you tell us how[01]to do that?""",95,
AREAD004.DAT:8:8,AREAD004.DAT,8,8,"[0C][06][14]E@""Pardon me. [0B][04][05][01]says that we wish to[02]cross to the other[01]bank.[02]How can [04][05] get to[01]the other bank,[01]please?""",110,
AREAD004.DAT:8:9,AREAD004.DAT,8,9,"[0C][05][14][04][04]""The other bank?[02]Why would you come[01]all the way to this[01]place to do that?[0B][0B][02]Well, I guess that's[01]none of my business.""",124,
AREAD004.DAT:8:10,AREAD004.DAT,8,10,"[0C][05][14][84][04]""Anyway, you want to[01]get to the other[01]side,[02][14][FF][FF][14][04][04]first you have to[01]close the sluice[01]up there,[02]then cross the[01]river.""",123,
AREAD004.DAT:8:11,AREAD004.DAT,8,11,"[0C][05][14][04][04]""Once you're over the[01]river, you can use[02]that lift there to[01]get to the top of[01]the cliff.""",95,
AREAD004.DAT:8:12,AREAD004.DAT,8,12,"[0C][05][14][04][04]""[05][02]Rhoppe[06]'s got the key[01]to the sluice--go[01]talk to him.[02]He's the one with[01]the tube.""",90,
AREAD004.DAT:8:14,AREAD004.DAT,8,14,"[14][04][04]""You got the[01][09][01][05][01]from Rhoppe?[02]OK, when you're done,[01]bring the key to me,[02]and I'll run the lift[01]for you, all right?""",119,[14][04]
AREAD004.DAT:8:16,AREAD004.DAT,8,16,"[14][03][03]""What d'you want the[01]key for?[02]...[0B]You want to go[01]to the other bank?[01]Oh...[02]OK, well, be[01]careful, huh?""",105,[14][03]
AREAD004.DAT:8:17,AREAD004.DAT,8,17,"[14][03][03]""Oh, don't forget to[01]close the gate and[02]give the key back,[01]OK?""",67,[14][03]
AREAD004.DAT:8:18,AREAD004.DAT,8,18,"[14][02][02]""Why is it there's[01]nothing but dragons[02]and other weird stuff[01]living in the mud?[02]Why can't there be[01]normal things, like[01]worms?""",130,[14][02]
AREAD004.DAT:8:19,AREAD004.DAT,8,19,"[14][05][05]""Dragon?[02]Heh![0B] I ain't scared[01]o' no dragon![02]What kind o' a[01]prospector would I[01]be if I let a dragon[02]scare me away from[01]the [09]#",128,[14][05]
AREAD004.DAT:8:20,AREAD004.DAT,8,20,"[14][03][03]""If you're done, give[01]the key back to the[01]foreman over there.""",66,[14][03]
AREAD004.DAT:8:22,AREAD004.DAT,8,22,"[14][04][04]""Getting the key's[01]all well and good,[02]but if you want to[01]get over to where[01]the lift is,[02]you're going to have[01]to lower that bridge[01]there too.""",145,[14][04]
AREAD004.DAT:8:23,AREAD004.DAT,8,23,"[0C][04][14][04][04]""Oh, you're back,[01]eh?[02]All right, I'll work[01]the lift for you,[02]but first, you've[01]got to give me back[01]the key, all right?""",125,
AREAD004.DAT:8:24,AREAD004.DAT,8,24,"[0C][04][14][04][04]""Hey, Rhoppe![02]Go up and open the[01]sluice, OK?""[15][19]",53,
AREAD004.DAT:8:25,AREAD004.DAT,8,25,"[0C]@[14][03][03]""Roger!""",14,
AREAD004.DAT:8:26,AREAD004.DAT,8,26,"[0C][04][14][04][04]""See...[0B]If we don't[01]open the sluice, we[01]can't do any work.[02]That's why we're[01]waiting for you to[02]get outta here so[01]we can get back to[01]work!""",144,
AREAD004.DAT:8:27,AREAD004.DAT,8,27,"[0C][04][14][04][04]""All right, then...[01]Let me work the lift[01]for y...""",56,
AREAD004.DAT:8:28,AREAD004.DAT,8,28,"[14][01]A""The sluice has[01]broken! The mud's[01]overflowing!!""",52,[14][01]
AREAD004.DAT:8:29,AREAD004.DAT,8,29,"[0C][06][14][04]D""Well...[0B]I was gonna[01]work the lift for[01]you, but it looks[02]like I got more[01]important things to[01]worry about now!""",116,
AREAD004.DAT:8:34,AREAD004.DAT,8,34,"[0C][06][14][04]D""All you have to do[01]is attach that to the[01]box in front of the[02]lift and pull on it[01]a few times.""",101,
AREAD004.DAT:8:35,AREAD004.DAT,8,35,"[0C][06][14][04]D""I'd think about[01]gettin' outta here[01]too if I was you!""",60,
AREAD004.DAT:8:36,AREAD004.DAT,8,36,"[0C][06][14][04]D""Anyway, good luck[01]to you! See ya!""",41,
AREAD004.DAT:8:37,AREAD004.DAT,8,37,"[14][04][04]""The lift's over[01]there![02]You'd better hurry[01]before the mud spills[01]over the dam!""",83,[14][04]
AREAD004.DAT:8:38,AREAD004.DAT,8,38,This isn't the way to the[01]lift!,32,
AREAD004.DAT:8:39,AREAD004.DAT,8,39,[03] used the[01][09][09][05].,16,
AREAD004.DAT:8:40,AREAD004.DAT,8,40,"[14][06][06]""...[0B]...[0B]It's not[01]moving![02]Maybe we need to move[01]the handle some more?""",74,[14][06]
AREAD004.DAT:8:41,AREAD004.DAT,8,41,"[14][07][07]""What's the matter!?[02]Try moving the lever[01]some more!""",57,[14][07]
AREAD004.DAT:8:43,AREAD004.DAT,8,43,"[14][07][07]""Come on![0B][01]Hurry up already!""",33,[14][07]
AREAD004.DAT:8:44,AREAD004.DAT,8,44,"[14][08][06]""Hurry!""",12,[14][08]
AREAD004.DAT:8:45,AREAD004.DAT,8,45,"[14][09][08]""Ha ha ha ha ha![01]Here comes the mud!""",41,[14][09]
AREAD004.DAT:8:46,AREAD004.DAT,8,46,"[0C][06][14][8A]F""Whew...![01]We made it!""",28,
AREAD004.DAT:8:47,AREAD004.DAT,8,47,"[0C][06][14][C1]@""I hope all the[01]people who were[02]working there are[01]all right...""",69,
AREAD004.DAT:8:48,AREAD004.DAT,8,48,"[0C][06][14][C2]@""Whew! That was a[01]close one!""",35,
AREAD004.DAT:8:49,AREAD004.DAT,8,49,"[0C][06][14][8B]G""For their sake, I[01]hope all those people[01]got out in time!""",64,
AREAD004.DAT:8:50,AREAD004.DAT,8,50,"[0C][06][14][C5]@""It would appear that[01]we have survived.""",46,
AREAD004.DAT:8:51,AREAD004.DAT,8,51,"[0C][06][14][C5]@""We must assume then[01]that the workers were[01]also able to escape.[02]How disheartening...""",91,
AREAD004.DAT:8:52,AREAD004.DAT,8,52,"[14][03][03]""Yahoooo!""",14,[14][03]
AREAD004.DAT:8:55,AREAD004.DAT,8,55,"[0C][06][14][C1]@""...[0B]See, [04][05]?[01]You didn't have to be[01]so upset.""",52,
AREAD004.DAT:8:57,AREAD004.DAT,8,57,"[0C][06][14][8C]F""Um...[0B]Anyway, let's[01]get going, all right?""",49,
AREAD004.DAT:8:59,AREAD004.DAT,8,59,"[0C][06][14][8B]G""What's she so upset[01]about? Everyone got[01]out all right...""",64,
AREAD004.DAT:8:60,AREAD004.DAT,8,60,"[0C][06][14][C2]@""Don't waste too much[01]time worrying about[01]it.[0B] Let's go!""",63,
AREAS004.DAT:8:0,AREAS004.DAT,8,0,"""You hear all kinds[01]of things in places[01]like this...[02]If you're looking[01]for something,[02]it might be a good[01]idea to talk to the[01]people in here.""",142,
AREAS004.DAT:8:1,AREAS004.DAT,8,1,"""You hear all kinds[01]of things in places[01]like this...[02]If you're looking[01]for something,[02]it might be a good[01]idea to talk to the[01]people in here.""",142,
AREAS004.DAT:8:2,AREAS004.DAT,8,2,"""You hear all kinds[01]of things in places[01]like this...[02]If you're looking[01]for something,[02]it might be a good[01]idea to talk to the[01]people in here.""",142,
AREAS004.DAT:8:4,AREAS004.DAT,8,4,"[14][01][01]""I was on my way[01]here, see, when I[02]see this big crater[01]in the ground...""[02][14][FF][FF][14][80]@""And you fell in it[01]and lost all your[01]stuff, right?""",135,[14][01]
AREAS004.DAT:8:5,AREAS004.DAT,8,5,"""Welcome, stranger.[01]This your first time[01]to Sarai?""",52,
AREAS004.DAT:8:6,AREAS004.DAT,8,6,"[14][02][02]""munch munch munch""",23,[14][02]
AREAS004.DAT:8:7,AREAS004.DAT,8,7,"""I'd keep my purse-[01]strings tight if I[01]were you...[02]There's nothing[01]people around here[02]wouldn't do to make[01]a quick zenny or[01]two.""",129,
AREAS004.DAT:8:8,AREAS004.DAT,8,8,"""Nothing in this[01]world's for free.[02]You want to ask[01]someone here[01]something,[02]try buying them a[01]drink or two.""",108,
AREAS004.DAT:8:9,AREAS004.DAT,8,9,"[14][03][03]""Huh? Sandflier[01]parts? Don't know[01]nuthin' 'bout that.[02]In case you didn't[01]notice, this here's[02]a tavern, not a[01]store.""",120,[14][03]
AREAS004.DAT:8:10,AREAS004.DAT,8,10,"""They say there's a[01]cease-fire right[01]now...[02]Don't want to think[01]about what would[02]happen if the war[01]started up again...""",120,
AREAS004.DAT:8:11,AREAS004.DAT,8,11,"""Some people say[01]they've seen[01]Imperial troops[02]poking around the[01]town lately...[02]Makes you wonder if[01]they're reckoning to[01]start another war...""",142,
AREAS004.DAT:8:12,AREAS004.DAT,8,12,"""If you're looking[01]for something, you[01]should try asking[02]around in the[01]tavern...[02]'Course, I dunno if[01]I'd want t'go there[01]if I was a girl...""",140,
AREAS004.DAT:8:13,AREAS004.DAT,8,13,"""Well well...What[01]have we here?[02]Don't see many women[01]in a tavern.""",67,
AREAS004.DAT:8:14,AREAS004.DAT,8,14,"[14][03][03]""I don't know why[01]you're looking for[02]what you're looking[01]for, and I don't[01]care, either...[02]But you won't find[01]what you're looking[01]for here, missy...""",152,[14][03]
AREAS004.DAT:8:16,AREAS004.DAT,8,16,"[14][04][04]""Thanks![02]Don't worry---it's[01]for real! I wouldn't[01]try to cheat anyone!""",74,[14][04]
AREAS004.DAT:8:17,AREAS004.DAT,8,17,"[14][04][04]""I mean it--it's a[01]good deal!""",34,[14][04]
AREAS004.DAT:8:18,AREAS004.DAT,8,18,"[14][04][04]""Hey! Looks like you[01]don't even have that[01]much zenny!""",58,[14][04]
AREAS004.DAT:8:19,AREAS004.DAT,8,19,"""Found what you were[01]looking for yet?""",39,
AREAS004.DAT:8:21,AREAS004.DAT,8,21,"[14][01][01]""I lost everything I[01]had when I fell into[01]that crater!""[02][14][FF][FF][14][80]@""Don't worry about[01]it. I mean,[02]it was just some[01]clothing and[01]stuff, right?""",141,[14][01]
AREAS004.DAT:8:22,AREAS004.DAT,8,22,"""See that merchant[01]over there?[02]Says he lost all his[01]stuff when he fell[01]in a hole somewhere!""",93,
AREAS004.DAT:8:23,AREAS004.DAT,8,23,"[14][02][02]""I ain't full yet![01]munch munch munch""",41,[14][02]
AREAS004.DAT:8:24,AREAS004.DAT,8,24,"""Well, I guess[01]getting cheated out[01]of your money's not[02]so bad...I mean, it[01]could be worse...[02]At least nobody gets[01]hurt or killed,[01]right?""",138,
AREAS004.DAT:8:25,AREAS004.DAT,8,25,"""That old man's been[01]here forever,[02]just sitting there[01]eating...[02]He's probably heard[01]just about every[02]story of everyone who[01]comes in here.""",139,
AREAS004.DAT:8:26,AREAS004.DAT,8,26,"[14][03][03]""You won't find what[01]you're looking for[01]here.[02]This is a tavern,[01]not a...""",77,[14][03]
AREAS004.DAT:8:27,AREAS004.DAT,8,27,"[14][03][03]""Oh, you know about[01]that?[02]Well now, that's[01]different then,[01]isn't it?""",73,[14][03]
AREAS004.DAT:8:28,AREAS004.DAT,8,28,"[14][03][03]""Come this way.""",20,[14][03]
AREAS004.DAT:8:29,AREAS004.DAT,8,29,"[14][03][03]""When you deal in[01]contraband, you can't[01]be too careful, eh?""",64,[14][03]
AREAS004.DAT:8:30,AREAS004.DAT,8,30,"[14][05][05]""You're probably[01]wondering why we go[02]to all this trouble,[01]aren't you?""",74,[14][05]
AREAS004.DAT:8:31,AREAS004.DAT,8,31,"[0C][05][14][05][05]""That's because[01]selling sandfliers[02]is a dangerous[01]business.""",66,
AREAS004.DAT:8:32,AREAS004.DAT,8,32,"[0C][05][14][05][05]""See, sandfliers were[01]originally designed[01]as war machines.[02]If the Empire found[01]out we were selling[01]them,[02]the next time a war[01]breaks out, they'd[01]come after us!""",165,
AREAS004.DAT:8:33,AREAS004.DAT,8,33,"[0C][05][14][05][05]""I don't want this[01]place to end up under[01]a hex,[02]like Chamba or[01]Synesta--no thank[01]you!""",92,
AREAS004.DAT:8:34,AREAS004.DAT,8,34,"[0C][06][14][C1]@""Does that mean you[01]don't have any[01]sandflier parts!?""",59,
AREAS004.DAT:8:35,AREAS004.DAT,8,35,"[0C][05][14][05][05]""Not exactly...[02]There's a place they[01]call [05][02]Sandflier[01]Valley[06] near here.[02]It's a junkyard, full[01]of old, broken down[01]sandfliers.""",133,
AREAS004.DAT:8:36,AREAS004.DAT,8,36,"[0C][05][14][05][05]""If you go there[01]and bring back some[01]useable material,[02]I'll make you your[01]sandflier parts.[01]Deal?""",103,
AREAS004.DAT:8:37,AREAS004.DAT,8,37,"[0C][06][14][C1]@""All right then,[01]we'll go to this[02][05][02]Sandflier Valley[06],[01]and get you the[01]material you need.""",96,
AREAS004.DAT:8:38,AREAS004.DAT,8,38,"[14][05][05]""Sorry for all the[01]secrecy, but[02]you can't be too[01]careful in this[01]business...""",81,[14][05]
AREAS004.DAT:8:39,AREAS004.DAT,8,39,"[14][06][06]""The valley's to the[01]south of the town.""",44,[14][06]
AREAS004.DAT:8:40,AREAS004.DAT,8,40,"""I wonder if there's[01]going to be another[01]war...I hope not!""",60,
AREAS004.DAT:8:41,AREAS004.DAT,8,41,"""I've heard rumors[01]that there are[02]Imperial troops here[01]in town...""",67,
AREAS004.DAT:8:42,AREAS004.DAT,8,42,"[0C][06][14][81]A""[0D]Wha-[0E][0F]",14,
AREAS004.DAT:8:43,AREAS004.DAT,8,43,"[0C][03][14][07][07]""Don't be afraid...[02]I just want some[01]information, that's[01]all.[02]I want you to tell[01]me all about the[02]monster you say you[01]saw.""",129,
AREAS004.DAT:8:44,AREAS004.DAT,8,44,"[0C][04][14][81]A""Heh![02]I ain't got nothin'[01]to tell you! Pah!""",50,
AREAS004.DAT:8:45,AREAS004.DAT,8,45,"[0C][03][14][07][07]""Well!...[0B][02]I'd try to be[01]a little more[02]cooperative if[01]I were you...""",74,
AREAS004.DAT:8:46,AREAS004.DAT,8,46,"[0C][0B][14][07][07]""Otherwise...[0B]Things[01]might get a little[01]uncomfortable...[02]And we wouldn't want[01]that, now would we?""",104,
AREAS004.DAT:8:47,AREAS004.DAT,8,47,"[0C][0C][14][88][08]""What do you think[01]you're doing!?""",40,
AREAS004.DAT:8:48,AREAS004.DAT,8,48,"[0C][06][14][89]H""Wh...[0B]Why are you[01]doing this!?[02]I thought the war[01]was supposed to be[01]over!""",81,
AREAS004.DAT:8:49,AREAS004.DAT,8,49,"[0C][05][14][07][07]""Why? Because I don't[01]like people who try[01]to hide things.[02]Besides...""",75,
AREAS004.DAT:8:50,AREAS004.DAT,8,50,"[0C][03][14][07][07]""The war's not [05][02]over[06].[02]There's been a [05][02]cease-[01]fire[06] called, that's[01]all.[02]Do you understand[01]the difference,[01]missy...""",123,
AREAS004.DAT:8:51,AREAS004.DAT,8,51,"[0C][03][14][07][07]""Wait...[0B]You're a[01]Wyndian...[02][14][0A][09]""Well well, if it[01]isn't the little[01]princess!""",83,
AREAS004.DAT:8:52,AREAS004.DAT,8,52,"[0C][03][14][07][07]""We were sent out to[01]find a dragon, but[02]we found a little[01]bird instead![02][14][0A][09]Grab her, men--no[01]reason we shouldn't[01]take her as well!""",137,
AREAS004.DAT:8:53,AREAS004.DAT,8,53,"[0C][06][14][C1]@""W...Wait![02]Do you know something[01]about my sister...!?""",60,
AREAS004.DAT:8:54,AREAS004.DAT,8,54,"[0C][03][14][07][07]""By the power granted[01]me, I command thee![02]Warrior spirit![01]Thou art summoned!""",83,
AREAS004.DAT:8:55,AREAS004.DAT,8,55,"[0C][03][14][07][07]""Joh...I want you to[01]capture that girl.[02]Be careful not to[01]hurt her...Too much.""",85,
AREAS004.DAT:8:56,AREAS004.DAT,8,56,"[0C][03][14][07][07]""My! You're stronger[01]than you look!""",42,
AREAS004.DAT:8:57,AREAS004.DAT,8,57,"[0C][03][14][07][07]""Ho...What's this?[02]A dashing knight,[01]come to save the[01]Princess?""",70,
AREAS004.DAT:8:58,AREAS004.DAT,8,58,"[0C][03][14][07][07]""How gallant.[02]You know it's a[01]knight's job to[02]protect his lady,[01]don't you?[02][14][0A][09]""Where have you been[01]all this time?[02]Afraid, hiding in[01]some closet or...""",156,
AREAS004.DAT:8:59,AREAS004.DAT,8,59,"[0C][03][14][07][07]""H...[0B][0B]How [0D]dare[0E][0F][02][01]you!? You filthy[01]little...""",53,
AREAS004.DAT:8:60,AREAS004.DAT,8,60,"[0C][04][14][89]H""L...[0B]Let's get[01]out of here...!""",38,
AREAS004.DAT:8:61,AREAS004.DAT,8,61,"[0C][05][14][07][07]""What're you just[01]standing around for!?[02]After them!!""",59,
AREAS004.DAT:8:62,AREAS004.DAT,8,62,"[14][02][02]""munch munch munch...[02]Huh? You want to talk[01]to me?""",55,[14][02]
AREAS004.DAT:8:63,AREAS004.DAT,8,63,"[14][02][02]""Hmmm...munch munch[02]Well, if you want[01]something from[01]someone,[02]you gotta have the[01]right attitude,[01]don'tcha think?""[12][01][0C][92]OK, I'll buy you[08]some food.[01]What do you mean?",166,[14][02]
AREAS004.DAT:8:64,AREAS004.DAT,8,64,"[14][02][02]""Come back when[01]you've learned some[01]manners...munch!""",57,[14][02]
AREAS004.DAT:8:65,AREAS004.DAT,8,65,"[14][02][02]""You mean it?[01]Thanks...[02]I don't want you to[01]feel obliged or[01]anything, though.""",82,[14][02]
AREAS004.DAT:8:67,AREAS004.DAT,8,67,"   Minigame Instructions[14][02][02]""...[0B]...[0B]...[02][0D]Buuuuurp![0E][0F][09][01]Boy, I'm full! That[01]was good![02]All right then, I'll[01]tell you what you[01]want to know![02]If you're looking for[01]something, go talk to[02]the information[01]broker in front of[01]the inn![02]He can tell you where[01]to find what you're[01]looking for![02]burp!""",287,
AREAS004.DAT:8:68,AREAS004.DAT,8,68,"[14][02][02]""...[0B]...[0B]...[02][0D]Buuuuurp![0E][0F][09][01]Boy, I'm full! That[01]was good![02]All right then, I'll[01]tell you what you[01]want to know![02]If you're looking for[01]something, go talk to[02]the information[01]broker in front of[01]the inn![02]He can tell you where[01]to find what you're[01]looking for![02]burp!""",263,[14][02]
AREAS004.DAT:8:69,AREAS004.DAT,8,69,"[14][02][02]""[0D]Uuuhhhhh....[0E][0F][02][02]I think I had too[01]much to eat...[01]My stomach...[02]H[0B]u[0B]r[0B]t[0B]s...""",82,[14][02]
AREAS004.DAT:8:70,AREAS004.DAT,8,70,"[14][02][02]""[0D]baaaarrrrfff![01]Ih....Ih thinkh Ih[01]drankh too much![0E][0F][01]""",59,[14][02]
AREAS004.DAT:8:71,AREAS004.DAT,8,71,"[14][02][02]""munch munch...Huh?[02]You going to buy me[01]something else?""[12][01][0C][82]Yes[01]No",70,[14][02]
AREAS004.DAT:8:72,AREAS004.DAT,8,72,"[14][02][02]""You will! Well then,[01]let's not waste any[01]time!""",52,[14][02]
AREAS004.DAT:8:73,AREAS004.DAT,8,73,[0C]!Do you want to read the[01]instructions?[12][02][0C][82]Yes[01]No,50,
AREAS004.DAT:8:74,AREAS004.DAT,8,74,"[14][02][02]""munch munch crunch[02]Are you going to buy[01]me something or not?""[12][01][0C][82]Yes[01]No",76,[14][02]
AREAS004.DAT:8:75,AREAS004.DAT,8,75,"[14][02][02]""Hmmm...[02]That's not the way[01]to ask a favor of[01]someone!""",59,[14][02]
AREAS004.DAT:8:76,AREAS004.DAT,8,76,"[14][02][02]""Have you met with[01]the information[01]broker yet?[02]You can find him in[01]front of the inn,[01]you know.""",99,[14][02]
AREAS004.DAT:8:77,AREAS004.DAT,8,77,"[14][02][02]""I'm impressed! Don't[01]meet many young folks[01]as generous as you![02]Here--I got something[01]for you!""",99,[14][02]
AREAS004.DAT:8:80,AREAS004.DAT,8,80,[05][02]Happy[06],9,
AREAS004.DAT:8:92,AREAS004.DAT,8,92,"""Really? You got[01]enough money to buy[01]me food?""[12][03][0C][82]Yes[01]No",57,
AREAS004.DAT:8:95,AREAS004.DAT,8,95,"""They say there's a[01]cease-fire right[01]now...[02]Don't want to think[01]about what would[02]happen if the war[01]started up again...""",120,
AREAS004.DAT:8:96,AREAS004.DAT,8,96,"""Some people say[01]they've seen[01]Imperial troops[02]poking around the[01]town lately...[02]Makes you wonder if[01]they're reckoning to[01]start another war...""",142,
AREAS004.DAT:8:99,AREAS004.DAT,8,99,"""Huh? Looks like you[01]don't have enough[01]zenny there.""",53,
AREAS004.DAT:8:100,AREAS004.DAT,8,100,"""I wonder if they'd[01]use a hex against us[01]if we went to war,[02]like they did with[01]Chamba and Synesta.[02]Just the thought of[01]it scares me silly!""",140,
AREAS004.DAT:8:101,AREAS004.DAT,8,101,"""People say that[01]Imperial troops've[01]come to town.[02]Does that mean we're[01]at war again?""",86,
AREAS004.DAT:8:102,AREAS004.DAT,8,102,"[14][0B][0A]""[0D][0F][08]Hmmmmmmmmmm![0E][02][0B]...[0B]...[0B]That was[01]a yawn. Hmmm...""",56,[14][0B]
AREAS004.DAT:8:103,AREAS004.DAT,8,103,"[0A][02]""squeek!""",12,
AREAS004.DAT:8:104,AREAS004.DAT,8,104,"""[0D][0F][01]I'm not af-afraid[01]of mice![0E][02][0D][0F][01]I-I just don't want[01]to c-come down...[01][0B][0B][0B]That's all![0E]""",90,
AREAS004.DAT:8:105,AREAS004.DAT,8,105,"[14][03][03]""Haven't got as many[01]customers since that[02]trouble with those[01]Imperial troops...""",84,[14][03]
AREAS004.DAT:8:106,AREAS004.DAT,8,106,"""You've gotten more[01]manly since you were[01]here last.""",53,
AREAS004.DAT:8:107,AREAS004.DAT,8,107,"""I heard from a guy[01]passing through that[02]the Empire uses[01]something called a[01]Carronade to put a[02]hex on its enemies...[02]Is it true?""",130,
AREAS004.DAT:8:108,AREAS004.DAT,8,108,"""First it's Imperial[01]troops in the town,[02]next it's that[01]Carronade of[01]theirs...[02]I guess it's true[01]what they say--[02]that another war is[01]starting...""",146,
AREAS004.DAT:8:109,AREAS004.DAT,8,109,"[14][03][03]""You looking for the[01]people who were here?[02]They all got scared[01]and ran off!""",80,[14][03]
AREAS004.DAT:8:110,AREAS004.DAT,8,110,"""That fancy Imperial[01]fellow was a sight to[02]see with that big[01]scar on his face!""",80,
AREAS004.DAT:8:111,AREAS004.DAT,8,111,"""I heard those troops[01]were looking for a[01]dragon...[02]I'm just glad they[01]weren't here to start[01]another war!""",106,
AREAS004.DAT:8:112,AREAS004.DAT,8,112,"""I wish those troops[01]would save all their[01]energy for the[02]dragons they're[01]looking for, and[01]leave us alone!""",107,
AREAD005.DAT:8:0,AREAD005.DAT,8,0,    [05][02]Sluice Control Panel[06][01]    Unauthorized access[01]         prohibited!,73,
AREAD005.DAT:8:1,AREAD005.DAT,8,1,    [05][02]Sluice Control Panel[06][01]    Unauthorized access[01]         prohibited!,73,
AREAD005.DAT:8:5,AREAD005.DAT,8,5,"[14][01][01]""It...[0B]stopped!""",20,[14][01]
AREAD005.DAT:8:6,AREAD005.DAT,8,6,"[0C][01][14][02][02]""Who's playing around[01]with the sluice?""",45,
AREAD005.DAT:8:7,AREAD005.DAT,8,7,"[0C][05][14][02][02]""You want to close[01]the sluice?""",37,
AREAD005.DAT:8:8,AREAD005.DAT,8,8,"[0C][04][14]B@""Uh...Yeah...Yeah, we[01]do, but this machine[01]here...""",57,
AREAD005.DAT:8:9,AREAD005.DAT,8,9,"[0C][04][14][C1]@""Yes, that's right...[01]But this machine...""",48,
AREAD005.DAT:8:10,AREAD005.DAT,8,10,"[0C][05][14][82][02]""It's stopped, right?[02]It's been a little[01]stiff lately...[02]You have to turn it[01]really fast to get[01]it to work.""",114,
AREAD005.DAT:8:11,AREAD005.DAT,8,11,"[0C][05][14][02][02]""Here...[0B]I'll explain[01]what you have to do.""",49,
AREAD005.DAT:8:12,AREAD005.DAT,8,12,"[0C][05][14][02][02]""First, you have to[01]turn this [05][02]flywheel[06][01]here by hand.""",62,
AREAD005.DAT:8:13,AREAD005.DAT,8,13,"[0C][05][14][02][02]""Then, when the[01]wheel's spinning[01]fast enough,[02]flip this switch[01]here.""",75,
AREAD005.DAT:8:14,AREAD005.DAT,8,14,"[0C][05][14][02][02]""If you just want to[01][05][02]close[06] the sluice,[02]it doesn't have to be[01]spinning that fast.[02]But, the faster it[01]goes, the easier it[01]is to operate,[02]so I wouldn't mind[01]if you put a little[02][05][04]extra effort[06] into[01]it.""",208,
AREAD005.DAT:8:15,AREAD005.DAT,8,15,[0C]!Do you want to read the[01]instructions?[12],41,
AREAD005.DAT:8:16,AREAD005.DAT,8,16,[0C]!Use the directional buttons[01]to make [04],40,
AREAD005.DAT:8:17,AREAD005.DAT,8,17,"[0C]!The trick to spinning the[01]wheel is to start out[01]slowly, then speed up.[02]You can turn the wheel in[01]either direction.[02]When the sound of the wheel[01]spinning becomes high-[01]pitched, that's the signal[02]to start the machine by[01]pressing the ~ button.[02]However, you might want to[01]see what happens if you[02]don't press the button and[01]let the machine continue[01]to speed up for a while.[02]If [04]",375,
AREAD005.DAT:8:18,AREAD005.DAT,8,18,"[0C][05][14][02][02]""All right then,[01]let's get started.[02]One of you has to[01]turn the wheel,[01]while someone else[02]has to come over here[01]to push the switch.""",137,
AREAD005.DAT:8:19,AREAD005.DAT,8,19,"[14][02][02]""Looks like you[01]didn't time it right.[02]You have to spin[01]it a little faster[01]than that.""",89,[14][02]
AREAD005.DAT:8:20,AREAD005.DAT,8,20,"[14][02][02]""Do you want to try[01]again?""[12][02][0C][82]Yes[01]No",41,[14][02]
AREAD005.DAT:8:21,AREAD005.DAT,8,21,"[14][02][02]""Do you want me[01]to explain how it[01]works?""[12][03][0C][82]Yes[01]No",55,[14][02]
AREAD005.DAT:8:22,AREAD005.DAT,8,22,"[14][02][02]""Looks like it[01]closed...""",29,[14][02]
AREAD005.DAT:8:23,AREAD005.DAT,8,23,"[14][02][02]""You should be able[01]to go across the top[01]of the sluice now.[02]I don't know where[01]you're headed, but[01]good luck to you!""",120,[14][02]
AREAD005.DAT:8:24,AREAD005.DAT,8,24,"[14][02][02]""You should be able[01]to go across the top[01]of the sluice now.[02]Also, it looks like[01]it's running a lot[01]smoother now.[02]Thanks a lot!""",131,[14][02]
AREAD005.DAT:8:25,AREAD005.DAT,8,25,"[14][02][02]""I'd like to give you[01]something for all[01]your work.[02]Here--hope you can[01]get some use out of[01]it!""",98,[14][02]
AREAD005.DAT:8:27,AREAD005.DAT,8,27,"[14][02][02]""Have a safe[01]journey.""",26,[14][02]
AREAD005.DAT:8:28,AREAD005.DAT,8,28,"[14][02][02]""I'd get across as[01]soon as I could if I[01]were you.[02]The dragon's acting[01]up again.""",84,[14][02]
AREAS005.DAT:8:0,AREAS005.DAT,8,0,"""You didn't get hurt[01]walking around the[01]village, did you?[02]The rooms here[01]aren't that big,[02]but you're welcome[01]to stay.""[12][86][0C][93]Rest[01]Diary[01]Never mind",144,
AREAS005.DAT:8:1,AREAS005.DAT,8,1,"""You didn't get hurt[01]walking around the[01]village, did you?[02]The rooms here[01]aren't that big,[02]but you're welcome[01]to stay.""[12][86][0C][93]Rest[01]Diary[01]Never mind",144,
AREAS005.DAT:8:3,AREAS005.DAT,8,3,"""This kind of trap's[01]called a bear trap.[02]It's important to[01]get the right kind[01]of spring,[02]and make sure the[01]teeth are nice and[01]sharp!""",134,
AREAS005.DAT:8:4,AREAS005.DAT,8,4,"""The mayor here is[01]a little eccentric...[02]He loves traps--[01]that's why the[02]village is full[01]of them! Only problem[01]is,[02]we get caught in them[01]ourselves sometimes!""",159,
AREAS005.DAT:8:5,AREAS005.DAT,8,5,"""Mayor said the best[01]way to keep the[02]village safe is to[01]rig it with traps!""",76,
AREAS005.DAT:8:7,AREAS005.DAT,8,7,"[14][80]@""[0A][06]Drop-in's, bonza![01]How's about a[01]flutter?""[02][14][FF][FF][14]",53,[14][80]
AREAS005.DAT:8:8,AREAS005.DAT,8,8,What's he talking about?[01]Tell him...[12],38,
AREAS005.DAT:8:9,AREAS005.DAT,8,9,"[14][80]@""[0A][06]No good, mate, but[01]you sure put in the[01]big ones!""[02][14][FF][FF][14]",61,[14][80]
AREAS005.DAT:8:10,AREAS005.DAT,8,10,"[14][80]@""[0A][06]Now I'm chuffed. You[01]gonna play with me?""[12][01][0C][13]Yes[01]No[01]What do you want to[08]   play?",87,[14][80]
AREAS005.DAT:8:14,AREAS005.DAT,8,14,"[14][80]@""[0A][04]No good, mate![01]You lose!""",32,[14][80]
AREAS005.DAT:8:20,AREAS005.DAT,8,20,That must mean he's in the[01][10][02]woods[11] to the west...Right?,57,
AREAS005.DAT:8:21,AREAS005.DAT,8,21,"[14][01][01]""Bet you've never[01]seen a village like[01]this before!""",55,[14][01]
AREAS005.DAT:8:22,AREAS005.DAT,8,22,"[0C][03][14][02][02]""Um...[0B]Well, no...""",25,
AREAS005.DAT:8:23,AREAS005.DAT,8,23,"[0C][04][14][81]A""Well, there's a good[01]reason for all the[01]traps.""",54,
AREAS005.DAT:8:25,AREAS005.DAT,8,25,"[0C][04][14][81]A""Oh...Knew about that[01]already, did you?""",46,
AREAS005.DAT:8:26,AREAS005.DAT,8,26,"[14][81]A""That's right![02]There's a passageway[01]to Synesta here.""",57,[14][81]
AREAS005.DAT:8:27,AREAS005.DAT,8,27,"[14][81]A""A lot of people from[01]Synesta fled here[02]during the war using[01]it.""",69,[14][81]
AREAS005.DAT:8:28,AREAS005.DAT,8,28,"[0C][04][14][81]A""Even though the war[01]may be over,[02]it's our job to[01]protect it, in case[02]anyone ever needs[01]to use it again.""",111,
AREAS005.DAT:8:30,AREAS005.DAT,8,30,"[0C][04][14][81]A""Well...[0B]...[0B][02]Sure, why not?[02]You don't look like[01]Imperial types...""",73,
AREAS005.DAT:8:31,AREAS005.DAT,8,31,"[0C][04][14][81]A""I'll open up the[01]passageway tomorrow[01]morning.[02]You can stay at the[01]inn until then.""",89,
AREAS005.DAT:8:33,AREAS005.DAT,8,33,"[14][81]A""Hmmm...[0B][0B]Huh?[01]Mmmm....[02]I've almost got an[01]idea for a new trap[01]worked out...""",81,[14][81]
AREAS005.DAT:8:34,AREAS005.DAT,8,34,"[14][81]A""Hmmm...[0B][0B]Huh?[01]Mmmm....[02]I've almost got an[01]idea for a new trap[01]worked out...""",81,[14][81]
AREAS007.DAT:8:5,AREAS007.DAT,8,5,"[14][01][01]""That armor we wear[01]to protect us from[02]the hex is really[01]heavy![02]Walking around in it[01]all day makes you[01]real hungry!""",120,[14][01]
AREAS007.DAT:8:6,AREAS007.DAT,8,6,"[14][02][02]""Uhhh...I don't feel[01]so good...[02]Maybe the hex got[01]to me...""",63,[14][02]
AREAS007.DAT:8:7,AREAS007.DAT,8,7,"[14][03][03]""See that fellow[01]standing there, in[01]front of the pot?[02]That's our boss,[01]Tahb.""",81,[14][03]
AREAS007.DAT:8:8,AREAS007.DAT,8,8,"[14][04][04]""Way I figure it, the[01]hex is like someone[01]talking bad about you.[02]I mean, when someone[01]says something bad,[02]you don't feel too[01]good, right?[02]So a hex is like[01]that, except lots[01]more powerful, see?""",197,[14][04]
AREAS007.DAT:8:9,AREAS007.DAT,8,9,"[14][05][05]""The hex the Empire[01]makes is like this[01]black mist...[02]And there's all sorts[01]of nasty stuff like[02]wraiths and specters[01]inside of it...[02]Even the smallest[01]exposure to it[02]without protection[01]is lethal!""",199,[14][05]
AREAS007.DAT:8:10,AREAS007.DAT,8,10,"[14][06][06]""This ain't a[01]place for women[01]and children...[02]Don't you know it's[01]been hexed!?",82,[14][06]
AREAS007.DAT:8:12,AREAS007.DAT,8,12,"[0C][04][14][C1]@""We need to get[01]through Chamba.[02]Is there any way we[01]can do that before[01]the hex disappears?""",97,
AREAS007.DAT:8:17,AREAS007.DAT,8,17,"[0C][04][14][C1]@""So all we need is a[01]guide, then?""[0B][0B][0B][15][12]",45,
AREAS007.DAT:8:20,AREAS007.DAT,8,20,"[14][04][04]""You want to go[01]through the hex?[01]Without any armor!?[02]Are you kidding!? You[01]wouldn't last five[01]seconds in there!""",116,[14][04]
AREAS007.DAT:8:21,AREAS007.DAT,8,21,"[14][05][05]""Well, there are some[01]places where the hex[02]is getting thin and[01]wearing off...[02]Nah, forget it--it's[01]too dangerous!""",118,[14][05]
AREAS007.DAT:8:22,AREAS007.DAT,8,22,"[14][06][06]""You want me to take[01]you through the hex?[02]Humph! You don't know[01]it like I do...[02]If you did, you'd[01]know better than to[01]even ask.""",132,[14][06]
AREAS007.DAT:8:23,AREAS007.DAT,8,23,"[14][07][07]""Everyone is all out[01]working.[02][19]",35,[14][07]
AREAS007.DAT:8:25,AREAS007.DAT,8,25,"[14][04][04]""What!? You're going[01]through with it!?[02]All right...It's your[01]choice, but don't say[01]I didn't warn you.""",106,[14][04]
AREAS007.DAT:8:26,AREAS007.DAT,8,26,"[14][04][04]""They're your[01]responsibility,[01][04][05].[02]You'd better take[01]good care of them!""",75,[14][04]
AREAS007.DAT:8:27,AREAS007.DAT,8,27,"[14][05][05]""Any exposure to the[01]mist is dangerous...[02]It can poison you, or[01]do funny things to[01]your head...[02]And sometimes, it'll[01]just plain kill you![02]No matter what you[01]do, stay away from[01]the mist!""",190,[14][05]
AREAS007.DAT:8:28,AREAS007.DAT,8,28,"[14][05][05]""Just because you're[01]safe, [04][05], don't[01]forget they're not.[02]Make sure you protect[01]them--got it?""",97,[14][05]
AREAS007.DAT:8:29,AREAS007.DAT,8,29,"[14][06][06]""You're going to have[01][04][05] guide you[01]through the mist!?[02]You must be pretty[01]brave to try[01]something like that!""",111,[14][06]
AREAS007.DAT:8:30,AREAS007.DAT,8,30,"[14][06][06]""I always knew you[01]were a funny one...[02]Figures you'd take[01]this job!""",72,[14][06]
AREAS007.DAT:8:31,AREAS007.DAT,8,31,"[14][08][08]""The center of[01]Chamba is pretty[01]confusing...[02]Make sure you don't[01]get lost.""",79,[14][08]
AREAS007.DAT:8:32,AREAS007.DAT,8,32,"[14][08][08]""Just make sure you[01]get them out alive,[01]eh [04][05]?""",51,[14][08]
AREAS007.DAT:8:33,AREAS007.DAT,8,33,"""If you want to sleep, I[01]can let you use one of[01]these beds.""[12][86][0C][93]Rest[01]Diary[01]Never mind",86,
AREAS007.DAT:8:34,AREAS007.DAT,8,34,"[14][01][01]""Everyone's out[01]working.[02]Me? I, uh...[0B]I'm[01]sick.""",52,[14][01]
AREAS007.DAT:8:35,AREAS007.DAT,8,35,"[14][08][08]""Not working as hard[01]as I used to...[02]Just don't have the[01]energy anymore.[02]It must be the hex...[01]Yeah, that's it--it's[01]gotta be the hex!""",139,[14][08]
AREAS007.DAT:8:36,AREAS007.DAT,8,36,"[14][04][04]""This hex is pretty[01]potent...Never seen[01]one like it before.[02]I mean, we were able[01]to clean up Synesta[01]in no time at all!""",124,[14][04]
AREAS007.DAT:8:37,AREAS007.DAT,8,37,"[14][01][01]""All right, all[01]right, [04][05]...[02]I'll go to work once[01]I finish eating this,[01]OK?""",80,[14][01]
AREAS007.DAT:8:38,AREAS007.DAT,8,38,"[14][04][04]""Come to think of[01]it...[02]You weren't with us[01]when we cleaned up[01]Synesta, were you?""",86,[14][04]
AREAS007.DAT:8:39,AREAS007.DAT,8,39,"[14][08][08]""Took you a while to[01]get back, eh [04][05]?[02]Did you get lost in[01]there?""",69,[14][08]
AREAS007.DAT:8:40,AREAS007.DAT,8,40,"[14][03][03]""Just you wait and[01]see--we'll have this[02]place cleaned up any[01]day now...It'll look[01]just like Synesta!""",105,[14][03]
AREAS007.DAT:8:41,AREAS007.DAT,8,41,"[14][09][09]""What're we going to[01]do with ourselves[01]once we finish here?""[02][14][FF][FF][14][8A]J""Well, they said if[01]another war starts,[02]they'll give us a[01]call.""",135,[14][09]
AREAS007.DAT:8:43,AREAS007.DAT,8,43,"[14][0A][0A]""Have you heard? They[01]say there's some kind[02]of fish monster or[01]something living deep[01]inside the city!""[02][14][FF][FF][14][89]I""Yeah, I've heard[01]about it.[02]What do expect? That[01]hex affects anything[01]it touches--[02]I bet there's all[01]kinds of strange[01]stuff in there!""",247,[14][0A]
AREAS008.DAT:8:5,AREAS008.DAT,8,5,"[14][01][01]""That armor we wear[01]to protect us from[02]the hex is really[01]heavy![02]Walking around in it[01]all day makes you[01]real hungry!""",120,[14][01]
AREAS008.DAT:8:6,AREAS008.DAT,8,6,"[14][02][02]""Uhhh...I don't feel[01]so good...[02]Maybe the hex got[01]to me...""",63,[14][02]
AREAS008.DAT:8:7,AREAS008.DAT,8,7,"[14][03][03]""See that fellow[01]standing there, in[01]front of the pot?[02]That's our boss,[01]Tahb.""",81,[14][03]
AREAS008.DAT:8:8,AREAS008.DAT,8,8,"[14][04][04]""Way I figure it, the[01]hex is like someone[01]talking bad about you.[02]I mean, when someone[01]says something bad,[02]you don't feel too[01]good, right?[02]So a hex is like[01]that, except lots[01]more powerful, see?""",197,[14][04]
AREAS008.DAT:8:9,AREAS008.DAT,8,9,"[14][05][05]""The hex the Empire[01]makes is like this[01]black mist...[02]And there's all sorts[01]of nasty stuff like[02]wraiths and specters[01]inside of it...[02]Even the smallest[01]exposure to it[02]without protection[01]is lethal!""",199,[14][05]
AREAS008.DAT:8:10,AREAS008.DAT,8,10,"[14][06][06]""This ain't a[01]place for women[01]and children...[02]Don't you know it's[01]been hexed!?",82,[14][06]
AREAS008.DAT:8:12,AREAS008.DAT,8,12,"[0C][04][14][C1]@""We need to get[01]through Chamba.[02]Is there any way we[01]can do that before[01]the hex disappears?""",97,
AREAS008.DAT:8:17,AREAS008.DAT,8,17,"[0C][04][14][C1]@""So all we need is a[01]guide, then?""[0B][0B][0B][15][12]",45,
AREAS008.DAT:8:20,AREAS008.DAT,8,20,"[14][04][04]""You want to go[01]through the hex?[01]Without any armor!?[02]Are you kidding!? You[01]wouldn't last five[01]seconds in there!""",116,[14][04]
AREAS008.DAT:8:21,AREAS008.DAT,8,21,"[14][05][05]""Well, there are some[01]places where the hex[02]is getting thin and[01]wearing off...[02]Nah, forget it--it's[01]too dangerous!""",118,[14][05]
AREAS008.DAT:8:22,AREAS008.DAT,8,22,"[14][06][06]""You want me to take[01]you through the hex?[02]Humph! You don't know[01]it like I do...[02]If you did, you'd[01]know better than to[01]even ask.""",132,[14][06]
AREAS008.DAT:8:23,AREAS008.DAT,8,23,"[14][07][07]""Everyone is all out[01]working.[02][19]",35,[14][07]
AREAS008.DAT:8:25,AREAS008.DAT,8,25,"[14][04][04]""What!? You're going[01]through with it!?[02]All right...It's your[01]choice, but don't say[01]I didn't warn you.""",106,[14][04]
AREAS008.DAT:8:26,AREAS008.DAT,8,26,"[14][04][04]""They're your[01]responsibility,[01][04][05].[02]You'd better take[01]good care of them!""",75,[14][04]
AREAS008.DAT:8:27,AREAS008.DAT,8,27,"[14][05][05]""Any exposure to the[01]mist is dangerous...[02]It can poison you, or[01]do funny things to[01]your head...[02]And sometimes, it'll[01]just plain kill you![02]No matter what you[01]do, stay away from[01]the mist!""",190,[14][05]
AREAS008.DAT:8:28,AREAS008.DAT,8,28,"[14][05][05]""Just because you're[01]safe, [04][05], don't[01]forget they're not.[02]Make sure you protect[01]them--got it?""",97,[14][05]
AREAS008.DAT:8:29,AREAS008.DAT,8,29,"[14][06][06]""You're going to have[01][04][05] guide you[01]through the mist!?[02]You must be pretty[01]brave to try[01]something like that!""",111,[14][06]
AREAS008.DAT:8:30,AREAS008.DAT,8,30,"[14][06][06]""I always knew you[01]were a funny one...[02]Figures you'd take[01]this job!""",72,[14][06]
AREAS008.DAT:8:31,AREAS008.DAT,8,31,"[14][08][08]""The center of[01]Chamba is pretty[01]confusing...[02]Make sure you don't[01]get lost.""",79,[14][08]
AREAS008.DAT:8:32,AREAS008.DAT,8,32,"[14][08][08]""Just make sure you[01]get them out alive,[01]eh [04][05]?""",51,[14][08]
AREAS008.DAT:8:33,AREAS008.DAT,8,33,"""If you want to sleep, I[01]can let you use one of[01]these beds.""[12][86][0C][93]Rest[01]Diary[01]Never mind",86,
AREAS008.DAT:8:34,AREAS008.DAT,8,34,"[14][01][01]""Everyone's out[01]working.[02]Me? I, uh...[0B]I'm[01]sick.""",52,[14][01]
AREAS008.DAT:8:35,AREAS008.DAT,8,35,"[14][08][08]""Not working as hard[01]as I used to...[02]Just don't have the[01]energy anymore.[02]It must be the hex...[01]Yeah, that's it--it's[01]gotta be the hex!""",139,[14][08]
AREAS008.DAT:8:36,AREAS008.DAT,8,36,"[14][04][04]""This hex is pretty[01]potent...Never seen[01]one like it before.[02]I mean, we were able[01]to clean up Synesta[01]in no time at all!""",124,[14][04]
AREAS008.DAT:8:37,AREAS008.DAT,8,37,"[14][01][01]""All right, all[01]right, [04][05]...[02]I'll go to work once[01]I finish eating this,[01]OK?""",80,[14][01]
AREAS008.DAT:8:38,AREAS008.DAT,8,38,"[14][04][04]""Come to think of[01]it...[02]You weren't with us[01]when we cleaned up[01]Synesta, were you?""",86,[14][04]
AREAS008.DAT:8:39,AREAS008.DAT,8,39,"[14][08][08]""Took you a while to[01]get back, eh [04][05]?[02]Did you get lost in[01]there?""",69,[14][08]
AREAS008.DAT:8:40,AREAS008.DAT,8,40,"[14][03][03]""Just you wait and[01]see--we'll have this[02]place cleaned up any[01]day now...It'll look[01]just like Synesta!""",105,[14][03]
AREAS008.DAT:8:41,AREAS008.DAT,8,41,"[14][09][09]""What're we going to[01]do with ourselves[01]once we finish here?""[02][14][FF][FF][14][8A]J""Well, they said if[01]another war starts,[02]they'll give us a[01]call.""",135,[14][09]
AREAS008.DAT:8:43,AREAS008.DAT,8,43,"[14][0A][0A]""Have you heard? They[01]say there's some kind[02]of fish monster or[01]something living deep[01]inside the city!""[02][14][FF][FF][14][89]I""Yeah, I've heard[01]about it.[02]What do expect? That[01]hex affects anything[01]it touches--[02]I bet there's all[01]kinds of strange[01]stuff in there!""",247,[14][0A]
AREAS009.DAT:8:0,AREAS009.DAT,8,0,"[14][80]@""[0A][02]woof!""",13,[14][80]
AREAS009.DAT:8:1,AREAS009.DAT,8,1,"[14][80]@""[0A][02]woof!""",13,[14][80]
AREAS009.DAT:8:2,AREAS009.DAT,8,2,"[14][81]A""Don't get many[01]folks out here...[02]Ain't nothin' much[01]here 'cept for odds[01]n' ends...[02]What can I do fer[01]ya?""",110,[14][81]
AREAS009.DAT:8:3,AREAS009.DAT,8,3,"[14][81]A""Hmmm...[0B]I see.[01]Lookin' for parts,[01]eh?[02]Well, I suppose ya[01]might be able t'find[01]whatcha need here...""",104,[14][81]
AREAS009.DAT:8:4,AREAS009.DAT,8,4,"[14][81]A""Well, suit yerself.[02]If ya need me, ya[01]know where t'find[01]me.""",65,[14][81]
AREAS009.DAT:8:5,AREAS009.DAT,8,5,"[14][81]A""That'll be 25[01]zenny then.""",31,[14][81]
AREAS009.DAT:8:6,AREAS009.DAT,8,6,"[14][81]A""Thank you kindly.[01]Good luck t'ya!""",39,[14][81]
AREAS009.DAT:8:7,AREAS009.DAT,8,7,"[14][81]A""That'll cost you[01]50 zenny.""",32,[14][81]
AREAS009.DAT:8:8,AREAS009.DAT,8,8,"[14][81]A""Yer shovel broke,[01]did it? Well, thems[01]the breaks. Ha ha ha![02]If ya needs me, ya[01]know where t'find[01]me.""",106,[14][81]
AREAS009.DAT:8:9,AREAS009.DAT,8,9,"[14][80]@""[0A][02]woof!""",13,[14][80]
AREAS009.DAT:8:10,AREAS009.DAT,8,10,"""Ya wanna borrow a[01]shovel and m'dog[01]again?""[19]",45,
AREAS009.DAT:8:11,AREAS009.DAT,8,11,"""If yer all done,[01]I'll take m'shovel[01]back then.[02]If ya needs me, ya[01]know where t'find[01]me.""",90,
AREAS009.DAT:8:12,AREAS009.DAT,8,12,"[14][81]A""Hey! Ya ain't got[01]enough money there!""",43,[14][81]
AREAS009.DAT:8:13,AREAS009.DAT,8,13,"[14][81]A""The parts yer[01]lookin' for are all[01]buried in the sand.[02]Yer gonna need a[01]shovel t'dig 'em[01]out.[02]If'n ya have a dog[01]that can scent them[01]out,[02]ya might be able[01]t'find what yer[01]looking for.""",188,[14][81]
AREAS009.DAT:8:14,AREAS009.DAT,8,14,"[14][81]A""I'll loan ya a[01]shovel and m'dog for[01]25 zenny each.[19]",56,[14][81]
AREAS009.DAT:8:15,AREAS009.DAT,8,15,Do you want to operate the[01]winch?[12][01][0C][82]Yes[01]No,44,
AREAS009.DAT:8:16,AREAS009.DAT,8,16,    [05][02]Winch Under Repairs[06][01] Caution: Standing on the[01] anchor will activate it.,79,
AREAS009.DAT:8:17,AREAS009.DAT,8,17,"[14][81]A""Don't think there's[01]anything left there.[02]Ya won't find nuthin'[01]else, no matter how[01]hard ya look.""",102,[14][81]
AREAS009.DAT:8:18,AREAS009.DAT,8,18,The [05][02]anchor[06] has already[01]been lowered.,40,
AREAS010.DAT:8:0,AREAS010.DAT,8,0,You've been kicked out...,26,
AREAS010.DAT:8:1,AREAS010.DAT,8,1,You've been kicked out...,26,
AREAS010.DAT:8:2,AREAS010.DAT,8,2,"[0C][04][14][80]@""Temi, no![01]Topu, pomi!!""",30,
AREAS010.DAT:8:3,AREAS010.DAT,8,3,"[0C][04][14][80]@""Koh, purechi.[01]Temi, no!""",31,
AREAS010.DAT:8:4,AREAS010.DAT,8,4,"[0C][06][14][01][01]""What's all the noise[01]about? Poko, is that[01]you?""",54,
AREAS010.DAT:8:5,AREAS010.DAT,8,5,"[0C][04][14][01][01]""Well I'll be...[01]Visitors![02]Please, please--[01]come in!""",59,
AREAS010.DAT:8:6,AREAS010.DAT,8,6,"[14][81]A""I see...So you're[01]trying to get to[01]the mainland, huh?""",59,[14][81]
AREAS010.DAT:8:7,AREAS010.DAT,8,7,"[0C][06][14][81]A""I've kind of settled[01]down now, but back in[01]the day,[02]I was quite the[01]adventurer myself.[02]I came here from the[01]mainland several[01]years ago.""",143,
AREAS010.DAT:8:8,AREAS010.DAT,8,8,"[0C][06][14][81]A""Then of course I met[01]my wife,[02]and I ended up[01]staying here.""",66,
AREAS010.DAT:8:9,AREAS010.DAT,8,9,"[0C][06][14][81]A""I'm sorry--I haven't[01]properly introduced[01]myself! How rude![02]My name is Beyd, and[01]this is Sen, Shami,[01]Rinpo, Poske, and Peso.[02]They wanted to see[01]you--[02]we don't get many[01]visitors here, you[01]know...""",201,
AREAS010.DAT:8:10,AREAS010.DAT,8,10,"[0C][06][14][81]A""And this is Poko,[01]my wife.[02]Pretty cute, isn't[01]she?""",58,
AREAS010.DAT:8:11,AREAS010.DAT,8,11,"[0C][06][14][80]@""Pokko, pyuui![02]Ni, waama poto[01]pyuui!""",43,
AREAS010.DAT:8:12,AREAS010.DAT,8,12,"[0C][06][14][81]A""She says your[01]wife is also[01]very beautiful.""",50,
AREAS010.DAT:8:13,AREAS010.DAT,8,13,"[0C][05][14][02][02]""Um...Anyway...[02]Can you tell us how[01]we can get to the[01]mainland from here?""",80,
AREAS010.DAT:8:14,AREAS010.DAT,8,14,"[0C][05][14][81]A""Oh, that's right![01]I'm sorry!""",36,
AREAS010.DAT:8:15,AREAS010.DAT,8,15,"[0C][05][14][81]A""Well, the people who[01]told you that you can[01]get there from here[02]by crossing the flats[01]were right--you can.""",113,
AREAS010.DAT:8:16,AREAS010.DAT,8,16,"[14][81]A""However, you can[01]only do so when the[01]tide changes and[02]exposes the road[01]through the flats.[02]You have to time it[01]just right, before[01]the road disappears.""",155,[14][81]
AREAS010.DAT:8:17,AREAS010.DAT,8,17,"[14][02][02]""Well? When is that?""",25,[14][02]
AREAS010.DAT:8:18,AREAS010.DAT,8,18,"[0C][06][14][80]@""Purechi, suru ko![02]Taan, kalu.[01]Pokko kairu ni.""",53,
AREAS010.DAT:8:19,AREAS010.DAT,8,19,"[14][81]A""She says you should[01]stay here for a[01]while.[02]She'll tell you when[01]the time comes and[01]take you there.""",104,[14][81]
AREAS010.DAT:8:20,AREAS010.DAT,8,20,"[14][01][01]""The Pabpab seem to[01]know when it's[01]possible to cross[02]the flats. I don't[01]know how, but they[01]do.[02]Don't worry--when[01]the time comes,[01]they'll take you.""",151,[14][01]
AREAS010.DAT:8:28,AREAS010.DAT,8,28,It looks like these are[01]Beyd's notes on the[01]Pabpab language.[12],62,
AREAS010.DAT:8:29,AREAS010.DAT,8,29,"[05][02]ain[06]   --  during, a period[01][05][02]ishi[06]  --  east[01][05][02]kairu[06] --  guide, teach[02][05][02]ko[06]    --  here, this[01][05][02]michu[06] --  secret[01][05][02]nah[06]   --  fish[02][05][02]ni[06]    --  you, that[01][05][02]no[06]    --  wrong, bad",183,
AREAS010.DAT:8:30,AREAS010.DAT,8,30,"[05][02]nosta[06]    --  north[01][05][02]pabpab[06]   --  us[01][05][02]paketo[06]   --  but, still[02][05][02]poto[06]     --  more, amazing[01][05][02]purechi[06]  -- friend[02][05][02]pukapuka[06] --  slowly, relaxed[01](also has connotation of[01]""What will be, will be"")[02][05][02]rikuku[06]   --  medicine[01][05][02]roi[06]      --  rock, stone",255,
AREAS010.DAT:8:31,AREAS010.DAT,8,31,"[05][02]sanami[06] --  south[01][05][02]santo[06]  --  thanks[01][05][02]sonna[06]  --  sorry[02][05][02]taan[06]   --  time[01][05][02]tatoru[06] --  dance[01][05][02]temi[06]   --  enemy, bad person[02][05][02]treja[06]  --  treasure[01][05][02]ueshi[06]  --  west",174,
AREAS010.DAT:8:32,AREAS010.DAT,8,32,"[14][01][01]""What!? Someone's[01]sick?""",28,[14][01]
AREAS010.DAT:8:33,AREAS010.DAT,8,33,"[14][83]G""Yes, in that room[01]over there.[02]One of the Pabpabs[01]was crouched over[01]and moaning.""",85,[14][83]
AREAS010.DAT:8:34,AREAS010.DAT,8,34,"[14][01][01]""The truth is...[02]None of the herbs[01]around here can be[02]used to cure that[01]disease.[02]I've tried[01]everything,[01]but...""",115,[14][01]
AREAS010.DAT:8:35,AREAS010.DAT,8,35,"[14][83]G""Then...What's going[01]to happen to him!?""",44,[14][83]
AREAS010.DAT:8:36,AREAS010.DAT,8,36,"[14][01][01]""Besides, the Pabpab[01]say '[05][02]pukapuka[06]'...[02]'[05][02]What will be,[01]will be[06]'...[02]It's their way of[01]life...[02]Dying doesn't seem[01]to bother them much.""",142,[14][01]
AREAS010.DAT:8:37,AREAS010.DAT,8,37,"[14][C1]@""Well, it bothers me![01]We can't just let[01]him die![02]We'll go get the[01]herbs you need![02]Where can we find[01]them?""",110,[14][C1]
AREAS010.DAT:8:38,AREAS010.DAT,8,38,"[0C][06][14][C2]@""We can't just sit[01]around here waiting,[01]doing nothing.[02]Let us do something[01]to help pay back[01]your hospitality.""",116,
AREAS010.DAT:8:39,AREAS010.DAT,8,39,"[14][01][01]""All right then...[02]First, you'll need[01]to go to [05][02]Lyp[06].""",59,[14][01]
AREAS010.DAT:8:40,AREAS010.DAT,8,40,"[14][01][01]""The herbs we need[01]can be found[02]somewhere on the[01]ocean.[02]Someone in Lyp[01]should be able to[02]tell you where to[01]find it.""",120,[14][01]
AREAS010.DAT:8:41,AREAS010.DAT,8,41,"[14][01][01]""You should be able[01]to find out something[02]about the herbs in[01]Lyp.[02]Thank you for your[01]help.""",95,[14][01]
AREAS010.DAT:8:43,AREAS010.DAT,8,43,"[0C][04][14][81]A""Did you find the[01]herbs? Thank you so[01]much.[02]Come along--let's go[01]give them to him and[01]see what happens.""",110,
AREAS010.DAT:8:44,AREAS010.DAT,8,44,[03] gave the mozweed to[01]the Pabpab...,36,
AREAS010.DAT:8:46,AREAS010.DAT,8,46,It's working...?,17,
AREAS010.DAT:8:47,AREAS010.DAT,8,47,"[0C][02][14][01][01]""Um...[0B]Thank you.[02]I don't know if it[01]will work, but[01]pukapuka...[02]We'll just have to[01]wait and see, won't[01]we?""",113,
AREAS010.DAT:8:48,AREAS010.DAT,8,48,"[0C][02][14][01][01]""It's late. You[01]should rest.[02]We'll see how he[01]feels in the[01]morning.""",74,
AREAS010.DAT:8:49,AREAS010.DAT,8,49,"[0C][06][14][C1]@""Look! It looks like[01]the herbs worked!""",45,
AREAS010.DAT:8:51,AREAS010.DAT,8,51,"[14][01][01]""He says that[01]although he might[01]have gotten better[02]just by dancing, he's[01]sure the herbs you[01]brought helped him,[02]so he'd like to[01]thank you very much.""",153,[14][01]
AREAS010.DAT:8:53,AREAS010.DAT,8,53,"[14][01][01]""As I was saying,[01]'pukapuka' is their[01]way of life.[02]It means what will[01]be, will be...[02]It also has another[01]meaning--[02]that things will all[01]work out in the[01]end.""",161,[14][01]
AREAS010.DAT:8:55,AREAS010.DAT,8,55,"[14][84]G""Well, we're just[01]glad he got better.[02][14][85]GUm...He is happy he[01]got better, isn't[01]he?""",87,[14][84]
AREAS010.DAT:8:57,AREAS010.DAT,8,57,"[14][01][01]""Thank you--all of[01]you--for your help.""",43,[14][01]
AREAS010.DAT:8:58,AREAS010.DAT,8,58,"[0C][06][14][80]@""Purechi! Purechi!""",25,
AREAS010.DAT:8:60,AREAS010.DAT,8,60,"[14][81]A""It looks like the[01]tide is going out.[02]You'll be able to[01]cross the flats[01]very soon.""",87,[14][81]
AREAS010.DAT:8:62,AREAS010.DAT,8,62,"[0C][05][14][01][01]""Please, you must[01]hurry.[02]The road through the[01]flats will only be[02]exposed for a[01]little while!""",99,
AREAS010.DAT:8:63,AREAS010.DAT,8,63,"[0C][06][14][C1]@""Thank you for[01]letting us stay[01]here, Mr. Beyd!""",53,
AREAS010.DAT:8:64,AREAS010.DAT,8,64,"[0C][06][14][C2]@""Thanks.""",15,
AREAS010.DAT:8:65,AREAS010.DAT,8,65,"[0C][06][14][C5]@""[04][05] says we will[01]hurry.""",30,
AREAS010.DAT:8:66,AREAS010.DAT,8,66,"[0C][06][14][C4]@""Don't worry--we'll[01]make it.""",35,
AREAS010.DAT:8:67,AREAS010.DAT,8,67,"[0C][05][14][01][01]""Poko will show you[01]the way to the flats.[02]Good luck to you![01]Purechi pukapuka!""",84,
AREAS010.DAT:8:68,AREAS010.DAT,8,68,"[14][01][01]""What are you still[01]doing here?[02]You'd better hurry if[01]you want to get[01]across the flats!""",92,[14][01]
AREAS010.DAT:8:69,AREAS010.DAT,8,69,"[14][01][01]""Hello again![02]Were you able to make[01]it across the flats?""",61,[14][01]
AREAS011.DAT:8:1,AREAS011.DAT,8,1,"""Lot o' people from[01]the West who want to[02]sell things come[01]here to this town.""",78,
AREAS011.DAT:8:2,AREAS011.DAT,8,2,"""Lot o' people from[01]the West who want to[02]sell things come[01]here to this town.""",78,
AREAS011.DAT:8:4,AREAS011.DAT,8,4,"[14][03][03][0A][01]""Meow!""",13,[14][03]
AREAS011.DAT:8:6,AREAS011.DAT,8,6,"[14][04][04]""I'm sooo hungry![01]Where's Chino? I hope[01]he gets back soon!""",63,[14][04]
AREAS011.DAT:8:7,AREAS011.DAT,8,7,"[14][05][05]""These clothes are[01]pretty nice, huh?[02]I got them from the[01]Wyndian Princess!""",79,[14][05]
AREAS011.DAT:8:8,AREAS011.DAT,8,8,"[14][06][06]""I'm hungry.[02]But none of us can[01]eat until Chino gets[01]back.""",63,[14][06]
AREAS011.DAT:8:9,AREAS011.DAT,8,9,"[14][07][07]""Chino must be[01]running around town[01]somewhere again.[02]He's such a kid!""",73,[14][07]
AREAS011.DAT:8:10,AREAS011.DAT,8,10,"[14][08][08]""The Wyndian princess[01]recently visited us[01]on a goodwill tour.[02]She made a generous[01]donation of clothes[02]and toys for the[01]children.""",133,[14][08]
AREAS011.DAT:8:11,AREAS011.DAT,8,11,"[14][09][09]""All of us here don't[01]have mommies or[01]daddies anymore.[02]Sister Lyta takes[01]care of us now!""",93,[14][09]
AREAS011.DAT:8:12,AREAS011.DAT,8,12,"[14][0A][0A]""Heh heh...""",16,[14][0A]
AREAS011.DAT:8:13,AREAS011.DAT,8,13,"""You wanna know about[01]the princess who came[01]visiting here?[02]I don't know about[01]that myself, but Lyta[01]might.[02]She's the one who[01]takes care of the[01]orphans.[02]She lives in the[01]house in front of the[01]well.""",198,
AREAS011.DAT:8:14,AREAS011.DAT,8,14,"[14][0B][0B]""Do you want to make[01]an entry in your[01]diary?""[12][89][0C][82]Yes[01]No",59,[14][0B]
AREAS011.DAT:8:15,AREAS011.DAT,8,15,It's empty...Could this be[01]one of the chests Elina[01]brought with her?,69,
AREAS011.DAT:8:16,AREAS011.DAT,8,16,It's full of children's[01]clothes.,33,
AREAS011.DAT:8:17,AREAS011.DAT,8,17,It's filled with toys and[01]snacks.,34,
AREAS011.DAT:8:18,AREAS011.DAT,8,18,"[0C][06][14][80]@""I see you've come[01]back...[0B]And you've[01]got Chino with you.""",64,
AREAS011.DAT:8:19,AREAS011.DAT,8,19,"[14][0C][0C]""Yes, Sister Lyta.[02]These people here[01]were kind enough to[01]help me find him.""",79,[14][0C]
AREAS011.DAT:8:20,AREAS011.DAT,8,20,"[0C][06][14][80]@""Well...Thank you[01]very much for your[01]help.""",49,
AREAS011.DAT:8:21,AREAS011.DAT,8,21,"[0C][06][14][80]@""All right, children.[01]Now that everyone's[01]here, let's eat.""",65,
AREAS011.DAT:8:22,AREAS011.DAT,8,22,"[0C][06][14][80]@""Now then...[02]Why don't we go[01]upstairs and talk?""",54,
AREAS011.DAT:8:27,AREAS011.DAT,8,27,"[0C][06][14][8D][0D]""Please--we'd be[01]grateful if you could[01]tell us anything!""",63,
AREAS011.DAT:8:28,AREAS011.DAT,8,28,"[0C][06][14][8E]N""I know!""",15,
AREAS011.DAT:8:31,AREAS011.DAT,8,31,"[0C][06][14][8E]N""You bet I do![01][0B]But...""",29,
AREAS011.DAT:8:32,AREAS011.DAT,8,32,"[0C][06][14][8E]N""I won't tell you![02]You caught me when[01]we played tag before.[02]This time, you have[01]to play hide and seek[01]with us![02]If you can find all[01]of us, I'll tell you[01]where she went!""",174,
AREAS011.DAT:8:33,AREAS011.DAT,8,33,"[0C][06][14][0E]N""Hey, everyone! Hide[01]and seek!""",37,
AREAS011.DAT:8:35,AREAS011.DAT,8,35,"[0C][06][14][8F]M""It's all right,[01]Sister.[0B] Besides...[02][14][C1]@If Chino does know[01]what happened to my[01]sister,[02]I'll do whatever I[01]have to to get him[01]to tell me!""",143,
AREAS011.DAT:8:36,AREAS011.DAT,8,36,"[0C][06][14][C1]@""Well, let's go try[01]to find them.""",40,
AREAS011.DAT:8:37,AREAS011.DAT,8,37,"[14][07][07]""I...[0B]I wasn't trying[01]to hide from you...[02]I don't play hide and[01]seek...[0B]That's for[01]kids.""",93,[14][07]
AREAS011.DAT:8:38,AREAS011.DAT,8,38,"[14][0C][0C]""I'm sorry...I tried[01]to catch them...""",42,[14][0C]
AREAS011.DAT:8:39,AREAS011.DAT,8,39,"[14][0A][0A]""Whoops! You found[01]me![02]...[0B]All right, I'll[01]tell you where to[01]find Rudd.[02]He said he'd hide[01]under the eastern[01]wall.""",118,[14][0A]
AREAS011.DAT:8:40,AREAS011.DAT,8,40,"[14][0A][0A]""Did you find Rudd?[02]He's to the east of[01]here, you know!""",60,[14][0A]
AREAS011.DAT:8:41,AREAS011.DAT,8,41,"[14][09][09]""Jahn told you where[01]to find me, didn't[01]he?""",48,[14][09]
AREAS011.DAT:8:42,AREAS011.DAT,8,42,"[14][08][08]""Have you found[01]everyone yet?""",34,[14][08]
AREAS011.DAT:8:43,AREAS011.DAT,8,43,"[14][06][06]""Did you see Modo?[02]Try looking north[01]from the top of the[01]bridge.""",69,[14][06]
AREAS011.DAT:8:44,AREAS011.DAT,8,44,"[14][05][05]""Were you able to[01]get there?[02]Maybe I should've[01]just told you to go[01]to the inn, huh?""",88,[14][05]
AREAS011.DAT:8:45,AREAS011.DAT,8,45,"[14][04][04]""Chino's still not[01]here.""",29,[14][04]
AREAS011.DAT:8:46,AREAS011.DAT,8,46,"[14][04][04]""You got me![02]Have you found[01]everyone yet?[02]If you're not sure,[01]you should go back[02]and count how many[01]of us you've found.""",124,[14][04]
AREAS011.DAT:8:47,AREAS011.DAT,8,47,"[14][04][04]""Everyone you find[01]will go back home.[02]You'll know you found[01]all of us once there[01]are 8 of us there.""",104,[14][04]
AREAS011.DAT:8:48,AREAS011.DAT,8,48,"[14][0C][0C]""Um...It looks like[01]there's one child[01]still missing...[0B][02]It's Chino, isn't[01]it?""",82,[14][0C]
AREAS011.DAT:8:49,AREAS011.DAT,8,49,"[14][0C][0C]""I suspected as much.[02][0B]As you know, he's[01]very good at running[01]and hiding from us.""",86,[14][0C]
AREAS011.DAT:8:50,AREAS011.DAT,8,50,"[14][05][05]""Chino? He said he[01]was gonna hide in the[01]cellar or something.""",66,[14][05]
AREAS011.DAT:8:51,AREAS011.DAT,8,51,"[14][8C]L""It's possible that[01]Chino may have snuck[01]past the guard,[02]and is hiding[01]underground.""",88,[14][8C]
AREAS011.DAT:8:53,AREAS011.DAT,8,53,"[14][8C]L""You will? Oh, thank[01]you so much![02]Good luck, and be[01]careful.""",65,[14][8C]
AREAS011.DAT:8:55,AREAS011.DAT,8,55,"[14][04][04]""I'm worried about[01]Chino...Why?[02]Because he's my[01]little brother,[01]that's why!""",80,[14][04]
AREAS011.DAT:8:56,AREAS011.DAT,8,56,"[14][05][05]""Did you have fun[01]playing hide and[01]seek?""",45,[14][05]
AREAS011.DAT:8:57,AREAS011.DAT,8,57,"[14][06][06]""I got hungry again[01]after all the playing[01]we did!""",54,[14][06]
AREAS011.DAT:8:58,AREAS011.DAT,8,58,"[14][07][07]""They told us not to[01]go underground[02]because it's[01]dangerous![02]But Chino never[01]listens to anyone--[02]he acts like such a[01]kid sometimes!""",135,[14][07]
AREAS011.DAT:8:59,AREAS011.DAT,8,59,"[14][0C][0C]""There's a guard to[01]make sure no one goes[01]underground,[02]but Chino probably[01]got past him when he[02]was getting a drink[01]of water or something[01]like that.""",152,[14][0C]
AREAS011.DAT:8:60,AREAS011.DAT,8,60,"[14][08][08]""You can get[01]underground from the[02]top of the castle[01]wall, you know.""",72,[14][08]
AREAS011.DAT:8:61,AREAS011.DAT,8,61,"[14][09][09]""I've seen the guard[01]there talking to the[01]water woman.[02]I think he likes[01]her!""",81,[14][09]
AREAS011.DAT:8:62,AREAS011.DAT,8,62,"[14][0A][0A]""Heh heh...""",16,[14][0A]
AREAS011.DAT:8:64,AREAS011.DAT,8,64,"[0C][04][14][8E]N""OK, a deal's a[01]deal...""",30,
AREAS011.DAT:8:65,AREAS011.DAT,8,65,"[0C][04][14][8E]N""When the Princess--[01]did I tell you how[01]pretty she was?[02]Anyway, when she was[01]getting ready to[01]leave town...""",114,
AREAS011.DAT:8:67,AREAS011.DAT,8,67,"[0C][04][14][8E]N""I don't really know,[01]but one of them was[02][05][02]Marlok[06], the shop[01]owner.""",75,
AREAS011.DAT:8:68,AREAS011.DAT,8,68,"[0C][04][14][80]@""[05][02]Marlok[06] is a merchant[01]who lives here in the[01]town.[02]He owns a large[01]sandflier of his own.[02]Some people say he[01]even has dealings[01]with the Empire.""",151,
AREAS011.DAT:8:69,AREAS011.DAT,8,69,"[0C][02][14][0D][0D]""The Empire!?[02]You mean, Elina's[01]been taken to the[01]West?""",62,
AREAS011.DAT:8:71,AREAS011.DAT,8,71,"[0C][04][14][8E]N""Marlok's got this[01]big house right in[01]the middle of town.[02]He's got a bodyguard[01]too, who stands in[01]front of it.""",117,
AREAS011.DAT:8:73,AREAS011.DAT,8,73,"[14][81]A""What? A Wyndian[01]princess, you say?""",40,[14][81]
AREAS011.DAT:8:74,AREAS011.DAT,8,74,"[0C][06][14][81]A""Now zat you mention[01]it, I did carry a[01]person who looked[02]like zat on my[01]sandflier.""",89,
AREAS011.DAT:8:75,AREAS011.DAT,8,75,"[0C][05][14][0D][0D]""What did you do[01]with her!?""",34,
AREAS011.DAT:8:76,AREAS011.DAT,8,76,"[14][81]A""Non, non, my[01]little birdie.[01]You misunderstand![02]I was asked to take[01]'er to zee West,[01]you see.""",98,[14][81]
AREAS011.DAT:8:78,AREAS011.DAT,8,78,"[0C][06][14][81]A""Zere is nozing to[01]tell![02]Zee Empire asked zee[01]Princess to come to[01]zee capital!""",85,
AREAS011.DAT:8:79,AREAS011.DAT,8,79,"[0C][05][14][10][0F]""What the!?[02]Why would Elina go[01]there, huh?[02]What reason would[01]she have to go to[02]the heart of the[01]enemy's country!?""",120,
AREAS011.DAT:8:80,AREAS011.DAT,8,80,"[0C][06][14][81]A""You are asking zee[01]wrong person, eh?[02]Besides...""",55,
AREAS011.DAT:8:81,AREAS011.DAT,8,81,"[0C][06][14][81]A""I am thinking zat[01]you will be wanting[01]my 'elp in looking[02]for zee princess,[01]no?""",86,
AREAS011.DAT:8:82,AREAS011.DAT,8,82,"[0C][06][14][81]A""If zat is so...[02]Zen I think you[01]should be a little[01]more polite, eh?""",75,
AREAS011.DAT:8:83,AREAS011.DAT,8,83,"[0C][06][14][81]A""Well...[0B]If you are[01]wanting my 'elp,[02]I am not an[01]unreasonable man...[02]But before I 'elp[01]you, I need you to[01]do some work for me.""",133,
AREAS011.DAT:8:84,AREAS011.DAT,8,84,"[0C][05][14][0F][0D]""Um...[0B]Mr. Marlok?[02]What exactly is it[01]that you, um,[0B] want[01]me to do?""",74,
AREAS011.DAT:8:85,AREAS011.DAT,8,85,"[0C][06][14][81]A""Hmmm?[02]Well, until your[01]friends come back[02]with zee items zat[01]were stolen from me,[02]I was thinking zat[01]maybe you could some[01]work around 'ere.[02]You know, 'elp take[01]care of zee 'ouse...[01]And me.""",195,
AREAS011.DAT:8:86,AREAS011.DAT,8,86,"[0C][02][14][81]A""...[0B]...[0B]What!?[02]And so you come back,[01]jus' like zat!? Eh!""",64,
AREAS011.DAT:8:88,AREAS011.DAT,8,88,"[0C][02][14][81]A""Idiot![02]No matter 'ow much I[01]pay for it, what's[01]mine is mine![02]I 'ave a right to[01]get it back, yes?""",104,
AREAS011.DAT:8:89,AREAS011.DAT,8,89,"[0C][02][14][81]A""...Never mind.""",22,
AREAS011.DAT:8:90,AREAS011.DAT,8,90,"[0C][02][14][81]A""...Never mind.""",22,
AREAS011.DAT:8:91,AREAS011.DAT,8,91,"[0C][02][14][81]A""All right, zen...[02]This time, I 'ave you[01]do some work where[02]thinking is not[01]required, yes?""",97,
AREAS011.DAT:8:92,AREAS011.DAT,8,92,"[0C][05][14][0F][0D]""Excuse me,[01]Mr. Marlok?[02]Is there something[01]you'd like me to do?""",70,
AREAS011.DAT:8:93,AREAS011.DAT,8,93,"[0C][06][14][81]A""Let me see...[02]For now, why don't[01]you rub my shoulders[01]'ere, eh?""",71,
AREAS011.DAT:8:94,AREAS011.DAT,8,94,"[14][81]A""Mmmmm...[01]Enough with zee[01]shoulders...[02]Now, why don't you[01]give me a foot[01]massage, hm?""",90,[14][81]
AREAS011.DAT:8:95,AREAS011.DAT,8,95,"[14][81]A""Very good, Miss[01][04][01]...[02]Now how about a back[01]massage?""",57,[14][81]
AREAS011.DAT:8:96,AREAS011.DAT,8,96,"[0C][06][14][81]A""Ah....Thank you. I[01]feel much better now.[02]'Ow about you, Miss[01][04][01]?[02]A little tired out,[01]hm?""",96,
AREAS011.DAT:8:97,AREAS011.DAT,8,97,"[0C][05][14][0F][0D]""Huh?[0B] Um...Yes, I[01]guess so...""",37,
AREAS011.DAT:8:98,AREAS011.DAT,8,98,"[0C][06][14][81]A""Oh, you are, eh?[01]Well zen...[02]I'll 'ave to give[01]you a [0D]massage[0E][0F][09],[01]zen, won't I?""",87,
AREAS011.DAT:8:99,AREAS011.DAT,8,99,"[14][12][0D]""Let's help Mr.[01]Marlok so we can get[02]out of here and look[01]for Elina!""",73,[14][12]
AREAS011.DAT:8:100,AREAS011.DAT,8,100,"[14][01][01]""Stop wasting time[01]and start looking for[01]zat thief![02]You can start by[01]asking if anyone in[02]zee town has seen[01]'im.""",116,[14][01]
AREAS011.DAT:8:102,AREAS011.DAT,8,102,"[14][01][01]""If you've found[01]'im, why aren't you[01]chasing after 'im!?[02]What do you think I[01]'ired you for, eh?[02]Is so 'ard to find[01]good 'elp zeez[01]days...""",142,[14][01]
AREAS011.DAT:8:103,AREAS011.DAT,8,103,"[14][0F][0D]""If that person[01]really wasn't a[01]thief,[02]I think you did the[01]right thing in[01]letting him go.""",94,[14][0F]
AREAS011.DAT:8:104,AREAS011.DAT,8,104,"[14][01][01]""Zis time, I 'ave you[01]do work zat even a[01]monkey could do, hm?[02]Go to zee sandflier[01]wharf, all right?""",104,[14][01]
AREAS011.DAT:8:106,AREAS011.DAT,8,106,"[14][01][01]""If you do a good[01]job, maybe I give you[01]somezing, yes?""",59,[14][01]
AREAS011.DAT:8:107,AREAS011.DAT,8,107,"[14][08][08][14][08][08]""Don'tcha wonder[01]what's in the big box[01]in the middle?""",61,[14][08]
AREAS011.DAT:8:108,AREAS011.DAT,8,108,"[14][08][08][14][08][08]""Don'tcha wonder[01]what's in the big box[01]in the middle?""",61,[14][08]
AREAS011.DAT:8:109,AREAS011.DAT,8,109,"[14][0A][0A]""Heh heh...[02]Did you find the[01]princess?""",43,[14][0A]
AREAS011.DAT:8:110,AREAS011.DAT,8,110,"[14][0C][0C]""Chino! Chino, you[01]come back here right[01]now!""",49,[14][0C]
AREAS011.DAT:8:111,AREAS011.DAT,8,111,"[14][09][09]""Thhhpt![02]Come play with me,[01]Sister!""",40,[14][09]
AREAS011.DAT:8:112,AREAS011.DAT,8,112,"[14][04][04]""That's how Chino[01]gets Sister Marcy[02]and other people[01]to pay attention[01]to him.""",82,[14][04]
AREAS011.DAT:8:113,AREAS011.DAT,8,113,"[14][0E][0E]""ZOOOOOOMMMMM!!!!""",22,[14][0E]
AREAS011.DAT:8:114,AREAS011.DAT,8,114,"""I just hope that[01]merchant upstairs[02]isn't planning on[01]using m'place for[01]his office!""",85,
AREAS011.DAT:8:116,AREAS011.DAT,8,116,"[14][06][06]""It feels like[01]there's someone[01]missing...""",46,[14][06]
AREAS011.DAT:8:117,AREAS011.DAT,8,117,"[0C]!The children from the[01]orphanage are all hiding[01]somewhere in the town.[02]To catch them, find them[01]and talk to them.[02]You can see how many you[01]have left to catch by[01]returning to the orphanage[02]and counting how many[01]children are there.",231,
AREAS011.DAT:8:120,AREAS011.DAT,8,120,"[14][07][07]""Take good care of[01]it, OK?""",31,[14][07]
AREAS011.DAT:8:122,AREAS011.DAT,8,122,"""I heard the guy[01]before me lost to a[01]bunch of kids.[02]I don't pull my[01]punches, no matter[01]who I'm fighting.[02]If you think you can[01]take me on,[02]you've got another[01]thing coming![02]Care to try your[01]luck?""[12][01][0C][92]You bet![01]Are you kidding?",224,
AREAS011.DAT:8:123,AREAS011.DAT,8,123,"""Bwah ha ha ha ha ha![01]You'll go a long way,[01]kid!""",50,
AREAS011.DAT:8:124,AREAS011.DAT,8,124,"""Bwah ha ha ha ha ha![01]Well, at least you're[01]honest!""",53,
AREAS011.DAT:8:125,AREAS011.DAT,8,125,"""Looking for Mr.[01]Marlok? He just[01]came back.""",45,
AREAS011.DAT:8:127,AREAS011.DAT,8,127,"""Sorry, but it looks[01]like you're a little[01]short there.""",56,
AREAS011.DAT:8:154,AREAS011.DAT,8,154,Supplication,13,
AREAS011.DAT:8:155,AREAS011.DAT,8,155,Supplication,13,
AREAS011.DAT:8:156,AREAS011.DAT,8,156,Holy Strike,12,
AREAS011.DAT:8:158,AREAS011.DAT,8,158,Benediction,12,
AREAS011.DAT:8:159,AREAS011.DAT,8,159,"[14][81]AMarlok[01]""...[0B]You again.[02]Well, 'ow goes your[01]journey, eh?[02]Instead of wandering[01]around, why don't you[02]maybe look for some[01]treasure instead, hm?[02]If you can show me[01]some interesting[01]items,[02]maybe I could be[01]persuaded to teach[02]you some of my[01]business secrets,[01]eh?""[12][82][0C][92]Show treasure[01]Never mind",289,[14][81]
AREAS011.DAT:8:160,AREAS011.DAT,8,160,"[14][81]AMarlok[01]""...[0B]You again.[02]Well, 'ow goes your[01]journey, eh?[02]Instead of wandering[01]around, why don't you[02]maybe look for some[01]treasure instead, hm?[02]If you can show me[01]some interesting[01]items,[02]maybe I could be[01]persuaded to teach[02]you some of my[01]business secrets,[01]eh?""[12][82][0C][92]Show treasure[01]Never mind",289,[14][81]
AREAS011.DAT:8:161,AREAS011.DAT,8,161,"[14][81]AMarlok[01]""...[0B]You again.[02]Well, 'ow goes your[01]journey, eh?[02]Instead of wandering[01]around, why don't you[02]maybe look for some[01]treasure instead, hm?[02]If you can show me[01]some interesting[01]items,[02]maybe I could be[01]persuaded to teach[02]you some of my[01]business secrets,[01]eh?""[12][82][0C][92]Show treasure[01]Never mind",289,[14][81]
AREAS011.DAT:8:162,AREAS011.DAT,8,162,"[14][81]A""[0B][0B]Ooooh![02]Zis treasure zat you[01]'ave, it is worth a[01]great deal.[02]Zis color, zee shine,[01]zee texture...It is[01]wonderful.[02][0B][0B]Thank you for[01]showing me such a[01]beautiful item.[02]As thanks, I will[01]teach you [05][04]Greed[06].[02]If you want to be[01]rich like me, zis is[01]zee first step, no?""",267,[14][81]
AREAS011.DAT:8:163,AREAS011.DAT,8,163,"[14][81]A""I am interested in[01]zee rare and unusual[01]treasures.[02]If you can show me[01]something like zee[01][05][02][07]",97,[14][81]
AREAS011.DAT:8:164,AREAS011.DAT,8,164,"[14][81]A""[0B][0B]You call zis a[01]treasure?[02]I should almost ask[01]you to pay me money[02]to look at it, it is[01]so bad![02]At zee very least, I[01]was 'oping you would[01]'ave a [05][02][09]""[05][06].""",158,[14][81]
AREAS011.DAT:8:165,AREAS011.DAT,8,165,"[14][81]A""Don't waste time,[01]and don't waste[01]money.[02]Zis is not only a[01]rule of business, but[01]of life, eh?""",99,[14][81]
AREAS011.DAT:8:166,AREAS011.DAT,8,166,"[14][81]AMarlok[01]""[0B]...Now what are[01]you wanting, hm?[02]'Ave you found a[01]treasure you want[01]to show me?[02]I am a busy Manillo,[01]but I can give you a[01]few minutes...""",150,[14][81]
AREAS011.DAT:8:168,AREAS011.DAT,8,168,"[14][81]A""I am interested in[01]zee rare and unusual[01]treasures.[02]If you can show me[01]something like zee[01][05][02][07]",97,[14][81]
AREAS011.DAT:8:170,AREAS011.DAT,8,170,"[14][81]A""What do you want,[01]eh?""[12][82][0C][93]Begin apprenticeship[01]Quit apprenticeship[01]Never mind",82,[14][81]
AREAS011.DAT:8:171,AREAS011.DAT,8,171,"[14][81]A""Anything else you[01]want?""[12][82][0C][93]Begin apprenticeship[01]Quit apprenticeship[01]Never mind",84,[14][81]
AREAS011.DAT:8:172,AREAS011.DAT,8,172,"[14][81]A""...[0B]I think you are[01]all already my[01]apprentices, no?""",57,[14][81]
AREAS011.DAT:8:173,AREAS011.DAT,8,173,"[14][81]A""[0B]I will teach[01][07][02] [05][04]Greed[06].[02]Maybe someday, you[01]will be rich like[01]I am, eh?""",79,[14][81]
AREAS011.DAT:8:174,AREAS011.DAT,8,174,"[14][81]A""[0B]All right, zen, I[01]will teach you [05][04]Greed[06].[02]Maybe someday, you[01]will be rich like[01]I am, eh?""",96,[14][81]
AREAS011.DAT:8:175,AREAS011.DAT,8,175,"[14][81]A""Zere is no one zat[01]wants to learn what I[01]teach?[02]Zen stop wasting my[01]time, eh?""",83,[14][81]
AREAS011.DAT:8:176,AREAS011.DAT,8,176,"[14][81]A""...[0B]I think zat[01]none of you is my[01]apprentice, yes?""",56,[14][81]
AREAS011.DAT:8:177,AREAS011.DAT,8,177,"[14][81]A""...[0B]All right, zen.[01]Don't expect any[01]favors, [07][02].""",54,[14][81]
AREAS011.DAT:8:178,AREAS011.DAT,8,178,"[14][81]A...[0B]All right, zen.[02]Don't be thinking we[01]are friends anymore,[01]eh?""",70,[14][81]
AREAS011.DAT:8:179,AREAS011.DAT,8,179,"[14][81]A""Zen stop wasting my[01]time, eh?""",35,[14][81]
AREAS011.DAT:8:180,AREAS011.DAT,8,180,"[14][81]A""Keep looking for zee[01]treasures, eh?""[02]If you can show me[01]something like zee[01][05][02][07]",83,[14][81]
AREAS011.DAT:8:181,AREAS011.DAT,8,181,"[14][81]AMarlok[01]""What are you[01]wanting, eh?[02]I am not needing any[01]bodyguards right[01]now.""",81,[14][81]
AREAS011.DAT:8:182,AREAS011.DAT,8,182,Copper Bell,12,
AREAS011.DAT:8:183,AREAS011.DAT,8,183,ElectrumBell,13,
AREAS011.DAT:8:184,AREAS011.DAT,8,184,PlatinumBell,13,
AREAS011.DAT:8:188,AREAS011.DAT,8,188,Monopolize,11,
AREAS011.DAT:8:189,AREAS011.DAT,8,189,Roulette,9,
AREAS011.DAT:8:190,AREAS011.DAT,8,190,"[14][04][04]""I've got to keep my[01]eye on Chino so he[02]doesn't get into[01]too much trouble![02]He is my brother,[01]y'know!""",105,[14][04]
AREAS011.DAT:8:191,AREAS011.DAT,8,191,"[14][04][04]""I've got to keep my[01]eye on Chino so he[02]doesn't get into[01]too much trouble![02]He is my brother,[01]y'know!""",105,[14][04]
AREAS011.DAT:8:192,AREAS011.DAT,8,192,"[14][04][04]""I've got to keep my[01]eye on Chino so he[02]doesn't get into[01]too much trouble![02]He is my brother,[01]y'know!""",105,[14][04]
AREAS011.DAT:8:193,AREAS011.DAT,8,193,"[14][0C][0C]""Again, let me[01]apologize for all[02]the trouble Chino[01]put you through.[02]I hope you are[01]able to find the[01]Princess soon.[02]We will remember you[01]in our prayers.""",156,[14][0C]
AREAS011.DAT:8:194,AREAS011.DAT,8,194,"[14][0E][0E]""I thought no one[01]would be able to[01]find me there![02]I'll have to find a[01]better place to hide[01]from now on!""",108,[14][0E]
AREAS011.DAT:8:195,AREAS011.DAT,8,195,"[14][06][06]""I got even more[01]hungry 'cause we had[01]to wait for Chino.""",61,[14][06]
AREAS011.DAT:8:196,AREAS011.DAT,8,196,"[14][08][08]""If you meet the[01]Princess, tell her I[01]said hi, OK?""",55,[14][08]
AREAS011.DAT:8:197,AREAS011.DAT,8,197,"[14][08][08]""If you meet the[01]Princess, tell her I[01]said hi, OK?""",55,[14][08]
AREAS011.DAT:8:198,AREAS011.DAT,8,198,"[14][09][09]""See? I told you![02]That guard likes the[01]water woman! I knew[01]it!""",67,[14][09]
AREAS011.DAT:8:199,AREAS011.DAT,8,199,"[14][0A][0A]""Heh heh...You found[01]me!""",29,[14][0A]
AREAD012.DAT:10:0,AREAD012.DAT,10,0,"[14][C1]@""Did anyone else hear[01]that strange sound?""",46,[14][C1]
AREAD012.DAT:10:1,AREAD012.DAT,10,1,"[14][C1]@""Did anyone else hear[01]that strange sound?""",46,[14][C1]
AREAD012.DAT:10:6,AREAD012.DAT,10,6,"[14][C1]@""If it's dangerous,[01]why are you laughing?[02]Shouldn't we be[01]getting out of here?""",83,[14][C1]
AREAD012.DAT:10:9,AREAD012.DAT,10,9,"[14][81][01]""It would appear it[01]is following us.""",41,[14][81]
AREAD012.DAT:10:11,AREAD012.DAT,10,11,[0C]!Press the ~ button rapidly[01]to run!,37,
AREAD012.DAT:10:12,AREAD012.DAT,10,12,"[14][80]@""Whew! [0B]Good![02]We made it!...""[13]0[0C][03][14]A",39,[14][80]
AREAD012.DAT:10:14,AREAD012.DAT,10,14,"[14][82]@""Whoa![01][04]",12,[14][82]
AREAD012.DAT:10:15,AREAD012.DAT,10,15,"[0C][06][14][C5]@""The malice contained[01]in the hex cannot be[01]so easily dissipated.[02]Even if it has been[01]struck down, it will[01]slowly grow larger[02]within the area[01]affected by the hex[01]until it is strong[02]enough to reform. At[01]least, this is what[01][04][05] says.""",236,
AREAD012.DAT:10:17,AREAD012.DAT,10,17,"[0C][06][14][84]B""It was humans who[01]created the hex.[02][04][05] says you get[01]what you deserve.""",76,
AREAD012.DAT:10:18,AREAD012.DAT,10,18,"[0C][06][14][C5]@""We must move on.[02]Use the ladder there.""",46,
AREAD012.DAT:10:19,AREAD012.DAT,10,19,"[14][04][02]""[04][05] says the hex[01]mist has grown[01]thicker.[02]We cannot go back.""",64,[14][04]
AREAS012.DAT:8:0,AREAS012.DAT,8,0,You've been kicked out...,26,
AREAS012.DAT:8:1,AREAS012.DAT,8,1,You've been kicked out...,26,
AREAS012.DAT:8:2,AREAS012.DAT,8,2,"[0C][04][14][80]@""Temi, no![01]Topu, pomi!!""",30,
AREAS012.DAT:8:3,AREAS012.DAT,8,3,"[0C][04][14][80]@""Koh, purechi.[01]Temi, no!""",31,
AREAS012.DAT:8:4,AREAS012.DAT,8,4,"[0C][06][14][01][01]""What's all the noise[01]about? Poko, is that[01]you?""",54,
AREAS012.DAT:8:5,AREAS012.DAT,8,5,"[0C][04][14][01][01]""Well I'll be...[01]Visitors![02]Please, please--[01]come in!""",59,
AREAS012.DAT:8:6,AREAS012.DAT,8,6,"[14][81]A""I see...So you're[01]trying to get to[01]the mainland, huh?""",59,[14][81]
AREAS012.DAT:8:7,AREAS012.DAT,8,7,"[0C][06][14][81]A""I've kind of settled[01]down now, but back in[01]the day,[02]I was quite the[01]adventurer myself.[02]I came here from the[01]mainland several[01]years ago.""",143,
AREAS012.DAT:8:8,AREAS012.DAT,8,8,"[0C][06][14][81]A""Then of course I met[01]my wife,[02]and I ended up[01]staying here.""",66,
AREAS012.DAT:8:9,AREAS012.DAT,8,9,"[0C][06][14][81]A""I'm sorry--I haven't[01]properly introduced[01]myself! How rude![02]My name is Beyd, and[01]this is Sen, Shami,[01]Rinpo, Poske, and Peso.[02]They wanted to see[01]you--[02]we don't get many[01]visitors here, you[01]know...""",201,
AREAS012.DAT:8:10,AREAS012.DAT,8,10,"[0C][06][14][81]A""And this is Poko,[01]my wife.[02]Pretty cute, isn't[01]she?""",58,
AREAS012.DAT:8:11,AREAS012.DAT,8,11,"[0C][06][14][80]@""Pokko, pyuui![02]Ni, waama poto[01]pyuui!""",43,
AREAS012.DAT:8:12,AREAS012.DAT,8,12,"[0C][06][14][81]A""She says your[01]wife is also[01]very beautiful.""",50,
AREAS012.DAT:8:13,AREAS012.DAT,8,13,"[0C][05][14][02][02]""Um...Anyway...[02]Can you tell us how[01]we can get to the[01]mainland from here?""",80,
AREAS012.DAT:8:14,AREAS012.DAT,8,14,"[0C][05][14][81]A""Oh, that's right![01]I'm sorry!""",36,
AREAS012.DAT:8:15,AREAS012.DAT,8,15,"[0C][05][14][81]A""Well, the people who[01]told you that you can[01]get there from here[02]by crossing the flats[01]were right--you can.""",113,
AREAS012.DAT:8:16,AREAS012.DAT,8,16,"[14][81]A""However, you can[01]only do so when the[01]tide changes and[02]exposes the road[01]through the flats.[02]You have to time it[01]just right, before[01]the road disappears.""",155,[14][81]
AREAS012.DAT:8:17,AREAS012.DAT,8,17,"[14][02][02]""Well? When is that?""",25,[14][02]
AREAS012.DAT:8:18,AREAS012.DAT,8,18,"[0C][06][14][80]@""Purechi, suru ko![02]Taan, kalu.[01]Pokko kairu ni.""",53,
AREAS012.DAT:8:19,AREAS012.DAT,8,19,"[14][81]A""She says you should[01]stay here for a[01]while.[02]She'll tell you when[01]the time comes and[01]take you there.""",104,[14][81]
AREAS012.DAT:8:20,AREAS012.DAT,8,20,"[14][01][01]""The Pabpab seem to[01]know when it's[01]possible to cross[02]the flats. I don't[01]know how, but they[01]do.[02]Don't worry--when[01]the time comes,[01]they'll take you.""",151,[14][01]
AREAS012.DAT:8:28,AREAS012.DAT,8,28,It looks like these are[01]Beyd's notes on the[01]Pabpab language.[12],62,
AREAS012.DAT:8:29,AREAS012.DAT,8,29,"[05][02]ain[06]   --  during, a period[01][05][02]ishi[06]  --  east[01][05][02]kairu[06] --  guide, teach[02][05][02]ko[06]    --  here, this[01][05][02]michu[06] --  secret[01][05][02]nah[06]   --  fish[02][05][02]ni[06]    --  you, that[01][05][02]no[06]    --  wrong, bad",183,
AREAS012.DAT:8:30,AREAS012.DAT,8,30,"[05][02]nosta[06]    --  north[01][05][02]pabpab[06]   --  us[01][05][02]paketo[06]   --  but, still[02][05][02]poto[06]     --  more, amazing[01][05][02]purechi[06]  -- friend[02][05][02]pukapuka[06] --  slowly, relaxed[01](also has connotation of[01]""What will be, will be"")[02][05][02]rikuku[06]   --  medicine[01][05][02]roi[06]      --  rock, stone",255,
AREAS012.DAT:8:31,AREAS012.DAT,8,31,"[05][02]sanami[06] --  south[01][05][02]santo[06]  --  thanks[01][05][02]sonna[06]  --  sorry[02][05][02]taan[06]   --  time[01][05][02]tatoru[06] --  dance[01][05][02]temi[06]   --  enemy, bad person[02][05][02]treja[06]  --  treasure[01][05][02]ueshi[06]  --  west",174,
AREAS012.DAT:8:32,AREAS012.DAT,8,32,"[14][01][01]""What!? Someone's[01]sick?""",28,[14][01]
AREAS012.DAT:8:33,AREAS012.DAT,8,33,"[14][83]G""Yes, in that room[01]over there.[02]One of the Pabpabs[01]was crouched over[01]and moaning.""",85,[14][83]
AREAS012.DAT:8:34,AREAS012.DAT,8,34,"[14][01][01]""The truth is...[02]None of the herbs[01]around here can be[02]used to cure that[01]disease.[02]I've tried[01]everything,[01]but...""",115,[14][01]
AREAS012.DAT:8:35,AREAS012.DAT,8,35,"[14][83]G""Then...What's going[01]to happen to him!?""",44,[14][83]
AREAS012.DAT:8:36,AREAS012.DAT,8,36,"[14][01][01]""Besides, the Pabpab[01]say '[05][02]pukapuka[06]'...[02]'[05][02]What will be,[01]will be[06]'...[02]It's their way of[01]life...[02]Dying doesn't seem[01]to bother them much.""",142,[14][01]
AREAS012.DAT:8:37,AREAS012.DAT,8,37,"[14][C1]@""Well, it bothers me![01]We can't just let[01]him die![02]We'll go get the[01]herbs you need![02]Where can we find[01]them?""",110,[14][C1]
AREAS012.DAT:8:38,AREAS012.DAT,8,38,"[0C][06][14][C2]@""We can't just sit[01]around here waiting,[01]doing nothing.[02]Let us do something[01]to help pay back[01]your hospitality.""",116,
AREAS012.DAT:8:39,AREAS012.DAT,8,39,"[14][01][01]""All right then...[02]First, you'll need[01]to go to [05][02]Lyp[06].""",59,[14][01]
AREAS012.DAT:8:40,AREAS012.DAT,8,40,"[14][01][01]""The herbs we need[01]can be found[02]somewhere on the[01]ocean.[02]Someone in Lyp[01]should be able to[02]tell you where to[01]find it.""",120,[14][01]
AREAS012.DAT:8:41,AREAS012.DAT,8,41,"[14][01][01]""You should be able[01]to find out something[02]about the herbs in[01]Lyp.[02]Thank you for your[01]help.""",95,[14][01]
AREAS012.DAT:8:43,AREAS012.DAT,8,43,"[0C][04][14][81]A""Did you find the[01]herbs? Thank you so[01]much.[02]Come along--let's go[01]give them to him and[01]see what happens.""",110,
AREAS012.DAT:8:44,AREAS012.DAT,8,44,[03] gave the mozweed to[01]the Pabpab...,36,
AREAS012.DAT:8:46,AREAS012.DAT,8,46,It's working...?,17,
AREAS012.DAT:8:47,AREAS012.DAT,8,47,"[0C][02][14][01][01]""Um...[0B]Thank you.[02]I don't know if it[01]will work, but[01]pukapuka...[02]We'll just have to[01]wait and see, won't[01]we?""",113,
AREAS012.DAT:8:48,AREAS012.DAT,8,48,"[0C][02][14][01][01]""It's late. You[01]should rest.[02]We'll see how he[01]feels in the[01]morning.""",74,
AREAS012.DAT:8:49,AREAS012.DAT,8,49,"[0C][06][14][C1]@""Look! It looks like[01]the herbs worked!""",45,
AREAS012.DAT:8:51,AREAS012.DAT,8,51,"[14][01][01]""He says that[01]although he might[01]have gotten better[02]just by dancing, he's[01]sure the herbs you[01]brought helped him,[02]so he'd like to[01]thank you very much.""",153,[14][01]
AREAS012.DAT:8:53,AREAS012.DAT,8,53,"[14][01][01]""As I was saying,[01]'pukapuka' is their[01]way of life.[02]It means what will[01]be, will be...[02]It also has another[01]meaning--[02]that things will all[01]work out in the[01]end.""",161,[14][01]
AREAS012.DAT:8:55,AREAS012.DAT,8,55,"[14][84]G""Well, we're just[01]glad he got better.[02][14][85]GUm...He is happy he[01]got better, isn't[01]he?""",87,[14][84]
AREAS012.DAT:8:57,AREAS012.DAT,8,57,"[14][01][01]""Thank you--all of[01]you--for your help.""",43,[14][01]
AREAS012.DAT:8:58,AREAS012.DAT,8,58,"[0C][06][14][80]@""Purechi! Purechi!""",25,
AREAS012.DAT:8:60,AREAS012.DAT,8,60,"[14][81]A""It looks like the[01]tide is going out.[02]You'll be able to[01]cross the flats[01]very soon.""",87,[14][81]
AREAS012.DAT:8:62,AREAS012.DAT,8,62,"[0C][05][14][01][01]""Please, you must[01]hurry.[02]The road through the[01]flats will only be[02]exposed for a[01]little while!""",99,
AREAS012.DAT:8:63,AREAS012.DAT,8,63,"[0C][06][14][C1]@""Thank you for[01]letting us stay[01]here, Mr. Beyd!""",53,
AREAS012.DAT:8:64,AREAS012.DAT,8,64,"[0C][06][14][C2]@""Thanks.""",15,
AREAS012.DAT:8:65,AREAS012.DAT,8,65,"[0C][06][14][C5]@""[04][05] says we will[01]hurry.""",30,
AREAS012.DAT:8:66,AREAS012.DAT,8,66,"[0C][06][14][C4]@""Don't worry--we'll[01]make it.""",35,
AREAS012.DAT:8:67,AREAS012.DAT,8,67,"[0C][05][14][01][01]""Poko will show you[01]the way to the flats.[02]Good luck to you![01]Purechi pukapuka!""",84,
AREAS012.DAT:8:68,AREAS012.DAT,8,68,"[14][01][01]""What are you still[01]doing here?[02]You'd better hurry if[01]you want to get[01]across the flats!""",92,[14][01]
AREAS012.DAT:8:69,AREAS012.DAT,8,69,"[14][01][01]""Hello again![02]Were you able to make[01]it across the flats?""",61,[14][01]
AREAD013.DAT:9:0,AREAD013.DAT,9,0,"[0C][05][14][80]@""Somebody...Somebody,[01]help me!!""[13]@[0C][06][14]A",44,
AREAD013.DAT:9:1,AREAD013.DAT,9,1,"[0C][05][14][80]@""Somebody...Somebody,[01]help me!!""[13]@[0C][06][14]A",44,
AREAD013.DAT:9:4,AREAD013.DAT,9,4,"[0C][02][14][01]A""...[0B]Just like this.""",27,
AREAD013.DAT:9:10,AREAD013.DAT,9,10,"[0C]@[14][02][01]""[0D]Whoa![0E][0F][02]""",17,
AREAD013.DAT:9:11,AREAD013.DAT,9,11,"[14][82][01]""...[0B]...[0B]Umm....""",21,[14][82]
AREAD013.DAT:9:12,AREAD013.DAT,9,12,"[14][82][01]""If you wouldn't[01]mind, do you think[02]you could put on some[01]clothes?[02]I'm sure you can find[01]some in the carriage[01]there...""",123,[14][82]
AREAD013.DAT:9:16,AREAD013.DAT,9,16,"[0C][04][14][C1]@""My name is [04][01].[01]I'm from Wyndia.[02]What's your name?""",57,
AREAD013.DAT:9:17,AREAD013.DAT,9,17,"[0C][04][14][83]A""...[0B][04]",12,
AREAD013.DAT:9:18,AREAD013.DAT,9,18,"[0C][06][14][C1]@""So, [04]",12,
AREAD013.DAT:9:19,AREAD013.DAT,9,19,"[0C][06][14][C1]@""You don't know? Then[01]that means you're[01]lost.""",52,
AREAD013.DAT:9:20,AREAD013.DAT,9,20,"[0C][06][14][C1]@""Yes, it does. Admit[01]it--you're lost.[02][14][81]AThere's nothing to be[01]ashamed about.[02]I got lost a lot[01]when I was younger.""",121,
AREAD013.DAT:9:21,AREAD013.DAT,9,21,"[0C][06][14][C1]@""All right then,[01][04]",24,
AREAD013.DAT:9:23,AREAD013.DAT,9,23,"[0C][06][14][C1]@""You might need it--[01]to get to town, we[02]have to go through[01]areas populated by[01]monsters.""",94,
AREAD013.DAT:9:24,AREAD013.DAT,9,24,"[0C][06][14]A@""Let's get going[01]then, shall we?""",39,
AREAS013.DAT:8:3,AREAS013.DAT,8,3,"[14][80]@""But...I need certain[01]materials if I'm[01]going to make one.""",62,[14][80]
AREAS013.DAT:8:4,AREAS013.DAT,8,4,"[14][01][01]""What do you need?""",23,[14][01]
AREAS013.DAT:8:6,AREAS013.DAT,8,6,"[14][80]@""The only problem is[01]that, as you know,[02]faeries can't be seen[01]by ordinary folk like[01]us!""",92,[14][80]
AREAS013.DAT:8:10,AREAS013.DAT,8,10,"[14][80]@""Ho ho! Well then,[01]that makes things[01]easier, doesn't it?[02]All you have to do[01]now is find some[01]faeries,[02]and bring back a[01][09]N",125,[14][80]
AREAS013.DAT:8:11,AREAS013.DAT,8,11,"[14][80]@""Ho! What's this?""",22,[14][80]
AREAS013.DAT:8:12,AREAS013.DAT,8,12,"[14][80]@""Ho! What's this?""",22,[14][80]
AREAS013.DAT:8:13,AREAS013.DAT,8,13,"[14][80]@""Ho! What's this?""",22,[14][80]
AREAS013.DAT:8:14,AREAS013.DAT,8,14,"[14][80]@""Ho! What's this?""",22,[14][80]
AREAS013.DAT:8:15,AREAS013.DAT,8,15,"[14][80]@""Ho! What's this?""",22,[14][80]
AREAS013.DAT:8:16,AREAS013.DAT,8,16,"[14][80]@""Ho! What's this?""",22,[14][80]
AREAS013.DAT:8:17,AREAS013.DAT,8,17,"[14][80]@""Ho! What's this?""",22,[14][80]
AREAS013.DAT:8:18,AREAS013.DAT,8,18,"[14][80]@""Just look at that[01]color! That shine![02]This is one of the[01]most beautiful[02][09]N",78,[14][80]
AREAS013.DAT:8:19,AREAS013.DAT,8,19,"[14][80]@""Now that I've got[01]this,[02]I can make another[01][09][01][01] for[01]you!""",61,[14][80]
AREAS013.DAT:8:20,AREAS013.DAT,8,20,"[14][80]@""You wait right[01]there![02]I'll have this done[01]in a jiffy!""",59,[14][80]
AREAS013.DAT:8:21,AREAS013.DAT,8,21,"[14][80]@""[0D]Huuuuuunh![0E][0F]",18,[14][80]
AREAS013.DAT:8:22,AREAS013.DAT,8,22,"[14][80]@""Whew![0B] Well, what[01]do you think?[02]I told you it'd be[01]ready in a [05][02]jiffy[06]![02]Not a bad job, if I[01]say so myself! Here[01]you go!""",125,[14][80]
AREAS013.DAT:8:24,AREAS013.DAT,8,24,"""What!?[01]The [09][01][01],[01]a fake!?[02]Ho ho! Believe me,[01]it's real![02]I should know--after[01]all, I made it!""",94,
AREAS013.DAT:8:25,AREAS013.DAT,8,25,"[14][02][01]""Thank you very much,[01]sir.""",31,[14][02]
AREAS013.DAT:8:28,AREAS013.DAT,8,28,"[14][80]@""Fine, suit yourself.[01]Come back if you[01]change your mind.""",61,[14][80]
AREAS013.DAT:8:29,AREAS013.DAT,8,29,"[14][80]@""Ho...Looks like you[01]don't have enough[01]material...[02]Come back later when[01]you get some more.""",95,[14][80]
AREAS013.DAT:8:30,AREAS013.DAT,8,30,"[14][80]@""Ho ho! All right,[01]choose 3 materials to[01]use for the armor.[02]You can choose the[01]same material more[01]than once.""",113,[14][80]
AREAS013.DAT:8:33,AREAS013.DAT,8,33,[05][02]1st Material[06],16,
AREAS013.DAT:8:34,AREAS013.DAT,8,34,[05][02]1st Material[06],16,
AREAS013.DAT:8:35,AREAS013.DAT,8,35,[05][02]1st Material[06],16,
AREAS013.DAT:8:37,AREAS013.DAT,8,37,[05][04]3rd Material[06],16,
AREAD015.DAT:8:0,AREAD015.DAT,8,0,"[14][C2]@""This is it...![02]This is the place[01]they're holding[01]Elina!""",61,[14][C2]
AREAD015.DAT:8:1,AREAD015.DAT,8,1,"[14][C2]@""This is it...![02]This is the place[01]they're holding[01]Elina!""",61,[14][C2]
AREAD015.DAT:8:3,AREAD015.DAT,8,3,"[14][C2]@""Don't get your hopes[01]up too much--we still[01]need to find her.[02]Let's go!""",76,[14][C2]
AREAD015.DAT:8:4,AREAD015.DAT,8,4,There's a diary here.[12][8B][0C][93]Rest[01]Diary[01]Never mind,47,
AREAD015.DAT:8:5,AREAD015.DAT,8,5,There's a diary here.[12][8B][0C][93]Rest[01]Diary[01]Never mind,47,
AREAD015.DAT:8:6,AREAD015.DAT,8,6,"[0C][04][14][C5]@""blub blub...[02][04][05] does not need[01]to breath.[02]Still, she says she[01]thanks you for your[01]assistance.""",100,
AREAD015.DAT:8:7,AREAD015.DAT,8,7,"[14][81]A""Somebody's coming!""",24,[14][81]
AREAD015.DAT:8:8,AREAD015.DAT,8,8,"[14][02][02]""What then is the[01]status of the[01]sacrifice?""",47,[14][02]
AREAD015.DAT:8:9,AREAD015.DAT,8,9,"[0C][05]""It continues to...[01]grow, Lord Yuna.""",40,
AREAD015.DAT:8:10,AREAD015.DAT,8,10,"[14][02][02]""Excellent.[0B] I am[01]greatly pleased.""",39,[14][02]
AREAD015.DAT:8:13,AREAD015.DAT,8,13,"If you come out from behind[01]the curtain, you'll be[01]seen!",57,
AREAD015.DAT:8:14,AREAD015.DAT,8,14,"[0C][0C]""Yes, Lord Yuna. At[01]the present rate...""",43,
AREAD015.DAT:8:15,AREAD015.DAT,8,15,"[14][C1]@""Whew![0B] Looks like[01]they didn't see[01]us...""[15][10]",47,[14][C1]
AREAD015.DAT:8:16,AREAD015.DAT,8,16,"[0C][03][14][02][02]""Ah, but we did.""",23,
AREAD015.DAT:8:17,AREAD015.DAT,8,17,"[0C][03][14][02][02]""Well now, we can't[01]have this,[0B] can we?[02]This building belongs[01]to the Fou Empire.[02]And you are[01]Easterners,[01]are you not?""",124,
AREAD015.DAT:8:18,AREAD015.DAT,8,18,"[0C][04][14][C2]@""We're...looking for[01]someone.""",36,
AREAD015.DAT:8:19,AREAD015.DAT,8,19,"[0C][04][14][83]@""Yes--we're looking[01]for my sister.[02]Her name is Elina.[01]We were told she had[01]come here...""",94,
AREAD015.DAT:8:20,AREAD015.DAT,8,20,"[0C][04][14][81]A""What do you know[01]about her!?""",36,
AREAD015.DAT:8:21,AREAD015.DAT,8,21,"[0C][03][14][02][02]""Now now now...[0B][01]Don't get too close,[01]hmm?""",49,
AREAD015.DAT:8:22,AREAD015.DAT,8,22,"[0C][03][14][02][02]""You mean Princess[01]Elina, yes?[02]Yes, she was here.""",56,
AREAD015.DAT:8:23,AREAD015.DAT,8,23,"[0C][03][14][02][02]""She was a very kind[01]person--she said she[02]was here on a good-[01]will visit to see[02]people injured[01]during the war.[01]However...""",128,
AREAD015.DAT:8:24,AREAD015.DAT,8,24,"[0C][05][14][02][02]""She is no longer[01]with us.""",33,
AREAD015.DAT:8:25,AREAD015.DAT,8,25,"[0C][05][14][02][02]""I'm afraid it's the[01]truth.[02]Now then!""",44,
AREAD015.DAT:8:26,AREAD015.DAT,8,26,"[0C][05][14][02][02]""I think it's about[01]time you were on your[02]way, my Eastern[01]friends.""",73,
AREAD015.DAT:8:27,AREAD015.DAT,8,27,"[0C][06][14][84]@""[04][02]! This place...[01]Isn't it...?""[13]@[14][C2]@""Yep...It's where we[01]came looking for[01]Elina before...""",97,
AREAD015.DAT:8:28,AREAD015.DAT,8,28,"[14][C2]@""Yep...It's where we[01]came looking for[01]Elina before...""",58,[14][C2]
AREAD015.DAT:8:29,AREAD015.DAT,8,29,"[14][81]A""Doesn't look exactly[01]like the headquarters[02]for the Imperial[01]Army, does it?...[01]Wait!""",89,[14][81]
AREAD015.DAT:8:30,AREAD015.DAT,8,30,"[0C][06][14][81]A""What would a monster[01]like that be doing in[01]a place like this?""",69,
AREAD015.DAT:8:32,AREAD015.DAT,8,32,"""Monsters...Too many of[01]them...They just kept[01]coming...""",57,
AREAD015.DAT:8:33,AREAD015.DAT,8,33,"""Uuuuhhhhh...""",15,
AREAD015.DAT:8:34,AREAD015.DAT,8,34,"""These monsters appeared[01]out of nowhere and[01]attacked us...[02]General Rhun took some[01]troops with him and went[01]to hunt them down.....""",131,
AREAD015.DAT:8:35,AREAD015.DAT,8,35,He's dead...,13,
AREAD015.DAT:8:36,AREAD015.DAT,8,36,"""Monsters! They're[01]everywhere![02]It's all because of Yuna[01]and his blasted hex[01]experiments!""",90,
AREAD015.DAT:8:37,AREAD015.DAT,8,37,"[14][01][01]""What...[0B]What's[01]this?[02]It looks like some[01]kind of...of organ.""",65,[14][01]
AREAD015.DAT:8:38,AREAD015.DAT,8,38,It's soft and rubbery...[01]Maybe it could be cut with[01]a sword or knife?,70,
AREAD015.DAT:8:39,AREAD015.DAT,8,39,"[14][85]C""You will not be able[01]to sever that...Not[01]with your blade.""",63,[14][85]
AREAD015.DAT:8:40,AREAD015.DAT,8,40,"[14][06][01]""E...[0B]Elina!?""",18,[14][06]
AREAD015.DAT:8:42,AREAD015.DAT,8,42,"[14][85]C""[04][02]...[01][04][01]...!?""",19,[14][85]
AREAD015.DAT:8:46,AREAD015.DAT,8,46,"[0C][06][14][85]C""The courtier named[01]Yuna holds it.[02]You must find him.""",60,
AREAD015.DAT:8:47,AREAD015.DAT,8,47,"[14][01][01]""Yuna...""",13,[14][01]
AREAD015.DAT:8:50,AREAD015.DAT,8,50,"[14][C2]@""I know.[02]Still, all we can do[01]now is find this[01]Yuna...""",59,[14][C2]
AREAD015.DAT:8:51,AREAD015.DAT,8,51,"[14][C2]@""And get the[01][09]V[01] from[01]him.[02]Come on! Let's not[01]waste any time.""",66,[14][C2]
AREAD015.DAT:8:52,AREAD015.DAT,8,52,"This blade can't cut it...[01]To cut it, you need to find[01]Yuna and the [09]V[01].",73,
AREAD015.DAT:8:53,AREAD015.DAT,8,53,"""Huh? Yuna?[02]He's the one who was doing[01]some kind of experiement[01]with the Carronade.[02]It's because of him that[01]all these monsters are[01]here!""",139,
AREAD015.DAT:8:54,AREAD015.DAT,8,54,"[14][83]@""The feeling of evil[01]is stronger here...!""",46,[14][83]
AREAD015.DAT:8:55,AREAD015.DAT,8,55,"[14][81]A""Can you feel it?[01]The feeling of evil[01]is stronger here.""",60,[14][81]
AREAD015.DAT:8:56,AREAD015.DAT,8,56,"[14][88]D""The evil presence...[01]It feels stronger[01]here...!""",53,[14][88]
AREAD015.DAT:8:57,AREAD015.DAT,8,57,"[14][89]E""It is a most[01]uncomfortable[01]feeling...[02][14][C5]@Says [04][05].""",55,[14][89]
AREAS015.DAT:8:1,AREAS015.DAT,8,1,"""I heard that Chief[01][04][02]'s in some kind of[01]trouble.""",51,
AREAS015.DAT:8:2,AREAS015.DAT,8,2,"""I heard Chief [04][02] got[01]cuaght sneaking around in[01]enemy territory.[02]I guess this means there'll[01]be another war, eh?""",114,
AREAS015.DAT:8:3,AREAS015.DAT,8,3,"""Did you hear how Chief[01][04][02] went out in[02]search of the missing[01]Wyndian princess?[02]How romantic!""",94,
AREAS015.DAT:8:4,AREAS015.DAT,8,4,"[14][01][01]""Eh? You say zat you[01]'ave seen others like[01]me in other places?[02]Zat is because we[01]Manillo plan to take[02][19]",107,[14][01]
AREAS015.DAT:8:5,AREAS015.DAT,8,5,"[14][01][01]""Eh? You say zat you[01]'ave seen others like[01]me in other places?[02]Zat is because we[01]Manillo plan to take[02][19]",107,[14][01]
AREAS015.DAT:8:6,AREAS015.DAT,8,6,"""Since we Woren are famous[01]throughout the world as[01]strong warriors,[02]people journey here to[01]study our ways and learn[01]from us.""",126,
AREAS015.DAT:8:8,AREAS015.DAT,8,8,"[14][82]B""Hmmmm...[02]Sounds like [04][02]'s[01]gotten himself into[01]quite a fix!""",64,[14][82]
AREAS015.DAT:8:9,AREAS015.DAT,8,9,"[14][83]C""How dare Ludia treat[01]you like that![02]This is an insult to[01]the entire Woren[01]nation![02]This means war!""",103,[14][83]
AREAS015.DAT:8:10,AREAS015.DAT,8,10,"[14][84]D""That's right! We'll[01]show them they can't[01]treat us that way!""",65,[14][84]
AREAS015.DAT:8:11,AREAS015.DAT,8,11,"[14][82]B""Hold it! Hold it![01]Don't get your fur[01]up![02]That's always been[01]the problem with us[01]Woren--[02]too many people that[01]are too hot under[01]the collar!""",144,[14][82]
AREAS015.DAT:8:12,AREAS015.DAT,8,12,"[14][84]D""That's right!""",19,[14][84]
AREAS015.DAT:8:13,AREAS015.DAT,8,13,"[14][83]C""Humph...So what[01]should we do, then?[02]I mean, Miss [04][01][01]came all this way[02]to tell us about[01]the trouble that cub[02]managed to get[01]himself into.""",142,[14][83]
AREAS015.DAT:8:14,AREAS015.DAT,8,14,"[14][84]D""That's right![02]It's been a long[01]time since we saw[01]you, little [04][01].[02]You've grown![02]Why, I can remember[01]when you were only[01]this high...""",136,[14][84]
AREAS015.DAT:8:15,AREAS015.DAT,8,15,"[14][82]B""Enough of that![01]There'll be time for[01]that later![02]We need to think[01]about what to do!""",89,[14][82]
AREAS015.DAT:8:16,AREAS015.DAT,8,16,"[14][83]C""Hmmm...If only [05][02]Tarhn[06][01]were here! She'd know[01]what to do!""",63,[14][83]
AREAS015.DAT:8:18,AREAS015.DAT,8,18,"[14][84]D""She's the wife of[01]the previous chief,[01]rest his soul.[02]In other words, she's[01][04][02]'s mother.""",93,[14][84]
AREAS015.DAT:8:19,AREAS015.DAT,8,19,"[14][83]C""When [04][02] became[01]Chief, she decided to[01]leave the village...[02]Went out to live on[01]the [05][02]Golden Plains[06].""",105,[14][83]
AREAS015.DAT:8:20,AREAS015.DAT,8,20,"[14][84]D""Decided to live a[01]nomad's life, she[01]said.""",47,[14][84]
AREAS015.DAT:8:21,AREAS015.DAT,8,21,"[14][82]B""Tarhn might have[01]been able to think[01]of something,[02]but I'm afraid[01]there's nothing[01]we can do...""",99,[14][82]
AREAS015.DAT:8:22,AREAS015.DAT,8,22,"[14][84]D""If I were younger,[01]I'd get on a horse[02]and go looking for[01]Tarhn myself, but[02]I'm too old for that[01]now...""",108,[14][84]
AREAS015.DAT:8:23,AREAS015.DAT,8,23,"[14][02][02]""I bet Tarhn would be[01]able to think of some[01]way to save [04][02].""",64,[14][02]
AREAS015.DAT:8:24,AREAS015.DAT,8,24,"[14][03][03]""Tarhn's traveling[01]somewhere in the[01]Golden Plains.[02]If you want to go[01]looking for her,[02]you're gonna need a[01]horse!""",117,[14][03]
AREAS015.DAT:8:25,AREAS015.DAT,8,25,"[14][04][04]""Only thing we know[01]how to do is fight...[02]Not Tarhn, though![01]She'd think of[01]something, for sure!""",101,[14][04]
AREAS015.DAT:8:26,AREAS015.DAT,8,26,"""Welcome, travelers.[01]Want to rest for a[01]while?""[12][86][0C][93]Rest[01]Diary[01]Never mind",73,
AREAS015.DAT:8:27,AREAS015.DAT,8,27,"""You don't have[01]enough zenny.""",31,
AREAS015.DAT:8:28,AREAS015.DAT,8,28,"[14][04][04]""Hmmm...I see...[02]You see why we told[01]you to go talk to[01]Tarhn?[02]We never would've[01]thought of that![02]Make a fake[01][09][01][01]! Now[01]that's smart!""",136,[14][04]
AREAS015.DAT:8:29,AREAS015.DAT,8,29,"[14][03][03]""I guess it's up to[01]you then to save[01][04][02].[02]Good luck to you!""",63,[14][03]
AREAS015.DAT:8:30,AREAS015.DAT,8,30,"[14][02][02]""To get to [05][02]Mt. Glom[06],[01]you first have to[02]head [05][02]east[06] over the[01]Plains.[02]When you get to the[01]large stone, you need[01]to turn to the [05][02]south[06].[02]You'll see a mountain[01]with a plume of smoke[01]coming out of it--[02]that's [05][02]Mt. Glom[06].""",226,[14][02]
AREAS015.DAT:8:33,AREAS015.DAT,8,33,"[14][85]E""Huh!?[02]B-but Master...You...[01]You mean...[0B]I'm weak?""",55,[14][85]
AREAS015.DAT:8:41,AREAS015.DAT,8,41,"[14][02][02]""Thank you for[01]everything.[02]We'll help you as[01]much as we can,[02]but I think you[01]should talk to Tarhn[01]about what to do.""",120,[14][02]
AREAS015.DAT:8:42,AREAS015.DAT,8,42,"[14][02][02]""[04][02]...How could[01]you do that?[02]You're supposed to[01]be the chief of the[01]Woren![02]Anyway...[0B]It's good[01]to have you safe[01]again.[02]Be sure to talk to[01]Tarhn about what's[01]happened, all right?""",182,[14][02]
AREAS015.DAT:8:43,AREAS015.DAT,8,43,"[14][03][03]""How dare those[01]Ludians![02]I don't care if he's[01]the leader of the[02]Alliance or the king[01]of the world![02]Who does he think he[01]is, locking up the[02]chief of the Woren[01]like that!""",173,[14][03]
AREAS015.DAT:8:44,AREAS015.DAT,8,44,"[14][03][03]""[04][02]...If you want[01]to take revenge on[01]Ludia for what they[02]did, I'll be right[01]behind you!""",92,[14][03]
AREAS015.DAT:8:45,AREAS015.DAT,8,45,"[14][04][04]""So, you were able to[01]rescue [04][02]...[02]Now the only problem[01]is what Ludia will do[01]next...[02]Still, it's good to[01]have [04][02] back.""",124,[14][04]
AREAS015.DAT:8:46,AREAS015.DAT,8,46,"[14][04][04]""[04][02]![02]It's so good to see[01]you again!""",40,[14][04]
AREAS015.DAT:8:47,AREAS015.DAT,8,47,"""It's good to see you[01]safely home again, Chief[01][04][02].[02]Has that trouble you were[01]involved in been taken[01]care of?""",110,
AREAS015.DAT:8:48,AREAS015.DAT,8,48,"""I see Chief [04][02] has[01]come back.[02]Maybe this means we won't[01]have to go to war.""",77,
AREAS015.DAT:8:49,AREAS015.DAT,8,49,"""I heard how the Chief was[01]rescued from Ludia by his[01]friends.[02]How dramatic!""",77,
AREAS015.DAT:8:50,AREAS015.DAT,8,50,"""I saw a really big human[01]with a scary looking face[01]a while ago...[02]I wonder if he came here[01]to train?""",103,
AREAS015.DAT:8:51,AREAS015.DAT,8,51,"[14][02][02]""Hmmm...[02]So, you plan to go to[01]Wyndia to meet with[01]the dragon, eh?[02]Well, I suppose it's[01]safer than staying[01]here...""",119,[14][02]
AREAS015.DAT:8:52,AREAS015.DAT,8,52,"[14][02][02]""Off to Wyndia to[01]meet with the dragon,[01]hm?[02]Well, I guess that's[01]two birds with one[01]stone, isn't it?[02]You might find out[01]something about[01][04]",141,[14][02]
AREAS015.DAT:8:53,AREAS015.DAT,8,53,"[14][03][03]""Just let them try to[01]make this neutral[01]territory by treaty![02]We'll never let that[01]happen! Over our[01]dead bodies!""",116,[14][03]
AREAS015.DAT:8:54,AREAS015.DAT,8,54,"[14][03][03]""Rest easy, [04][02]![02]As long as there is[01]breath in our bodies,[02]we'll protect this[01]village from any who[01]would threaten it,[02]whether it be Ludia[01]or even the Empire!""",161,[14][03]
AREAS015.DAT:8:55,AREAS015.DAT,8,55,"[14][04][04]""Hmmm...So you plan[01]on using the ruins to[01]get to Wyndia, eh?[02]You can find the[01]ruins near the[02]eastern edge of the[01]plains.""",125,[14][04]
AREAS015.DAT:8:56,AREAS015.DAT,8,56,"""Hmmm...So you plan[01]on using the ruins to[01]get to Wyndia, eh?[02]You can find the[01]ruins near the[02]eastern edge of the[01]plains.""",122,
AREAS015.DAT:8:57,AREAS015.DAT,8,57,"[14][02][02]""Hmmm...Gods, you[01]say? Yorae Dragon?[02]You're on your own[01]now...That's too big[01]for us, I'm afraid.""",101,[14][02]
AREAS015.DAT:8:58,AREAS015.DAT,8,58,"[14][02][02]""Hmmm...Gods, you[01]say? Yorae Dragon?[02]You're on your own[01]now...That's too big[01]for us, I'm afraid.""",101,[14][02]
AREAS015.DAT:8:59,AREAS015.DAT,8,59,"[14][03][03]""Dragon...?[02]Hmmm...[0B]There's a[01]dragon in the plains,[01]the Grass Dragon.""",74,[14][03]
AREAS015.DAT:8:60,AREAS015.DAT,8,60,"[14][03][03]""Dragon...?[02]Hmmm...[0B]There's a[01]dragon in the plains,[01]the Grass Dragon.""",74,[14][03]
AREAS015.DAT:8:61,AREAS015.DAT,8,61,"[14][04][04]""Twin gods? Yorae[01]Dragon?[02]I don't know what[01]that's all about,[02]but it means you're[01]fighting a strong[01]enemy, right?""",118,[14][04]
AREAS015.DAT:8:62,AREAS015.DAT,8,62,"[14][04][04]""Twin gods? Yorae[01]Dragon?[02]I don't know what[01]that's all about,[02]but it means you're[01]fighting a strong[01]enemy, right?""",118,[14][04]
AREAS015.DAT:8:63,AREAS015.DAT,8,63,"""I heard Chief [04][02] is[01]off to Wyndia now...[02]It must be busy, being[01]chief...""",75,
AREAS015.DAT:8:64,AREAS015.DAT,8,64,"""Why would the Empire want[01]to stop someone from[01]looking for their friend?""",75,
AREAS015.DAT:8:65,AREAS015.DAT,8,65,"""I hear the Empire has sent[01]troops out looking for[01]Chief [04][02]...[02]Sounds like he's gotten[01]himself into quite a fix!""",114,
AREAS015.DAT:8:66,AREAS015.DAT,8,66,"""You're looking for the[01]merchant who was here?[02]He tried to set up shop[01]here so I kicked him out![02]This is an inn, not a[01]shop![02]So, would you like to[01]rest?""[12][86][0C][93]Rest[01]Diary[01]Never mind",179,
AREAS015.DAT:8:67,AREAS015.DAT,8,67,"""Hey![02]Don't step on my tail.""",30,
AREAS015.DAT:8:68,AREAS015.DAT,8,68,"""It was a long, hard trip[01]from Synesta...[01][0D][0F][08]yawwwwwnnnn...[0E]""",62,
AREAS015.DAT:8:69,AREAS015.DAT,8,69,"[14][01][01]""Huh? What am I doing[01]'ere, you ask?[02]Well, let us just say[01]zat it is 'arder to[02][19]",84,[14][01]
AREAS015.DAT:8:108,AREAS015.DAT,8,108,Super Combo,12,
AREAS015.DAT:8:110,AREAS015.DAT,8,110,"[14][06][06]""Well, hello again,[01]everyone![02]Looks like we ran[01]into each other[01]again![02]This may be a[01]different place,[02]but I'll still answer[01]any questions you[01]might have!""[12]",159,[14][06]
AREAS015.DAT:8:111,AREAS015.DAT,8,111,"[14][06][06]""Well, hello again,[01]everyone![02]Looks like we ran[01]into each other[01]again![02]This may be a[01]different place,[02]but I'll still answer[01]any questions you[01]might have!""[12]",159,[14][06]
AREAS015.DAT:8:112,AREAS015.DAT,8,112,"[14][06][06]""Well, hello again,[01]everyone![02]Looks like we ran[01]into each other[01]again![02]This may be a[01]different place,[02]but I'll still answer[01]any questions you[01]might have!""[12]",159,[14][06]
AREAS015.DAT:8:113,AREAS015.DAT,8,113,"""You can create more[01]powerful magical[01]combo attacks by[02]connecting spells of[01]one property to[01]another![02]Fire becomes stronger[01]when followed by[01]Wind,[02]Wind by Water, Water[01]by Earth, and Earth[01]by Fire.[02]Try out different[01]combos for yourself[02]and see which one is[01]strongest!""[02][16]v",270,
AREAS015.DAT:8:114,AREAS015.DAT,8,114,"""The more enemies[01]that appear,[02]the easier it is to[01]get a high number of[01]combo hits![02]The number of combo[01]hits also increases[01]if you combine[02]attacks with the[01]same property!""[02][16]v",175,
AREAS015.DAT:8:115,AREAS015.DAT,8,115,"""If you combine[01]attacks that heal or[01]affect status,[02]the effects of each[01]will be increased as[01]well![02]For example, if you[01]combine [05][02][09],[04][06][01]and [05][02][09]'[04][06],[02]you'll be able to[01]restore some HP[02]at the same time[01]you raise your[01]defense![02]What a deal, eh?""[02][16]v",242,
AREAS015.DAT:8:116,AREAS015.DAT,8,116,"""Have you seen a [05][02]Wyd[06][01]or a [05][02]Drake[06]?[02]If you use a Fire[01]attack on them, they[01]become more powerful![02]But, that also means[01]if you defeat them,[01]you get more EXP![02]There are other[01]monsters that power[02]up when certain[01]attacks are used[01]against them--[02]see if you can find[01]them all!""[02][16]v",277,
AREAS015.DAT:8:117,AREAS015.DAT,8,117,"""Oh...Well, then,[01]good luck to you!""",37,
AREAS015.DAT:8:118,AREAS015.DAT,8,118,"""What else do you[01]want to know about?""[12]",40,
AREAD016.DAT:8:0,AREAD016.DAT,8,0,"[14][C2]@""This is it...![02]This is the place[01]they're holding[01]Elina!""",61,[14][C2]
AREAD016.DAT:8:1,AREAD016.DAT,8,1,"[14][C2]@""This is it...![02]This is the place[01]they're holding[01]Elina!""",61,[14][C2]
AREAD016.DAT:8:3,AREAD016.DAT,8,3,"[14][C2]@""Don't get your hopes[01]up too much--we still[01]need to find her.[02]Let's go!""",76,[14][C2]
AREAD016.DAT:8:4,AREAD016.DAT,8,4,There's a diary here.[12][8B][0C][93]Rest[01]Diary[01]Never mind,47,
AREAD016.DAT:8:5,AREAD016.DAT,8,5,There's a diary here.[12][8B][0C][93]Rest[01]Diary[01]Never mind,47,
AREAD016.DAT:8:6,AREAD016.DAT,8,6,"[0C][04][14][C5]@""blub blub...[02][04][05] does not need[01]to breath.[02]Still, she says she[01]thanks you for your[01]assistance.""",100,
AREAD016.DAT:8:7,AREAD016.DAT,8,7,"[14][81]A""Somebody's coming!""",24,[14][81]
AREAD016.DAT:8:8,AREAD016.DAT,8,8,"[14][02][02]""What then is the[01]status of the[01]sacrifice?""",47,[14][02]
AREAD016.DAT:8:9,AREAD016.DAT,8,9,"[0C][05]""It continues to...[01]grow, Lord Yuna.""",40,
AREAD016.DAT:8:10,AREAD016.DAT,8,10,"[14][02][02]""Excellent.[0B] I am[01]greatly pleased.""",39,[14][02]
AREAD016.DAT:8:13,AREAD016.DAT,8,13,"If you come out from behind[01]the curtain, you'll be[01]seen!",57,
AREAD016.DAT:8:14,AREAD016.DAT,8,14,"[0C][0C]""Yes, Lord Yuna. At[01]the present rate...""",43,
AREAD016.DAT:8:15,AREAD016.DAT,8,15,"[14][C1]@""Whew![0B] Looks like[01]they didn't see[01]us...""[15][10]",47,[14][C1]
AREAD016.DAT:8:16,AREAD016.DAT,8,16,"[0C][03][14][02][02]""Ah, but we did.""",23,
AREAD016.DAT:8:17,AREAD016.DAT,8,17,"[0C][03][14][02][02]""Well now, we can't[01]have this,[0B] can we?[02]This building belongs[01]to the Fou Empire.[02]And you are[01]Easterners,[01]are you not?""",124,
AREAD016.DAT:8:18,AREAD016.DAT,8,18,"[0C][04][14][C2]@""We're...looking for[01]someone.""",36,
AREAD016.DAT:8:19,AREAD016.DAT,8,19,"[0C][04][14][83]@""Yes--we're looking[01]for my sister.[02]Her name is Elina.[01]We were told she had[01]come here...""",94,
AREAD016.DAT:8:20,AREAD016.DAT,8,20,"[0C][04][14][81]A""What do you know[01]about her!?""",36,
AREAD016.DAT:8:21,AREAD016.DAT,8,21,"[0C][03][14][02][02]""Now now now...[0B][01]Don't get too close,[01]hmm?""",49,
AREAD016.DAT:8:22,AREAD016.DAT,8,22,"[0C][03][14][02][02]""You mean Princess[01]Elina, yes?[02]Yes, she was here.""",56,
AREAD016.DAT:8:23,AREAD016.DAT,8,23,"[0C][03][14][02][02]""She was a very kind[01]person--she said she[02]was here on a good-[01]will visit to see[02]people injured[01]during the war.[01]However...""",128,
AREAD016.DAT:8:24,AREAD016.DAT,8,24,"[0C][05][14][02][02]""She is no longer[01]with us.""",33,
AREAD016.DAT:8:25,AREAD016.DAT,8,25,"[0C][05][14][02][02]""I'm afraid it's the[01]truth.[02]Now then!""",44,
AREAD016.DAT:8:26,AREAD016.DAT,8,26,"[0C][05][14][02][02]""I think it's about[01]time you were on your[02]way, my Eastern[01]friends.""",73,
AREAD016.DAT:8:27,AREAD016.DAT,8,27,"[0C][06][14][84]@""[04][02]! This place...[01]Isn't it...?""[13]@[14][C2]@""Yep...It's where we[01]came looking for[01]Elina before...""",97,
AREAD016.DAT:8:28,AREAD016.DAT,8,28,"[14][C2]@""Yep...It's where we[01]came looking for[01]Elina before...""",58,[14][C2]
AREAD016.DAT:8:29,AREAD016.DAT,8,29,"[14][81]A""Doesn't look exactly[01]like the headquarters[02]for the Imperial[01]Army, does it?...[01]Wait!""",89,[14][81]
AREAD016.DAT:8:30,AREAD016.DAT,8,30,"[0C][06][14][81]A""What would a monster[01]like that be doing in[01]a place like this?""",69,
AREAD016.DAT:8:32,AREAD016.DAT,8,32,"""Monsters...Too many of[01]them...They just kept[01]coming...""",57,
AREAD016.DAT:8:33,AREAD016.DAT,8,33,"""Uuuuhhhhh...""",15,
AREAD016.DAT:8:34,AREAD016.DAT,8,34,"""These monsters appeared[01]out of nowhere and[01]attacked us...[02]General Rhun took some[01]troops with him and went[01]to hunt them down.....""",131,
AREAD016.DAT:8:35,AREAD016.DAT,8,35,He's dead...,13,
AREAD016.DAT:8:36,AREAD016.DAT,8,36,"""Monsters! They're[01]everywhere![02]It's all because of Yuna[01]and his blasted hex[01]experiments!""",90,
AREAD016.DAT:8:37,AREAD016.DAT,8,37,"[14][01][01]""What...[0B]What's[01]this?[02]It looks like some[01]kind of...of organ.""",65,[14][01]
AREAD016.DAT:8:38,AREAD016.DAT,8,38,It's soft and rubbery...[01]Maybe it could be cut with[01]a sword or knife?,70,
AREAD016.DAT:8:39,AREAD016.DAT,8,39,"[14][85]C""You will not be able[01]to sever that...Not[01]with your blade.""",63,[14][85]
AREAD016.DAT:8:40,AREAD016.DAT,8,40,"[14][06][01]""E...[0B]Elina!?""",18,[14][06]
AREAD016.DAT:8:42,AREAD016.DAT,8,42,"[14][85]C""[04][02]...[01][04][01]...!?""",19,[14][85]
AREAD016.DAT:8:46,AREAD016.DAT,8,46,"[0C][06][14][85]C""The courtier named[01]Yuna holds it.[02]You must find him.""",60,
AREAD016.DAT:8:47,AREAD016.DAT,8,47,"[14][01][01]""Yuna...""",13,[14][01]
AREAD016.DAT:8:50,AREAD016.DAT,8,50,"[14][C2]@""I know.[02]Still, all we can do[01]now is find this[01]Yuna...""",59,[14][C2]
AREAD016.DAT:8:51,AREAD016.DAT,8,51,"[14][C2]@""And get the[01][09]V[01] from[01]him.[02]Come on! Let's not[01]waste any time.""",66,[14][C2]
AREAD016.DAT:8:52,AREAD016.DAT,8,52,"This blade can't cut it...[01]To cut it, you need to find[01]Yuna and the [09]V[01].",73,
AREAD016.DAT:8:53,AREAD016.DAT,8,53,"""Huh? Yuna?[02]He's the one who was doing[01]some kind of experiement[01]with the Carronade.[02]It's because of him that[01]all these monsters are[01]here!""",139,
AREAD016.DAT:8:54,AREAD016.DAT,8,54,"[14][83]@""The feeling of evil[01]is stronger here...!""",46,[14][83]
AREAD016.DAT:8:55,AREAD016.DAT,8,55,"[14][81]A""Can you feel it?[01]The feeling of evil[01]is stronger here.""",60,[14][81]
AREAD016.DAT:8:56,AREAD016.DAT,8,56,"[14][88]D""The evil presence...[01]It feels stronger[01]here...!""",53,[14][88]
AREAD016.DAT:8:57,AREAD016.DAT,8,57,"[14][89]E""It is a most[01]uncomfortable[01]feeling...[02][14][C5]@Says [04][05].""",55,[14][89]
AREAS016.DAT:8:1,AREAS016.DAT,8,1,"""I heard that Chief[01][04][02]'s in some kind of[01]trouble.""",51,
AREAS016.DAT:8:2,AREAS016.DAT,8,2,"""I heard Chief [04][02] got[01]cuaght sneaking around in[01]enemy territory.[02]I guess this means there'll[01]be another war, eh?""",114,
AREAS016.DAT:8:3,AREAS016.DAT,8,3,"""Did you hear how Chief[01][04][02] went out in[02]search of the missing[01]Wyndian princess?[02]How romantic!""",94,
AREAS016.DAT:8:4,AREAS016.DAT,8,4,"[14][01][01]""Eh? You say zat you[01]'ave seen others like[01]me in other places?[02]Zat is because we[01]Manillo plan to take[02][19]",107,[14][01]
AREAS016.DAT:8:5,AREAS016.DAT,8,5,"[14][01][01]""Eh? You say zat you[01]'ave seen others like[01]me in other places?[02]Zat is because we[01]Manillo plan to take[02][19]",107,[14][01]
AREAS016.DAT:8:6,AREAS016.DAT,8,6,"""Since we Woren are famous[01]throughout the world as[01]strong warriors,[02]people journey here to[01]study our ways and learn[01]from us.""",126,
AREAS016.DAT:8:8,AREAS016.DAT,8,8,"[14][82]B""Hmmmm...[02]Sounds like [04][02]'s[01]gotten himself into[01]quite a fix!""",64,[14][82]
AREAS016.DAT:8:9,AREAS016.DAT,8,9,"[14][83]C""How dare Ludia treat[01]you like that![02]This is an insult to[01]the entire Woren[01]nation![02]This means war!""",103,[14][83]
AREAS016.DAT:8:10,AREAS016.DAT,8,10,"[14][84]D""That's right! We'll[01]show them they can't[01]treat us that way!""",65,[14][84]
AREAS016.DAT:8:11,AREAS016.DAT,8,11,"[14][82]B""Hold it! Hold it![01]Don't get your fur[01]up![02]That's always been[01]the problem with us[01]Woren--[02]too many people that[01]are too hot under[01]the collar!""",144,[14][82]
AREAS016.DAT:8:12,AREAS016.DAT,8,12,"[14][84]D""That's right!""",19,[14][84]
AREAS016.DAT:8:13,AREAS016.DAT,8,13,"[14][83]C""Humph...So what[01]should we do, then?[02]I mean, Miss [04][01][01]came all this way[02]to tell us about[01]the trouble that cub[02]managed to get[01]himself into.""",142,[14][83]
AREAS016.DAT:8:14,AREAS016.DAT,8,14,"[14][84]D""That's right![02]It's been a long[01]time since we saw[01]you, little [04][01].[02]You've grown![02]Why, I can remember[01]when you were only[01]this high...""",136,[14][84]
AREAS016.DAT:8:15,AREAS016.DAT,8,15,"[14][82]B""Enough of that![01]There'll be time for[01]that later![02]We need to think[01]about what to do!""",89,[14][82]
AREAS016.DAT:8:16,AREAS016.DAT,8,16,"[14][83]C""Hmmm...If only [05][02]Tarhn[06][01]were here! She'd know[01]what to do!""",63,[14][83]
AREAS016.DAT:8:18,AREAS016.DAT,8,18,"[14][84]D""She's the wife of[01]the previous chief,[01]rest his soul.[02]In other words, she's[01][04][02]'s mother.""",93,[14][84]
AREAS016.DAT:8:19,AREAS016.DAT,8,19,"[14][83]C""When [04][02] became[01]Chief, she decided to[01]leave the village...[02]Went out to live on[01]the [05][02]Golden Plains[06].""",105,[14][83]
AREAS016.DAT:8:20,AREAS016.DAT,8,20,"[14][84]D""Decided to live a[01]nomad's life, she[01]said.""",47,[14][84]
AREAS016.DAT:8:21,AREAS016.DAT,8,21,"[14][82]B""Tarhn might have[01]been able to think[01]of something,[02]but I'm afraid[01]there's nothing[01]we can do...""",99,[14][82]
AREAS016.DAT:8:22,AREAS016.DAT,8,22,"[14][84]D""If I were younger,[01]I'd get on a horse[02]and go looking for[01]Tarhn myself, but[02]I'm too old for that[01]now...""",108,[14][84]
AREAS016.DAT:8:23,AREAS016.DAT,8,23,"[14][02][02]""I bet Tarhn would be[01]able to think of some[01]way to save [04][02].""",64,[14][02]
AREAS016.DAT:8:24,AREAS016.DAT,8,24,"[14][03][03]""Tarhn's traveling[01]somewhere in the[01]Golden Plains.[02]If you want to go[01]looking for her,[02]you're gonna need a[01]horse!""",117,[14][03]
AREAS016.DAT:8:25,AREAS016.DAT,8,25,"[14][04][04]""Only thing we know[01]how to do is fight...[02]Not Tarhn, though![01]She'd think of[01]something, for sure!""",101,[14][04]
AREAS016.DAT:8:26,AREAS016.DAT,8,26,"""Welcome, travelers.[01]Want to rest for a[01]while?""[12][86][0C][93]Rest[01]Diary[01]Never mind",73,
AREAS016.DAT:8:27,AREAS016.DAT,8,27,"""You don't have[01]enough zenny.""",31,
AREAS016.DAT:8:28,AREAS016.DAT,8,28,"[14][04][04]""Hmmm...I see...[02]You see why we told[01]you to go talk to[01]Tarhn?[02]We never would've[01]thought of that![02]Make a fake[01][09][01][01]! Now[01]that's smart!""",136,[14][04]
AREAS016.DAT:8:29,AREAS016.DAT,8,29,"[14][03][03]""I guess it's up to[01]you then to save[01][04][02].[02]Good luck to you!""",63,[14][03]
AREAS016.DAT:8:30,AREAS016.DAT,8,30,"[14][02][02]""To get to [05][02]Mt. Glom[06],[01]you first have to[02]head [05][02]east[06] over the[01]Plains.[02]When you get to the[01]large stone, you need[01]to turn to the [05][02]south[06].[02]You'll see a mountain[01]with a plume of smoke[01]coming out of it--[02]that's [05][02]Mt. Glom[06].""",226,[14][02]
AREAS016.DAT:8:33,AREAS016.DAT,8,33,"[14][85]E""Huh!?[02]B-but Master...You...[01]You mean...[0B]I'm weak?""",55,[14][85]
AREAS016.DAT:8:41,AREAS016.DAT,8,41,"[14][02][02]""Thank you for[01]everything.[02]We'll help you as[01]much as we can,[02]but I think you[01]should talk to Tarhn[01]about what to do.""",120,[14][02]
AREAS016.DAT:8:42,AREAS016.DAT,8,42,"[14][02][02]""[04][02]...How could[01]you do that?[02]You're supposed to[01]be the chief of the[01]Woren![02]Anyway...[0B]It's good[01]to have you safe[01]again.[02]Be sure to talk to[01]Tarhn about what's[01]happened, all right?""",182,[14][02]
AREAS016.DAT:8:43,AREAS016.DAT,8,43,"[14][03][03]""How dare those[01]Ludians![02]I don't care if he's[01]the leader of the[02]Alliance or the king[01]of the world![02]Who does he think he[01]is, locking up the[02]chief of the Woren[01]like that!""",173,[14][03]
AREAS016.DAT:8:44,AREAS016.DAT,8,44,"[14][03][03]""[04][02]...If you want[01]to take revenge on[01]Ludia for what they[02]did, I'll be right[01]behind you!""",92,[14][03]
AREAS016.DAT:8:45,AREAS016.DAT,8,45,"[14][04][04]""So, you were able to[01]rescue [04][02]...[02]Now the only problem[01]is what Ludia will do[01]next...[02]Still, it's good to[01]have [04][02] back.""",124,[14][04]
AREAS016.DAT:8:46,AREAS016.DAT,8,46,"[14][04][04]""[04][02]![02]It's so good to see[01]you again!""",40,[14][04]
AREAS016.DAT:8:47,AREAS016.DAT,8,47,"""It's good to see you[01]safely home again, Chief[01][04][02].[02]Has that trouble you were[01]involved in been taken[01]care of?""",110,
AREAS016.DAT:8:48,AREAS016.DAT,8,48,"""I see Chief [04][02] has[01]come back.[02]Maybe this means we won't[01]have to go to war.""",77,
AREAS016.DAT:8:49,AREAS016.DAT,8,49,"""I heard how the Chief was[01]rescued from Ludia by his[01]friends.[02]How dramatic!""",77,
AREAS016.DAT:8:50,AREAS016.DAT,8,50,"""I saw a really big human[01]with a scary looking face[01]a while ago...[02]I wonder if he came here[01]to train?""",103,
AREAS016.DAT:8:51,AREAS016.DAT,8,51,"[14][02][02]""Hmmm...[02]So, you plan to go to[01]Wyndia to meet with[01]the dragon, eh?[02]Well, I suppose it's[01]safer than staying[01]here...""",119,[14][02]
AREAS016.DAT:8:52,AREAS016.DAT,8,52,"[14][02][02]""Off to Wyndia to[01]meet with the dragon,[01]hm?[02]Well, I guess that's[01]two birds with one[01]stone, isn't it?[02]You might find out[01]something about[01][04]",141,[14][02]
AREAS016.DAT:8:53,AREAS016.DAT,8,53,"[14][03][03]""Just let them try to[01]make this neutral[01]territory by treaty![02]We'll never let that[01]happen! Over our[01]dead bodies!""",116,[14][03]
AREAS016.DAT:8:54,AREAS016.DAT,8,54,"[14][03][03]""Rest easy, [04][02]![02]As long as there is[01]breath in our bodies,[02]we'll protect this[01]village from any who[01]would threaten it,[02]whether it be Ludia[01]or even the Empire!""",161,[14][03]
AREAS016.DAT:8:55,AREAS016.DAT,8,55,"[14][04][04]""Hmmm...So you plan[01]on using the ruins to[01]get to Wyndia, eh?[02]You can find the[01]ruins near the[02]eastern edge of the[01]plains.""",125,[14][04]
AREAS016.DAT:8:56,AREAS016.DAT,8,56,"""Hmmm...So you plan[01]on using the ruins to[01]get to Wyndia, eh?[02]You can find the[01]ruins near the[02]eastern edge of the[01]plains.""",122,
AREAS016.DAT:8:57,AREAS016.DAT,8,57,"[14][02][02]""Hmmm...Gods, you[01]say? Yorae Dragon?[02]You're on your own[01]now...That's too big[01]for us, I'm afraid.""",101,[14][02]
AREAS016.DAT:8:58,AREAS016.DAT,8,58,"[14][02][02]""Hmmm...Gods, you[01]say? Yorae Dragon?[02]You're on your own[01]now...That's too big[01]for us, I'm afraid.""",101,[14][02]
AREAS016.DAT:8:59,AREAS016.DAT,8,59,"[14][03][03]""Dragon...?[02]Hmmm...[0B]There's a[01]dragon in the plains,[01]the Grass Dragon.""",74,[14][03]
AREAS016.DAT:8:60,AREAS016.DAT,8,60,"[14][03][03]""Dragon...?[02]Hmmm...[0B]There's a[01]dragon in the plains,[01]the Grass Dragon.""",74,[14][03]
AREAS016.DAT:8:61,AREAS016.DAT,8,61,"[14][04][04]""Twin gods? Yorae[01]Dragon?[02]I don't know what[01]that's all about,[02]but it means you're[01]fighting a strong[01]enemy, right?""",118,[14][04]
AREAS016.DAT:8:62,AREAS016.DAT,8,62,"[14][04][04]""Twin gods? Yorae[01]Dragon?[02]I don't know what[01]that's all about,[02]but it means you're[01]fighting a strong[01]enemy, right?""",118,[14][04]
AREAS016.DAT:8:63,AREAS016.DAT,8,63,"""I heard Chief [04][02] is[01]off to Wyndia now...[02]It must be busy, being[01]chief...""",75,
AREAS016.DAT:8:64,AREAS016.DAT,8,64,"""Why would the Empire want[01]to stop someone from[01]looking for their friend?""",75,
AREAS016.DAT:8:65,AREAS016.DAT,8,65,"""I hear the Empire has sent[01]troops out looking for[01]Chief [04][02]...[02]Sounds like he's gotten[01]himself into quite a fix!""",114,
AREAS016.DAT:8:66,AREAS016.DAT,8,66,"""You're looking for the[01]merchant who was here?[02]He tried to set up shop[01]here so I kicked him out![02]This is an inn, not a[01]shop![02]So, would you like to[01]rest?""[12][86][0C][93]Rest[01]Diary[01]Never mind",179,
AREAS016.DAT:8:67,AREAS016.DAT,8,67,"""Hey![02]Don't step on my tail.""",30,
AREAS016.DAT:8:68,AREAS016.DAT,8,68,"""It was a long, hard trip[01]from Synesta...[01][0D][0F][08]yawwwwwnnnn...[0E]""",62,
AREAS016.DAT:8:69,AREAS016.DAT,8,69,"[14][01][01]""Huh? What am I doing[01]'ere, you ask?[02]Well, let us just say[01]zat it is 'arder to[02][19]",84,[14][01]
AREAS016.DAT:8:108,AREAS016.DAT,8,108,Super Combo,12,
AREAS016.DAT:8:110,AREAS016.DAT,8,110,"[14][06][06]""Well, hello again,[01]everyone![02]Looks like we ran[01]into each other[01]again![02]This may be a[01]different place,[02]but I'll still answer[01]any questions you[01]might have!""[12]",159,[14][06]
AREAS016.DAT:8:111,AREAS016.DAT,8,111,"[14][06][06]""Well, hello again,[01]everyone![02]Looks like we ran[01]into each other[01]again![02]This may be a[01]different place,[02]but I'll still answer[01]any questions you[01]might have!""[12]",159,[14][06]
AREAS016.DAT:8:112,AREAS016.DAT,8,112,"[14][06][06]""Well, hello again,[01]everyone![02]Looks like we ran[01]into each other[01]again![02]This may be a[01]different place,[02]but I'll still answer[01]any questions you[01]might have!""[12]",159,[14][06]
AREAS016.DAT:8:113,AREAS016.DAT,8,113,"""You can create more[01]powerful magical[01]combo attacks by[02]connecting spells of[01]one property to[01]another![02]Fire becomes stronger[01]when followed by[01]Wind,[02]Wind by Water, Water[01]by Earth, and Earth[01]by Fire.[02]Try out different[01]combos for yourself[02]and see which one is[01]strongest!""[02][16]v",270,
AREAS016.DAT:8:114,AREAS016.DAT,8,114,"""The more enemies[01]that appear,[02]the easier it is to[01]get a high number of[01]combo hits![02]The number of combo[01]hits also increases[01]if you combine[02]attacks with the[01]same property!""[02][16]v",175,
AREAS016.DAT:8:115,AREAS016.DAT,8,115,"""If you combine[01]attacks that heal or[01]affect status,[02]the effects of each[01]will be increased as[01]well![02]For example, if you[01]combine [05][02][09],[04][06][01]and [05][02][09]'[04][06],[02]you'll be able to[01]restore some HP[02]at the same time[01]you raise your[01]defense![02]What a deal, eh?""[02][16]v",242,
AREAS016.DAT:8:116,AREAS016.DAT,8,116,"""Have you seen a [05][02]Wyd[06][01]or a [05][02]Drake[06]?[02]If you use a Fire[01]attack on them, they[01]become more powerful![02]But, that also means[01]if you defeat them,[01]you get more EXP![02]There are other[01]monsters that power[02]up when certain[01]attacks are used[01]against them--[02]see if you can find[01]them all!""[02][16]v",277,
AREAS016.DAT:8:117,AREAS016.DAT,8,117,"""Oh...Well, then,[01]good luck to you!""",37,
AREAS016.DAT:8:118,AREAS016.DAT,8,118,"""What else do you[01]want to know about?""[12]",40,
AREAS017.DAT:8:2,AREAS017.DAT,8,2,"""I'm sorry, but it seems[01]you're a little short on[01]zenny there.""",64,
AREAS017.DAT:8:3,AREAS017.DAT,8,3,"""Right now, I'm just a[01]traveling merchant,[02][19]",45,
AREAS017.DAT:8:4,AREAS017.DAT,8,4,"""I heard that Princess[01][04][01] has left in search[01]of her missing sister...[02]The king must be worried[01]sick about them.""",113,
AREAS017.DAT:8:5,AREAS017.DAT,8,5,"""If my sister disappeared,[01]I'd go look for her too!""",53,
AREAS017.DAT:8:6,AREAS017.DAT,8,6,"""Don't you worry--I won't[01]disappear anywhere!""",47,
AREAS017.DAT:8:7,AREAS017.DAT,8,7,"""This is a peaceful city...[01]Still, even here there are[01]rumors of war.""",71,
AREAS017.DAT:8:8,AREAS017.DAT,8,8,"""Wyndian women sure are[01]pretty, ain't they?[02]My wife was pretty in her[01]day, too.""",81,
AREAS017.DAT:8:10,AREAS017.DAT,8,10,"""In order to prevent the[01]young master from growing[01]any fatter,[02]I hid all the silverware![01]Now he can't eat anything[01]at all!""",124,
AREAS017.DAT:8:11,AREAS017.DAT,8,11,"[0A][01]""squeak""",11,
AREAS017.DAT:8:12,AREAS017.DAT,8,12,"""Yawn...[01]I want to eat--now!""",30,
AREAS017.DAT:8:13,AREAS017.DAT,8,13,"""I understand how you must[01]feel, master...Please be[01]patient just a little more.[02]I'm certain we shall find[01]the silverware soon!""",128,
AREAS017.DAT:8:14,AREAS017.DAT,8,14,"""We've lost everything...[02]Our [09][17][01], [09]O[03]s,[01][09]E[01]s, [09]6[03]...[01]even our [09]M",66,
AREAS017.DAT:8:15,AREAS017.DAT,8,15,"It's a plate with noodles[01]on it. To eat them, you[01]need [09][17][01].",60,
AREAS017.DAT:8:16,AREAS017.DAT,8,16,"It's a plate of cold cuts.[01]To eat them, you need a[01][09]6[03].",56,
AREAS017.DAT:8:17,AREAS017.DAT,8,17,"It's a plate of spaghetti.[01]To eat it, you need a[01][09]E[01].",54,
AREAS017.DAT:8:18,AREAS017.DAT,8,18,"It's a plate with pudding.[01]To eat it, you need a[01][09]O[03].",54,
AREAS017.DAT:8:19,AREAS017.DAT,8,19,"It's a cream soda. To drink[01]it, you need a [09]M",46,
AREAS017.DAT:8:20,AREAS017.DAT,8,20,"""I taught my boy to have[01]proper manners.[02]He won't touch his food[01]with his hands--ever!""",88,
AREAS017.DAT:8:21,AREAS017.DAT,8,21,"""I heard that Princess[01][04][01]'s come back.[02]The kings must be relieved[01]now that she's home again!""",94,
AREAS017.DAT:8:22,AREAS017.DAT,8,22,"""I'd be happy if my sister[01]came back too!""",43,
AREAS017.DAT:8:23,AREAS017.DAT,8,23,"""What are you talking[01]about, you silly boy?[02]I haven't gone anywhere!""",70,
AREAS017.DAT:8:24,AREAS017.DAT,8,24,"""I've seen some Ludian[01]troops moving around here[01]lately...[02]I guess those rumors[01]were true...""",94,
AREAS017.DAT:8:25,AREAS017.DAT,8,25,"""Maybe the rumors weren't[01]true after all...""",45,
AREAS017.DAT:8:26,AREAS017.DAT,8,26,"""They say Princess [04][01][01]has gone out looking for[01]her sister again...[02]I do hope they find her[01]this time!""",103,
AREAS017.DAT:8:27,AREAS017.DAT,8,27,"""I'm going to go look for[01]my sister again too!""",48,
AREAS017.DAT:8:28,AREAS017.DAT,8,28,"""How many times do I have[01]to tell you? I'm not going[01]anywhere!""",64,
AREAS017.DAT:8:29,AREAS017.DAT,8,29,"""And after I went to all[01]that trouble to hide the[01]silverware, too!""",68,
AREAS017.DAT:8:30,AREAS017.DAT,8,30,"""Wait...What you're[01]carrying there...Is that a[02][16] ",50,
AREAS017.DAT:8:33,AREAS017.DAT,8,33,"""I see...[02]Well, should you find any[01]more pieces of silverware,[01]please bring them here.""",88,
AREAS017.DAT:8:34,AREAS017.DAT,8,34,"""I see...[02]Well, should you find any[01]more pieces of silverware,[01]please bring them here.""",88,
AREAS017.DAT:8:35,AREAS017.DAT,8,35,"""I see...[02]Well, should you find any[01]more pieces of silverware,[01]please bring them here.""",88,
AREAS017.DAT:8:36,AREAS017.DAT,8,36,"""I see...[02]Well, should you find any[01]more pieces of silverware,[01]please bring them here.""",88,
AREAS017.DAT:8:37,AREAS017.DAT,8,37,"""I see...[02]Well, should you find any[01]more pieces of silverware,[01]please bring them here.""",88,
AREAS017.DAT:8:38,AREAS017.DAT,8,38,"""Thank you so much![02]Now the young master will[01]be able to eat again!""",69,
AREAS017.DAT:8:40,AREAS017.DAT,8,40,"""Yawn...[01]Is that it? I want more to[01]eat!""",42,
AREAS017.DAT:8:41,AREAS017.DAT,8,41,"""Yawn...[01]Is that it? I want more to[01]eat!""",42,
AREAS017.DAT:8:42,AREAS017.DAT,8,42,"""Yawn...[01]Is that it? I want more to[01]eat!""",42,
AREAS017.DAT:8:43,AREAS017.DAT,8,43,"""Yawn...[01]Is that it? I want more to[01]eat!""",42,
AREAS017.DAT:8:44,AREAS017.DAT,8,44,"""Yawn...[01]Is that it? I want more to[01]eat!""",42,
AREAS017.DAT:8:45,AREAS017.DAT,8,45,"""Yawn...[01]Is that it? I want more to[01]eat!""",42,
AREAS017.DAT:8:46,AREAS017.DAT,8,46,"""We can't make anything[01]else--we're completely out[01]of ingredients!""",68,
AREAS017.DAT:8:47,AREAS017.DAT,8,47,"""I understand how you must[01]feel, master...Please be[01]patient just a little more.[02]I'm sure your next meal[01]will be ready soon!""",125,
AREAS017.DAT:8:48,AREAS017.DAT,8,48,"""How unfortunate!""",19,
AREAS017.DAT:8:49,AREAS017.DAT,8,49,"There's a book titled[01]""Using Silverware.""",42,
AREAS017.DAT:8:50,AREAS017.DAT,8,50,"There's a book titled[01]""Using Silverware.""",42,
AREAS017.DAT:8:51,AREAS017.DAT,8,51,"There's a book titled[01]""Using Silverware.""",42,
AREAS017.DAT:8:52,AREAS017.DAT,8,52,"There's a book titled[01]""Using Silverware.""",42,
AREAS017.DAT:8:53,AREAS017.DAT,8,53,"There's a book titled[01]""Using Silverware.""",42,
AREAS017.DAT:8:54,AREAS017.DAT,8,54,"There's a book titled[01]""Using Silverware.""",42,
AREAS017.DAT:8:55,AREAS017.DAT,8,55,"There's a book titled[01]""Using Silverware.""",42,
AREAS017.DAT:8:56,AREAS017.DAT,8,56,"There's a book titled[01]""Table Manners for[01]Children.""",52,
AREAS017.DAT:8:57,AREAS017.DAT,8,57,"There's a book titled[01]""Diet Hard 3.""",37,
AREAS017.DAT:8:58,AREAS017.DAT,8,58,"""Looking for my wife?[02]Well, she's probably out[01]there somewhere gossiping[01]with her friends again!""",98,
AREAS017.DAT:8:59,AREAS017.DAT,8,59,"""Looking for my wife?[02]Well, she's probably out[01]there somewhere gossiping[01]with her friends again!""",98,
AREAS017.DAT:8:60,AREAS017.DAT,8,60,"""I just wish both the[01]Princesses would come[01]back soon...[02]Their father the King is[01]worried so about them!""",106,
AREAS017.DAT:8:61,AREAS017.DAT,8,61,"[14][02][02]""It looks like[01]someone 'as beaten[01]me to it!""",48,[14][02]
AREAS017.DAT:8:62,AREAS017.DAT,8,62,"""I don't suppose you've[01]seen my little brother[01]anywhere, have you?[02]I had to do some shopping,[01]and when I came back, he[01]was gone!""",130,
AREAS018.DAT:8:2,AREAS018.DAT,8,2,"""I'm sorry, but it seems[01]you're a little short on[01]zenny there.""",64,
AREAS018.DAT:8:3,AREAS018.DAT,8,3,"""Right now, I'm just a[01]traveling merchant,[02][19]",45,
AREAS018.DAT:8:4,AREAS018.DAT,8,4,"""I heard that Princess[01][04][01] has left in search[01]of her missing sister...[02]The king must be worried[01]sick about them.""",113,
AREAS018.DAT:8:5,AREAS018.DAT,8,5,"""If my sister disappeared,[01]I'd go look for her too!""",53,
AREAS018.DAT:8:6,AREAS018.DAT,8,6,"""Don't you worry--I won't[01]disappear anywhere!""",47,
AREAS018.DAT:8:7,AREAS018.DAT,8,7,"""This is a peaceful city...[01]Still, even here there are[01]rumors of war.""",71,
AREAS018.DAT:8:8,AREAS018.DAT,8,8,"""Wyndian women sure are[01]pretty, ain't they?[02]My wife was pretty in her[01]day, too.""",81,
AREAS018.DAT:8:10,AREAS018.DAT,8,10,"""In order to prevent the[01]young master from growing[01]any fatter,[02]I hid all the silverware![01]Now he can't eat anything[01]at all!""",124,
AREAS018.DAT:8:11,AREAS018.DAT,8,11,"[0A][01]""squeak""",11,
AREAS018.DAT:8:12,AREAS018.DAT,8,12,"""Yawn...[01]I want to eat--now!""",30,
AREAS018.DAT:8:13,AREAS018.DAT,8,13,"""I understand how you must[01]feel, master...Please be[01]patient just a little more.[02]I'm certain we shall find[01]the silverware soon!""",128,
AREAS018.DAT:8:14,AREAS018.DAT,8,14,"""We've lost everything...[02]Our [09][17][01], [09]O[03]s,[01][09]E[01]s, [09]6[03]...[01]even our [09]M",66,
AREAS018.DAT:8:15,AREAS018.DAT,8,15,"It's a plate with noodles[01]on it. To eat them, you[01]need [09][17][01].",60,
AREAS018.DAT:8:16,AREAS018.DAT,8,16,"It's a plate of cold cuts.[01]To eat them, you need a[01][09]6[03].",56,
AREAS018.DAT:8:17,AREAS018.DAT,8,17,"It's a plate of spaghetti.[01]To eat it, you need a[01][09]E[01].",54,
AREAS018.DAT:8:18,AREAS018.DAT,8,18,"It's a plate with pudding.[01]To eat it, you need a[01][09]O[03].",54,
AREAS018.DAT:8:19,AREAS018.DAT,8,19,"It's a cream soda. To drink[01]it, you need a [09]M",46,
AREAS018.DAT:8:20,AREAS018.DAT,8,20,"""I taught my boy to have[01]proper manners.[02]He won't touch his food[01]with his hands--ever!""",88,
AREAS018.DAT:8:21,AREAS018.DAT,8,21,"""I heard that Princess[01][04][01]'s come back.[02]The kings must be relieved[01]now that she's home again!""",94,
AREAS018.DAT:8:22,AREAS018.DAT,8,22,"""I'd be happy if my sister[01]came back too!""",43,
AREAS018.DAT:8:23,AREAS018.DAT,8,23,"""What are you talking[01]about, you silly boy?[02]I haven't gone anywhere!""",70,
AREAS018.DAT:8:24,AREAS018.DAT,8,24,"""I've seen some Ludian[01]troops moving around here[01]lately...[02]I guess those rumors[01]were true...""",94,
AREAS018.DAT:8:25,AREAS018.DAT,8,25,"""Maybe the rumors weren't[01]true after all...""",45,
AREAS018.DAT:8:26,AREAS018.DAT,8,26,"""They say Princess [04][01][01]has gone out looking for[01]her sister again...[02]I do hope they find her[01]this time!""",103,
AREAS018.DAT:8:27,AREAS018.DAT,8,27,"""I'm going to go look for[01]my sister again too!""",48,
AREAS018.DAT:8:28,AREAS018.DAT,8,28,"""How many times do I have[01]to tell you? I'm not going[01]anywhere!""",64,
AREAS018.DAT:8:29,AREAS018.DAT,8,29,"""And after I went to all[01]that trouble to hide the[01]silverware, too!""",68,
AREAS018.DAT:8:30,AREAS018.DAT,8,30,"""Wait...What you're[01]carrying there...Is that a[02][16] ",50,
AREAS018.DAT:8:33,AREAS018.DAT,8,33,"""I see...[02]Well, should you find any[01]more pieces of silverware,[01]please bring them here.""",88,
AREAS018.DAT:8:34,AREAS018.DAT,8,34,"""I see...[02]Well, should you find any[01]more pieces of silverware,[01]please bring them here.""",88,
AREAS018.DAT:8:35,AREAS018.DAT,8,35,"""I see...[02]Well, should you find any[01]more pieces of silverware,[01]please bring them here.""",88,
AREAS018.DAT:8:36,AREAS018.DAT,8,36,"""I see...[02]Well, should you find any[01]more pieces of silverware,[01]please bring them here.""",88,
AREAS018.DAT:8:37,AREAS018.DAT,8,37,"""I see...[02]Well, should you find any[01]more pieces of silverware,[01]please bring them here.""",88,
AREAS018.DAT:8:38,AREAS018.DAT,8,38,"""Thank you so much![02]Now the young master will[01]be able to eat again!""",69,
AREAS018.DAT:8:40,AREAS018.DAT,8,40,"""Yawn...[01]Is that it? I want more to[01]eat!""",42,
AREAS018.DAT:8:41,AREAS018.DAT,8,41,"""Yawn...[01]Is that it? I want more to[01]eat!""",42,
AREAS018.DAT:8:42,AREAS018.DAT,8,42,"""Yawn...[01]Is that it? I want more to[01]eat!""",42,
AREAS018.DAT:8:43,AREAS018.DAT,8,43,"""Yawn...[01]Is that it? I want more to[01]eat!""",42,
AREAS018.DAT:8:44,AREAS018.DAT,8,44,"""Yawn...[01]Is that it? I want more to[01]eat!""",42,
AREAS018.DAT:8:45,AREAS018.DAT,8,45,"""Yawn...[01]Is that it? I want more to[01]eat!""",42,
AREAS018.DAT:8:46,AREAS018.DAT,8,46,"""We can't make anything[01]else--we're completely out[01]of ingredients!""",68,
AREAS018.DAT:8:47,AREAS018.DAT,8,47,"""I understand how you must[01]feel, master...Please be[01]patient just a little more.[02]I'm sure your next meal[01]will be ready soon!""",125,
AREAS018.DAT:8:48,AREAS018.DAT,8,48,"""How unfortunate!""",19,
AREAS018.DAT:8:49,AREAS018.DAT,8,49,"There's a book titled[01]""Using Silverware.""",42,
AREAS018.DAT:8:50,AREAS018.DAT,8,50,"There's a book titled[01]""Using Silverware.""",42,
AREAS018.DAT:8:51,AREAS018.DAT,8,51,"There's a book titled[01]""Using Silverware.""",42,
AREAS018.DAT:8:52,AREAS018.DAT,8,52,"There's a book titled[01]""Using Silverware.""",42,
AREAS018.DAT:8:53,AREAS018.DAT,8,53,"There's a book titled[01]""Using Silverware.""",42,
AREAS018.DAT:8:54,AREAS018.DAT,8,54,"There's a book titled[01]""Using Silverware.""",42,
AREAS018.DAT:8:55,AREAS018.DAT,8,55,"There's a book titled[01]""Using Silverware.""",42,
AREAS018.DAT:8:56,AREAS018.DAT,8,56,"There's a book titled[01]""Table Manners for[01]Children.""",52,
AREAS018.DAT:8:57,AREAS018.DAT,8,57,"There's a book titled[01]""Diet Hard 3.""",37,
AREAS018.DAT:8:58,AREAS018.DAT,8,58,"""Looking for my wife?[02]Well, she's probably out[01]there somewhere gossiping[01]with her friends again!""",98,
AREAS018.DAT:8:59,AREAS018.DAT,8,59,"""Looking for my wife?[02]Well, she's probably out[01]there somewhere gossiping[01]with her friends again!""",98,
AREAS018.DAT:8:60,AREAS018.DAT,8,60,"""I just wish both the[01]Princesses would come[01]back soon...[02]Their father the King is[01]worried so about them!""",106,
AREAS018.DAT:8:61,AREAS018.DAT,8,61,"[14][02][02]""It looks like[01]someone 'as beaten[01]me to it!""",48,[14][02]
AREAS018.DAT:8:62,AREAS018.DAT,8,62,"""I don't suppose you've[01]seen my little brother[01]anywhere, have you?[02]I had to do some shopping,[01]and when I came back, he[01]was gone!""",130,
AREAD019.DAT:7:0,AREAD019.DAT,7,0,"""Um...You can't come[01]in here...""",33,
AREAD019.DAT:7:1,AREAD019.DAT,7,1,"""Um...You can't come[01]in here...""",33,
AREAD019.DAT:7:2,AREAD019.DAT,7,2,"""I said you can't[01]come in...""",30,
AREAD019.DAT:7:3,AREAD019.DAT,7,3,"""Huh? You're looking[01]for the mayor?[02]Ummm...[0B]...[0B]...[01]There's a small[01]problem...""",80,
AREAD019.DAT:7:4,AREAD019.DAT,7,4,"""I mean, the mayor[01]of Kyria is in[01]here...[02]But he's, um, well,[01]lost.""",69,
AREAD019.DAT:7:5,AREAD019.DAT,7,5,"""I don't know what[01]to do anymore...""",37,
AREAD019.DAT:7:6,AREAD019.DAT,7,6,"[0C][06][14][80]@""Do you have any idea[01]what's happened to[01]the mayor?""",58,
AREAD019.DAT:7:7,AREAD019.DAT,7,7,"[0C][06][14][81]A""Um...[0B]So, do you[01]have any idea what's[02]happened to the[01]mayor?""",68,
AREAD019.DAT:7:8,AREAD019.DAT,7,8,"[0C][05]""Well...He's either[01]gotten stuck in one[01]of his own traps...""",63,
AREAD019.DAT:7:9,AREAD019.DAT,7,9,"[0C][05]""Or he ran into that[01]monster...""",35,
AREAD019.DAT:7:10,AREAD019.DAT,7,10,"[0C][05]""If you want to go in[01]there looking for[01]him,[02]I won't stop you...[01][0B]Here--take this[01]with you.""",95,
AREAD019.DAT:7:12,AREAD019.DAT,7,12,"[0C][05]""Try putting that[01][09][07]",23,
AREAD019.DAT:7:13,AREAD019.DAT,7,13,"[0C][06][14][C1]@""So if we find the[01]monster and follow[01]it...""[15][0F]",52,
AREAD019.DAT:7:14,AREAD019.DAT,7,14,"[0C][06][14][C2]@""So if we find the[01]monster and follow[01]it...""[15][0F]",52,
AREAD019.DAT:7:15,AREAD019.DAT,7,15,"[0C][03]""...You should be[01]able to find the[01]mayor...I hope.""",54,
AREAD019.DAT:7:16,AREAD019.DAT,7,16,"[0C][05]""But...[0B]Be careful--[01]there are lots of[01]traps in the woods.""",62,
AREAD019.DAT:7:17,AREAD019.DAT,7,17,"""If you run out of[01][09][07]",22,
AREAS019.DAT:8:2,AREAS019.DAT,8,2,"""I'm sorry, but it seems[01]you're a little short on[01]zenny there.""",64,
AREAS019.DAT:8:3,AREAS019.DAT,8,3,"""Right now, I'm just a[01]traveling merchant,[02][19]",45,
AREAS019.DAT:8:4,AREAS019.DAT,8,4,"""I heard that Princess[01][04][01] has left in search[01]of her missing sister...[02]The king must be worried[01]sick about them.""",113,
AREAS019.DAT:8:5,AREAS019.DAT,8,5,"""If my sister disappeared,[01]I'd go look for her too!""",53,
AREAS019.DAT:8:6,AREAS019.DAT,8,6,"""Don't you worry--I won't[01]disappear anywhere!""",47,
AREAS019.DAT:8:7,AREAS019.DAT,8,7,"""This is a peaceful city...[01]Still, even here there are[01]rumors of war.""",71,
AREAS019.DAT:8:8,AREAS019.DAT,8,8,"""Wyndian women sure are[01]pretty, ain't they?[02]My wife was pretty in her[01]day, too.""",81,
AREAS019.DAT:8:10,AREAS019.DAT,8,10,"""In order to prevent the[01]young master from growing[01]any fatter,[02]I hid all the silverware![01]Now he can't eat anything[01]at all!""",124,
AREAS019.DAT:8:11,AREAS019.DAT,8,11,"[0A][01]""squeak""",11,
AREAS019.DAT:8:12,AREAS019.DAT,8,12,"""Yawn...[01]I want to eat--now!""",30,
AREAS019.DAT:8:13,AREAS019.DAT,8,13,"""I understand how you must[01]feel, master...Please be[01]patient just a little more.[02]I'm certain we shall find[01]the silverware soon!""",128,
AREAS019.DAT:8:14,AREAS019.DAT,8,14,"""We've lost everything...[02]Our [09][17][01], [09]O[03]s,[01][09]E[01]s, [09]6[03]...[01]even our [09]M",66,
AREAS019.DAT:8:15,AREAS019.DAT,8,15,"It's a plate with noodles[01]on it. To eat them, you[01]need [09][17][01].",60,
AREAS019.DAT:8:16,AREAS019.DAT,8,16,"It's a plate of cold cuts.[01]To eat them, you need a[01][09]6[03].",56,
AREAS019.DAT:8:17,AREAS019.DAT,8,17,"It's a plate of spaghetti.[01]To eat it, you need a[01][09]E[01].",54,
AREAS019.DAT:8:18,AREAS019.DAT,8,18,"It's a plate with pudding.[01]To eat it, you need a[01][09]O[03].",54,
AREAS019.DAT:8:19,AREAS019.DAT,8,19,"It's a cream soda. To drink[01]it, you need a [09]M",46,
AREAS019.DAT:8:20,AREAS019.DAT,8,20,"""I taught my boy to have[01]proper manners.[02]He won't touch his food[01]with his hands--ever!""",88,
AREAS019.DAT:8:21,AREAS019.DAT,8,21,"""I heard that Princess[01][04][01]'s come back.[02]The kings must be relieved[01]now that she's home again!""",94,
AREAS019.DAT:8:22,AREAS019.DAT,8,22,"""I'd be happy if my sister[01]came back too!""",43,
AREAS019.DAT:8:23,AREAS019.DAT,8,23,"""What are you talking[01]about, you silly boy?[02]I haven't gone anywhere!""",70,
AREAS019.DAT:8:24,AREAS019.DAT,8,24,"""I've seen some Ludian[01]troops moving around here[01]lately...[02]I guess those rumors[01]were true...""",94,
AREAS019.DAT:8:25,AREAS019.DAT,8,25,"""Maybe the rumors weren't[01]true after all...""",45,
AREAS019.DAT:8:26,AREAS019.DAT,8,26,"""They say Princess [04][01][01]has gone out looking for[01]her sister again...[02]I do hope they find her[01]this time!""",103,
AREAS019.DAT:8:27,AREAS019.DAT,8,27,"""I'm going to go look for[01]my sister again too!""",48,
AREAS019.DAT:8:28,AREAS019.DAT,8,28,"""How many times do I have[01]to tell you? I'm not going[01]anywhere!""",64,
AREAS019.DAT:8:29,AREAS019.DAT,8,29,"""And after I went to all[01]that trouble to hide the[01]silverware, too!""",68,
AREAS019.DAT:8:30,AREAS019.DAT,8,30,"""Wait...What you're[01]carrying there...Is that a[02][16] ",50,
AREAS019.DAT:8:33,AREAS019.DAT,8,33,"""I see...[02]Well, should you find any[01]more pieces of silverware,[01]please bring them here.""",88,
AREAS019.DAT:8:34,AREAS019.DAT,8,34,"""I see...[02]Well, should you find any[01]more pieces of silverware,[01]please bring them here.""",88,
AREAS019.DAT:8:35,AREAS019.DAT,8,35,"""I see...[02]Well, should you find any[01]more pieces of silverware,[01]please bring them here.""",88,
AREAS019.DAT:8:36,AREAS019.DAT,8,36,"""I see...[02]Well, should you find any[01]more pieces of silverware,[01]please bring them here.""",88,
AREAS019.DAT:8:37,AREAS019.DAT,8,37,"""I see...[02]Well, should you find any[01]more pieces of silverware,[01]please bring them here.""",88,
AREAS019.DAT:8:38,AREAS019.DAT,8,38,"""Thank you so much![02]Now the young master will[01]be able to eat again!""",69,
AREAS019.DAT:8:40,AREAS019.DAT,8,40,"""Yawn...[01]Is that it? I want more to[01]eat!""",42,
AREAS019.DAT:8:41,AREAS019.DAT,8,41,"""Yawn...[01]Is that it? I want more to[01]eat!""",42,
AREAS019.DAT:8:42,AREAS019.DAT,8,42,"""Yawn...[01]Is that it? I want more to[01]eat!""",42,
AREAS019.DAT:8:43,AREAS019.DAT,8,43,"""Yawn...[01]Is that it? I want more to[01]eat!""",42,
AREAS019.DAT:8:44,AREAS019.DAT,8,44,"""Yawn...[01]Is that it? I want more to[01]eat!""",42,
AREAS019.DAT:8:45,AREAS019.DAT,8,45,"""Yawn...[01]Is that it? I want more to[01]eat!""",42,
AREAS019.DAT:8:46,AREAS019.DAT,8,46,"""We can't make anything[01]else--we're completely out[01]of ingredients!""",68,
AREAS019.DAT:8:47,AREAS019.DAT,8,47,"""I understand how you must[01]feel, master...Please be[01]patient just a little more.[02]I'm sure your next meal[01]will be ready soon!""",125,
AREAS019.DAT:8:48,AREAS019.DAT,8,48,"""How unfortunate!""",19,
AREAS019.DAT:8:49,AREAS019.DAT,8,49,"There's a book titled[01]""Using Silverware.""",42,
AREAS019.DAT:8:50,AREAS019.DAT,8,50,"There's a book titled[01]""Using Silverware.""",42,
AREAS019.DAT:8:51,AREAS019.DAT,8,51,"There's a book titled[01]""Using Silverware.""",42,
AREAS019.DAT:8:52,AREAS019.DAT,8,52,"There's a book titled[01]""Using Silverware.""",42,
AREAS019.DAT:8:53,AREAS019.DAT,8,53,"There's a book titled[01]""Using Silverware.""",42,
AREAS019.DAT:8:54,AREAS019.DAT,8,54,"There's a book titled[01]""Using Silverware.""",42,
AREAS019.DAT:8:55,AREAS019.DAT,8,55,"There's a book titled[01]""Using Silverware.""",42,
AREAS019.DAT:8:56,AREAS019.DAT,8,56,"There's a book titled[01]""Table Manners for[01]Children.""",52,
AREAS019.DAT:8:57,AREAS019.DAT,8,57,"There's a book titled[01]""Diet Hard 3.""",37,
AREAS019.DAT:8:58,AREAS019.DAT,8,58,"""Looking for my wife?[02]Well, she's probably out[01]there somewhere gossiping[01]with her friends again!""",98,
AREAS019.DAT:8:59,AREAS019.DAT,8,59,"""Looking for my wife?[02]Well, she's probably out[01]there somewhere gossiping[01]with her friends again!""",98,
AREAS019.DAT:8:60,AREAS019.DAT,8,60,"""I just wish both the[01]Princesses would come[01]back soon...[02]Their father the King is[01]worried so about them!""",106,
AREAS019.DAT:8:61,AREAS019.DAT,8,61,"[14][02][02]""It looks like[01]someone 'as beaten[01]me to it!""",48,[14][02]
AREAS019.DAT:8:62,AREAS019.DAT,8,62,"""I don't suppose you've[01]seen my little brother[01]anywhere, have you?[02]I had to do some shopping,[01]and when I came back, he[01]was gone!""",130,
AREAD020.DAT:8:2,AREAD020.DAT,8,2,"[14][C1]@""Let's hurry and try[01]to get over them[01]before it gets dark.""",63,[14][C1]
AREAD020.DAT:8:3,AREAD020.DAT,8,3,"[0C][04][14][C1]@""Looks like we've run[01]out of road...""",43,
AREAD020.DAT:8:4,AREAD020.DAT,8,4,"[0C][06][14][C1]@""But don't worry.[02]We should be able to[01]jump over this.""",61,
AREAD020.DAT:8:5,AREAD020.DAT,8,5,"[0C][06][14][C1]@""All you have to do[01]to jump is stand at[02]a place where it's[01]narrow enough to[01]jump,[02]and press the [7F][01]button[02]or move in the[01]direction you want[02]to jump using the[01][05][02]directional buttons[06].[01]Try it!""",195,
AREAD020.DAT:8:6,AREAD020.DAT,8,6,"[0C][04][14][C1]@""...[0B]...[0B]See? It's[01]easy, isn't it?[01]One more to go.""",57,
AREAD020.DAT:8:7,AREAD020.DAT,8,7,"[0C][04][14][C1]@""Are you afraid of[01]heights?[02]I'm a Wyndian--we[01]love high places.""",70,
AREAD020.DAT:8:8,AREAD020.DAT,8,8,"[14][C1]@""Good thing you were[01]able to jump--we're[01]really high up!""",61,[14][C1]
AREAD020.DAT:8:9,AREAD020.DAT,8,9,"[14][C1]@""Whoa!...[0B]...[0B]""",19,[14][C1]
AREAD020.DAT:8:10,AREAD020.DAT,8,10,"[14][80]@""Don't you just love[01]that feeling you get[02]looking down from a[01]high place like this?[02]It makes me dizzy--[01]it's so exciting!""",126,[14][80]
AREAD020.DAT:8:11,AREAD020.DAT,8,11,"[14][81]@""Are...[0B]Are you all[01]right, [04]",32,[14][81]
AREAD020.DAT:8:12,AREAD020.DAT,8,12,"[14][82]@""Did you do that[01]because you thought[01]I needed help?""",56,[14][82]
AREAD020.DAT:8:13,AREAD020.DAT,8,13,"[14][82]@""You're not hurt, are[01]you?[02]I'm sorry. I didn't[01]tell you about my[01]wings...[02]I can use them to[01]fly a little, so I[02]can survive a fall[01]like that.""",145,[14][82]
AREAD020.DAT:8:14,AREAD020.DAT,8,14,"[14][C1]@""But it was very[01]brave of you to do[01]that, [04]",47,[14][C1]
AREAD020.DAT:8:15,AREAD020.DAT,8,15,"[0C][06][14][C1]@""Looks like the sun's[01]going down...""",42,
AREAD020.DAT:8:16,AREAD020.DAT,8,16,"[0C][06][14][C1]@""It's probably safer[01]if we wait until it's[02]light to climb up the[01]cliff...[02]Let's look for a[01]place we can sleep.""",117,
AREAD020.DAT:8:17,AREAD020.DAT,8,17,"It looks like you could[01]climb up here, but you[01]should wait until morning.",74,
AREAD020.DAT:8:18,AREAD020.DAT,8,18,"[0C][04][14][C1]@""Looks like we could[01]camp here.""",38,
AREAD020.DAT:8:19,AREAD020.DAT,8,19,"[0C][04][14][83]@""Now all we need...[01][14][83]@is a fire.""",40,
AREAD020.DAT:8:20,AREAD020.DAT,8,20,"[0C][02][14][C1]@""...[0B]And that's how I[01]ended up here.""[13]`[0C][04][14][C1]@""Where are you[01]heading, [04]",75,
AREAD020.DAT:8:21,AREAD020.DAT,8,21,"[0C][04][14][C1]@""Where are you[01]heading, [04]",31,
AREAD020.DAT:8:22,AREAD020.DAT,8,22,"[14][C1]@""Tomorrow, once we[01]get to town,[02][14][83]@I'm sure we'll be[01]able to find someone[01]who knows you.""",93,[14][C1]
AREAD020.DAT:8:24,AREAD020.DAT,8,24,[14][04][01]There's no reason to[01]go back down there.,44,[14][04]
AREAS020.DAT:8:1,AREAS020.DAT,8,1,"""I heard that Chief[01][04][02]'s in some kind of[01]trouble.""",51,
AREAS020.DAT:8:2,AREAS020.DAT,8,2,"""I heard Chief [04][02] got[01]cuaght sneaking around in[01]enemy territory.[02]I guess this means there'll[01]be another war, eh?""",114,
AREAS020.DAT:8:3,AREAS020.DAT,8,3,"""Did you hear how Chief[01][04][02] went out in[02]search of the missing[01]Wyndian princess?[02]How romantic!""",94,
AREAS020.DAT:8:4,AREAS020.DAT,8,4,"[14][01][01]""Eh? You say zat you[01]'ave seen others like[01]me in other places?[02]Zat is because we[01]Manillo plan to take[02][19]",107,[14][01]
AREAS020.DAT:8:5,AREAS020.DAT,8,5,"[14][01][01]""Eh? You say zat you[01]'ave seen others like[01]me in other places?[02]Zat is because we[01]Manillo plan to take[02][19]",107,[14][01]
AREAS020.DAT:8:6,AREAS020.DAT,8,6,"""Since we Woren are famous[01]throughout the world as[01]strong warriors,[02]people journey here to[01]study our ways and learn[01]from us.""",126,
AREAS020.DAT:8:8,AREAS020.DAT,8,8,"[14][82]B""Hmmmm...[02]Sounds like [04][02]'s[01]gotten himself into[01]quite a fix!""",64,[14][82]
AREAS020.DAT:8:9,AREAS020.DAT,8,9,"[14][83]C""How dare Ludia treat[01]you like that![02]This is an insult to[01]the entire Woren[01]nation![02]This means war!""",103,[14][83]
AREAS020.DAT:8:10,AREAS020.DAT,8,10,"[14][84]D""That's right! We'll[01]show them they can't[01]treat us that way!""",65,[14][84]
AREAS020.DAT:8:11,AREAS020.DAT,8,11,"[14][82]B""Hold it! Hold it![01]Don't get your fur[01]up![02]That's always been[01]the problem with us[01]Woren--[02]too many people that[01]are too hot under[01]the collar!""",144,[14][82]
AREAS020.DAT:8:12,AREAS020.DAT,8,12,"[14][84]D""That's right!""",19,[14][84]
AREAS020.DAT:8:13,AREAS020.DAT,8,13,"[14][83]C""Humph...So what[01]should we do, then?[02]I mean, Miss [04][01][01]came all this way[02]to tell us about[01]the trouble that cub[02]managed to get[01]himself into.""",142,[14][83]
AREAS020.DAT:8:14,AREAS020.DAT,8,14,"[14][84]D""That's right![02]It's been a long[01]time since we saw[01]you, little [04][01].[02]You've grown![02]Why, I can remember[01]when you were only[01]this high...""",136,[14][84]
AREAS020.DAT:8:15,AREAS020.DAT,8,15,"[14][82]B""Enough of that![01]There'll be time for[01]that later![02]We need to think[01]about what to do!""",89,[14][82]
AREAS020.DAT:8:16,AREAS020.DAT,8,16,"[14][83]C""Hmmm...If only [05][02]Tarhn[06][01]were here! She'd know[01]what to do!""",63,[14][83]
AREAS020.DAT:8:18,AREAS020.DAT,8,18,"[14][84]D""She's the wife of[01]the previous chief,[01]rest his soul.[02]In other words, she's[01][04][02]'s mother.""",93,[14][84]
AREAS020.DAT:8:19,AREAS020.DAT,8,19,"[14][83]C""When [04][02] became[01]Chief, she decided to[01]leave the village...[02]Went out to live on[01]the [05][02]Golden Plains[06].""",105,[14][83]
AREAS020.DAT:8:20,AREAS020.DAT,8,20,"[14][84]D""Decided to live a[01]nomad's life, she[01]said.""",47,[14][84]
AREAS020.DAT:8:21,AREAS020.DAT,8,21,"[14][82]B""Tarhn might have[01]been able to think[01]of something,[02]but I'm afraid[01]there's nothing[01]we can do...""",99,[14][82]
AREAS020.DAT:8:22,AREAS020.DAT,8,22,"[14][84]D""If I were younger,[01]I'd get on a horse[02]and go looking for[01]Tarhn myself, but[02]I'm too old for that[01]now...""",108,[14][84]
AREAS020.DAT:8:23,AREAS020.DAT,8,23,"[14][02][02]""I bet Tarhn would be[01]able to think of some[01]way to save [04][02].""",64,[14][02]
AREAS020.DAT:8:24,AREAS020.DAT,8,24,"[14][03][03]""Tarhn's traveling[01]somewhere in the[01]Golden Plains.[02]If you want to go[01]looking for her,[02]you're gonna need a[01]horse!""",117,[14][03]
AREAS020.DAT:8:25,AREAS020.DAT,8,25,"[14][04][04]""Only thing we know[01]how to do is fight...[02]Not Tarhn, though![01]She'd think of[01]something, for sure!""",101,[14][04]
AREAS020.DAT:8:26,AREAS020.DAT,8,26,"""Welcome, travelers.[01]Want to rest for a[01]while?""[12][86][0C][93]Rest[01]Diary[01]Never mind",73,
AREAS020.DAT:8:27,AREAS020.DAT,8,27,"""You don't have[01]enough zenny.""",31,
AREAS020.DAT:8:28,AREAS020.DAT,8,28,"[14][04][04]""Hmmm...I see...[02]You see why we told[01]you to go talk to[01]Tarhn?[02]We never would've[01]thought of that![02]Make a fake[01][09][01][01]! Now[01]that's smart!""",136,[14][04]
AREAS020.DAT:8:29,AREAS020.DAT,8,29,"[14][03][03]""I guess it's up to[01]you then to save[01][04][02].[02]Good luck to you!""",63,[14][03]
AREAS020.DAT:8:30,AREAS020.DAT,8,30,"[14][02][02]""To get to [05][02]Mt. Glom[06],[01]you first have to[02]head [05][02]east[06] over the[01]Plains.[02]When you get to the[01]large stone, you need[01]to turn to the [05][02]south[06].[02]You'll see a mountain[01]with a plume of smoke[01]coming out of it--[02]that's [05][02]Mt. Glom[06].""",226,[14][02]
AREAS020.DAT:8:33,AREAS020.DAT,8,33,"[14][85]E""Huh!?[02]B-but Master...You...[01]You mean...[0B]I'm weak?""",55,[14][85]
AREAS020.DAT:8:41,AREAS020.DAT,8,41,"[14][02][02]""Thank you for[01]everything.[02]We'll help you as[01]much as we can,[02]but I think you[01]should talk to Tarhn[01]about what to do.""",120,[14][02]
AREAS020.DAT:8:42,AREAS020.DAT,8,42,"[14][02][02]""[04][02]...How could[01]you do that?[02]You're supposed to[01]be the chief of the[01]Woren![02]Anyway...[0B]It's good[01]to have you safe[01]again.[02]Be sure to talk to[01]Tarhn about what's[01]happened, all right?""",182,[14][02]
AREAS020.DAT:8:43,AREAS020.DAT,8,43,"[14][03][03]""How dare those[01]Ludians![02]I don't care if he's[01]the leader of the[02]Alliance or the king[01]of the world![02]Who does he think he[01]is, locking up the[02]chief of the Woren[01]like that!""",173,[14][03]
AREAS020.DAT:8:44,AREAS020.DAT,8,44,"[14][03][03]""[04][02]...If you want[01]to take revenge on[01]Ludia for what they[02]did, I'll be right[01]behind you!""",92,[14][03]
AREAS020.DAT:8:45,AREAS020.DAT,8,45,"[14][04][04]""So, you were able to[01]rescue [04][02]...[02]Now the only problem[01]is what Ludia will do[01]next...[02]Still, it's good to[01]have [04][02] back.""",124,[14][04]
AREAS020.DAT:8:46,AREAS020.DAT,8,46,"[14][04][04]""[04][02]![02]It's so good to see[01]you again!""",40,[14][04]
AREAS020.DAT:8:47,AREAS020.DAT,8,47,"""It's good to see you[01]safely home again, Chief[01][04][02].[02]Has that trouble you were[01]involved in been taken[01]care of?""",110,
AREAS020.DAT:8:48,AREAS020.DAT,8,48,"""I see Chief [04][02] has[01]come back.[02]Maybe this means we won't[01]have to go to war.""",77,
AREAS020.DAT:8:49,AREAS020.DAT,8,49,"""I heard how the Chief was[01]rescued from Ludia by his[01]friends.[02]How dramatic!""",77,
AREAS020.DAT:8:50,AREAS020.DAT,8,50,"""I saw a really big human[01]with a scary looking face[01]a while ago...[02]I wonder if he came here[01]to train?""",103,
AREAS020.DAT:8:51,AREAS020.DAT,8,51,"[14][02][02]""Hmmm...[02]So, you plan to go to[01]Wyndia to meet with[01]the dragon, eh?[02]Well, I suppose it's[01]safer than staying[01]here...""",119,[14][02]
AREAS020.DAT:8:52,AREAS020.DAT,8,52,"[14][02][02]""Off to Wyndia to[01]meet with the dragon,[01]hm?[02]Well, I guess that's[01]two birds with one[01]stone, isn't it?[02]You might find out[01]something about[01][04]",141,[14][02]
AREAS020.DAT:8:53,AREAS020.DAT,8,53,"[14][03][03]""Just let them try to[01]make this neutral[01]territory by treaty![02]We'll never let that[01]happen! Over our[01]dead bodies!""",116,[14][03]
AREAS020.DAT:8:54,AREAS020.DAT,8,54,"[14][03][03]""Rest easy, [04][02]![02]As long as there is[01]breath in our bodies,[02]we'll protect this[01]village from any who[01]would threaten it,[02]whether it be Ludia[01]or even the Empire!""",161,[14][03]
AREAS020.DAT:8:55,AREAS020.DAT,8,55,"[14][04][04]""Hmmm...So you plan[01]on using the ruins to[01]get to Wyndia, eh?[02]You can find the[01]ruins near the[02]eastern edge of the[01]plains.""",125,[14][04]
AREAS020.DAT:8:56,AREAS020.DAT,8,56,"""Hmmm...So you plan[01]on using the ruins to[01]get to Wyndia, eh?[02]You can find the[01]ruins near the[02]eastern edge of the[01]plains.""",122,
AREAS020.DAT:8:57,AREAS020.DAT,8,57,"[14][02][02]""Hmmm...Gods, you[01]say? Yorae Dragon?[02]You're on your own[01]now...That's too big[01]for us, I'm afraid.""",101,[14][02]
AREAS020.DAT:8:58,AREAS020.DAT,8,58,"[14][02][02]""Hmmm...Gods, you[01]say? Yorae Dragon?[02]You're on your own[01]now...That's too big[01]for us, I'm afraid.""",101,[14][02]
AREAS020.DAT:8:59,AREAS020.DAT,8,59,"[14][03][03]""Dragon...?[02]Hmmm...[0B]There's a[01]dragon in the plains,[01]the Grass Dragon.""",74,[14][03]
AREAS020.DAT:8:60,AREAS020.DAT,8,60,"[14][03][03]""Dragon...?[02]Hmmm...[0B]There's a[01]dragon in the plains,[01]the Grass Dragon.""",74,[14][03]
AREAS020.DAT:8:61,AREAS020.DAT,8,61,"[14][04][04]""Twin gods? Yorae[01]Dragon?[02]I don't know what[01]that's all about,[02]but it means you're[01]fighting a strong[01]enemy, right?""",118,[14][04]
AREAS020.DAT:8:62,AREAS020.DAT,8,62,"[14][04][04]""Twin gods? Yorae[01]Dragon?[02]I don't know what[01]that's all about,[02]but it means you're[01]fighting a strong[01]enemy, right?""",118,[14][04]
AREAS020.DAT:8:63,AREAS020.DAT,8,63,"""I heard Chief [04][02] is[01]off to Wyndia now...[02]It must be busy, being[01]chief...""",75,
AREAS020.DAT:8:64,AREAS020.DAT,8,64,"""Why would the Empire want[01]to stop someone from[01]looking for their friend?""",75,
AREAS020.DAT:8:65,AREAS020.DAT,8,65,"""I hear the Empire has sent[01]troops out looking for[01]Chief [04][02]...[02]Sounds like he's gotten[01]himself into quite a fix!""",114,
AREAS020.DAT:8:66,AREAS020.DAT,8,66,"""You're looking for the[01]merchant who was here?[02]He tried to set up shop[01]here so I kicked him out![02]This is an inn, not a[01]shop![02]So, would you like to[01]rest?""[12][86][0C][93]Rest[01]Diary[01]Never mind",179,
AREAS020.DAT:8:67,AREAS020.DAT,8,67,"""Hey![02]Don't step on my tail.""",30,
AREAS020.DAT:8:68,AREAS020.DAT,8,68,"""It was a long, hard trip[01]from Synesta...[01][0D][0F][08]yawwwwwnnnn...[0E]""",62,
AREAS020.DAT:8:69,AREAS020.DAT,8,69,"[14][01][01]""Huh? What am I doing[01]'ere, you ask?[02]Well, let us just say[01]zat it is 'arder to[02][19]",84,[14][01]
AREAS020.DAT:8:108,AREAS020.DAT,8,108,Super Combo,12,
AREAS020.DAT:8:110,AREAS020.DAT,8,110,"[14][06][06]""Well, hello again,[01]everyone![02]Looks like we ran[01]into each other[01]again![02]This may be a[01]different place,[02]but I'll still answer[01]any questions you[01]might have!""[12]",159,[14][06]
AREAS020.DAT:8:111,AREAS020.DAT,8,111,"[14][06][06]""Well, hello again,[01]everyone![02]Looks like we ran[01]into each other[01]again![02]This may be a[01]different place,[02]but I'll still answer[01]any questions you[01]might have!""[12]",159,[14][06]
AREAS020.DAT:8:112,AREAS020.DAT,8,112,"[14][06][06]""Well, hello again,[01]everyone![02]Looks like we ran[01]into each other[01]again![02]This may be a[01]different place,[02]but I'll still answer[01]any questions you[01]might have!""[12]",159,[14][06]
AREAS020.DAT:8:113,AREAS020.DAT,8,113,"""You can create more[01]powerful magical[01]combo attacks by[02]connecting spells of[01]one property to[01]another![02]Fire becomes stronger[01]when followed by[01]Wind,[02]Wind by Water, Water[01]by Earth, and Earth[01]by Fire.[02]Try out different[01]combos for yourself[02]and see which one is[01]strongest!""[02][16]v",270,
AREAS020.DAT:8:114,AREAS020.DAT,8,114,"""The more enemies[01]that appear,[02]the easier it is to[01]get a high number of[01]combo hits![02]The number of combo[01]hits also increases[01]if you combine[02]attacks with the[01]same property!""[02][16]v",175,
AREAS020.DAT:8:115,AREAS020.DAT,8,115,"""If you combine[01]attacks that heal or[01]affect status,[02]the effects of each[01]will be increased as[01]well![02]For example, if you[01]combine [05][02][09],[04][06][01]and [05][02][09]'[04][06],[02]you'll be able to[01]restore some HP[02]at the same time[01]you raise your[01]defense![02]What a deal, eh?""[02][16]v",242,
AREAS020.DAT:8:116,AREAS020.DAT,8,116,"""Have you seen a [05][02]Wyd[06][01]or a [05][02]Drake[06]?[02]If you use a Fire[01]attack on them, they[01]become more powerful![02]But, that also means[01]if you defeat them,[01]you get more EXP![02]There are other[01]monsters that power[02]up when certain[01]attacks are used[01]against them--[02]see if you can find[01]them all!""[02][16]v",277,
AREAS020.DAT:8:117,AREAS020.DAT,8,117,"""Oh...Well, then,[01]good luck to you!""",37,
AREAS020.DAT:8:118,AREAS020.DAT,8,118,"""What else do you[01]want to know about?""[12]",40,
AREAS021.DAT:7:0,AREAS021.DAT,7,0,"""We are a supplier to the[01]Imperial Army! We carry[01]only the best weapons!""[12][84][0C][94]Buy[01]Sell[01]Trade[01]Never mind",103,
AREAS021.DAT:7:1,AREAS021.DAT,7,1,"""We are a supplier to the[01]Imperial Army! We carry[01]only the best weapons!""[12][84][0C][94]Buy[01]Sell[01]Trade[01]Never mind",103,
AREAS021.DAT:7:2,AREAS021.DAT,7,2,"""You're not part of the[01]Army, are you? Can I help[01]you?""[12][85][0C][93]Buy[01]Sell[01]Never mind",79,
AREAS021.DAT:7:3,AREAS021.DAT,7,3,"""What? Looking for[01]someone?[02]Well, I doubt the person[01]you're looking for is in[01]here...[02]This is a military[01]installation, with only[01]military people, see?""",152,
AREAS021.DAT:7:4,AREAS021.DAT,7,4,"""What? Looking for[01]someone?[02]Well, I doubt the person[01]you're looking for is in[01]here...[02]This is a military[01]installation, with only[01]military people, see?""",152,
AREAS021.DAT:7:5,AREAS021.DAT,7,5,"""What do you think of this[01]big gun? Pretty cool, huh?[01]It's called the Carronade.[02]It shoots hexes. They used[01]it during the war to blast[01]enemy towns! BOOM!""",155,
AREAS021.DAT:7:6,AREAS021.DAT,7,6,"""This is Astana, where the[01]Carronade was built.[02]Since the Carronade is[01]one of the Empire's main[01]weapons,[02]Astana is also an[01]important military base[02]with a large number of[01]soldiers living here.""",193,
AREAS021.DAT:7:7,AREAS021.DAT,7,7,"""My boyfriend's one of the[01]guards stationed at Kyoin.[02]I hope he gets rotated back[01]here soon!""",94,
AREAS021.DAT:7:8,AREAS021.DAT,7,8,"""Haven't seen people like[01]you around here before...[02]Well, the Empire's a pretty[01]big place,[02]so I guess it's not[01]surprising there's people[01]like you living in it too.""",165,
AREAS021.DAT:7:9,AREAS021.DAT,7,9,"""Have you seen the big[01][05][02]aqueduct[06] nearby?[02]That's where Astana gets[01]all its water from.""",89,
AREAS021.DAT:7:10,AREAS021.DAT,7,10,"""Eh? Looking for someone,[01]you say?[02]Well, good luck! There's[01]people coming in and out[01]of here all the time!""",108,
AREAS021.DAT:7:11,AREAS021.DAT,7,11,"""I've heard they need lots[01]of water to cool the[02]Carronade after it's been[01]fired.[02]That's why the Army[01]built the aqueduct and[01]connected it here.""",144,
AREAS021.DAT:7:12,AREAS021.DAT,7,12,"Sorry there, friend, but[01]you're a little short on[01]zenny, I think.""",67,
AREAS021.DAT:7:13,AREAS021.DAT,7,13,"""Come back again when[01]you've got some more[01]money, eh?""",55,
AREAS021.DAT:7:14,AREAS021.DAT,7,14,"""Can't stay if you don't[01]have any money!""",42,
AREAS021.DAT:7:16,AREAS021.DAT,7,16,"[14][80]@""Fire!""",11,[14][80]
AREAS021.DAT:7:17,AREAS021.DAT,7,17,"""First they fire the[01]Carronade without[01]warning...[02]Then a bunch of refugees[01]starts showing up...[02]What's going on? Are we[01]at war again?""",135,
AREAS021.DAT:7:18,AREAS021.DAT,7,18,"""You come from the capital[01]too?[02]What's going on up there,[01]anyway?""",67,
AREAS021.DAT:7:19,AREAS021.DAT,7,19,"""Is it true the capital's[01]been attacked by some kind[01]of monster?""",66,
AREAS021.DAT:7:20,AREAS021.DAT,7,20,"""I've never been so scared[01]in my life!""",40,
AREAS021.DAT:7:21,AREAS021.DAT,7,21,"""This monster appeared in[01]the capital and started[01]attacking everything...[02]I don't know where it came[01]from or why it attacked us,[02]but I got outta there[01]while I still could!""",173,
AREAS021.DAT:7:22,AREAS021.DAT,7,22,"""They say the Army's set up[01]a defensive position just[01]outside the capital.[02]But what can even they do[01]against something powerful[01]enough to destroy a city?""",155,
AREAS021.DAT:7:23,AREAS021.DAT,7,23,"""They fired the big gun[01]a little while ago![02]It was really neat!""",65,
AREAS021.DAT:7:24,AREAS021.DAT,7,24,"""Wait a minute...Haven't I[01]seen you somewhere before?[02]...[0B]...[0B]...Hmmm, I guess[01]not--I mean, what would[01]a bunch of kids like you[02]being doing in a military[01]installation like this,[01]right?""",186,
AREAS021.DAT:7:25,AREAS021.DAT,7,25,"""Every so often, we get a[01]bunch of strange-looking[01]people coming in here.[02]They don't tell us who[01]they are or why they're[01]here...[02]We're just guards, so[01]they never tell us what's[01]going on.""",188,
AREAS021.DAT:7:26,AREAS021.DAT,7,26,"""They fired the Carronade[01]a little while ago.[02]If we're at peace right[01]now, I wonder who they were[01]firing at...""",112,
AREAS021.DAT:7:27,AREAS021.DAT,7,27,"""That monster attacking the[01]capital sounds pretty[01]frightening...[02]What'll I do if they order[01]me to go to the capital?[02]Maybe I should just run[01]away...I'd rather be a[01]deserter than dead!""",185,
AREAS021.DAT:7:29,AREAS021.DAT,7,29,"[14][81]A""Looking for the[01]General, ma'am?""",37,[14][81]
AREAS021.DAT:7:30,AREAS021.DAT,7,30,"[0C][06][14][81]A""Then you should go[01]through here and up[02]to the building on[01]the hill.""",75,
AREAS021.DAT:7:31,AREAS021.DAT,7,31,"[0C][06][14][82]B""Hey! What do think[01]you're doing!?""",41,
AREAS021.DAT:7:32,AREAS021.DAT,7,32,"[0C][06][14][82]B""You're just going to[01]go up there and hand[02][04]",50,
AREAS021.DAT:7:33,AREAS021.DAT,7,33,"[0C][05][14][03][03]""I told you from the[01]beginning that's what[01]I intended to do.""",67,
AREAS021.DAT:7:35,AREAS021.DAT,7,35,"[14][04][04]""Besides, I think[01][04][04] has also[02]realized that even[01]if the Empire does[02]get a hold of[01][04]",87,[14][04]
AREAS021.DAT:7:37,AREAS021.DAT,7,37,"""If you're looking for[01]General Rhun, he's this[01]way.""",53,
AREAS021.DAT:7:38,AREAS021.DAT,7,38,"""Hmmm...I feel like I've[01]seen that girl with the[01]wings somewhere before...""",76,
AREAS021.DAT:7:39,AREAS021.DAT,7,39,"""Hey...Weren't you in the[01]building on the hill?""",49,
AREAS021.DAT:7:40,AREAS021.DAT,7,40,"""Hm? Lord Yuna?[02]He was scheduled to have[01]returned from the capital[01]by now,[02]but with all that's going[01]on, he may have been[01]delayed somewhere.""",142,
AREAS021.DAT:7:41,AREAS021.DAT,7,41,"""I know I shouldn't talk[01]this way, but Lord Yuna[01]really gives me the creeps.[02]I mean, he's always going[01]around doing all sorts of[01]weird rituals and stuff.""",155,
AREAS021.DAT:7:42,AREAS021.DAT,7,42,"""Where's Lord Yuna?[02]Hmmm...He's probably stuck[01]somewhere between here and[01]the capital, I guess.""",97,
AREAS021.DAT:7:43,AREAS021.DAT,7,43,"""Yuna? He's that creepy[01]fellow that works for the[01]Army, right?""",64,
AREAS021.DAT:7:44,AREAS021.DAT,7,44,"""Have you heard?[02]They're gathering up the[01]surviving troops and are[02]planning an assault to[01]retake the capital!""",111,
AREAS021.DAT:7:45,AREAS021.DAT,7,45,"""I heard one of the[01]generals rounded up a[01]bunch of soldiers and[02]went with them to the[01]capital...""",98,
AREAS021.DAT:7:46,AREAS021.DAT,7,46,"""I don't get it--why[01]don't they just fire[02]the Carronade at the[01]capital? I bet that'd[01]kill that monster!""",105,
AREAS021.DAT:7:47,AREAS021.DAT,7,47,"""I don't envy the soldiers[01]their jobs![02]I mean, having to go off[01]to the capital and fight[01]monsters!?""",101,
AREAS021.DAT:7:48,AREAS021.DAT,7,48,"[14][06][05]""Sorry--I 'ave just[01]arrived 'ere,[02]and I 'ave not been[01]able to set up shop,[01]see?[02]Still, if there is[01]anything you want,[01]you can 'ave it!""[12][85][0C][93]Trade for items[01]Cash in stamp card[01]Never mind",188,[14][06]
AREAS021.DAT:7:50,AREAS021.DAT,7,50,"""Is that some kind of[01]joke? You don't have[01]enough money!""",58,
AREAS021.DAT:7:51,AREAS021.DAT,7,51,"""I heard there's a lot of[01]refugees gone to the[02]checkpoint to the south[01]as well as here...""",91,
AREAS022.DAT:7:0,AREAS022.DAT,7,0,"""We are a supplier to the[01]Imperial Army! We carry[01]only the best weapons!""[12][84][0C][94]Buy[01]Sell[01]Trade[01]Never mind",103,
AREAS022.DAT:7:1,AREAS022.DAT,7,1,"""We are a supplier to the[01]Imperial Army! We carry[01]only the best weapons!""[12][84][0C][94]Buy[01]Sell[01]Trade[01]Never mind",103,
AREAS022.DAT:7:2,AREAS022.DAT,7,2,"""You're not part of the[01]Army, are you? Can I help[01]you?""[12][85][0C][93]Buy[01]Sell[01]Never mind",79,
AREAS022.DAT:7:3,AREAS022.DAT,7,3,"""What? Looking for[01]someone?[02]Well, I doubt the person[01]you're looking for is in[01]here...[02]This is a military[01]installation, with only[01]military people, see?""",152,
AREAS022.DAT:7:4,AREAS022.DAT,7,4,"""What? Looking for[01]someone?[02]Well, I doubt the person[01]you're looking for is in[01]here...[02]This is a military[01]installation, with only[01]military people, see?""",152,
AREAS022.DAT:7:5,AREAS022.DAT,7,5,"""What do you think of this[01]big gun? Pretty cool, huh?[01]It's called the Carronade.[02]It shoots hexes. They used[01]it during the war to blast[01]enemy towns! BOOM!""",155,
AREAS022.DAT:7:6,AREAS022.DAT,7,6,"""This is Astana, where the[01]Carronade was built.[02]Since the Carronade is[01]one of the Empire's main[01]weapons,[02]Astana is also an[01]important military base[02]with a large number of[01]soldiers living here.""",193,
AREAS022.DAT:7:7,AREAS022.DAT,7,7,"""My boyfriend's one of the[01]guards stationed at Kyoin.[02]I hope he gets rotated back[01]here soon!""",94,
AREAS022.DAT:7:8,AREAS022.DAT,7,8,"""Haven't seen people like[01]you around here before...[02]Well, the Empire's a pretty[01]big place,[02]so I guess it's not[01]surprising there's people[01]like you living in it too.""",165,
AREAS022.DAT:7:9,AREAS022.DAT,7,9,"""Have you seen the big[01][05][02]aqueduct[06] nearby?[02]That's where Astana gets[01]all its water from.""",89,
AREAS022.DAT:7:10,AREAS022.DAT,7,10,"""Eh? Looking for someone,[01]you say?[02]Well, good luck! There's[01]people coming in and out[01]of here all the time!""",108,
AREAS022.DAT:7:11,AREAS022.DAT,7,11,"""I've heard they need lots[01]of water to cool the[02]Carronade after it's been[01]fired.[02]That's why the Army[01]built the aqueduct and[01]connected it here.""",144,
AREAS022.DAT:7:12,AREAS022.DAT,7,12,"Sorry there, friend, but[01]you're a little short on[01]zenny, I think.""",67,
AREAS022.DAT:7:13,AREAS022.DAT,7,13,"""Come back again when[01]you've got some more[01]money, eh?""",55,
AREAS022.DAT:7:14,AREAS022.DAT,7,14,"""Can't stay if you don't[01]have any money!""",42,
AREAS022.DAT:7:16,AREAS022.DAT,7,16,"[14][80]@""Fire!""",11,[14][80]
AREAS022.DAT:7:17,AREAS022.DAT,7,17,"""First they fire the[01]Carronade without[01]warning...[02]Then a bunch of refugees[01]starts showing up...[02]What's going on? Are we[01]at war again?""",135,
AREAS022.DAT:7:18,AREAS022.DAT,7,18,"""You come from the capital[01]too?[02]What's going on up there,[01]anyway?""",67,
AREAS022.DAT:7:19,AREAS022.DAT,7,19,"""Is it true the capital's[01]been attacked by some kind[01]of monster?""",66,
AREAS022.DAT:7:20,AREAS022.DAT,7,20,"""I've never been so scared[01]in my life!""",40,
AREAS022.DAT:7:21,AREAS022.DAT,7,21,"""This monster appeared in[01]the capital and started[01]attacking everything...[02]I don't know where it came[01]from or why it attacked us,[02]but I got outta there[01]while I still could!""",173,
AREAS022.DAT:7:22,AREAS022.DAT,7,22,"""They say the Army's set up[01]a defensive position just[01]outside the capital.[02]But what can even they do[01]against something powerful[01]enough to destroy a city?""",155,
AREAS022.DAT:7:23,AREAS022.DAT,7,23,"""They fired the big gun[01]a little while ago![02]It was really neat!""",65,
AREAS022.DAT:7:24,AREAS022.DAT,7,24,"""Wait a minute...Haven't I[01]seen you somewhere before?[02]...[0B]...[0B]...Hmmm, I guess[01]not--I mean, what would[01]a bunch of kids like you[02]being doing in a military[01]installation like this,[01]right?""",186,
AREAS022.DAT:7:25,AREAS022.DAT,7,25,"""Every so often, we get a[01]bunch of strange-looking[01]people coming in here.[02]They don't tell us who[01]they are or why they're[01]here...[02]We're just guards, so[01]they never tell us what's[01]going on.""",188,
AREAS022.DAT:7:26,AREAS022.DAT,7,26,"""They fired the Carronade[01]a little while ago.[02]If we're at peace right[01]now, I wonder who they were[01]firing at...""",112,
AREAS022.DAT:7:27,AREAS022.DAT,7,27,"""That monster attacking the[01]capital sounds pretty[01]frightening...[02]What'll I do if they order[01]me to go to the capital?[02]Maybe I should just run[01]away...I'd rather be a[01]deserter than dead!""",185,
AREAS022.DAT:7:29,AREAS022.DAT,7,29,"[14][81]A""Looking for the[01]General, ma'am?""",37,[14][81]
AREAS022.DAT:7:30,AREAS022.DAT,7,30,"[0C][06][14][81]A""Then you should go[01]through here and up[02]to the building on[01]the hill.""",75,
AREAS022.DAT:7:31,AREAS022.DAT,7,31,"[0C][06][14][82]B""Hey! What do think[01]you're doing!?""",41,
AREAS022.DAT:7:32,AREAS022.DAT,7,32,"[0C][06][14][82]B""You're just going to[01]go up there and hand[02][04]",50,
AREAS022.DAT:7:33,AREAS022.DAT,7,33,"[0C][05][14][03][03]""I told you from the[01]beginning that's what[01]I intended to do.""",67,
AREAS022.DAT:7:35,AREAS022.DAT,7,35,"[14][04][04]""Besides, I think[01][04][04] has also[02]realized that even[01]if the Empire does[02]get a hold of[01][04]",87,[14][04]
AREAS022.DAT:7:37,AREAS022.DAT,7,37,"""If you're looking for[01]General Rhun, he's this[01]way.""",53,
AREAS022.DAT:7:38,AREAS022.DAT,7,38,"""Hmmm...I feel like I've[01]seen that girl with the[01]wings somewhere before...""",76,
AREAS022.DAT:7:39,AREAS022.DAT,7,39,"""Hey...Weren't you in the[01]building on the hill?""",49,
AREAS022.DAT:7:40,AREAS022.DAT,7,40,"""Hm? Lord Yuna?[02]He was scheduled to have[01]returned from the capital[01]by now,[02]but with all that's going[01]on, he may have been[01]delayed somewhere.""",142,
AREAS022.DAT:7:41,AREAS022.DAT,7,41,"""I know I shouldn't talk[01]this way, but Lord Yuna[01]really gives me the creeps.[02]I mean, he's always going[01]around doing all sorts of[01]weird rituals and stuff.""",155,
AREAS022.DAT:7:42,AREAS022.DAT,7,42,"""Where's Lord Yuna?[02]Hmmm...He's probably stuck[01]somewhere between here and[01]the capital, I guess.""",97,
AREAS022.DAT:7:43,AREAS022.DAT,7,43,"""Yuna? He's that creepy[01]fellow that works for the[01]Army, right?""",64,
AREAS022.DAT:7:44,AREAS022.DAT,7,44,"""Have you heard?[02]They're gathering up the[01]surviving troops and are[02]planning an assault to[01]retake the capital!""",111,
AREAS022.DAT:7:45,AREAS022.DAT,7,45,"""I heard one of the[01]generals rounded up a[01]bunch of soldiers and[02]went with them to the[01]capital...""",98,
AREAS022.DAT:7:46,AREAS022.DAT,7,46,"""I don't get it--why[01]don't they just fire[02]the Carronade at the[01]capital? I bet that'd[01]kill that monster!""",105,
AREAS022.DAT:7:47,AREAS022.DAT,7,47,"""I don't envy the soldiers[01]their jobs![02]I mean, having to go off[01]to the capital and fight[01]monsters!?""",101,
AREAS022.DAT:7:48,AREAS022.DAT,7,48,"[14][06][05]""Sorry--I 'ave just[01]arrived 'ere,[02]and I 'ave not been[01]able to set up shop,[01]see?[02]Still, if there is[01]anything you want,[01]you can 'ave it!""[12][85][0C][93]Trade for items[01]Cash in stamp card[01]Never mind",188,[14][06]
AREAS022.DAT:7:50,AREAS022.DAT,7,50,"""Is that some kind of[01]joke? You don't have[01]enough money!""",58,
AREAS022.DAT:7:51,AREAS022.DAT,7,51,"""I heard there's a lot of[01]refugees gone to the[02]checkpoint to the south[01]as well as here...""",91,
AREAD024.DAT:8:0,AREAD024.DAT,8,0,"[0C][04][14][80]@""Pardon my[01]presumption,[02]but I believe you are[01]the God Emperor[01][04][06]...Yes?""",78,
AREAD024.DAT:8:1,AREAD024.DAT,8,1,"[0C][04][14][80]@""Pardon my[01]presumption,[02]but I believe you are[01]the God Emperor[01][04][06]...Yes?""",78,
AREAD024.DAT:8:2,AREAD024.DAT,8,2,"[0C][04][14][80]@""I have been[01]expecting you...[02]Ever since I saw the[01]flames rising from[02]the woods where I[01]had placed my[01]soldiers on watch.""",127,
AREAD024.DAT:8:3,AREAD024.DAT,8,3,"[0C][03][14][01][01]""Thou sayest thou[01]wert waiting for us?[02]Thou knowest of us[01]and what we are[01]then?""",86,
AREAD024.DAT:8:4,AREAD024.DAT,8,4,"[0C][04][14][80]@""Yes, Your Majesty.[02]You are the first[01]Emperor, [04][06],[02]who founded our[01]great Fou Empire.""",91,
AREAD024.DAT:8:6,AREAD024.DAT,8,6,"[0C][03][14][80]@""I'm afraid...Times[01]have changed, Your[01]Majesty...[0B]...[0B]""",61,
AREAD024.DAT:8:7,AREAD024.DAT,8,7,"[0C][03][14][80]@""You appear tired,[01]Majesty.[02]It is to be expected,[01]I suppose--[02]you have just awoken[01]from a long, long[01]sleep,[02]and you are not[01]exactly...complete,[01]are you?""",159,
AREAD024.DAT:8:9,AREAD024.DAT,8,9,"[0C][03][14][80]@""Alas, it is as you[01]say, my lord.[02]For now, we would[01]have you sleep[01]once more.""",84,
AREAD024.DAT:8:10,AREAD024.DAT,8,10,"[0C][03][14][02][02]""I wouldst call thee[01]foolish...[0B][02]But thou art mortal.[01]Thou cannot go[01]against thy nature,[02]no more than a fish[01]could walketh upon[01]the firmament.""",149,
AREAD024.DAT:8:13,AREAD024.DAT,8,13,"[0C][06][14][80]@""Trying to buy time[01]are you, Majesty?""",44,
AREAD024.DAT:8:14,AREAD024.DAT,8,14,"[0C][06][14][80]@""Set fire to the[01]trees.[02]We must stop him[01]before he recovers[01]his full strength.""",85,
AREAS025.DAT:7:1,AREAS025.DAT,7,1,"""Welcome to Shikk, home of[01]the best sailors in the[01]world![02]Know why? 'Cause Shikk is[01]on the only non-mud sea in[01]the world, that's why!""",135,
AREAS025.DAT:7:2,AREAS025.DAT,7,2,"""My dad's a sailor![02]I'm waiting for his ship to[01]get in!""",57,
AREAS025.DAT:7:3,AREAS025.DAT,7,3,"""Huh? You want to know[01]whose boat that is?[02]I don't know, but whoever[01]the owner is, he's probably[01]at the pub.""",110,
AREAS025.DAT:7:4,AREAS025.DAT,7,4,"""I heard that the[01]Checkpoint's been closed[02]and that it's hard to get[01]here...[02]I wonder if we'll be able[01]to get out all right...?""",129,
AREAS025.DAT:7:5,AREAS025.DAT,7,5,"""You can't fish in the Sea[01]of Mud, but you can fish[01]here, you know!""",69,
AREAS025.DAT:7:6,AREAS025.DAT,7,6,"""They say this ocean[01]stretches all the way to[01]the western continent.""",70,
AREAS025.DAT:7:8,AREAS025.DAT,7,8,"""Most of the menfolk of[01]this town are out on their[01]ships right now.""",69,
AREAS025.DAT:7:9,AREAS025.DAT,7,9,"""I heard that in some[01]places they have boats that[01]sail on the sand![02]I'd like to see one of them[01]someday--the boats here only[01]sail on water.""",141,
AREAS025.DAT:7:10,AREAS025.DAT,7,10,"[14][02][02]""Whaaaat!?[02]You wanna ride on[01]our ship?""",43,[14][02]
AREAS025.DAT:7:13,AREAS025.DAT,7,13,"""Looking to hire a ship,[01]are you?[02]Well then, you should talk[01]to those sailors there.""",86,
AREAS025.DAT:7:14,AREAS025.DAT,7,14,"""Welcome. Come in![02][19]",21,
AREAS025.DAT:7:15,AREAS025.DAT,7,15,"""Whoops--looks like[01]you're a little short[01]on zenny.""",53,
AREAS025.DAT:7:16,AREAS025.DAT,7,16,"""Rare items from[01]across the sea! Care[01]to take a look?""[12][84][0C][94]Buy[01]Sell[01]Trade[01]Never mind",84,
AREAS025.DAT:7:17,AREAS025.DAT,7,17,"[14][02][02]""Hey, I dunno who you[01]think you are,[02]but we don't let jus'[01]anyone on our ship,[01]y'know!""",91,[14][02]
AREAS025.DAT:7:18,AREAS025.DAT,7,18,"[14][02][02]""Besides...[02]We can't let anyone[01]who doesn't have the[02]blessing of the [05][02]God[01]of the Sea[06] come with[01]us--it's bad luck![02]Now be off with ya!""",140,[14][02]
AREAS025.DAT:7:19,AREAS025.DAT,7,19,"[14][02][02]""All of us sailors[01]get the blessing of[02]the [05][02]God of the Sea[06][01]before we go out on[01]our ships![02]We can't have anyone[01]without that blessing[01]on board, see?""",154,[14][02]
AREAS025.DAT:7:20,AREAS025.DAT,7,20,"""Huh? Looking for the[01]God of the Sea?[02]That road there leads[01]to the [05][02]Fane of the[01]Sea God[06].""",92,
AREAS025.DAT:7:21,AREAS025.DAT,7,21,"[14][02][02]""Whaaat!?[02]You say you went to[01]the Fane of the Sea[01]God!?""",60,[14][02]
AREAS025.DAT:7:23,AREAS025.DAT,7,23,"[14][02][02]""This must be an[01]omen...[02]A sign of the God of[01]the Sea's wishes...""",70,[14][02]
AREAS025.DAT:7:24,AREAS025.DAT,7,24,"[14][02][02]""All right then, who[01]am I to argue with[01]the God of the Sea?[02]You can come with us[01]on our ship if you[01]want!""",110,[14][02]
AREAS025.DAT:7:25,AREAS025.DAT,7,25,"[14][02][02]""Whoa![0B] Wait just a[01]minute there...[02]Don't tell me these[01]ladies here are[01]coming too?""",88,[14][02]
AREAS025.DAT:7:26,AREAS025.DAT,7,26,"[0C][06][14][83]D""Why wouldn't they?[01]You got a problem[01]with that?""",55,
AREAS025.DAT:7:27,AREAS025.DAT,7,27,"[14][02][02]""Yeah...I do.[02]We can't let women[01]on board our ship!""",56,[14][02]
AREAS025.DAT:7:28,AREAS025.DAT,7,28,"[14][02][02]""It's an old sailor's[01]rule--no women! It's[01]bad luck!""",57,[14][02]
AREAS025.DAT:7:29,AREAS025.DAT,7,29,"[14][02][02]""So, I'm sorry, but[01]you'll just have to[01]wait here!""",55,[14][02]
AREAS025.DAT:7:30,AREAS025.DAT,7,30,"[14][C1]@""Um...But...Isn't[01]there anything we[01]can do?[02][14][84]EI mean, we've been[01]though a lot just to[01]get here.[02]No matter how bad it[01]might be, I'm sure we[01]can handle it!""",159,[14][C1]
AREAS025.DAT:7:31,AREAS025.DAT,7,31,"[14][02][02]""Nope! Not a chance![02]Look, it's nothing[01]personal, but sailing[01]is a man's job![02]A sailor needs to be[01]brave, determined,[01]and strong...""",136,[14][02]
AREAS025.DAT:7:32,AREAS025.DAT,7,32,"[0C][03][14][05][06]""[0D]Exactly![0E][0F][03]""",20,
AREAS025.DAT:7:33,AREAS025.DAT,7,33,"[0C][05][14][05][06]""Whew! Haaaaa![01]We meet again, eh?[02]After you defeated[01]me the second time,[02]I wandered the world[01]until I came here,[02]where I became a[01]sailor!""",144,
AREAS025.DAT:7:34,AREAS025.DAT,7,34,"[0C][05][14][05][06]""A sailor is a man's[01]man! It's not a job[01]for the weak![02]Only a [05][02]real man[06][01]can become a sailor![02]And now I'm gonna[01]show you exactly[02]what a real man can[01]do!""",160,
AREAS025.DAT:7:35,AREAS025.DAT,7,35,"[14][02][02]""You friends of his[01]or something?[02]He came here a little[01]while ago...[02]We gave him a job[01]cleaning the ship.""",110,[14][02]
AREAS025.DAT:7:36,AREAS025.DAT,7,36,"[0C][06][14][C4]@""Hey. You there.""",23,
AREAS025.DAT:7:37,AREAS025.DAT,7,37,"[0C][06][14][C4]@""You were just[01]talking about how a[02]sailor has to be[01]strong.[02]If we take him out,[01]will that be proof[02]enough that we're[01]strong?""",131,
AREAS025.DAT:7:38,AREAS025.DAT,7,38,"[14][02][02]""Huh?[0B] Ummm...[01]Ahhh...""",27,[14][02]
AREAS025.DAT:7:39,AREAS025.DAT,7,39,"[0C][03][14][06][06]""Gack!""",13,
AREAS025.DAT:7:40,AREAS025.DAT,7,40,"[0C][06][14][C4]@""...[0B]...[0B]Well?""",21,
AREAS025.DAT:7:41,AREAS025.DAT,7,41,"[14][02][02]""Well...[0B]That's not[01]exactly what I had[01]in mind...[02]See, I'm talking[01]about more like[01]physical strength...[02]Like what if we run[01]into pirates, and[02]you have to fight[01]while on the masts[01]or something?[02]Think you can do[01]that?""",220,[14][02]
AREAS025.DAT:7:42,AREAS025.DAT,7,42,"[14][C1]@""Um, all right. I'll[01]do it.""",32,[14][C1]
AREAS025.DAT:7:43,AREAS025.DAT,7,43,"[14][02][02]""Um...[0B]...[02]OK, OK, you've made[01]your point. I can see[01]how strong you are.""",77,[14][02]
AREAS025.DAT:7:44,AREAS025.DAT,7,44,"[14][02][02]""But I still don't[01]think you can handle[01]the open sea.[02]I mean, you don't[01]know what it's[01]like...""",99,[14][02]
AREAS025.DAT:7:45,AREAS025.DAT,7,45,"[14][87]E""Then show us! We'll[01]do anything![02]Don't worry--whatever[01]it is, we can handle[01]it!""",85,[14][87]
AREAS025.DAT:7:46,AREAS025.DAT,7,46,"[14][02][02]""Well...If you say[01]so...[02]I know a way I can[01]show you what it's[01]like on a ship...""",85,[14][02]
AREAS025.DAT:7:47,AREAS025.DAT,7,47,"[14][02][02]""But I'm warning you,[01]it ain't pretty![02]Don't say I didn't[01]warn you!""",72,[14][02]
AREAS025.DAT:7:48,AREAS025.DAT,7,48,"[14][02][02]""All right then, come[01]talk to me when you[01]think you're ready.[02]I'd quit now if I[01]was you, though...""",103,[14][02]
AREAS025.DAT:7:49,AREAS025.DAT,7,49,"[14][02][02]""What? You still want[01]to go through with[01]it?""[12]",50,[14][02]
AREAS025.DAT:7:50,AREAS025.DAT,7,50,"[14][02][02]""Like I said, I'd[01]quit now if I was[01]you...""",47,[14][02]
AREAS025.DAT:7:52,AREAS025.DAT,7,52,"""You certainly won't see me[01]trying to get onto a ship[01]like that!""",66,
AREAS025.DAT:7:53,AREAS025.DAT,7,53,"""When I grow up, I wanna be[01]a sailor!""",39,
AREAS025.DAT:7:54,AREAS025.DAT,7,54,"""Why can't women sail on[01]ships?[02]Hmmm...Good question. I[01]guess it's just an old[01]tradition.""",91,
AREAS025.DAT:7:55,AREAS025.DAT,7,55,"""A test to let you on board[01]the ship?[02]Yes, they do that for[01]everyone who wants to[01]sail with them.""",99,
AREAS025.DAT:7:56,AREAS025.DAT,7,56,"""Well, have you convinced[01]them to let you on board[01]their ship?""",64,
AREAS025.DAT:7:57,AREAS025.DAT,7,57,"[14][02][02]""So you still want[01]to go through with[01]this, eh?[02]I figured you would.""",73,[14][02]
AREAS025.DAT:7:58,AREAS025.DAT,7,58,"[14][02][02]""All right then...[02]Come with me.""",37,[14][02]
AREAS025.DAT:7:59,AREAS025.DAT,7,59,"[14][C2]@""I wonder how [04][01][01]and [04][04] are[01]doing...""",41,[14][C2]
AREAS025.DAT:7:60,AREAS025.DAT,7,60,"[14][C2]@""Maybe we should go[01]check on them...""",41,[14][C2]
AREAS025.DAT:7:61,AREAS025.DAT,7,61,"""I heard a lot of strange[01]noises coming from that[02]ship there during the[01]night...[02]What could they have been[01]doing there?""",121,
AREAS025.DAT:7:62,AREAS025.DAT,7,62,"""This sea stretches out in[01]all directions.[02]Then, at the edges, it[01]turns into the Sea of Mud.""",94,
AREAS025.DAT:7:63,AREAS025.DAT,7,63,"""You know those three[01]fellows who were drinking[01]here the other day?[02]Their names are Zig, Kryrik,[01]and Iggy. They're brothers,[01]and they're all sailors.""",151,
AREAS025.DAT:7:64,AREAS025.DAT,7,64,"[14][02][02]""Those girls are[01]tougher than I[01]thought![02]They made it through[01]the whole night.""",83,[14][02]
AREAS025.DAT:7:66,AREAS025.DAT,7,66,"[0C][06][14][C2]@""You're looking a[01]little pale there,[01]Captain.[02]You all right?""",67,
AREAS025.DAT:7:67,AREAS025.DAT,7,67,"[14][88][07]""I...[0B]I'm fine!""",20,[14][88]
AREAS025.DAT:7:68,AREAS025.DAT,7,68,"[0C][06][14][82]B""Well, I must say[01]I'm impressed.[02]You're strong...[01]You're brave...[02]You girls are really[01]something!""",104,
AREAS025.DAT:7:70,AREAS025.DAT,7,70,"[14][02][02]""All right, all[01]right--you win.[02]I thought you'd give[01]up if you had to[02]spend the night in[01]the hold, but...""",110,[14][02]
AREAS025.DAT:7:71,AREAS025.DAT,7,71,"[14][02][02]""All right, all[01]right--you win.[02]I thought you'd give[01]up if you had to[02]spend the night in[01]the hold, but...""",110,[14][02]
AREAS025.DAT:7:72,AREAS025.DAT,7,72,"[14][02][02]""All right, all[01]right--you win.[02]I thought you'd give[01]up if you had to[02]spend the night in[01]the hold, but...""",110,[14][02]
AREAS025.DAT:7:73,AREAS025.DAT,7,73,"[14][02][02]""All right, all[01]right--you win.[02]I thought you'd give[01]up if you had to[02]spend the night in[01]the hold, but...""",110,[14][02]
AREAS025.DAT:7:74,AREAS025.DAT,7,74,"[14][02][02]""All right, all[01]right--you win.[02]I thought you'd give[01]up if you had to[02]spend the night in[01]the hold, but...""",110,[14][02]
AREAS025.DAT:7:75,AREAS025.DAT,7,75,"[14][02][02]""All right, all[01]right--you win.[02]I thought you'd give[01]up if you had to[02]spend the night in[01]the hold, but...""",110,[14][02]
AREAS025.DAT:7:76,AREAS025.DAT,7,76,"[14][02][02]""All right, all[01]right--you win.[02]I thought you'd give[01]up if you had to[02]spend the night in[01]the hold, but...""",110,[14][02]
AREAS025.DAT:7:77,AREAS025.DAT,7,77,"[14][02][02]""All right, all[01]right--you win.[02]I thought you'd give[01]up if you had to[02]spend the night in[01]the hold, but...""",110,[14][02]
AREAS025.DAT:7:78,AREAS025.DAT,7,78,"[14][02][02]""All right, all[01]right--you win.[02]I thought you'd give[01]up if you had to[02]spend the night in[01]the hold, but...""",110,[14][02]
AREAS025.DAT:7:79,AREAS025.DAT,7,79,"[14][02][02]""All right, all[01]right--you win.[02]I thought you'd give[01]up if you had to[02]spend the night in[01]the hold, but...""",110,[14][02]
AREAS025.DAT:7:80,AREAS025.DAT,7,80,"[0C][06][14][C1]@""You mean...?""",20,
AREAS025.DAT:7:81,AREAS025.DAT,7,81,"[14][02][02]""Yeah...If you're[01]that determined,[02]there's no way I can[01]say no--tradition or[01]no tradition!""",95,[14][02]
AREAS025.DAT:7:82,AREAS025.DAT,7,82,"[14][02][02]""Let me know when[01]you're ready to go,[01]and we'll set sail.""",62,[14][02]
AREAS025.DAT:7:83,AREAS025.DAT,7,83,"[14][02][02]""Ready to go?""[12][01][0C][82]Yes[01]No",28,[14][02]
AREAS025.DAT:7:84,AREAS025.DAT,7,84,"[14][02][02]""Well, come back when[01]you're ready, then.""",46,[14][02]
AREAS025.DAT:7:87,AREAS025.DAT,7,87,"[14][02][02]""All right then,[01]let's get going!""",38,[14][02]
AREAS025.DAT:7:88,AREAS025.DAT,7,88,"[14][02][02]""Iggy! Kryrik![01]Hoist sail!""",31,[14][02]
AREAS025.DAT:7:89,AREAS025.DAT,7,89,"[14][02][02]""There, you see?[02]Give it up, girl![01]You're just wasting[01]your time!""",70,[14][02]
AREAS025.DAT:7:90,AREAS025.DAT,7,90,"[14][02][02]""There! That should[01]teach her a lesson.""",44,[14][02]
AREAS025.DAT:7:91,AREAS025.DAT,7,91,"[14][02][02]""What? You want to[01]try again?""[12][02][0C][82]Yes[01]No",44,[14][02]
AREAS025.DAT:7:92,AREAS025.DAT,7,92,"[14][02][02]""That's what I[01]thought...I'd quit[01]if I was you, girl!""",58,[14][02]
AREAS025.DAT:7:93,AREAS025.DAT,7,93,"[14][02][02]""All right, if you[01]insist...Iggy, get[01]ready!""",49,[14][02]
AREAS025.DAT:7:96,AREAS025.DAT,7,96,"[14][02][02]""What? You want to[01]use the ship?""[12][03][0C][82]Yes[01]No",47,[14][02]
AREAS025.DAT:7:99,AREAS025.DAT,7,99,"""It may be old, but it sure[01]is pretty, ain't it?""",50,
AREAS025.DAT:7:101,AREAS025.DAT,7,101,"""I'm sorry, but if you want[01]to buy something, please[01]use the counter.""",71,
AREAS025.DAT:7:102,AREAS025.DAT,7,102,You've got to go check on[01][04][01] and [04][04]!,37,
AREAS025.DAT:7:138,AREAS025.DAT,7,138,Megaphone,10,
AREAS025.DAT:7:139,AREAS025.DAT,7,139,Megaphone,10,
AREAS025.DAT:7:140,AREAS025.DAT,7,140,SpiritBlast,12,
AREAS025.DAT:7:142,AREAS025.DAT,7,142,Disembowel,11,
AREAD026.DAT:10:2,AREAD026.DAT,10,2,"[0C][06][14][C6]@""What...[0B]What be ye[01]doing in this place?""",47,
AREAD026.DAT:10:4,AREAD026.DAT,10,4,"[0C][05][14][01][01]""They say a dragon or[01]something's supposed[01]to appear tonight...[0B][02]So we were told to[01]watch this area.""",107,
AREAD026.DAT:10:6,AREAD026.DAT,10,6,"[0C][05][14][01][01]""That's right--and[01]not just any dragon,[01]either![02]They say it's the[01]legendary Dragon of[01]Doom,[02]which will bring[01]ruin to the Empire!""",135,
AREAD026.DAT:10:7,AREAD026.DAT,10,7,"[0C][06][14][C6]@""And...What be thy[01]design for this[01]dragon?""",49,
AREAD026.DAT:10:9,AREAD026.DAT,10,9,"[0C][06][14][82]B""Thou believest thou[01]can do such a thing?[02]Thou art but mere[01]mortals.""",75,
AREAD026.DAT:10:10,AREAD026.DAT,10,10,"[0C][02][14][C6]@""Thou dost not ken[01]the power of that[02]which you would[01]destroy.[02]This be a dragon.""",86,
AREAD026.DAT:10:11,AREAD026.DAT,10,11,"[0C][03][14][C6]@""A dragon 'tis[01]force of nature[01]unto itself.[02]Thou mayest as well[01]seek to fight a[02]volcano or the[01]very earth itself![02]Dragons doth give[01]birth to thy kind,[02]grant thee life,[01]and verily taketh[01]it away.[02]They are to thee[01]as thou art to an[01]insect.[02]In thy terms...[0B]""",261,
AREAD026.DAT:10:12,AREAD026.DAT,10,12,"[14][C6]@""They art gods.""",20,[14][C6]
AREAD026.DAT:10:13,AREAD026.DAT,10,13,"[0C][03][14][C6]@""...[0B]Wouldst thou[01]fight a god?""",37,
AREAD026.DAT:10:14,AREAD026.DAT,10,14,"[14][83]C""'Tis as I thought...[02]It is not the nature[01]of mortals to change[01]their ways...[0B]""",83,[14][83]
AREAS026.DAT:8:0,AREAS026.DAT,8,0,"""We get the power we need[01]to operate this lift from[01]all the windmills.""",72,
AREAS026.DAT:8:1,AREAS026.DAT,8,1,"""We get the power we need[01]to operate this lift from[01]all the windmills.""",72,
AREAS026.DAT:8:2,AREAS026.DAT,8,2,"""Quite a view, isn't it?[02]If you're lucky, you might[01]even see the Wind Dragon[01]flying from here.""",96,
AREAS026.DAT:8:3,AREAS026.DAT,8,3,"""Don't people get scared[01]living so high up?""",45,
AREAS026.DAT:8:4,AREAS026.DAT,8,4,"""We Wyndians are not afraid[01]of height.[02]On the contrary, we love[01]high places.""",78,
AREAS026.DAT:8:5,AREAS026.DAT,8,5,"""I ain't afraid of[01]heights!""",29,
AREAS026.DAT:8:6,AREAS026.DAT,8,6,"""This is the dungeon.[01]There's not much of[01]interest here to see.""",65,
AREAS026.DAT:8:7,AREAS026.DAT,8,7,"""Ah, Princess Elina![02]And Princess [04][01]![02]They are both so[01]beautiful![02]What would I do if both of[01]them were to profess their[01]love for me?[02]How could I choose between[01]them!?""",168,
AREAS026.DAT:8:8,AREAS026.DAT,8,8,"""I'm sorry, but ordinary[01]citizens are not allowed[01]past this point.""",68,
AREAS026.DAT:8:9,AREAS026.DAT,8,9,"""I'm sorry, but ordinary...[02]...Princess [04][01]!?""",46,
AREAS026.DAT:8:10,AREAS026.DAT,8,10,"""Orinary citizens are[01]not...[0B]Huh?[02]Princess [04][01]!""",48,
AREAS026.DAT:8:11,AREAS026.DAT,8,11,"""It's good to have you[01]back, Princess [04][01]!""",43,
AREAS026.DAT:8:12,AREAS026.DAT,8,12,"""Welcome home, Princess[01][04][01]!""",29,
AREAS026.DAT:8:13,AREAS026.DAT,8,13,"""The King is waiting for[01]you.""",31,
AREAS026.DAT:8:14,AREAS026.DAT,8,14,"""Everyone has been worried[01]about you.""",39,
AREAS026.DAT:8:15,AREAS026.DAT,8,15,"""His Majesty the King, as[01]well as all of us, was[02]eagerly awaiting the[01]Princess' safe return.""",94,
AREAS026.DAT:8:16,AREAS026.DAT,8,16,"""I'm so glad the Princess[01]is back!""",36,
AREAS026.DAT:8:17,AREAS026.DAT,8,17,"""This is the King's[01]audience chamber.[01]Please withdraw.""",56,
AREAS026.DAT:8:18,AREAS026.DAT,8,18,"""It...[0B]It's Princess[01][04][01]!""",26,
AREAS026.DAT:8:19,AREAS026.DAT,8,19,"""Go on in,[01]Princess--you[02]can see the King anytime!""",52,
AREAS026.DAT:8:20,AREAS026.DAT,8,20,"""Who are you?""",15,
AREAS026.DAT:8:21,AREAS026.DAT,8,21,"""Princess [04][01]! We[01]weren't aware you'd[01]returned!""",48,
AREAS026.DAT:8:22,AREAS026.DAT,8,22,"""Does this mean Princess[01]Elina isn't coming back?""",51,
AREAS026.DAT:8:23,AREAS026.DAT,8,23,"""Nothing to report!""",21,
AREAS026.DAT:8:24,AREAS026.DAT,8,24,"""Strategy sessions were[01]held every day here during[01]the war.[02]I'm just glad the war's[01]over with! I hope we[01]never have another one!""",130,
AREAS026.DAT:8:25,AREAS026.DAT,8,25,"""No one can pass this point[01]without permission from the[01]King.""",63,
AREAS026.DAT:8:26,AREAS026.DAT,8,26,"[0C][04][14][80]@""I didn't know what[01]to think when I[01]received word from[02]Ludia that you'd[01]been captured.""",93,
AREAS026.DAT:8:27,AREAS026.DAT,8,27,"[0C][04][14][80]@""What was I supposed[01]to think?[02]My daughter goes out[01]in search of her[01]missing sister,[02]only to be caught[01]trespassing in enemy[01]territory...[02]How did this happen?""",164,
AREAS026.DAT:8:28,AREAS026.DAT,8,28,"[0C][06][14][C2]@""I beg your[01]forgiveness,[01]Majesty.[02]It's all my fault.[01]If it hadn't been[01]for me...""",87,
AREAS026.DAT:8:30,AREAS026.DAT,8,30,"[0C][04][14][80]@""As you have probably[01]discovered for[01]yourself,[02]our neighbor and[01]supposed ally[01]Ludia is more worried[02]about their relations[01]with the Empire than[02]in helping me search[01]for my daughter.""",187,
AREAS026.DAT:8:32,AREAS026.DAT,8,32,"[0C][04][14][80]@""So, what do you[01]intend to do now?[02]Sooner or later, the[01]Ludians are bound to[02]discover you are[01]here.[02]We will of course do[01]everything we can to[01]protect you...""",163,
AREAS026.DAT:8:35,AREAS026.DAT,8,35,"[0C][06][14][80]@""I see...But...[02]Even though I am king[01]of Wyndia, I have no[02]control over the[01]dragon...You know[01]that.""",106,
AREAS026.DAT:8:37,AREAS026.DAT,8,37,"[0C][06][14][80]@""Hmmm...I see...[01]Very well.[02]Go to the woods east[01]of here.[02]There, you will find[01]the [05][02]Oracle of Wind[06],[02]a priestess who[01]serves the Wind[01]Dragon.""",148,
AREAS026.DAT:8:38,AREAS026.DAT,8,38,"[0C][06][14][80]@""I shall inform her[01]you are coming.[02]Rest tonight--you can[01]begin your journey in[01]the morning.""",99,
AREAS026.DAT:8:39,AREAS026.DAT,8,39,"[14][80]@""The Oracle lives in[01]the forest to the[01]east of Wyndia.[02]Don't worry--should[01]the Ludians enquire[01]about you,[02]we will think of[01]something to distract[01]them.""",155,[14][80]
AREAS026.DAT:8:40,AREAS026.DAT,8,40,"""The King has been put into[01]a most difficult position...[02]On the one hand, he has to[01]protect his daughter,[01]Princess [04][01],[02]and on the other he has[01]to maintain our relations[01]with Ludia.""",182,
AREAS026.DAT:8:41,AREAS026.DAT,8,41,"""I pity the poor King...[02]Although he is concerned[01]about Princess Elina more[01]than anyone,[02]he does not discuss the[01]matter with anyone in[01]public.[02]It breaks my heart to[01]look at him...""",181,
AREAS026.DAT:8:43,AREAS026.DAT,8,43,"""The [09][07][05] is an[01]ancient holy relic, needed[01]to enter the Tower of Wind,[02]which is sacred to the[01]Wind Dragon.[02]It is kept in a safe place[01][05][02]beneath the castle[06].""",157,
AREAS026.DAT:8:44,AREAS026.DAT,8,44,"""P'ung Ryong, the Wind[01]Dragon, is unusual among[01]his kind in that he still[02]interacts with mortals and[01]speaks to them from time[01]to time.""",136,
AREAS026.DAT:8:46,AREAS026.DAT,8,46,"""I was told you'd be[01]coming. Good luck!""",41,
AREAS026.DAT:8:47,AREAS026.DAT,8,47,"""I hear the Tower of Wind[01]is even higher than the[01]castle![02]I'd love to go there,[01]just once!""",92,
AREAS026.DAT:8:48,AREAS026.DAT,8,48,"""The Oracle of Wind has[01]lived in the Kasq Woods[02]for as long as anyone can[01]remember...[02]She hardly ever leaves[01]except to speak with the[01]Wind Dragon.""",148,
AREAS026.DAT:8:50,AREAS026.DAT,8,50,"""We have heard reports that[01]Ludian troops have been[01]seen near the castle.[02]You must hurry, before they[01]find out you are here!""",126,
AREAS026.DAT:8:51,AREAS026.DAT,8,51,"""The last time the Oracle[01]came to the castle was when[01]Princess [04][01] was born.""",77,
AREAS026.DAT:8:52,AREAS026.DAT,8,52,"""They say that the only[01]way to see the Wind[01]Dragon close up is to go[02]even higher than the Tower[01]of Wind to the north.[02]But how can anyone do[01]that?""",147,
AREAS026.DAT:8:53,AREAS026.DAT,8,53,"""Princess Elina is engaged[01]to marry the Prince of[01]Ludia...[02]Princess [04][01] is next in[01]line to the throne...[02]Which should I chose--[01]a love that is wrong,[01]or a love that cannot be?""",176,
AREAS026.DAT:8:54,AREAS026.DAT,8,54,"""Wait...If Princess [04][01][01]and I are joined together,[02]that means I will one day[01]be King of Wyndia...[02]Will I be able to handle[01]the responsibility?""",143,
AREAS026.DAT:8:55,AREAS026.DAT,8,55,"""If I marry Princess Elina,[01]that means the entire[02]country of Ludia will be out[01]to get us...[02]Will I be able to protect[01]her from them?""",134,
AREAS026.DAT:8:58,AREAS026.DAT,8,58,"[14][80]@""Hmmm...[02]The other half of the[01]First Emperor, you[01]say?[02]I understand now why[01]both Ludia and the[02]Empire were looking[01]for you![02]You carry a heavy[01]burden...I wish you[01]the best of luck.""",184,[14][80]
AREAS026.DAT:8:59,AREAS026.DAT,8,59,"[14][80]@""Hmmm...[02]The other half of the[01]First Emperor, you[01]say?[02]I understand now why[01]both Ludia and the[02]Empire were looking[01]for you![02]You carry a heavy[01]burden...I wish you[01]the best of luck.""",184,[14][80]
AREAS026.DAT:8:60,AREAS026.DAT,8,60,"[14][80]@""[04][01]...[02]There is little I can[01]do for you now.[02]You have grown much,[01]my daughter.[02]You are strong enough[01]to fight your own[01]battles now.[02]I am very proud of[01]you!""",160,[14][80]
AREAS026.DAT:8:61,AREAS026.DAT,8,61,"""When you did not return,[01]we began to worry.[02]Were you able to meet the[01]Wind Dragon?""",85,
AREAS026.DAT:8:62,AREAS026.DAT,8,62,"""I know what His Majesty[01]the King said, but I also[01]know that in his heart,[02]he still worries about you,[01]Princess. Watch yourself,[01]and return home soon!""",152,
AREAS026.DAT:8:63,AREAS026.DAT,8,63,"""Please take good care of[01]Princess [04][01]!""",40,
AREAS026.DAT:8:64,AREAS026.DAT,8,64,"""Princess Elina still has[01]not returned...[02]I only pray nothing happens[01]to Princess [04][01]...!""",90,
AREAS026.DAT:8:65,AREAS026.DAT,8,65,"""We don't know when they'll[01]return, but we work hard to[02]make sure both Princesses'[01]rooms are clean and tidy.""",110,
AREAS026.DAT:8:66,AREAS026.DAT,8,66,"""Those dragons are strange[01]creatures, aren't they?[02]I mean, look at the Wind[01]Dragon--how can something[01]so big fly like that?""",125,
AREAS026.DAT:8:67,AREAS026.DAT,8,67,"""Maybe those Ludians have[01]finally given up...[02]We haven't seen any around[01]here for a while now.""",96,
AREAS026.DAT:8:68,AREAS026.DAT,8,68,"""The King seems so lonely[01]lately...[02]I think he misses eating[01]dinner with his daughters.""",89,
AREAS026.DAT:8:69,AREAS026.DAT,8,69,"""The King seems so lonely[01]lately...[02]I think he misses eating[01]dinner with his daughters.""",89,
AREAS026.DAT:8:70,AREAS026.DAT,8,70,"""Back again? Anything I can[01]do for you?""",41,
AREAS026.DAT:8:71,AREAS026.DAT,8,71,"""If I marry Princess[01][04][01], all of this...The[01]town, the people...[02]All of it will be mine![01]Ha ha...Bwah ha ha ha ha!""",114,
AREAS026.DAT:8:72,AREAS026.DAT,8,72,"""You went to the Tower of[01]Wind?[02]What did you think of it?[01]Pretty tall, isn't it?[02]I wish I could've gone[01]with you...""",117,
AREAS026.DAT:8:73,AREAS026.DAT,8,73,"""Let me rest for just a[01]minute...The air up here's[01]so thin...Whew!""",68,
AREAS026.DAT:8:74,AREAS026.DAT,8,74,"""It powers the lifts,[01]brings water up here...[02]Isn't it amazing what the[01]power of wind can do?""",95,
AREAS026.DAT:8:75,AREAS026.DAT,8,75,"""You probably already know[01]this, but this is the way[01]to the dungeons.""",71,
AREAS026.DAT:8:76,AREAS026.DAT,8,76,"""The air is fresh and[01]clean, and the scenery[01]is so beautiful...[02]I could stay here[01]forever!""",92,
AREAS026.DAT:8:80,AREAS026.DAT,8,80,"""I pay little attention to[01]what doesn't affect Wyndia,[02]but even I can tell that[01]the world is changing...""",106,
AREAS026.DAT:8:81,AREAS026.DAT,8,81,"""I pay little attention to[01]what goes on outside the[01]castle,[02]but even I can tell that[01]the world is changing...""",111,
AREAS026.DAT:8:82,AREAS026.DAT,8,82,"""Please take good care of[01]Princess [04][01]!""",40,
AREAS026.DAT:8:83,AREAS026.DAT,8,83,"""Why, Princess [04][01]![02]For a moment, I almost[01]mistook you for your[01]sister.[02]You have grown much more[01]like her in recent weeks--[02]more confident, more[01]mature. If only she were[01]here to see you now!""",191,
AREAS026.DAT:8:84,AREAS026.DAT,8,84,"""Ha ha...Bwah ha ha ha![02]Look at the people down[01]there! They're like ants![01]Insects! Bwah ha ha ha ha!""",102,
AREAS026.DAT:8:85,AREAS026.DAT,8,85,"""We caught someone trying[01]to sneak into the castle.[02]I'd keep my distance if I[01]were you!""",89,
AREAS026.DAT:8:88,AREAS026.DAT,8,88,"""I heard tell that belonged[01]to the King himself!""",50,
AREAS026.DAT:8:90,AREAS026.DAT,8,90,The wind blowing through[01]the caves is making the[01]windmills turn.,65,
AREAS026.DAT:8:91,AREAS026.DAT,8,91,The wind blowing through[01]the caves is making the[01]windmills turn.,65,
AREAS026.DAT:8:92,AREAS026.DAT,8,92,The wind blowing through[01]the caves is making the[01]windmills turn.,65,
AREAS026.DAT:8:93,AREAS026.DAT,8,93,The wind blowing through[01]the caves is making the[01]windmills turn.,65,
AREAS026.DAT:8:94,AREAS026.DAT,8,94,The wind blowing through[01]the caves is making the[01]windmills turn.,65,
AREAS026.DAT:8:95,AREAS026.DAT,8,95,The wind blowing through[01]the caves is making the[01]windmills turn.,65,
AREAS026.DAT:8:96,AREAS026.DAT,8,96,The wind blowing through[01]the caves is making the[01]windmills turn.,65,
AREAS026.DAT:8:97,AREAS026.DAT,8,97,You can't move against the[01]wind! Wait in the cavities[01]in the wall until it stops![13]`,84,
AREAS027.DAT:8:0,AREAS027.DAT,8,0,"""We get the power we need[01]to operate this lift from[01]all the windmills.""",72,
AREAS027.DAT:8:1,AREAS027.DAT,8,1,"""We get the power we need[01]to operate this lift from[01]all the windmills.""",72,
AREAS027.DAT:8:2,AREAS027.DAT,8,2,"""Quite a view, isn't it?[02]If you're lucky, you might[01]even see the Wind Dragon[01]flying from here.""",96,
AREAS027.DAT:8:3,AREAS027.DAT,8,3,"""Don't people get scared[01]living so high up?""",45,
AREAS027.DAT:8:4,AREAS027.DAT,8,4,"""We Wyndians are not afraid[01]of height.[02]On the contrary, we love[01]high places.""",78,
AREAS027.DAT:8:5,AREAS027.DAT,8,5,"""I ain't afraid of[01]heights!""",29,
AREAS027.DAT:8:6,AREAS027.DAT,8,6,"""This is the dungeon.[01]There's not much of[01]interest here to see.""",65,
AREAS027.DAT:8:7,AREAS027.DAT,8,7,"""Ah, Princess Elina![02]And Princess [04][01]![02]They are both so[01]beautiful![02]What would I do if both of[01]them were to profess their[01]love for me?[02]How could I choose between[01]them!?""",168,
AREAS027.DAT:8:8,AREAS027.DAT,8,8,"""I'm sorry, but ordinary[01]citizens are not allowed[01]past this point.""",68,
AREAS027.DAT:8:9,AREAS027.DAT,8,9,"""I'm sorry, but ordinary...[02]...Princess [04][01]!?""",46,
AREAS027.DAT:8:10,AREAS027.DAT,8,10,"""Orinary citizens are[01]not...[0B]Huh?[02]Princess [04][01]!""",48,
AREAS027.DAT:8:11,AREAS027.DAT,8,11,"""It's good to have you[01]back, Princess [04][01]!""",43,
AREAS027.DAT:8:12,AREAS027.DAT,8,12,"""Welcome home, Princess[01][04][01]!""",29,
AREAS027.DAT:8:13,AREAS027.DAT,8,13,"""The King is waiting for[01]you.""",31,
AREAS027.DAT:8:14,AREAS027.DAT,8,14,"""Everyone has been worried[01]about you.""",39,
AREAS027.DAT:8:15,AREAS027.DAT,8,15,"""His Majesty the King, as[01]well as all of us, was[02]eagerly awaiting the[01]Princess' safe return.""",94,
AREAS027.DAT:8:16,AREAS027.DAT,8,16,"""I'm so glad the Princess[01]is back!""",36,
AREAS027.DAT:8:17,AREAS027.DAT,8,17,"""This is the King's[01]audience chamber.[01]Please withdraw.""",56,
AREAS027.DAT:8:18,AREAS027.DAT,8,18,"""It...[0B]It's Princess[01][04][01]!""",26,
AREAS027.DAT:8:19,AREAS027.DAT,8,19,"""Go on in,[01]Princess--you[02]can see the King anytime!""",52,
AREAS027.DAT:8:20,AREAS027.DAT,8,20,"""Who are you?""",15,
AREAS027.DAT:8:21,AREAS027.DAT,8,21,"""Princess [04][01]! We[01]weren't aware you'd[01]returned!""",48,
AREAS027.DAT:8:22,AREAS027.DAT,8,22,"""Does this mean Princess[01]Elina isn't coming back?""",51,
AREAS027.DAT:8:23,AREAS027.DAT,8,23,"""Nothing to report!""",21,
AREAS027.DAT:8:24,AREAS027.DAT,8,24,"""Strategy sessions were[01]held every day here during[01]the war.[02]I'm just glad the war's[01]over with! I hope we[01]never have another one!""",130,
AREAS027.DAT:8:25,AREAS027.DAT,8,25,"""No one can pass this point[01]without permission from the[01]King.""",63,
AREAS027.DAT:8:26,AREAS027.DAT,8,26,"[0C][04][14][80]@""I didn't know what[01]to think when I[01]received word from[02]Ludia that you'd[01]been captured.""",93,
AREAS027.DAT:8:27,AREAS027.DAT,8,27,"[0C][04][14][80]@""What was I supposed[01]to think?[02]My daughter goes out[01]in search of her[01]missing sister,[02]only to be caught[01]trespassing in enemy[01]territory...[02]How did this happen?""",164,
AREAS027.DAT:8:28,AREAS027.DAT,8,28,"[0C][06][14][C2]@""I beg your[01]forgiveness,[01]Majesty.[02]It's all my fault.[01]If it hadn't been[01]for me...""",87,
AREAS027.DAT:8:30,AREAS027.DAT,8,30,"[0C][04][14][80]@""As you have probably[01]discovered for[01]yourself,[02]our neighbor and[01]supposed ally[01]Ludia is more worried[02]about their relations[01]with the Empire than[02]in helping me search[01]for my daughter.""",187,
AREAS027.DAT:8:32,AREAS027.DAT,8,32,"[0C][04][14][80]@""So, what do you[01]intend to do now?[02]Sooner or later, the[01]Ludians are bound to[02]discover you are[01]here.[02]We will of course do[01]everything we can to[01]protect you...""",163,
AREAS027.DAT:8:35,AREAS027.DAT,8,35,"[0C][06][14][80]@""I see...But...[02]Even though I am king[01]of Wyndia, I have no[02]control over the[01]dragon...You know[01]that.""",106,
AREAS027.DAT:8:37,AREAS027.DAT,8,37,"[0C][06][14][80]@""Hmmm...I see...[01]Very well.[02]Go to the woods east[01]of here.[02]There, you will find[01]the [05][02]Oracle of Wind[06],[02]a priestess who[01]serves the Wind[01]Dragon.""",148,
AREAS027.DAT:8:38,AREAS027.DAT,8,38,"[0C][06][14][80]@""I shall inform her[01]you are coming.[02]Rest tonight--you can[01]begin your journey in[01]the morning.""",99,
AREAS027.DAT:8:39,AREAS027.DAT,8,39,"[14][80]@""The Oracle lives in[01]the forest to the[01]east of Wyndia.[02]Don't worry--should[01]the Ludians enquire[01]about you,[02]we will think of[01]something to distract[01]them.""",155,[14][80]
AREAS027.DAT:8:40,AREAS027.DAT,8,40,"""The King has been put into[01]a most difficult position...[02]On the one hand, he has to[01]protect his daughter,[01]Princess [04][01],[02]and on the other he has[01]to maintain our relations[01]with Ludia.""",182,
AREAS027.DAT:8:41,AREAS027.DAT,8,41,"""I pity the poor King...[02]Although he is concerned[01]about Princess Elina more[01]than anyone,[02]he does not discuss the[01]matter with anyone in[01]public.[02]It breaks my heart to[01]look at him...""",181,
AREAS027.DAT:8:43,AREAS027.DAT,8,43,"""The [09][07][05] is an[01]ancient holy relic, needed[01]to enter the Tower of Wind,[02]which is sacred to the[01]Wind Dragon.[02]It is kept in a safe place[01][05][02]beneath the castle[06].""",157,
AREAS027.DAT:8:44,AREAS027.DAT,8,44,"""P'ung Ryong, the Wind[01]Dragon, is unusual among[01]his kind in that he still[02]interacts with mortals and[01]speaks to them from time[01]to time.""",136,
AREAS027.DAT:8:46,AREAS027.DAT,8,46,"""I was told you'd be[01]coming. Good luck!""",41,
AREAS027.DAT:8:47,AREAS027.DAT,8,47,"""I hear the Tower of Wind[01]is even higher than the[01]castle![02]I'd love to go there,[01]just once!""",92,
AREAS027.DAT:8:48,AREAS027.DAT,8,48,"""The Oracle of Wind has[01]lived in the Kasq Woods[02]for as long as anyone can[01]remember...[02]She hardly ever leaves[01]except to speak with the[01]Wind Dragon.""",148,
AREAS027.DAT:8:50,AREAS027.DAT,8,50,"""We have heard reports that[01]Ludian troops have been[01]seen near the castle.[02]You must hurry, before they[01]find out you are here!""",126,
AREAS027.DAT:8:51,AREAS027.DAT,8,51,"""The last time the Oracle[01]came to the castle was when[01]Princess [04][01] was born.""",77,
AREAS027.DAT:8:52,AREAS027.DAT,8,52,"""They say that the only[01]way to see the Wind[01]Dragon close up is to go[02]even higher than the Tower[01]of Wind to the north.[02]But how can anyone do[01]that?""",147,
AREAS027.DAT:8:53,AREAS027.DAT,8,53,"""Princess Elina is engaged[01]to marry the Prince of[01]Ludia...[02]Princess [04][01] is next in[01]line to the throne...[02]Which should I chose--[01]a love that is wrong,[01]or a love that cannot be?""",176,
AREAS027.DAT:8:54,AREAS027.DAT,8,54,"""Wait...If Princess [04][01][01]and I are joined together,[02]that means I will one day[01]be King of Wyndia...[02]Will I be able to handle[01]the responsibility?""",143,
AREAS027.DAT:8:55,AREAS027.DAT,8,55,"""If I marry Princess Elina,[01]that means the entire[02]country of Ludia will be out[01]to get us...[02]Will I be able to protect[01]her from them?""",134,
AREAS027.DAT:8:58,AREAS027.DAT,8,58,"[14][80]@""Hmmm...[02]The other half of the[01]First Emperor, you[01]say?[02]I understand now why[01]both Ludia and the[02]Empire were looking[01]for you![02]You carry a heavy[01]burden...I wish you[01]the best of luck.""",184,[14][80]
AREAS027.DAT:8:59,AREAS027.DAT,8,59,"[14][80]@""Hmmm...[02]The other half of the[01]First Emperor, you[01]say?[02]I understand now why[01]both Ludia and the[02]Empire were looking[01]for you![02]You carry a heavy[01]burden...I wish you[01]the best of luck.""",184,[14][80]
AREAS027.DAT:8:60,AREAS027.DAT,8,60,"[14][80]@""[04][01]...[02]There is little I can[01]do for you now.[02]You have grown much,[01]my daughter.[02]You are strong enough[01]to fight your own[01]battles now.[02]I am very proud of[01]you!""",160,[14][80]
AREAS027.DAT:8:61,AREAS027.DAT,8,61,"""When you did not return,[01]we began to worry.[02]Were you able to meet the[01]Wind Dragon?""",85,
AREAS027.DAT:8:62,AREAS027.DAT,8,62,"""I know what His Majesty[01]the King said, but I also[01]know that in his heart,[02]he still worries about you,[01]Princess. Watch yourself,[01]and return home soon!""",152,
AREAS027.DAT:8:63,AREAS027.DAT,8,63,"""Please take good care of[01]Princess [04][01]!""",40,
AREAS027.DAT:8:64,AREAS027.DAT,8,64,"""Princess Elina still has[01]not returned...[02]I only pray nothing happens[01]to Princess [04][01]...!""",90,
AREAS027.DAT:8:65,AREAS027.DAT,8,65,"""We don't know when they'll[01]return, but we work hard to[02]make sure both Princesses'[01]rooms are clean and tidy.""",110,
AREAS027.DAT:8:66,AREAS027.DAT,8,66,"""Those dragons are strange[01]creatures, aren't they?[02]I mean, look at the Wind[01]Dragon--how can something[01]so big fly like that?""",125,
AREAS027.DAT:8:67,AREAS027.DAT,8,67,"""Maybe those Ludians have[01]finally given up...[02]We haven't seen any around[01]here for a while now.""",96,
AREAS027.DAT:8:68,AREAS027.DAT,8,68,"""The King seems so lonely[01]lately...[02]I think he misses eating[01]dinner with his daughters.""",89,
AREAS027.DAT:8:69,AREAS027.DAT,8,69,"""The King seems so lonely[01]lately...[02]I think he misses eating[01]dinner with his daughters.""",89,
AREAS027.DAT:8:70,AREAS027.DAT,8,70,"""Back again? Anything I can[01]do for you?""",41,
AREAS027.DAT:8:71,AREAS027.DAT,8,71,"""If I marry Princess[01][04][01], all of this...The[01]town, the people...[02]All of it will be mine![01]Ha ha...Bwah ha ha ha ha!""",114,
AREAS027.DAT:8:72,AREAS027.DAT,8,72,"""You went to the Tower of[01]Wind?[02]What did you think of it?[01]Pretty tall, isn't it?[02]I wish I could've gone[01]with you...""",117,
AREAS027.DAT:8:73,AREAS027.DAT,8,73,"""Let me rest for just a[01]minute...The air up here's[01]so thin...Whew!""",68,
AREAS027.DAT:8:74,AREAS027.DAT,8,74,"""It powers the lifts,[01]brings water up here...[02]Isn't it amazing what the[01]power of wind can do?""",95,
AREAS027.DAT:8:75,AREAS027.DAT,8,75,"""You probably already know[01]this, but this is the way[01]to the dungeons.""",71,
AREAS027.DAT:8:76,AREAS027.DAT,8,76,"""The air is fresh and[01]clean, and the scenery[01]is so beautiful...[02]I could stay here[01]forever!""",92,
AREAS027.DAT:8:80,AREAS027.DAT,8,80,"""I pay little attention to[01]what doesn't affect Wyndia,[02]but even I can tell that[01]the world is changing...""",106,
AREAS027.DAT:8:81,AREAS027.DAT,8,81,"""I pay little attention to[01]what goes on outside the[01]castle,[02]but even I can tell that[01]the world is changing...""",111,
AREAS027.DAT:8:82,AREAS027.DAT,8,82,"""Please take good care of[01]Princess [04][01]!""",40,
AREAS027.DAT:8:83,AREAS027.DAT,8,83,"""Why, Princess [04][01]![02]For a moment, I almost[01]mistook you for your[01]sister.[02]You have grown much more[01]like her in recent weeks--[02]more confident, more[01]mature. If only she were[01]here to see you now!""",191,
AREAS027.DAT:8:84,AREAS027.DAT,8,84,"""Ha ha...Bwah ha ha ha![02]Look at the people down[01]there! They're like ants![01]Insects! Bwah ha ha ha ha!""",102,
AREAS027.DAT:8:85,AREAS027.DAT,8,85,"""We caught someone trying[01]to sneak into the castle.[02]I'd keep my distance if I[01]were you!""",89,
AREAS027.DAT:8:88,AREAS027.DAT,8,88,"""I heard tell that belonged[01]to the King himself!""",50,
AREAS027.DAT:8:90,AREAS027.DAT,8,90,The wind blowing through[01]the caves is making the[01]windmills turn.,65,
AREAS027.DAT:8:91,AREAS027.DAT,8,91,The wind blowing through[01]the caves is making the[01]windmills turn.,65,
AREAS027.DAT:8:92,AREAS027.DAT,8,92,The wind blowing through[01]the caves is making the[01]windmills turn.,65,
AREAS027.DAT:8:93,AREAS027.DAT,8,93,The wind blowing through[01]the caves is making the[01]windmills turn.,65,
AREAS027.DAT:8:94,AREAS027.DAT,8,94,The wind blowing through[01]the caves is making the[01]windmills turn.,65,
AREAS027.DAT:8:95,AREAS027.DAT,8,95,The wind blowing through[01]the caves is making the[01]windmills turn.,65,
AREAS027.DAT:8:96,AREAS027.DAT,8,96,The wind blowing through[01]the caves is making the[01]windmills turn.,65,
AREAS027.DAT:8:97,AREAS027.DAT,8,97,You can't move against the[01]wind! Wait in the cavities[01]in the wall until it stops![13]`,84,
AREAS028.DAT:7:0,AREAS028.DAT,7,0,"""We get the power we need[01]to operate this lift from[01]all the windmills.""",72,
AREAS028.DAT:7:1,AREAS028.DAT,7,1,"""We get the power we need[01]to operate this lift from[01]all the windmills.""",72,
AREAS028.DAT:7:2,AREAS028.DAT,7,2,"""Quite a view, isn't it?[02]If you're lucky, you might[01]even see the Wind Dragon[01]flying from here.""",96,
AREAS028.DAT:7:3,AREAS028.DAT,7,3,"""Don't people get scared[01]living so high up?""",45,
AREAS028.DAT:7:4,AREAS028.DAT,7,4,"""We Wyndians are not afraid[01]of height.[02]On the contrary, we love[01]high places.""",78,
AREAS028.DAT:7:5,AREAS028.DAT,7,5,"""I ain't afraid of[01]heights!""",29,
AREAS028.DAT:7:6,AREAS028.DAT,7,6,"""This is the dungeon.[01]There's not much of[01]interest here to see.""",65,
AREAS028.DAT:7:7,AREAS028.DAT,7,7,"""Ah, Princess Elina![02]And Princess [04][01]![02]They are both so[01]beautiful![02]What would I do if both of[01]them were to profess their[01]love for me?[02]How could I choose between[01]them!?""",168,
AREAS028.DAT:7:8,AREAS028.DAT,7,8,"""I'm sorry, but ordinary[01]citizens are not allowed[01]past this point.""",68,
AREAS028.DAT:7:9,AREAS028.DAT,7,9,"""I'm sorry, but ordinary...[02]...Princess [04][01]!?""",46,
AREAS028.DAT:7:10,AREAS028.DAT,7,10,"""Orinary citizens are[01]not...[0B]Huh?[02]Princess [04][01]!""",48,
AREAS028.DAT:7:11,AREAS028.DAT,7,11,"""It's good to have you[01]back, Princess [04][01]!""",43,
AREAS028.DAT:7:12,AREAS028.DAT,7,12,"""Welcome home, Princess[01][04][01]!""",29,
AREAS028.DAT:7:13,AREAS028.DAT,7,13,"""The King is waiting for[01]you.""",31,
AREAS028.DAT:7:14,AREAS028.DAT,7,14,"""Everyone has been worried[01]about you.""",39,
AREAS028.DAT:7:15,AREAS028.DAT,7,15,"""His Majesty the King, as[01]well as all of us, was[02]eagerly awaiting the[01]Princess' safe return.""",94,
AREAS028.DAT:7:16,AREAS028.DAT,7,16,"""I'm so glad the Princess[01]is back!""",36,
AREAS028.DAT:7:17,AREAS028.DAT,7,17,"""This is the King's[01]audience chamber.[01]Please withdraw.""",56,
AREAS028.DAT:7:18,AREAS028.DAT,7,18,"""It...[0B]It's Princess[01][04][01]!""",26,
AREAS028.DAT:7:19,AREAS028.DAT,7,19,"""Go on in,[01]Princess--you[02]can see the King anytime!""",52,
AREAS028.DAT:7:20,AREAS028.DAT,7,20,"""Who are you?""",15,
AREAS028.DAT:7:21,AREAS028.DAT,7,21,"""Princess [04][01]! We[01]weren't aware you'd[01]returned!""",48,
AREAS028.DAT:7:22,AREAS028.DAT,7,22,"""Does this mean Princess[01]Elina isn't coming back?""",51,
AREAS028.DAT:7:23,AREAS028.DAT,7,23,"""Nothing to report!""",21,
AREAS028.DAT:7:24,AREAS028.DAT,7,24,"""Strategy sessions were[01]held every day here during[01]the war.[02]I'm just glad the war's[01]over with! I hope we[01]never have another one!""",130,
AREAS028.DAT:7:25,AREAS028.DAT,7,25,"""No one can pass this point[01]without permission from the[01]King.""",63,
AREAS028.DAT:7:26,AREAS028.DAT,7,26,"[0C][04][14][80]@""I didn't know what[01]to think when I[01]received word from[02]Ludia that you'd[01]been captured.""",93,
AREAS028.DAT:7:27,AREAS028.DAT,7,27,"[0C][04][14][80]@""What was I supposed[01]to think?[02]My daughter goes out[01]in search of her[01]missing sister,[02]only to be caught[01]trespassing in enemy[01]territory...[02]How did this happen?""",164,
AREAS028.DAT:7:28,AREAS028.DAT,7,28,"[0C][06][14][C2]@""I beg your[01]forgiveness,[01]Majesty.[02]It's all my fault.[01]If it hadn't been[01]for me...""",87,
AREAS028.DAT:7:30,AREAS028.DAT,7,30,"[0C][04][14][80]@""As you have probably[01]discovered for[01]yourself,[02]our neighbor and[01]supposed ally[01]Ludia is more worried[02]about their relations[01]with the Empire than[02]in helping me search[01]for my daughter.""",187,
AREAS028.DAT:7:32,AREAS028.DAT,7,32,"[0C][04][14][80]@""So, what do you[01]intend to do now?[02]Sooner or later, the[01]Ludians are bound to[02]discover you are[01]here.[02]We will of course do[01]everything we can to[01]protect you...""",163,
AREAS028.DAT:7:35,AREAS028.DAT,7,35,"[0C][06][14][80]@""I see...But...[02]Even though I am king[01]of Wyndia, I have no[02]control over the[01]dragon...You know[01]that.""",106,
AREAS028.DAT:7:37,AREAS028.DAT,7,37,"[0C][06][14][80]@""Hmmm...I see...[01]Very well.[02]Go to the woods east[01]of here.[02]There, you will find[01]the [05][02]Oracle of Wind[06],[02]a priestess who[01]serves the Wind[01]Dragon.""",148,
AREAS028.DAT:7:38,AREAS028.DAT,7,38,"[0C][06][14][80]@""I shall inform her[01]you are coming.[02]Rest tonight--you can[01]begin your journey in[01]the morning.""",99,
AREAS028.DAT:7:39,AREAS028.DAT,7,39,"[14][80]@""The Oracle lives in[01]the forest to the[01]east of Wyndia.[02]Don't worry--should[01]the Ludians enquire[01]about you,[02]we will think of[01]something to distract[01]them.""",155,[14][80]
AREAS028.DAT:7:40,AREAS028.DAT,7,40,"""The King has been put into[01]a most difficult position...[02]On the one hand, he has to[01]protect his daughter,[01]Princess [04][01],[02]and on the other he has[01]to maintain our relations[01]with Ludia.""",182,
AREAS028.DAT:7:41,AREAS028.DAT,7,41,"""I pity the poor King...[02]Although he is concerned[01]about Princess Elina more[01]than anyone,[02]he does not discuss the[01]matter with anyone in[01]public.[02]It breaks my heart to[01]look at him...""",181,
AREAS028.DAT:7:43,AREAS028.DAT,7,43,"""The [09][07][05] is an[01]ancient holy relic, needed[01]to enter the Tower of Wind,[02]which is sacred to the[01]Wind Dragon.[02]It is kept in a safe place[01][05][02]beneath the castle[06].""",157,
AREAS028.DAT:7:44,AREAS028.DAT,7,44,"""P'ung Ryong, the Wind[01]Dragon, is unusual among[01]his kind in that he still[02]interacts with mortals and[01]speaks to them from time[01]to time.""",136,
AREAS028.DAT:7:46,AREAS028.DAT,7,46,"""I was told you'd be[01]coming. Good luck!""",41,
AREAS028.DAT:7:47,AREAS028.DAT,7,47,"""I hear the Tower of Wind[01]is even higher than the[01]castle![02]I'd love to go there,[01]just once!""",92,
AREAS028.DAT:7:48,AREAS028.DAT,7,48,"""The Oracle of Wind has[01]lived in the Kasq Woods[02]for as long as anyone can[01]remember...[02]She hardly ever leaves[01]except to speak with the[01]Wind Dragon.""",148,
AREAS028.DAT:7:50,AREAS028.DAT,7,50,"""We have heard reports that[01]Ludian troops have been[01]seen near the castle.[02]You must hurry, before they[01]find out you are here!""",126,
AREAS028.DAT:7:51,AREAS028.DAT,7,51,"""The last time the Oracle[01]came to the castle was when[01]Princess [04][01] was born.""",77,
AREAS028.DAT:7:52,AREAS028.DAT,7,52,"""They say that the only[01]way to see the Wind[01]Dragon close up is to go[02]even higher than the Tower[01]of Wind to the north.[02]But how can anyone do[01]that?""",147,
AREAS028.DAT:7:53,AREAS028.DAT,7,53,"""Princess Elina is engaged[01]to marry the Prince of[01]Ludia...[02]Princess [04][01] is next in[01]line to the throne...[02]Which should I chose--[01]a love that is wrong,[01]or a love that cannot be?""",176,
AREAS028.DAT:7:54,AREAS028.DAT,7,54,"""Wait...If Princess [04][01][01]and I are joined together,[02]that means I will one day[01]be King of Wyndia...[02]Will I be able to handle[01]the responsibility?""",143,
AREAS028.DAT:7:55,AREAS028.DAT,7,55,"""If I marry Princess Elina,[01]that means the entire[02]country of Ludia will be out[01]to get us...[02]Will I be able to protect[01]her from them?""",134,
AREAS028.DAT:7:58,AREAS028.DAT,7,58,"[14][80]@""Hmmm...[02]The other half of the[01]First Emperor, you[01]say?[02]I understand now why[01]both Ludia and the[02]Empire were looking[01]for you![02]You carry a heavy[01]burden...I wish you[01]the best of luck.""",184,[14][80]
AREAS028.DAT:7:59,AREAS028.DAT,7,59,"[14][80]@""Hmmm...[02]The other half of the[01]First Emperor, you[01]say?[02]I understand now why[01]both Ludia and the[02]Empire were looking[01]for you![02]You carry a heavy[01]burden...I wish you[01]the best of luck.""",184,[14][80]
AREAS028.DAT:7:60,AREAS028.DAT,7,60,"[14][80]@""[04][01]...[02]There is little I can[01]do for you now.[02]You have grown much,[01]my daughter.[02]You are strong enough[01]to fight your own[01]battles now.[02]I am very proud of[01]you!""",160,[14][80]
AREAS028.DAT:7:61,AREAS028.DAT,7,61,"""When you did not return,[01]we began to worry.[02]Were you able to meet the[01]Wind Dragon?""",85,
AREAS028.DAT:7:62,AREAS028.DAT,7,62,"""I know what His Majesty[01]the King said, but I also[01]know that in his heart,[02]he still worries about you,[01]Princess. Watch yourself,[01]and return home soon!""",152,
AREAS028.DAT:7:63,AREAS028.DAT,7,63,"""Please take good care of[01]Princess [04][01]!""",40,
AREAS028.DAT:7:64,AREAS028.DAT,7,64,"""Princess Elina still has[01]not returned...[02]I only pray nothing happens[01]to Princess [04][01]...!""",90,
AREAS028.DAT:7:65,AREAS028.DAT,7,65,"""We don't know when they'll[01]return, but we work hard to[02]make sure both Princesses'[01]rooms are clean and tidy.""",110,
AREAS028.DAT:7:66,AREAS028.DAT,7,66,"""Those dragons are strange[01]creatures, aren't they?[02]I mean, look at the Wind[01]Dragon--how can something[01]so big fly like that?""",125,
AREAS028.DAT:7:67,AREAS028.DAT,7,67,"""Maybe those Ludians have[01]finally given up...[02]We haven't seen any around[01]here for a while now.""",96,
AREAS028.DAT:7:68,AREAS028.DAT,7,68,"""The King seems so lonely[01]lately...[02]I think he misses eating[01]dinner with his daughters.""",89,
AREAS028.DAT:7:69,AREAS028.DAT,7,69,"""The King seems so lonely[01]lately...[02]I think he misses eating[01]dinner with his daughters.""",89,
AREAS028.DAT:7:70,AREAS028.DAT,7,70,"""Back again? Anything I can[01]do for you?""",41,
AREAS028.DAT:7:71,AREAS028.DAT,7,71,"""If I marry Princess[01][04][01], all of this...The[01]town, the people...[02]All of it will be mine![01]Ha ha...Bwah ha ha ha ha!""",114,
AREAS028.DAT:7:72,AREAS028.DAT,7,72,"""You went to the Tower of[01]Wind?[02]What did you think of it?[01]Pretty tall, isn't it?[02]I wish I could've gone[01]with you...""",117,
AREAS028.DAT:7:73,AREAS028.DAT,7,73,"""Let me rest for just a[01]minute...The air up here's[01]so thin...Whew!""",68,
AREAS028.DAT:7:74,AREAS028.DAT,7,74,"""It powers the lifts,[01]brings water up here...[02]Isn't it amazing what the[01]power of wind can do?""",95,
AREAS028.DAT:7:75,AREAS028.DAT,7,75,"""You probably already know[01]this, but this is the way[01]to the dungeons.""",71,
AREAS028.DAT:7:76,AREAS028.DAT,7,76,"""The air is fresh and[01]clean, and the scenery[01]is so beautiful...[02]I could stay here[01]forever!""",92,
AREAS028.DAT:7:80,AREAS028.DAT,7,80,"""I pay little attention to[01]what doesn't affect Wyndia,[02]but even I can tell that[01]the world is changing...""",106,
AREAS028.DAT:7:81,AREAS028.DAT,7,81,"""I pay little attention to[01]what goes on outside the[01]castle,[02]but even I can tell that[01]the world is changing...""",111,
AREAS028.DAT:7:82,AREAS028.DAT,7,82,"""Please take good care of[01]Princess [04][01]!""",40,
AREAS028.DAT:7:83,AREAS028.DAT,7,83,"""Why, Princess [04][01]![02]For a moment, I almost[01]mistook you for your[01]sister.[02]You have grown much more[01]like her in recent weeks--[02]more confident, more[01]mature. If only she were[01]here to see you now!""",191,
AREAS028.DAT:7:84,AREAS028.DAT,7,84,"""Ha ha...Bwah ha ha ha![02]Look at the people down[01]there! They're like ants![01]Insects! Bwah ha ha ha ha!""",102,
AREAS028.DAT:7:85,AREAS028.DAT,7,85,"""We caught someone trying[01]to sneak into the castle.[02]I'd keep my distance if I[01]were you!""",89,
AREAS028.DAT:7:88,AREAS028.DAT,7,88,"""I heard tell that belonged[01]to the King himself!""",50,
AREAS028.DAT:7:90,AREAS028.DAT,7,90,The wind blowing through[01]the caves is making the[01]windmills turn.,65,
AREAS028.DAT:7:91,AREAS028.DAT,7,91,The wind blowing through[01]the caves is making the[01]windmills turn.,65,
AREAS028.DAT:7:92,AREAS028.DAT,7,92,The wind blowing through[01]the caves is making the[01]windmills turn.,65,
AREAS028.DAT:7:93,AREAS028.DAT,7,93,The wind blowing through[01]the caves is making the[01]windmills turn.,65,
AREAS028.DAT:7:94,AREAS028.DAT,7,94,The wind blowing through[01]the caves is making the[01]windmills turn.,65,
AREAS028.DAT:7:95,AREAS028.DAT,7,95,The wind blowing through[01]the caves is making the[01]windmills turn.,65,
AREAS028.DAT:7:96,AREAS028.DAT,7,96,The wind blowing through[01]the caves is making the[01]windmills turn.,65,
AREAS028.DAT:7:97,AREAS028.DAT,7,97,You can't move against the[01]wind! Wait in the cavities[01]in the wall until it stops![13]`,84,
AREAS029.DAT:8:0,AREAS029.DAT,8,0,"""Don't get many visitors[01]out this way, but we're[01]always glad to see them!""",75,
AREAS029.DAT:8:1,AREAS029.DAT,8,1,"""Don't get many visitors[01]out this way, but we're[01]always glad to see them!""",75,
AREAS029.DAT:8:2,AREAS029.DAT,8,2,"""We've heard rumors that[01]the capital's been attacked[01]by some kind of monster...[02]You know anything about[01]that?""",111,
AREAS029.DAT:8:3,AREAS029.DAT,8,3,"""What? You want to go to[01]the capital?[02]The only one here who's[01]ever been there is Gramps.[02]That's what everyone[01]calls him.[02]He lives in the tent[01]over there.""",155,
AREAS029.DAT:8:4,AREAS029.DAT,8,4,"""You know the horses and[01]whelks the Imperial Troops[01]ride into battle?[02]We catch 'em and sell 'em[01]to the Empire! That's how[01]we get our money.[02]Every so often we go after[01]monsters, too.""",183,
AREAS029.DAT:8:6,AREAS029.DAT,8,6,"[14][01][01][0A][02]""Pippiki!""",16,[14][01]
AREAS029.DAT:8:7,AREAS029.DAT,8,7,"""Travelers, eh?[02]You say you want to go to[01]the capital?""",56,
AREAS029.DAT:8:8,AREAS029.DAT,8,8,"""In that case, you'll need[01]to talk to Gramps...There's[01]one small problem, though.""",83,
AREAS029.DAT:8:9,AREAS029.DAT,8,9,"""Little while ago, his pet[01]chicken Tak ran off, and[01]ever since then,[02]he's been despondent--[01]doesn't talk to anyone.""",117,
AREAS029.DAT:8:10,AREAS029.DAT,8,10,"[14][02][02]""Where are you, my[01]little Tak? Here[01]Tak Tak!""",49,[14][02]
AREAS029.DAT:8:11,AREAS029.DAT,8,11,"[14][03][02]""Thank you so much[01]for finding my Tak!""",43,[14][03]
AREAS029.DAT:8:12,AREAS029.DAT,8,12,"[14][03][02]""You say you want to[01]go to the capital,[01]yes?""",49,[14][03]
AREAS029.DAT:8:13,AREAS029.DAT,8,13,"[14][03][02]""Hmmm...In that case,[01]the quickest way is[02]to go east and go[01]through the gate at[01][05][02]Kwanso[06]...[02]You might not be able[01]to get through now,[01]though...""",149,[14][03]
AREAS029.DAT:8:14,AREAS029.DAT,8,14,"[14][03][02]""I've heard there's[01]something going on in[01]the capital,[02]and that they're[01]going to close all[01]the gates.""",106,[14][03]
AREAS029.DAT:8:15,AREAS029.DAT,8,15,"[14][04][03]""Isn't there any[01]other way to get to[01]the capital?""",54,[14][04]
AREAS029.DAT:8:16,AREAS029.DAT,8,16,"[14][03][02]""Well...[02]There's the [05][02]First[01]Emperor's Tomb[06] to[01]the northeast...""",69,[14][03]
AREAS029.DAT:8:18,AREAS029.DAT,8,18,"[14][03][02]""That's right...[02]There's a road there[01]that will take you to[01]Astana.""",72,[14][03]
AREAS029.DAT:8:20,AREAS029.DAT,8,20,"[14][02][02]""You're welcome.[02]By the way, miss...[01]Have we met somewhere[01]before?""",71,[14][02]
AREAS029.DAT:8:22,AREAS029.DAT,8,22,"[14][03][02]""Hmmm...Oh well, no[01]matter.[02]You be careful,[01]though--the [05][02]Tomb[06] is[01]haunted![02]No one knows what[01]kinds of monsters[01]are there!""",127,[14][03]
AREAS029.DAT:8:23,AREAS029.DAT,8,23,"""What? The road leading[01]from the tomb?[02]Yeah, I've heard of it.[02]I remember hearing about[01]it when I went to Astana[02]with Gramps to sell some[01]monsters we'd caught.""",161,
AREAS029.DAT:8:26,AREAS029.DAT,8,26,"""Cluck-cluck!""",15,
AREAS029.DAT:8:27,AREAS029.DAT,8,27,"[14][07][04][0A][04]""Cluck cluck!""",20,[14][07]
AREAS029.DAT:8:28,AREAS029.DAT,8,28,"[14][07][04][0A][05]""B-bwack!""",16,[14][07]
AREAS029.DAT:8:29,AREAS029.DAT,8,29,"[14][07][04][0A][03]""K-kluck""",15,[14][07]
AREAS029.DAT:8:30,AREAS029.DAT,8,30,"[14][08][05][0A][01]""Zzzz...""",15,[14][08]
AREAS029.DAT:8:31,AREAS029.DAT,8,31,"""I was trying to make a[01]fence to keep Gramps'[01]chickens in,[02]but they were too fast[01]for me and ran off...[02]If you go to the [05][02]Western[01]Plains[06], you can probably[01]still catch up with them.""",184,
AREAS029.DAT:8:32,AREAS029.DAT,8,32,"""Tanks to you, da birdie[01]got a friend.[02]Tanks--you can have dis!""",65,
AREAS029.DAT:8:33,AREAS029.DAT,8,33,"""Tanks to you, da birdie[01]got a friend.[02]Tanks--you can have dis!""",65,
AREAS029.DAT:8:35,AREAS029.DAT,8,35,"""Tanks to you, da birdie[01]got a friend.""",40,
AREAS029.DAT:8:36,AREAS029.DAT,8,36,"""A little while ago, there[01]was a big fire in the woods[01]near the Emperor's Tomb!""",81,
AREAS029.DAT:8:37,AREAS029.DAT,8,37,"""You're going to visit the[01]Emperor's grave?[02]I thought you wanted to go[01]to the capital?""",88,
AREAS029.DAT:8:38,AREAS029.DAT,8,38,"[14][07][04][0A][06]""Cluck!""",14,[14][07]
AREAS029.DAT:8:39,AREAS029.DAT,8,39,"[14][03][02]""I remember I'd gone[01]to the [05][02]Emperor's Tomb[06][02]to catch some[01]monsters to sell[01]in Astana...[02]That's when I found[01]that road there.""",131,[14][03]
AREAS029.DAT:8:40,AREAS029.DAT,8,40,"""Thank you so much. Thanks[01]to your help, Gramps is[01]back to his old self!""",74,
AREAS029.DAT:8:41,AREAS029.DAT,8,41,"[14][09][06][0A][01]""Kluck!""",14,[14][09]
AREAS029.DAT:8:43,AREAS029.DAT,8,43,Do you want to stop the[01]game and leave?[12][01][0C][C2]Yes[01]No,50,
AREAS029.DAT:8:44,AREAS029.DAT,8,44,[01]     You captured [05][02]Tak[06]!,27,
AREAS029.DAT:8:45,AREAS029.DAT,8,45,           BONUS![01]         [05][02][07],31,
AREAS029.DAT:8:46,AREAS029.DAT,8,46,"""There's not much here, but[01]you're welcome to stay.[02][19]",54,
AREAS029.DAT:8:47,AREAS029.DAT,8,47,"""Sorry, but it looks like[01]you're a little short on[01]zenny there.""",65,
AREAS029.DAT:8:49,AREAS029.DAT,8,49,      You captured the[01]         [05][02]mother pig[06]!,47,
AREAD030.DAT:7:2,AREAD030.DAT,7,2,"[14][C1]@""Let's hurry and try[01]to get over them[01]before it gets dark.""",63,[14][C1]
AREAD030.DAT:7:3,AREAD030.DAT,7,3,"[0C][04][14][C1]@""Looks like we've run[01]out of road...""",43,
AREAD030.DAT:7:4,AREAD030.DAT,7,4,"[0C][06][14][C1]@""But don't worry.[02]We should be able to[01]jump over this.""",61,
AREAD030.DAT:7:5,AREAD030.DAT,7,5,"[0C][06][14][C1]@""All you have to do[01]to jump is stand at[02]a place where it's[01]narrow enough to[01]jump,[02]and press the [7F][01]button[02]or move in the[01]direction you want[02]to jump using the[01][05][02]directional buttons[06].[01]Try it!""",195,
AREAD030.DAT:7:6,AREAD030.DAT,7,6,"[0C][04][14][C1]@""...[0B]...[0B]See? It's[01]easy, isn't it?[01]One more to go.""",57,
AREAD030.DAT:7:7,AREAD030.DAT,7,7,"[0C][04][14][C1]@""Are you afraid of[01]heights?[02]I'm a Wyndian--we[01]love high places.""",70,
AREAD030.DAT:7:8,AREAD030.DAT,7,8,"[14][C1]@""Good thing you were[01]able to jump--we're[01]really high up!""",61,[14][C1]
AREAD030.DAT:7:9,AREAD030.DAT,7,9,"[14][C1]@""Whoa!...[0B]...[0B]""",19,[14][C1]
AREAD030.DAT:7:10,AREAD030.DAT,7,10,"[14][80]@""Don't you just love[01]that feeling you get[02]looking down from a[01]high place like this?[02]It makes me dizzy--[01]it's so exciting!""",126,[14][80]
AREAD030.DAT:7:11,AREAD030.DAT,7,11,"[14][81]@""Are...[0B]Are you all[01]right, [04]",32,[14][81]
AREAD030.DAT:7:12,AREAD030.DAT,7,12,"[14][82]@""Did you do that[01]because you thought[01]I needed help?""",56,[14][82]
AREAD030.DAT:7:13,AREAD030.DAT,7,13,"[14][82]@""You're not hurt, are[01]you?[02]I'm sorry. I didn't[01]tell you about my[01]wings...[02]I can use them to[01]fly a little, so I[02]can survive a fall[01]like that.""",145,[14][82]
AREAD030.DAT:7:14,AREAD030.DAT,7,14,"[14][C1]@""But it was very[01]brave of you to do[01]that, [04]",47,[14][C1]
AREAD030.DAT:7:15,AREAD030.DAT,7,15,"[0C][06][14][C1]@""Looks like the sun's[01]going down...""",42,
AREAD030.DAT:7:16,AREAD030.DAT,7,16,"[0C][06][14][C1]@""It's probably safer[01]if we wait until it's[02]light to climb up the[01]cliff...[02]Let's look for a[01]place we can sleep.""",117,
AREAD030.DAT:7:17,AREAD030.DAT,7,17,"It looks like you could[01]climb up here, but you[01]should wait until morning.",74,
AREAD030.DAT:7:18,AREAD030.DAT,7,18,"[0C][04][14][C1]@""Looks like we could[01]camp here.""",38,
AREAD030.DAT:7:19,AREAD030.DAT,7,19,"[0C][04][14][83]@""Now all we need...[01][14][83]@is a fire.""",40,
AREAD030.DAT:7:20,AREAD030.DAT,7,20,"[0C][02][14][C1]@""...[0B]And that's how I[01]ended up here.""[13]`[0C][04][14][C1]@""Where are you[01]heading, [04]",75,
AREAD030.DAT:7:21,AREAD030.DAT,7,21,"[0C][04][14][C1]@""Where are you[01]heading, [04]",31,
AREAD030.DAT:7:22,AREAD030.DAT,7,22,"[14][C1]@""Tomorrow, once we[01]get to town,[02][14][83]@I'm sure we'll be[01]able to find someone[01]who knows you.""",93,[14][C1]
AREAD030.DAT:7:24,AREAD030.DAT,7,24,[14][04][01]There's no reason to[01]go back down there.,44,[14][04]
AREAS031.DAT:8:1,AREAS031.DAT,8,1,"""Welcome to Shikk, home of[01]the best sailors in the[01]world![02]Know why? 'Cause Shikk is[01]on the only non-mud sea in[01]the world, that's why!""",135,
AREAS031.DAT:8:2,AREAS031.DAT,8,2,"""My dad's a sailor![02]I'm waiting for his ship to[01]get in!""",57,
AREAS031.DAT:8:3,AREAS031.DAT,8,3,"""Huh? You want to know[01]whose boat that is?[02]I don't know, but whoever[01]the owner is, he's probably[01]at the pub.""",110,
AREAS031.DAT:8:4,AREAS031.DAT,8,4,"""I heard that the[01]Checkpoint's been closed[02]and that it's hard to get[01]here...[02]I wonder if we'll be able[01]to get out all right...?""",129,
AREAS031.DAT:8:5,AREAS031.DAT,8,5,"""You can't fish in the Sea[01]of Mud, but you can fish[01]here, you know!""",69,
AREAS031.DAT:8:6,AREAS031.DAT,8,6,"""They say this ocean[01]stretches all the way to[01]the western continent.""",70,
AREAS031.DAT:8:8,AREAS031.DAT,8,8,"""Most of the menfolk of[01]this town are out on their[01]ships right now.""",69,
AREAS031.DAT:8:9,AREAS031.DAT,8,9,"""I heard that in some[01]places they have boats that[01]sail on the sand![02]I'd like to see one of them[01]someday--the boats here only[01]sail on water.""",141,
AREAS031.DAT:8:10,AREAS031.DAT,8,10,"[14][02][02]""Whaaaat!?[02]You wanna ride on[01]our ship?""",43,[14][02]
AREAS031.DAT:8:13,AREAS031.DAT,8,13,"""Looking to hire a ship,[01]are you?[02]Well then, you should talk[01]to those sailors there.""",86,
AREAS031.DAT:8:14,AREAS031.DAT,8,14,"""Welcome. Come in![02][19]",21,
AREAS031.DAT:8:15,AREAS031.DAT,8,15,"""Whoops--looks like[01]you're a little short[01]on zenny.""",53,
AREAS031.DAT:8:16,AREAS031.DAT,8,16,"""Rare items from[01]across the sea! Care[01]to take a look?""[12][84][0C][94]Buy[01]Sell[01]Trade[01]Never mind",84,
AREAS031.DAT:8:17,AREAS031.DAT,8,17,"[14][02][02]""Hey, I dunno who you[01]think you are,[02]but we don't let jus'[01]anyone on our ship,[01]y'know!""",91,[14][02]
AREAS031.DAT:8:18,AREAS031.DAT,8,18,"[14][02][02]""Besides...[02]We can't let anyone[01]who doesn't have the[02]blessing of the [05][02]God[01]of the Sea[06] come with[01]us--it's bad luck![02]Now be off with ya!""",140,[14][02]
AREAS031.DAT:8:19,AREAS031.DAT,8,19,"[14][02][02]""All of us sailors[01]get the blessing of[02]the [05][02]God of the Sea[06][01]before we go out on[01]our ships![02]We can't have anyone[01]without that blessing[01]on board, see?""",154,[14][02]
AREAS031.DAT:8:20,AREAS031.DAT,8,20,"""Huh? Looking for the[01]God of the Sea?[02]That road there leads[01]to the [05][02]Fane of the[01]Sea God[06].""",92,
AREAS031.DAT:8:21,AREAS031.DAT,8,21,"[14][02][02]""Whaaat!?[02]You say you went to[01]the Fane of the Sea[01]God!?""",60,[14][02]
AREAS031.DAT:8:23,AREAS031.DAT,8,23,"[14][02][02]""This must be an[01]omen...[02]A sign of the God of[01]the Sea's wishes...""",70,[14][02]
AREAS031.DAT:8:24,AREAS031.DAT,8,24,"[14][02][02]""All right then, who[01]am I to argue with[01]the God of the Sea?[02]You can come with us[01]on our ship if you[01]want!""",110,[14][02]
AREAS031.DAT:8:25,AREAS031.DAT,8,25,"[14][02][02]""Whoa![0B] Wait just a[01]minute there...[02]Don't tell me these[01]ladies here are[01]coming too?""",88,[14][02]
AREAS031.DAT:8:26,AREAS031.DAT,8,26,"[0C][06][14][83]D""Why wouldn't they?[01]You got a problem[01]with that?""",55,
AREAS031.DAT:8:27,AREAS031.DAT,8,27,"[14][02][02]""Yeah...I do.[02]We can't let women[01]on board our ship!""",56,[14][02]
AREAS031.DAT:8:28,AREAS031.DAT,8,28,"[14][02][02]""It's an old sailor's[01]rule--no women! It's[01]bad luck!""",57,[14][02]
AREAS031.DAT:8:29,AREAS031.DAT,8,29,"[14][02][02]""So, I'm sorry, but[01]you'll just have to[01]wait here!""",55,[14][02]
AREAS031.DAT:8:30,AREAS031.DAT,8,30,"[14][C1]@""Um...But...Isn't[01]there anything we[01]can do?[02][14][84]EI mean, we've been[01]though a lot just to[01]get here.[02]No matter how bad it[01]might be, I'm sure we[01]can handle it!""",159,[14][C1]
AREAS031.DAT:8:31,AREAS031.DAT,8,31,"[14][02][02]""Nope! Not a chance![02]Look, it's nothing[01]personal, but sailing[01]is a man's job![02]A sailor needs to be[01]brave, determined,[01]and strong...""",136,[14][02]
AREAS031.DAT:8:32,AREAS031.DAT,8,32,"[0C][03][14][05][06]""[0D]Exactly![0E][0F][03]""",20,
AREAS031.DAT:8:33,AREAS031.DAT,8,33,"[0C][05][14][05][06]""Whew! Haaaaa![01]We meet again, eh?[02]After you defeated[01]me the second time,[02]I wandered the world[01]until I came here,[02]where I became a[01]sailor!""",144,
AREAS031.DAT:8:34,AREAS031.DAT,8,34,"[0C][05][14][05][06]""A sailor is a man's[01]man! It's not a job[01]for the weak![02]Only a [05][02]real man[06][01]can become a sailor![02]And now I'm gonna[01]show you exactly[02]what a real man can[01]do!""",160,
AREAS031.DAT:8:35,AREAS031.DAT,8,35,"[14][02][02]""You friends of his[01]or something?[02]He came here a little[01]while ago...[02]We gave him a job[01]cleaning the ship.""",110,[14][02]
AREAS031.DAT:8:36,AREAS031.DAT,8,36,"[0C][06][14][C4]@""Hey. You there.""",23,
AREAS031.DAT:8:37,AREAS031.DAT,8,37,"[0C][06][14][C4]@""You were just[01]talking about how a[02]sailor has to be[01]strong.[02]If we take him out,[01]will that be proof[02]enough that we're[01]strong?""",131,
AREAS031.DAT:8:38,AREAS031.DAT,8,38,"[14][02][02]""Huh?[0B] Ummm...[01]Ahhh...""",27,[14][02]
AREAS031.DAT:8:39,AREAS031.DAT,8,39,"[0C][03][14][06][06]""Gack!""",13,
AREAS031.DAT:8:40,AREAS031.DAT,8,40,"[0C][06][14][C4]@""...[0B]...[0B]Well?""",21,
AREAS031.DAT:8:41,AREAS031.DAT,8,41,"[14][02][02]""Well...[0B]That's not[01]exactly what I had[01]in mind...[02]See, I'm talking[01]about more like[01]physical strength...[02]Like what if we run[01]into pirates, and[02]you have to fight[01]while on the masts[01]or something?[02]Think you can do[01]that?""",220,[14][02]
AREAS031.DAT:8:42,AREAS031.DAT,8,42,"[14][C1]@""Um, all right. I'll[01]do it.""",32,[14][C1]
AREAS031.DAT:8:43,AREAS031.DAT,8,43,"[14][02][02]""Um...[0B]...[02]OK, OK, you've made[01]your point. I can see[01]how strong you are.""",77,[14][02]
AREAS031.DAT:8:44,AREAS031.DAT,8,44,"[14][02][02]""But I still don't[01]think you can handle[01]the open sea.[02]I mean, you don't[01]know what it's[01]like...""",99,[14][02]
AREAS031.DAT:8:45,AREAS031.DAT,8,45,"[14][87]E""Then show us! We'll[01]do anything![02]Don't worry--whatever[01]it is, we can handle[01]it!""",85,[14][87]
AREAS031.DAT:8:46,AREAS031.DAT,8,46,"[14][02][02]""Well...If you say[01]so...[02]I know a way I can[01]show you what it's[01]like on a ship...""",85,[14][02]
AREAS031.DAT:8:47,AREAS031.DAT,8,47,"[14][02][02]""But I'm warning you,[01]it ain't pretty![02]Don't say I didn't[01]warn you!""",72,[14][02]
AREAS031.DAT:8:48,AREAS031.DAT,8,48,"[14][02][02]""All right then, come[01]talk to me when you[01]think you're ready.[02]I'd quit now if I[01]was you, though...""",103,[14][02]
AREAS031.DAT:8:49,AREAS031.DAT,8,49,"[14][02][02]""What? You still want[01]to go through with[01]it?""[12]",50,[14][02]
AREAS031.DAT:8:50,AREAS031.DAT,8,50,"[14][02][02]""Like I said, I'd[01]quit now if I was[01]you...""",47,[14][02]
AREAS031.DAT:8:52,AREAS031.DAT,8,52,"""You certainly won't see me[01]trying to get onto a ship[01]like that!""",66,
AREAS031.DAT:8:53,AREAS031.DAT,8,53,"""When I grow up, I wanna be[01]a sailor!""",39,
AREAS031.DAT:8:54,AREAS031.DAT,8,54,"""Why can't women sail on[01]ships?[02]Hmmm...Good question. I[01]guess it's just an old[01]tradition.""",91,
AREAS031.DAT:8:55,AREAS031.DAT,8,55,"""A test to let you on board[01]the ship?[02]Yes, they do that for[01]everyone who wants to[01]sail with them.""",99,
AREAS031.DAT:8:56,AREAS031.DAT,8,56,"""Well, have you convinced[01]them to let you on board[01]their ship?""",64,
AREAS031.DAT:8:57,AREAS031.DAT,8,57,"[14][02][02]""So you still want[01]to go through with[01]this, eh?[02]I figured you would.""",73,[14][02]
AREAS031.DAT:8:58,AREAS031.DAT,8,58,"[14][02][02]""All right then...[02]Come with me.""",37,[14][02]
AREAS031.DAT:8:59,AREAS031.DAT,8,59,"[14][C2]@""I wonder how [04][01][01]and [04][04] are[01]doing...""",41,[14][C2]
AREAS031.DAT:8:60,AREAS031.DAT,8,60,"[14][C2]@""Maybe we should go[01]check on them...""",41,[14][C2]
AREAS031.DAT:8:61,AREAS031.DAT,8,61,"""I heard a lot of strange[01]noises coming from that[02]ship there during the[01]night...[02]What could they have been[01]doing there?""",121,
AREAS031.DAT:8:62,AREAS031.DAT,8,62,"""This sea stretches out in[01]all directions.[02]Then, at the edges, it[01]turns into the Sea of Mud.""",94,
AREAS031.DAT:8:63,AREAS031.DAT,8,63,"""You know those three[01]fellows who were drinking[01]here the other day?[02]Their names are Zig, Kryrik,[01]and Iggy. They're brothers,[01]and they're all sailors.""",151,
AREAS031.DAT:8:64,AREAS031.DAT,8,64,"[14][02][02]""Those girls are[01]tougher than I[01]thought![02]They made it through[01]the whole night.""",83,[14][02]
AREAS031.DAT:8:66,AREAS031.DAT,8,66,"[0C][06][14][C2]@""You're looking a[01]little pale there,[01]Captain.[02]You all right?""",67,
AREAS031.DAT:8:67,AREAS031.DAT,8,67,"[14][88][07]""I...[0B]I'm fine!""",20,[14][88]
AREAS031.DAT:8:68,AREAS031.DAT,8,68,"[0C][06][14][82]B""Well, I must say[01]I'm impressed.[02]You're strong...[01]You're brave...[02]You girls are really[01]something!""",104,
AREAS031.DAT:8:70,AREAS031.DAT,8,70,"[14][02][02]""All right, all[01]right--you win.[02]I thought you'd give[01]up if you had to[02]spend the night in[01]the hold, but...""",110,[14][02]
AREAS031.DAT:8:71,AREAS031.DAT,8,71,"[14][02][02]""All right, all[01]right--you win.[02]I thought you'd give[01]up if you had to[02]spend the night in[01]the hold, but...""",110,[14][02]
AREAS031.DAT:8:72,AREAS031.DAT,8,72,"[14][02][02]""All right, all[01]right--you win.[02]I thought you'd give[01]up if you had to[02]spend the night in[01]the hold, but...""",110,[14][02]
AREAS031.DAT:8:73,AREAS031.DAT,8,73,"[14][02][02]""All right, all[01]right--you win.[02]I thought you'd give[01]up if you had to[02]spend the night in[01]the hold, but...""",110,[14][02]
AREAS031.DAT:8:74,AREAS031.DAT,8,74,"[14][02][02]""All right, all[01]right--you win.[02]I thought you'd give[01]up if you had to[02]spend the night in[01]the hold, but...""",110,[14][02]
AREAS031.DAT:8:75,AREAS031.DAT,8,75,"[14][02][02]""All right, all[01]right--you win.[02]I thought you'd give[01]up if you had to[02]spend the night in[01]the hold, but...""",110,[14][02]
AREAS031.DAT:8:76,AREAS031.DAT,8,76,"[14][02][02]""All right, all[01]right--you win.[02]I thought you'd give[01]up if you had to[02]spend the night in[01]the hold, but...""",110,[14][02]
AREAS031.DAT:8:77,AREAS031.DAT,8,77,"[14][02][02]""All right, all[01]right--you win.[02]I thought you'd give[01]up if you had to[02]spend the night in[01]the hold, but...""",110,[14][02]
AREAS031.DAT:8:78,AREAS031.DAT,8,78,"[14][02][02]""All right, all[01]right--you win.[02]I thought you'd give[01]up if you had to[02]spend the night in[01]the hold, but...""",110,[14][02]
AREAS031.DAT:8:79,AREAS031.DAT,8,79,"[14][02][02]""All right, all[01]right--you win.[02]I thought you'd give[01]up if you had to[02]spend the night in[01]the hold, but...""",110,[14][02]
AREAS031.DAT:8:80,AREAS031.DAT,8,80,"[0C][06][14][C1]@""You mean...?""",20,
AREAS031.DAT:8:81,AREAS031.DAT,8,81,"[14][02][02]""Yeah...If you're[01]that determined,[02]there's no way I can[01]say no--tradition or[01]no tradition!""",95,[14][02]
AREAS031.DAT:8:82,AREAS031.DAT,8,82,"[14][02][02]""Let me know when[01]you're ready to go,[01]and we'll set sail.""",62,[14][02]
AREAS031.DAT:8:83,AREAS031.DAT,8,83,"[14][02][02]""Ready to go?""[12][01][0C][82]Yes[01]No",28,[14][02]
AREAS031.DAT:8:84,AREAS031.DAT,8,84,"[14][02][02]""Well, come back when[01]you're ready, then.""",46,[14][02]
AREAS031.DAT:8:87,AREAS031.DAT,8,87,"[14][02][02]""All right then,[01]let's get going!""",38,[14][02]
AREAS031.DAT:8:88,AREAS031.DAT,8,88,"[14][02][02]""Iggy! Kryrik![01]Hoist sail!""",31,[14][02]
AREAS031.DAT:8:89,AREAS031.DAT,8,89,"[14][02][02]""There, you see?[02]Give it up, girl![01]You're just wasting[01]your time!""",70,[14][02]
AREAS031.DAT:8:90,AREAS031.DAT,8,90,"[14][02][02]""There! That should[01]teach her a lesson.""",44,[14][02]
AREAS031.DAT:8:91,AREAS031.DAT,8,91,"[14][02][02]""What? You want to[01]try again?""[12][02][0C][82]Yes[01]No",44,[14][02]
AREAS031.DAT:8:92,AREAS031.DAT,8,92,"[14][02][02]""That's what I[01]thought...I'd quit[01]if I was you, girl!""",58,[14][02]
AREAS031.DAT:8:93,AREAS031.DAT,8,93,"[14][02][02]""All right, if you[01]insist...Iggy, get[01]ready!""",49,[14][02]
AREAS031.DAT:8:96,AREAS031.DAT,8,96,"[14][02][02]""What? You want to[01]use the ship?""[12][03][0C][82]Yes[01]No",47,[14][02]
AREAS031.DAT:8:99,AREAS031.DAT,8,99,"""It may be old, but it sure[01]is pretty, ain't it?""",50,
AREAS031.DAT:8:101,AREAS031.DAT,8,101,"""I'm sorry, but if you want[01]to buy something, please[01]use the counter.""",71,
AREAS031.DAT:8:102,AREAS031.DAT,8,102,You've got to go check on[01][04][01] and [04][04]!,37,
AREAS031.DAT:8:138,AREAS031.DAT,8,138,Megaphone,10,
AREAS031.DAT:8:139,AREAS031.DAT,8,139,Megaphone,10,
AREAS031.DAT:8:140,AREAS031.DAT,8,140,SpiritBlast,12,
AREAS031.DAT:8:142,AREAS031.DAT,8,142,Disembowel,11,
AREAS032.DAT:8:0,AREAS032.DAT,8,0,"[0C][02][14][80]@""Well! I've been[01]expecting you.""",38,
AREAS032.DAT:8:1,AREAS032.DAT,8,1,"[0C][02][14][80]@""Well! I've been[01]expecting you.""",38,
AREAS032.DAT:8:2,AREAS032.DAT,8,2,"[0C][04][14][81]A""You...! What[01]have you done[01]with Elina!?""",47,
AREAS032.DAT:8:4,AREAS032.DAT,8,4,"[0C][03][14][02][02]""Where is General[01]Rhun?""",30,
AREAS032.DAT:8:5,AREAS032.DAT,8,5,"[0C][02][14][80]@""Ah, Captain [04][04].[02]I'm afraid you just[01]missed him.[02]The General has left[01]for the capital.""",93,
AREAS032.DAT:8:6,AREAS032.DAT,8,6,"[0C][03][14][02][02]""What? Why?""",18,
AREAS032.DAT:8:7,AREAS032.DAT,8,7,"[0C][02][14][80]@""I'm afraid the[01]General and others[01]like him[02]would not be able[01]to appreciate what[01]I'm trying to do...""",107,
AREAS032.DAT:8:8,AREAS032.DAT,8,8,"[0C][04][14][83]A""I don't care about[01]the General or what[01]he thinks!![02]What did you mean[01]when you said Elina[01]isn't here!?""",109,
AREAS032.DAT:8:10,AREAS032.DAT,8,10,"[0C][04][14][C2]@""Wait!""",13,
AREAS032.DAT:8:11,AREAS032.DAT,8,11,"[14][84][03]""[04][02]...[0B]You[01]came...Just as I'd[01]prayed you would...""",54,[14][84]
AREAS032.DAT:8:12,AREAS032.DAT,8,12,"[0C][06][14][C2]@""Elina! You don't[01]know how glad I am[01]to see you!""",55,
AREAS032.DAT:8:13,AREAS032.DAT,8,13,"[0C][06][14][85]D""Come on, Elina--[01]we can all go home[01]together now.""",57,
AREAS032.DAT:8:14,AREAS032.DAT,8,14,"[14][06][05]""Thank you for coming[01]for me, [04][02]...[01][04][01]...[02]But...""",53,[14][06]
AREAS032.DAT:8:15,AREAS032.DAT,8,15,"[14][06][05]""I'm afraid I can't[01]leave here...""",38,[14][06]
AREAS032.DAT:8:16,AREAS032.DAT,8,16,"[0C][06][14][87]D""Why not!?[02]The capital's been[01]attacked--the Empire[01]is distracted![02]We could get away[01]before anyone[01]noticed!""",113,
AREAS032.DAT:8:17,AREAS032.DAT,8,17,"[0C][06][14][C2]@""She's right. Let's[01]go, Elina.[02]We'll protect you--[01]I swear it!""",69,
AREAS032.DAT:8:18,AREAS032.DAT,8,18,"[14][86][05]""The world is[01]changing...I can[01]feel it...[02][14][84][03]And you, [04][02], and[01][04][01] and the[01]rest...[02]You're all caught up[01]on the path that is[01]causing that change.[02]You're part of it.""",166,[14][86]
AREAS032.DAT:8:19,AREAS032.DAT,8,19,"[0C][06][14][83]A""Elina...?""",17,
AREAS032.DAT:8:20,AREAS032.DAT,8,20,"[14][86][05]""You must continue[01]your journey...[02]You are needed in a[01]certain place, at[01]a certain time...[02]You must be there!""",114,[14][86]
AREAS032.DAT:8:21,AREAS032.DAT,8,21,"[0C][06][14][88]D""Elina...""",16,
AREAS032.DAT:8:22,AREAS032.DAT,8,22,"[14][06][05]""[04][01]...[02]Could you leave us[01]alone for a moment?""",50,[14][06]
AREAS032.DAT:8:23,AREAS032.DAT,8,23,"[14][04][03]""Thank you, [04][01].[01]Oh, and [04]",29,[14][04]
AREAS032.DAT:8:25,AREAS032.DAT,8,25,"[14][84][03]""Thank you.""",16,[14][84]
AREAS032.DAT:8:27,AREAS032.DAT,8,27,"[0C][06][14][C1]@""Wait a minute...[02][14][89]DHow did Elina know[01]your name, [04]",58,
AREAS032.DAT:8:29,AREAS032.DAT,8,29,"[0C][06][14][83]A""Elina...?""",17,
AREAS032.DAT:8:30,AREAS032.DAT,8,30,"[14][86][05]""[04][02]...[02]I've already told you[01]how you're part of[02]the great change[01]that's coming...[02]How you're caught up[01]in a powerful stream[01]carrying you along.""",148,[14][86]
AREAS032.DAT:8:31,AREAS032.DAT,8,31,"[14][86][05]""One of the streams[01]that is moving the[01]world is [04]",53,[14][86]
AREAS032.DAT:8:32,AREAS032.DAT,8,32,"[14][86][05]""When these two[01]streams meet,[02]then you shall learn[01]the true meaning of[01]your journey.""",89,[14][86]
AREAS032.DAT:8:33,AREAS032.DAT,8,33,"[0C][06][14][83]A""What do you mean,[01]Elina?[02]How can you know[01]these things?[02]And why can't you[01]leave here?""",93,
AREAS032.DAT:8:34,AREAS032.DAT,8,34,"[14][86][05]""[04][02]...It's[01]because...[02]Because I'm...""",41,[14][86]
AREAS032.DAT:8:37,AREAS032.DAT,8,37,"[0C][06][14][83]A""Transformed...?[02]What are you[01]talking about!?""",52,
AREAS032.DAT:8:39,AREAS032.DAT,8,39,"[0C][06][14][81]A""A sacrifice!?""",21,
AREAS032.DAT:8:44,AREAS032.DAT,8,44,"[0C][06][14][8C]A""No...""[13]0[0C][02][14][C1]@""...[0B]...[0B]...[02]And so, Elina became[01]engaged to marry the[01]Prince of Ludia.[02][14][8D]DOf course, if [04][02][01]had stopped them,[01]by now...""",140,
AREAS032.DAT:8:45,AREAS032.DAT,8,45,"[0C][02][14][C1]@""...[0B]...[0B]...[02]And so, Elina became[01]engaged to marry the[01]Prince of Ludia.[02][14][8D]DOf course, if [04][02][01]had stopped them,[01]by now...""",126,
AREAS032.DAT:8:46,AREAS032.DAT,8,46,"[0C][02][14][C1]@""[04][02]'s been in[01]there a long time...[02]What could they be[01]talking about that's[01]taking so long?""",97,
AREAS032.DAT:8:47,AREAS032.DAT,8,47,"[14][8C]A""NOOOOOO!""[13]@[0C][05][14]",19,[14][8C]
AREAS032.DAT:8:52,AREAS032.DAT,8,52,"[0C][06][14][81]A""You...You...Maniac![01]Monster![02]I'll kill you with[01]my bare hands!!""",71,
AREAS032.DAT:8:53,AREAS032.DAT,8,53,"[0C][06][14][80]@""You would kill...[01]me!?[02]Me...I can create[01]gods! You can't[01]kill me!""",73,
AREAS032.DAT:8:54,AREAS032.DAT,8,54,"[0C][06][14][80]@""I have a destiny![02]I shall use my[01]knowledge to change[01]the world!""",71,
AREAS032.DAT:8:55,AREAS032.DAT,8,55,"[14][86]E""[04][02]...""",11,[14][86]
AREAS032.DAT:8:56,AREAS032.DAT,8,56,"[14][86]E""[04][02]...[02]It's...[0B]It's too[01]late for me.""",41,[14][86]
AREAS032.DAT:8:57,AREAS032.DAT,8,57,"[0C][05][14][C2]@""Elina...I...[02]I'm sorry...If I'd[01]only gotten here[01]sooner...I...""",70,
AREAS032.DAT:8:58,AREAS032.DAT,8,58,"[14][86]E""[04][02]...[02]I had [04]",18,[14][86]
AREAS032.DAT:8:59,AREAS032.DAT,8,59,"[14][86]E""I don't want to live[01]forever like this,[01][04][02].[02]Please, [04][02]...[01]Don't let me suffer[01]any more.""",93,[14][86]
AREAS032.DAT:8:60,AREAS032.DAT,8,60,"[0C][05][14][03][01]""I...[0B][0B]I can't do[01]it![02]Elina...[0B]I...[0B]I[01]love you, Elina!""",61,
AREAS032.DAT:8:61,AREAS032.DAT,8,61,"[14][84]C""I know.[02]That's why I'm asking[01]you, [04][02].[02]You're the only[01]one I can ask to[01]do this.""",86,[14][84]
AREAS032.DAT:8:62,AREAS032.DAT,8,62,"[14][84]C""I'm happy knowing[01]that your face is the[01]last I'll see.""",60,[14][84]
AREAS032.DAT:8:63,AREAS032.DAT,8,63,When he came back...,21,
AREAS032.DAT:8:64,AREAS032.DAT,8,64,He said nothing to[01]us...,25,
AREAS032.DAT:8:65,AREAS032.DAT,8,65,Still...,9,
AREAS032.DAT:8:66,AREAS032.DAT,8,66,I knew then,12,
AREAS032.DAT:8:67,AREAS032.DAT,8,67,that I would never see my[01]sister again.,40,
AREAS032.DAT:8:68,AREAS032.DAT,8,68,And so we began,16,
AREAS032.DAT:8:69,AREAS032.DAT,8,69,"the last leg of our[01]journey,",29,
AREAS032.DAT:8:70,AREAS032.DAT,8,70,"as always, ever under the[01]shadow of The Endless.",49,
AREAS032.DAT:8:71,AREAS032.DAT,8,71,"[14][0E][08]""It was our pride[01]that doomed us...""",40,[14][0E]
AREAS032.DAT:8:72,AREAS032.DAT,8,72,"[14][0E][08]""To make a god...[02]And attempt to[01]destroy the ancient[01]gods...""",65,[14][0E]
AREAS032.DAT:8:73,AREAS032.DAT,8,73,"""What were we thinking?""",25,
AREAS032.DAT:8:74,AREAS032.DAT,8,74,It's probably best if you[01]don't go back there...,49,
AREAD033.DAT:12:0,AREAD033.DAT,12,0,"[0C][03][14][C1]@""It's beautiful...[0B]""",26,
AREAD033.DAT:12:1,AREAD033.DAT,12,1,"[0C][03][14][C1]@""It's beautiful...[0B]""",26,
AREAD033.DAT:12:2,AREAD033.DAT,12,2,"[0C][02][14][C2]@""There's a village[01]called [05][02]Kyria[06] to the[01]east of here.""",62,
AREAD033.DAT:12:4,AREAD033.DAT,12,4,"[0C][04][14][C1]@""Isn't that...?[0B]""",23,
AREAD033.DAT:12:5,AREAD033.DAT,12,5,"[0C][04][14][C2]@""It's that dragon[01]that destroyed the[01]dam...[0B]""",51,
AREAD033.DAT:12:6,AREAD033.DAT,12,6,"[0C][04][14][80]@""Never seen a dragon[01]come this close to[01]the shore before.""",64,
AREAD033.DAT:12:7,AREAD033.DAT,12,7,"[0C]C[14][80]@""Looks like[01]your paths[01]have become[02]intertwined[01]with the[01]dragon's...""",74,
AREAD033.DAT:12:8,AREAD033.DAT,12,8,"[0C]C[14][01][01]""Do you know a[01]lot about the[01]dragons, ma'am?""",51,
AREAD033.DAT:12:9,AREAD033.DAT,12,9,"[0C]C[14][02][02]""Is this the[01]same dragon[02]that destroyed[01]the dam?""",55,
AREAD033.DAT:12:10,AREAD033.DAT,12,10,"[0C]C[14][80]@""Dragons don't[01]attack people,[01]dear...[02]This one just[01]wants to tell[01]you something.""",87,
AREAD033.DAT:12:12,AREAD033.DAT,12,12,"[0C][04][14][80]@""Dragons are beyond[01]the understanding of[01]mortals like us...[02]What we know of them[01]comes to us in songs[01]from ancient times.""",128,
AREAD033.DAT:12:13,AREAD033.DAT,12,13,"[0C]C[14][80]@""Do you want to[01]hear one of my[01]songs?[02]It won't cost[01]you much...""[12]",71,
AREAD033.DAT:12:14,AREAD033.DAT,12,14,"[0C][04][14][80]@""Heh heh...Thank you[01]kindly.[02]All right, here's a[01]song for you.""",69,
AREAD033.DAT:12:15,AREAD033.DAT,12,15,"[0C][04][14][80]@""10 zenny again?[01]Not exactly big[01]spenders, are you?""",58,
AREAD033.DAT:12:16,AREAD033.DAT,12,16,"[0C][04][14][80]@""Boy, you sure keep[01]a tight grip on your[01]money, don't you?[02]Still, I'm out of[01]other songs, so I[01]guess I have to sing[02]you the real 'Song[01]of the Dragon'.""",157,
AREAD033.DAT:12:17,AREAD033.DAT,12,17,"[0C]C[14][80]@""Heh heh...[02]Guess that[01]wasn't the[02]'Song of the[01]Dragon',[01]was it?[02]Want to hear[01]another song?[02]It won't cost[01]you much...""[12]",124,
AREAD033.DAT:12:18,AREAD033.DAT,12,18,"[0C][81][05][08]The ne'erending sea of[01]brown,[01]to the edge of the world[01]does it run[01]Vast and deep, astride[01]the world like a crown,[01]So large as to even swallow[01]the setting sun.[06]",164,
AREAD033.DAT:12:19,AREAD033.DAT,12,19,"[0C][81][05][08]The sun rises and sets,[01]and so do the days pass us[01]by,[01]What is a lifetime,[01]but the blink of a[01]eye?[06]",104,
AREAD033.DAT:12:20,AREAD033.DAT,12,20,"[0C][81][05][08]To all things come an end,[01]All falls with time into[01]dust[01]Be it beast, flower, or[01]man,[01]All to time's embrace[01]surrender we must[06]",131,
AREAD033.DAT:12:21,AREAD033.DAT,12,21,"[0C][81][05][08]From the world's dawning[01]to its end,[01]The Endless open the[01]way[01]You who hear their call,[01]Abandon yourself to fate,[01]and surrender yourself[01]to all[06]",148,
AREAD033.DAT:12:22,AREAD033.DAT,12,22,"[0C]C[14][02][02]""I don't get[01]it![02]What was that[01]supposed to[01]mean!?""",56,
AREAD033.DAT:12:23,AREAD033.DAT,12,23,"[0C]C[14][80]@""It means that[01]when the[01]dragons move,[02]the world[01]follows.[02]Everything the[01]dragons do[02]changes the[01]world in some[01]way...[02]And you all[01]have been[02]caught up in[01]that change...""",172,
AREAD033.DAT:12:25,AREAD033.DAT,12,25,"[0C][03][14][03][01]""Thank you for[01]singing to us,[01]ma'am.""",43,
AREAD033.DAT:12:27,AREAD033.DAT,12,27,The dragons leave us...,24,
AREAD033.DAT:12:28,AREAD033.DAT,12,28,The end of an age is upon[01]us...,32,
AREAD033.DAT:12:29,AREAD033.DAT,12,29,"A baby frog is not[01]a frog, not a frog[01]It's a tadpole[01]Tadpole, tadpole[01]Baby frog is called a[01]ta-d-pole!",103,
AREAD033.DAT:12:30,AREAD033.DAT,12,30,"A baby frog is not[01]a frog, not a frog[01]It's a tadpole[01]Tadpole, tadpole[01]Baby frog is called a[01]ta-d-pole!",103,
AREAD033.DAT:12:31,AREAD033.DAT,12,31,"A baby frog is not[01]a frog, not a frog[01]It's a tadpole[01]Tadpole, tadpole[01]Baby frog is called a[01]ta-d-pole!",103,
AREAD033.DAT:12:32,AREAD033.DAT,12,32,"A baby frog is not[01]a frog, not a frog[01]It's a tadpole[01]Tadpole, tadpole[01]Baby frog is called a[01]ta-d-pole!",103,
AREAD033.DAT:12:33,AREAD033.DAT,12,33,A swarm of bees in May[01]Is worth a load of hay;[01]A swarm of bees in June[01]Is worth a silver spoon;[01]A swarm of bees in July[01]Is not worth a fly.,140,
AREAD033.DAT:12:34,AREAD033.DAT,12,34,Sniff sniff[01]Sniff sniff[01]Smell the flowers[01]But don't pluck them![01]Leave them for someone[01]Else to smell.,102,
AREAD033.DAT:12:35,AREAD033.DAT,12,35,"From the world's dawning[01]to its end,[01]The Endless open the[01]way[01]You who hear their call,[01]Abandon yourself to fate,[01]and surrender yourself[01]to all",143,
AREAD033.DAT:12:36,AREAD033.DAT,12,36,"[14][04][03]""I...am Ni Ryong.[02]From the bottom of[01]the Sea of Mud,[02]I watcheth o'er this[01]world.[02]I hear the earth[01]speaking in her[01]dreams,[02]and I doth guide the[01]boundaries of the[01]land.[02]Tell me, young Yorae[01]Dragon...Dost thou[01]needeth my strength?""[12][01][0C][92]Please help me![01]Not right now",265,[14][04]
AREAD033.DAT:12:37,AREAD033.DAT,12,37,"[14][04][03]""Very well...[02]Let us then stand[01]witness to the fate[02]of the world[01]together...""",81,[14][04]
AREAD033.DAT:12:38,AREAD033.DAT,12,38,"[14][04][03]""So be it...[02]I shall continue my[01]vigil...Alone...""",54,[14][04]
AREAD033.DAT:12:39,AREAD033.DAT,12,39,You are now able to draw[01]upon the Mud Dragon's[01]power![02]You learned:[01][05][02][09]D[04][06]!,75,
AREAD033.DAT:12:40,AREAD033.DAT,12,40,"[14][04][03]""Another awaits your[01]coming...[02]In the land called[01]Shikk, surrounded by[01]trees.[02]If thou seekest the[01]dragon, seek ye[01]there.""",125,[14][04]
AREAD033.DAT:12:41,AREAD033.DAT,12,41,Only the [05][02]Yorae Dragon[06][01]can understand what it[01]says...,56,
AREAS033.DAT:9:0,AREAS033.DAT,9,0,"[0C][02][14][80]@""Well! I've been[01]expecting you.""",38,
AREAS033.DAT:9:1,AREAS033.DAT,9,1,"[0C][02][14][80]@""Well! I've been[01]expecting you.""",38,
AREAS033.DAT:9:2,AREAS033.DAT,9,2,"[0C][04][14][81]A""You...! What[01]have you done[01]with Elina!?""",47,
AREAS033.DAT:9:4,AREAS033.DAT,9,4,"[0C][03][14][02][02]""Where is General[01]Rhun?""",30,
AREAS033.DAT:9:5,AREAS033.DAT,9,5,"[0C][02][14][80]@""Ah, Captain [04][04].[02]I'm afraid you just[01]missed him.[02]The General has left[01]for the capital.""",93,
AREAS033.DAT:9:6,AREAS033.DAT,9,6,"[0C][03][14][02][02]""What? Why?""",18,
AREAS033.DAT:9:7,AREAS033.DAT,9,7,"[0C][02][14][80]@""I'm afraid the[01]General and others[01]like him[02]would not be able[01]to appreciate what[01]I'm trying to do...""",107,
AREAS033.DAT:9:8,AREAS033.DAT,9,8,"[0C][04][14][83]A""I don't care about[01]the General or what[01]he thinks!![02]What did you mean[01]when you said Elina[01]isn't here!?""",109,
AREAS033.DAT:9:10,AREAS033.DAT,9,10,"[0C][04][14][C2]@""Wait!""",13,
AREAS033.DAT:9:11,AREAS033.DAT,9,11,"[14][84][03]""[04][02]...[0B]You[01]came...Just as I'd[01]prayed you would...""",54,[14][84]
AREAS033.DAT:9:12,AREAS033.DAT,9,12,"[0C][06][14][C2]@""Elina! You don't[01]know how glad I am[01]to see you!""",55,
AREAS033.DAT:9:13,AREAS033.DAT,9,13,"[0C][06][14][85]D""Come on, Elina--[01]we can all go home[01]together now.""",57,
AREAS033.DAT:9:14,AREAS033.DAT,9,14,"[14][06][05]""Thank you for coming[01]for me, [04][02]...[01][04][01]...[02]But...""",53,[14][06]
AREAS033.DAT:9:15,AREAS033.DAT,9,15,"[14][06][05]""I'm afraid I can't[01]leave here...""",38,[14][06]
AREAS033.DAT:9:16,AREAS033.DAT,9,16,"[0C][06][14][87]D""Why not!?[02]The capital's been[01]attacked--the Empire[01]is distracted![02]We could get away[01]before anyone[01]noticed!""",113,
AREAS033.DAT:9:17,AREAS033.DAT,9,17,"[0C][06][14][C2]@""She's right. Let's[01]go, Elina.[02]We'll protect you--[01]I swear it!""",69,
AREAS033.DAT:9:18,AREAS033.DAT,9,18,"[14][86][05]""The world is[01]changing...I can[01]feel it...[02][14][84][03]And you, [04][02], and[01][04][01] and the[01]rest...[02]You're all caught up[01]on the path that is[01]causing that change.[02]You're part of it.""",166,[14][86]
AREAS033.DAT:9:19,AREAS033.DAT,9,19,"[0C][06][14][83]A""Elina...?""",17,
AREAS033.DAT:9:20,AREAS033.DAT,9,20,"[14][86][05]""You must continue[01]your journey...[02]You are needed in a[01]certain place, at[01]a certain time...[02]You must be there!""",114,[14][86]
AREAS033.DAT:9:21,AREAS033.DAT,9,21,"[0C][06][14][88]D""Elina...""",16,
AREAS033.DAT:9:22,AREAS033.DAT,9,22,"[14][06][05]""[04][01]...[02]Could you leave us[01]alone for a moment?""",50,[14][06]
AREAS033.DAT:9:23,AREAS033.DAT,9,23,"[14][04][03]""Thank you, [04][01].[01]Oh, and [04]",29,[14][04]
AREAS033.DAT:9:25,AREAS033.DAT,9,25,"[14][84][03]""Thank you.""",16,[14][84]
AREAS033.DAT:9:27,AREAS033.DAT,9,27,"[0C][06][14][C1]@""Wait a minute...[02][14][89]DHow did Elina know[01]your name, [04]",58,
AREAS033.DAT:9:29,AREAS033.DAT,9,29,"[0C][06][14][83]A""Elina...?""",17,
AREAS033.DAT:9:30,AREAS033.DAT,9,30,"[14][86][05]""[04][02]...[02]I've already told you[01]how you're part of[02]the great change[01]that's coming...[02]How you're caught up[01]in a powerful stream[01]carrying you along.""",148,[14][86]
AREAS033.DAT:9:31,AREAS033.DAT,9,31,"[14][86][05]""One of the streams[01]that is moving the[01]world is [04]",53,[14][86]
AREAS033.DAT:9:32,AREAS033.DAT,9,32,"[14][86][05]""When these two[01]streams meet,[02]then you shall learn[01]the true meaning of[01]your journey.""",89,[14][86]
AREAS033.DAT:9:33,AREAS033.DAT,9,33,"[0C][06][14][83]A""What do you mean,[01]Elina?[02]How can you know[01]these things?[02]And why can't you[01]leave here?""",93,
AREAS033.DAT:9:34,AREAS033.DAT,9,34,"[14][86][05]""[04][02]...It's[01]because...[02]Because I'm...""",41,[14][86]
AREAS033.DAT:9:37,AREAS033.DAT,9,37,"[0C][06][14][83]A""Transformed...?[02]What are you[01]talking about!?""",52,
AREAS033.DAT:9:39,AREAS033.DAT,9,39,"[0C][06][14][81]A""A sacrifice!?""",21,
AREAS033.DAT:9:44,AREAS033.DAT,9,44,"[0C][06][14][8C]A""No...""[13]0[0C][02][14][C1]@""...[0B]...[0B]...[02]And so, Elina became[01]engaged to marry the[01]Prince of Ludia.[02][14][8D]DOf course, if [04][02][01]had stopped them,[01]by now...""",140,
AREAS033.DAT:9:45,AREAS033.DAT,9,45,"[0C][02][14][C1]@""...[0B]...[0B]...[02]And so, Elina became[01]engaged to marry the[01]Prince of Ludia.[02][14][8D]DOf course, if [04][02][01]had stopped them,[01]by now...""",126,
AREAS033.DAT:9:46,AREAS033.DAT,9,46,"[0C][02][14][C1]@""[04][02]'s been in[01]there a long time...[02]What could they be[01]talking about that's[01]taking so long?""",97,
AREAS033.DAT:9:47,AREAS033.DAT,9,47,"[14][8C]A""NOOOOOO!""[13]@[0C][05][14]",19,[14][8C]
AREAS033.DAT:9:52,AREAS033.DAT,9,52,"[0C][06][14][81]A""You...You...Maniac![01]Monster![02]I'll kill you with[01]my bare hands!!""",71,
AREAS033.DAT:9:53,AREAS033.DAT,9,53,"[0C][06][14][80]@""You would kill...[01]me!?[02]Me...I can create[01]gods! You can't[01]kill me!""",73,
AREAS033.DAT:9:54,AREAS033.DAT,9,54,"[0C][06][14][80]@""I have a destiny![02]I shall use my[01]knowledge to change[01]the world!""",71,
AREAS033.DAT:9:55,AREAS033.DAT,9,55,"[14][86]E""[04][02]...""",11,[14][86]
AREAS033.DAT:9:56,AREAS033.DAT,9,56,"[14][86]E""[04][02]...[02]It's...[0B]It's too[01]late for me.""",41,[14][86]
AREAS033.DAT:9:57,AREAS033.DAT,9,57,"[0C][05][14][C2]@""Elina...I...[02]I'm sorry...If I'd[01]only gotten here[01]sooner...I...""",70,
AREAS033.DAT:9:58,AREAS033.DAT,9,58,"[14][86]E""[04][02]...[02]I had [04]",18,[14][86]
AREAS033.DAT:9:59,AREAS033.DAT,9,59,"[14][86]E""I don't want to live[01]forever like this,[01][04][02].[02]Please, [04][02]...[01]Don't let me suffer[01]any more.""",93,[14][86]
AREAS033.DAT:9:60,AREAS033.DAT,9,60,"[0C][05][14][03][01]""I...[0B][0B]I can't do[01]it![02]Elina...[0B]I...[0B]I[01]love you, Elina!""",61,
AREAS033.DAT:9:61,AREAS033.DAT,9,61,"[14][84]C""I know.[02]That's why I'm asking[01]you, [04][02].[02]You're the only[01]one I can ask to[01]do this.""",86,[14][84]
AREAS033.DAT:9:62,AREAS033.DAT,9,62,"[14][84]C""I'm happy knowing[01]that your face is the[01]last I'll see.""",60,[14][84]
AREAS033.DAT:9:63,AREAS033.DAT,9,63,When he came back...,21,
AREAS033.DAT:9:64,AREAS033.DAT,9,64,He said nothing to[01]us...,25,
AREAS033.DAT:9:65,AREAS033.DAT,9,65,Still...,9,
AREAS033.DAT:9:66,AREAS033.DAT,9,66,I knew then,12,
AREAS033.DAT:9:67,AREAS033.DAT,9,67,that I would never see my[01]sister again.,40,
AREAS033.DAT:9:68,AREAS033.DAT,9,68,And so we began,16,
AREAS033.DAT:9:69,AREAS033.DAT,9,69,"the last leg of our[01]journey,",29,
AREAS033.DAT:9:70,AREAS033.DAT,9,70,"as always, ever under the[01]shadow of The Endless.",49,
AREAS033.DAT:9:71,AREAS033.DAT,9,71,"[14][0E][08]""It was our pride[01]that doomed us...""",40,[14][0E]
AREAS033.DAT:9:72,AREAS033.DAT,9,72,"[14][0E][08]""To make a god...[02]And attempt to[01]destroy the ancient[01]gods...""",65,[14][0E]
AREAS033.DAT:9:73,AREAS033.DAT,9,73,"""What were we thinking?""",25,
AREAS033.DAT:9:74,AREAS033.DAT,9,74,It's probably best if you[01]don't go back there...,49,
AREAS034.DAT:8:4,AREAS034.DAT,8,4,"[0C][02]""Master Ilgor...[02]Are you sure it's[01]safe to let him go[01]just like that?""",73,
AREAS034.DAT:8:7,AREAS034.DAT,8,7,"""Not much to do right[01]now...[02]All the sandfliers are out[01]on missions.[01]Yawn...""",78,
AREAS034.DAT:8:8,AREAS034.DAT,8,8,"""You're looking for a[01]sandflier?[02]Well, sure, we've got them,[01]but they're not cheap!""",85,
AREAS034.DAT:8:9,AREAS034.DAT,8,9,"""If you don't have enough[01]money to buy one,[02]you should ask one of the[01]traveling merchants to let[01]you ride on one of theirs.[02]If you wait, one should be[01]along soon enough.""",171,
AREAS034.DAT:8:10,AREAS034.DAT,8,10,"""What!? You want to buy a[01]sandflier?""",38,
AREAS034.DAT:8:11,AREAS034.DAT,8,11,"""Huh!?[01]This [09]+[05]...[02]One...[0B]...four...[0B]Six...[01][0B][0B]Wow! That's a lot of[01]zeros!""",75,
AREAS034.DAT:8:12,AREAS034.DAT,8,12,"""OK, this is more than[01]enough![02]You wait outside--I'll go[01]get you a sandflier.""",79,
AREAS034.DAT:8:13,AREAS034.DAT,8,13,"""Mmm...Hate to tell you[01]this, but that won't get[02]you even the smallest[01]'flier we have...Sorry.""",96,
AREAS034.DAT:8:14,AREAS034.DAT,8,14,"""If you're going to ask[01]someone for a ride, you'd[01]better do it fast.[02]Once a 'flier leaves, it's[01]usually a long time before[01]the next one comes.""",144,
AREAS034.DAT:8:15,AREAS034.DAT,8,15,"""Come to ask how to[01]operate the sandflier?""[12]",45,
AREAS034.DAT:8:16,AREAS034.DAT,8,16,"[0C]!Use the [05][02]Right/Left buttons[06][01]to change the heading of[01]the sandflier.[02]Press the ~ button to[01]accelerate.[02]Your speed will increase[01]for as long as you press[01]the button,[02]and gradually decrease[01]if the button is released.[02]The [7F] button is for[01]the brakes.[02]If you use the brakes,[01]your speed will decrease[01]immediately.[02]You can jump by driving[01]on the sand dunes scattered[01]around the course.[02]Do you want to read the[01]instructions again?[12][01][0C][82]Yes[01]No",436,
AREAS034.DAT:8:17,AREAS034.DAT,8,17,"""All right, have a safe[01]journey!""",34,
AREAS035.DAT:8:3,AREAS035.DAT,8,3,"[0C][04][14][80]@""Oh my!""",14,
AREAS035.DAT:8:4,AREAS035.DAT,8,4,"[0C][04][14][80]@""Sorry 'bout that...[01]Got a little smokey[01]there, didn't it?[02][14][81]A""Me oven ain't what[01]it used to be, I'm[01]afraid!""",115,
AREAS035.DAT:8:5,AREAS035.DAT,8,5,"""One o' the wall's on[01]Mami's house there's got[01]a mighty big crack in't.[02]Better tell 'er so's she[01]can get it fixed come[01]winter...""",130,
AREAS035.DAT:8:6,AREAS035.DAT,8,6,"""Everyone here works hard[01]for a livin'! Not like them[01]young folk in the cities!""",81,
AREAS035.DAT:8:7,AREAS035.DAT,8,7,"""Hey![02]Don't be a-talkin' to me[01]right now--I be countin'[01]these beans!""",70,
AREAS035.DAT:8:8,AREAS035.DAT,8,8,"""I know you--my mom says[01]you're the fella that's[01]shackin' up with Mami![02]What's 'shackin' up' mean,[01]anyway?""",108,
AREAS035.DAT:8:9,AREAS035.DAT,8,9,"[14][02][02][0A][06]""whine""",13,[14][02]
AREAS035.DAT:8:10,AREAS035.DAT,8,10,"""Nuthin' like fishin' on a[01]sunny afternoon, eh?""",49,
AREAS035.DAT:8:11,AREAS035.DAT,8,11,"""Huh? Now that be an odd[01]question t' ask.[02]This here be [05][02]Sonne Village[06].[01]Capital? Oh, that be far[01]off to the east, friend.""",124,
AREAS035.DAT:8:12,AREAS035.DAT,8,12,"[14][03][03]""Hey! Yer that fella[01]that Mami's been[02]takin' care of,[01]ain'tcha?""",68,[14][03]
AREAS035.DAT:8:13,AREAS035.DAT,8,13,"[0C][04][14][03][03]""Who are ya? Where d'[01]ya come from, eh?[02]We don' take kindly[01]t'strangers 'ere...""[15][0E]",88,
AREAS035.DAT:8:15,AREAS035.DAT,8,15,"[0C][04][14][83][03]""Mami...What'cha be[01]doing with this[01]'ere...""",50,
AREAS035.DAT:8:20,AREAS035.DAT,8,20,"[0C][06][14][80]@""Oh boy...I di' no'[01]mean for the landlord[02]t'fin' out about[01]you....""",73,
AREAS035.DAT:8:22,AREAS035.DAT,8,22,"[0C][06][14][80]@""Well...[0B]It'll[01]prob'ly be fine,[02]long as we keep[01]pretendin' ye be[01]m' cousin...[02][14][81]AYe should be worryin'[01]more about yerself[01]than me![02]Yer wound ain't[01]fully healed yet![02]Ye shouldn't be[01]walkin' around in[01]th' first place!""",222,
AREAS035.DAT:8:23,AREAS035.DAT,8,23,"[0C][06][14][80]@""Callin' you m'[01]cousin was the first[01]thing I thought of...[02]But ye really be...""",85,
AREAS035.DAT:8:24,AREAS035.DAT,8,24,"[0C][06][14][80]@""Ne'er mind...Forget[01]I asked.""",36,
AREAS035.DAT:8:26,AREAS035.DAT,8,26,"[0C][03][14][04][04]""Many were the[01]nations of the[01]world then,[02]and they didst make[01]terrible war upon[01]each other.""",98,
AREAS035.DAT:8:30,AREAS035.DAT,8,30,"[0C][03][14][04][04]""However, even as he[01]dreamed, [04][06][02]realized a terrible[01]truth.""",66,
AREAS035.DAT:8:31,AREAS035.DAT,8,31,"[0C][03][14][04][04]""Even were he[01]complete,[02]he wouldst not be[01]able to fulfill all[02]the people's[01]desires!""",90,
AREAS035.DAT:8:32,AREAS035.DAT,8,32,"[0C][03][14][05][05]""Indeed. And why not?[01]For people are...""[15]!",48,
AREAS035.DAT:8:36,AREAS035.DAT,8,36,Do you want to rest?[12][86][0C][93]Rest[01]Diary[01]Never mind,46,
AREAS035.DAT:8:37,AREAS035.DAT,8,37,Do you want to rest on the[01]bed?[12][8A][0C][82]Yes[01]No,42,
AREAS035.DAT:8:38,AREAS035.DAT,8,38,"""If ye be lookin' for Mami,[01]she be workin' in the other[01]field, down thataway.[02]Ain't nobody works as hard[01]as that girl...""",122,
AREAS035.DAT:8:39,AREAS035.DAT,8,39,"""I know you! You be Mami's[01]man![02]I mean cousin, right!?""",56,
AREAS035.DAT:8:40,AREAS035.DAT,8,40,"""You ever fish, son?""[12][01][0C][82]Yes[01]No",32,
AREAS035.DAT:8:41,AREAS035.DAT,8,41,"""Tha's what I figured...[01]Ye got th' look in yer[01]eyes...""",57,
AREAS035.DAT:8:42,AREAS035.DAT,8,42,"""No, I didn' think so...Ye[01]don' look like th' type...""",55,
AREAS035.DAT:8:43,AREAS035.DAT,8,43,"[14][04][04]""What is this!?[01]I feel a presence...[02]'Tis like unto one[01]of the Endless...""",78,[14][04]
AREAS035.DAT:8:45,AREAS035.DAT,8,45,"""Did ye feel that? It was[01]like a tremor...""",44,
AREAS035.DAT:8:46,AREAS035.DAT,8,46,"""Huh?[02]I bet Mami be in the field[01]down there, like she always[01]is...""",68,
AREAS035.DAT:8:47,AREAS035.DAT,8,47,"""If'n ye be well enough t'[01]walk around, why ain'tcha[01]workin' like ev'ryone else?[02]Ev'ryone 'round 'ere's gotta[01]earn their keep, y'know.""",136,
AREAS035.DAT:8:48,AREAS035.DAT,8,48,"[14][02][02][0A][06]""Sigh.""",13,[14][02]
AREAS035.DAT:8:49,AREAS035.DAT,8,49,"""If'n you got nuthin'[01]else to do, ye should[01]try fishin', son.[02]It's mighty relaxin'!""",85,
AREAS035.DAT:8:50,AREAS035.DAT,8,50,"""Did ye feel that tremor a[01]while ago?[02]It be an omen, I know it![01]Sumthin' bad be going t'[01]happen!""",98,
AREAS035.DAT:8:51,AREAS035.DAT,8,51,"""Wha' was tha' rumblin'[01]a while back?""",39,
AREAS035.DAT:8:52,AREAS035.DAT,8,52,"[14][04][04]""Methinks it not[01]be wise that thee...[02]That we persist in[01]this...relationship.""",82,[14][04]
AREAS035.DAT:8:53,AREAS035.DAT,8,53,"[0C][06][14][80]@""Ryong...""",16,
AREAS035.DAT:8:54,AREAS035.DAT,8,54,"[0C][06][14][80]@""Don' let what th'[01]landlord said bother[01]ye...[02]All the folks in the[01]village're thankful[01]for what ye did...[02][14][81]AAn' so am I...""",130,
AREAS035.DAT:8:55,AREAS035.DAT,8,55,"[0C][04][14][83][03]""He...[0B]He be this[01]way, sirrah.""",37,
AREAS035.DAT:8:56,AREAS035.DAT,8,56,"[14][C6]@""T'would appear I[01]must needs fight mine[01]way out...[02]Nay...[0B]Mayhap I can[01]still escape[02]unnoticed by yon[01]soldiers...""",117,[14][C6]
AREAS035.DAT:8:57,AREAS035.DAT,8,57,"[14][C6]@""What is this?[02][14][85]EWhat matter is this[01]village to me?[02]Why dost I hesistate?[01]My path be clear--[02]Defeat yon troops[01]and make mine way[01]to Chedo...[02]And yet...""",157,[14][C6]
AREAS035.DAT:8:58,AREAS035.DAT,8,58,"[14][06][06]""So this is where[01]you've been hiding[01]him, eh?""",50,[14][06]
AREAS035.DAT:8:59,AREAS035.DAT,8,59,"[0C][02][14][83]C""H-hiding!?[02]We didn' know 'e was[01]wanted!""",47,
AREAS035.DAT:8:60,AREAS035.DAT,8,60,"[0C][02][14][83]C""I...[0B]I told all th'[01]folks in the village[02]t' get anything tha'[01]could be used as a[01]weapon...[02]We'll 'elp you[01]capture 'im, all[01]right? Heh heh...""",148,
AREAS035.DAT:8:61,AREAS035.DAT,8,61,"[0C][04][14][03][03]""Mami!?""[13]0[14][85]E""Thou wouldst do such[01]a thing?""",50,
AREAS035.DAT:8:62,AREAS035.DAT,8,62,"[14][85]E""Thou wouldst do such[01]a thing?""",35,[14][85]
AREAS035.DAT:8:63,AREAS035.DAT,8,63,"[0C][02][14][84][04]""Thou wouldst protect[01]me--hinder their[02]attempts to encage[01]me?[02]Thou art taking a[01]great risk.[02]What whilst thy[01]fellows think of[01]thee?""",137,
AREAS035.DAT:8:65,AREAS035.DAT,8,65,"[0C][02][14][80]@""An' I thought, maybe[01]if'n ye hid out here,[01]with me...[02]Ye might be able[01]t'live a normal[01]life...With me...""",112,
AREAS035.DAT:8:66,AREAS035.DAT,8,66,"[0C][02][14][81]A""I know it's silly--[01]it canno' be...[0B][02]But I wished so hard[01]it would!""",75,
AREAS035.DAT:8:67,AREAS035.DAT,8,67,"[0C][02][14][80]@""Forgive me...I[01]ne'er shoulda made[01]ye stay here...!""",58,
AREAS035.DAT:8:68,AREAS035.DAT,8,68,"[0C][02][14][83]C""Mami! What ye be[01]doin'!? Open the[01]door!!""",48,
AREAS035.DAT:8:72,AREAS035.DAT,8,72,"[14][01][01]""Heh heh...[02]Who'd a thunk that[01]th' cracked wall'd[02]come in handy like[01]this, eh?""",83,[14][01]
AREAS035.DAT:8:73,AREAS035.DAT,8,73,"The crack in the oven wall[01]isn't very large, but you[01]can probably fit through.",79,
AREAS035.DAT:8:74,AREAS035.DAT,8,74,"[14][07][07]""There was only this[01]woman inside!""",39,[14][07]
AREAS035.DAT:8:75,AREAS035.DAT,8,75,"[14][08][08]""You were hiding[01][04][06], weren't[01]you?[02]Did you...live with[01]him?""",63,[14][08]
AREAS035.DAT:8:76,AREAS035.DAT,8,76,"[14][88][08]""Take her back to[01]Astana.[02]We may be able to[01]use her in the[01]Carronade.""",74,[14][88]
AREAS035.DAT:8:77,AREAS035.DAT,8,77,"[14][03][03]""It...It ain't me[01]fault...[0B]...[0B][02]It's yer fault,[01]Mami...Ye shouldn'ta[01]done tha'...""",86,[14][03]
AREAS035.DAT:8:78,AREAS035.DAT,8,78,"""You ever fish, son?""[12][01][0C][82]Yes[01]No",32,
AREAS035.DAT:8:79,AREAS035.DAT,8,79,"""Tha's what I figured...[01]Ye got th' look in yer[01]eyes...""",57,
AREAS035.DAT:8:80,AREAS035.DAT,8,80,"""Hmmm...You neither, eh?[02]Ye look like ye'd like it,[01]though...Humph.""",69,
AREAS035.DAT:8:81,AREAS035.DAT,8,81,"[14][03][03]""Yo...[0B]You again!?[01]What ye be doing...!?[02]...[0B]...No, yer not[01]'im.[02]We don' like[01]strangers 'round[01]here...[02]Ye be just passin'[01]through, right?""",142,[14][03]
AREAS035.DAT:8:82,AREAS035.DAT,8,82,"""Folks say th' capital's[01]been attacked by some kinda[01]monster...[02]What's th' world comin'[01]to?""",93,
AREAS035.DAT:8:83,AREAS035.DAT,8,83,"""Lot o' people been comin'[01]round these parts lately...[02]Jus' a while back, there[01]was a bunch o' soldiers[01]'ere too.""",115,
AREAS035.DAT:8:84,AREAS035.DAT,8,84,"""Wait...[0B]Ain't you...[02]No, I guess you ain't.""",46,
AREAS036.DAT:8:1,AREAS036.DAT,8,1,"[14][01][01]""We don't get many[01]visitors here...[02]Most people don't[01]even know this[01]village exists.[02]Something very[01]important must be[01]happening in the[02]outside world--or[01]about to happen.""",174,[14][01]
AREAS036.DAT:8:2,AREAS036.DAT,8,2,"[14][02][02]""This village is[01]called Chek.[02]That means ""Holy[01]Place"" in the ancient[01]tongue.""",81,[14][02]
AREAS036.DAT:8:3,AREAS036.DAT,8,3,"[14][01][03]""Humans are called[01]""They Who Pass,""[02]because they are[01]mortal, meaning they[01]change with time,[02]grow old and[01]eventually die.""",125,[14][01]
AREAS036.DAT:8:4,AREAS036.DAT,8,4,"[14][02][04]""The gods are[01]referred to as[01]""The Endless.""[02]This is because they[01]do not change with[02]the passing of years,[02]nor do they die.""",127,[14][02]
AREAS036.DAT:8:5,AREAS036.DAT,8,5,"[14][02][02]""Do you know the[01]secret of this[01]village?""[12]",46,[14][02]
AREAS036.DAT:8:6,AREAS036.DAT,8,6,"""Well then, you know[01]why it's called a[01]holy place, then!""",58,
AREAS036.DAT:8:7,AREAS036.DAT,8,7,"""Since the beginning[01]of the world, we have[01]preserved the secrets[02]of the Spell of[01]Evocation, the[02]knowledge of how to[01]summon gods.""",130,
AREAS036.DAT:8:8,AREAS036.DAT,8,8,"[14][01][01]""This is the Abbess'[01]home.""",31,[14][01]
AREAS036.DAT:8:9,AREAS036.DAT,8,9,"[14][02][02]""What? Why are there[01]only children here,[01]you ask?[02]Well, we're not all[01]children, you know!""",94,[14][02]
AREAS036.DAT:8:10,AREAS036.DAT,8,10,"[14][01][01]""They say everyone[01]who lives here has a[01]special power...[02]They say they can[01]summon the gods!""",96,[14][01]
AREAS036.DAT:8:11,AREAS036.DAT,8,11,"[14][03][05][0A][05]""Rowr!""",13,[14][03]
AREAS036.DAT:8:12,AREAS036.DAT,8,12,"[14][02][02]""Can I help you?""[19]",22,[14][02]
AREAS036.DAT:8:13,AREAS036.DAT,8,13,"[14][01][01]""We don't get many[01]travelers here,[02]so I've got nothing[01]fancy. Still, you can[01]stay if you want.""[12][86][0C][93]Rest[01]Diary[01]Never mind",124,[14][01]
AREAS036.DAT:8:27,AREAS036.DAT,8,27,"[0C][05][14][04][06]""Some of what you've[01]said we already[01]know...[02]What we want to know[01]is, what should we do[01]now?""",99,
AREAS036.DAT:8:44,AREAS036.DAT,8,44,"[14][87][09]""B-but, [04][02]![02]You mean you're going[01]to trade [04]",48,[14][87]
AREAS036.DAT:8:45,AREAS036.DAT,8,45,"[0C][03][14][04][06]""I didn't say that![02]All I mean is, we[01]got people talking[01]about gods and[02]changing the world[01]and stuff...[02]It's too big for me[01]to understand! For[01]any of us!""",160,
AREAS036.DAT:8:47,AREAS036.DAT,8,47,"[14][88][09]""Well, I was thinking[01]that since [04]",38,[14][88]
AREAS036.DAT:8:48,AREAS036.DAT,8,48,"[14][07][09]""G-good morning,[01][14][09][09][04]",25,[14][07]
AREAS036.DAT:8:50,AREAS036.DAT,8,50,"[14][01][01]""We have kept the[01]existence of this[01]village a secret as[02]much as possible,[01]fearing that others[01]would come and use[02]our knowledge for[01]the wrong purposes.""",155,[14][01]
AREAS036.DAT:8:51,AREAS036.DAT,8,51,"[14][02][02]""As a result of[01]summoning gods for[01]so long,[02]this village and the[01]land around it is[01]suffused with the[02]power of The[01]Endless.""",127,[14][02]
AREAS036.DAT:8:52,AREAS036.DAT,8,52,"[14][02][02]""As a result, anyone[01]who lives here ages[01]slower than normal.""",65,[14][02]
AREAS036.DAT:8:53,AREAS036.DAT,8,53,"[14][01][01]""Some people say that[01]if we hadn't called[01]the gods here,[02]the world would've[01]been destroyed.""",96,[14][01]
AREAS036.DAT:8:54,AREAS036.DAT,8,54,"[14][01][01]""The Abbess was[01]looking for you.[02]If you want to rest,[01]you should do it[01]after seeing her.""[12][89][0C][92]Diary[01]Never mind",113,[14][01]
AREAS036.DAT:8:55,AREAS036.DAT,8,55,You need to see the Abbess!,28,
AREAS036.DAT:8:60,AREAS036.DAT,8,60,"[0C][04][14][8A]I""You mean...[04][05] is[01]also a...a god?""",40,
AREAS036.DAT:8:69,AREAS036.DAT,8,69,"""Very well, then.[01]Close your eyes.""",36,
AREAS036.DAT:8:70,AREAS036.DAT,8,70,"""Tell me when you are[01]ready, then.""",36,
AREAS036.DAT:8:72,AREAS036.DAT,8,72,"[0C][03][14][0B][0A]""Abbess? I'm ready.""",26,
AREAS036.DAT:8:74,AREAS036.DAT,8,74,"[0C][03][14][0B][0A]""Hello. The Abbess[01]has told me what's[01]happened.[02]I'll help you as[01]best I can.""",83,
AREAS036.DAT:8:76,AREAS036.DAT,8,76,"[0C][03][14][0C][0B]""Humph![02]I was hoping for a[01]better body than[01]this.[02]Oh well, I guess it[01]will have to do.""",93,
AREAS036.DAT:8:78,AREAS036.DAT,8,78,"[0C][03][14][0C][0B]""Hey, wait just a[01]minute![02]I've been cooped up[01]in that armor[01]forever![02]I'd like to relax for[01]a while, OK?[02]How about giving me[01]some food and drink?[02]Is this any way to[01]treat such an[01]important guest?[02]Where are your[01]manners?""",225,
AREAS036.DAT:8:80,AREAS036.DAT,8,80,"[0C][06][14][C2]@""Well, can you blame[01]her?[02]I mean, being stuck[01]in that armor for so[01]long...""",81,
AREAS036.DAT:8:82,AREAS036.DAT,8,82,There's no response...,23,
AREAS036.DAT:8:83,AREAS036.DAT,8,83,"[14][01][01]""I saw Rhem go by[01]earlier wearing her[01]ritual robes.[02]Is there a ceremony[01]or something going[01]on?""",99,[14][01]
AREAS036.DAT:8:84,AREAS036.DAT,8,84,"[14][01][01]""Hmmm...[02]One of the cows we[01]were going to use for[02]the upcoming festival[01]is missing...""",90,[14][01]
AREAS036.DAT:8:85,AREAS036.DAT,8,85,You need to go to the[01]Abbess' room and talk to[01][04][05]...,53,
AREAS036.DAT:8:87,AREAS036.DAT,8,87,"[0C][06][14][8C]K""...[02]Look, you wanted to[01]talk to a god, right?[02]If you ask me, this[01]comes with the[01]territory.[02]Every god needs an[01]offering or two,[01]right?[02]...[0D]burp[0E][0F][09]!""",155,
AREAS036.DAT:8:89,AREAS036.DAT,8,89,"[0C][06][14][8C]K""All right...[02][04]",21,
AREAS036.DAT:8:90,AREAS036.DAT,8,90,"[0C][06][14][8C]K""Now, who here knows[01]what that means?[02]How about you, little[01]birdie?[0B] Do you[01]know?""",88,
AREAS036.DAT:8:91,AREAS036.DAT,8,91,"[0C][05][14][09][09]""Um...[0B]Well...[01][14]A",23,
AREAS036.DAT:8:92,AREAS036.DAT,8,92,"[0C][06][14][8C]K""Well I'll be...![0B][01]You do know! Not bad,[01]my little chickadee.""",68,
AREAS036.DAT:8:93,AREAS036.DAT,8,93,"[0C][06][14][8C]K""We are called...[02]Summoned from other[01]worlds...And brought[01]here.[02]But do you know why[01]we are called? [0B]Well,[01]do you, kitty?""",128,
AREAS036.DAT:8:94,AREAS036.DAT,8,94,"[0C][06][14][8C]K""All right, then,[01]imagine the world as[01]a giant ship.[02]What happens to the[01]ship if there's no[01]wind?""",104,
AREAS036.DAT:8:95,AREAS036.DAT,8,95,"[0C][05][14][04][06]""Um...The ship can't[01]move?""",33,
AREAS036.DAT:8:96,AREAS036.DAT,8,96,"[0C][06][14][8C]K""Very good.[0B] Maybe[01]there's hope for you[01]yet.[02]Anyway, we're like[01]that wind--we move[01]the world.[0B] ...[02]Now, imagine what[01]you could do if[02]you could control[01]that wind as you[01]pleased. Hmm?""",188,
AREAS036.DAT:8:99,AREAS036.DAT,8,99,"[0C][02][14][8C][0B]""...[02]We were summoned by[01]the Fou Empire.""",47,
AREAS036.DAT:8:100,AREAS036.DAT,8,100,"[0C][04][14][80]@""The Empire knows the[01]Spell of Evocation?""",48,
AREAS036.DAT:8:101,AREAS036.DAT,8,101,"[0C][02][14][0C][0B]""Not exactly...[02]The Empire has come[01]up with its own[01]method of summoning.[02]That's how [04]",91,
AREAS036.DAT:8:102,AREAS036.DAT,8,102,"[0C][02][14][0C][0B]""I wasn't able to[01]manifest completely[02]and got stuck in that[01]armor.""",73,
AREAS036.DAT:8:103,AREAS036.DAT,8,103,"[0C][02][14][8C][0B]""As for [04]",15,
AREAS036.DAT:8:104,AREAS036.DAT,8,104,"[0C][05][14][07][09]""Split into two?[01]What does that mean?""",44,
AREAS036.DAT:8:105,AREAS036.DAT,8,105,"[14][04][06]""You mean there's[01]another [04]",31,[14][04]
AREAS036.DAT:8:106,AREAS036.DAT,8,106,"[0C][06][14][8C]K""Yes...[0B][02]But [04]",20,
AREAS036.DAT:8:108,AREAS036.DAT,8,108,"[0C][06][14][8C]K""Yes. [04]",13,
AREAS036.DAT:8:109,AREAS036.DAT,8,109,"[14][8A]I""But even if [04]",18,[14][8A]
AREAS036.DAT:8:110,AREAS036.DAT,8,110,"[14][8A]I""He's dead, right? I[01]mean, it's been[01]centuries...""",54,[14][8A]
AREAS036.DAT:8:111,AREAS036.DAT,8,111,"[0C][06][14][80]@""Not necessarily...[02]If he also is one of[01]The Endless,[02]he would not die[01]easily,[02]and certainly not[01]simply by the[01]passing of years.""",135,
AREAS036.DAT:8:112,AREAS036.DAT,8,112,"[0C][05][14][04][06]""So...Where can we[01]find him?""",35,
AREAS036.DAT:8:117,AREAS036.DAT,8,117,"[14][09][09]""I don't know how[01]to explain it very[01]well, but...[02]The reason I'm here[01]with [04]",80,[14][09]
AREAS036.DAT:8:120,AREAS036.DAT,8,120,"[14][01][01]""I heard Rhem's[01]channeling the spirit[01]of a god.[02]Is it true?""",64,[14][01]
AREAS036.DAT:8:121,AREAS036.DAT,8,121,"[14][02][02]""They say that long[01]exposure to a god's[01]aura can have an[02]affect not just on[01]living beings,[02]but on inanimate[01]objects and the[01]environment as well.""",149,[14][02]
AREAS036.DAT:8:122,AREAS036.DAT,8,122,"[14][01][03]""Gods normally don't[01]die like the rest of[01]us...[02]However, their[01]strength and the[01]effect they have on[02]the world slowly[01]fades the longer[01]they're alive.""",153,[14][01]
AREAS036.DAT:8:123,AREAS036.DAT,8,123,"[14][02][04]""The oldest of the[01]gods, who have little[01]or no strength left,[02]become what we call[01]dragons...[02]They continue to[01]watch over and guard[02]the world in that[01]form.""",159,[14][02]
AREAS036.DAT:8:124,AREAS036.DAT,8,124,"[14][02][02]""Do you know why we[01]summon The[01]Endless here?""[12][02][0C][82]Yes[01]No",59,[14][02]
AREAS036.DAT:8:125,AREAS036.DAT,8,125,"""Some people say that[01]if they don't become[01]gods for us,[02]the world will never[01]change--it'll just[01]stop!""",103,
AREAS036.DAT:8:126,AREAS036.DAT,8,126,"""It is said that if[01]we do not summon them[01]the world will end.[02]Of course, no one[01]knows if that's true[01]or not.""",110,
AREAS036.DAT:8:127,AREAS036.DAT,8,127,"[14][01][01]""Is it true that[01]Rhem...[02]I mean, the Endless[01]One ate an entire[01]cow?""",72,[14][01]
AREAS036.DAT:8:128,AREAS036.DAT,8,128,"[14][01][01]""Hello, travelers.[01]Seeking rest?""[12][86][0C][93]Rest[01]Diary[01]Never mind",62,[14][01]
AREAS036.DAT:8:138,AREAS036.DAT,8,138,"""Come back and tell[01]me when you're ready,[01]then.""",49,
AREAS036.DAT:8:139,AREAS036.DAT,8,139,"""Very well, then.[02]As before, lay your[01]hands on [04][05] and[01]close your eyes...""",74,
AREAS036.DAT:8:140,AREAS036.DAT,8,140,"""Zzzzzz...""",12,
AREAS036.DAT:8:142,AREAS036.DAT,8,142,"[14][8C]K""Yawn...""",13,[14][8C]
AREAS036.DAT:8:143,AREAS036.DAT,8,143,"[0C][06][14][8C]K""I could've used a[01]little more sleep,[02]but I guess there's[01]work to be done.[02]Well, then, shall we[01]go?""",106,
AREAS036.DAT:8:144,AREAS036.DAT,8,144,"[0C][06][14][8C]K""What did I just tell[01]you?[02]You're going to need[01]help if you want to[01]go through with this.""",96,
AREAS036.DAT:8:145,AREAS036.DAT,8,145,"[0C][06][14][8C]K""There's a shrine[01]around here you use[02]to summon The[01]Endless, right?""",74,
AREAS036.DAT:8:147,AREAS036.DAT,8,147,"[0C][06][14][8C]K""OK, [04]",12,
AREAS036.DAT:8:148,AREAS036.DAT,8,148,"[0C][06][14][8C]K""Dragons were once[01]gods, just like us.[02]You could say we're[01]distant cousins.[02]We'll call them, and[01]ask them to help you[01]out.""",129,
AREAS036.DAT:8:150,AREAS036.DAT,8,150,"[0C][06][14][8C]K""I suppose so...[02]It's not like I've[01]got anything better[01]to do...""",71,
AREAS036.DAT:8:151,AREAS036.DAT,8,151,"[0C][06][14][8C]K""By the way, you[01]can keep calling me[01][04][05] if you want,[02]but my real name is[01]Deis.""",85,
AREAS036.DAT:8:152,AREAS036.DAT,8,152,"[14][0A][09]""Deis...?""",14,[14][0A]
AREAS036.DAT:8:153,AREAS036.DAT,8,153,"[0C][06][14][8C]K""[04][05] is what that[01]armor called me.[02]I think it means[01]""Master"" in the[02]language of the[01]Empire.""",97,
AREAS036.DAT:8:154,AREAS036.DAT,8,154,"[0C][06][14][8C]K""Anyway, we need to[01]be getting to the[01][05][02]Yorae Shrine[06].""",61,
AREAS036.DAT:8:155,AREAS036.DAT,8,155,"[14][8C]K""I don't have access[01]to my full power in[01]this body.[02]I'll need you to[01]protect me.""",85,[14][8C]
AREAS036.DAT:8:158,AREAS036.DAT,8,158,"[14][05][07]""I had forgotten...[02][04][05] is no longer[01]inside me.""",51,[14][05]
AREAS036.DAT:8:159,AREAS036.DAT,8,159,"[0C][06][14][80]@""Thank goodness[01]you're awake!""",36,
AREAS036.DAT:8:161,AREAS036.DAT,8,161,"[14][8D]L""They told me this[01]was the village where[01]the secret of[02]summoning the dragons[01]was kept.[02]I come all the way[01]out here to see[01]for myself...""",140,[14][8D]
AREAS036.DAT:8:162,AREAS036.DAT,8,162,"[14][8D]L""And what do I find?[01]A deserted village!""",45,[14][8D]
AREAS036.DAT:8:163,AREAS036.DAT,8,163,"[14][8D]L""Our sources told us[01]the Yorae Dragon[01]would be here...""",59,[14][8D]
AREAS036.DAT:8:168,AREAS036.DAT,8,168,Do you want to make[01]an entry in your[01]diary?[12][89][0C][82]Yes[01]No,54,
AREAS036.DAT:8:169,AREAS036.DAT,8,169,"[0C][03][14][8E]M""Hey, you there!""",23,
AREAS036.DAT:8:170,AREAS036.DAT,8,170,"[0C][03][14][0F][0E]""H-huh!?""",15,
AREAS036.DAT:8:171,AREAS036.DAT,8,171,"[0C][04][14][C5]@""Ha ha ha ha![01]It appears we have[01]been discovered.""",56,
AREAS036.DAT:8:173,AREAS036.DAT,8,173,"[0C][04][14][86]H""If someone told you[01]to escape, leaving[01]them behind,[02]what would you do?""",78,
AREAS036.DAT:8:174,AREAS036.DAT,8,174,"[0C][03][14][0E][0D]""What would I do?[02]Huh? What're you[01]talking about?[02]Who the heck are[01]you, anyway!?""",87,
AREAS036.DAT:8:175,AREAS036.DAT,8,175,"[0C][04][14][85]G""Hmmmm...Since [04][05][01]is no longer here,[02]I find myself at a[01]loss. I am unsure of[01]what I should do.""",101,
AREAS036.DAT:8:176,AREAS036.DAT,8,176,"[0C][03][14][0F][0E]""Huh?[02]Who cares! Get him!""",32,
AREAS036.DAT:8:178,AREAS036.DAT,8,178,"[0C][06][14][86]H""I recommend grabbing[01]on to me. I will help[01]you escape.""",62,
AREAS036.DAT:8:179,AREAS036.DAT,8,179,"[0C][05][14][0D][0C]""Well I'll be...[02]Isn't that the same[01]person who was with[01]the dragon?""",75,
AREAS036.DAT:8:180,AREAS036.DAT,8,180,"[14][8D]L""I knew he was here![02]All of you--after[01]that armor!""",55,[14][8D]
AREAS036.DAT:8:181,AREAS036.DAT,8,181,"[0C][03][14][0D][0C]""Well...[02]You certainly did a[01]lot of damage to my[01]troops, didn't you?""",75,
AREAS036.DAT:8:182,AREAS036.DAT,8,182,"[0C][05][14][0D][0C]""However...[02]I'd be willing to[01]forgive and forget[01]if...[02]If you tell me where[01]I might find your[01]friend the dragon.""",119,
AREAS036.DAT:8:183,AREAS036.DAT,8,183,"[14][C5]@""It would be prudent[01]not to tell you that[01]information.[02]That is what [04][05][01]says.""",81,[14][C5]
AREAS036.DAT:8:184,AREAS036.DAT,8,184,"[0C][05][14][0D][0C]""It doesn't really[01]matter...[02]Your friends can't[01]have gotten too[01]far--[02]they're probably[01]hiding around here[01]somewhere.""",123,
AREAS036.DAT:8:185,AREAS036.DAT,8,185,"[14][0D][0C]""I could take you[01]hostage, and use you[01]to draw them out...""",63,[14][0D]
AREAS036.DAT:8:186,AREAS036.DAT,8,186,"[14][0D][0C]""But I don't like the[01]way you look...Like a[01]trash can.[02][14][10][0F]You won't make a[01]very good hostage.""",98,[14][0D]
AREAS036.DAT:8:187,AREAS036.DAT,8,187,"[14][0D][0C]""And since I can find[01]the dragon myself...[02]We won't be needing[01]you anymore, no will[01]we?[02]Ta-ta.""",99,[14][0D]
AREAS036.DAT:8:188,AREAS036.DAT,8,188,"[0C][05][14][84]F""It's quiet...[01]Too quiet!""",32,
AREAS036.DAT:8:189,AREAS036.DAT,8,189,"[0C][02][14][91]I""[04][05]!""",11,
AREAS036.DAT:8:190,AREAS036.DAT,8,190,"[14][80]@""It was the Imperial[01]Army...They came to[01]the village...""",60,[14][80]
AREAS036.DAT:8:191,AREAS036.DAT,8,191,"[0C][06][14][84]F""What!? You mean...[02]What happened to the[01]people in the[01]village!?""",71,
AREAS036.DAT:8:193,AREAS036.DAT,8,193,"[0C][05][14][8C]K""He's used up almost[01]all of his power[01]reserves...[02]That's what he gets[01]for trying to show[01]off!""",100,
AREAS036.DAT:8:194,AREAS036.DAT,8,194,"[0C][05][14][08][09]""Isn't there anything[01]we can do to help[01]him?""",51,
AREAS036.DAT:8:195,AREAS036.DAT,8,195,"[0C][05][14][8C]K""Well, if I went back[01]inside of him,[02]that would give him[01]enough energy to[01]move around again...[02]But there's no way[01]you're getting me[01]back in there![02]I've had enough of[01]being trapped inside[01]that tin can!""",207,
AREAS036.DAT:8:197,AREAS036.DAT,8,197,"[0C][05][14][8C]K""Die? How can he[01]die!?[02]He's just a piece of[01]armor--he wasn't even[01]alive to begin with!""",93,
AREAS036.DAT:8:198,AREAS036.DAT,8,198,"[0C][05][14][08][09]""How can you say[01]that!?[02][14]A",32,
AREAS036.DAT:8:199,AREAS036.DAT,8,199,"[14][05][07]""...[0B]...[04][05]...[02][04][05] is...[0B]correct...""",38,[14][05]
AREAS036.DAT:8:200,AREAS036.DAT,8,200,"[14][05][07]""I...[0B]I am but a[01]suit of armor...[02]I received my power[01]from [04][05]...[02]I am glad...I had the[01]chance to [0B]experience[01]life.""",119,[14][05]
AREAS036.DAT:8:201,AREAS036.DAT,8,201,"[14][05][07]""Ha ha ha...[01]Thank you, [0B][04][05].[01]Ha ha...Ha ha ha ha[02]...[0B]...[0B]...[02]Was that...[01]an appropriate time[01]to laugh?""",107,[14][05]
AREAS036.DAT:8:204,AREAS036.DAT,8,204,"[0C][06][14][80]@""You mean...You think[01]the Army might do[01]something to them?""",65,
AREAS036.DAT:8:206,AREAS036.DAT,8,206,There's no response...,23,
AREAS036.DAT:8:207,AREAS036.DAT,8,207,"[14][0C][0B]""Good luck.[02]I'll stay here and[01]wait for you to get[01]back.""",61,[14][0C]
AREAS036.DAT:8:212,AREAS036.DAT,8,212,"[14][8C]K""I'll never[01]understand humans...""",37,[14][8C]
AREAS036.DAT:8:213,AREAS036.DAT,8,213,"[14][8C]K""They hate each[01]other...[02]They kill one[01]another...[02]They do horrible[01]things to themselves[01]and their fellow[02]human beings without[01]a second thought...""",150,[14][8C]
AREAS036.DAT:8:214,AREAS036.DAT,8,214,"[14][8C]K""And yet...[02]They feel compassion[01]and sympathy for[01]this...[02]An animated suit of[01]armor--[02]something that[01]shouldn't even be[01]alive.""",130,[14][8C]
AREAS036.DAT:8:215,AREAS036.DAT,8,215,"[0C][06][14][80]@""Perhaps...[02]Perhaps it is[01]because we know that[01]it too will pass...[02]It is because[01]everything must come[01]to an end[02]that it can be said[01]to be beautiful.""",155,
AREAS036.DAT:8:216,AREAS036.DAT,8,216,It looks like he's[01]asleep...,29,
AREAS036.DAT:8:217,AREAS036.DAT,8,217,"[14][80]@""So...You intend to[01]go to the Empire[01]after all.""",52,[14][80]
AREAS036.DAT:8:219,AREAS036.DAT,8,219,"[0C][06][14][80]@""Hmmm...It makes[01]sense...An incomplete[01]god would not have[02]full control of his[01]power.""",91,
AREAS036.DAT:8:220,AREAS036.DAT,8,220,"[0C][06][14][80]@""I take it your plan[01]then is to journey to[01]the Empire,[02]and find the other[01][04]",81,
AREAS036.DAT:8:222,AREAS036.DAT,8,222,"[0C][06][14][12][10]""I hate to tell you[01]this, but [04][06],[02]Father of the Empire,[01]may his name be[01]blessed,[02]is dead! He founded[01]the Empire centuries[01]ago![02]You won't find[01]anything of him[02]except maybe his[01]bones!""",188,
AREAS036.DAT:8:223,AREAS036.DAT,8,223,"[14][C1]@""We know who he is.[02]We also know that[01][04][06] is like[01][04]",54,[14][C1]
AREAS036.DAT:8:224,AREAS036.DAT,8,224,"[0C][06][14][12][10]""I don't really know[01]what you're talking[01]about...[02]And I'm not sure if[01]I want to know.[02]But you're asking me[01]to help get you to[01]the Empire, right?""",151,
AREAS036.DAT:8:225,AREAS036.DAT,8,225,"[14][C1]@""Yes...[02]So we can find the[01]other [04]",38,[14][C1]
AREAS036.DAT:8:227,AREAS036.DAT,8,227,"[0C][06][14][84]F""Huh? I wouldn't be[01]cool if I were you![02]Take a look around...[02]you're basically our[01]prisoner!""",99,
AREAS036.DAT:8:228,AREAS036.DAT,8,228,"[0C][06][14][93][11]""Is that so?[02]I don't remember you[01]capturing me.[02]Care to try?""",67,
AREAS036.DAT:8:229,AREAS036.DAT,8,229,"[14][89]I""...[0B]At any rate,[01]with your help,[01][04][04],[02]it shouldn't be too[01]hard to get to the[01]Empire, right?""",96,[14][89]
AREAS036.DAT:8:230,AREAS036.DAT,8,230,"[0C][04][14][80]@""I just realized[01]something.[02]We haven't yet told[01]Deis about what's[01]happened.""",82,
AREAS036.DAT:8:231,AREAS036.DAT,8,231,"[0C][04][14][80]@""She's probably[01]sleeping somewhere in[01]the village.[02]You should find her[01]and wake her up.""",94,
AREAS036.DAT:8:232,AREAS036.DAT,8,232,"[14][0C][0B]""Mmmm....[02][14][14][12]Oh, it's you. Wait[01]just a minute, OK?""",55,[14][0C]
AREAS036.DAT:8:233,AREAS036.DAT,8,233,"[14][14][12]""There we go.[02]I figured that if I'm[01]going to go with you,[02]it's easier this[01]way.""",84,[14][14]
AREAS036.DAT:8:234,AREAS036.DAT,8,234,"[14][14][12]""Don't get the wrong[01]idea![02]It's not because I[01]enjoy being in this[01]armor or anything!""",89,[14][14]
AREAS036.DAT:8:235,AREAS036.DAT,8,235,"[14][94][12]""I can't go around[01]borrowing that girl's[01]body forever anyway.""",66,[14][94]
AREAS036.DAT:8:236,AREAS036.DAT,8,236,"[14][94]R""There's not much I[01]can do by myself[01]anyway...[02]I mean, what good's[01]a god without a[01]body, eh?""",97,[14][94]
AREAS036.DAT:8:237,AREAS036.DAT,8,237,"[14][94]R""It's up to you,[01][04]",22,[14][94]
AREAS036.DAT:8:238,AREAS036.DAT,8,238,"[14][14][12]""Well, let's get this[01]show on the road,[01]then![02]You're going to go[01]to the Empire, right?[02]We better get down[01]from this mountain[01]then.""",135,[14][14]
AREAS036.DAT:8:239,AREAS036.DAT,8,239,"[14][14][12]""Don't worry about[01]Rhem.[02]She's just sleeping,[01]that's all. I must[01]have worn her out.[02]Come on, then, let's[01]go!""",113,[14][14]
AREAS036.DAT:8:241,AREAS036.DAT,8,241,"[0C][02][14][94]R""Oh...[0B]You're awake,[01]eh?[02]I decided to stick[01]around with them for[01]a while longer.[02]That means I'll need[01]you again. Hope you[01]don't mind.""",140,
AREAS036.DAT:8:243,AREAS036.DAT,8,243,"[0C][02][14][94]R""What're you laughing[01]for!?[02]I didn't come back[01]because I wanted to!""[02][14][FF][FF][14]E",80,
AREAS036.DAT:8:244,AREAS036.DAT,8,244,"[0C][06][14][94]R""Sigh...[0B]All right,[01]all right...Enough[01]already.[02]Listen to me--from[01]now on, I want you[01]to call me Deis, OK?""",113,
AREAS036.DAT:8:245,AREAS036.DAT,8,245,"[14][06][08]""Yes, [04][05].""[02][14][FF][FF][14][94]R""What did I just tell[01]you!?[02]Things'll get too[01]confusing if we both[01]use that name.[02]You can have it, all[01]right?""",131,[14][06]
AREAS036.DAT:8:246,AREAS036.DAT,8,246,"[14][0B][0A]""Great and powerful[01]Yorae Dragon![02]If you are looking[01]for the Abbess,[02]she is in her[01]quarters.""",97,[14][0B]
AREAS036.DAT:8:247,AREAS036.DAT,8,247,"[14][0B][0A]""The Abbess has told[01]me of what happened[01]while I was asleep.[02]Things will be[01]quieter here now...[01]I'll miss my friends.""",122,[14][0B]
AREAS036.DAT:8:248,AREAS036.DAT,8,248,"[14][0B][0A]""Even if they are no[01]longer physically[01]with us,[02]the spirits of the[01]people of Chek will[01]remain here forever.""",112,[14][0B]
AREAS036.DAT:8:249,AREAS036.DAT,8,249,"[14][0B][0A]""You too have been[01]caught up in the[01]dragon's path...[02]The life stream of[01]The Endless.[02]I pray that the[01]path you walk be[01]a straight one.""",138,[14][0B]
AREAS036.DAT:8:250,AREAS036.DAT,8,250,"[14][0B][0A]""Since it is we who[01]summon the gods to[01]this earth,[02]we of all people[01]know of what awaits[01]us with time.""",106,[14][0B]
AREAS036.DAT:8:251,AREAS036.DAT,8,251,"[14][0B][0A]""Mighty Deis...[02]I see you have chosen[01]to return to [04][05]'s[01]body...[02]Please forgive me if[01]I was not worthy of[01]you...""",116,[14][0B]
AREAS036.DAT:8:281,AREAS036.DAT,8,281,[09]i[04][09]q[04][09]n[04]It looks like you could[01]rest here...[12][86][0C][93]Rest[01]Diary[01]Never mind,71,
AREAS036.DAT:8:282,AREAS036.DAT,8,282,[09]i[04][09]q[04][09]n[04]It looks like you could[01]rest here...[12][86][0C][93]Rest[01]Diary[01]Never mind,71,
AREAS036.DAT:8:283,AREAS036.DAT,8,283,[09]i[04][09]q[04][09]n[04]It looks like you could[01]rest here...[12][86][0C][93]Rest[01]Diary[01]Never mind,71,
AREAS036.DAT:8:284,AREAS036.DAT,8,284,[09]q[04][09]n[04]It looks like you could[01]rest here...[12][86][0C][93]Rest[01]Diary[01]Never mind,68,
AREAS036.DAT:8:285,AREAS036.DAT,8,285,[09]n[04]It looks like you could[01]rest here...[12][86][0C][93]Rest[01]Diary[01]Never mind,65,
AREAS036.DAT:8:286,AREAS036.DAT,8,286,It looks like you could[01]rest here...[12][86][0C][93]Rest[01]Diary[01]Never mind,62,
AREAS036.DAT:8:287,AREAS036.DAT,8,287,It looks like you could[01]rest here...[12][86][0C][93]Rest[01]Diary[01]Never mind,62,
AREAS036.DAT:8:288,AREAS036.DAT,8,288,It looks like you could[01]rest here...[12][86][0C][93]Rest[01]Diary[01]Never mind,62,
AREAS037.DAT:7:3,AREAS037.DAT,7,3,"[14][C4]@""We'll wait until[01]dark, then attack.[02]We should be able[01]to handle the[01]guards easily.""",88,[14][C4]
AREAS037.DAT:7:4,AREAS037.DAT,7,4,"[14][01][01]""Um...[0B][04][04]? I[01]don't know if that's[01]such a good idea.""",56,[14][01]
AREAS037.DAT:7:5,AREAS037.DAT,7,5,"[14][82]B""Why not?[02]If we strike in the[01]dark, the advantage[01]is ours.""",63,[14][82]
AREAS037.DAT:7:6,AREAS037.DAT,7,6,"[14][03][03]""Let's try to keep[01]things a little more[01]quiet, OK?[02][14]B",57,[14][03]
AREAS037.DAT:7:8,AREAS037.DAT,7,8,"[0C][02][14][04][04]""Huh?[0B] Wait a[01]minute![02]You're [04][02],[01]aren't you! Chief[01]of the Worens!?""",73,
AREAS037.DAT:7:9,AREAS037.DAT,7,9,"[0C][02][14][05]E""It is him![02]He's wanted by the[01]Ludian Kingdom![02]If we let him through[01]we'll be in a lot of[01]trouble!""",105,
AREAS037.DAT:7:10,AREAS037.DAT,7,10,"[0C][02][14][04][04]""No kidding! Come on,[01]let's get him out of[01]here!""",55,
AREAS037.DAT:7:11,AREAS037.DAT,7,11,"[14][86]C""Whoa!""",11,[14][86]
AREAS037.DAT:7:13,AREAS037.DAT,7,13,"[14][81]A""It's all right...[02]Besides, I was[01]thinking...""",50,[14][81]
AREAS037.DAT:7:14,AREAS037.DAT,7,14,"[0C][03][14][07][01]""Couldn't we somehow[01]use those wagons to[01]get over the gate?""",66,
AREAS037.DAT:7:17,AREAS037.DAT,7,17,"[14][04][04]""Don't think you[01]can get away with[01]what you did!""",53,[14][04]
AREAS037.DAT:7:18,AREAS037.DAT,7,18,"[14][05][05]""There's no way[01]you're getting[01]through here! Never!""",56,[14][05]
AREAS037.DAT:7:19,AREAS037.DAT,7,19,It looks like you might be[01]able to push this wagon...,54,
AREAS037.DAT:7:20,AREAS037.DAT,7,20,You can't push it this way!,28,
AREAS037.DAT:7:21,AREAS037.DAT,7,21,"""Have you ever heard of the[01]Tree of Wisdom?""[12]",46,
AREAS037.DAT:7:22,AREAS037.DAT,7,22,"""I came all this way to see[01]it, but they've got the[01]road closed off![02]Figures! Just my luck!""",93,
AREAS037.DAT:7:23,AREAS037.DAT,7,23,"""Well, they say that[01]somewhere in the woods on[01]the road to Shikk,[02]there's a tree that can[01]talk! Just like you or[01]me![02]I heard that it became[01]aware because it's been[01]alive for so long!""",184,
AREAS037.DAT:7:24,AREAS037.DAT,7,24,"""I don't know what[01]your hurry is,[02]but it won't hurt[01]you to sit back and[01]rest for a while.""[12][86][0C][93]Rest[01]Diary[01]Never mind",116,
AREAS037.DAT:7:25,AREAS037.DAT,7,25,"[14][08][05]""Even if you kn-knock[01]me out,[02]you still won't be[01]able to get past the[01]gate![02]Now g-go away and[01]leave me alone...[01]Please?""",124,[14][08]
AREAS037.DAT:7:26,AREAS037.DAT,7,26,"[14][09][06]""We Manillo 'ave two[01]mottos--[02]'Time is money,' and[01]'The world is our[01]customer'!""[12][85][0C][93]Trade for items[01]Cash in stamp card[01]Never mind",133,[14][09]
AREAS037.DAT:7:27,AREAS037.DAT,7,27,"[14][0A][07]""Figures...I go to[01]all that trouble to[02]get you to let me[01]ride in your[01]sandflier,[02]and now I can't get[01]through the gate!""",123,[14][0A]
AREAD038.DAT:8:0,AREAD038.DAT,8,0,"[14][80]@""Who goes there!?""",22,[14][80]
AREAD038.DAT:8:1,AREAD038.DAT,8,1,"[14][80]@""Who goes there!?""",22,[14][80]
AREAD038.DAT:8:2,AREAD038.DAT,8,2,"[14][80]@""Who dares enter the[01]sacred resting place[01]of my master?""",60,[14][80]
AREAD038.DAT:8:3,AREAD038.DAT,8,3,"[14][80]@""Wait...Thou also[01]are one of The[01]Endless...?""",49,[14][80]
AREAD038.DAT:8:4,AREAD038.DAT,8,4,"[14][80]@""No matter! No one,[02]nay e'en though they[01]be brother to my[01]master,[02]may be allowed[01]entrance!""",95,[14][80]
AREAD038.DAT:8:5,AREAD038.DAT,8,5,Do you want to go up?[12],23,
AREAD038.DAT:8:6,AREAD038.DAT,8,6,Do you want to go down?[12][01][0C][82]Yes[01]No,34,
AREAD038.DAT:8:7,AREAD038.DAT,8,7,"Ye who wouldst walk the[01]path, seek ye first the[01]key",52,
AREAD038.DAT:8:11,AREAD038.DAT,8,11,Where do you want to go?[12][02][0C][93]Move ahead[01]Go up[01]Never mind,56,
AREAD038.DAT:8:12,AREAD038.DAT,8,12,Where do you want to go?[12][02][0C][93]Move ahead[01]Go up[01]Never mind,56,
AREAD038.DAT:8:13,AREAD038.DAT,8,13,What do you want to do?[12][03][0C][92]Go to Emperor's Tomb[01]Never mind,59,
AREAD038.DAT:8:16,AREAD038.DAT,8,16,"[10][02]Standing in front of a[01][05][02]switch[06] causes the floor to[01]light up.[02]You can push a cube forward[01]by pressing the ~ button,[02]and push it back by[01]pressing the [7F] button.[02]Line three blocks of the[01]same color up to create[01]a path.",219,
AREAD038.DAT:8:18,AREAD038.DAT,8,18,Beware the [05][02]Red Eye[06]...,25,
AREAS038.DAT:7:2,AREAS038.DAT,7,2,"[14][01][01]""In this room, we are[01]holding a group of[01]people who were part[02]of an incident which[01]is currently under[01]investiga...[02]Hey, what're you[01]doing out here!?""",153,[14][01]
AREAS038.DAT:7:3,AREAS038.DAT,7,3,"""Back when we were[01]at war,[02]things were really[01]busy here, what with[02]everyone making[01]machines, selling[01]parts and all...""",119,
AREAS038.DAT:7:4,AREAS038.DAT,7,4,"""Here, we use the[01]metal prospected[02]from the dam to[01]make machine parts.""",72,
AREAS038.DAT:7:5,AREAS038.DAT,7,5,"""I came here from the[01]south, and while I[02]was passing through[01]the woods,[02]something poked me[01]in the eye![02]I tell you, that[01]forest is haunted!""",140,
AREAS038.DAT:7:6,AREAS038.DAT,7,6,"""I just know there's[01]something in that[01]forest![02]I mean, you'll hear[01]voices when there's[01]nobody around,[02]and sometimes you[01]can feel something[02]pulling your hair![02]Some people say[01]they've even been[02]bit by invisible[01]animals!""",219,
AREAS038.DAT:7:7,AREAS038.DAT,7,7,"""I was traveling[01]through the forest,[01]when suddenly[02]something pinched[01]my...Well, my you-[01]know-where!""",101,
AREAS038.DAT:7:8,AREAS038.DAT,7,8,"""Ain't had much to[01]do since the war[01]ended...""",46,
AREAS038.DAT:7:9,AREAS038.DAT,7,9,"""Can't find any work,[01]but that doesn't stop[01]him from eating!""",62,
AREAS038.DAT:7:10,AREAS038.DAT,7,10,"""Not only did a lot[01]of people lose their[02]jobs when the war[01]ended,[02]now they've got all[01]sorts of problems with[01]the truce...[02]I sure don't envy the[01]king his job!""",159,
AREAS038.DAT:7:11,AREAS038.DAT,7,11,"[14][02][02]""Have you heard what[01]they're saying about[02]the chief of the[01]Worens?""[02][14][FF][FF][14][83]C""I have! They say[01]he snuck into the[02]Empire searching for[01]the missing Wyndian[01]princess!""",165,[14][02]
AREAS038.DAT:7:12,AREAS038.DAT,7,12,"[14][03][03]""Can you believe[01]it? I mean, she's[01]engaged, isn't she?""[02][14][FF][FF][14][82]B""I know! To the[01]Prince of Ludia,[01]no less![02]I just love royal[01]scandals!""",136,[14][03]
AREAS038.DAT:7:13,AREAS038.DAT,7,13,"""All my mom does is[01]stand around all day[01]and gossip!""",54,
AREAS038.DAT:7:14,AREAS038.DAT,7,14,"[14][04][04]""It is unacceptable![02]Zese factory towns,[01]zey do not 'ave any[01]inns![02][19]",72,[14][04]
AREAS038.DAT:7:15,AREAS038.DAT,7,15,"[14][80]@""Can you believe it?[02]I had no idea the[01]Prince was so cold-[01]hearted!""[02][14][FF][FF][14][01][01]""Maybe so, but I[01]bet people in his[02]position have to be[01]like that in order[02]to do what they have[01]to do.""",181,[14][80]
AREAS038.DAT:7:16,AREAS038.DAT,7,16,"[14][01][01]""Do you think the[01]Woren chief knew[01]what would happen[02]to him if he went[01]to the Empire, but[01]went anyway?""[02][14][FF][FF][14][80]@""I guess he must[01]really love the[02]Princess to do[01]that for her.""",176,[14][01]
AREAS038.DAT:7:17,AREAS038.DAT,7,17,"[14][04][04]""Is dangerous to be[01]walking around at[01]night like zis, no?[02][19]",63,[14][04]
AREAS038.DAT:7:19,AREAS038.DAT,7,19,"You've got to go help[01][04][02]!""",27,
AREAS038.DAT:7:20,AREAS038.DAT,7,20,"""shhh! Don't let my[01]wife know where I am![02]If she finds out I'm[01]not working, she'll[01]have my hide!""",98,
AREAS038.DAT:7:21,AREAS038.DAT,7,21,"""Now where has that[01]good-for-nothing[02]husband of mine[01]gotten off to this[01]time!?""",80,
AREAS038.DAT:7:22,AREAS038.DAT,7,22,"""Been seeing a lot of[01]Ludian troops moving[02]out of the capital[01]lately...[02]Wonder if that means[01]another war's going[01]to start?""",124,
AREAS038.DAT:7:23,AREAS038.DAT,7,23,"""Have you heard the[01]news?""[12]",28,
AREAS038.DAT:7:24,AREAS038.DAT,7,24,"""They say the dam was[01]destroyed by a mud[01]flood![02]That means we won't[01]be able to get the[02]metal we need to[01]make parts.[02]What're we going to[01]do!?""",142,
AREAS038.DAT:7:25,AREAS038.DAT,7,25,"""Well then, I guess[01]there's not much[02]point in telling you,[01]is there?""",70,
AREAS038.DAT:7:26,AREAS038.DAT,7,26,"""The Worens told me that[01]the southern woods are[01]haunted,[02]so I came to see for[01]myself, but I didn't[01]see any ghosts!""",116,
AREAS038.DAT:7:27,AREAS038.DAT,7,27,"""I came here looking for[01]something to trade,[02]but it looks like there[01]isn't much business to be[01]had here.""",106,
AREAS038.DAT:7:31,AREAS038.DAT,7,31,"""Thanks! I bet I'll have[01]good dreams tonight!""",47,
AREAD039.DAT:8:0,AREAD039.DAT,8,0,"[14][80]@""Who goes there!?""",22,[14][80]
AREAD039.DAT:8:1,AREAD039.DAT,8,1,"[14][80]@""Who goes there!?""",22,[14][80]
AREAD039.DAT:8:2,AREAD039.DAT,8,2,"[14][80]@""Who dares enter the[01]sacred resting place[01]of my master?""",60,[14][80]
AREAD039.DAT:8:3,AREAD039.DAT,8,3,"[14][80]@""Wait...Thou also[01]are one of The[01]Endless...?""",49,[14][80]
AREAD039.DAT:8:4,AREAD039.DAT,8,4,"[14][80]@""No matter! No one,[02]nay e'en though they[01]be brother to my[01]master,[02]may be allowed[01]entrance!""",95,[14][80]
AREAD039.DAT:8:5,AREAD039.DAT,8,5,Do you want to go up?[12],23,
AREAD039.DAT:8:6,AREAD039.DAT,8,6,Do you want to go down?[12][01][0C][82]Yes[01]No,34,
AREAD039.DAT:8:7,AREAD039.DAT,8,7,"Ye who wouldst walk the[01]path, seek ye first the[01]key",52,
AREAD039.DAT:8:11,AREAD039.DAT,8,11,Where do you want to go?[12][02][0C][93]Move ahead[01]Go up[01]Never mind,56,
AREAD039.DAT:8:12,AREAD039.DAT,8,12,Where do you want to go?[12][02][0C][93]Move ahead[01]Go up[01]Never mind,56,
AREAD039.DAT:8:13,AREAD039.DAT,8,13,What do you want to do?[12][03][0C][92]Go to Emperor's Tomb[01]Never mind,59,
AREAD039.DAT:8:16,AREAD039.DAT,8,16,"[10][02]Standing in front of a[01][05][02]switch[06] causes the floor to[01]light up.[02]You can push a cube forward[01]by pressing the ~ button,[02]and push it back by[01]pressing the [7F] button.[02]Line three blocks of the[01]same color up to create[01]a path.",219,
AREAD039.DAT:8:18,AREAD039.DAT,8,18,Beware the [05][02]Red Eye[06]...,25,
AREAS039.DAT:7:5,AREAS039.DAT,7,5,"[14][01][01]""That armor we wear[01]to protect us from[02]the hex is really[01]heavy![02]Walking around in it[01]all day makes you[01]real hungry!""",120,[14][01]
AREAS039.DAT:7:6,AREAS039.DAT,7,6,"[14][02][02]""Uhhh...I don't feel[01]so good...[02]Maybe the hex got[01]to me...""",63,[14][02]
AREAS039.DAT:7:7,AREAS039.DAT,7,7,"[14][03][03]""See that fellow[01]standing there, in[01]front of the pot?[02]That's our boss,[01]Tahb.""",81,[14][03]
AREAS039.DAT:7:8,AREAS039.DAT,7,8,"[14][04][04]""Way I figure it, the[01]hex is like someone[01]talking bad about you.[02]I mean, when someone[01]says something bad,[02]you don't feel too[01]good, right?[02]So a hex is like[01]that, except lots[01]more powerful, see?""",197,[14][04]
AREAS039.DAT:7:9,AREAS039.DAT,7,9,"[14][05][05]""The hex the Empire[01]makes is like this[01]black mist...[02]And there's all sorts[01]of nasty stuff like[02]wraiths and specters[01]inside of it...[02]Even the smallest[01]exposure to it[02]without protection[01]is lethal!""",199,[14][05]
AREAS039.DAT:7:10,AREAS039.DAT,7,10,"[14][06][06]""This ain't a[01]place for women[01]and children...[02]Don't you know it's[01]been hexed!?",82,[14][06]
AREAS039.DAT:7:12,AREAS039.DAT,7,12,"[0C][04][14][C1]@""We need to get[01]through Chamba.[02]Is there any way we[01]can do that before[01]the hex disappears?""",97,
AREAS039.DAT:7:17,AREAS039.DAT,7,17,"[0C][04][14][C1]@""So all we need is a[01]guide, then?""[0B][0B][0B][15][12]",45,
AREAS039.DAT:7:20,AREAS039.DAT,7,20,"[14][04][04]""You want to go[01]through the hex?[01]Without any armor!?[02]Are you kidding!? You[01]wouldn't last five[01]seconds in there!""",116,[14][04]
AREAS039.DAT:7:21,AREAS039.DAT,7,21,"[14][05][05]""Well, there are some[01]places where the hex[02]is getting thin and[01]wearing off...[02]Nah, forget it--it's[01]too dangerous!""",118,[14][05]
AREAS039.DAT:7:22,AREAS039.DAT,7,22,"[14][06][06]""You want me to take[01]you through the hex?[02]Humph! You don't know[01]it like I do...[02]If you did, you'd[01]know better than to[01]even ask.""",132,[14][06]
AREAS039.DAT:7:23,AREAS039.DAT,7,23,"[14][07][07]""Everyone is all out[01]working.[02][19]",35,[14][07]
AREAS039.DAT:7:25,AREAS039.DAT,7,25,"[14][04][04]""What!? You're going[01]through with it!?[02]All right...It's your[01]choice, but don't say[01]I didn't warn you.""",106,[14][04]
AREAS039.DAT:7:26,AREAS039.DAT,7,26,"[14][04][04]""They're your[01]responsibility,[01][04][05].[02]You'd better take[01]good care of them!""",75,[14][04]
AREAS039.DAT:7:27,AREAS039.DAT,7,27,"[14][05][05]""Any exposure to the[01]mist is dangerous...[02]It can poison you, or[01]do funny things to[01]your head...[02]And sometimes, it'll[01]just plain kill you![02]No matter what you[01]do, stay away from[01]the mist!""",190,[14][05]
AREAS039.DAT:7:28,AREAS039.DAT,7,28,"[14][05][05]""Just because you're[01]safe, [04][05], don't[01]forget they're not.[02]Make sure you protect[01]them--got it?""",97,[14][05]
AREAS039.DAT:7:29,AREAS039.DAT,7,29,"[14][06][06]""You're going to have[01][04][05] guide you[01]through the mist!?[02]You must be pretty[01]brave to try[01]something like that!""",111,[14][06]
AREAS039.DAT:7:30,AREAS039.DAT,7,30,"[14][06][06]""I always knew you[01]were a funny one...[02]Figures you'd take[01]this job!""",72,[14][06]
AREAS039.DAT:7:31,AREAS039.DAT,7,31,"[14][08][08]""The center of[01]Chamba is pretty[01]confusing...[02]Make sure you don't[01]get lost.""",79,[14][08]
AREAS039.DAT:7:32,AREAS039.DAT,7,32,"[14][08][08]""Just make sure you[01]get them out alive,[01]eh [04][05]?""",51,[14][08]
AREAS039.DAT:7:33,AREAS039.DAT,7,33,"""If you want to sleep, I[01]can let you use one of[01]these beds.""[12][86][0C][93]Rest[01]Diary[01]Never mind",86,
AREAS039.DAT:7:34,AREAS039.DAT,7,34,"[14][01][01]""Everyone's out[01]working.[02]Me? I, uh...[0B]I'm[01]sick.""",52,[14][01]
AREAS039.DAT:7:35,AREAS039.DAT,7,35,"[14][08][08]""Not working as hard[01]as I used to...[02]Just don't have the[01]energy anymore.[02]It must be the hex...[01]Yeah, that's it--it's[01]gotta be the hex!""",139,[14][08]
AREAS039.DAT:7:36,AREAS039.DAT,7,36,"[14][04][04]""This hex is pretty[01]potent...Never seen[01]one like it before.[02]I mean, we were able[01]to clean up Synesta[01]in no time at all!""",124,[14][04]
AREAS039.DAT:7:37,AREAS039.DAT,7,37,"[14][01][01]""All right, all[01]right, [04][05]...[02]I'll go to work once[01]I finish eating this,[01]OK?""",80,[14][01]
AREAS039.DAT:7:38,AREAS039.DAT,7,38,"[14][04][04]""Come to think of[01]it...[02]You weren't with us[01]when we cleaned up[01]Synesta, were you?""",86,[14][04]
AREAS039.DAT:7:39,AREAS039.DAT,7,39,"[14][08][08]""Took you a while to[01]get back, eh [04][05]?[02]Did you get lost in[01]there?""",69,[14][08]
AREAS039.DAT:7:40,AREAS039.DAT,7,40,"[14][03][03]""Just you wait and[01]see--we'll have this[02]place cleaned up any[01]day now...It'll look[01]just like Synesta!""",105,[14][03]
AREAS039.DAT:7:41,AREAS039.DAT,7,41,"[14][09][09]""What're we going to[01]do with ourselves[01]once we finish here?""[02][14][FF][FF][14][8A]J""Well, they said if[01]another war starts,[02]they'll give us a[01]call.""",135,[14][09]
AREAS039.DAT:7:43,AREAS039.DAT,7,43,"[14][0A][0A]""Have you heard? They[01]say there's some kind[02]of fish monster or[01]something living deep[01]inside the city!""[02][14][FF][FF][14][89]I""Yeah, I've heard[01]about it.[02]What do expect? That[01]hex affects anything[01]it touches--[02]I bet there's all[01]kinds of strange[01]stuff in there!""",247,[14][0A]
AREAD040.DAT:8:0,AREAD040.DAT,8,0,"[14][80]@""Who goes there!?""",22,[14][80]
AREAD040.DAT:8:1,AREAD040.DAT,8,1,"[14][80]@""Who goes there!?""",22,[14][80]
AREAD040.DAT:8:2,AREAD040.DAT,8,2,"[14][80]@""Who dares enter the[01]sacred resting place[01]of my master?""",60,[14][80]
AREAD040.DAT:8:3,AREAD040.DAT,8,3,"[14][80]@""Wait...Thou also[01]are one of The[01]Endless...?""",49,[14][80]
AREAD040.DAT:8:4,AREAD040.DAT,8,4,"[14][80]@""No matter! No one,[02]nay e'en though they[01]be brother to my[01]master,[02]may be allowed[01]entrance!""",95,[14][80]
AREAD040.DAT:8:5,AREAD040.DAT,8,5,Do you want to go up?[12],23,
AREAD040.DAT:8:6,AREAD040.DAT,8,6,Do you want to go down?[12][01][0C][82]Yes[01]No,34,
AREAD040.DAT:8:7,AREAD040.DAT,8,7,"Ye who wouldst walk the[01]path, seek ye first the[01]key",52,
AREAD040.DAT:8:11,AREAD040.DAT,8,11,Where do you want to go?[12][02][0C][93]Move ahead[01]Go up[01]Never mind,56,
AREAD040.DAT:8:12,AREAD040.DAT,8,12,Where do you want to go?[12][02][0C][93]Move ahead[01]Go up[01]Never mind,56,
AREAD040.DAT:8:13,AREAD040.DAT,8,13,What do you want to do?[12][03][0C][92]Go to Emperor's Tomb[01]Never mind,59,
AREAD040.DAT:8:16,AREAD040.DAT,8,16,"[10][02]Standing in front of a[01][05][02]switch[06] causes the floor to[01]light up.[02]You can push a cube forward[01]by pressing the ~ button,[02]and push it back by[01]pressing the [7F] button.[02]Line three blocks of the[01]same color up to create[01]a path.",219,
AREAD040.DAT:8:18,AREAD040.DAT,8,18,Beware the [05][02]Red Eye[06]...,25,
AREAS040.DAT:8:5,AREAS040.DAT,8,5,"[0C][04][14][01][01]""Then w...I am in[01]your debt...Bunyan,[01]yes?""",49,
AREAS040.DAT:8:13,AREAS040.DAT,8,13,"[0C][06][14][C6]@""Thank you for your[01]caring ministrations,[01]Bunyan.[02]The time has come[01]for me to quit this[01]place.""",101,
AREAS040.DAT:8:17,AREAS040.DAT,8,17,"[0C][06][14][C6]@""Thou...wert a[01]soldier?""",30,
AREAS040.DAT:8:20,AREAS040.DAT,8,20,"[0C][06][14][81]A""The mortals...[02]They understand[01]not...""",45,
AREAS040.DAT:8:21,AREAS040.DAT,8,21,"[0C][06][14][C6]@""Forgive me...I[01]merely spoke aloud[01]mine thoughts.[02]Farewell.""",66,
AREAS040.DAT:8:23,AREAS040.DAT,8,23,It looks like you could[01]rest here...[12][8B][0C][93]Rest[01]Diary[01]Never mind,62,
AREAD041.DAT:10:0,AREAD041.DAT,10,0,"[14][80]@""Who goes there!?""",22,[14][80]
AREAD041.DAT:10:1,AREAD041.DAT,10,1,"[14][80]@""Who goes there!?""",22,[14][80]
AREAD041.DAT:10:2,AREAD041.DAT,10,2,"[14][80]@""Who dares enter the[01]sacred resting place[01]of my master?""",60,[14][80]
AREAD041.DAT:10:3,AREAD041.DAT,10,3,"[14][80]@""Wait...Thou also[01]are one of The[01]Endless...?""",49,[14][80]
AREAD041.DAT:10:4,AREAD041.DAT,10,4,"[14][80]@""No matter! No one,[02]nay e'en though they[01]be brother to my[01]master,[02]may be allowed[01]entrance!""",95,[14][80]
AREAD041.DAT:10:5,AREAD041.DAT,10,5,Do you want to go up?[12],23,
AREAD041.DAT:10:6,AREAD041.DAT,10,6,Do you want to go down?[12][01][0C][82]Yes[01]No,34,
AREAD041.DAT:10:7,AREAD041.DAT,10,7,"Ye who wouldst walk the[01]path, seek ye first the[01]key",52,
AREAD041.DAT:10:11,AREAD041.DAT,10,11,Where do you want to go?[12][02][0C][93]Move ahead[01]Go up[01]Never mind,56,
AREAD041.DAT:10:12,AREAD041.DAT,10,12,Where do you want to go?[12][02][0C][93]Move ahead[01]Go up[01]Never mind,56,
AREAD041.DAT:10:13,AREAD041.DAT,10,13,What do you want to do?[12][03][0C][92]Go to Emperor's Tomb[01]Never mind,59,
AREAD041.DAT:10:16,AREAD041.DAT,10,16,"[10][02]Standing in front of a[01][05][02]switch[06] causes the floor to[01]light up.[02]You can push a cube forward[01]by pressing the ~ button,[02]and push it back by[01]pressing the [7F] button.[02]Line three blocks of the[01]same color up to create[01]a path.",219,
AREAD041.DAT:10:18,AREAD041.DAT,10,18,Beware the [05][02]Red Eye[06]...,25,
AREAS041.DAT:7:0,AREAS041.DAT,7,0,[0C][8A][12][82][0C][82]Yes[01]No,13,
AREAS041.DAT:7:1,AREAS041.DAT,7,1,[0C][8A][12][82][0C][82]Yes[01]No,13,
AREAS041.DAT:7:2,AREAS041.DAT,7,2,[0C][88][12][82][0C][82]Yes[01]No,13,
AREAS041.DAT:7:4,AREAS041.DAT,7,4,"""It's dangerous to travel[01]around if you're wounded.[02]Why don't you stay here and[01]rest?""[12][86][0C][93]Rest[01]Diary[01]Never mind",112,
AREAS041.DAT:7:5,AREAS041.DAT,7,5,"""Want to rest?""[12][86][0C][93]Rest[01]Diary[01]Never mind",41,
AREAS041.DAT:7:6,AREAS041.DAT,7,6,"""Want to rest?""[12][86][0C][93]Rest[01]Diary[01]Never mind",41,
AREAS041.DAT:7:7,AREAS041.DAT,7,7,"""It's hard working in this[01]business, you know?[02]Having to put up with all[01]the complaints and people[01]with no zenny...[02]Anyway, want to rest?""[12][86][0C][93]Rest[01]Diary[01]Never mind",164,
AREAS041.DAT:7:8,AREAS041.DAT,7,8,"""It's hard working in this[01]business, you know?[02]Having to put up with all[01]the complaints and people[01]with no zenny...[02]Anyway, want to rest?""[12][86][0C][93]Rest[01]Diary[01]Never mind",164,
AREAS041.DAT:7:9,AREAS041.DAT,7,9,"""This is the cleanest inn[01]in the whole village![02]Want to rest?""[12][86][0C][93]Rest[01]Diary[01]Never mind",88,
AREAS041.DAT:7:10,AREAS041.DAT,7,10,"""This is the cleanest inn[01]in the whole village![02]Want to rest?""[12][86][0C][93]Rest[01]Diary[01]Never mind",88,
AREAS041.DAT:7:11,AREAS041.DAT,7,11,"""I know all about you and[01]your friends, [04]",42,
AREAS041.DAT:7:12,AREAS041.DAT,7,12,"""I know all about you and[01]your friends, [04]",42,
AREAS041.DAT:7:13,AREAS041.DAT,7,13,"""So far, you've looked in[01][07]",28,
AREAS041.DAT:7:20,AREAS041.DAT,7,20,"""...How come I have to sit[01]here in this store selling[01]stuff, huh?[02]It's boring! I want a more[01]exciting job, with travel[01]and responsibility!""",140,
AREAS041.DAT:7:21,AREAS041.DAT,7,21,"""I had no idea there were[01]so many different kinds of[01]items!""",61,
AREAS041.DAT:7:22,AREAS041.DAT,7,22,"""The more faeries we have[01]working in here, the easier[01]it is to get rare items!""",80,
AREAS041.DAT:7:23,AREAS041.DAT,7,23,"""Thank you for coming! It's[01]nice to see you again!""",52,
AREAS041.DAT:7:24,AREAS041.DAT,7,24,"""I am sooo bored! Nothing[01]exciting ever happens[01]around here!""",62,
AREAS041.DAT:7:25,AREAS041.DAT,7,25,"""We don't have a storeroom,[01]so we keep the items in our[01]bellies![02][0B]Just kidding, silly!""",88,
AREAS041.DAT:7:26,AREAS041.DAT,7,26,"""What do we do? We're[01]buyers.""",31,
AREAS041.DAT:7:27,AREAS041.DAT,7,27,"""Sorry--I wish I could give[01]you a discount, but[01]business is business.""",71,
AREAS041.DAT:7:33,AREAS041.DAT,7,33,"""We're just your ordinary[01]weapons shop! Want to buy[01]anything?""[12][84][0C][94]Buy[01]Sell[01]Trade[01]Exit",86,
AREAS041.DAT:7:36,AREAS041.DAT,7,36,"""You know...[02]I don't really like weapons[01]much...Don't like selling[01]them, either...""",84,
AREAS041.DAT:7:37,AREAS041.DAT,7,37,"""Want to try one of our[01]weapons out? Give it a[01]practice swing?[02]W-wait...Why are you[01]looking at me like that!?""",111,
AREAS041.DAT:7:38,AREAS041.DAT,7,38,"""The more faeries we have[01]working in here, the easier[01]it is to get good weapons!""",82,
AREAS041.DAT:7:39,AREAS041.DAT,7,39,"""Thanks for shopping here![01]Come again soon!""",45,
AREAS041.DAT:7:40,AREAS041.DAT,7,40,"""It's my job to sharpen the[01]swords and stuff.[02]There's nothing like a[01]nice, shiny, just-sharpened[01]sword![02]Makes me want to try[01]it out, you know...""",146,
AREAS041.DAT:7:41,AREAS041.DAT,7,41,"""I saw a guy in a circus[01]swallow swords once...Can[01]you do that?""",65,
AREAS041.DAT:7:42,AREAS041.DAT,7,42,"""There's something scary[01]about people who collect[01]weapons, you know...""",72,
AREAS041.DAT:7:43,AREAS041.DAT,7,43,"""Wow! You're back again?[01]It's so good to see you[01]again!""",57,
AREAS041.DAT:7:44,AREAS041.DAT,7,44,"""If you want, I'll go out[01]and look for all sorts of[01]items for you![02]Do you want me to go out on[01]a search?""[12][82][0C][82]Yes[01]No",116,
AREAS041.DAT:7:45,AREAS041.DAT,7,45,"""If you want, I'll go out[01]and look for all sorts of[01]items for you![02]Do you want me to go out on[01]a search?""[12][82][0C][82]Yes[01]No",116,
AREAS041.DAT:7:46,AREAS041.DAT,7,46,"""If you want, I'll go out[01]and look for all sorts of[01]items for you![02]Do you want me to go out on[01]a search?""[12][82][0C][82]Yes[01]No",116,
AREAS041.DAT:7:47,AREAS041.DAT,7,47,"""If you want, I'll go out[01]and look for all sorts of[01]items for you![02]Do you want me to go out on[01]a search?""[12][82][0C][82]Yes[01]No",116,
AREAS041.DAT:7:48,AREAS041.DAT,7,48,"""If you want, I'll go out[01]and look for all sorts of[01]items for you![02]Do you want me to go out on[01]a search?""[12][82][0C][82]Yes[01]No",116,
AREAS041.DAT:7:49,AREAS041.DAT,7,49,"""If you want, I'll go out[01]and bring back anything I[01]find.[02]Want me to go out on a[01]search?""[12][82][0C][82]Yes[01]No",100,
AREAS041.DAT:7:50,AREAS041.DAT,7,50,"""If you want, I can go out[01]and pick up some items for[01]you.[02]Want me to go out on a[01]search?""[12][82][0C][82]Yes[01]No",101,
AREAS041.DAT:7:51,AREAS041.DAT,7,51,"""I just love to go out and[01]travel! If I find anything,[02]I'll bring it back for you.[01]Want me to go on a search?""[12][82][0C][82]Yes[01]No",121,
AREAS041.DAT:7:52,AREAS041.DAT,7,52,"""Where should I go?""",21,
AREAS041.DAT:7:54,AREAS041.DAT,7,54,"""All right, I'm off! See[01]you when I get back!""",47,
AREAS041.DAT:7:55,AREAS041.DAT,7,55,"""Well, see you later then.""",28,
AREAS041.DAT:7:56,AREAS041.DAT,7,56,"""I'll try and find the best[01]things I can![02]Or do you not want me to go[01]now?""[12][82][0C][93]Change destination[01]Cancel search[01]Don't cancel search",132,
AREAS041.DAT:7:57,AREAS041.DAT,7,57,"""I'll try and find the best[01]things I can![02]Or do you not want me to go[01]now?""[12][82][0C][93]Change destination[01]Cancel search[01]Don't cancel search",132,
AREAS041.DAT:7:58,AREAS041.DAT,7,58,"""It's kind of scary, going[01]on a trip to a faraway[01]place...[02]Do you want to cancel the[01]search?""[12][82][0C][93]Change destination[01]Cancel search[01]Don't cancel search",150,
AREAS041.DAT:7:59,AREAS041.DAT,7,59,"""If I die, it's your fault![02]Can I just stay here and[01]not go out on a search?""[12][82][0C][93]Change destination[01]Cancel search[01]Don't cancel search",134,
AREAS041.DAT:7:60,AREAS041.DAT,7,60,"""I'm busy packing, getting[01]ready to go out on my[01]search.[02]That is, unless you don't[01]want me to go anymore?""[12][82][0C][93]Change destination[01]Cancel search[01]Don't cancel search",163,
AREAS041.DAT:7:61,AREAS041.DAT,7,61,"""All right, then, I won't[01]go!""",31,
AREAS041.DAT:7:62,AREAS041.DAT,7,62,Dif.5  Desert,14,
AREAS041.DAT:7:63,AREAS041.DAT,7,63,Dif.5  Desert,14,
AREAS041.DAT:7:64,AREAS041.DAT,7,64,Dif.5  Desert,14,
AREAS041.DAT:7:65,AREAS041.DAT,7,65,Dif.1  Wyndia,14,
AREAS041.DAT:7:66,AREAS041.DAT,7,66,Dif.2  Ludia,13,
AREAS041.DAT:7:67,AREAS041.DAT,7,67,Dif.2  Astan,13,
AREAS041.DAT:7:68,AREAS041.DAT,7,68,Dif.5  Zhinga Mts.,19,
AREAS041.DAT:7:69,AREAS041.DAT,7,69,Dif.1  Gold Plains,19,
AREAS041.DAT:7:70,AREAS041.DAT,7,70,Dif.5  Highlands,17,
AREAS041.DAT:7:71,AREAS041.DAT,7,71,Dif.3  S. Hesperia,19,
AREAS041.DAT:7:72,AREAS041.DAT,7,72,Dif.2  Shikk,13,
AREAS041.DAT:7:73,AREAS041.DAT,7,73,Dif.4  Salt Sea,16,
AREAS041.DAT:7:74,AREAS041.DAT,7,74,Dif.4 N. Islands,17,
AREAS041.DAT:7:75,AREAS041.DAT,7,75,Dif.3  Paedra,14,
AREAS041.DAT:7:76,AREAS041.DAT,7,76,Dif.3  C. Hesperia,19,
AREAS041.DAT:7:77,AREAS041.DAT,7,77,"""I almost got killed[01]bringing that back here.[01]I hope you're happy!""",68,
AREAS041.DAT:7:78,AREAS041.DAT,7,78,"""I almost got killed[01]bringing that back here.[01]I hope you're happy!""",68,
AREAS041.DAT:7:79,AREAS041.DAT,7,79,"""I almost got killed[01]bringing that back here.[01]I hope you're happy!""",68,
AREAS041.DAT:7:80,AREAS041.DAT,7,80,"""I almost got killed[01]bringing that back here.[01]I hope you're happy!""",68,
AREAS041.DAT:7:81,AREAS041.DAT,7,81,"""I'm just glad I got back[01]here in one piece!""",46,
AREAS041.DAT:7:82,AREAS041.DAT,7,82,"""I brought you back[01]something real nice!""",42,
AREAS041.DAT:7:83,AREAS041.DAT,7,83,"""I did my best for you,[01][04]",26,
AREAS041.DAT:7:87,AREAS041.DAT,7,87,"""We buy and sell [09]#",20,
AREAS041.DAT:7:88,AREAS041.DAT,7,88,"""We buy and sell [09]#",20,
AREAS041.DAT:7:89,AREAS041.DAT,7,89,"""We buy and sell [09]#",20,
AREAS041.DAT:7:90,AREAS041.DAT,7,90,"""We buy and sell [09]#",20,
AREAS041.DAT:7:91,AREAS041.DAT,7,91,"""We buy and sell [09]#",20,
AREAS041.DAT:7:92,AREAS041.DAT,7,92,"""How much [09]#",13,
AREAS041.DAT:7:93,AREAS041.DAT,7,93,"""How much [09]#",13,
AREAS041.DAT:7:94,AREAS041.DAT,7,94,"""How much [09]#",13,
AREAS041.DAT:7:95,AREAS041.DAT,7,95,"""You want [07]",12,
AREAS041.DAT:7:96,AREAS041.DAT,7,96,"""How much [09]#",13,
AREAS041.DAT:7:97,AREAS041.DAT,7,97,"""You're selling [07]",18,
AREAS041.DAT:7:98,AREAS041.DAT,7,98,"""You don't have enough zenny!""",31,
AREAS041.DAT:7:99,AREAS041.DAT,7,99,"""You can't carry any more [09]#",29,
AREAS041.DAT:7:100,AREAS041.DAT,7,100,"""You don't have any [09]#",23,
AREAS041.DAT:7:106,AREAS041.DAT,7,106,"""Thanks!""",10,
AREAS041.DAT:7:107,AREAS041.DAT,7,107,"""I just know prices are[01]going to go up soon! I can[01]feel it!""",61,
AREAS041.DAT:7:108,AREAS041.DAT,7,108,"""I just know prices are[01]going to go up soon! I can[01]feel it!""",61,
AREAS041.DAT:7:109,AREAS041.DAT,7,109,"""I just know prices are[01]going to go up soon! I can[01]feel it!""",61,
AREAS041.DAT:7:110,AREAS041.DAT,7,110,"""I just know prices are[01]going to go up soon! I can[01]feel it!""",61,
AREAS041.DAT:7:111,AREAS041.DAT,7,111,"""I just know prices are[01]going to go up soon! I can[01]feel it!""",61,
AREAS041.DAT:7:112,AREAS041.DAT,7,112,"""It looks like prices are[01]going to go up.""",43,
AREAS041.DAT:7:113,AREAS041.DAT,7,113,"""Things are staying about[01]the same right now.""",47,
AREAS041.DAT:7:114,AREAS041.DAT,7,114,"""Looks like prices could[01]drop any time now.""",45,
AREAS041.DAT:7:115,AREAS041.DAT,7,115,"""It's not looking[01]too good...""",31,
AREAS041.DAT:7:116,AREAS041.DAT,7,116,"""I'd buy now if I were[01]you.""",29,
AREAS041.DAT:7:117,AREAS041.DAT,7,117,"""I'd sell now if I were[01]you.""",30,
AREAS041.DAT:7:118,AREAS041.DAT,7,118,"""Do you want to trade the[01][09]#",29,
AREAS041.DAT:7:119,AREAS041.DAT,7,119,"""Do you want to trade the[01][09]#",29,
AREAS041.DAT:7:120,AREAS041.DAT,7,120,"""Do you want to trade the[01][09]#",29,
AREAS041.DAT:7:121,AREAS041.DAT,7,121,"""Do you want to trade the[01][09]#",29,
AREAS041.DAT:7:122,AREAS041.DAT,7,122,"""Do you want to trade the[01][09]#",29,
AREAS041.DAT:7:123,AREAS041.DAT,7,123,"""Hi there! Do you want to[01]buy some insurance?[02]You never know when it'll[01]come in handy! Interested?""[12][82][0C][82]Yes[01]No",110,
AREAS041.DAT:7:124,AREAS041.DAT,7,124,"""Hi there! Do you want to[01]buy some insurance?[02]You never know when it'll[01]come in handy! Interested?""[12][82][0C][82]Yes[01]No",110,
AREAS041.DAT:7:125,AREAS041.DAT,7,125,"""Hi there! Do you want to[01]buy some insurance?[02]You never know when it'll[01]come in handy! Interested?""[12][82][0C][82]Yes[01]No",110,
AREAS041.DAT:7:126,AREAS041.DAT,7,126,"""Hi there! Do you want to[01]buy some insurance?[02]You never know when it'll[01]come in handy! Interested?""[12][82][0C][82]Yes[01]No",110,
AREAS041.DAT:7:127,AREAS041.DAT,7,127,"""Hi there! Do you want to[01]buy some insurance?[02]You never know when it'll[01]come in handy! Interested?""[12][82][0C][82]Yes[01]No",110,
AREAS041.DAT:7:128,AREAS041.DAT,7,128,"""Hi there! Do you want to[01]buy some insurance?[02]You never know when it'll[01]come in handy! Interested?""[12][82][0C][82]Yes[01]No",110,
AREAS041.DAT:7:129,AREAS041.DAT,7,129,"""Hi there! Do you want to[01]buy some insurance?[02]You never know when it'll[01]come in handy! Interested?""[12][82][0C][82]Yes[01]No",110,
AREAS041.DAT:7:130,AREAS041.DAT,7,130,"""Hi! If you buy some[01]insurance, I'll give you a[01]free gift! Well?""[12][82][0C][82]OK[01]Sorry",78,
AREAS041.DAT:7:131,AREAS041.DAT,7,131,"""Hi! If you buy some[01]insurance, I'll give you a[01]free gift! Well?[12][82][0C][82]OK[01]Sorry",77,
AREAS041.DAT:7:132,AREAS041.DAT,7,132,"""Please don't die, [04]",21,
AREAS041.DAT:7:133,AREAS041.DAT,7,133,"""You be careful and be sure[01]to take care of yourself.[02][0B]Why? Because if you don't[01]we're the ones who have to[01]pay the insurance bills!""",134,
AREAS041.DAT:7:134,AREAS041.DAT,7,134,"""We're ready whenever you[01]need us. We'll take care of[01]you, [04]",61,
AREAS041.DAT:7:135,AREAS041.DAT,7,135,"""Better safe than sorry,[01]right?[02]We'll be there if you[01]need us, [04]",65,
AREAS041.DAT:7:136,AREAS041.DAT,7,136,"""We're nowhere near this[01]month's target! We need to[01]sell more insurance!""",74,
AREAS041.DAT:7:137,AREAS041.DAT,7,137,"""It's a really good idea to[01]have some insurance. I'd[01]buy some if I were you.""",78,
AREAS041.DAT:7:138,AREAS041.DAT,7,138,"""An ounce of prevention is[01]worth a pound of cure![02]Get some insurance--it's[01]for your own good as well[01]as ours!""",111,
AREAS041.DAT:7:139,AREAS041.DAT,7,139,"""You don't need any[01]insurance! I'll protect you[01]myself![02][0B]...But if I did that, it[01]would make everyone jealous[01]and they'd pick on me...[02]Maybe you should get some[01]insurance after all.""",183,
AREAS041.DAT:7:140,AREAS041.DAT,7,140,"""Do you want to add a[01]premium?""[12][82][0C][82]Yes[01]No",42,
AREAS041.DAT:7:141,AREAS041.DAT,7,141,"""Thank you! I bet you feel[01]a lot better knowing that[01]you've got insurance!""",76,
AREAS041.DAT:7:142,AREAS041.DAT,7,142,"""Hi there! Your insurance[01]coverage has expired.""",49,
AREAS041.DAT:7:143,AREAS041.DAT,7,143,"""If you've got insurance,[01]you can come back when[01]you're defeated in battle![02]However, [05][02]8%[06] of the zenny[01]you get in combat is[01]automatically deducted.[02]Do you want to buy some[01]insurance?""[12][82][0C][82]Yes[01]No",195,
AREAS041.DAT:7:144,AREAS041.DAT,7,144,"""Once you get insurance,[01]you can't terminate the[01]contract--[02]you have to wait until it[01]expires. Do you still want[01]to buy insurance?""[12][82][0C][82]Yes[01]No",142,
AREAS041.DAT:7:145,AREAS041.DAT,7,145,"""OK, then, it's your loss.""",28,
AREAS041.DAT:7:146,AREAS041.DAT,7,146,"""What about a premium? Do[01]you want to add a premium?""[12][82][0C][82]Yes[01]No",64,
AREAS041.DAT:7:149,AREAS041.DAT,7,149,"""Do you want to continue[01]your insurance policy?[02]If you don't want to,[01]you'll get some of your[01]zenny back.[02]Do you want to cancel[01]your policy?""[12][82][0C][02]Yes[01]No",152,
AREAS041.DAT:7:150,AREAS041.DAT,7,150,"""Are you sure you want to[01]cancel your policy?""[12][82][0C][82]Yes[01]No",57,
AREAS041.DAT:7:151,AREAS041.DAT,7,151,"""Are you sure you want to[01]continue your policy?""[12][82][0C][82]Yes[01]No",59,
AREAS041.DAT:7:152,AREAS041.DAT,7,152,"""All right, then, we'll[01]give you back the zenny you[01]paid up until now, OK?""",76,
AREAS041.DAT:7:153,AREAS041.DAT,7,153,"""Thanks! As a present,[01]here's some of your down[01]payment back and an item!""",75,
AREAS041.DAT:7:154,AREAS041.DAT,7,154,"""Thanks again.""",16,
AREAS041.DAT:7:155,AREAS041.DAT,7,155,"""Which premium do you want[01]to renew?""",38,
AREAS041.DAT:7:156,AREAS041.DAT,7,156,"""Which premium do you want[01]to renew?""",38,
AREAS041.DAT:7:157,AREAS041.DAT,7,157,"""Which premium do you want[01]to renew?""",38,
AREAS041.DAT:7:158,AREAS041.DAT,7,158,"""You can't add any more[01]premiums!""",35,
AREAS041.DAT:7:159,AREAS041.DAT,7,159,"""Do you want to listen to[01]our music?""[12][82][0C][82]Yes[01]No",48,
AREAS041.DAT:7:160,AREAS041.DAT,7,160,"""Do you want to listen to[01]our music?""[12][82][0C][82]Yes[01]No",48,
AREAS041.DAT:7:161,AREAS041.DAT,7,161,"""Do you want to listen to[01]our music?""[12][82][0C][82]Yes[01]No",48,
AREAS041.DAT:7:162,AREAS041.DAT,7,162,"""We went to a lot of[01]trouble to make some music.[02]You'd better listen to[01]it.[01]Well?""[12][82][0C][82]Yes[01]No",93,
AREAS041.DAT:7:163,AREAS041.DAT,7,163,"""You'll listen to the[01]music we wrote, won't you?""[12][82][0C][82]Yes[01]No",60,
AREAS041.DAT:7:164,AREAS041.DAT,7,164,"""Do you want to listen to[01]our singing?""[12][82][0C][82]Yes[01]No",50,
AREAS041.DAT:7:165,AREAS041.DAT,7,165,"""Do you want to listen to[01]our singing?""[12][82][0C][82]Yes[01]No",50,
AREAS041.DAT:7:166,AREAS041.DAT,7,166,"""Hey! You want to listen to[01]our songs, don't you?""[12][82][0C][82]Yes[01]No",61,
AREAS041.DAT:7:167,AREAS041.DAT,7,167,"""You want to listen to our[01]songs, right?""[12][82][0C][82]Yes[01]No",52,
AREAS041.DAT:7:168,AREAS041.DAT,7,168,"""If you don't listen to our[01]music, we'll tell people[01]bad things about you!""",76,
AREAS041.DAT:7:169,AREAS041.DAT,7,169,"""What do you mean how come[01]I'm not doing anything?[02]I'm part of the chorus!""",76,
AREAS041.DAT:7:170,AREAS041.DAT,7,170,"""dooooo[0B]reeeey[0B]meeeeee[0B][02]Whew! Boy, these scales[01]sure are a lot of work!""",73,
AREAS041.DAT:7:171,AREAS041.DAT,7,171,"""The only audience we need[01]for our songs is you,[01][04]",51,
AREAS041.DAT:7:172,AREAS041.DAT,7,172,"""Will you look at our[01]paintings?""[12][82][0C][82]Yes[01]No",44,
AREAS041.DAT:7:173,AREAS041.DAT,7,173,"""Will you look at our[01]paintings?""[12][82][0C][82]Yes[01]No",44,
AREAS041.DAT:7:174,AREAS041.DAT,7,174,"""Will you look at our[01]paintings?""[12][82][0C][82]Yes[01]No",44,
AREAS041.DAT:7:175,AREAS041.DAT,7,175,"""Will you look at our[01]paintings?""[12][82][0C][82]Yes[01]No",44,
AREAS041.DAT:7:176,AREAS041.DAT,7,176,"""Will you look at our[01]paintings?""[12][82][0C][82]Yes[01]No",44,
AREAS041.DAT:7:177,AREAS041.DAT,7,177,"""Will you look at our[01]paintings?""[12][82][0C][82]Yes[01]No",44,
AREAS041.DAT:7:178,AREAS041.DAT,7,178,"""You'll look at our[01]paintings, won't you?""[12][82][0C][82]Yes[01]No",53,
AREAS041.DAT:7:179,AREAS041.DAT,7,179,"""You look like someone who[01]wants to see some art.[01]Am I right?""[12][82][0C][82]Yes[01]No",73,
AREAS041.DAT:7:180,AREAS041.DAT,7,180,"""It's a hard life you know,[01]being an artist. Nobody[01]understands us.""",69,
AREAS041.DAT:7:181,AREAS041.DAT,7,181,"""It's a hard life you know,[01]being an artist. Nobody[01]understands us.""",69,
AREAS041.DAT:7:182,AREAS041.DAT,7,182,"""Looking at [04]",14,
AREAS041.DAT:7:183,AREAS041.DAT,7,183,"""Looking at [04]",14,
AREAS041.DAT:7:184,AREAS041.DAT,7,184,"""I'm in kind of a slump[01]right now--don't talk to[01]me, OK?""",58,
AREAS041.DAT:7:185,AREAS041.DAT,7,185,"""I'm in kind of a slump[01]right now--don't talk to[01]me, OK?""",58,
AREAS041.DAT:7:186,AREAS041.DAT,7,186,"""I feel like I'm finally[01]beginning to understand[01]art.[02]I knew I would--it was[01]just a matter of time!""",101,
AREAS041.DAT:7:187,AREAS041.DAT,7,187,"""Thanks for all your[01]support. I'm dedicating my[01]next work to you!""",67,
AREAS041.DAT:7:198,AREAS041.DAT,7,198,Recover with a Vitamin.[01][05][02]1%[06] is deducted from zenny earned.,61,
AREAS041.DAT:7:199,AREAS041.DAT,7,199,Recover and automatically Retreat.[01][05][02]2%[06] is deducted from zenny earned.,72,
AREAS041.DAT:7:200,AREAS041.DAT,7,200,Recover with all AP restored.[01][05][02]3%[06] is deducted from zenny earned.,67,
AREAS041.DAT:7:201,AREAS041.DAT,7,201,Recover with dragons restored.[01][05][02]3%[06] is deducted from zenny earned.,68,
AREAS041.DAT:7:202,AREAS041.DAT,7,202,You got:[01]Insurance Contract 1!,31,
AREAS041.DAT:7:203,AREAS041.DAT,7,203,You got:[01]Insurance Contract 2!,31,
AREAS041.DAT:7:204,AREAS041.DAT,7,204,You got:[01]Insurance Contract 3!,31,
AREAS041.DAT:7:205,AREAS041.DAT,7,205,You got:[01]Insurance Contract 4!,31,
AREAS041.DAT:7:206,AREAS041.DAT,7,206,You got:[01]Insurance Contract 5!,31,
AREAS041.DAT:7:207,AREAS041.DAT,7,207,You got:[01]Insurance Contract 6!,31,
AREAS041.DAT:7:208,AREAS041.DAT,7,208,You got:[01]Insurance Contract 7!,31,
AREAS041.DAT:7:209,AREAS041.DAT,7,209,You got:[01]Insurance Contract 8!,31,
AREAS041.DAT:7:210,AREAS041.DAT,7,210,"""Starlight Run""",16,
AREAS041.DAT:7:211,AREAS041.DAT,7,211,"""Walkabout""",12,
AREAS041.DAT:7:212,AREAS041.DAT,7,212,"""By The Numbers""",17,
AREAS041.DAT:7:213,AREAS041.DAT,7,213,"""Bringing Home A Win""",22,
AREAS041.DAT:7:214,AREAS041.DAT,7,214,"""Slow Tension""",15,
AREAS041.DAT:7:215,AREAS041.DAT,7,215,"""Endings and Beginnings""",25,
AREAS041.DAT:7:216,AREAS041.DAT,7,216,"""Trouble Ahead""",16,
AREAS041.DAT:7:217,AREAS041.DAT,7,217,"""Ephemeral""",12,
AREAS041.DAT:7:218,AREAS041.DAT,7,218,"""The First Emperor""",20,
AREAS041.DAT:7:219,AREAS041.DAT,7,219,"""Fighters""",11,
AREAS041.DAT:7:220,AREAS041.DAT,7,220,"""Take The Money And Run""",25,
AREAS041.DAT:7:221,AREAS041.DAT,7,221,"""Battling Gods""",16,
AREAS041.DAT:7:222,AREAS041.DAT,7,222,"""Desert Town""",14,
AREAS041.DAT:7:223,AREAS041.DAT,7,223,"""Round And Round""",18,
AREAS041.DAT:7:224,AREAS041.DAT,7,224,"""Under Pressure""",17,
AREAS041.DAT:7:225,AREAS041.DAT,7,225,"""Bastard Sword""",16,
AREAS041.DAT:7:226,AREAS041.DAT,7,226,"""Another Working Day""",22,
AREAS041.DAT:7:227,AREAS041.DAT,7,227,"""All Mixed Up""",15,
AREAS041.DAT:7:228,AREAS041.DAT,7,228,"""Poisoned Air""",15,
AREAS041.DAT:7:229,AREAS041.DAT,7,229,"""Truth And Fiction""",20,
AREAS041.DAT:7:230,AREAS041.DAT,7,230,"""Watch Your Step""",18,
AREAS041.DAT:7:231,AREAS041.DAT,7,231,"""Darkness""",11,
AREAS041.DAT:7:232,AREAS041.DAT,7,232,"""Traveling Merchant""",21,
AREAS041.DAT:7:233,AREAS041.DAT,7,233,"""Macho Man""",12,
AREAS041.DAT:7:234,AREAS041.DAT,7,234,"""The Sound Of Money""",21,
AREAS041.DAT:7:235,AREAS041.DAT,7,235,"""Brave Heart""",14,
AREAS041.DAT:7:236,AREAS041.DAT,7,236,"""Requiem""",10,
AREAS041.DAT:7:237,AREAS041.DAT,7,237,"""Shepards""",11,
AREAS041.DAT:7:238,AREAS041.DAT,7,238,"""Free Fall""",12,
AREAS041.DAT:7:239,AREAS041.DAT,7,239,"""Neverending Rain""",19,
AREAS041.DAT:7:240,AREAS041.DAT,7,240,"""Tree Spirits""",15,
AREAS041.DAT:7:241,AREAS041.DAT,7,241,"""Song Of The Plains""",21,
AREAS041.DAT:7:242,AREAS041.DAT,7,242,"""Thousand Winds""",17,
AREAS041.DAT:7:243,AREAS041.DAT,7,243,"""Seeing Is Believing""",22,
AREAS041.DAT:7:244,AREAS041.DAT,7,244,"""A Distant Land""",17,
AREAS041.DAT:7:245,AREAS041.DAT,7,245,"""Hills And Streams""",20,
AREAS041.DAT:7:246,AREAS041.DAT,7,246,"""The Sun And The Moon""",23,
AREAS041.DAT:7:247,AREAS041.DAT,7,247,"""1-2-3 1-2-3""",14,
AREAS041.DAT:7:249,AREAS041.DAT,7,249,"""Today's Catch""",16,
AREAS041.DAT:7:250,AREAS041.DAT,7,250,"""A Whopper Of A Tale""",22,
AREAS041.DAT:7:251,AREAS041.DAT,7,251,"""Faeries""",10,
AREAS041.DAT:7:252,AREAS041.DAT,7,252,"""Game Over""",12,
AREAS041.DAT:7:253,AREAS041.DAT,7,253,"""Prayer""",9,
AREAS041.DAT:7:254,AREAS041.DAT,7,254,"""Unwavering Courage""",21,
AREAS041.DAT:7:255,AREAS041.DAT,7,255,"""The Curse""",12,
AREAS041.DAT:7:256,AREAS041.DAT,7,256,"""Turismo""",10,
AREAS041.DAT:7:257,AREAS041.DAT,7,257,"""Replay""",9,
AREAS041.DAT:7:258,AREAS041.DAT,7,258,"""Seagulls""",11,
AREAS041.DAT:7:259,AREAS041.DAT,7,259,"""Sailing The Seven Seas""",25,
AREAS041.DAT:7:260,AREAS041.DAT,7,260,"""Pabupabu, Pukapuka""",21,
AREAS041.DAT:7:261,AREAS041.DAT,7,261,"""For The Princess""",19,
AREAS041.DAT:7:262,AREAS041.DAT,7,262,"""Divine Danger""",16,
AREAS041.DAT:7:263,AREAS041.DAT,7,263,"""Emperor Rampant""",18,
AREAS041.DAT:7:264,AREAS041.DAT,7,264,"""Dragon's Blood""",17,
AREAS041.DAT:7:265,AREAS041.DAT,7,265,"""Whirlpool""",12,
AREAS041.DAT:7:266,AREAS041.DAT,7,266,"""Whirlpool""",12,
AREAS041.DAT:7:267,AREAS041.DAT,7,267,"""Whirlpool""",12,
AREAS041.DAT:7:268,AREAS041.DAT,7,268,"""Whirlpool""",12,
AREAS041.DAT:7:269,AREAS041.DAT,7,269,"""Whirlpool""",12,
AREAS041.DAT:7:270,AREAS041.DAT,7,270,"""Whirlpool""",12,
AREAS041.DAT:7:271,AREAS041.DAT,7,271,"""Islands Everywhere""",21,
AREAS041.DAT:7:272,AREAS041.DAT,7,272,"""Floating""",11,
AREAS041.DAT:7:273,AREAS041.DAT,7,273,"""The Endless""",14,
AREAS041.DAT:7:274,AREAS041.DAT,7,274,"""After The Dream""",18,
AREAS041.DAT:7:275,AREAS041.DAT,7,275,"""I've been studying names--[01]where they come from, what[01]they mean...[02]Why don't you try? Would[01]you like to give somebody[01]a new nickname?""[12][82][0C][82]Yes[01]No",146,
AREAS041.DAT:7:276,AREAS041.DAT,7,276,"""I've been studying names--[01]where they come from, what[01]they mean...[02]Why don't you try? Would[01]you like to give somebody[01]a new nickname?""[12][82][0C][82]Yes[01]No",146,
AREAS041.DAT:7:277,AREAS041.DAT,7,277,"""I've been studying names--[01]where they come from, what[01]they mean...[02]Why don't you try? Would[01]you like to give somebody[01]a new nickname?""[12][82][0C][82]Yes[01]No",146,
AREAS041.DAT:7:278,AREAS041.DAT,7,278,"""I've been studying names--[01]where they come from, what[01]they mean...[02]Why don't you try? Would[01]you like to give somebody[01]a new nickname?""[12][82][0C][82]Yes[01]No",146,
AREAS041.DAT:7:279,AREAS041.DAT,7,279,"""I've been studying names--[01]where they come from, what[01]they mean...[02]Why don't you try? Would[01]you like to give somebody[01]a new nickname?""[12][82][0C][82]Yes[01]No",146,
AREAS041.DAT:7:280,AREAS041.DAT,7,280,"""I've been studying names--[01]where they come from, what[01]they mean...[02]Why don't you try? Would[01]you like to give somebody[01]a new nickname?""[12][82][0C][82]Yes[01]No",146,
AREAS041.DAT:7:281,AREAS041.DAT,7,281,"""Who do you want to give a[01]nickname to--one of us, or[01]one of your friends?""[12][82][0C][02]You[01]Them",88,
AREAS041.DAT:7:282,AREAS041.DAT,7,282,"""All right, then, who do[01]you want to give a nickname[01]to?""",58,
AREAS041.DAT:7:283,AREAS041.DAT,7,283,"""Are you sure you want to[01]use this name?""[12][82][0C][82]Yes[01]No",52,
AREAS041.DAT:7:284,AREAS041.DAT,7,284,"""Are you sure you want to[01]use this name?""[12][82][0C][82]Yes[01]No",52,
AREAS041.DAT:7:285,AREAS041.DAT,7,285,"""Are you sure you want to[01]use this name?""[12][82][0C][82]Yes[01]No",52,
AREAS041.DAT:7:286,AREAS041.DAT,7,286,"""OK, then, [07][01]'s new[01]nickname is [07]",34,
AREAS041.DAT:7:287,AREAS041.DAT,7,287,"""Want to give someone else[01]a nickname?""[12][82][0C][82]Yes[01]No",50,
AREAS041.DAT:7:288,AREAS041.DAT,7,288,"""Come back and see me[01]again sometime, OK?""",43,
AREAS041.DAT:7:289,AREAS041.DAT,7,289,"""You want to play Kecak[01]with us?""[12][82][0C][82]Yes[01]No",44,
AREAS041.DAT:7:290,AREAS041.DAT,7,290,"""You want to play Kecak[01]with us?""[12][82][0C][82]Yes[01]No",44,
AREAS041.DAT:7:291,AREAS041.DAT,7,291,"""You want to play Kecak[01]with us?""[12][82][0C][82]Yes[01]No",44,
AREAS041.DAT:7:292,AREAS041.DAT,7,292,"""You want to play Kecak[01]with us?""[12][82][0C][82]Yes[01]No",44,
AREAS041.DAT:7:293,AREAS041.DAT,7,293,"""You want to play Kecak[01]with us?""[12][82][0C][82]Yes[01]No",44,
AREAS041.DAT:7:294,AREAS041.DAT,7,294,"""You want to play Kecak[01]with us?""[12][82][0C][82]Yes[01]No",44,
AREAS041.DAT:7:295,AREAS041.DAT,7,295,"""You want to play Kecak[01]with us?""[12][82][0C][82]Yes[01]No",44,
AREAS041.DAT:7:296,AREAS041.DAT,7,296,"""You want to play Kecak[01]with us?""[12][82][0C][82]Yes[01]No",44,
AREAS041.DAT:7:297,AREAS041.DAT,7,297,"""You want to play Kecak[01]with us?""[12][82][0C][82]Yes[01]No",44,
AREAS041.DAT:7:298,AREAS041.DAT,7,298,"""You want to play Kecak[01]with us?""[12][82][0C][82]Yes[01]No",44,
AREAS041.DAT:7:299,AREAS041.DAT,7,299,"""You want to play Kecak[01]with us?""[12][82][0C][82]Yes[01]No",44,
AREAS041.DAT:7:300,AREAS041.DAT,7,300,"""You want to play Kecak[01]with us?""[12][82][0C][82]Yes[01]No",44,
AREAS041.DAT:7:301,AREAS041.DAT,7,301,"""You want to play Kecak[01]with us?""[12][82][0C][82]Yes[01]No",44,
AREAS041.DAT:7:302,AREAS041.DAT,7,302,"""You want to play Kecak[01]with us?""[12][82][0C][82]Yes[01]No",44,
AREAS041.DAT:7:303,AREAS041.DAT,7,303,"""You want to play Kecak[01]with us?""[12][82][0C][82]Yes[01]No",44,
AREAS041.DAT:7:304,AREAS041.DAT,7,304,"""You want to play Kecak[01]with us?""[12][82][0C][82]Yes[01]No",44,
AREAS041.DAT:7:305,AREAS041.DAT,7,305,"""You want to play Kecak[01]with us?""[12][82][0C][82]Yes[01]No",44,
AREAS041.DAT:7:306,AREAS041.DAT,7,306,"""You want to play Kecak[01]with us?""[12][82][0C][82]Yes[01]No",44,
AREAS041.DAT:7:307,AREAS041.DAT,7,307,"""You want to play Kecak[01]with us?""[12][82][0C][82]Yes[01]No",44,
AREAS041.DAT:7:308,AREAS041.DAT,7,308,"""You want to play Kecak[01]with us?""[12][82][0C][82]Yes[01]No",44,
AREAS041.DAT:7:309,AREAS041.DAT,7,309,"""You want to play Kecak[01]with us?""[12][82][0C][82]Yes[01]No",44,
AREAS041.DAT:7:310,AREAS041.DAT,7,310,"""You want to play Kecak[01]with us?""[12][82][0C][82]Yes[01]No",44,
AREAS041.DAT:7:311,AREAS041.DAT,7,311,"""You want to play Kecak[01]with us?""[12][82][0C][82]Yes[01]No",44,
AREAS041.DAT:7:312,AREAS041.DAT,7,312,"""You want to play Kecak[01]with us?""[12][82][0C][82]Yes[01]No",44,
AREAS041.DAT:7:313,AREAS041.DAT,7,313,"""You want to play Kecak[01]with us?""[12][82][0C][82]Yes[01]No",44,
AREAS041.DAT:7:314,AREAS041.DAT,7,314,"""You want to play Kecak[01]with us?""[12][82][0C][82]Yes[01]No",44,
AREAS041.DAT:7:315,AREAS041.DAT,7,315,"""You want to play Kecak[01]with us?""[12][82][0C][82]Yes[01]No",44,
AREAS041.DAT:7:316,AREAS041.DAT,7,316,"""You want to play Kecak[01]with us?""[12][82][0C][82]Yes[01]No",44,
AREAS041.DAT:7:317,AREAS041.DAT,7,317,"""You want to play Kecak[01]with us?""[12][82][0C][82]Yes[01]No",44,
AREAS041.DAT:7:318,AREAS041.DAT,7,318,"""You want to play Kecak[01]with us?""[12][82][0C][82]Yes[01]No",44,
AREAS041.DAT:7:319,AREAS041.DAT,7,319,"""You want to play Kecak[01]with us?""[12][82][0C][82]Yes[01]No",44,
AREAS041.DAT:7:320,AREAS041.DAT,7,320,"""You want to play Kecak[01]with us?""[12][82][0C][82]Yes[01]No",44,
AREAS041.DAT:7:321,AREAS041.DAT,7,321,"""You want to play Kecak[01]with us?""[12][82][0C][82]Yes[01]No",44,
AREAS041.DAT:7:322,AREAS041.DAT,7,322,"""You want to play Kecak[01]with us?""[12][82][0C][82]Yes[01]No",44,
AREAS041.DAT:7:323,AREAS041.DAT,7,323,"""You want to play Kecak[01]with us?""[12][82][0C][82]Yes[01]No",44,
AREAS041.DAT:7:324,AREAS041.DAT,7,324,"""You want to play Kecak[01]with us?""[12][82][0C][82]Yes[01]No",44,
AREAS041.DAT:7:325,AREAS041.DAT,7,325,"""You want to play Kecak[01]with us?""[12][82][0C][82]Yes[01]No",44,
AREAS041.DAT:7:326,AREAS041.DAT,7,326,"""You want to play Kecak[01]with us?""[12][82][0C][82]Yes[01]No",44,
AREAS041.DAT:7:327,AREAS041.DAT,7,327,"""You want to play Kecak[01]with us?""[12][82][0C][82]Yes[01]No",44,
AREAS041.DAT:7:328,AREAS041.DAT,7,328,"""You want to play Kecak[01]with us?""[12][82][0C][82]Yes[01]No",44,
AREAS041.DAT:7:329,AREAS041.DAT,7,329,"""You want to play Kecak[01]with us?""[12][82][0C][82]Yes[01]No",44,
AREAS041.DAT:7:330,AREAS041.DAT,7,330,"""You want to play Kecak[01]with us?""[12][82][0C][82]Yes[01]No",44,
AREAS041.DAT:7:331,AREAS041.DAT,7,331,"""You want to play Kecak[01]with us?""[12][82][0C][82]Yes[01]No",44,
AREAS041.DAT:7:332,AREAS041.DAT,7,332,"""You want to play Kecak[01]with us?""[12][82][0C][82]Yes[01]No",44,
AREAS041.DAT:7:333,AREAS041.DAT,7,333,"""You want to play Kecak[01]with us?""[12][82][0C][82]Yes[01]No",44,
AREAS041.DAT:7:334,AREAS041.DAT,7,334,"""You want to play Kecak[01]with us?""[12][82][0C][82]Yes[01]No",44,
AREAS041.DAT:7:335,AREAS041.DAT,7,335,"""You want to play Kecak[01]with us?""[12][82][0C][82]Yes[01]No",44,
AREAS041.DAT:7:336,AREAS041.DAT,7,336,"""You want to play Kecak[01]with us?""[12][82][0C][82]Yes[01]No",44,
AREAS041.DAT:7:337,AREAS041.DAT,7,337,"""You want to play Kecak[01]with us?""[12][82][0C][82]Yes[01]No",44,
AREAS041.DAT:7:338,AREAS041.DAT,7,338,"""You want to play Kecak[01]with us?""[12][82][0C][82]Yes[01]No",44,
AREAS041.DAT:7:339,AREAS041.DAT,7,339,"""You want to play Kecak[01]with us?""[12][82][0C][82]Yes[01]No",44,
AREAS041.DAT:7:340,AREAS041.DAT,7,340,"""You want to play Kecak[01]with us?""[12][82][0C][82]Yes[01]No",44,
AREAS041.DAT:7:341,AREAS041.DAT,7,341,"""You want to play Kecak[01]with us?""[12][82][0C][82]Yes[01]No",44,
AREAS041.DAT:7:342,AREAS041.DAT,7,342,"""You want to play Kecak[01]with us?""[12][82][0C][82]Yes[01]No",44,
AREAS041.DAT:7:343,AREAS041.DAT,7,343,"""You want to play Kecak[01]with us?""[12][82][0C][82]Yes[01]No",44,
AREAS041.DAT:7:344,AREAS041.DAT,7,344,"""You want to play Kecak[01]with us?""[12][82][0C][82]Yes[01]No",44,
AREAS041.DAT:7:345,AREAS041.DAT,7,345,"""You want to play Kecak[01]with us?""[12][82][0C][82]Yes[01]No",44,
AREAS041.DAT:7:346,AREAS041.DAT,7,346,"""You want to play Kecak[01]with us?""[12][82][0C][82]Yes[01]No",44,
AREAS041.DAT:7:347,AREAS041.DAT,7,347,"""You want to play Kecak[01]with us?""[12][82][0C][82]Yes[01]No",44,
AREAS041.DAT:7:348,AREAS041.DAT,7,348,"""You want to play Kecak[01]with us?""[12][82][0C][82]Yes[01]No",44,
AREAS041.DAT:7:349,AREAS041.DAT,7,349,"""You want to play Kecak[01]with us?""[12][82][0C][82]Yes[01]No",44,
AREAS041.DAT:7:350,AREAS041.DAT,7,350,"""You want to play Kecak[01]with us?""[12][82][0C][82]Yes[01]No",44,
AREAS041.DAT:7:351,AREAS041.DAT,7,351,"""You want to play Kecak[01]with us?""[12][82][0C][82]Yes[01]No",44,
AREAS041.DAT:7:352,AREAS041.DAT,7,352,"""You want to play Kecak[01]with us?""[12][82][0C][82]Yes[01]No",44,
AREAS041.DAT:7:353,AREAS041.DAT,7,353,"""You want to play Kecak[01]with us?""[12][82][0C][82]Yes[01]No",44,
AREAS041.DAT:7:354,AREAS041.DAT,7,354,"""You want to play Kecak[01]with us?""[12][82][0C][82]Yes[01]No",44,
AREAS041.DAT:7:355,AREAS041.DAT,7,355,"""You want to play Kecak[01]with us?""[12][82][0C][82]Yes[01]No",44,
AREAS041.DAT:7:356,AREAS041.DAT,7,356,"""You want to play Kecak[01]with us?""[12][82][0C][82]Yes[01]No",44,
AREAS041.DAT:7:357,AREAS041.DAT,7,357,"""You want to play Kecak[01]with us?""[12][82][0C][82]Yes[01]No",44,
AREAS041.DAT:7:358,AREAS041.DAT,7,358,"""You want to play Kecak[01]with us?""[12][82][0C][82]Yes[01]No",44,
AREAS041.DAT:7:359,AREAS041.DAT,7,359,"""You want to play Kecak[01]with us?""[12][82][0C][82]Yes[01]No",44,
AREAS041.DAT:7:360,AREAS041.DAT,7,360,"""You want to play Kecak[01]with us?""[12][82][0C][82]Yes[01]No",44,
AREAS041.DAT:7:361,AREAS041.DAT,7,361,"""You want to play Kecak[01]with us?""[12][82][0C][82]Yes[01]No",44,
AREAS041.DAT:7:362,AREAS041.DAT,7,362,"""You want to play Kecak[01]with us?""[12][82][0C][82]Yes[01]No",44,
AREAS041.DAT:7:363,AREAS041.DAT,7,363,"""You want to play Kecak[01]with us?""[12][82][0C][82]Yes[01]No",44,
AREAS041.DAT:7:364,AREAS041.DAT,7,364,"""You want to play Kecak[01]with us?""[12][82][0C][82]Yes[01]No",44,
AREAS041.DAT:7:365,AREAS041.DAT,7,365,"""You want to play Kecak[01]with us?""[12][82][0C][82]Yes[01]No",44,
AREAS041.DAT:7:366,AREAS041.DAT,7,366,"""You want to play Kecak[01]with us?""[12][82][0C][82]Yes[01]No",44,
AREAS041.DAT:7:367,AREAS041.DAT,7,367,"""You want to play Kecak[01]with us?""[12][82][0C][82]Yes[01]No",44,
AREAS041.DAT:7:368,AREAS041.DAT,7,368,"""You want to play Kecak[01]with us?""[12][82][0C][82]Yes[01]No",44,
AREAS041.DAT:7:369,AREAS041.DAT,7,369,"""You want to play Kecak[01]with us?""[12][82][0C][82]Yes[01]No",44,
AREAS041.DAT:7:370,AREAS041.DAT,7,370,"""You want to play Kecak[01]with us?""[12][82][0C][82]Yes[01]No",44,
AREAS041.DAT:7:371,AREAS041.DAT,7,371,"""You want to play Kecak[01]with us?""[12][82][0C][82]Yes[01]No",44,
AREAS041.DAT:7:372,AREAS041.DAT,7,372,"""You want to play Kecak[01]with us?""[12][82][0C][82]Yes[01]No",44,
AREAS041.DAT:7:373,AREAS041.DAT,7,373,"""You want to play Kecak[01]with us?""[12][82][0C][82]Yes[01]No",44,
AREAS041.DAT:7:374,AREAS041.DAT,7,374,"""You want to play Kecak[01]with us?""[12][82][0C][82]Yes[01]No",44,
AREAS041.DAT:7:375,AREAS041.DAT,7,375,"""You want to play Kecak[01]with us?""[12][82][0C][82]Yes[01]No",44,
AREAS041.DAT:7:376,AREAS041.DAT,7,376,"""You want to play Kecak[01]with us?""[12][82][0C][82]Yes[01]No",44,
AREAS041.DAT:7:377,AREAS041.DAT,7,377,"""You want to play Kecak[01]with us?""[12][82][0C][82]Yes[01]No",44,
AREAS041.DAT:7:378,AREAS041.DAT,7,378,"""You want to play Kecak[01]with us?""[12][82][0C][82]Yes[01]No",44,
AREAS041.DAT:7:379,AREAS041.DAT,7,379,"""You want to play Kecak[01]with us?""[12][82][0C][82]Yes[01]No",44,
AREAS041.DAT:7:380,AREAS041.DAT,7,380,"""You want to play Kecak[01]with us?""[12][82][0C][82]Yes[01]No",44,
AREAS041.DAT:7:381,AREAS041.DAT,7,381,"""You want to play Kecak[01]with us?""[12][82][0C][82]Yes[01]No",44,
AREAS041.DAT:7:382,AREAS041.DAT,7,382,"""You want to play Kecak[01]with us?""[12][82][0C][82]Yes[01]No",44,
AREAS041.DAT:7:383,AREAS041.DAT,7,383,"""You want to play Kecak[01]with us?""[12][82][0C][82]Yes[01]No",44,
AREAS041.DAT:7:384,AREAS041.DAT,7,384,"""You want to play Kecak[01]with us?""[12][82][0C][82]Yes[01]No",44,
AREAS041.DAT:7:385,AREAS041.DAT,7,385,"""You want to play Kecak[01]with us?""[12][82][0C][82]Yes[01]No",44,
AREAS041.DAT:7:386,AREAS041.DAT,7,386,"""You want to play Kecak[01]with us?""[12][82][0C][82]Yes[01]No",44,
AREAS041.DAT:7:387,AREAS041.DAT,7,387,"""You want to play Kecak[01]with us?""[12][82][0C][82]Yes[01]No",44,
AREAS041.DAT:7:388,AREAS041.DAT,7,388,"""You want to play Kecak[01]with us?""[12][82][0C][82]Yes[01]No",44,
AREAS041.DAT:7:389,AREAS041.DAT,7,389,"""You want to play Kecak[01]with us?""[12][82][0C][82]Yes[01]No",44,
AREAS041.DAT:7:390,AREAS041.DAT,7,390,"""You want to play Kecak[01]with us?""[12][82][0C][82]Yes[01]No",44,
AREAS041.DAT:7:391,AREAS041.DAT,7,391,"""You want to play Kecak[01]with us?""[12][82][0C][82]Yes[01]No",44,
AREAS041.DAT:7:392,AREAS041.DAT,7,392,"""You want to play Kecak[01]with us?""[12][82][0C][82]Yes[01]No",44,
AREAS041.DAT:7:393,AREAS041.DAT,7,393,"""You want to play Kecak[01]with us?""[12][82][0C][82]Yes[01]No",44,
AREAS041.DAT:7:394,AREAS041.DAT,7,394,"""You want to play Kecak[01]with us?""[12][82][0C][82]Yes[01]No",44,
AREAS041.DAT:7:395,AREAS041.DAT,7,395,"""You want to play Kecak[01]with us?""[12][82][0C][82]Yes[01]No",44,
AREAS041.DAT:7:396,AREAS041.DAT,7,396,"""You want to play Kecak[01]with us?""[12][82][0C][82]Yes[01]No",44,
AREAS041.DAT:7:397,AREAS041.DAT,7,397,"""You want to play Kecak[01]with us?""[12][82][0C][82]Yes[01]No",44,
AREAS041.DAT:7:398,AREAS041.DAT,7,398,"""You want to play Kecak[01]with us?""[12][82][0C][82]Yes[01]No",44,
AREAS041.DAT:7:399,AREAS041.DAT,7,399,"""You want to play Kecak[01]with us?""[12][82][0C][82]Yes[01]No",44,
AREAS041.DAT:7:400,AREAS041.DAT,7,400,"""You want to play Kecak[01]with us?""[12][82][0C][82]Yes[01]No",44,
AREAS041.DAT:7:401,AREAS041.DAT,7,401,"""You want to play Kecak[01]with us?""[12][82][0C][82]Yes[01]No",44,
AREAS041.DAT:7:402,AREAS041.DAT,7,402,"""You want to play Kecak[01]with us?""[12][82][0C][82]Yes[01]No",44,
AREAS041.DAT:7:403,AREAS041.DAT,7,403,"""You want to play Kecak[01]with us?""[12][82][0C][82]Yes[01]No",44,
AREAS041.DAT:7:404,AREAS041.DAT,7,404,"""You want to play Kecak[01]with us?""[12][82][0C][82]Yes[01]No",44,
AREAS041.DAT:7:405,AREAS041.DAT,7,405,"""You want to play Kecak[01]with us?""[12][82][0C][82]Yes[01]No",44,
AREAS041.DAT:7:406,AREAS041.DAT,7,406,"""You want to play Kecak[01]with us?""[12][82][0C][82]Yes[01]No",44,
AREAS041.DAT:7:407,AREAS041.DAT,7,407,"""You want to play Kecak[01]with us?""[12][82][0C][82]Yes[01]No",44,
AREAS041.DAT:7:408,AREAS041.DAT,7,408,"""You want to play Kecak[01]with us?""[12][82][0C][82]Yes[01]No",44,
AREAS041.DAT:7:409,AREAS041.DAT,7,409,"""You want to play Kecak[01]with us?""[12][82][0C][82]Yes[01]No",44,
AREAS041.DAT:7:410,AREAS041.DAT,7,410,"""You want to play Kecak[01]with us?""[12][82][0C][82]Yes[01]No",44,
AREAS041.DAT:7:411,AREAS041.DAT,7,411,"""You want to play Kecak[01]with us?""[12][82][0C][82]Yes[01]No",44,
AREAS041.DAT:7:412,AREAS041.DAT,7,412,"""You want to play Kecak[01]with us?""[12][82][0C][82]Yes[01]No",44,
AREAS041.DAT:7:413,AREAS041.DAT,7,413,"""You want to play Kecak[01]with us?""[12][82][0C][82]Yes[01]No",44,
AREAS041.DAT:7:414,AREAS041.DAT,7,414,"""You want to play Kecak[01]with us?""[12][82][0C][82]Yes[01]No",44,
AREAS041.DAT:7:415,AREAS041.DAT,7,415,"""You want to play Kecak[01]with us?""[12][82][0C][82]Yes[01]No",44,
AREAS041.DAT:7:416,AREAS041.DAT,7,416,"""You want to play Kecak[01]with us?""[12][82][0C][82]Yes[01]No",44,
AREAS041.DAT:7:417,AREAS041.DAT,7,417,"""You want to play Kecak[01]with us?""[12][82][0C][82]Yes[01]No",44,
AREAS041.DAT:7:418,AREAS041.DAT,7,418,"""Come back and play with[01]us again soon!""",41,
AREAS041.DAT:7:419,AREAS041.DAT,7,419,"""Want to learn the rules?""[12][82][0C][C2]Yes[01]No",37,
AREAS041.DAT:7:420,AREAS041.DAT,7,420,"""You have to press the[01]buttons to match the rhythm[01]of the Kecak drums.[02]If you hit it just right,[01]you get lots of points.[02]If you miss the beat,[01]you lose points.[02]When the song's done, your[01]points are added up and[01]displayed.[02]You get prizes depending on[01]how many points you get.[02]It takes [05][02]1500[06] points to get[01]the best prize.[02][0B]...No one's been able to[01]get that many points yet,[01]though.[02]Well, those are the rules.[01]do you want to hear them[01]again?""[12][82][0C][C2]Yes[01]No",452,
AREAS041.DAT:7:421,AREAS041.DAT,7,421,"""All right, then, let's[01]start!""",32,
AREAS041.DAT:7:422,AREAS041.DAT,7,422,"""What do you want to do?""[12][82][0C][93]Try for a prize[01]Practice[01]Quit Kecak",65,
AREAS041.DAT:7:423,AREAS041.DAT,7,423,"""Which lesson do you want[01]to try?""[12][82][0C][15]Stage 1[01]Stage 2[01]Stage 3[01]Stage 4[01]Stage 5",78,
AREAS041.DAT:7:424,AREAS041.DAT,7,424,"""Ready? Here we go!""",21,
AREAS041.DAT:7:425,AREAS041.DAT,7,425,"""OK, then--ready, set, go!""",28,
AREAS041.DAT:7:426,AREAS041.DAT,7,426,"""OK, then--ready, set, go!""",28,
AREAS041.DAT:7:427,AREAS041.DAT,7,427,"""Want to try again?""[12][82][0C][93]Try again[01]Practice[01]Quit Kecak",54,
AREAS041.DAT:7:428,AREAS041.DAT,7,428,"""We play rock-paper-[01]scissors with cards here![01]Want to play with me?[02]There's lots of neat[01]prizes!""",99,
AREAS041.DAT:7:429,AREAS041.DAT,7,429,"""We play rock-paper-[01]scissors with cards here![01]Want to play with me?[02]There's lots of neat[01]prizes!""",99,
AREAS041.DAT:7:430,AREAS041.DAT,7,430,"""We play rock-paper-[01]scissors with cards here![01]Want to play with me?[02]There's lots of neat[01]prizes!""",99,
AREAS041.DAT:7:431,AREAS041.DAT,7,431,"""We play rock-paper-[01]scissors with cards here![01]Want to play with me?[02]There's lots of neat[01]prizes!""",99,
AREAS041.DAT:7:432,AREAS041.DAT,7,432,"""We play rock-paper-[01]scissors with cards here![01]Want to play with me?[02]There's lots of neat[01]prizes!""",99,
AREAS041.DAT:7:433,AREAS041.DAT,7,433,"""What do you want to do?""[12][82][0C][94]Play[01]Learn rules[01]Look at prizes[01]Exit",66,
AREAS041.DAT:7:435,AREAS041.DAT,7,435,"""Come back soon!""",18,
AREAS041.DAT:7:437,AREAS041.DAT,7,437,"""You don't have enough[01]zenny! That means you[01]can't play--sorry!""",65,
AREAS041.DAT:7:438,AREAS041.DAT,7,438,"""Here we go! If you lose,[01]promise me you won't be a[01]poor sport, OK?""",69,
AREAS041.DAT:7:439,AREAS041.DAT,7,439,"""What? You want to quit?[02]If you quit, you lose all[01]your points! Are you sure[01]you want to quit?""[12][82][0C][82]Yes[01]No",106,
AREAS041.DAT:7:440,AREAS041.DAT,7,440,"""That was a good game![01]Want to play again?""[12][82][0C][93]Play again[01]Trade for prizes[01]Quit",80,
AREAS041.DAT:7:441,AREAS041.DAT,7,441,"""...You got me that time![02]Let's see...You've got [07]",51,
AREAS041.DAT:7:442,AREAS041.DAT,7,442,"""Ha ha! I win![02]Sorry--that means your[01]points get reset!""",57,
AREAS041.DAT:7:443,AREAS041.DAT,7,443,"""That's the spirit! All[01]right, let's play!""",44,
AREAS041.DAT:7:444,AREAS041.DAT,7,444,"""You want to trade your[01]points for this?""[12][82][0C][82]Yes[01]No",52,
AREAS041.DAT:7:445,AREAS041.DAT,7,445,"""Huh?[02]Looks like you can't carry[01]any more of that item.""",57,
AREAS041.DAT:7:446,AREAS041.DAT,7,446,"""Huh?[02]Looks like you can't carry[01]any more of that item.""",57,
AREAS041.DAT:7:448,AREAS041.DAT,7,448,"[0C]D""Which mode do you want[01]to play in?""[12][82][0C][02]Normal[01]Random",56,
AREAS041.DAT:7:449,AREAS041.DAT,7,449,"[0C]F""Are you sure you[01]want to use this[01]card?""[12][82][0C][82]Yes[01]No",54,
AREAS041.DAT:7:450,AREAS041.DAT,7,450,"[0C]D""All right, here we go![02]One...two...three!""",46,
AREAS041.DAT:7:451,AREAS041.DAT,7,451,"[0C]D""Hey!""",9,
AREAS041.DAT:7:452,AREAS041.DAT,7,452,"[0C]D""...I lost again...""",23,
AREAS041.DAT:7:453,AREAS041.DAT,7,453,"[0C]D""Ha ha![01]I win again!""",24,
AREAS041.DAT:7:454,AREAS041.DAT,7,454,"[0C]D""Well, that's that--[01]I can't win no matter[01]what now.""",56,
AREAS041.DAT:7:455,AREAS041.DAT,7,455,"[0C]D""I hate losing!""",19,
AREAS041.DAT:7:456,AREAS041.DAT,7,456,"[0C]D""Ha ha![02]That's it! You can't[01]win anymore! I win![01]Yippee!""",60,
AREAS041.DAT:7:457,AREAS041.DAT,7,457,"[0C]D""You're not doing so[01]good...[02]C'mon, try a little[01]harder!""",60,
AREAS041.DAT:7:458,AREAS041.DAT,7,458,"[0C]D""Things are looking[01]pretty good!""",36,
AREAS041.DAT:7:459,AREAS041.DAT,7,459,"[0C]D""I'm starting to feel[01]a little silly!""",41,
AREAS041.DAT:7:460,AREAS041.DAT,7,460,"[0C]D""Let's see...What[01]should I do next...?""",42,
AREAS041.DAT:7:461,AREAS041.DAT,7,461,"[0C]D""Gotcha!""",12,
AREAS041.DAT:7:462,AREAS041.DAT,7,462,"[0C]D""Hmmm...What should I[01]do next...?""",37,
AREAS041.DAT:7:463,AREAS041.DAT,7,463,"[0C]D""Let's see...""",17,
AREAS041.DAT:7:464,AREAS041.DAT,7,464,"[0C]D""I don't know what I[01]should do!""",35,
AREAS041.DAT:7:465,AREAS041.DAT,7,465,"[0C]D""The game's not over[01]yet!""",29,
AREAS041.DAT:7:466,AREAS041.DAT,7,466,"[0C]D""I don't want to[01]lose!""",26,
AREAS041.DAT:7:467,AREAS041.DAT,7,467,"[0C]D""Come on!""",13,
AREAS041.DAT:7:468,AREAS041.DAT,7,468,"[0C]D""Sigh...""",12,
AREAS041.DAT:7:469,AREAS041.DAT,7,469,"[0C]D""There's no way I[01]can win...""",32,
AREAS041.DAT:7:470,AREAS041.DAT,7,470,"[0C]D""Wow! That was over[01]quick![02]Are you OK?""",42,
AREAS041.DAT:7:471,AREAS041.DAT,7,471,"[0C]D""Hooray! I win!""",19,
AREAS041.DAT:7:472,AREAS041.DAT,7,472,"[0C]D""Whew! I win! That[01]was a hard game! You[01]almost had me!""",58,
AREAS041.DAT:7:473,AREAS041.DAT,7,473,"[0C]D""Looks like it's a[01]draw...[02][0B]...Which means I[01]win!""",53,
AREAS041.DAT:7:474,AREAS041.DAT,7,474,"[0C]D""Out of cards![02]Have to try harder[01]next time!""",48,
AREAS041.DAT:7:475,AREAS041.DAT,7,475,"[0C]D""Sigh...[01]I lose...""",22,
AREAS041.DAT:7:476,AREAS041.DAT,7,476,"[0C]D""It's no use! Nothing[01]I tired seemed to[01]work against you!""",61,
AREAS041.DAT:7:477,AREAS041.DAT,7,477,Soul Ring,10,
AREAS041.DAT:7:478,AREAS041.DAT,7,478,"10,000 zenny",13,
AREAS041.DAT:7:479,AREAS041.DAT,7,479,Midas Stone,12,
AREAS041.DAT:7:480,AREAS041.DAT,7,480,"1,000 zenny",12,
AREAS041.DAT:7:481,AREAS041.DAT,7,481,Dress Shoes,12,
AREAS041.DAT:7:482,AREAS041.DAT,7,482,Multivitamin,13,
AREAS041.DAT:7:483,AREAS041.DAT,7,483,"[0C]D""Hmmm...Maybe next[01]time I'll play a[01]rock...""",47,
AREAS041.DAT:7:484,AREAS041.DAT,7,484,"[0C]D""Hmmm...Maybe next[01]time I'll play a[01]rock...""",47,
AREAS041.DAT:7:485,AREAS041.DAT,7,485,"[0C]D""Scissors...[0B][0B][01]Huh? Never mind--[01]talking to myself!""",55,
AREAS041.DAT:7:486,AREAS041.DAT,7,486,"[0C]D""Maybe I should play[01]paper next...""",38,
AREAS041.DAT:7:487,AREAS041.DAT,7,487,"[0C]D""With that many cards[01]left, what could the[01]next one will be?""",64,
AREAS041.DAT:7:488,AREAS041.DAT,7,488,Select a character.,20,
AREAS041.DAT:7:489,AREAS041.DAT,7,489,Directional buttons: Move[01]                   cursor[01][7F]: Confirm        [80]: Cancel,80,
AREAS041.DAT:7:490,AREAS041.DAT,7,490,Diligent,9,
AREAS041.DAT:7:491,AREAS041.DAT,7,491,Ordinary,9,
AREAS041.DAT:7:499,AREAS041.DAT,7,499,"""We play rock-paper-[01]scissors with cards here![02]Want to play with me?[01]I've been practicing a[01]lot!""",98,
AREAS041.DAT:7:500,AREAS041.DAT,7,500,"""We play rock-paper-[01]scissors with cards here![02]I'm an average player--[01]want to play with me?""",94,
AREAS041.DAT:7:501,AREAS041.DAT,7,501,"""We play rock-paper-[01]scissors with cards here![02]I don't play that much, but[01]I'll play with you if you[01]want!""",108,
AREAS041.DAT:7:502,AREAS041.DAT,7,502,"""We play rock-paper-[01]scissors with cards here![02]Everyone says I'm weird and[01]won't play with me! Do you[01]want to play with me?""",125,
AREAS041.DAT:7:503,AREAS041.DAT,7,503,"""Perfect! Why don't you try[01]for a prize?""",42,
AREAS041.DAT:7:504,AREAS041.DAT,7,504,"""Perfect! Try the next[01]level--it's a little[01]harder, though!""",61,
AREAS041.DAT:7:505,AREAS041.DAT,7,505,"""Close! Relax and try[01]again!""",30,
AREAS041.DAT:7:506,AREAS041.DAT,7,506,"""Hmmm...[0B][0B][01]I think maybe you should[01]practice a little more.""",61,
AREAS042.DAT:7:0,AREAS042.DAT,7,0,[0C][8A][12][82][0C][82]Yes[01]No,13,
AREAS042.DAT:7:1,AREAS042.DAT,7,1,[0C][8A][12][82][0C][82]Yes[01]No,13,
AREAS042.DAT:7:2,AREAS042.DAT,7,2,[0C][88][12][82][0C][82]Yes[01]No,13,
AREAS042.DAT:7:4,AREAS042.DAT,7,4,"""It's dangerous to travel[01]around if you're wounded.[02]Why don't you stay here and[01]rest?""[12][86][0C][93]Rest[01]Diary[01]Never mind",112,
AREAS042.DAT:7:5,AREAS042.DAT,7,5,"""Want to rest?""[12][86][0C][93]Rest[01]Diary[01]Never mind",41,
AREAS042.DAT:7:6,AREAS042.DAT,7,6,"""Want to rest?""[12][86][0C][93]Rest[01]Diary[01]Never mind",41,
AREAS042.DAT:7:7,AREAS042.DAT,7,7,"""It's hard working in this[01]business, you know?[02]Having to put up with all[01]the complaints and people[01]with no zenny...[02]Anyway, want to rest?""[12][86][0C][93]Rest[01]Diary[01]Never mind",164,
AREAS042.DAT:7:8,AREAS042.DAT,7,8,"""It's hard working in this[01]business, you know?[02]Having to put up with all[01]the complaints and people[01]with no zenny...[02]Anyway, want to rest?""[12][86][0C][93]Rest[01]Diary[01]Never mind",164,
AREAS042.DAT:7:9,AREAS042.DAT,7,9,"""This is the cleanest inn[01]in the whole village![02]Want to rest?""[12][86][0C][93]Rest[01]Diary[01]Never mind",88,
AREAS042.DAT:7:10,AREAS042.DAT,7,10,"""This is the cleanest inn[01]in the whole village![02]Want to rest?""[12][86][0C][93]Rest[01]Diary[01]Never mind",88,
AREAS042.DAT:7:11,AREAS042.DAT,7,11,"""I know all about you and[01]your friends, [04]",42,
AREAS042.DAT:7:12,AREAS042.DAT,7,12,"""I know all about you and[01]your friends, [04]",42,
AREAS042.DAT:7:13,AREAS042.DAT,7,13,"""So far, you've looked in[01][07]",28,
AREAS042.DAT:7:20,AREAS042.DAT,7,20,"""...How come I have to sit[01]here in this store selling[01]stuff, huh?[02]It's boring! I want a more[01]exciting job, with travel[01]and responsibility!""",140,
AREAS042.DAT:7:21,AREAS042.DAT,7,21,"""I had no idea there were[01]so many different kinds of[01]items!""",61,
AREAS042.DAT:7:22,AREAS042.DAT,7,22,"""The more faeries we have[01]working in here, the easier[01]it is to get rare items!""",80,
AREAS042.DAT:7:23,AREAS042.DAT,7,23,"""Thank you for coming! It's[01]nice to see you again!""",52,
AREAS042.DAT:7:24,AREAS042.DAT,7,24,"""I am sooo bored! Nothing[01]exciting ever happens[01]around here!""",62,
AREAS042.DAT:7:25,AREAS042.DAT,7,25,"""We don't have a storeroom,[01]so we keep the items in our[01]bellies![02][0B]Just kidding, silly!""",88,
AREAS042.DAT:7:26,AREAS042.DAT,7,26,"""What do we do? We're[01]buyers.""",31,
AREAS042.DAT:7:27,AREAS042.DAT,7,27,"""Sorry--I wish I could give[01]you a discount, but[01]business is business.""",71,
AREAS042.DAT:7:33,AREAS042.DAT,7,33,"""We're just your ordinary[01]weapons shop! Want to buy[01]anything?""[12][84][0C][94]Buy[01]Sell[01]Trade[01]Exit",86,
AREAS042.DAT:7:36,AREAS042.DAT,7,36,"""You know...[02]I don't really like weapons[01]much...Don't like selling[01]them, either...""",84,
AREAS042.DAT:7:37,AREAS042.DAT,7,37,"""Want to try one of our[01]weapons out? Give it a[01]practice swing?[02]W-wait...Why are you[01]looking at me like that!?""",111,
AREAS042.DAT:7:38,AREAS042.DAT,7,38,"""The more faeries we have[01]working in here, the easier[01]it is to get good weapons!""",82,
AREAS042.DAT:7:39,AREAS042.DAT,7,39,"""Thanks for shopping here![01]Come again soon!""",45,
AREAS042.DAT:7:40,AREAS042.DAT,7,40,"""It's my job to sharpen the[01]swords and stuff.[02]There's nothing like a[01]nice, shiny, just-sharpened[01]sword![02]Makes me want to try[01]it out, you know...""",146,
AREAS042.DAT:7:41,AREAS042.DAT,7,41,"""I saw a guy in a circus[01]swallow swords once...Can[01]you do that?""",65,
AREAS042.DAT:7:42,AREAS042.DAT,7,42,"""There's something scary[01]about people who collect[01]weapons, you know...""",72,
AREAS042.DAT:7:43,AREAS042.DAT,7,43,"""Wow! You're back again?[01]It's so good to see you[01]again!""",57,
AREAS042.DAT:7:44,AREAS042.DAT,7,44,"""If you want, I'll go out[01]and look for all sorts of[01]items for you![02]Do you want me to go out on[01]a search?""[12][82][0C][82]Yes[01]No",116,
AREAS042.DAT:7:45,AREAS042.DAT,7,45,"""If you want, I'll go out[01]and look for all sorts of[01]items for you![02]Do you want me to go out on[01]a search?""[12][82][0C][82]Yes[01]No",116,
AREAS042.DAT:7:46,AREAS042.DAT,7,46,"""If you want, I'll go out[01]and look for all sorts of[01]items for you![02]Do you want me to go out on[01]a search?""[12][82][0C][82]Yes[01]No",116,
AREAS042.DAT:7:47,AREAS042.DAT,7,47,"""If you want, I'll go out[01]and look for all sorts of[01]items for you![02]Do you want me to go out on[01]a search?""[12][82][0C][82]Yes[01]No",116,
AREAS042.DAT:7:48,AREAS042.DAT,7,48,"""If you want, I'll go out[01]and look for all sorts of[01]items for you![02]Do you want me to go out on[01]a search?""[12][82][0C][82]Yes[01]No",116,
AREAS042.DAT:7:49,AREAS042.DAT,7,49,"""If you want, I'll go out[01]and bring back anything I[01]find.[02]Want me to go out on a[01]search?""[12][82][0C][82]Yes[01]No",100,
AREAS042.DAT:7:50,AREAS042.DAT,7,50,"""If you want, I can go out[01]and pick up some items for[01]you.[02]Want me to go out on a[01]search?""[12][82][0C][82]Yes[01]No",101,
AREAS042.DAT:7:51,AREAS042.DAT,7,51,"""I just love to go out and[01]travel! If I find anything,[02]I'll bring it back for you.[01]Want me to go on a search?""[12][82][0C][82]Yes[01]No",121,
AREAS042.DAT:7:52,AREAS042.DAT,7,52,"""Where should I go?""",21,
AREAS042.DAT:7:54,AREAS042.DAT,7,54,"""All right, I'm off! See[01]you when I get back!""",47,
AREAS042.DAT:7:55,AREAS042.DAT,7,55,"""Well, see you later then.""",28,
AREAS042.DAT:7:56,AREAS042.DAT,7,56,"""I'll try and find the best[01]things I can![02]Or do you not want me to go[01]now?""[12][82][0C][93]Change destination[01]Cancel search[01]Don't cancel search",132,
AREAS042.DAT:7:57,AREAS042.DAT,7,57,"""I'll try and find the best[01]things I can![02]Or do you not want me to go[01]now?""[12][82][0C][93]Change destination[01]Cancel search[01]Don't cancel search",132,
AREAS042.DAT:7:58,AREAS042.DAT,7,58,"""It's kind of scary, going[01]on a trip to a faraway[01]place...[02]Do you want to cancel the[01]search?""[12][82][0C][93]Change destination[01]Cancel search[01]Don't cancel search",150,
AREAS042.DAT:7:59,AREAS042.DAT,7,59,"""If I die, it's your fault![02]Can I just stay here and[01]not go out on a search?""[12][82][0C][93]Change destination[01]Cancel search[01]Don't cancel search",134,
AREAS042.DAT:7:60,AREAS042.DAT,7,60,"""I'm busy packing, getting[01]ready to go out on my[01]search.[02]That is, unless you don't[01]want me to go anymore?""[12][82][0C][93]Change destination[01]Cancel search[01]Don't cancel search",163,
AREAS042.DAT:7:61,AREAS042.DAT,7,61,"""All right, then, I won't[01]go!""",31,
AREAS042.DAT:7:62,AREAS042.DAT,7,62,Dif.5  Desert,14,
AREAS042.DAT:7:63,AREAS042.DAT,7,63,Dif.5  Desert,14,
AREAS042.DAT:7:64,AREAS042.DAT,7,64,Dif.5  Desert,14,
AREAS042.DAT:7:65,AREAS042.DAT,7,65,Dif.1  Wyndia,14,
AREAS042.DAT:7:66,AREAS042.DAT,7,66,Dif.2  Ludia,13,
AREAS042.DAT:7:67,AREAS042.DAT,7,67,Dif.2  Astan,13,
AREAS042.DAT:7:68,AREAS042.DAT,7,68,Dif.5  Zhinga Mts.,19,
AREAS042.DAT:7:69,AREAS042.DAT,7,69,Dif.1  Gold Plains,19,
AREAS042.DAT:7:70,AREAS042.DAT,7,70,Dif.5  Highlands,17,
AREAS042.DAT:7:71,AREAS042.DAT,7,71,Dif.3  S. Hesperia,19,
AREAS042.DAT:7:72,AREAS042.DAT,7,72,Dif.2  Shikk,13,
AREAS042.DAT:7:73,AREAS042.DAT,7,73,Dif.4  Salt Sea,16,
AREAS042.DAT:7:74,AREAS042.DAT,7,74,Dif.4 N. Islands,17,
AREAS042.DAT:7:75,AREAS042.DAT,7,75,Dif.3  Paedra,14,
AREAS042.DAT:7:76,AREAS042.DAT,7,76,Dif.3  C. Hesperia,19,
AREAS042.DAT:7:77,AREAS042.DAT,7,77,"""I almost got killed[01]bringing that back here.[01]I hope you're happy!""",68,
AREAS042.DAT:7:78,AREAS042.DAT,7,78,"""I almost got killed[01]bringing that back here.[01]I hope you're happy!""",68,
AREAS042.DAT:7:79,AREAS042.DAT,7,79,"""I almost got killed[01]bringing that back here.[01]I hope you're happy!""",68,
AREAS042.DAT:7:80,AREAS042.DAT,7,80,"""I almost got killed[01]bringing that back here.[01]I hope you're happy!""",68,
AREAS042.DAT:7:81,AREAS042.DAT,7,81,"""I'm just glad I got back[01]here in one piece!""",46,
AREAS042.DAT:7:82,AREAS042.DAT,7,82,"""I brought you back[01]something real nice!""",42,
AREAS042.DAT:7:83,AREAS042.DAT,7,83,"""I did my best for you,[01][04]",26,
AREAS042.DAT:7:87,AREAS042.DAT,7,87,"""We buy and sell [09]#",20,
AREAS042.DAT:7:88,AREAS042.DAT,7,88,"""We buy and sell [09]#",20,
AREAS042.DAT:7:89,AREAS042.DAT,7,89,"""We buy and sell [09]#",20,
AREAS042.DAT:7:90,AREAS042.DAT,7,90,"""We buy and sell [09]#",20,
AREAS042.DAT:7:91,AREAS042.DAT,7,91,"""We buy and sell [09]#",20,
AREAS042.DAT:7:92,AREAS042.DAT,7,92,"""How much [09]#",13,
AREAS042.DAT:7:93,AREAS042.DAT,7,93,"""How much [09]#",13,
AREAS042.DAT:7:94,AREAS042.DAT,7,94,"""How much [09]#",13,
AREAS042.DAT:7:95,AREAS042.DAT,7,95,"""You want [07]",12,
AREAS042.DAT:7:96,AREAS042.DAT,7,96,"""How much [09]#",13,
AREAS042.DAT:7:97,AREAS042.DAT,7,97,"""You're selling [07]",18,
AREAS042.DAT:7:98,AREAS042.DAT,7,98,"""You don't have enough zenny!""",31,
AREAS042.DAT:7:99,AREAS042.DAT,7,99,"""You can't carry any more [09]#",29,
AREAS042.DAT:7:100,AREAS042.DAT,7,100,"""You don't have any [09]#",23,
AREAS042.DAT:7:106,AREAS042.DAT,7,106,"""Thanks!""",10,
AREAS042.DAT:7:107,AREAS042.DAT,7,107,"""I just know prices are[01]going to go up soon! I can[01]feel it!""",61,
AREAS042.DAT:7:108,AREAS042.DAT,7,108,"""I just know prices are[01]going to go up soon! I can[01]feel it!""",61,
AREAS042.DAT:7:109,AREAS042.DAT,7,109,"""I just know prices are[01]going to go up soon! I can[01]feel it!""",61,
AREAS042.DAT:7:110,AREAS042.DAT,7,110,"""I just know prices are[01]going to go up soon! I can[01]feel it!""",61,
AREAS042.DAT:7:111,AREAS042.DAT,7,111,"""I just know prices are[01]going to go up soon! I can[01]feel it!""",61,
AREAS042.DAT:7:112,AREAS042.DAT,7,112,"""It looks like prices are[01]going to go up.""",43,
AREAS042.DAT:7:113,AREAS042.DAT,7,113,"""Things are staying about[01]the same right now.""",47,
AREAS042.DAT:7:114,AREAS042.DAT,7,114,"""Looks like prices could[01]drop any time now.""",45,
AREAS042.DAT:7:115,AREAS042.DAT,7,115,"""It's not looking[01]too good...""",31,
AREAS042.DAT:7:116,AREAS042.DAT,7,116,"""I'd buy now if I were[01]you.""",29,
AREAS042.DAT:7:117,AREAS042.DAT,7,117,"""I'd sell now if I were[01]you.""",30,
AREAS042.DAT:7:118,AREAS042.DAT,7,118,"""Do you want to trade the[01][09]#",29,
AREAS042.DAT:7:119,AREAS042.DAT,7,119,"""Do you want to trade the[01][09]#",29,
AREAS042.DAT:7:120,AREAS042.DAT,7,120,"""Do you want to trade the[01][09]#",29,
AREAS042.DAT:7:121,AREAS042.DAT,7,121,"""Do you want to trade the[01][09]#",29,
AREAS042.DAT:7:122,AREAS042.DAT,7,122,"""Do you want to trade the[01][09]#",29,
AREAS042.DAT:7:123,AREAS042.DAT,7,123,"""Hi there! Do you want to[01]buy some insurance?[02]You never know when it'll[01]come in handy! Interested?""[12][82][0C][82]Yes[01]No",110,
AREAS042.DAT:7:124,AREAS042.DAT,7,124,"""Hi there! Do you want to[01]buy some insurance?[02]You never know when it'll[01]come in handy! Interested?""[12][82][0C][82]Yes[01]No",110,
AREAS042.DAT:7:125,AREAS042.DAT,7,125,"""Hi there! Do you want to[01]buy some insurance?[02]You never know when it'll[01]come in handy! Interested?""[12][82][0C][82]Yes[01]No",110,
AREAS042.DAT:7:126,AREAS042.DAT,7,126,"""Hi there! Do you want to[01]buy some insurance?[02]You never know when it'll[01]come in handy! Interested?""[12][82][0C][82]Yes[01]No",110,
AREAS042.DAT:7:127,AREAS042.DAT,7,127,"""Hi there! Do you want to[01]buy some insurance?[02]You never know when it'll[01]come in handy! Interested?""[12][82][0C][82]Yes[01]No",110,
AREAS042.DAT:7:128,AREAS042.DAT,7,128,"""Hi there! Do you want to[01]buy some insurance?[02]You never know when it'll[01]come in handy! Interested?""[12][82][0C][82]Yes[01]No",110,
AREAS042.DAT:7:129,AREAS042.DAT,7,129,"""Hi there! Do you want to[01]buy some insurance?[02]You never know when it'll[01]come in handy! Interested?""[12][82][0C][82]Yes[01]No",110,
AREAS042.DAT:7:130,AREAS042.DAT,7,130,"""Hi! If you buy some[01]insurance, I'll give you a[01]free gift! Well?""[12][82][0C][82]OK[01]Sorry",78,
AREAS042.DAT:7:131,AREAS042.DAT,7,131,"""Hi! If you buy some[01]insurance, I'll give you a[01]free gift! Well?[12][82][0C][82]OK[01]Sorry",77,
AREAS042.DAT:7:132,AREAS042.DAT,7,132,"""Please don't die, [04]",21,
AREAS042.DAT:7:133,AREAS042.DAT,7,133,"""You be careful and be sure[01]to take care of yourself.[02][0B]Why? Because if you don't[01]we're the ones who have to[01]pay the insurance bills!""",134,
AREAS042.DAT:7:134,AREAS042.DAT,7,134,"""We're ready whenever you[01]need us. We'll take care of[01]you, [04]",61,
AREAS042.DAT:7:135,AREAS042.DAT,7,135,"""Better safe than sorry,[01]right?[02]We'll be there if you[01]need us, [04]",65,
AREAS042.DAT:7:136,AREAS042.DAT,7,136,"""We're nowhere near this[01]month's target! We need to[01]sell more insurance!""",74,
AREAS042.DAT:7:137,AREAS042.DAT,7,137,"""It's a really good idea to[01]have some insurance. I'd[01]buy some if I were you.""",78,
AREAS042.DAT:7:138,AREAS042.DAT,7,138,"""An ounce of prevention is[01]worth a pound of cure![02]Get some insurance--it's[01]for your own good as well[01]as ours!""",111,
AREAS042.DAT:7:139,AREAS042.DAT,7,139,"""You don't need any[01]insurance! I'll protect you[01]myself![02][0B]...But if I did that, it[01]would make everyone jealous[01]and they'd pick on me...[02]Maybe you should get some[01]insurance after all.""",183,
AREAS042.DAT:7:140,AREAS042.DAT,7,140,"""Do you want to add a[01]premium?""[12][82][0C][82]Yes[01]No",42,
AREAS042.DAT:7:141,AREAS042.DAT,7,141,"""Thank you! I bet you feel[01]a lot better knowing that[01]you've got insurance!""",76,
AREAS042.DAT:7:142,AREAS042.DAT,7,142,"""Hi there! Your insurance[01]coverage has expired.""",49,
AREAS042.DAT:7:143,AREAS042.DAT,7,143,"""If you've got insurance,[01]you can come back when[01]you're defeated in battle![02]However, [05][02]8%[06] of the zenny[01]you get in combat is[01]automatically deducted.[02]Do you want to buy some[01]insurance?""[12][82][0C][82]Yes[01]No",195,
AREAS042.DAT:7:144,AREAS042.DAT,7,144,"""Once you get insurance,[01]you can't terminate the[01]contract--[02]you have to wait until it[01]expires. Do you still want[01]to buy insurance?""[12][82][0C][82]Yes[01]No",142,
AREAS042.DAT:7:145,AREAS042.DAT,7,145,"""OK, then, it's your loss.""",28,
AREAS042.DAT:7:146,AREAS042.DAT,7,146,"""What about a premium? Do[01]you want to add a premium?""[12][82][0C][82]Yes[01]No",64,
AREAS042.DAT:7:149,AREAS042.DAT,7,149,"""Do you want to continue[01]your insurance policy?[02]If you don't want to,[01]you'll get some of your[01]zenny back.[02]Do you want to cancel[01]your policy?""[12][82][0C][02]Yes[01]No",152,
AREAS042.DAT:7:150,AREAS042.DAT,7,150,"""Are you sure you want to[01]cancel your policy?""[12][82][0C][82]Yes[01]No",57,
AREAS042.DAT:7:151,AREAS042.DAT,7,151,"""Are you sure you want to[01]continue your policy?""[12][82][0C][82]Yes[01]No",59,
AREAS042.DAT:7:152,AREAS042.DAT,7,152,"""All right, then, we'll[01]give you back the zenny you[01]paid up until now, OK?""",76,
AREAS042.DAT:7:153,AREAS042.DAT,7,153,"""Thanks! As a present,[01]here's some of your down[01]payment back and an item!""",75,
AREAS042.DAT:7:154,AREAS042.DAT,7,154,"""Thanks again.""",16,
AREAS042.DAT:7:155,AREAS042.DAT,7,155,"""Which premium do you want[01]to renew?""",38,
AREAS042.DAT:7:156,AREAS042.DAT,7,156,"""Which premium do you want[01]to renew?""",38,
AREAS042.DAT:7:157,AREAS042.DAT,7,157,"""Which premium do you want[01]to renew?""",38,
AREAS042.DAT:7:158,AREAS042.DAT,7,158,"""You can't add any more[01]premiums!""",35,
AREAS042.DAT:7:159,AREAS042.DAT,7,159,"""Do you want to listen to[01]our music?""[12][82][0C][82]Yes[01]No",48,
AREAS042.DAT:7:160,AREAS042.DAT,7,160,"""Do you want to listen to[01]our music?""[12][82][0C][82]Yes[01]No",48,
AREAS042.DAT:7:161,AREAS042.DAT,7,161,"""Do you want to listen to[01]our music?""[12][82][0C][82]Yes[01]No",48,
AREAS042.DAT:7:162,AREAS042.DAT,7,162,"""We went to a lot of[01]trouble to make some music.[02]You'd better listen to[01]it.[01]Well?""[12][82][0C][82]Yes[01]No",93,
AREAS042.DAT:7:163,AREAS042.DAT,7,163,"""You'll listen to the[01]music we wrote, won't you?""[12][82][0C][82]Yes[01]No",60,
AREAS042.DAT:7:164,AREAS042.DAT,7,164,"""Do you want to listen to[01]our singing?""[12][82][0C][82]Yes[01]No",50,
AREAS042.DAT:7:165,AREAS042.DAT,7,165,"""Do you want to listen to[01]our singing?""[12][82][0C][82]Yes[01]No",50,
AREAS042.DAT:7:166,AREAS042.DAT,7,166,"""Hey! You want to listen to[01]our songs, don't you?""[12][82][0C][82]Yes[01]No",61,
AREAS042.DAT:7:167,AREAS042.DAT,7,167,"""You want to listen to our[01]songs, right?""[12][82][0C][82]Yes[01]No",52,
AREAS042.DAT:7:168,AREAS042.DAT,7,168,"""If you don't listen to our[01]music, we'll tell people[01]bad things about you!""",76,
AREAS042.DAT:7:169,AREAS042.DAT,7,169,"""What do you mean how come[01]I'm not doing anything?[02]I'm part of the chorus!""",76,
AREAS042.DAT:7:170,AREAS042.DAT,7,170,"""dooooo[0B]reeeey[0B]meeeeee[0B][02]Whew! Boy, these scales[01]sure are a lot of work!""",73,
AREAS042.DAT:7:171,AREAS042.DAT,7,171,"""The only audience we need[01]for our songs is you,[01][04]",51,
AREAS042.DAT:7:172,AREAS042.DAT,7,172,"""Will you look at our[01]paintings?""[12][82][0C][82]Yes[01]No",44,
AREAS042.DAT:7:173,AREAS042.DAT,7,173,"""Will you look at our[01]paintings?""[12][82][0C][82]Yes[01]No",44,
AREAS042.DAT:7:174,AREAS042.DAT,7,174,"""Will you look at our[01]paintings?""[12][82][0C][82]Yes[01]No",44,
AREAS042.DAT:7:175,AREAS042.DAT,7,175,"""Will you look at our[01]paintings?""[12][82][0C][82]Yes[01]No",44,
AREAS042.DAT:7:176,AREAS042.DAT,7,176,"""Will you look at our[01]paintings?""[12][82][0C][82]Yes[01]No",44,
AREAS042.DAT:7:177,AREAS042.DAT,7,177,"""Will you look at our[01]paintings?""[12][82][0C][82]Yes[01]No",44,
AREAS042.DAT:7:178,AREAS042.DAT,7,178,"""You'll look at our[01]paintings, won't you?""[12][82][0C][82]Yes[01]No",53,
AREAS042.DAT:7:179,AREAS042.DAT,7,179,"""You look like someone who[01]wants to see some art.[01]Am I right?""[12][82][0C][82]Yes[01]No",73,
AREAS042.DAT:7:180,AREAS042.DAT,7,180,"""It's a hard life you know,[01]being an artist. Nobody[01]understands us.""",69,
AREAS042.DAT:7:181,AREAS042.DAT,7,181,"""It's a hard life you know,[01]being an artist. Nobody[01]understands us.""",69,
AREAS042.DAT:7:182,AREAS042.DAT,7,182,"""Looking at [04]",14,
AREAS042.DAT:7:183,AREAS042.DAT,7,183,"""Looking at [04]",14,
AREAS042.DAT:7:184,AREAS042.DAT,7,184,"""I'm in kind of a slump[01]right now--don't talk to[01]me, OK?""",58,
AREAS042.DAT:7:185,AREAS042.DAT,7,185,"""I'm in kind of a slump[01]right now--don't talk to[01]me, OK?""",58,
AREAS042.DAT:7:186,AREAS042.DAT,7,186,"""I feel like I'm finally[01]beginning to understand[01]art.[02]I knew I would--it was[01]just a matter of time!""",101,
AREAS042.DAT:7:187,AREAS042.DAT,7,187,"""Thanks for all your[01]support. I'm dedicating my[01]next work to you!""",67,
AREAS042.DAT:7:198,AREAS042.DAT,7,198,Recover with a Vitamin.[01][05][02]1%[06] is deducted from zenny earned.,61,
AREAS042.DAT:7:199,AREAS042.DAT,7,199,Recover and automatically Retreat.[01][05][02]2%[06] is deducted from zenny earned.,72,
AREAS042.DAT:7:200,AREAS042.DAT,7,200,Recover with all AP restored.[01][05][02]3%[06] is deducted from zenny earned.,67,
AREAS042.DAT:7:201,AREAS042.DAT,7,201,Recover with dragons restored.[01][05][02]3%[06] is deducted from zenny earned.,68,
AREAS042.DAT:7:202,AREAS042.DAT,7,202,You got:[01]Insurance Contract 1!,31,
AREAS042.DAT:7:203,AREAS042.DAT,7,203,You got:[01]Insurance Contract 2!,31,
AREAS042.DAT:7:204,AREAS042.DAT,7,204,You got:[01]Insurance Contract 3!,31,
AREAS042.DAT:7:205,AREAS042.DAT,7,205,You got:[01]Insurance Contract 4!,31,
AREAS042.DAT:7:206,AREAS042.DAT,7,206,You got:[01]Insurance Contract 5!,31,
AREAS042.DAT:7:207,AREAS042.DAT,7,207,You got:[01]Insurance Contract 6!,31,
AREAS042.DAT:7:208,AREAS042.DAT,7,208,You got:[01]Insurance Contract 7!,31,
AREAS042.DAT:7:209,AREAS042.DAT,7,209,You got:[01]Insurance Contract 8!,31,
AREAS042.DAT:7:210,AREAS042.DAT,7,210,"""Starlight Run""",16,
AREAS042.DAT:7:211,AREAS042.DAT,7,211,"""Walkabout""",12,
AREAS042.DAT:7:212,AREAS042.DAT,7,212,"""By The Numbers""",17,
AREAS042.DAT:7:213,AREAS042.DAT,7,213,"""Bringing Home A Win""",22,
AREAS042.DAT:7:214,AREAS042.DAT,7,214,"""Slow Tension""",15,
AREAS042.DAT:7:215,AREAS042.DAT,7,215,"""Endings and Beginnings""",25,
AREAS042.DAT:7:216,AREAS042.DAT,7,216,"""Trouble Ahead""",16,
AREAS042.DAT:7:217,AREAS042.DAT,7,217,"""Ephemeral""",12,
AREAS042.DAT:7:218,AREAS042.DAT,7,218,"""The First Emperor""",20,
AREAS042.DAT:7:219,AREAS042.DAT,7,219,"""Fighters""",11,
AREAS042.DAT:7:220,AREAS042.DAT,7,220,"""Take The Money And Run""",25,
AREAS042.DAT:7:221,AREAS042.DAT,7,221,"""Battling Gods""",16,
AREAS042.DAT:7:222,AREAS042.DAT,7,222,"""Desert Town""",14,
AREAS042.DAT:7:223,AREAS042.DAT,7,223,"""Round And Round""",18,
AREAS042.DAT:7:224,AREAS042.DAT,7,224,"""Under Pressure""",17,
AREAS042.DAT:7:225,AREAS042.DAT,7,225,"""Bastard Sword""",16,
AREAS042.DAT:7:226,AREAS042.DAT,7,226,"""Another Working Day""",22,
AREAS042.DAT:7:227,AREAS042.DAT,7,227,"""All Mixed Up""",15,
AREAS042.DAT:7:228,AREAS042.DAT,7,228,"""Poisoned Air""",15,
AREAS042.DAT:7:229,AREAS042.DAT,7,229,"""Truth And Fiction""",20,
AREAS042.DAT:7:230,AREAS042.DAT,7,230,"""Watch Your Step""",18,
AREAS042.DAT:7:231,AREAS042.DAT,7,231,"""Darkness""",11,
AREAS042.DAT:7:232,AREAS042.DAT,7,232,"""Traveling Merchant""",21,
AREAS042.DAT:7:233,AREAS042.DAT,7,233,"""Macho Man""",12,
AREAS042.DAT:7:234,AREAS042.DAT,7,234,"""The Sound Of Money""",21,
AREAS042.DAT:7:235,AREAS042.DAT,7,235,"""Brave Heart""",14,
AREAS042.DAT:7:236,AREAS042.DAT,7,236,"""Requiem""",10,
AREAS042.DAT:7:237,AREAS042.DAT,7,237,"""Shepards""",11,
AREAS042.DAT:7:238,AREAS042.DAT,7,238,"""Free Fall""",12,
AREAS042.DAT:7:239,AREAS042.DAT,7,239,"""Neverending Rain""",19,
AREAS042.DAT:7:240,AREAS042.DAT,7,240,"""Tree Spirits""",15,
AREAS042.DAT:7:241,AREAS042.DAT,7,241,"""Song Of The Plains""",21,
AREAS042.DAT:7:242,AREAS042.DAT,7,242,"""Thousand Winds""",17,
AREAS042.DAT:7:243,AREAS042.DAT,7,243,"""Seeing Is Believing""",22,
AREAS042.DAT:7:244,AREAS042.DAT,7,244,"""A Distant Land""",17,
AREAS042.DAT:7:245,AREAS042.DAT,7,245,"""Hills And Streams""",20,
AREAS042.DAT:7:246,AREAS042.DAT,7,246,"""The Sun And The Moon""",23,
AREAS042.DAT:7:247,AREAS042.DAT,7,247,"""1-2-3 1-2-3""",14,
AREAS042.DAT:7:249,AREAS042.DAT,7,249,"""Today's Catch""",16,
AREAS042.DAT:7:250,AREAS042.DAT,7,250,"""A Whopper Of A Tale""",22,
AREAS042.DAT:7:251,AREAS042.DAT,7,251,"""Faeries""",10,
AREAS042.DAT:7:252,AREAS042.DAT,7,252,"""Game Over""",12,
AREAS042.DAT:7:253,AREAS042.DAT,7,253,"""Prayer""",9,
AREAS042.DAT:7:254,AREAS042.DAT,7,254,"""Unwavering Courage""",21,
AREAS042.DAT:7:255,AREAS042.DAT,7,255,"""The Curse""",12,
AREAS042.DAT:7:256,AREAS042.DAT,7,256,"""Turismo""",10,
AREAS042.DAT:7:257,AREAS042.DAT,7,257,"""Replay""",9,
AREAS042.DAT:7:258,AREAS042.DAT,7,258,"""Seagulls""",11,
AREAS042.DAT:7:259,AREAS042.DAT,7,259,"""Sailing The Seven Seas""",25,
AREAS042.DAT:7:260,AREAS042.DAT,7,260,"""Pabupabu, Pukapuka""",21,
AREAS042.DAT:7:261,AREAS042.DAT,7,261,"""For The Princess""",19,
AREAS042.DAT:7:262,AREAS042.DAT,7,262,"""Divine Danger""",16,
AREAS042.DAT:7:263,AREAS042.DAT,7,263,"""Emperor Rampant""",18,
AREAS042.DAT:7:264,AREAS042.DAT,7,264,"""Dragon's Blood""",17,
AREAS042.DAT:7:265,AREAS042.DAT,7,265,"""Whirlpool""",12,
AREAS042.DAT:7:266,AREAS042.DAT,7,266,"""Whirlpool""",12,
AREAS042.DAT:7:267,AREAS042.DAT,7,267,"""Whirlpool""",12,
AREAS042.DAT:7:268,AREAS042.DAT,7,268,"""Whirlpool""",12,
AREAS042.DAT:7:269,AREAS042.DAT,7,269,"""Whirlpool""",12,
AREAS042.DAT:7:270,AREAS042.DAT,7,270,"""Whirlpool""",12,
AREAS042.DAT:7:271,AREAS042.DAT,7,271,"""Islands Everywhere""",21,
AREAS042.DAT:7:272,AREAS042.DAT,7,272,"""Floating""",11,
AREAS042.DAT:7:273,AREAS042.DAT,7,273,"""The Endless""",14,
AREAS042.DAT:7:274,AREAS042.DAT,7,274,"""After The Dream""",18,
AREAS042.DAT:7:275,AREAS042.DAT,7,275,"""I've been studying names--[01]where they come from, what[01]they mean...[02]Why don't you try? Would[01]you like to give somebody[01]a new nickname?""[12][82][0C][82]Yes[01]No",146,
AREAS042.DAT:7:276,AREAS042.DAT,7,276,"""I've been studying names--[01]where they come from, what[01]they mean...[02]Why don't you try? Would[01]you like to give somebody[01]a new nickname?""[12][82][0C][82]Yes[01]No",146,
AREAS042.DAT:7:277,AREAS042.DAT,7,277,"""I've been studying names--[01]where they come from, what[01]they mean...[02]Why don't you try? Would[01]you like to give somebody[01]a new nickname?""[12][82][0C][82]Yes[01]No",146,
AREAS042.DAT:7:278,AREAS042.DAT,7,278,"""I've been studying names--[01]where they come from, what[01]they mean...[02]Why don't you try? Would[01]you like to give somebody[01]a new nickname?""[12][82][0C][82]Yes[01]No",146,
AREAS042.DAT:7:279,AREAS042.DAT,7,279,"""I've been studying names--[01]where they come from, what[01]they mean...[02]Why don't you try? Would[01]you like to give somebody[01]a new nickname?""[12][82][0C][82]Yes[01]No",146,
AREAS042.DAT:7:280,AREAS042.DAT,7,280,"""I've been studying names--[01]where they come from, what[01]they mean...[02]Why don't you try? Would[01]you like to give somebody[01]a new nickname?""[12][82][0C][82]Yes[01]No",146,
AREAS042.DAT:7:281,AREAS042.DAT,7,281,"""Who do you want to give a[01]nickname to--one of us, or[01]one of your friends?""[12][82][0C][02]You[01]Them",88,
AREAS042.DAT:7:282,AREAS042.DAT,7,282,"""All right, then, who do[01]you want to give a nickname[01]to?""",58,
AREAS042.DAT:7:283,AREAS042.DAT,7,283,"""Are you sure you want to[01]use this name?""[12][82][0C][82]Yes[01]No",52,
AREAS042.DAT:7:284,AREAS042.DAT,7,284,"""Are you sure you want to[01]use this name?""[12][82][0C][82]Yes[01]No",52,
AREAS042.DAT:7:285,AREAS042.DAT,7,285,"""Are you sure you want to[01]use this name?""[12][82][0C][82]Yes[01]No",52,
AREAS042.DAT:7:286,AREAS042.DAT,7,286,"""OK, then, [07][01]'s new[01]nickname is [07]",34,
AREAS042.DAT:7:287,AREAS042.DAT,7,287,"""Want to give someone else[01]a nickname?""[12][82][0C][82]Yes[01]No",50,
AREAS042.DAT:7:288,AREAS042.DAT,7,288,"""Come back and see me[01]again sometime, OK?""",43,
AREAS042.DAT:7:289,AREAS042.DAT,7,289,"""You want to play Kecak[01]with us?""[12][82][0C][82]Yes[01]No",44,
AREAS042.DAT:7:290,AREAS042.DAT,7,290,"""You want to play Kecak[01]with us?""[12][82][0C][82]Yes[01]No",44,
AREAS042.DAT:7:291,AREAS042.DAT,7,291,"""You want to play Kecak[01]with us?""[12][82][0C][82]Yes[01]No",44,
AREAS042.DAT:7:292,AREAS042.DAT,7,292,"""You want to play Kecak[01]with us?""[12][82][0C][82]Yes[01]No",44,
AREAS042.DAT:7:293,AREAS042.DAT,7,293,"""You want to play Kecak[01]with us?""[12][82][0C][82]Yes[01]No",44,
AREAS042.DAT:7:294,AREAS042.DAT,7,294,"""You want to play Kecak[01]with us?""[12][82][0C][82]Yes[01]No",44,
AREAS042.DAT:7:295,AREAS042.DAT,7,295,"""You want to play Kecak[01]with us?""[12][82][0C][82]Yes[01]No",44,
AREAS042.DAT:7:296,AREAS042.DAT,7,296,"""You want to play Kecak[01]with us?""[12][82][0C][82]Yes[01]No",44,
AREAS042.DAT:7:297,AREAS042.DAT,7,297,"""You want to play Kecak[01]with us?""[12][82][0C][82]Yes[01]No",44,
AREAS042.DAT:7:298,AREAS042.DAT,7,298,"""You want to play Kecak[01]with us?""[12][82][0C][82]Yes[01]No",44,
AREAS042.DAT:7:299,AREAS042.DAT,7,299,"""You want to play Kecak[01]with us?""[12][82][0C][82]Yes[01]No",44,
AREAS042.DAT:7:300,AREAS042.DAT,7,300,"""You want to play Kecak[01]with us?""[12][82][0C][82]Yes[01]No",44,
AREAS042.DAT:7:301,AREAS042.DAT,7,301,"""You want to play Kecak[01]with us?""[12][82][0C][82]Yes[01]No",44,
AREAS042.DAT:7:302,AREAS042.DAT,7,302,"""You want to play Kecak[01]with us?""[12][82][0C][82]Yes[01]No",44,
AREAS042.DAT:7:303,AREAS042.DAT,7,303,"""You want to play Kecak[01]with us?""[12][82][0C][82]Yes[01]No",44,
AREAS042.DAT:7:304,AREAS042.DAT,7,304,"""You want to play Kecak[01]with us?""[12][82][0C][82]Yes[01]No",44,
AREAS042.DAT:7:305,AREAS042.DAT,7,305,"""You want to play Kecak[01]with us?""[12][82][0C][82]Yes[01]No",44,
AREAS042.DAT:7:306,AREAS042.DAT,7,306,"""You want to play Kecak[01]with us?""[12][82][0C][82]Yes[01]No",44,
AREAS042.DAT:7:307,AREAS042.DAT,7,307,"""You want to play Kecak[01]with us?""[12][82][0C][82]Yes[01]No",44,
AREAS042.DAT:7:308,AREAS042.DAT,7,308,"""You want to play Kecak[01]with us?""[12][82][0C][82]Yes[01]No",44,
AREAS042.DAT:7:309,AREAS042.DAT,7,309,"""You want to play Kecak[01]with us?""[12][82][0C][82]Yes[01]No",44,
AREAS042.DAT:7:310,AREAS042.DAT,7,310,"""You want to play Kecak[01]with us?""[12][82][0C][82]Yes[01]No",44,
AREAS042.DAT:7:311,AREAS042.DAT,7,311,"""You want to play Kecak[01]with us?""[12][82][0C][82]Yes[01]No",44,
AREAS042.DAT:7:312,AREAS042.DAT,7,312,"""You want to play Kecak[01]with us?""[12][82][0C][82]Yes[01]No",44,
AREAS042.DAT:7:313,AREAS042.DAT,7,313,"""You want to play Kecak[01]with us?""[12][82][0C][82]Yes[01]No",44,
AREAS042.DAT:7:314,AREAS042.DAT,7,314,"""You want to play Kecak[01]with us?""[12][82][0C][82]Yes[01]No",44,
AREAS042.DAT:7:315,AREAS042.DAT,7,315,"""You want to play Kecak[01]with us?""[12][82][0C][82]Yes[01]No",44,
AREAS042.DAT:7:316,AREAS042.DAT,7,316,"""You want to play Kecak[01]with us?""[12][82][0C][82]Yes[01]No",44,
AREAS042.DAT:7:317,AREAS042.DAT,7,317,"""You want to play Kecak[01]with us?""[12][82][0C][82]Yes[01]No",44,
AREAS042.DAT:7:318,AREAS042.DAT,7,318,"""You want to play Kecak[01]with us?""[12][82][0C][82]Yes[01]No",44,
AREAS042.DAT:7:319,AREAS042.DAT,7,319,"""You want to play Kecak[01]with us?""[12][82][0C][82]Yes[01]No",44,
AREAS042.DAT:7:320,AREAS042.DAT,7,320,"""You want to play Kecak[01]with us?""[12][82][0C][82]Yes[01]No",44,
AREAS042.DAT:7:321,AREAS042.DAT,7,321,"""You want to play Kecak[01]with us?""[12][82][0C][82]Yes[01]No",44,
AREAS042.DAT:7:322,AREAS042.DAT,7,322,"""You want to play Kecak[01]with us?""[12][82][0C][82]Yes[01]No",44,
AREAS042.DAT:7:323,AREAS042.DAT,7,323,"""You want to play Kecak[01]with us?""[12][82][0C][82]Yes[01]No",44,
AREAS042.DAT:7:324,AREAS042.DAT,7,324,"""You want to play Kecak[01]with us?""[12][82][0C][82]Yes[01]No",44,
AREAS042.DAT:7:325,AREAS042.DAT,7,325,"""You want to play Kecak[01]with us?""[12][82][0C][82]Yes[01]No",44,
AREAS042.DAT:7:326,AREAS042.DAT,7,326,"""You want to play Kecak[01]with us?""[12][82][0C][82]Yes[01]No",44,
AREAS042.DAT:7:327,AREAS042.DAT,7,327,"""You want to play Kecak[01]with us?""[12][82][0C][82]Yes[01]No",44,
AREAS042.DAT:7:328,AREAS042.DAT,7,328,"""You want to play Kecak[01]with us?""[12][82][0C][82]Yes[01]No",44,
AREAS042.DAT:7:329,AREAS042.DAT,7,329,"""You want to play Kecak[01]with us?""[12][82][0C][82]Yes[01]No",44,
AREAS042.DAT:7:330,AREAS042.DAT,7,330,"""You want to play Kecak[01]with us?""[12][82][0C][82]Yes[01]No",44,
AREAS042.DAT:7:331,AREAS042.DAT,7,331,"""You want to play Kecak[01]with us?""[12][82][0C][82]Yes[01]No",44,
AREAS042.DAT:7:332,AREAS042.DAT,7,332,"""You want to play Kecak[01]with us?""[12][82][0C][82]Yes[01]No",44,
AREAS042.DAT:7:333,AREAS042.DAT,7,333,"""You want to play Kecak[01]with us?""[12][82][0C][82]Yes[01]No",44,
AREAS042.DAT:7:334,AREAS042.DAT,7,334,"""You want to play Kecak[01]with us?""[12][82][0C][82]Yes[01]No",44,
AREAS042.DAT:7:335,AREAS042.DAT,7,335,"""You want to play Kecak[01]with us?""[12][82][0C][82]Yes[01]No",44,
AREAS042.DAT:7:336,AREAS042.DAT,7,336,"""You want to play Kecak[01]with us?""[12][82][0C][82]Yes[01]No",44,
AREAS042.DAT:7:337,AREAS042.DAT,7,337,"""You want to play Kecak[01]with us?""[12][82][0C][82]Yes[01]No",44,
AREAS042.DAT:7:338,AREAS042.DAT,7,338,"""You want to play Kecak[01]with us?""[12][82][0C][82]Yes[01]No",44,
AREAS042.DAT:7:339,AREAS042.DAT,7,339,"""You want to play Kecak[01]with us?""[12][82][0C][82]Yes[01]No",44,
AREAS042.DAT:7:340,AREAS042.DAT,7,340,"""You want to play Kecak[01]with us?""[12][82][0C][82]Yes[01]No",44,
AREAS042.DAT:7:341,AREAS042.DAT,7,341,"""You want to play Kecak[01]with us?""[12][82][0C][82]Yes[01]No",44,
AREAS042.DAT:7:342,AREAS042.DAT,7,342,"""You want to play Kecak[01]with us?""[12][82][0C][82]Yes[01]No",44,
AREAS042.DAT:7:343,AREAS042.DAT,7,343,"""You want to play Kecak[01]with us?""[12][82][0C][82]Yes[01]No",44,
AREAS042.DAT:7:344,AREAS042.DAT,7,344,"""You want to play Kecak[01]with us?""[12][82][0C][82]Yes[01]No",44,
AREAS042.DAT:7:345,AREAS042.DAT,7,345,"""You want to play Kecak[01]with us?""[12][82][0C][82]Yes[01]No",44,
AREAS042.DAT:7:346,AREAS042.DAT,7,346,"""You want to play Kecak[01]with us?""[12][82][0C][82]Yes[01]No",44,
AREAS042.DAT:7:347,AREAS042.DAT,7,347,"""You want to play Kecak[01]with us?""[12][82][0C][82]Yes[01]No",44,
AREAS042.DAT:7:348,AREAS042.DAT,7,348,"""You want to play Kecak[01]with us?""[12][82][0C][82]Yes[01]No",44,
AREAS042.DAT:7:349,AREAS042.DAT,7,349,"""You want to play Kecak[01]with us?""[12][82][0C][82]Yes[01]No",44,
AREAS042.DAT:7:350,AREAS042.DAT,7,350,"""You want to play Kecak[01]with us?""[12][82][0C][82]Yes[01]No",44,
AREAS042.DAT:7:351,AREAS042.DAT,7,351,"""You want to play Kecak[01]with us?""[12][82][0C][82]Yes[01]No",44,
AREAS042.DAT:7:352,AREAS042.DAT,7,352,"""You want to play Kecak[01]with us?""[12][82][0C][82]Yes[01]No",44,
AREAS042.DAT:7:353,AREAS042.DAT,7,353,"""You want to play Kecak[01]with us?""[12][82][0C][82]Yes[01]No",44,
AREAS042.DAT:7:354,AREAS042.DAT,7,354,"""You want to play Kecak[01]with us?""[12][82][0C][82]Yes[01]No",44,
AREAS042.DAT:7:355,AREAS042.DAT,7,355,"""You want to play Kecak[01]with us?""[12][82][0C][82]Yes[01]No",44,
AREAS042.DAT:7:356,AREAS042.DAT,7,356,"""You want to play Kecak[01]with us?""[12][82][0C][82]Yes[01]No",44,
AREAS042.DAT:7:357,AREAS042.DAT,7,357,"""You want to play Kecak[01]with us?""[12][82][0C][82]Yes[01]No",44,
AREAS042.DAT:7:358,AREAS042.DAT,7,358,"""You want to play Kecak[01]with us?""[12][82][0C][82]Yes[01]No",44,
AREAS042.DAT:7:359,AREAS042.DAT,7,359,"""You want to play Kecak[01]with us?""[12][82][0C][82]Yes[01]No",44,
AREAS042.DAT:7:360,AREAS042.DAT,7,360,"""You want to play Kecak[01]with us?""[12][82][0C][82]Yes[01]No",44,
AREAS042.DAT:7:361,AREAS042.DAT,7,361,"""You want to play Kecak[01]with us?""[12][82][0C][82]Yes[01]No",44,
AREAS042.DAT:7:362,AREAS042.DAT,7,362,"""You want to play Kecak[01]with us?""[12][82][0C][82]Yes[01]No",44,
AREAS042.DAT:7:363,AREAS042.DAT,7,363,"""You want to play Kecak[01]with us?""[12][82][0C][82]Yes[01]No",44,
AREAS042.DAT:7:364,AREAS042.DAT,7,364,"""You want to play Kecak[01]with us?""[12][82][0C][82]Yes[01]No",44,
AREAS042.DAT:7:365,AREAS042.DAT,7,365,"""You want to play Kecak[01]with us?""[12][82][0C][82]Yes[01]No",44,
AREAS042.DAT:7:366,AREAS042.DAT,7,366,"""You want to play Kecak[01]with us?""[12][82][0C][82]Yes[01]No",44,
AREAS042.DAT:7:367,AREAS042.DAT,7,367,"""You want to play Kecak[01]with us?""[12][82][0C][82]Yes[01]No",44,
AREAS042.DAT:7:368,AREAS042.DAT,7,368,"""You want to play Kecak[01]with us?""[12][82][0C][82]Yes[01]No",44,
AREAS042.DAT:7:369,AREAS042.DAT,7,369,"""You want to play Kecak[01]with us?""[12][82][0C][82]Yes[01]No",44,
AREAS042.DAT:7:370,AREAS042.DAT,7,370,"""You want to play Kecak[01]with us?""[12][82][0C][82]Yes[01]No",44,
AREAS042.DAT:7:371,AREAS042.DAT,7,371,"""You want to play Kecak[01]with us?""[12][82][0C][82]Yes[01]No",44,
AREAS042.DAT:7:372,AREAS042.DAT,7,372,"""You want to play Kecak[01]with us?""[12][82][0C][82]Yes[01]No",44,
AREAS042.DAT:7:373,AREAS042.DAT,7,373,"""You want to play Kecak[01]with us?""[12][82][0C][82]Yes[01]No",44,
AREAS042.DAT:7:374,AREAS042.DAT,7,374,"""You want to play Kecak[01]with us?""[12][82][0C][82]Yes[01]No",44,
AREAS042.DAT:7:375,AREAS042.DAT,7,375,"""You want to play Kecak[01]with us?""[12][82][0C][82]Yes[01]No",44,
AREAS042.DAT:7:376,AREAS042.DAT,7,376,"""You want to play Kecak[01]with us?""[12][82][0C][82]Yes[01]No",44,
AREAS042.DAT:7:377,AREAS042.DAT,7,377,"""You want to play Kecak[01]with us?""[12][82][0C][82]Yes[01]No",44,
AREAS042.DAT:7:378,AREAS042.DAT,7,378,"""You want to play Kecak[01]with us?""[12][82][0C][82]Yes[01]No",44,
AREAS042.DAT:7:379,AREAS042.DAT,7,379,"""You want to play Kecak[01]with us?""[12][82][0C][82]Yes[01]No",44,
AREAS042.DAT:7:380,AREAS042.DAT,7,380,"""You want to play Kecak[01]with us?""[12][82][0C][82]Yes[01]No",44,
AREAS042.DAT:7:381,AREAS042.DAT,7,381,"""You want to play Kecak[01]with us?""[12][82][0C][82]Yes[01]No",44,
AREAS042.DAT:7:382,AREAS042.DAT,7,382,"""You want to play Kecak[01]with us?""[12][82][0C][82]Yes[01]No",44,
AREAS042.DAT:7:383,AREAS042.DAT,7,383,"""You want to play Kecak[01]with us?""[12][82][0C][82]Yes[01]No",44,
AREAS042.DAT:7:384,AREAS042.DAT,7,384,"""You want to play Kecak[01]with us?""[12][82][0C][82]Yes[01]No",44,
AREAS042.DAT:7:385,AREAS042.DAT,7,385,"""You want to play Kecak[01]with us?""[12][82][0C][82]Yes[01]No",44,
AREAS042.DAT:7:386,AREAS042.DAT,7,386,"""You want to play Kecak[01]with us?""[12][82][0C][82]Yes[01]No",44,
AREAS042.DAT:7:387,AREAS042.DAT,7,387,"""You want to play Kecak[01]with us?""[12][82][0C][82]Yes[01]No",44,
AREAS042.DAT:7:388,AREAS042.DAT,7,388,"""You want to play Kecak[01]with us?""[12][82][0C][82]Yes[01]No",44,
AREAS042.DAT:7:389,AREAS042.DAT,7,389,"""You want to play Kecak[01]with us?""[12][82][0C][82]Yes[01]No",44,
AREAS042.DAT:7:390,AREAS042.DAT,7,390,"""You want to play Kecak[01]with us?""[12][82][0C][82]Yes[01]No",44,
AREAS042.DAT:7:391,AREAS042.DAT,7,391,"""You want to play Kecak[01]with us?""[12][82][0C][82]Yes[01]No",44,
AREAS042.DAT:7:392,AREAS042.DAT,7,392,"""You want to play Kecak[01]with us?""[12][82][0C][82]Yes[01]No",44,
AREAS042.DAT:7:393,AREAS042.DAT,7,393,"""You want to play Kecak[01]with us?""[12][82][0C][82]Yes[01]No",44,
AREAS042.DAT:7:394,AREAS042.DAT,7,394,"""You want to play Kecak[01]with us?""[12][82][0C][82]Yes[01]No",44,
AREAS042.DAT:7:395,AREAS042.DAT,7,395,"""You want to play Kecak[01]with us?""[12][82][0C][82]Yes[01]No",44,
AREAS042.DAT:7:396,AREAS042.DAT,7,396,"""You want to play Kecak[01]with us?""[12][82][0C][82]Yes[01]No",44,
AREAS042.DAT:7:397,AREAS042.DAT,7,397,"""You want to play Kecak[01]with us?""[12][82][0C][82]Yes[01]No",44,
AREAS042.DAT:7:398,AREAS042.DAT,7,398,"""You want to play Kecak[01]with us?""[12][82][0C][82]Yes[01]No",44,
AREAS042.DAT:7:399,AREAS042.DAT,7,399,"""You want to play Kecak[01]with us?""[12][82][0C][82]Yes[01]No",44,
AREAS042.DAT:7:400,AREAS042.DAT,7,400,"""You want to play Kecak[01]with us?""[12][82][0C][82]Yes[01]No",44,
AREAS042.DAT:7:401,AREAS042.DAT,7,401,"""You want to play Kecak[01]with us?""[12][82][0C][82]Yes[01]No",44,
AREAS042.DAT:7:402,AREAS042.DAT,7,402,"""You want to play Kecak[01]with us?""[12][82][0C][82]Yes[01]No",44,
AREAS042.DAT:7:403,AREAS042.DAT,7,403,"""You want to play Kecak[01]with us?""[12][82][0C][82]Yes[01]No",44,
AREAS042.DAT:7:404,AREAS042.DAT,7,404,"""You want to play Kecak[01]with us?""[12][82][0C][82]Yes[01]No",44,
AREAS042.DAT:7:405,AREAS042.DAT,7,405,"""You want to play Kecak[01]with us?""[12][82][0C][82]Yes[01]No",44,
AREAS042.DAT:7:406,AREAS042.DAT,7,406,"""You want to play Kecak[01]with us?""[12][82][0C][82]Yes[01]No",44,
AREAS042.DAT:7:407,AREAS042.DAT,7,407,"""You want to play Kecak[01]with us?""[12][82][0C][82]Yes[01]No",44,
AREAS042.DAT:7:408,AREAS042.DAT,7,408,"""You want to play Kecak[01]with us?""[12][82][0C][82]Yes[01]No",44,
AREAS042.DAT:7:409,AREAS042.DAT,7,409,"""You want to play Kecak[01]with us?""[12][82][0C][82]Yes[01]No",44,
AREAS042.DAT:7:410,AREAS042.DAT,7,410,"""You want to play Kecak[01]with us?""[12][82][0C][82]Yes[01]No",44,
AREAS042.DAT:7:411,AREAS042.DAT,7,411,"""You want to play Kecak[01]with us?""[12][82][0C][82]Yes[01]No",44,
AREAS042.DAT:7:412,AREAS042.DAT,7,412,"""You want to play Kecak[01]with us?""[12][82][0C][82]Yes[01]No",44,
AREAS042.DAT:7:413,AREAS042.DAT,7,413,"""You want to play Kecak[01]with us?""[12][82][0C][82]Yes[01]No",44,
AREAS042.DAT:7:414,AREAS042.DAT,7,414,"""You want to play Kecak[01]with us?""[12][82][0C][82]Yes[01]No",44,
AREAS042.DAT:7:415,AREAS042.DAT,7,415,"""You want to play Kecak[01]with us?""[12][82][0C][82]Yes[01]No",44,
AREAS042.DAT:7:416,AREAS042.DAT,7,416,"""You want to play Kecak[01]with us?""[12][82][0C][82]Yes[01]No",44,
AREAS042.DAT:7:417,AREAS042.DAT,7,417,"""You want to play Kecak[01]with us?""[12][82][0C][82]Yes[01]No",44,
AREAS042.DAT:7:418,AREAS042.DAT,7,418,"""Come back and play with[01]us again soon!""",41,
AREAS042.DAT:7:419,AREAS042.DAT,7,419,"""Want to learn the rules?""[12][82][0C][C2]Yes[01]No",37,
AREAS042.DAT:7:420,AREAS042.DAT,7,420,"""You have to press the[01]buttons to match the rhythm[01]of the Kecak drums.[02]If you hit it just right,[01]you get lots of points.[02]If you miss the beat,[01]you lose points.[02]When the song's done, your[01]points are added up and[01]displayed.[02]You get prizes depending on[01]how many points you get.[02]It takes [05][02]1500[06] points to get[01]the best prize.[02][0B]...No one's been able to[01]get that many points yet,[01]though.[02]Well, those are the rules.[01]do you want to hear them[01]again?""[12][82][0C][C2]Yes[01]No",452,
AREAS042.DAT:7:421,AREAS042.DAT,7,421,"""All right, then, let's[01]start!""",32,
AREAS042.DAT:7:422,AREAS042.DAT,7,422,"""What do you want to do?""[12][82][0C][93]Try for a prize[01]Practice[01]Quit Kecak",65,
AREAS042.DAT:7:423,AREAS042.DAT,7,423,"""Which lesson do you want[01]to try?""[12][82][0C][15]Stage 1[01]Stage 2[01]Stage 3[01]Stage 4[01]Stage 5",78,
AREAS042.DAT:7:424,AREAS042.DAT,7,424,"""Ready? Here we go!""",21,
AREAS042.DAT:7:425,AREAS042.DAT,7,425,"""OK, then--ready, set, go!""",28,
AREAS042.DAT:7:426,AREAS042.DAT,7,426,"""OK, then--ready, set, go!""",28,
AREAS042.DAT:7:427,AREAS042.DAT,7,427,"""Want to try again?""[12][82][0C][93]Try again[01]Practice[01]Quit Kecak",54,
AREAS042.DAT:7:428,AREAS042.DAT,7,428,"""We play rock-paper-[01]scissors with cards here![01]Want to play with me?[02]There's lots of neat[01]prizes!""",99,
AREAS042.DAT:7:429,AREAS042.DAT,7,429,"""We play rock-paper-[01]scissors with cards here![01]Want to play with me?[02]There's lots of neat[01]prizes!""",99,
AREAS042.DAT:7:430,AREAS042.DAT,7,430,"""We play rock-paper-[01]scissors with cards here![01]Want to play with me?[02]There's lots of neat[01]prizes!""",99,
AREAS042.DAT:7:431,AREAS042.DAT,7,431,"""We play rock-paper-[01]scissors with cards here![01]Want to play with me?[02]There's lots of neat[01]prizes!""",99,
AREAS042.DAT:7:432,AREAS042.DAT,7,432,"""We play rock-paper-[01]scissors with cards here![01]Want to play with me?[02]There's lots of neat[01]prizes!""",99,
AREAS042.DAT:7:433,AREAS042.DAT,7,433,"""What do you want to do?""[12][82][0C][94]Play[01]Learn rules[01]Look at prizes[01]Exit",66,
AREAS042.DAT:7:435,AREAS042.DAT,7,435,"""Come back soon!""",18,
AREAS042.DAT:7:437,AREAS042.DAT,7,437,"""You don't have enough[01]zenny! That means you[01]can't play--sorry!""",65,
AREAS042.DAT:7:438,AREAS042.DAT,7,438,"""Here we go! If you lose,[01]promise me you won't be a[01]poor sport, OK?""",69,
AREAS042.DAT:7:439,AREAS042.DAT,7,439,"""What? You want to quit?[02]If you quit, you lose all[01]your points! Are you sure[01]you want to quit?""[12][82][0C][82]Yes[01]No",106,
AREAS042.DAT:7:440,AREAS042.DAT,7,440,"""That was a good game![01]Want to play again?""[12][82][0C][93]Play again[01]Trade for prizes[01]Quit",80,
AREAS042.DAT:7:441,AREAS042.DAT,7,441,"""...You got me that time![02]Let's see...You've got [07]",51,
AREAS042.DAT:7:442,AREAS042.DAT,7,442,"""Ha ha! I win![02]Sorry--that means your[01]points get reset!""",57,
AREAS042.DAT:7:443,AREAS042.DAT,7,443,"""That's the spirit! All[01]right, let's play!""",44,
AREAS042.DAT:7:444,AREAS042.DAT,7,444,"""You want to trade your[01]points for this?""[12][82][0C][82]Yes[01]No",52,
AREAS042.DAT:7:445,AREAS042.DAT,7,445,"""Huh?[02]Looks like you can't carry[01]any more of that item.""",57,
AREAS042.DAT:7:446,AREAS042.DAT,7,446,"""Huh?[02]Looks like you can't carry[01]any more of that item.""",57,
AREAS042.DAT:7:448,AREAS042.DAT,7,448,"[0C]D""Which mode do you want[01]to play in?""[12][82][0C][02]Normal[01]Random",56,
AREAS042.DAT:7:449,AREAS042.DAT,7,449,"[0C]F""Are you sure you[01]want to use this[01]card?""[12][82][0C][82]Yes[01]No",54,
AREAS042.DAT:7:450,AREAS042.DAT,7,450,"[0C]D""All right, here we go![02]One...two...three!""",46,
AREAS042.DAT:7:451,AREAS042.DAT,7,451,"[0C]D""Hey!""",9,
AREAS042.DAT:7:452,AREAS042.DAT,7,452,"[0C]D""...I lost again...""",23,
AREAS042.DAT:7:453,AREAS042.DAT,7,453,"[0C]D""Ha ha![01]I win again!""",24,
AREAS042.DAT:7:454,AREAS042.DAT,7,454,"[0C]D""Well, that's that--[01]I can't win no matter[01]what now.""",56,
AREAS042.DAT:7:455,AREAS042.DAT,7,455,"[0C]D""I hate losing!""",19,
AREAS042.DAT:7:456,AREAS042.DAT,7,456,"[0C]D""Ha ha![02]That's it! You can't[01]win anymore! I win![01]Yippee!""",60,
AREAS042.DAT:7:457,AREAS042.DAT,7,457,"[0C]D""You're not doing so[01]good...[02]C'mon, try a little[01]harder!""",60,
AREAS042.DAT:7:458,AREAS042.DAT,7,458,"[0C]D""Things are looking[01]pretty good!""",36,
AREAS042.DAT:7:459,AREAS042.DAT,7,459,"[0C]D""I'm starting to feel[01]a little silly!""",41,
AREAS042.DAT:7:460,AREAS042.DAT,7,460,"[0C]D""Let's see...What[01]should I do next...?""",42,
AREAS042.DAT:7:461,AREAS042.DAT,7,461,"[0C]D""Gotcha!""",12,
AREAS042.DAT:7:462,AREAS042.DAT,7,462,"[0C]D""Hmmm...What should I[01]do next...?""",37,
AREAS042.DAT:7:463,AREAS042.DAT,7,463,"[0C]D""Let's see...""",17,
AREAS042.DAT:7:464,AREAS042.DAT,7,464,"[0C]D""I don't know what I[01]should do!""",35,
AREAS042.DAT:7:465,AREAS042.DAT,7,465,"[0C]D""The game's not over[01]yet!""",29,
AREAS042.DAT:7:466,AREAS042.DAT,7,466,"[0C]D""I don't want to[01]lose!""",26,
AREAS042.DAT:7:467,AREAS042.DAT,7,467,"[0C]D""Come on!""",13,
AREAS042.DAT:7:468,AREAS042.DAT,7,468,"[0C]D""Sigh...""",12,
AREAS042.DAT:7:469,AREAS042.DAT,7,469,"[0C]D""There's no way I[01]can win...""",32,
AREAS042.DAT:7:470,AREAS042.DAT,7,470,"[0C]D""Wow! That was over[01]quick![02]Are you OK?""",42,
AREAS042.DAT:7:471,AREAS042.DAT,7,471,"[0C]D""Hooray! I win!""",19,
AREAS042.DAT:7:472,AREAS042.DAT,7,472,"[0C]D""Whew! I win! That[01]was a hard game! You[01]almost had me!""",58,
AREAS042.DAT:7:473,AREAS042.DAT,7,473,"[0C]D""Looks like it's a[01]draw...[02][0B]...Which means I[01]win!""",53,
AREAS042.DAT:7:474,AREAS042.DAT,7,474,"[0C]D""Out of cards![02]Have to try harder[01]next time!""",48,
AREAS042.DAT:7:475,AREAS042.DAT,7,475,"[0C]D""Sigh...[01]I lose...""",22,
AREAS042.DAT:7:476,AREAS042.DAT,7,476,"[0C]D""It's no use! Nothing[01]I tired seemed to[01]work against you!""",61,
AREAS042.DAT:7:477,AREAS042.DAT,7,477,Soul Ring,10,
AREAS042.DAT:7:478,AREAS042.DAT,7,478,"10,000 zenny",13,
AREAS042.DAT:7:479,AREAS042.DAT,7,479,Midas Stone,12,
AREAS042.DAT:7:480,AREAS042.DAT,7,480,"1,000 zenny",12,
AREAS042.DAT:7:481,AREAS042.DAT,7,481,Dress Shoes,12,
AREAS042.DAT:7:482,AREAS042.DAT,7,482,Multivitamin,13,
AREAS042.DAT:7:483,AREAS042.DAT,7,483,"[0C]D""Hmmm...Maybe next[01]time I'll play a[01]rock...""",47,
AREAS042.DAT:7:484,AREAS042.DAT,7,484,"[0C]D""Hmmm...Maybe next[01]time I'll play a[01]rock...""",47,
AREAS042.DAT:7:485,AREAS042.DAT,7,485,"[0C]D""Scissors...[0B][0B][01]Huh? Never mind--[01]talking to myself!""",55,
AREAS042.DAT:7:486,AREAS042.DAT,7,486,"[0C]D""Maybe I should play[01]paper next...""",38,
AREAS042.DAT:7:487,AREAS042.DAT,7,487,"[0C]D""With that many cards[01]left, what could the[01]next one will be?""",64,
AREAS042.DAT:7:488,AREAS042.DAT,7,488,Select a character.,20,
AREAS042.DAT:7:489,AREAS042.DAT,7,489,Directional buttons: Move[01]                   cursor[01][7F]: Confirm        [80]: Cancel,80,
AREAS042.DAT:7:490,AREAS042.DAT,7,490,Diligent,9,
AREAS042.DAT:7:491,AREAS042.DAT,7,491,Ordinary,9,
AREAS042.DAT:7:499,AREAS042.DAT,7,499,"""We play rock-paper-[01]scissors with cards here![02]Want to play with me?[01]I've been practicing a[01]lot!""",98,
AREAS042.DAT:7:500,AREAS042.DAT,7,500,"""We play rock-paper-[01]scissors with cards here![02]I'm an average player--[01]want to play with me?""",94,
AREAS042.DAT:7:501,AREAS042.DAT,7,501,"""We play rock-paper-[01]scissors with cards here![02]I don't play that much, but[01]I'll play with you if you[01]want!""",108,
AREAS042.DAT:7:502,AREAS042.DAT,7,502,"""We play rock-paper-[01]scissors with cards here![02]Everyone says I'm weird and[01]won't play with me! Do you[01]want to play with me?""",125,
AREAS042.DAT:7:503,AREAS042.DAT,7,503,"""Perfect! Why don't you try[01]for a prize?""",42,
AREAS042.DAT:7:504,AREAS042.DAT,7,504,"""Perfect! Try the next[01]level--it's a little[01]harder, though!""",61,
AREAS042.DAT:7:505,AREAS042.DAT,7,505,"""Close! Relax and try[01]again!""",30,
AREAS042.DAT:7:506,AREAS042.DAT,7,506,"""Hmmm...[0B][0B][01]I think maybe you should[01]practice a little more.""",61,
AREAD043.DAT:8:0,AREAD043.DAT,8,0,"[14][80]@""Who goes there!?""",22,[14][80]
AREAD043.DAT:8:1,AREAD043.DAT,8,1,"[14][80]@""Who goes there!?""",22,[14][80]
AREAD043.DAT:8:2,AREAD043.DAT,8,2,"[14][80]@""Who dares enter the[01]sacred resting place[01]of my master?""",60,[14][80]
AREAD043.DAT:8:3,AREAD043.DAT,8,3,"[14][80]@""Wait...Thou also[01]are one of The[01]Endless...?""",49,[14][80]
AREAD043.DAT:8:4,AREAD043.DAT,8,4,"[14][80]@""No matter! No one,[02]nay e'en though they[01]be brother to my[01]master,[02]may be allowed[01]entrance!""",95,[14][80]
AREAD043.DAT:8:5,AREAD043.DAT,8,5,Do you want to go up?[12],23,
AREAD043.DAT:8:6,AREAD043.DAT,8,6,Do you want to go down?[12][01][0C][82]Yes[01]No,34,
AREAD043.DAT:8:7,AREAD043.DAT,8,7,"Ye who wouldst walk the[01]path, seek ye first the[01]key",52,
AREAD043.DAT:8:11,AREAD043.DAT,8,11,Where do you want to go?[12][02][0C][93]Move ahead[01]Go up[01]Never mind,56,
AREAD043.DAT:8:12,AREAD043.DAT,8,12,Where do you want to go?[12][02][0C][93]Move ahead[01]Go up[01]Never mind,56,
AREAD043.DAT:8:13,AREAD043.DAT,8,13,What do you want to do?[12][03][0C][92]Go to Emperor's Tomb[01]Never mind,59,
AREAD043.DAT:8:16,AREAD043.DAT,8,16,"[10][02]Standing in front of a[01][05][02]switch[06] causes the floor to[01]light up.[02]You can push a cube forward[01]by pressing the ~ button,[02]and push it back by[01]pressing the [7F] button.[02]Line three blocks of the[01]same color up to create[01]a path.",219,
AREAD043.DAT:8:18,AREAD043.DAT,8,18,Beware the [05][02]Red Eye[06]...,25,
AREAS043.DAT:7:0,AREAS043.DAT,7,0,"[0C][81][05][08]Chedo, the Imperial Capital[06][13][90][0C][02]""Hey there, fella...[01]What's the matter?""",77,
AREAS043.DAT:7:1,AREAS043.DAT,7,1,"[0C][81][05][08]Chedo, the Imperial Capital[06][13][90][0C][02]""Hey there, fella...[01]What's the matter?""",77,
AREAS043.DAT:7:2,AREAS043.DAT,7,2,"[0C][02]""Hey there, fella...[01]What's the matter?""",43,
AREAS043.DAT:7:3,AREAS043.DAT,7,3,"[0C][02]""You look like you've had a[01]rough time![02]Are you all right!?""",63,
AREAS043.DAT:7:4,AREAS043.DAT,7,4,"[0C][04][14][80]@""Tell me...[0B][01]This be Chedo?""",34,
AREAS043.DAT:7:5,AREAS043.DAT,7,5,"[0C][02]""Yep. This is Chedo all[01]right.[02]Built by the mighty God[01]Emperor [04][06] to be the[01]capital of his Empire.""",102,
AREAS043.DAT:7:6,AREAS043.DAT,7,6,"""What am I going to do!?[01]My house...My money...It's[01]all gone!...""",66,
AREAS043.DAT:7:7,AREAS043.DAT,7,7,"""This big monster--looked[01]like a dog or something--[01]came first...[02]And then more and more[01]monsters, until the streets[01]were filled with 'em!""",140,
AREAS043.DAT:7:8,AREAS043.DAT,7,8,"""Huh? No, I'm not a thief![02]I just can't make up my[01]mind if I should run away[01]or not!""",86,
AREAS043.DAT:7:9,AREAS043.DAT,7,9,"""Looks like those monsters[01]aren't going outside the[01]gate, for whatever reason.[02]Still, who knows? They[01]might attack again any[01]time!""",132,
AREAS043.DAT:7:12,AREAS043.DAT,7,12,"""This town grew with the[01]capital...[02]Looks like it'll end with[01]the capital as well...""",86,
AREAS043.DAT:7:13,AREAS043.DAT,7,13,"""The heart of the capital's[01]on the other side of this[01]gate...[02]But as you've probably[01]already heard, right now[01]it's full of monsters...""",136,
AREAS043.DAT:7:14,AREAS043.DAT,7,14,"""Welcome. I don't care[01]if it's an earthquake, a[01]volcano, or monsters...[02][19]",74,
AREAS043.DAT:7:15,AREAS043.DAT,7,15,"""Umm...Looks like you need[01]some more zenny.""",45,
AREAS043.DAT:7:16,AREAS043.DAT,7,16,"""I heard General Rhun led[01]a force into the heart of[01]the capital...[02]What's going to happen to[01]him? I hope he's all[01]right...!""",125,
AREAS043.DAT:7:17,AREAS043.DAT,7,17,The Empire...is finished.,26,
AREAS043.DAT:7:18,AREAS043.DAT,7,18,But there is still work to be[01]done here.,41,
AREAS043.DAT:7:19,AREAS043.DAT,7,19,You mean...,12,
AREAS043.DAT:7:20,AREAS043.DAT,7,20,"This is goodbye then,[01][04][04]?",26,
AREAS043.DAT:7:21,AREAS043.DAT,7,21,Yes. There are things I have[01]to do...Like find General Rhun.,61,
AREAS043.DAT:7:23,AREAS043.DAT,7,23,Thanks for everything.,23,
AREAS043.DAT:7:24,AREAS043.DAT,7,24,Wha...? I was only doing[01]my duty as...,39,
AREAS043.DAT:7:25,AREAS043.DAT,7,25,"I know. Still, we're allies[01]now, not enemies...Right?",54,
AREAS044.DAT:8:0,AREAS044.DAT,8,0,"[0C][06][14][80]@""This is the way[01]to the hold.""",36,
AREAS044.DAT:8:1,AREAS044.DAT,8,1,"[0C][06][14][80]@""This is the way[01]to the hold.""",36,
AREAS044.DAT:8:2,AREAS044.DAT,8,2,"[0C][06][14][80]@""That's where you'll[01]be spending the[01]night.""",50,
AREAS044.DAT:8:3,AREAS044.DAT,8,3,"[0C][06][14][80]@""You might think[01]that'll be easy...[02]But it's pretty[01]creepy down there.[02]It's dark, and wet,[01]and who knows what[01]lives down there.""",134,
AREAS044.DAT:8:4,AREAS044.DAT,8,4,"[0C][06][14][80]@""When that Kahn[01]fellow showed up,[02]we put him down[01]there too.[02]He was crying like[01]a baby![02]If you want to quit,[01]this is your last[01]chance...""",143,
AREAS044.DAT:8:8,AREAS044.DAT,8,8,"[14][81]A""I wonder...[02]Think there are any[01]ghosts or anything[01]down here?""",67,[14][81]
AREAS044.DAT:8:10,AREAS044.DAT,8,10,"[0C][05][14][82]B""That was just the[01]hull creaking...[01]Wasn't it?""",53,
AREAS044.DAT:8:11,AREAS044.DAT,8,11,"[14][83][01]""Wow![0B] That really[01]frightened me!""",38,[14][83]
AREAS044.DAT:8:12,AREAS044.DAT,8,12,"[0C][06][14][84]C""I'll bet they come[01]running out of there[02]screaming any minute[01]now, eh Capt'n?""",84,
AREAS044.DAT:8:13,AREAS044.DAT,8,13,"[14][05][01]""There...[0B]There aren't[01]any more, are there?""",48,[14][05]
AREAS044.DAT:8:16,AREAS044.DAT,8,16,"[14][06][01]""Whoa!""",11,[14][06]
AREAS044.DAT:8:17,AREAS044.DAT,8,17,"[14][81][01]""Um, [04][04]?[02]Would you mind not[01]moving your tail[01]like that?[02]It tickles...""",74,[14][81]
AREAS044.DAT:8:18,AREAS044.DAT,8,18,"[0C][05][14][82][02]""What?[0B][01]I'm not moving[01]my tail...""",40,
AREAS044.DAT:8:22,AREAS044.DAT,8,22,"[14][C4]@""[0D]Wh...[0E][0F]",13,[14][C4]
AREAS044.DAT:8:23,AREAS044.DAT,8,23,"[14][01][01]""I-I've heard about[01]those...They're[01]called sea lice...[02][14][FF][FF][14][88]D[14][88]D""L-l...[0B]Lice!?""",83,[14][01]
AREAS044.DAT:8:24,AREAS044.DAT,8,24,"[14][01][01]""I-it's all right...[02]They don't bite[01]or anything like[01]that...""",66,[14][01]
AREAS044.DAT:8:27,AREAS044.DAT,8,27,"[0C][06][14][84]E""Ummm...That's up[01]to Zig to decide!""",42,
AREAS044.DAT:8:30,AREAS044.DAT,8,30,"[14][C1]@""This is where [04][04][01]and I had to stay.""",41,[14][C1]
AREAS044.DAT:8:31,AREAS044.DAT,8,31,"[14][C1]@""It was kind of[01]scary![02]There were ghosts,[01]and these sea[01]lice...""",68,[14][C1]
AREAS044.DAT:8:32,AREAS044.DAT,8,32,"[14][03][01]""Wh...What was[01]that!?""",26,[14][03]
AREAS044.DAT:8:33,AREAS044.DAT,8,33,"[14][85]A""It sounds like[01]there's something[02]hitting the bottom[01]of the ship![02]We'd better tell[01]Zig!""",92,[14][85]
AREAS044.DAT:8:34,AREAS044.DAT,8,34,"[0C][05][14][08][04]""Wh...[0B]What was that[01]noise!?[02]Is it them?[01]They're back,[01]aren't [0D]they[0E][0F][01]!?",78,
AREAS044.DAT:8:35,AREAS044.DAT,8,35,"[0C][06][14][83]A""[04][04]! Calm down![01]It's all right![02]Don't worry! It's not[01]the sea lice!""",74,
AREAS044.DAT:8:36,AREAS044.DAT,8,36,"[14][C1]@""It sounds like[01]there's something[02]hitting the bottom[01]of the ship![02]We'd better tell[01]Zig!""",92,[14][C1]
AREAS044.DAT:8:37,AREAS044.DAT,8,37,"[14][02][02]""R...Right.[01]Sorry.""",23,[14][02]
AREAS044.DAT:8:49,AREAS044.DAT,8,49,"[14][09][06]""To be able to affect[01]a monster like that[02]even though you're[01]incomplete...[02]You must be very[01]powerful, [04]",107,[14][09]
AREAS044.DAT:8:50,AREAS044.DAT,8,50,"[14][04][03]""We'll be at our[01]destination [05][02]Lyp[06][01]real soon!""",51,[14][04]
AREAS044.DAT:8:52,AREAS044.DAT,8,52,"[14][01][01]""This salt air's so[01]sticky! I wish I[01]could take a bath!""",60,[14][01]
AREAS044.DAT:8:54,AREAS044.DAT,8,54,There's a bed. You should[01]be able to rest here.[12][86][0C][93]Rest[01]Diary[01]Never mind,73,
AREAS044.DAT:8:55,AREAS044.DAT,8,55,There's a bed. You should[01]be able to rest here.[12],49,
AREAS045.DAT:8:4,AREAS045.DAT,8,4,"[14][C1]@""By the way, this is[01][04][03].[02]He's been assigned to[01]watch over us so we[01]don't run off.""",86,[14][C1]
AREAS045.DAT:8:9,AREAS045.DAT,8,9,Do you want to wait for[01]nightfall here?[12],41,
AREAS045.DAT:8:11,AREAS045.DAT,8,11,It looks like you could[01]rest here.[12][8B][0C][93]Rest[01]Diary[01]Never mind,60,
AREAS045.DAT:8:12,AREAS045.DAT,8,12,"[14][02][01]""I just glad zat zere[01]was an empty room[01]'ere.[02][19]",51,[14][02]
AREAS045.DAT:8:13,AREAS045.DAT,8,13,"[14][03][02]""Did you hear about[01]how the chief of the[02]Worens escaped the[01]castle?[02][14][FF][FF][14][84]CThey say he managed[01]to get all the way[01]to Wyndia!""",128,[14][03]
AREAS045.DAT:8:14,AREAS045.DAT,8,14,"[14][04][03]""They say one of the[01]Wyndian princesses[02]helped that Woren[01]chief escape![02][14][FF][FF][14][83]BCan you imagine[01]such a thing? How[01]scandalous!""",128,[14][04]
AREAS045.DAT:8:15,AREAS045.DAT,8,15,"""Mommy...I'm hungry!""",22,
AREAS046.DAT:8:1,AREAS046.DAT,8,1,"""Lot o' people from[01]the West who want to[02]sell things come[01]here to this town.""",78,
AREAS046.DAT:8:2,AREAS046.DAT,8,2,"""Lot o' people from[01]the West who want to[02]sell things come[01]here to this town.""",78,
AREAS046.DAT:8:4,AREAS046.DAT,8,4,"[14][03][03][0A][01]""Meow!""",13,[14][03]
AREAS046.DAT:8:6,AREAS046.DAT,8,6,"[14][04][04]""I'm sooo hungry![01]Where's Chino? I hope[01]he gets back soon!""",63,[14][04]
AREAS046.DAT:8:7,AREAS046.DAT,8,7,"[14][05][05]""These clothes are[01]pretty nice, huh?[02]I got them from the[01]Wyndian Princess!""",79,[14][05]
AREAS046.DAT:8:8,AREAS046.DAT,8,8,"[14][06][06]""I'm hungry.[02]But none of us can[01]eat until Chino gets[01]back.""",63,[14][06]
AREAS046.DAT:8:9,AREAS046.DAT,8,9,"[14][07][07]""Chino must be[01]running around town[01]somewhere again.[02]He's such a kid!""",73,[14][07]
AREAS046.DAT:8:10,AREAS046.DAT,8,10,"[14][08][08]""The Wyndian princess[01]recently visited us[01]on a goodwill tour.[02]She made a generous[01]donation of clothes[02]and toys for the[01]children.""",133,[14][08]
AREAS046.DAT:8:11,AREAS046.DAT,8,11,"[14][09][09]""All of us here don't[01]have mommies or[01]daddies anymore.[02]Sister Lyta takes[01]care of us now!""",93,[14][09]
AREAS046.DAT:8:12,AREAS046.DAT,8,12,"[14][0A][0A]""Heh heh...""",16,[14][0A]
AREAS046.DAT:8:13,AREAS046.DAT,8,13,"""You wanna know about[01]the princess who came[01]visiting here?[02]I don't know about[01]that myself, but Lyta[01]might.[02]She's the one who[01]takes care of the[01]orphans.[02]She lives in the[01]house in front of the[01]well.""",198,
AREAS046.DAT:8:14,AREAS046.DAT,8,14,"[14][0B][0B]""Do you want to make[01]an entry in your[01]diary?""[12][89][0C][82]Yes[01]No",59,[14][0B]
AREAS046.DAT:8:15,AREAS046.DAT,8,15,It's empty...Could this be[01]one of the chests Elina[01]brought with her?,69,
AREAS046.DAT:8:16,AREAS046.DAT,8,16,It's full of children's[01]clothes.,33,
AREAS046.DAT:8:17,AREAS046.DAT,8,17,It's filled with toys and[01]snacks.,34,
AREAS046.DAT:8:18,AREAS046.DAT,8,18,"[0C][06][14][80]@""I see you've come[01]back...[0B]And you've[01]got Chino with you.""",64,
AREAS046.DAT:8:19,AREAS046.DAT,8,19,"[14][0C][0C]""Yes, Sister Lyta.[02]These people here[01]were kind enough to[01]help me find him.""",79,[14][0C]
AREAS046.DAT:8:20,AREAS046.DAT,8,20,"[0C][06][14][80]@""Well...Thank you[01]very much for your[01]help.""",49,
AREAS046.DAT:8:21,AREAS046.DAT,8,21,"[0C][06][14][80]@""All right, children.[01]Now that everyone's[01]here, let's eat.""",65,
AREAS046.DAT:8:22,AREAS046.DAT,8,22,"[0C][06][14][80]@""Now then...[02]Why don't we go[01]upstairs and talk?""",54,
AREAS046.DAT:8:27,AREAS046.DAT,8,27,"[0C][06][14][8D][0D]""Please--we'd be[01]grateful if you could[01]tell us anything!""",63,
AREAS046.DAT:8:28,AREAS046.DAT,8,28,"[0C][06][14][8E]N""I know!""",15,
AREAS046.DAT:8:31,AREAS046.DAT,8,31,"[0C][06][14][8E]N""You bet I do![01][0B]But...""",29,
AREAS046.DAT:8:32,AREAS046.DAT,8,32,"[0C][06][14][8E]N""I won't tell you![02]You caught me when[01]we played tag before.[02]This time, you have[01]to play hide and seek[01]with us![02]If you can find all[01]of us, I'll tell you[01]where she went!""",174,
AREAS046.DAT:8:33,AREAS046.DAT,8,33,"[0C][06][14][0E]N""Hey, everyone! Hide[01]and seek!""",37,
AREAS046.DAT:8:35,AREAS046.DAT,8,35,"[0C][06][14][8F]M""It's all right,[01]Sister.[0B] Besides...[02][14][C1]@If Chino does know[01]what happened to my[01]sister,[02]I'll do whatever I[01]have to to get him[01]to tell me!""",143,
AREAS046.DAT:8:36,AREAS046.DAT,8,36,"[0C][06][14][C1]@""Well, let's go try[01]to find them.""",40,
AREAS046.DAT:8:37,AREAS046.DAT,8,37,"[14][07][07]""I...[0B]I wasn't trying[01]to hide from you...[02]I don't play hide and[01]seek...[0B]That's for[01]kids.""",93,[14][07]
AREAS046.DAT:8:38,AREAS046.DAT,8,38,"[14][0C][0C]""I'm sorry...I tried[01]to catch them...""",42,[14][0C]
AREAS046.DAT:8:39,AREAS046.DAT,8,39,"[14][0A][0A]""Whoops! You found[01]me![02]...[0B]All right, I'll[01]tell you where to[01]find Rudd.[02]He said he'd hide[01]under the eastern[01]wall.""",118,[14][0A]
AREAS046.DAT:8:40,AREAS046.DAT,8,40,"[14][0A][0A]""Did you find Rudd?[02]He's to the east of[01]here, you know!""",60,[14][0A]
AREAS046.DAT:8:41,AREAS046.DAT,8,41,"[14][09][09]""Jahn told you where[01]to find me, didn't[01]he?""",48,[14][09]
AREAS046.DAT:8:42,AREAS046.DAT,8,42,"[14][08][08]""Have you found[01]everyone yet?""",34,[14][08]
AREAS046.DAT:8:43,AREAS046.DAT,8,43,"[14][06][06]""Did you see Modo?[02]Try looking north[01]from the top of the[01]bridge.""",69,[14][06]
AREAS046.DAT:8:44,AREAS046.DAT,8,44,"[14][05][05]""Were you able to[01]get there?[02]Maybe I should've[01]just told you to go[01]to the inn, huh?""",88,[14][05]
AREAS046.DAT:8:45,AREAS046.DAT,8,45,"[14][04][04]""Chino's still not[01]here.""",29,[14][04]
AREAS046.DAT:8:46,AREAS046.DAT,8,46,"[14][04][04]""You got me![02]Have you found[01]everyone yet?[02]If you're not sure,[01]you should go back[02]and count how many[01]of us you've found.""",124,[14][04]
AREAS046.DAT:8:47,AREAS046.DAT,8,47,"[14][04][04]""Everyone you find[01]will go back home.[02]You'll know you found[01]all of us once there[01]are 8 of us there.""",104,[14][04]
AREAS046.DAT:8:48,AREAS046.DAT,8,48,"[14][0C][0C]""Um...It looks like[01]there's one child[01]still missing...[0B][02]It's Chino, isn't[01]it?""",82,[14][0C]
AREAS046.DAT:8:49,AREAS046.DAT,8,49,"[14][0C][0C]""I suspected as much.[02][0B]As you know, he's[01]very good at running[01]and hiding from us.""",86,[14][0C]
AREAS046.DAT:8:50,AREAS046.DAT,8,50,"[14][05][05]""Chino? He said he[01]was gonna hide in the[01]cellar or something.""",66,[14][05]
AREAS046.DAT:8:51,AREAS046.DAT,8,51,"[14][8C]L""It's possible that[01]Chino may have snuck[01]past the guard,[02]and is hiding[01]underground.""",88,[14][8C]
AREAS046.DAT:8:53,AREAS046.DAT,8,53,"[14][8C]L""You will? Oh, thank[01]you so much![02]Good luck, and be[01]careful.""",65,[14][8C]
AREAS046.DAT:8:55,AREAS046.DAT,8,55,"[14][04][04]""I'm worried about[01]Chino...Why?[02]Because he's my[01]little brother,[01]that's why!""",80,[14][04]
AREAS046.DAT:8:56,AREAS046.DAT,8,56,"[14][05][05]""Did you have fun[01]playing hide and[01]seek?""",45,[14][05]
AREAS046.DAT:8:57,AREAS046.DAT,8,57,"[14][06][06]""I got hungry again[01]after all the playing[01]we did!""",54,[14][06]
AREAS046.DAT:8:58,AREAS046.DAT,8,58,"[14][07][07]""They told us not to[01]go underground[02]because it's[01]dangerous![02]But Chino never[01]listens to anyone--[02]he acts like such a[01]kid sometimes!""",135,[14][07]
AREAS046.DAT:8:59,AREAS046.DAT,8,59,"[14][0C][0C]""There's a guard to[01]make sure no one goes[01]underground,[02]but Chino probably[01]got past him when he[02]was getting a drink[01]of water or something[01]like that.""",152,[14][0C]
AREAS046.DAT:8:60,AREAS046.DAT,8,60,"[14][08][08]""You can get[01]underground from the[02]top of the castle[01]wall, you know.""",72,[14][08]
AREAS046.DAT:8:61,AREAS046.DAT,8,61,"[14][09][09]""I've seen the guard[01]there talking to the[01]water woman.[02]I think he likes[01]her!""",81,[14][09]
AREAS046.DAT:8:62,AREAS046.DAT,8,62,"[14][0A][0A]""Heh heh...""",16,[14][0A]
AREAS046.DAT:8:64,AREAS046.DAT,8,64,"[0C][04][14][8E]N""OK, a deal's a[01]deal...""",30,
AREAS046.DAT:8:65,AREAS046.DAT,8,65,"[0C][04][14][8E]N""When the Princess--[01]did I tell you how[01]pretty she was?[02]Anyway, when she was[01]getting ready to[01]leave town...""",114,
AREAS046.DAT:8:67,AREAS046.DAT,8,67,"[0C][04][14][8E]N""I don't really know,[01]but one of them was[02][05][02]Marlok[06], the shop[01]owner.""",75,
AREAS046.DAT:8:68,AREAS046.DAT,8,68,"[0C][04][14][80]@""[05][02]Marlok[06] is a merchant[01]who lives here in the[01]town.[02]He owns a large[01]sandflier of his own.[02]Some people say he[01]even has dealings[01]with the Empire.""",151,
AREAS046.DAT:8:69,AREAS046.DAT,8,69,"[0C][02][14][0D][0D]""The Empire!?[02]You mean, Elina's[01]been taken to the[01]West?""",62,
AREAS046.DAT:8:71,AREAS046.DAT,8,71,"[0C][04][14][8E]N""Marlok's got this[01]big house right in[01]the middle of town.[02]He's got a bodyguard[01]too, who stands in[01]front of it.""",117,
AREAS046.DAT:8:73,AREAS046.DAT,8,73,"[14][81]A""What? A Wyndian[01]princess, you say?""",40,[14][81]
AREAS046.DAT:8:74,AREAS046.DAT,8,74,"[0C][06][14][81]A""Now zat you mention[01]it, I did carry a[01]person who looked[02]like zat on my[01]sandflier.""",89,
AREAS046.DAT:8:75,AREAS046.DAT,8,75,"[0C][05][14][0D][0D]""What did you do[01]with her!?""",34,
AREAS046.DAT:8:76,AREAS046.DAT,8,76,"[14][81]A""Non, non, my[01]little birdie.[01]You misunderstand![02]I was asked to take[01]'er to zee West,[01]you see.""",98,[14][81]
AREAS046.DAT:8:78,AREAS046.DAT,8,78,"[0C][06][14][81]A""Zere is nozing to[01]tell![02]Zee Empire asked zee[01]Princess to come to[01]zee capital!""",85,
AREAS046.DAT:8:79,AREAS046.DAT,8,79,"[0C][05][14][10][0F]""What the!?[02]Why would Elina go[01]there, huh?[02]What reason would[01]she have to go to[02]the heart of the[01]enemy's country!?""",120,
AREAS046.DAT:8:80,AREAS046.DAT,8,80,"[0C][06][14][81]A""You are asking zee[01]wrong person, eh?[02]Besides...""",55,
AREAS046.DAT:8:81,AREAS046.DAT,8,81,"[0C][06][14][81]A""I am thinking zat[01]you will be wanting[01]my 'elp in looking[02]for zee princess,[01]no?""",86,
AREAS046.DAT:8:82,AREAS046.DAT,8,82,"[0C][06][14][81]A""If zat is so...[02]Zen I think you[01]should be a little[01]more polite, eh?""",75,
AREAS046.DAT:8:83,AREAS046.DAT,8,83,"[0C][06][14][81]A""Well...[0B]If you are[01]wanting my 'elp,[02]I am not an[01]unreasonable man...[02]But before I 'elp[01]you, I need you to[01]do some work for me.""",133,
AREAS046.DAT:8:84,AREAS046.DAT,8,84,"[0C][05][14][0F][0D]""Um...[0B]Mr. Marlok?[02]What exactly is it[01]that you, um,[0B] want[01]me to do?""",74,
AREAS046.DAT:8:85,AREAS046.DAT,8,85,"[0C][06][14][81]A""Hmmm?[02]Well, until your[01]friends come back[02]with zee items zat[01]were stolen from me,[02]I was thinking zat[01]maybe you could some[01]work around 'ere.[02]You know, 'elp take[01]care of zee 'ouse...[01]And me.""",195,
AREAS046.DAT:8:86,AREAS046.DAT,8,86,"[0C][02][14][81]A""...[0B]...[0B]What!?[02]And so you come back,[01]jus' like zat!? Eh!""",64,
AREAS046.DAT:8:88,AREAS046.DAT,8,88,"[0C][02][14][81]A""Idiot![02]No matter 'ow much I[01]pay for it, what's[01]mine is mine![02]I 'ave a right to[01]get it back, yes?""",104,
AREAS046.DAT:8:89,AREAS046.DAT,8,89,"[0C][02][14][81]A""...Never mind.""",22,
AREAS046.DAT:8:90,AREAS046.DAT,8,90,"[0C][02][14][81]A""...Never mind.""",22,
AREAS046.DAT:8:91,AREAS046.DAT,8,91,"[0C][02][14][81]A""All right, zen...[02]This time, I 'ave you[01]do some work where[02]thinking is not[01]required, yes?""",97,
AREAS046.DAT:8:92,AREAS046.DAT,8,92,"[0C][05][14][0F][0D]""Excuse me,[01]Mr. Marlok?[02]Is there something[01]you'd like me to do?""",70,
AREAS046.DAT:8:93,AREAS046.DAT,8,93,"[0C][06][14][81]A""Let me see...[02]For now, why don't[01]you rub my shoulders[01]'ere, eh?""",71,
AREAS046.DAT:8:94,AREAS046.DAT,8,94,"[14][81]A""Mmmmm...[01]Enough with zee[01]shoulders...[02]Now, why don't you[01]give me a foot[01]massage, hm?""",90,[14][81]
AREAS046.DAT:8:95,AREAS046.DAT,8,95,"[14][81]A""Very good, Miss[01][04][01]...[02]Now how about a back[01]massage?""",57,[14][81]
AREAS046.DAT:8:96,AREAS046.DAT,8,96,"[0C][06][14][81]A""Ah....Thank you. I[01]feel much better now.[02]'Ow about you, Miss[01][04][01]?[02]A little tired out,[01]hm?""",96,
AREAS046.DAT:8:97,AREAS046.DAT,8,97,"[0C][05][14][0F][0D]""Huh?[0B] Um...Yes, I[01]guess so...""",37,
AREAS046.DAT:8:98,AREAS046.DAT,8,98,"[0C][06][14][81]A""Oh, you are, eh?[01]Well zen...[02]I'll 'ave to give[01]you a [0D]massage[0E][0F][09],[01]zen, won't I?""",87,
AREAS046.DAT:8:99,AREAS046.DAT,8,99,"[14][12][0D]""Let's help Mr.[01]Marlok so we can get[02]out of here and look[01]for Elina!""",73,[14][12]
AREAS046.DAT:8:100,AREAS046.DAT,8,100,"[14][01][01]""Stop wasting time[01]and start looking for[01]zat thief![02]You can start by[01]asking if anyone in[02]zee town has seen[01]'im.""",116,[14][01]
AREAS046.DAT:8:102,AREAS046.DAT,8,102,"[14][01][01]""If you've found[01]'im, why aren't you[01]chasing after 'im!?[02]What do you think I[01]'ired you for, eh?[02]Is so 'ard to find[01]good 'elp zeez[01]days...""",142,[14][01]
AREAS046.DAT:8:103,AREAS046.DAT,8,103,"[14][0F][0D]""If that person[01]really wasn't a[01]thief,[02]I think you did the[01]right thing in[01]letting him go.""",94,[14][0F]
AREAS046.DAT:8:104,AREAS046.DAT,8,104,"[14][01][01]""Zis time, I 'ave you[01]do work zat even a[01]monkey could do, hm?[02]Go to zee sandflier[01]wharf, all right?""",104,[14][01]
AREAS046.DAT:8:106,AREAS046.DAT,8,106,"[14][01][01]""If you do a good[01]job, maybe I give you[01]somezing, yes?""",59,[14][01]
AREAS046.DAT:8:107,AREAS046.DAT,8,107,"[14][08][08][14][08][08]""Don'tcha wonder[01]what's in the big box[01]in the middle?""",61,[14][08]
AREAS046.DAT:8:108,AREAS046.DAT,8,108,"[14][08][08][14][08][08]""Don'tcha wonder[01]what's in the big box[01]in the middle?""",61,[14][08]
AREAS046.DAT:8:109,AREAS046.DAT,8,109,"[14][0A][0A]""Heh heh...[02]Did you find the[01]princess?""",43,[14][0A]
AREAS046.DAT:8:110,AREAS046.DAT,8,110,"[14][0C][0C]""Chino! Chino, you[01]come back here right[01]now!""",49,[14][0C]
AREAS046.DAT:8:111,AREAS046.DAT,8,111,"[14][09][09]""Thhhpt![02]Come play with me,[01]Sister!""",40,[14][09]
AREAS046.DAT:8:112,AREAS046.DAT,8,112,"[14][04][04]""That's how Chino[01]gets Sister Marcy[02]and other people[01]to pay attention[01]to him.""",82,[14][04]
AREAS046.DAT:8:113,AREAS046.DAT,8,113,"[14][0E][0E]""ZOOOOOOMMMMM!!!!""",22,[14][0E]
AREAS046.DAT:8:114,AREAS046.DAT,8,114,"""I just hope that[01]merchant upstairs[02]isn't planning on[01]using m'place for[01]his office!""",85,
AREAS046.DAT:8:116,AREAS046.DAT,8,116,"[14][06][06]""It feels like[01]there's someone[01]missing...""",46,[14][06]
AREAS046.DAT:8:117,AREAS046.DAT,8,117,"[0C]!The children from the[01]orphanage are all hiding[01]somewhere in the town.[02]To catch them, find them[01]and talk to them.[02]You can see how many you[01]have left to catch by[01]returning to the orphanage[02]and counting how many[01]children are there.",231,
AREAS046.DAT:8:120,AREAS046.DAT,8,120,"[14][07][07]""Take good care of[01]it, OK?""",31,[14][07]
AREAS046.DAT:8:122,AREAS046.DAT,8,122,"""I heard the guy[01]before me lost to a[01]bunch of kids.[02]I don't pull my[01]punches, no matter[01]who I'm fighting.[02]If you think you can[01]take me on,[02]you've got another[01]thing coming![02]Care to try your[01]luck?""[12][01][0C][92]You bet![01]Are you kidding?",224,
AREAS046.DAT:8:123,AREAS046.DAT,8,123,"""Bwah ha ha ha ha ha![01]You'll go a long way,[01]kid!""",50,
AREAS046.DAT:8:124,AREAS046.DAT,8,124,"""Bwah ha ha ha ha ha![01]Well, at least you're[01]honest!""",53,
AREAS046.DAT:8:125,AREAS046.DAT,8,125,"""Looking for Mr.[01]Marlok? He just[01]came back.""",45,
AREAS046.DAT:8:127,AREAS046.DAT,8,127,"""Sorry, but it looks[01]like you're a little[01]short there.""",56,
AREAS046.DAT:8:154,AREAS046.DAT,8,154,Supplication,13,
AREAS046.DAT:8:155,AREAS046.DAT,8,155,Supplication,13,
AREAS046.DAT:8:156,AREAS046.DAT,8,156,Holy Strike,12,
AREAS046.DAT:8:158,AREAS046.DAT,8,158,Benediction,12,
AREAS046.DAT:8:159,AREAS046.DAT,8,159,"[14][81]AMarlok[01]""...[0B]You again.[02]Well, 'ow goes your[01]journey, eh?[02]Instead of wandering[01]around, why don't you[02]maybe look for some[01]treasure instead, hm?[02]If you can show me[01]some interesting[01]items,[02]maybe I could be[01]persuaded to teach[02]you some of my[01]business secrets,[01]eh?""[12][82][0C][92]Show treasure[01]Never mind",289,[14][81]
AREAS046.DAT:8:160,AREAS046.DAT,8,160,"[14][81]AMarlok[01]""...[0B]You again.[02]Well, 'ow goes your[01]journey, eh?[02]Instead of wandering[01]around, why don't you[02]maybe look for some[01]treasure instead, hm?[02]If you can show me[01]some interesting[01]items,[02]maybe I could be[01]persuaded to teach[02]you some of my[01]business secrets,[01]eh?""[12][82][0C][92]Show treasure[01]Never mind",289,[14][81]
AREAS046.DAT:8:161,AREAS046.DAT,8,161,"[14][81]AMarlok[01]""...[0B]You again.[02]Well, 'ow goes your[01]journey, eh?[02]Instead of wandering[01]around, why don't you[02]maybe look for some[01]treasure instead, hm?[02]If you can show me[01]some interesting[01]items,[02]maybe I could be[01]persuaded to teach[02]you some of my[01]business secrets,[01]eh?""[12][82][0C][92]Show treasure[01]Never mind",289,[14][81]
AREAS046.DAT:8:162,AREAS046.DAT,8,162,"[14][81]A""[0B][0B]Ooooh![02]Zis treasure zat you[01]'ave, it is worth a[01]great deal.[02]Zis color, zee shine,[01]zee texture...It is[01]wonderful.[02][0B][0B]Thank you for[01]showing me such a[01]beautiful item.[02]As thanks, I will[01]teach you [05][04]Greed[06].[02]If you want to be[01]rich like me, zis is[01]zee first step, no?""",267,[14][81]
AREAS046.DAT:8:163,AREAS046.DAT,8,163,"[14][81]A""I am interested in[01]zee rare and unusual[01]treasures.[02]If you can show me[01]something like zee[01][05][02][07]",97,[14][81]
AREAS046.DAT:8:164,AREAS046.DAT,8,164,"[14][81]A""[0B][0B]You call zis a[01]treasure?[02]I should almost ask[01]you to pay me money[02]to look at it, it is[01]so bad![02]At zee very least, I[01]was 'oping you would[01]'ave a [05][02][09]""[05][06].""",158,[14][81]
AREAS046.DAT:8:165,AREAS046.DAT,8,165,"[14][81]A""Don't waste time,[01]and don't waste[01]money.[02]Zis is not only a[01]rule of business, but[01]of life, eh?""",99,[14][81]
AREAS046.DAT:8:166,AREAS046.DAT,8,166,"[14][81]AMarlok[01]""[0B]...Now what are[01]you wanting, hm?[02]'Ave you found a[01]treasure you want[01]to show me?[02]I am a busy Manillo,[01]but I can give you a[01]few minutes...""",150,[14][81]
AREAS046.DAT:8:168,AREAS046.DAT,8,168,"[14][81]A""I am interested in[01]zee rare and unusual[01]treasures.[02]If you can show me[01]something like zee[01][05][02][07]",97,[14][81]
AREAS046.DAT:8:170,AREAS046.DAT,8,170,"[14][81]A""What do you want,[01]eh?""[12][82][0C][93]Begin apprenticeship[01]Quit apprenticeship[01]Never mind",82,[14][81]
AREAS046.DAT:8:171,AREAS046.DAT,8,171,"[14][81]A""Anything else you[01]want?""[12][82][0C][93]Begin apprenticeship[01]Quit apprenticeship[01]Never mind",84,[14][81]
AREAS046.DAT:8:172,AREAS046.DAT,8,172,"[14][81]A""...[0B]I think you are[01]all already my[01]apprentices, no?""",57,[14][81]
AREAS046.DAT:8:173,AREAS046.DAT,8,173,"[14][81]A""[0B]I will teach[01][07][02] [05][04]Greed[06].[02]Maybe someday, you[01]will be rich like[01]I am, eh?""",79,[14][81]
AREAS046.DAT:8:174,AREAS046.DAT,8,174,"[14][81]A""[0B]All right, zen, I[01]will teach you [05][04]Greed[06].[02]Maybe someday, you[01]will be rich like[01]I am, eh?""",96,[14][81]
AREAS046.DAT:8:175,AREAS046.DAT,8,175,"[14][81]A""Zere is no one zat[01]wants to learn what I[01]teach?[02]Zen stop wasting my[01]time, eh?""",83,[14][81]
AREAS046.DAT:8:176,AREAS046.DAT,8,176,"[14][81]A""...[0B]I think zat[01]none of you is my[01]apprentice, yes?""",56,[14][81]
AREAS046.DAT:8:177,AREAS046.DAT,8,177,"[14][81]A""...[0B]All right, zen.[01]Don't expect any[01]favors, [07][02].""",54,[14][81]
AREAS046.DAT:8:178,AREAS046.DAT,8,178,"[14][81]A...[0B]All right, zen.[02]Don't be thinking we[01]are friends anymore,[01]eh?""",70,[14][81]
AREAS046.DAT:8:179,AREAS046.DAT,8,179,"[14][81]A""Zen stop wasting my[01]time, eh?""",35,[14][81]
AREAS046.DAT:8:180,AREAS046.DAT,8,180,"[14][81]A""Keep looking for zee[01]treasures, eh?""[02]If you can show me[01]something like zee[01][05][02][07]",83,[14][81]
AREAS046.DAT:8:181,AREAS046.DAT,8,181,"[14][81]AMarlok[01]""What are you[01]wanting, eh?[02]I am not needing any[01]bodyguards right[01]now.""",81,[14][81]
AREAS046.DAT:8:182,AREAS046.DAT,8,182,Copper Bell,12,
AREAS046.DAT:8:183,AREAS046.DAT,8,183,ElectrumBell,13,
AREAS046.DAT:8:184,AREAS046.DAT,8,184,PlatinumBell,13,
AREAS046.DAT:8:188,AREAS046.DAT,8,188,Monopolize,11,
AREAS046.DAT:8:189,AREAS046.DAT,8,189,Roulette,9,
AREAS046.DAT:8:190,AREAS046.DAT,8,190,"[14][04][04]""I've got to keep my[01]eye on Chino so he[02]doesn't get into[01]too much trouble![02]He is my brother,[01]y'know!""",105,[14][04]
AREAS046.DAT:8:191,AREAS046.DAT,8,191,"[14][04][04]""I've got to keep my[01]eye on Chino so he[02]doesn't get into[01]too much trouble![02]He is my brother,[01]y'know!""",105,[14][04]
AREAS046.DAT:8:192,AREAS046.DAT,8,192,"[14][04][04]""I've got to keep my[01]eye on Chino so he[02]doesn't get into[01]too much trouble![02]He is my brother,[01]y'know!""",105,[14][04]
AREAS046.DAT:8:193,AREAS046.DAT,8,193,"[14][0C][0C]""Again, let me[01]apologize for all[02]the trouble Chino[01]put you through.[02]I hope you are[01]able to find the[01]Princess soon.[02]We will remember you[01]in our prayers.""",156,[14][0C]
AREAS046.DAT:8:194,AREAS046.DAT,8,194,"[14][0E][0E]""I thought no one[01]would be able to[01]find me there![02]I'll have to find a[01]better place to hide[01]from now on!""",108,[14][0E]
AREAS046.DAT:8:195,AREAS046.DAT,8,195,"[14][06][06]""I got even more[01]hungry 'cause we had[01]to wait for Chino.""",61,[14][06]
AREAS046.DAT:8:196,AREAS046.DAT,8,196,"[14][08][08]""If you meet the[01]Princess, tell her I[01]said hi, OK?""",55,[14][08]
AREAS046.DAT:8:197,AREAS046.DAT,8,197,"[14][08][08]""If you meet the[01]Princess, tell her I[01]said hi, OK?""",55,[14][08]
AREAS046.DAT:8:198,AREAS046.DAT,8,198,"[14][09][09]""See? I told you![02]That guard likes the[01]water woman! I knew[01]it!""",67,[14][09]
AREAS046.DAT:8:199,AREAS046.DAT,8,199,"[14][0A][0A]""Heh heh...You found[01]me!""",29,[14][0A]
AREAS047.DAT:8:4,AREAS047.DAT,8,4,"[14][C1]@""By the way, this is[01][04][03].[02]He's been assigned to[01]watch over us so we[01]don't run off.""",86,[14][C1]
AREAS047.DAT:8:9,AREAS047.DAT,8,9,Do you want to wait for[01]nightfall here?[12],41,
AREAS047.DAT:8:11,AREAS047.DAT,8,11,It looks like you could[01]rest here.[12][8B][0C][93]Rest[01]Diary[01]Never mind,60,
AREAS047.DAT:8:12,AREAS047.DAT,8,12,"[14][02][01]""I just glad zat zere[01]was an empty room[01]'ere.[02][19]",51,[14][02]
AREAS047.DAT:8:13,AREAS047.DAT,8,13,"[14][03][02]""Did you hear about[01]how the chief of the[02]Worens escaped the[01]castle?[02][14][FF][FF][14][84]CThey say he managed[01]to get all the way[01]to Wyndia!""",128,[14][03]
AREAS047.DAT:8:14,AREAS047.DAT,8,14,"[14][04][03]""They say one of the[01]Wyndian princesses[02]helped that Woren[01]chief escape![02][14][FF][FF][14][83]BCan you imagine[01]such a thing? How[01]scandalous!""",128,[14][04]
AREAS047.DAT:8:15,AREAS047.DAT,8,15,"""Mommy...I'm hungry!""",22,
AREAS048.DAT:7:9,AREAS048.DAT,7,9,"[14][C1]@""You mean...[04]",17,[14][C1]
AREAS048.DAT:7:10,AREAS048.DAT,7,10,"[14][C2]@""So that's what the[01]Empire's after...[02]They must want the[01]Yorae Dragon's power[01]for themselves!""",98,[14][C2]
AREAS049.DAT:7:2,AREAS049.DAT,7,2,"""This village is called[01][05][02]Kyoin[06], after the soldiers[02]who guard the Imperial[01]Causeway.[02]Kyoin means 'people of the[01]bridge' in the language of[01]the Empire.""",153,
AREAS049.DAT:7:3,AREAS049.DAT,7,3,"""Heard a 'flier with a lot[01]of crates came in.[02]I figure it must be old[01]Marlok making another one[01]of his 'supply' runs.""",119,
AREAS049.DAT:7:5,AREAS049.DAT,7,5,"""Did you hear that they[01]sent in some troops the[01]other day?[02]Heard they were supposed to[01]be looking for a dragon or[01]something.""",126,
AREAS049.DAT:7:6,AREAS049.DAT,7,6,"""Never mind that--remember[01]a while back that really[02]pretty looking woman came[01]through here? I wonder[01]where she went...?""",121,
AREAS049.DAT:7:7,AREAS049.DAT,7,7,"""I can't wait to get back[01]home and see my girlfriend[01]again![02]I wonder when I'll be[01]able to go back though...""",109,
AREAS049.DAT:7:8,AREAS049.DAT,7,8,"""They say the Causeway's[01]Gate is finally going to[01]open again.[02]If I'm lucky I'll be able[01]to use this opportunity to[01]get back home!""",131,
AREAS049.DAT:7:9,AREAS049.DAT,7,9,"""They haven't really used[01]the gateway much since the[01]war ended...""",67,
AREAS049.DAT:7:10,AREAS049.DAT,7,10,"""This is the entrance to[01]the [05][02]Imperial Causeway[06],[02]which links the eastern[01]continent of Levant to[01]western one, Hesperia.[02]But do you know what it[01]really is?""[12]",158,
AREAS049.DAT:7:11,AREAS049.DAT,7,11,"""This is the entrance to[01]the [05][02]Imperial Causeway[06],[02]which links the eastern[01]continent of Levant to[01]western one, Hesperia.[02]But do you know what it[01]really is?""[12]",158,
AREAS049.DAT:7:12,AREAS049.DAT,7,12,"""Oh, you already know?[02]The First Emperor must have[01]been amazing to make[02]something as incredible as[01]this!""",106,
AREAS049.DAT:7:13,AREAS049.DAT,7,13,"""It's not really a bridge[01]or causeway at all...[02]It's a magical gate that[01]can transport people or[02]things instantaneously[01]from place to place.""",142,
AREAS049.DAT:7:14,AREAS049.DAT,7,14,"""New recruits, eh?[02]Well, relax and take[01]some time off.[01]Enjoy!""[12][86][0C][93]Rest[01]Diary[01]Never mind",88,
AREAS049.DAT:7:15,AREAS049.DAT,7,15,"""We skim a little off of[01]every weapons shipment that[02]comes through here and sell[01]'em ourselves.[02]I know it ain't right, but[01]we gotta make a living[01]somehow.""",156,
AREAS049.DAT:7:16,AREAS049.DAT,7,16,"""I don't know who you think[01]you are, but you can't use[01]the Causeway!""",70,
AREAS049.DAT:7:17,AREAS049.DAT,7,17,"""Oh...Captain![02]Were you planning on[01]returning to Hesperia?""",60,
AREAS049.DAT:7:19,AREAS049.DAT,7,19,"""Yes. I'm afraid you'll[01]have to wait for a while,[01]ma'am.""",58,
AREAS049.DAT:7:20,AREAS049.DAT,7,20,"""A little while ago, we[01]had a problem with someone[02]fighting and using magic[01]inside the Causeway.[02]Somehow they disrupted the[01]gate mechanism--it's not[01]working anymore.""",167,
AREAS049.DAT:7:21,AREAS049.DAT,7,21,"""We have no idea when it[01]will be operational again.""",53,
AREAS049.DAT:7:22,AREAS049.DAT,7,22,"""I don't know who broke[01]the gateway,[02]but thanks to them none of[01]us can get home!""",82,
AREAS049.DAT:7:23,AREAS049.DAT,7,23,"""Captain [04][04]! Returning[01]home to make a report?[02]I see...[02]You've come at a bad time,[01]I'm afraid.""",95,
AREAS049.DAT:7:24,AREAS049.DAT,7,24,"""They say there's a sea[01]up to the north of the[01]desert with no mud in it!""",74,
AREAS049.DAT:7:25,AREAS049.DAT,7,25,"""Really? How big is it?[01]Does it go all the way to[01]Hesperia?""",61,
AREAS049.DAT:7:26,AREAS049.DAT,7,26,"[14][01][01]""Boy, I really need[01]to get to Hesperia...[01]What about you?""[12][01][0C][82]Yep[01]Nope",74,[14][01]
AREAS049.DAT:7:27,AREAS049.DAT,7,27,"[14][01][01]""I wonder if there[01]isn't another way[01]to get there...""",57,[14][01]
AREAS049.DAT:7:28,AREAS049.DAT,7,28,"[14][01][01]""Yeah, I know...[02]Most people usually[01]don't want to go to[01]the Empire...""",75,[14][01]
AREAS049.DAT:7:29,AREAS049.DAT,7,29,"""C-captain![02]What brings you to our[01]little city in the middle[01]of nowhere?""",74,
AREAS049.DAT:7:30,AREAS049.DAT,7,30,"""Huh?[02]I thought most civilians[01]had left after the gateway[01]stopped working.""",76,
AREAS049.DAT:7:31,AREAS049.DAT,7,31,"""Go on ahead.[0B] You do know[01]the Causeway's not working,[01]don't you?""",67,
AREAS049.DAT:7:32,AREAS049.DAT,7,32,"""I don't know who you are,[01]but you can't use the[01]Causeway.""",60,
AREAS049.DAT:7:33,AREAS049.DAT,7,33,"""I don't know who you are,[01]but you can't use the[01]Causeway.""",60,
AREAS049.DAT:7:34,AREAS049.DAT,7,34,"""I don't know who you are,[01]but you can't use the[01]Causeway.""",60,
AREAS049.DAT:7:35,AREAS049.DAT,7,35,"""I don't know who you are,[01]but you can't use the[01]Causeway.""",60,
AREAS049.DAT:7:36,AREAS049.DAT,7,36,"""I don't know who you are,[01]but you can't use the[01]Causeway.""",60,
AREAS049.DAT:7:37,AREAS049.DAT,7,37,"""Some people caused some[01]trouble here a while[01]back...[02]They did something to the[01]gateway and caused it to[01]shut down.""",117,
AREAS049.DAT:7:38,AREAS049.DAT,7,38,"""Captain![02]As you can see, we're[01]unable to return home.[02]No, we still haven't found[01]out who did it.""",99,
AREAS049.DAT:7:39,AREAS049.DAT,7,39,"""I don't know who it was[01]that broke the gateway,[02]but they sure made life[01]difficult for all of us!""",99,
AREAS049.DAT:7:42,AREAS049.DAT,7,42,"""There are many different[01]kinds of weapons in the[01]world...[02]Some give you the ability[01]to attack twice in a[01]row...[02]Others enable you to use[01]magic if you use them as[01]tools...[02]Some say there are even[01]weapons that let you attack[01]all your enemies at once!""",251,
AREAS049.DAT:7:43,AREAS049.DAT,7,43,"""Narrow roads...Around[01]corners...[02]There are lots of places[01]where it's hard to see[01]things.[02]Did you know you can use[01]the [82] and [83] buttons to[01]change the camera angle?[02]It's a handy trick to help[01]you get around--try it!""",215,
AREAS049.DAT:7:44,AREAS049.DAT,7,44,"""Well, that's good then...[02]Just be careful--there're[01]lots of monsters inside[01]the Bridge.""",90,
AREAS049.DAT:7:45,AREAS049.DAT,7,45,"[14][02][02]""Hail, travelers![02]I bet you've got a[01]lot of questions,[01]don't you?[02]Well, then you've[01]come to the right[01]place,[02]'cause I've got the[01]answers![02]What do you want to[01]know?""[12][02][0C][95]About combat[01]About ranks[01]About ""learning""[01]About Combo Attacks[01]Never mind",244,[14][02]
AREAS049.DAT:7:46,AREAS049.DAT,7,46,"""If you encounter an[01]enemy, you've got to[01]fight it--or them![02]There are some monsters[01]you won't be able to[02]defeat with ordinary[01][05][02]attacks[06].[02]For those, you'll have[01]to use [05][02]special abilities[06][01]or [05][02]items[06]![02]You can also find out[01]all sorts of info about[01]your[02]enemies by pressing the[01][80] button!""[02][16]3",292,
AREAS049.DAT:7:47,AREAS049.DAT,7,47,"""When there're more[01]than four members in[01]your party,[02]the members you've[01]entered commands for[02]move up to the front[01]rank, while the rest[01]go to the back.[02]What's so good about[01]being in the back,[01]you say?[02]Well, you don't get[01]attacked, for one thing.[02]Also, people in the[01]back rank regain Ability[01]Points[02]based on their CP[01](concentration) level.[02]Finally, moving to the[01]back rank cures any[01]status changes[02]except for Poison![02]Knowing when to change[01]ranks is the sign of an[01]experienced fighter!""[02][16]3",487,
AREAS049.DAT:7:49,AREAS049.DAT,7,49,"""Well, for example, let's[01]say one of you casts a[01]Fire spell.[02]Then, another person[01]uses a Wind spell.[02]Those two spells will[01]combine and create a[01]new, more powerful spell![02]That's called a [05][02]combo[06].[02]There're lots of things[01]you can combine into a[01]combo--[02]see what else you can[01]make!""[02][16]3",283,
AREAS049.DAT:7:50,AREAS049.DAT,7,50,"""Oh...Well, then,[01]good luck to you!""",37,
AREAS049.DAT:7:51,AREAS049.DAT,7,51,"""What else do you[01]want to know?""[12][02][0C][95]About combat[01]About ranks[01]About ""learning""[01]About Combo Attacks[01]Never mind",109,
AREAS049.DAT:7:52,AREAS049.DAT,7,52,[0C]!This demo has been prepared[01]especially for E3.[02]The object of the game is[01]explore the Imperial[02]Causeway and defeat the[01]officer on the top floor.[02]We hope you enjoy this[01]glimpse into the world of[01]BREATH OF FIRE }.,213,
AREAS050.DAT:7:0,AREAS050.DAT,7,0,"""Well I'll be...![02]You all came here by[01]ship!?""",47,
AREAS050.DAT:7:1,AREAS050.DAT,7,1,"""Well I'll be...![02]You all came here by[01]ship!?""",47,
AREAS050.DAT:7:2,AREAS050.DAT,7,2,"""This here's Koshka.[02]We don't get that many[01]visitors, but when we do,[01]I let 'em stay at my place.[02][19]",100,
AREAS050.DAT:7:3,AREAS050.DAT,7,3,"""Sorry. Didn't know[01]you didn't have[01]enough money.""",51,
AREAS050.DAT:7:4,AREAS050.DAT,7,4,"""Hey there, stranger.[01]Looking for something?[02]I got lots of stuff you[01]won't find anywhere else!""[12][84][0C][94]Buy[01]Sell[01]Trade[01]Never mind",125,
AREAS050.DAT:7:5,AREAS050.DAT,7,5,"""While back, this merchant[01]came through here.[02]Said he was looking for...[01]What did he say? 'Rare and[01]unique goods,' he said.[02]Ever since then, all the[01]men here have got it in[02]their heads to sell things,[01]thinking they're[01]merchants themselves!""",241,
AREAS050.DAT:7:6,AREAS050.DAT,7,6,"""Maybe I should try and[01]find something I can sell[01]myself...[02]I bet if I went to the En[01]Jhou ruins I could find[01]something...""",124,
AREAS050.DAT:7:7,AREAS050.DAT,7,7,"""Where're the ruins, you[01]say?[02]If you mean the [05][02]En Jhou[06][01]ruins, they're to the east[01]of the Shan River.""",104,
AREAS050.DAT:7:8,AREAS050.DAT,7,8,"""You're going to go to the[01]ruins looking for lost[01]treasure?[02]You sound just like my[01]husband...""",95,
AREAS050.DAT:7:9,AREAS050.DAT,7,9,"""You're going to go to the[01]ruins looking for lost[01]treasure?[02]You sound just like my[01]husband...""",95,
AREAS050.DAT:7:10,AREAS050.DAT,7,10,"""Hey there, stranger. What?[01]Jars?[02]Yeah, I make jars. Why--you[01]want to buy one?""[12]",81,
AREAS050.DAT:7:11,AREAS050.DAT,7,11,"""Fine--suit yourself!""",23,
AREAS050.DAT:7:12,AREAS050.DAT,7,12,"""All right then, I'll make[01]you one.[02]It'll take some time,[01]though--come back later.""",84,
AREAS050.DAT:7:13,AREAS050.DAT,7,13,"""It's not ready yet. Come[01]back later.""",39,
AREAS050.DAT:7:14,AREAS050.DAT,7,14,"""Well, it's finished.[02][19]",24,
AREAS050.DAT:7:15,AREAS050.DAT,7,15,"""Thanks!""",10,
AREAS050.DAT:7:16,AREAS050.DAT,7,16,"""Why don't you come back[01]later with some money?""",49,
AREAS050.DAT:7:18,AREAS050.DAT,7,18,"""I remember when I was a[01]kid, they'd make those jars[01]and give them to people.[02]But now we get people[01]coming from all over to[01]buy them...""",137,
AREAS050.DAT:7:19,AREAS050.DAT,7,19,"""I never would've guessed[01]there was something like[01]that still in the ruins...[02]I should've looked[01]harder!""",106,
AREAS050.DAT:7:20,AREAS050.DAT,7,20,"""Bet you didn't find[01]anything of value in those[01]ruins, did you?[02]That's because everyone[01]here's already taken[02]everything that's worth[01]anything and sold it[01]off!""",160,
AREAS050.DAT:7:21,AREAS050.DAT,7,21,"""Huh? Which way's the[01]capital, you say?[02]Hmmm...I forget...We don't[01]get out that way much, you[01]know...""",103,
AREAD051.DAT:8:3,AREAD051.DAT,8,3,"[0C][06][14][80]@""Um, are you sure[01]we'll be able to make[01]it across if we do?""",66,
AREAD051.DAT:8:5,AREAD051.DAT,8,5,[0C]!Move [04],9,
AREAD051.DAT:8:6,AREAD051.DAT,8,6,[0C] To switch between [04][05][01]and [04],29,
AREAD051.DAT:8:10,AREAD051.DAT,8,10,The mist has thickened--[01]it's too dangerous to[01]climb down now.,63,
AREAD051.DAT:8:14,AREAD051.DAT,8,14,"[14][C1]@""You mean over where[01]that lever is, right?[01]OK!""",51,[14][C1]
AREAD051.DAT:8:15,AREAD051.DAT,8,15,Do you want to rejoin[01][04][05] and leave?[12],37,
AREAD051.DAT:8:18,AREAD051.DAT,8,18,"[0C][0C][14][81]@""What should we do,[01][04][05]?""",30,
AREAD051.DAT:8:20,AREAD051.DAT,8,20,"[0C][0C][14][C1]@""That means we'll be[01]able to get through[01]it, right?""",58,
AREAD051.DAT:8:24,AREAD051.DAT,8,24,Switch between groups[01]using the [05][02]SELECT button[06].[02]Standing on a container[01]will cause it to lower and[01]remain in place.,118,
AREAD051.DAT:8:26,AREAD051.DAT,8,26,"""We still haven't[01]cleaned this place[01]out yet![02]If you hang around[01]here too long, you'll[01]get contaminated!""",106,
AREAD051.DAT:8:27,AREAD051.DAT,8,27,"""Hey, [04][05]![01]Come to do some[01]work?[02]No? Oh...""",43,
AREAS051.DAT:7:2,AREAS051.DAT,7,2,"[14][C1]@""That's right.[02]There's a device in[01]the Tower of Wind[02]that will take us[01]far above the earth.[02]If we use it, we[01]should be able to[01]meet P'ung Ryong.""",149,[14][C1]
AREAS051.DAT:7:3,AREAS051.DAT,7,3,"[14][C1]@""Wait a minute...[01]Where's [04][03]?""",34,[14][C1]
AREAS051.DAT:7:5,AREAS051.DAT,7,5,"[14][81]A""What!? But I[01]thought...""",29,[14][81]
AREAS051.DAT:7:10,AREAS051.DAT,7,10,"[14][01][01]""That may be true...[02]But the Golden Plains[01]are too big to try[01]and search on foot.[02][04]",87,[14][01]
AREAS051.DAT:7:11,AREAS051.DAT,7,11,"[14][02][01]""Good luck, [04]",17,[14][02]
AREAS051.DAT:7:12,AREAS051.DAT,7,12,"[14][02][01]""Good luck, [04]",17,[14][02]
AREAS051.DAT:7:15,AREAS051.DAT,7,15,"[14][C1]@""Well, you're[01]right...[02][14][82]AThere might not be[01]any benefit for us.""",69,[14][C1]
AREAS051.DAT:7:16,AREAS051.DAT,7,16,"[14][C1]@""And it's true that[01]we don't know if our[01]plan will work...[02]Still...""",72,[14][C1]
AREAS051.DAT:7:17,AREAS051.DAT,7,17,"[14][C1]@""It just wouldn't[01]feel right[02][14][83]Ato sit around and[01]do nothing.""",66,[14][C1]
AREAS051.DAT:7:18,AREAS051.DAT,7,18,"[14][C1]@""We'll be in [05][02]Wyndia[06][01]soon, [04]",34,[14][C1]
AREAS051.DAT:7:19,AREAS051.DAT,7,19,"[14][C1]@""We'll be in [05][02]Wyndia[06][01]soon, [04]",34,[14][C1]
AREAS051.DAT:7:20,AREAS051.DAT,7,20,"[14][C1]@""We'll be in [05][02]Wyndia[06][01]soon, [04]",34,[14][C1]
AREAS051.DAT:7:21,AREAS051.DAT,7,21,"[14][C1]@""Elina and I were[01]born and raised[02]inside Castle[01]Wyndia...""",62,[14][C1]
AREAS051.DAT:7:23,AREAS051.DAT,7,23,"[14][81]A""But we had to! If[01]you're captured by[01]Ludia again,[02]we'll never be able[01]to find Elina.""",90,[14][81]
AREAS051.DAT:7:25,AREAS051.DAT,7,25,"[14][04][02]""There you are![01]Finally![02]I've been looking all[01]over for you!""",65,[14][04]
AREAS051.DAT:7:26,AREAS051.DAT,7,26,"[14][04][02]""You've got to help[01]us, Dragon Boy![02]We were able to get[01]back to our home,[01]but...""",85,[14][04]
AREAS051.DAT:7:27,AREAS051.DAT,7,27,"[14][04][02]""We need you to help[01]us! Will you come[01]help us?""[12]",53,[14][04]
AREAS051.DAT:7:28,AREAS051.DAT,7,28,"[14][05][02]""You're not being[01]nice![02]Please come help us!""[12]",50,[14][05]
AREAS051.DAT:7:29,AREAS051.DAT,7,29,"[14][05][02]""Don't be a big[01]meanie! Come and[01]help us!""[12]",47,[14][05]
AREAS051.DAT:7:30,AREAS051.DAT,7,30,"[14][06][02]""You're a big meanie,[01]just like those[01]nightmares![02]Come help us--pretty[01]pretty please?""[12]",91,[14][06]
AREAS051.DAT:7:31,AREAS051.DAT,7,31,"[14][07][02]""Really!? Hooray![01]Thank you!""",33,[14][07]
AREAS051.DAT:7:32,AREAS051.DAT,7,32,"[14][05][02]""We've been gone from[01]our homes so long,[02]we don't know what to[01]do anymore!""",79,[14][05]
AREAS051.DAT:7:45,AREAS051.DAT,7,45,"[14][08][03][0A][01]""Pippiki!""",16,[14][08]
AREAS051.DAT:7:51,AREAS051.DAT,7,51,Where do you want to go?[12][01][0C][93]Into Golden Plains[01]Leave the Plains[01]Nowhere,72,
AREAS051.DAT:7:52,AREAS051.DAT,7,52,"[14][C2]@""At this rate, we[01]should get to the[02]abandonded village[01]by tomorrow...""",74,[14][C2]
AREAS051.DAT:7:53,AREAS051.DAT,7,53,"[14][C2]@""I just hope the[01]Empire hasn't found[01]anybody yet...""",56,[14][C2]
AREAS051.DAT:7:55,AREAS051.DAT,7,55,"[0C][04][14][C1]@""What does that mean,[01][04][02]?[02]Does that mean the[01][04][05] we knew never[01]existed?""",77,
AREAS051.DAT:7:56,AREAS051.DAT,7,56,"[0C][04][14][89]A""I can't believe[01]that...I don't want[01]to believe it...""",60,
AREAS051.DAT:7:57,AREAS051.DAT,7,57,"[0C][04][14][C1]@""I'm sorry...What am[01]I talking about?[02][14][82]AWe've got the people[01]from the village to[01]worry about...""",103,
AREAS051.DAT:7:61,AREAS051.DAT,7,61,You should get some rest...,28,
AREAS051.DAT:7:62,AREAS051.DAT,7,62,"[14][C4]@""You're [04]",13,[14][C4]
AREAS051.DAT:7:63,AREAS051.DAT,7,63,"[14][C4]@""We know you are the[01]Yorae Dragon.[02]You will come with[01]us--now.""",67,[14][C4]
AREAS051.DAT:7:66,AREAS051.DAT,7,66,"[14][8A]D""What are you talking[01]about?""",33,[14][8A]
AREAS051.DAT:7:69,AREAS051.DAT,7,69,"[0C][05][14][01][01]""Just let us go there[01]and make sure they're[01]all right! Please!""",69,
AREAS051.DAT:7:70,AREAS051.DAT,7,70,"[0C][06][14][81]A""Do you think...[02]Do you think the[01]monster that appeared[01]in the capital[02]has something to do[01]with the other[01][04]",113,
AREAS051.DAT:7:73,AREAS051.DAT,7,73,"[0C][06][14][8A]D""I have no 'plan'.[02]I am simply going[01]to meet the general[02]who gave me my orders[02]and to place you[01]under his custody.[01]That is all.""",134,
AREAS051.DAT:7:75,AREAS051.DAT,7,75,"[0C][06][14][8C]E""General Rhun is a[01]veteran of many[01]campaigns![02]It will take more[01]than some monsters[01]to kill him![02]I'm sure he is[01]waiting for me at[02]Army headquarters.""",154,
AREAS051.DAT:7:77,AREAS051.DAT,7,77,"[14][89][01]""I don't know how[01]to describe what I[01]feel...[02]My sister...""",62,[14][89]
AREAS051.DAT:7:78,AREAS051.DAT,7,78,"[14][89][01]""When we didn't find[01]her at first,[02]people told us to[01]give up...But I still[01]hoped...[02]Then, to be told[01]she's dead...""",119,[14][89]
AREAS051.DAT:7:79,AREAS051.DAT,7,79,"[0C][06][14][8D]F""When [04][05]...When[01]Deis left me...[02]I do not know how[01]to express it...[02]I felt empty.[01]But...""",94,
AREAS051.DAT:7:80,AREAS051.DAT,7,80,"[14][8E][01]""You are trying to[01]make me feel better,[01]aren't you, [04][05]?""",60,[14][8E]
AREAS051.DAT:7:81,AREAS051.DAT,7,81,"[14][8E][01]""I think I know what[01]you mean...[02]I may feel alone, but[01]I'm not--I've got[01]all of you...[02]All my friends.""",107,[14][8E]
AREAS051.DAT:7:82,AREAS051.DAT,7,82,"[0C][06][14][C4]@""I...""",12,
AREAS051.DAT:7:83,AREAS051.DAT,7,83,"[0C][06][14][C4]@""If it had been me[01]in her place...[02]I would have asked[01]you to do the same[01]thing.""",86,
AREAS051.DAT:7:84,AREAS051.DAT,7,84,"[14][C4]@""What you did...[02][14][8C]E""For what it's[01]worth...[0B]I think you[01]did the right thing.""",81,[14][C4]
AREAS051.DAT:7:86,AREAS051.DAT,7,86,"[14][04][02]""Is something wrong,[01]Dragon Boy?[02]You're not playing[01]today...""",65,[14][04]
AREAS053.DAT:8:3,AREAS053.DAT,8,3,"[0C][04][14][80]@""Oh my!""",14,
AREAS053.DAT:8:4,AREAS053.DAT,8,4,"[0C][04][14][80]@""Sorry 'bout that...[01]Got a little smokey[01]there, didn't it?[02][14][81]A""Me oven ain't what[01]it used to be, I'm[01]afraid!""",115,
AREAS053.DAT:8:5,AREAS053.DAT,8,5,"""One o' the wall's on[01]Mami's house there's got[01]a mighty big crack in't.[02]Better tell 'er so's she[01]can get it fixed come[01]winter...""",130,
AREAS053.DAT:8:6,AREAS053.DAT,8,6,"""Everyone here works hard[01]for a livin'! Not like them[01]young folk in the cities!""",81,
AREAS053.DAT:8:7,AREAS053.DAT,8,7,"""Hey![02]Don't be a-talkin' to me[01]right now--I be countin'[01]these beans!""",70,
AREAS053.DAT:8:8,AREAS053.DAT,8,8,"""I know you--my mom says[01]you're the fella that's[01]shackin' up with Mami![02]What's 'shackin' up' mean,[01]anyway?""",108,
AREAS053.DAT:8:9,AREAS053.DAT,8,9,"[14][02][02][0A][06]""whine""",13,[14][02]
AREAS053.DAT:8:10,AREAS053.DAT,8,10,"""Nuthin' like fishin' on a[01]sunny afternoon, eh?""",49,
AREAS053.DAT:8:11,AREAS053.DAT,8,11,"""Huh? Now that be an odd[01]question t' ask.[02]This here be [05][02]Sonne Village[06].[01]Capital? Oh, that be far[01]off to the east, friend.""",124,
AREAS053.DAT:8:12,AREAS053.DAT,8,12,"[14][03][03]""Hey! Yer that fella[01]that Mami's been[02]takin' care of,[01]ain'tcha?""",68,[14][03]
AREAS053.DAT:8:13,AREAS053.DAT,8,13,"[0C][04][14][03][03]""Who are ya? Where d'[01]ya come from, eh?[02]We don' take kindly[01]t'strangers 'ere...""[15][0E]",88,
AREAS053.DAT:8:15,AREAS053.DAT,8,15,"[0C][04][14][83][03]""Mami...What'cha be[01]doing with this[01]'ere...""",50,
AREAS053.DAT:8:20,AREAS053.DAT,8,20,"[0C][06][14][80]@""Oh boy...I di' no'[01]mean for the landlord[02]t'fin' out about[01]you....""",73,
AREAS053.DAT:8:22,AREAS053.DAT,8,22,"[0C][06][14][80]@""Well...[0B]It'll[01]prob'ly be fine,[02]long as we keep[01]pretendin' ye be[01]m' cousin...[02][14][81]AYe should be worryin'[01]more about yerself[01]than me![02]Yer wound ain't[01]fully healed yet![02]Ye shouldn't be[01]walkin' around in[01]th' first place!""",222,
AREAS053.DAT:8:23,AREAS053.DAT,8,23,"[0C][06][14][80]@""Callin' you m'[01]cousin was the first[01]thing I thought of...[02]But ye really be...""",85,
AREAS053.DAT:8:24,AREAS053.DAT,8,24,"[0C][06][14][80]@""Ne'er mind...Forget[01]I asked.""",36,
AREAS053.DAT:8:26,AREAS053.DAT,8,26,"[0C][03][14][04][04]""Many were the[01]nations of the[01]world then,[02]and they didst make[01]terrible war upon[01]each other.""",98,
AREAS053.DAT:8:30,AREAS053.DAT,8,30,"[0C][03][14][04][04]""However, even as he[01]dreamed, [04][06][02]realized a terrible[01]truth.""",66,
AREAS053.DAT:8:31,AREAS053.DAT,8,31,"[0C][03][14][04][04]""Even were he[01]complete,[02]he wouldst not be[01]able to fulfill all[02]the people's[01]desires!""",90,
AREAS053.DAT:8:32,AREAS053.DAT,8,32,"[0C][03][14][05][05]""Indeed. And why not?[01]For people are...""[15]!",48,
AREAS053.DAT:8:36,AREAS053.DAT,8,36,Do you want to rest?[12][86][0C][93]Rest[01]Diary[01]Never mind,46,
AREAS053.DAT:8:37,AREAS053.DAT,8,37,Do you want to rest on the[01]bed?[12][8A][0C][82]Yes[01]No,42,
AREAS053.DAT:8:38,AREAS053.DAT,8,38,"""If ye be lookin' for Mami,[01]she be workin' in the other[01]field, down thataway.[02]Ain't nobody works as hard[01]as that girl...""",122,
AREAS053.DAT:8:39,AREAS053.DAT,8,39,"""I know you! You be Mami's[01]man![02]I mean cousin, right!?""",56,
AREAS053.DAT:8:40,AREAS053.DAT,8,40,"""You ever fish, son?""[12][01][0C][82]Yes[01]No",32,
AREAS053.DAT:8:41,AREAS053.DAT,8,41,"""Tha's what I figured...[01]Ye got th' look in yer[01]eyes...""",57,
AREAS053.DAT:8:42,AREAS053.DAT,8,42,"""No, I didn' think so...Ye[01]don' look like th' type...""",55,
AREAS053.DAT:8:43,AREAS053.DAT,8,43,"[14][04][04]""What is this!?[01]I feel a presence...[02]'Tis like unto one[01]of the Endless...""",78,[14][04]
AREAS053.DAT:8:45,AREAS053.DAT,8,45,"""Did ye feel that? It was[01]like a tremor...""",44,
AREAS053.DAT:8:46,AREAS053.DAT,8,46,"""Huh?[02]I bet Mami be in the field[01]down there, like she always[01]is...""",68,
AREAS053.DAT:8:47,AREAS053.DAT,8,47,"""If'n ye be well enough t'[01]walk around, why ain'tcha[01]workin' like ev'ryone else?[02]Ev'ryone 'round 'ere's gotta[01]earn their keep, y'know.""",136,
AREAS053.DAT:8:48,AREAS053.DAT,8,48,"[14][02][02][0A][06]""Sigh.""",13,[14][02]
AREAS053.DAT:8:49,AREAS053.DAT,8,49,"""If'n you got nuthin'[01]else to do, ye should[01]try fishin', son.[02]It's mighty relaxin'!""",85,
AREAS053.DAT:8:50,AREAS053.DAT,8,50,"""Did ye feel that tremor a[01]while ago?[02]It be an omen, I know it![01]Sumthin' bad be going t'[01]happen!""",98,
AREAS053.DAT:8:51,AREAS053.DAT,8,51,"""Wha' was tha' rumblin'[01]a while back?""",39,
AREAS053.DAT:8:52,AREAS053.DAT,8,52,"[14][04][04]""Methinks it not[01]be wise that thee...[02]That we persist in[01]this...relationship.""",82,[14][04]
AREAS053.DAT:8:53,AREAS053.DAT,8,53,"[0C][06][14][80]@""Ryong...""",16,
AREAS053.DAT:8:54,AREAS053.DAT,8,54,"[0C][06][14][80]@""Don' let what th'[01]landlord said bother[01]ye...[02]All the folks in the[01]village're thankful[01]for what ye did...[02][14][81]AAn' so am I...""",130,
AREAS053.DAT:8:55,AREAS053.DAT,8,55,"[0C][04][14][83][03]""He...[0B]He be this[01]way, sirrah.""",37,
AREAS053.DAT:8:56,AREAS053.DAT,8,56,"[14][C6]@""T'would appear I[01]must needs fight mine[01]way out...[02]Nay...[0B]Mayhap I can[01]still escape[02]unnoticed by yon[01]soldiers...""",117,[14][C6]
AREAS053.DAT:8:57,AREAS053.DAT,8,57,"[14][C6]@""What is this?[02][14][85]EWhat matter is this[01]village to me?[02]Why dost I hesistate?[01]My path be clear--[02]Defeat yon troops[01]and make mine way[01]to Chedo...[02]And yet...""",157,[14][C6]
AREAS053.DAT:8:58,AREAS053.DAT,8,58,"[14][06][06]""So this is where[01]you've been hiding[01]him, eh?""",50,[14][06]
AREAS053.DAT:8:59,AREAS053.DAT,8,59,"[0C][02][14][83]C""H-hiding!?[02]We didn' know 'e was[01]wanted!""",47,
AREAS053.DAT:8:60,AREAS053.DAT,8,60,"[0C][02][14][83]C""I...[0B]I told all th'[01]folks in the village[02]t' get anything tha'[01]could be used as a[01]weapon...[02]We'll 'elp you[01]capture 'im, all[01]right? Heh heh...""",148,
AREAS053.DAT:8:61,AREAS053.DAT,8,61,"[0C][04][14][03][03]""Mami!?""[13]0[14][85]E""Thou wouldst do such[01]a thing?""",50,
AREAS053.DAT:8:62,AREAS053.DAT,8,62,"[14][85]E""Thou wouldst do such[01]a thing?""",35,[14][85]
AREAS053.DAT:8:63,AREAS053.DAT,8,63,"[0C][02][14][84][04]""Thou wouldst protect[01]me--hinder their[02]attempts to encage[01]me?[02]Thou art taking a[01]great risk.[02]What whilst thy[01]fellows think of[01]thee?""",137,
AREAS053.DAT:8:65,AREAS053.DAT,8,65,"[0C][02][14][80]@""An' I thought, maybe[01]if'n ye hid out here,[01]with me...[02]Ye might be able[01]t'live a normal[01]life...With me...""",112,
AREAS053.DAT:8:66,AREAS053.DAT,8,66,"[0C][02][14][81]A""I know it's silly--[01]it canno' be...[0B][02]But I wished so hard[01]it would!""",75,
AREAS053.DAT:8:67,AREAS053.DAT,8,67,"[0C][02][14][80]@""Forgive me...I[01]ne'er shoulda made[01]ye stay here...!""",58,
AREAS053.DAT:8:68,AREAS053.DAT,8,68,"[0C][02][14][83]C""Mami! What ye be[01]doin'!? Open the[01]door!!""",48,
AREAS053.DAT:8:72,AREAS053.DAT,8,72,"[14][01][01]""Heh heh...[02]Who'd a thunk that[01]th' cracked wall'd[02]come in handy like[01]this, eh?""",83,[14][01]
AREAS053.DAT:8:73,AREAS053.DAT,8,73,"The crack in the oven wall[01]isn't very large, but you[01]can probably fit through.",79,
AREAS053.DAT:8:74,AREAS053.DAT,8,74,"[14][07][07]""There was only this[01]woman inside!""",39,[14][07]
AREAS053.DAT:8:75,AREAS053.DAT,8,75,"[14][08][08]""You were hiding[01][04][06], weren't[01]you?[02]Did you...live with[01]him?""",63,[14][08]
AREAS053.DAT:8:76,AREAS053.DAT,8,76,"[14][88][08]""Take her back to[01]Astana.[02]We may be able to[01]use her in the[01]Carronade.""",74,[14][88]
AREAS053.DAT:8:77,AREAS053.DAT,8,77,"[14][03][03]""It...It ain't me[01]fault...[0B]...[0B][02]It's yer fault,[01]Mami...Ye shouldn'ta[01]done tha'...""",86,[14][03]
AREAS053.DAT:8:78,AREAS053.DAT,8,78,"""You ever fish, son?""[12][01][0C][82]Yes[01]No",32,
AREAS053.DAT:8:79,AREAS053.DAT,8,79,"""Tha's what I figured...[01]Ye got th' look in yer[01]eyes...""",57,
AREAS053.DAT:8:80,AREAS053.DAT,8,80,"""Hmmm...You neither, eh?[02]Ye look like ye'd like it,[01]though...Humph.""",69,
AREAS053.DAT:8:81,AREAS053.DAT,8,81,"[14][03][03]""Yo...[0B]You again!?[01]What ye be doing...!?[02]...[0B]...No, yer not[01]'im.[02]We don' like[01]strangers 'round[01]here...[02]Ye be just passin'[01]through, right?""",142,[14][03]
AREAS053.DAT:8:82,AREAS053.DAT,8,82,"""Folks say th' capital's[01]been attacked by some kinda[01]monster...[02]What's th' world comin'[01]to?""",93,
AREAS053.DAT:8:83,AREAS053.DAT,8,83,"""Lot o' people been comin'[01]round these parts lately...[02]Jus' a while back, there[01]was a bunch o' soldiers[01]'ere too.""",115,
AREAS053.DAT:8:84,AREAS053.DAT,8,84,"""Wait...[0B]Ain't you...[02]No, I guess you ain't.""",46,
AREAS054.DAT:8:0,AREAS054.DAT,8,0,"[14][80]@""Drat!""",11,[14][80]
AREAS054.DAT:8:1,AREAS054.DAT,8,1,"[14][80]@""Drat!""",11,[14][80]
AREAS054.DAT:8:2,AREAS054.DAT,8,2,"[14][80]@""I was just having a[01]good dream, and you[01]have to show up![02]You humans have the[01]worst manners...!""",100,[14][80]
AREAS054.DAT:8:3,AREAS054.DAT,8,3,"[14][01][01]""Uh, I'm sorry,[01][04][05].[02][14]A",26,[14][01]
AREAS054.DAT:8:4,AREAS054.DAT,8,4,"[14][80]@""Sigh...[02]Let me guess--'Oh,[01]mighty goddess,[02]tell us what we[01]should do!'[01]Am I right?""",88,[14][80]
AREAS054.DAT:8:5,AREAS054.DAT,8,5,"[14][80]@""Humph![02]That's always the way[01]it is, isn't it?[02]Can't figure it out[01]for yourselves so you[01]come pester us!""",109,[14][80]
AREAS054.DAT:8:6,AREAS054.DAT,8,6,"[14][02][01]""I...[0B]I'm sorry...""",23,[14][02]
AREAS054.DAT:8:7,AREAS054.DAT,8,7,"[14][80]@""What's up with this[01]world, anyway?[02]I've never heard of[01]a world where they[02]needed to summon[01]gods in the first[01]place...""",123,[14][80]
AREAS054.DAT:8:9,AREAS054.DAT,8,9,"[14][C2]@""Um, it's not that we[01]don't know how you[01]feel...[02]It's just that we're[01]kind of at a loss as[02]to what to do, you[01]know?""",120,[14][C2]
AREAS054.DAT:8:13,AREAS054.DAT,8,13,"[14][83]B""If the Empire[01]manages to control a[01]god,[02]it'll mean another[01]war![02][14][84]BWe can't let them[01]have that kind of[01]power!""",115,[14][83]
AREAS054.DAT:8:15,AREAS054.DAT,8,15,"[14][80]@""If part of the[01]Emperor is in[01][04]",35,[14][80]
AREAS054.DAT:8:16,AREAS054.DAT,8,16,"[14][80]@""The two halves will[01]meet--that destiny[01]cannot be changed.[02]However, if [04]",76,[14][80]
AREAS054.DAT:8:18,AREAS054.DAT,8,18,"[14][80]@""Something like that,[01]little bird.""",39,[14][80]
AREAS054.DAT:8:20,AREAS054.DAT,8,20,"[14][80]@""Don't worry--[01]there's a way.[02]For that, though,[01]I'll need to wake[01]up.""",74,[14][80]
AREAS054.DAT:8:22,AREAS054.DAT,8,22,"""Ha ha ha ha ha!""",18,
AREAS054.DAT:8:23,AREAS054.DAT,8,23,"[0C][02]""Hee hee hee hee...""",23,
AREAS055.DAT:8:1,AREAS055.DAT,8,1,"""I was hoping she'd[01]start wearing clothes[01]after we got married.[02]Oh well...I guess[01]that's what I get[02]for marrying a[01]faerie!""",124,
AREAS056.DAT:10:0,AREAS056.DAT,10,0,"[18][1B][D8][1E][98]""[CC]([A4])[1C]1[18]6[11]",16,
AREAD057.DAT:10:2,AREAD057.DAT,10,2,"[0C][06][14][C6]@""What...[0B]What be ye[01]doing in this place?""",47,
AREAD057.DAT:10:4,AREAD057.DAT,10,4,"[0C][05][14][01][01]""They say a dragon or[01]something's supposed[01]to appear tonight...[0B][02]So we were told to[01]watch this area.""",107,
AREAD057.DAT:10:6,AREAD057.DAT,10,6,"[0C][05][14][01][01]""That's right--and[01]not just any dragon,[01]either![02]They say it's the[01]legendary Dragon of[01]Doom,[02]which will bring[01]ruin to the Empire!""",135,
AREAD057.DAT:10:7,AREAD057.DAT,10,7,"[0C][06][14][C6]@""And...What be thy[01]design for this[01]dragon?""",49,
AREAD057.DAT:10:9,AREAD057.DAT,10,9,"[0C][06][14][82]B""Thou believest thou[01]can do such a thing?[02]Thou art but mere[01]mortals.""",75,
AREAD057.DAT:10:10,AREAD057.DAT,10,10,"[0C][05][14][C6]@""Thou dost not ken[01]the power of that[02]which you would[01]destroy.[02]This be a dragon.""",86,
AREAD057.DAT:10:11,AREAD057.DAT,10,11,"[0C][03][14][C6]@""A dragon 'tis[01]force of nature[01]unto itself.[02]Thou mayest as well[01]seek to fight a[02]volcano or the[01]very earth itself![02]Dragons doth give[01]birth to thy kind,[02]grant thee life,[01]and verily taketh[01]it away.[02]They are to thee[01]as thou art to an[01]insect.[02]In thy terms...[0B]""",261,
AREAD057.DAT:10:12,AREAD057.DAT,10,12,"[14][C6]@""They art gods.""",20,[14][C6]
AREAD057.DAT:10:13,AREAD057.DAT,10,13,"[0C][03][14][C6]@""...[0B]Wouldst thou[01]fight a god?""",37,
AREAD057.DAT:10:14,AREAD057.DAT,10,14,"[14][83]C""'Tis as I thought...[02]It is not the nature[01]of mortals to change[01]their ways...[0B]""",83,[14][83]
AREAD058.DAT:8:0,AREAD058.DAT,8,0,"[14][C2]@""This is it...![02]This is the place[01]they're holding[01]Elina!""",61,[14][C2]
AREAD058.DAT:8:1,AREAD058.DAT,8,1,"[14][C2]@""This is it...![02]This is the place[01]they're holding[01]Elina!""",61,[14][C2]
AREAD058.DAT:8:3,AREAD058.DAT,8,3,"[14][C2]@""Don't get your hopes[01]up too much--we still[01]need to find her.[02]Let's go!""",76,[14][C2]
AREAD058.DAT:8:4,AREAD058.DAT,8,4,There's a diary here.[12][8B][0C][93]Rest[01]Diary[01]Never mind,47,
AREAD058.DAT:8:5,AREAD058.DAT,8,5,There's a diary here.[12][8B][0C][93]Rest[01]Diary[01]Never mind,47,
AREAD058.DAT:8:6,AREAD058.DAT,8,6,"[0C][04][14][C5]@""blub blub...[02][04][05] does not need[01]to breath.[02]Still, she says she[01]thanks you for your[01]assistance.""",100,
AREAD058.DAT:8:7,AREAD058.DAT,8,7,"[14][81]A""Somebody's coming!""",24,[14][81]
AREAD058.DAT:8:8,AREAD058.DAT,8,8,"[14][02][02]""What then is the[01]status of the[01]sacrifice?""",47,[14][02]
AREAD058.DAT:8:9,AREAD058.DAT,8,9,"[0C][05]""It continues to...[01]grow, Lord Yuna.""",40,
AREAD058.DAT:8:10,AREAD058.DAT,8,10,"[14][02][02]""Excellent.[0B] I am[01]greatly pleased.""",39,[14][02]
AREAD058.DAT:8:13,AREAD058.DAT,8,13,"If you come out from behind[01]the curtain, you'll be[01]seen!",57,
AREAD058.DAT:8:14,AREAD058.DAT,8,14,"[0C][0C]""Yes, Lord Yuna. At[01]the present rate...""",43,
AREAD058.DAT:8:15,AREAD058.DAT,8,15,"[14][C1]@""Whew![0B] Looks like[01]they didn't see[01]us...""[15][10]",47,[14][C1]
AREAD058.DAT:8:16,AREAD058.DAT,8,16,"[0C][03][14][02][02]""Ah, but we did.""",23,
AREAD058.DAT:8:17,AREAD058.DAT,8,17,"[0C][03][14][02][02]""Well now, we can't[01]have this,[0B] can we?[02]This building belongs[01]to the Fou Empire.[02]And you are[01]Easterners,[01]are you not?""",124,
AREAD058.DAT:8:18,AREAD058.DAT,8,18,"[0C][04][14][C2]@""We're...looking for[01]someone.""",36,
AREAD058.DAT:8:19,AREAD058.DAT,8,19,"[0C][04][14][83]@""Yes--we're looking[01]for my sister.[02]Her name is Elina.[01]We were told she had[01]come here...""",94,
AREAD058.DAT:8:20,AREAD058.DAT,8,20,"[0C][04][14][81]A""What do you know[01]about her!?""",36,
AREAD058.DAT:8:21,AREAD058.DAT,8,21,"[0C][03][14][02][02]""Now now now...[0B][01]Don't get too close,[01]hmm?""",49,
AREAD058.DAT:8:22,AREAD058.DAT,8,22,"[0C][03][14][02][02]""You mean Princess[01]Elina, yes?[02]Yes, she was here.""",56,
AREAD058.DAT:8:23,AREAD058.DAT,8,23,"[0C][03][14][02][02]""She was a very kind[01]person--she said she[02]was here on a good-[01]will visit to see[02]people injured[01]during the war.[01]However...""",128,
AREAD058.DAT:8:24,AREAD058.DAT,8,24,"[0C][05][14][02][02]""She is no longer[01]with us.""",33,
AREAD058.DAT:8:25,AREAD058.DAT,8,25,"[0C][05][14][02][02]""I'm afraid it's the[01]truth.[02]Now then!""",44,
AREAD058.DAT:8:26,AREAD058.DAT,8,26,"[0C][05][14][02][02]""I think it's about[01]time you were on your[02]way, my Eastern[01]friends.""",73,
AREAD058.DAT:8:27,AREAD058.DAT,8,27,"[0C][06][14][84]@""[04][02]! This place...[01]Isn't it...?""[13]@[14][C2]@""Yep...It's where we[01]came looking for[01]Elina before...""",97,
AREAD058.DAT:8:28,AREAD058.DAT,8,28,"[14][C2]@""Yep...It's where we[01]came looking for[01]Elina before...""",58,[14][C2]
AREAD058.DAT:8:29,AREAD058.DAT,8,29,"[14][81]A""Doesn't look exactly[01]like the headquarters[02]for the Imperial[01]Army, does it?...[01]Wait!""",89,[14][81]
AREAD058.DAT:8:30,AREAD058.DAT,8,30,"[0C][06][14][81]A""What would a monster[01]like that be doing in[01]a place like this?""",69,
AREAD058.DAT:8:32,AREAD058.DAT,8,32,"""Monsters...Too many of[01]them...They just kept[01]coming...""",57,
AREAD058.DAT:8:33,AREAD058.DAT,8,33,"""Uuuuhhhhh...""",15,
AREAD058.DAT:8:34,AREAD058.DAT,8,34,"""These monsters appeared[01]out of nowhere and[01]attacked us...[02]General Rhun took some[01]troops with him and went[01]to hunt them down.....""",131,
AREAD058.DAT:8:35,AREAD058.DAT,8,35,He's dead...,13,
AREAD058.DAT:8:36,AREAD058.DAT,8,36,"""Monsters! They're[01]everywhere![02]It's all because of Yuna[01]and his blasted hex[01]experiments!""",90,
AREAD058.DAT:8:37,AREAD058.DAT,8,37,"[14][01][01]""What...[0B]What's[01]this?[02]It looks like some[01]kind of...of organ.""",65,[14][01]
AREAD058.DAT:8:38,AREAD058.DAT,8,38,It's soft and rubbery...[01]Maybe it could be cut with[01]a sword or knife?,70,
AREAD058.DAT:8:39,AREAD058.DAT,8,39,"[14][85]C""You will not be able[01]to sever that...Not[01]with your blade.""",63,[14][85]
AREAD058.DAT:8:40,AREAD058.DAT,8,40,"[14][06][01]""E...[0B]Elina!?""",18,[14][06]
AREAD058.DAT:8:42,AREAD058.DAT,8,42,"[14][85]C""[04][02]...[01][04][01]...!?""",19,[14][85]
AREAD058.DAT:8:46,AREAD058.DAT,8,46,"[0C][06][14][85]C""The courtier named[01]Yuna holds it.[02]You must find him.""",60,
AREAD058.DAT:8:47,AREAD058.DAT,8,47,"[14][01][01]""Yuna...""",13,[14][01]
AREAD058.DAT:8:50,AREAD058.DAT,8,50,"[14][C2]@""I know.[02]Still, all we can do[01]now is find this[01]Yuna...""",59,[14][C2]
AREAD058.DAT:8:51,AREAD058.DAT,8,51,"[14][C2]@""And get the[01][09]V[01] from[01]him.[02]Come on! Let's not[01]waste any time.""",66,[14][C2]
AREAD058.DAT:8:52,AREAD058.DAT,8,52,"This blade can't cut it...[01]To cut it, you need to find[01]Yuna and the [09]V[01].",73,
AREAD058.DAT:8:53,AREAD058.DAT,8,53,"""Huh? Yuna?[02]He's the one who was doing[01]some kind of experiement[01]with the Carronade.[02]It's because of him that[01]all these monsters are[01]here!""",139,
AREAD058.DAT:8:54,AREAD058.DAT,8,54,"[14][83]@""The feeling of evil[01]is stronger here...!""",46,[14][83]
AREAD058.DAT:8:55,AREAD058.DAT,8,55,"[14][81]A""Can you feel it?[01]The feeling of evil[01]is stronger here.""",60,[14][81]
AREAD058.DAT:8:56,AREAD058.DAT,8,56,"[14][88]D""The evil presence...[01]It feels stronger[01]here...!""",53,[14][88]
AREAD058.DAT:8:57,AREAD058.DAT,8,57,"[14][89]E""It is a most[01]uncomfortable[01]feeling...[02][14][C5]@Says [04][05].""",55,[14][89]
AREAS060.DAT:7:5,AREAS060.DAT,7,5,"[14][01][01]""That armor we wear[01]to protect us from[02]the hex is really[01]heavy![02]Walking around in it[01]all day makes you[01]real hungry!""",120,[14][01]
AREAS060.DAT:7:6,AREAS060.DAT,7,6,"[14][02][02]""Uhhh...I don't feel[01]so good...[02]Maybe the hex got[01]to me...""",63,[14][02]
AREAS060.DAT:7:7,AREAS060.DAT,7,7,"[14][03][03]""See that fellow[01]standing there, in[01]front of the pot?[02]That's our boss,[01]Tahb.""",81,[14][03]
AREAS060.DAT:7:8,AREAS060.DAT,7,8,"[14][04][04]""Way I figure it, the[01]hex is like someone[01]talking bad about you.[02]I mean, when someone[01]says something bad,[02]you don't feel too[01]good, right?[02]So a hex is like[01]that, except lots[01]more powerful, see?""",197,[14][04]
AREAS060.DAT:7:9,AREAS060.DAT,7,9,"[14][05][05]""The hex the Empire[01]makes is like this[01]black mist...[02]And there's all sorts[01]of nasty stuff like[02]wraiths and specters[01]inside of it...[02]Even the smallest[01]exposure to it[02]without protection[01]is lethal!""",199,[14][05]
AREAS060.DAT:7:10,AREAS060.DAT,7,10,"[14][06][06]""This ain't a[01]place for women[01]and children...[02]Don't you know it's[01]been hexed!?",82,[14][06]
AREAS060.DAT:7:12,AREAS060.DAT,7,12,"[0C][04][14][C1]@""We need to get[01]through Chamba.[02]Is there any way we[01]can do that before[01]the hex disappears?""",97,
AREAS060.DAT:7:17,AREAS060.DAT,7,17,"[0C][04][14][C1]@""So all we need is a[01]guide, then?""[0B][0B][0B][15][12]",45,
AREAS060.DAT:7:20,AREAS060.DAT,7,20,"[14][04][04]""You want to go[01]through the hex?[01]Without any armor!?[02]Are you kidding!? You[01]wouldn't last five[01]seconds in there!""",116,[14][04]
AREAS060.DAT:7:21,AREAS060.DAT,7,21,"[14][05][05]""Well, there are some[01]places where the hex[02]is getting thin and[01]wearing off...[02]Nah, forget it--it's[01]too dangerous!""",118,[14][05]
AREAS060.DAT:7:22,AREAS060.DAT,7,22,"[14][06][06]""You want me to take[01]you through the hex?[02]Humph! You don't know[01]it like I do...[02]If you did, you'd[01]know better than to[01]even ask.""",132,[14][06]
AREAS060.DAT:7:23,AREAS060.DAT,7,23,"[14][07][07]""Everyone is all out[01]working.[02][19]",35,[14][07]
AREAS060.DAT:7:25,AREAS060.DAT,7,25,"[14][04][04]""What!? You're going[01]through with it!?[02]All right...It's your[01]choice, but don't say[01]I didn't warn you.""",106,[14][04]
AREAS060.DAT:7:26,AREAS060.DAT,7,26,"[14][04][04]""They're your[01]responsibility,[01][04][05].[02]You'd better take[01]good care of them!""",75,[14][04]
AREAS060.DAT:7:27,AREAS060.DAT,7,27,"[14][05][05]""Any exposure to the[01]mist is dangerous...[02]It can poison you, or[01]do funny things to[01]your head...[02]And sometimes, it'll[01]just plain kill you![02]No matter what you[01]do, stay away from[01]the mist!""",190,[14][05]
AREAS060.DAT:7:28,AREAS060.DAT,7,28,"[14][05][05]""Just because you're[01]safe, [04][05], don't[01]forget they're not.[02]Make sure you protect[01]them--got it?""",97,[14][05]
AREAS060.DAT:7:29,AREAS060.DAT,7,29,"[14][06][06]""You're going to have[01][04][05] guide you[01]through the mist!?[02]You must be pretty[01]brave to try[01]something like that!""",111,[14][06]
AREAS060.DAT:7:30,AREAS060.DAT,7,30,"[14][06][06]""I always knew you[01]were a funny one...[02]Figures you'd take[01]this job!""",72,[14][06]
AREAS060.DAT:7:31,AREAS060.DAT,7,31,"[14][08][08]""The center of[01]Chamba is pretty[01]confusing...[02]Make sure you don't[01]get lost.""",79,[14][08]
AREAS060.DAT:7:32,AREAS060.DAT,7,32,"[14][08][08]""Just make sure you[01]get them out alive,[01]eh [04][05]?""",51,[14][08]
AREAS060.DAT:7:33,AREAS060.DAT,7,33,"""If you want to sleep, I[01]can let you use one of[01]these beds.""[12][86][0C][93]Rest[01]Diary[01]Never mind",86,
AREAS060.DAT:7:34,AREAS060.DAT,7,34,"[14][01][01]""Everyone's out[01]working.[02]Me? I, uh...[0B]I'm[01]sick.""",52,[14][01]
AREAS060.DAT:7:35,AREAS060.DAT,7,35,"[14][08][08]""Not working as hard[01]as I used to...[02]Just don't have the[01]energy anymore.[02]It must be the hex...[01]Yeah, that's it--it's[01]gotta be the hex!""",139,[14][08]
AREAS060.DAT:7:36,AREAS060.DAT,7,36,"[14][04][04]""This hex is pretty[01]potent...Never seen[01]one like it before.[02]I mean, we were able[01]to clean up Synesta[01]in no time at all!""",124,[14][04]
AREAS060.DAT:7:37,AREAS060.DAT,7,37,"[14][01][01]""All right, all[01]right, [04][05]...[02]I'll go to work once[01]I finish eating this,[01]OK?""",80,[14][01]
AREAS060.DAT:7:38,AREAS060.DAT,7,38,"[14][04][04]""Come to think of[01]it...[02]You weren't with us[01]when we cleaned up[01]Synesta, were you?""",86,[14][04]
AREAS060.DAT:7:39,AREAS060.DAT,7,39,"[14][08][08]""Took you a while to[01]get back, eh [04][05]?[02]Did you get lost in[01]there?""",69,[14][08]
AREAS060.DAT:7:40,AREAS060.DAT,7,40,"[14][03][03]""Just you wait and[01]see--we'll have this[02]place cleaned up any[01]day now...It'll look[01]just like Synesta!""",105,[14][03]
AREAS060.DAT:7:41,AREAS060.DAT,7,41,"[14][09][09]""What're we going to[01]do with ourselves[01]once we finish here?""[02][14][FF][FF][14][8A]J""Well, they said if[01]another war starts,[02]they'll give us a[01]call.""",135,[14][09]
AREAS060.DAT:7:43,AREAS060.DAT,7,43,"[14][0A][0A]""Have you heard? They[01]say there's some kind[02]of fish monster or[01]something living deep[01]inside the city!""[02][14][FF][FF][14][89]I""Yeah, I've heard[01]about it.[02]What do expect? That[01]hex affects anything[01]it touches--[02]I bet there's all[01]kinds of strange[01]stuff in there!""",247,[14][0A]
AREAD064.DAT:10:0,AREAD064.DAT,10,0,"[0C][06][14][80]@""Did you hear[01]something?""",31,
AREAD064.DAT:10:1,AREAD064.DAT,10,1,"[0C][06][14][80]@""Did you hear[01]something?""",31,
AREAD064.DAT:10:2,AREAD064.DAT,10,2,"[0C][06][14][C1]@""Is it just me, or[01]is the mist getting[01]thicker?""",54,
AREAD064.DAT:10:4,AREAD064.DAT,10,4,"[0C][06][14][C1]@""Me too.[02]Let's hurry up and[01]get out of here as[01]quickly as we can.""",72,
AREAD064.DAT:10:8,AREAD064.DAT,10,8,"[0C][06][14][C3]@""D...[0B]""",13,
AREAD064.DAT:10:9,AREAD064.DAT,10,9,"[0C][06][14][C3]@""D...[0B]Disappeared!?[02]That's not g-good!""",45,
AREAD064.DAT:10:10,AREAD064.DAT,10,10,"[14][C5]@""[04][05] says it would[01]seem she did not[01]fall.""",45,[14][C5]
AREAD064.DAT:10:12,AREAD064.DAT,10,12,"[0C][06][14][C3]@""L...[0B]""",13,
AREAD064.DAT:10:13,AREAD064.DAT,10,13,"[0C][06][14][C3]@""L-let's l-look for[01]her.""",31,
AREAD064.DAT:10:14,AREAD064.DAT,10,14,"[0C][04][14][83]A""It worked, just like[01]we planned![02]We shrunk that girl!""",61,
AREAD064.DAT:10:15,AREAD064.DAT,10,15,"[0C][03][14][03][02]""Come on! Let's think[01]of something to do to[01]the other three!""",67,
AREAD064.DAT:10:16,AREAD064.DAT,10,16,"[14][03][03]""Yeah! Let's see...[01]What should we do?[02]I know! Let's poke[01]them in the eye!""",79,[14][03]
AREAD064.DAT:10:17,AREAD064.DAT,10,17,"[0C][05][14][03][02]""Wa...[0B]Wait a[01]second! This one's[01]looking at us!""",54,
AREAD064.DAT:10:18,AREAD064.DAT,10,18,"[0C][06][14][83]A""No way! That's[01]impossible![02]Mortals can't see[01]us!""",56,
AREAD064.DAT:10:19,AREAD064.DAT,10,19,"[0C][04][14][83]A""You saw us!? How!?""",26,
AREAD064.DAT:10:20,AREAD064.DAT,10,20,"[14][84]A""Hey, no fair! He's[01]got a Dragon's Eye!""",44,[14][84]
AREAD064.DAT:10:21,AREAD064.DAT,10,21,"[14][83]C""That explains how he[01]was able to see us!""",46,[14][83]
AREAD064.DAT:10:23,AREAD064.DAT,10,23,"[14][83]A""Well, now that you[01]found us I guess we[01]have to tell you...[0B]""",65,[14][83]
AREAD064.DAT:10:24,AREAD064.DAT,10,24,"[0C][05][14][83][02]""We shrunk her,[01]see? Made her[01]really tiny...[0B]""",52,
AREAD064.DAT:10:25,AREAD064.DAT,10,25,"[0C][06][14][83]C""And then she got[01]carried off by a[01]bird!""",47,
AREAD064.DAT:10:26,AREAD064.DAT,10,26,"[0C][06][14][83]C""You should look for[01]a tree with a bird in[01]it.""",53,
AREAD064.DAT:10:27,AREAD064.DAT,10,27,"[0C][05][14][83][02]""If you find one,[01]shake it--maybe[01]she'll fall out!""",57,
AREAD064.DAT:10:28,AREAD064.DAT,10,28,"[14][83]A""Don't worry--she[01]won't stay small[01]forever.[02]It'll wear off in[01]time.""",72,[14][83]
AREAD064.DAT:10:29,AREAD064.DAT,10,29,"[14][83]C[14][03][02]""See you later,[01]Dragon Boy!""",35,[14][83]
AREAD064.DAT:10:35,AREAD064.DAT,10,35,"[14][85]@""Uh...H...[0B]Hi there,[01]birdie![02][14][81]@""D-don't eat me! I[01]wouldn't taste very[01]good anyway! I...""",93,[14][85]
AREAD064.DAT:10:41,AREAD064.DAT,10,41,"[14][C5]@""There is no sign of[01][04][01]. Perhaps we[01]should try again?""",58,[14][C5]
AREAD064.DAT:10:42,AREAD064.DAT,10,42,"[0C][05][14][06][04]""It would appear we[01]have found [04][01].""",41,
AREAD064.DAT:10:43,AREAD064.DAT,10,43,"[14][87]@""I-I'm so sorry![01]Are you all right!?""",41,[14][87]
AREAD064.DAT:10:44,AREAD064.DAT,10,44,"[0C][06][14][C5]@""[04][05] says that it[01]would be wise to[01]leave now,[02]before the faeries[01]do something else[01]to us.""",95,
AREAD064.DAT:10:48,AREAD064.DAT,10,48,"[14][03][03]""Hey![0B] What're you[01]doing!?[02]We won't do anything[01]to you! Promise!""",69,[14][03]
AREAD064.DAT:10:49,AREAD064.DAT,10,49,"[14][83]C""What!? A[01][09]N",16,[14][83]
AREAD064.DAT:10:50,AREAD064.DAT,10,50,"[14][03][03]""They say they want a[01][09]N",28,[14][03]
AREAD064.DAT:10:51,AREAD064.DAT,10,51,"[14][03][02]""There aren't any[01]around here...""",37,[14][03]
AREAD064.DAT:10:52,AREAD064.DAT,10,52,"[14][83]A""There used to be[01]a lot where we[01]lived...""",46,[14][83]
AREAD064.DAT:10:53,AREAD064.DAT,10,53,"[14][83]C""...[0B]That's it![02]Do you want to come[01]to where we live and[01]get a [09]N",69,[14][83]
AREAD064.DAT:10:54,AREAD064.DAT,10,54,"[14][83]C""...[0B]That's it![02]Do you want to come[01]to where we live and[01]get a [09]N",69,[14][83]
AREAD064.DAT:10:55,AREAD064.DAT,10,55,"[14][83]C""OK then, turn[01]around!""",27,[14][83]
AREAD064.DAT:10:56,AREAD064.DAT,10,56,"[14][83]B""Normal people can't[01]go to where we live.""",46,[14][83]
AREAD064.DAT:10:57,AREAD064.DAT,10,57,"[14][83]A""But since you've got[01]a dragon with you,[01]you can![02]Probably...I[01]think...""",76,[14][83]
AREAD064.DAT:10:58,AREAD064.DAT,10,58,"[14][83]C""It'll only hurt for[01]a little bit!""",39,[14][83]
AREAD064.DAT:10:59,AREAD064.DAT,10,59,"[14][83]C""Dragon Boy! Do you[01]want to go to the[01]Land of Dreams?""[12]",59,[14][83]
AREAD064.DAT:10:60,AREAD064.DAT,10,60,"[14][83]C""All right, let's[01]go! It won't hurt,[01]I promise!""",52,[14][83]
AREAD064.DAT:10:61,AREAD064.DAT,10,61,"[14][83]C""If you want to get a[01][09]N",28,[14][83]
AREAD064.DAT:10:62,AREAD064.DAT,10,62,"[14][83]C""Thanks, Dragon Boy![02][14][88]CCome back and play[01]with us again[01]sometime! Bye!""",76,[14][83]
AREAD064.DAT:10:64,AREAD064.DAT,10,64,You've got to find [04][01]!,23,
AREAD065.DAT:9:0,AREAD065.DAT,9,0,"[0C][06][14][80]@""Did you hear[01]something?""",31,
AREAD065.DAT:9:1,AREAD065.DAT,9,1,"[0C][06][14][80]@""Did you hear[01]something?""",31,
AREAD065.DAT:9:2,AREAD065.DAT,9,2,"[0C][06][14][C1]@""Is it just me, or[01]is the mist getting[01]thicker?""",54,
AREAD065.DAT:9:4,AREAD065.DAT,9,4,"[0C][06][14][C1]@""Me too.[02]Let's hurry up and[01]get out of here as[01]quickly as we can.""",72,
AREAD065.DAT:9:8,AREAD065.DAT,9,8,"[0C][06][14][C3]@""D...[0B]""",13,
AREAD065.DAT:9:9,AREAD065.DAT,9,9,"[0C][06][14][C3]@""D...[0B]Disappeared!?[02]That's not g-good!""",45,
AREAD065.DAT:9:10,AREAD065.DAT,9,10,"[14][C5]@""[04][05] says it would[01]seem she did not[01]fall.""",45,[14][C5]
AREAD065.DAT:9:12,AREAD065.DAT,9,12,"[0C][06][14][C3]@""L...[0B]""",13,
AREAD065.DAT:9:13,AREAD065.DAT,9,13,"[0C][06][14][C3]@""L-let's l-look for[01]her.""",31,
AREAD065.DAT:9:14,AREAD065.DAT,9,14,"[0C][04][14][83]A""It worked, just like[01]we planned![02]We shrunk that girl!""",61,
AREAD065.DAT:9:15,AREAD065.DAT,9,15,"[0C][03][14][03][02]""Come on! Let's think[01]of something to do to[01]the other three!""",67,
AREAD065.DAT:9:16,AREAD065.DAT,9,16,"[14][03][03]""Yeah! Let's see...[01]What should we do?[02]I know! Let's poke[01]them in the eye!""",79,[14][03]
AREAD065.DAT:9:17,AREAD065.DAT,9,17,"[0C][05][14][03][02]""Wa...[0B]Wait a[01]second! This one's[01]looking at us!""",54,
AREAD065.DAT:9:18,AREAD065.DAT,9,18,"[0C][06][14][83]A""No way! That's[01]impossible![02]Mortals can't see[01]us!""",56,
AREAD065.DAT:9:19,AREAD065.DAT,9,19,"[0C][04][14][83]A""You saw us!? How!?""",26,
AREAD065.DAT:9:20,AREAD065.DAT,9,20,"[14][84]A""Hey, no fair! He's[01]got a Dragon's Eye!""",44,[14][84]
AREAD065.DAT:9:21,AREAD065.DAT,9,21,"[14][83]C""That explains how he[01]was able to see us!""",46,[14][83]
AREAD065.DAT:9:23,AREAD065.DAT,9,23,"[14][83]A""Well, now that you[01]found us I guess we[01]have to tell you...[0B]""",65,[14][83]
AREAD065.DAT:9:24,AREAD065.DAT,9,24,"[0C][05][14][83][02]""We shrunk her,[01]see? Made her[01]really tiny...[0B]""",52,
AREAD065.DAT:9:25,AREAD065.DAT,9,25,"[0C][06][14][83]C""And then she got[01]carried off by a[01]bird!""",47,
AREAD065.DAT:9:26,AREAD065.DAT,9,26,"[0C][06][14][83]C""You should look for[01]a tree with a bird in[01]it.""",53,
AREAD065.DAT:9:27,AREAD065.DAT,9,27,"[0C][05][14][83][02]""If you find one,[01]shake it--maybe[01]she'll fall out!""",57,
AREAD065.DAT:9:28,AREAD065.DAT,9,28,"[14][83]A""Don't worry--she[01]won't stay small[01]forever.[02]It'll wear off in[01]time.""",72,[14][83]
AREAD065.DAT:9:29,AREAD065.DAT,9,29,"[14][83]C[14][03][02]""See you later,[01]Dragon Boy!""",35,[14][83]
AREAD065.DAT:9:35,AREAD065.DAT,9,35,"[14][85]@""Uh...H...[0B]Hi there,[01]birdie![02][14][81]@""D-don't eat me! I[01]wouldn't taste very[01]good anyway! I...""",93,[14][85]
AREAD065.DAT:9:41,AREAD065.DAT,9,41,"[14][C5]@""There is no sign of[01][04][01]. Perhaps we[01]should try again?""",58,[14][C5]
AREAD065.DAT:9:42,AREAD065.DAT,9,42,"[0C][05][14][06][04]""It would appear we[01]have found [04][01].""",41,
AREAD065.DAT:9:43,AREAD065.DAT,9,43,"[14][87]@""I-I'm so sorry![01]Are you all right!?""",41,[14][87]
AREAD065.DAT:9:44,AREAD065.DAT,9,44,"[0C][06][14][C5]@""[04][05] says that it[01]would be wise to[01]leave now,[02]before the faeries[01]do something else[01]to us.""",95,
AREAD065.DAT:9:48,AREAD065.DAT,9,48,"[14][03][03]""Hey![0B] What're you[01]doing!?[02]We won't do anything[01]to you! Promise!""",69,[14][03]
AREAD065.DAT:9:49,AREAD065.DAT,9,49,"[14][83]C""What!? A[01][09]N",16,[14][83]
AREAD065.DAT:9:50,AREAD065.DAT,9,50,"[14][03][03]""They say they want a[01][09]N",28,[14][03]
AREAD065.DAT:9:51,AREAD065.DAT,9,51,"[14][03][02]""There aren't any[01]around here...""",37,[14][03]
AREAD065.DAT:9:52,AREAD065.DAT,9,52,"[14][83]A""There used to be[01]a lot where we[01]lived...""",46,[14][83]
AREAD065.DAT:9:53,AREAD065.DAT,9,53,"[14][83]C""...[0B]That's it![02]Do you want to come[01]to where we live and[01]get a [09]N",69,[14][83]
AREAD065.DAT:9:54,AREAD065.DAT,9,54,"[14][83]C""...[0B]That's it![02]Do you want to come[01]to where we live and[01]get a [09]N",69,[14][83]
AREAD065.DAT:9:55,AREAD065.DAT,9,55,"[14][83]C""OK then, turn[01]around!""",27,[14][83]
AREAD065.DAT:9:56,AREAD065.DAT,9,56,"[14][83]B""Normal people can't[01]go to where we live.""",46,[14][83]
AREAD065.DAT:9:57,AREAD065.DAT,9,57,"[14][83]A""But since you've got[01]a dragon with you,[01]you can![02]Probably...I[01]think...""",76,[14][83]
AREAD065.DAT:9:58,AREAD065.DAT,9,58,"[14][83]C""It'll only hurt for[01]a little bit!""",39,[14][83]
AREAD065.DAT:9:59,AREAD065.DAT,9,59,"[14][83]C""Dragon Boy! Do you[01]want to go to the[01]Land of Dreams?""[12]",59,[14][83]
AREAD065.DAT:9:60,AREAD065.DAT,9,60,"[14][83]C""All right, let's[01]go! It won't hurt,[01]I promise!""",52,[14][83]
AREAD065.DAT:9:61,AREAD065.DAT,9,61,"[14][83]C""If you want to get a[01][09]N",28,[14][83]
AREAD065.DAT:9:62,AREAD065.DAT,9,62,"[14][83]C""Thanks, Dragon Boy![02][14][88]CCome back and play[01]with us again[01]sometime! Bye!""",76,[14][83]
AREAD065.DAT:9:64,AREAD065.DAT,9,64,You've got to find [04][01]!,23,
AREAD070.DAT:8:2,AREAD070.DAT,8,2,"[14][C1]@""Let's hurry and try[01]to get over them[01]before it gets dark.""",63,[14][C1]
AREAD070.DAT:8:3,AREAD070.DAT,8,3,"[0C][04][14][C1]@""Looks like we've run[01]out of road...""",43,
AREAD070.DAT:8:4,AREAD070.DAT,8,4,"[0C][06][14][C1]@""But don't worry.[02]We should be able to[01]jump over this.""",61,
AREAD070.DAT:8:5,AREAD070.DAT,8,5,"[0C][06][14][C1]@""All you have to do[01]to jump is stand at[02]a place where it's[01]narrow enough to[01]jump,[02]and press the [7F][01]button[02]or move in the[01]direction you want[02]to jump using the[01][05][02]directional buttons[06].[01]Try it!""",195,
AREAD070.DAT:8:6,AREAD070.DAT,8,6,"[0C][04][14][C1]@""...[0B]...[0B]See? It's[01]easy, isn't it?[01]One more to go.""",57,
AREAD070.DAT:8:7,AREAD070.DAT,8,7,"[0C][04][14][C1]@""Are you afraid of[01]heights?[02]I'm a Wyndian--we[01]love high places.""",70,
AREAD070.DAT:8:8,AREAD070.DAT,8,8,"[14][C1]@""Good thing you were[01]able to jump--we're[01]really high up!""",61,[14][C1]
AREAD070.DAT:8:9,AREAD070.DAT,8,9,"[14][C1]@""Whoa!...[0B]...[0B]""",19,[14][C1]
AREAD070.DAT:8:10,AREAD070.DAT,8,10,"[14][80]@""Don't you just love[01]that feeling you get[02]looking down from a[01]high place like this?[02]It makes me dizzy--[01]it's so exciting!""",126,[14][80]
AREAD070.DAT:8:11,AREAD070.DAT,8,11,"[14][81]@""Are...[0B]Are you all[01]right, [04]",32,[14][81]
AREAD070.DAT:8:12,AREAD070.DAT,8,12,"[14][82]@""Did you do that[01]because you thought[01]I needed help?""",56,[14][82]
AREAD070.DAT:8:13,AREAD070.DAT,8,13,"[14][82]@""You're not hurt, are[01]you?[02]I'm sorry. I didn't[01]tell you about my[01]wings...[02]I can use them to[01]fly a little, so I[02]can survive a fall[01]like that.""",145,[14][82]
AREAD070.DAT:8:14,AREAD070.DAT,8,14,"[14][C1]@""But it was very[01]brave of you to do[01]that, [04]",47,[14][C1]
AREAD070.DAT:8:15,AREAD070.DAT,8,15,"[0C][06][14][C1]@""Looks like the sun's[01]going down...""",42,
AREAD070.DAT:8:16,AREAD070.DAT,8,16,"[0C][06][14][C1]@""It's probably safer[01]if we wait until it's[02]light to climb up the[01]cliff...[02]Let's look for a[01]place we can sleep.""",117,
AREAD070.DAT:8:17,AREAD070.DAT,8,17,"It looks like you could[01]climb up here, but you[01]should wait until morning.",74,
AREAD070.DAT:8:18,AREAD070.DAT,8,18,"[0C][04][14][C1]@""Looks like we could[01]camp here.""",38,
AREAD070.DAT:8:19,AREAD070.DAT,8,19,"[0C][04][14][83]@""Now all we need...[01][14][83]@is a fire.""",40,
AREAD070.DAT:8:20,AREAD070.DAT,8,20,"[0C][02][14][C1]@""...[0B]And that's how I[01]ended up here.""[13]`[0C][04][14][C1]@""Where are you[01]heading, [04]",75,
AREAD070.DAT:8:21,AREAD070.DAT,8,21,"[0C][04][14][C1]@""Where are you[01]heading, [04]",31,
AREAD070.DAT:8:22,AREAD070.DAT,8,22,"[14][C1]@""Tomorrow, once we[01]get to town,[02][14][83]@I'm sure we'll be[01]able to find someone[01]who knows you.""",93,[14][C1]
AREAD070.DAT:8:24,AREAD070.DAT,8,24,[14][04][01]There's no reason to[01]go back down there.,44,[14][04]
AREAD072.DAT:8:0,AREAD072.DAT,8,0,It won't move...It looks[01]like it's broken.,43,
AREAD072.DAT:8:1,AREAD072.DAT,8,1,It won't move...It looks[01]like it's broken.,43,
AREAD072.DAT:8:2,AREAD072.DAT,8,2,This gate won't open unless[01]the intake valve is closed[01]first!,62,
AREAD072.DAT:8:3,AREAD072.DAT,8,3,You can't climb down now--[01]it's full of water!,47,
AREAD072.DAT:8:4,AREAD072.DAT,8,4,This gate won't open unless[01]the flood gate is closed[01]first!,60,
AREAD072.DAT:8:5,AREAD072.DAT,8,5,"""Hey there,[01]strangers.[02]I'm waiting for some[01]goods to take to the[01]Empire to get here,[02]and I could use[01]someone to talk to.[02]What do you want to[01]talk about?""[12]",155,
AREAD072.DAT:8:6,AREAD072.DAT,8,6,"""Oh, I see...You gots[01]places to go and[01]things to do, eh?[02]Well, don't me get in[01]your way then.""",95,
AREAD072.DAT:8:7,AREAD072.DAT,8,7,"""Oh, I see...You gots[01]places to go and[01]things to do, eh?[02]Well, don't me get in[01]your way then.""",95,
AREAD072.DAT:8:8,AREAD072.DAT,8,8,"""Dragons...[0B]I've[01]never seen one,[01]actually...[02]Have you seen one?""[12][02][0C][93]Yes[01]There's one here[01]Never mind",100,
AREAD072.DAT:8:9,AREAD072.DAT,8,9,"""Really!?[02]So tell me--what do[01]you think dragons[01]look like?""[12][03][0C][94]They all look different[01]They fly and[08]    breathe fire[01]They look like humans[01]Never mind",150,
AREAD072.DAT:8:10,AREAD072.DAT,8,10,"""They all look[01]different, huh?[02]Like what?""[12][04][0C][93]Like insects and fish[01]Like grass and rocks[01]Never mind",100,
AREAD072.DAT:8:11,AREAD072.DAT,8,11,"""That sounds like an[01]old bedtime story my[02]grandmother used to[01]tell me...[02]Are you sure you saw[01]a real dragon?""",110,
AREAD072.DAT:8:12,AREAD072.DAT,8,12,"""You tryin' to fool around[01]with me? Stop wasting my[01]time with your silly talk!",79,
AREAD072.DAT:8:13,AREAD072.DAT,8,13,"""Grass and rocks,[01]huh?[02]I guess they come in[01]all shapes and sizes[01]then.[02]I wonder what a[01]dragon made of grass[01]would look like?[02]Now that I think of[01]it, there's a really[02]strange looking rock[01]over in the [05][02]quarry[06][01]to the south...[02]Maybe you should go[01]look and see if it's[02]one of those[01]dragons you're[01]talking about.""",310,
AREAD072.DAT:8:14,AREAD072.DAT,8,14,"""Insects and fish,[01]huh?[02]Guess you wouldn't[01]notice them if they[01]looked like that...[02]I mean, we eat fish[01]and step on bugs all[01]the time, right?""",142,
AREAD072.DAT:8:15,AREAD072.DAT,8,15,"""Traveling, huh?[02]Well, to tell the[01]truth, I've never[01]gotten very far.[02]Guess you could say[01]I'm kind of a[01]homebody.[02]What about you?[01]Where're you[01]from?""[12][05][0C][93]Across the sea[01]Yesterday[01]Never mind",189,
AREAD072.DAT:8:16,AREAD072.DAT,8,16,"""Wow! You're pretty[01]far from home then,[01]aren't you?[02]I bet you've seen[01]a lot of things[01]then.""[12][06][0C][94]We've met dragons[01]We've flown[01]Chased by the Empire[01]Never mind",158,
AREAD072.DAT:8:19,AREAD072.DAT,8,19,"""You want to talk[01]about something else?""[12]",42,
AREAD072.DAT:8:20,AREAD072.DAT,8,20,"""That's kind of rude,[01]you know--[02]stopping in the[01]middle of a[01]conversation!""",76,
AREAD072.DAT:8:22,AREAD072.DAT,8,22,"""Meaning you're[01]traveling through[01]life,[02]living from day to[01]day, eh?[02]I guess that means[01]I'm a traveler too,[01]huh?""",113,
AREAD072.DAT:8:23,AREAD072.DAT,8,23,"""That's not exactly[01]what I'd call[01]traveling, you know?""",56,
AREAD072.DAT:8:24,AREAD072.DAT,8,24,[0C]!Use [04][02] to move the[01]boxes floating in the[01]river.[02]Use them to make a path[01]across the river.[02]The water level can be[01]altered using the valves[01]on the locks.[02]Do you want to read the[01]instructions again?[12],199,
AREAD072.DAT:8:25,AREAD072.DAT,8,25,You learned the way to the[01][05][02]quarry[06]!,38,
AREAD075.DAT:12:0,AREAD075.DAT,12,0,The line got caught on the bottom!,35,
AREAD075.DAT:12:1,AREAD075.DAT,12,1,The line got caught on the bottom!,35,
AREAD075.DAT:12:2,AREAD075.DAT,12,2,The fish is thrashing about!,29,
AREAD075.DAT:12:3,AREAD075.DAT,12,3,Your line broke!,17,
AREAD075.DAT:12:4,AREAD075.DAT,12,4,The fish got away with the lure!,33,
AREAD075.DAT:12:5,AREAD075.DAT,12,5,The fish has calmed down.,26,
AREAD075.DAT:12:6,AREAD075.DAT,12,6,You threw the line too far!,28,
AREAD075.DAT:12:7,AREAD075.DAT,12,7,[0C][02]You do not have the proper[01]equipment to fish!,48,
AREAD075.DAT:12:8,AREAD075.DAT,12,8,[0C][02]You do not have the proper[01]equipment to fish!,48,
AREAD075.DAT:12:9,AREAD075.DAT,12,9,[0C][02]You do not have the proper[01]equipment to fish!,48,
AREAD075.DAT:12:10,AREAD075.DAT,12,10,[0C][02]You have too many items--[01]you won't be able to keep[01]any fish you catch.,74,
AREAD075.DAT:12:11,AREAD075.DAT,12,11,[0C][02]You have too many items--[01]you have to let this one[01]go.,57,
AREAD075.DAT:12:12,AREAD075.DAT,12,12,[0C][02]Please choose a rod and[01]lure to use.,39,
AREAD075.DAT:12:13,AREAD075.DAT,12,13, NO DATA,9,
AREAD075.DAT:12:20,AREAD075.DAT,12,20,Equip a rod and lure.,22,
AREAD075.DAT:12:21,AREAD075.DAT,12,21,View fish data.,16,
AREAD075.DAT:12:22,AREAD075.DAT,12,22,Learn how to fish.,19,
AREAD075.DAT:12:23,AREAD075.DAT,12,23,Hints to help you fish better.,31,
AREAD075.DAT:12:24,AREAD075.DAT,12,24,Change game options.,21,
AREAD075.DAT:12:25,AREAD075.DAT,12,25,Stop fishing.,14,
AREAD075.DAT:12:53,AREAD075.DAT,12,53,Change game settings.,22,
AREAD075.DAT:12:54,AREAD075.DAT,12,54,Change Controller settings.,28,
AREAD075.DAT:12:55,AREAD075.DAT,12,55,Adjust screen resolution.,26,
AREAD075.DAT:12:56,AREAD075.DAT,12,56,Return all settings to their[01]default values.,45,
AREAD075.DAT:12:57,AREAD075.DAT,12,57,Are you sure you wish to return[01]all settings to default values?,64,
AREAD075.DAT:12:58,AREAD075.DAT,12,58,Toggle Vibration mode ON/OFF.[01](Force-FeedBack PAD only.),57,
AREAD075.DAT:12:59,AREAD075.DAT,12,59,"Manual=Run, Auto=Walk when dash[01]button is pressed.",51,
AREAD075.DAT:12:60,AREAD075.DAT,12,60,Change camera rotation direction.,34,
AREAD075.DAT:12:61,AREAD075.DAT,12,61,Use Up/Down and Right/Left buttons[01]to move diagonally.,55,
AREAD075.DAT:12:62,AREAD075.DAT,12,62,Change message display speed.,30,
AREAD075.DAT:12:63,AREAD075.DAT,12,63,Change sound settings.,23,
AREAD075.DAT:12:64,AREAD075.DAT,12,64,Change background music volume.,32,
AREAD075.DAT:12:65,AREAD075.DAT,12,65,Change sound effect volume.,28,
AREAD075.DAT:12:66,AREAD075.DAT,12,66,All options returned to default[01]settings.,42,
AREAD075.DAT:12:67,AREAD075.DAT,12,67,Change Rank,12,
AREAD075.DAT:12:68,AREAD075.DAT,12,68,SubScreen,10,
AREAD075.DAT:12:69,AREAD075.DAT,12,69,Action/Cancel,14,
AREAD075.DAT:12:70,AREAD075.DAT,12,70,Camera Turn Left,17,
AREAD075.DAT:12:71,AREAD075.DAT,12,71,START button     Pause,23,
AREAD075.DAT:12:72,AREAD075.DAT,12,72,SELECT button     Help,23,
AREAD075.DAT:12:73,AREAD075.DAT,12,73,Key/PadSetting    Up/Down:Select type[01]Enter:OK      Esc:Cancel,63,
AREAD075.DAT:12:77,AREAD075.DAT,12,77,The line got caught on the bottom!,35,
AREAD075.DAT:12:79,AREAD075.DAT,12,79,Camera Turn Right,18,
AREAD075.DAT:12:80,AREAD075.DAT,12,80,Talk/Confirm,13,
AREAD075.DAT:12:87,AREAD075.DAT,12,87,Resolution,11,
AREAD075.DAT:12:89,AREAD075.DAT,12,89,Screen adjust[01]~: Confirm     [7F]: Exit,37,
AREAD075.DAT:12:90,AREAD075.DAT,12,90,[0C][8A][12][82][0C][82]Yes[01]No,13,
AREAD075.DAT:12:91,AREAD075.DAT,12,91,[0C][88][12][82][0C][82]Yes[01]No,13,
AREAD075.DAT:12:92,AREAD075.DAT,12,92,Equip a rod.,13,
AREAD075.DAT:12:93,AREAD075.DAT,12,93,Equip lure.,12,
AREAD075.DAT:12:94,AREAD075.DAT,12,94,Choose a rod to equip.,23,
AREAD075.DAT:12:95,AREAD075.DAT,12,95,Choose a lure to equip.,24,
AREAD075.DAT:12:96,AREAD075.DAT,12,96,Up/Down: Select command[01]~: Confirm   [7F]: Exit screen[01][81]: Exit any screen,71,
AREAD075.DAT:12:97,AREAD075.DAT,12,97,Up/Down: Select command[01]~: Confirm   [7F]: Exit screen[01][81]: Exit any screen,71,
AREAD075.DAT:12:98,AREAD075.DAT,12,98,Up/Down: Select command[01]~: Confirm[01][7F]: Close screen,51,
AREAD075.DAT:12:99,AREAD075.DAT,12,99,Up/Down: Select option[01]Right/Left: Change option[01][80]: Cancel,59,
AREAD075.DAT:12:100,AREAD075.DAT,12,100,Up/Down: Select option[01]ENTER: Confirm[01]ESC: Cancel,50,
AREAD075.DAT:12:101,AREAD075.DAT,12,101,Right/Left: Change option[01][01]~: Confirm     [7F]: Exit,50,
AREAD075.DAT:12:102,AREAD075.DAT,12,102,For Beginners,14,
AREAD075.DAT:12:103,AREAD075.DAT,12,103,Easy to use but[01]line breaks[01]easily.[01]Power Level: 1,51,
AREAD075.DAT:12:104,AREAD075.DAT,12,104,A bamboo rod,13,
AREAD075.DAT:12:105,AREAD075.DAT,12,105,"Good range, but[01]hard to handle.[01]Power Level: 2",47,
AREAD075.DAT:12:106,AREAD075.DAT,12,106,Fancy rod,10,
AREAD075.DAT:12:107,AREAD075.DAT,12,107,"Good balance,[01]easy to handle.[01]Power Level: 2",45,
AREAD075.DAT:12:108,AREAD075.DAT,12,108,Good range,11,
AREAD075.DAT:12:109,AREAD075.DAT,12,109,Powerful rod[01]with long range.[01]Power Level: MAX,47,
AREAD075.DAT:12:110,AREAD075.DAT,12,110,Super rod,10,
AREAD075.DAT:12:111,AREAD075.DAT,12,111,Handmade rod;[01]good balance.[01]Power Level: 3,43,
AREAD075.DAT:12:112,AREAD075.DAT,12,112,Ultimate rod,13,
AREAD075.DAT:12:113,AREAD075.DAT,12,113,Can be used to[01]catch anything.[01]Power Level: MAX,48,
AREAD075.DAT:12:114,AREAD075.DAT,12,114,Ultimate lure,14,
AREAD075.DAT:12:115,AREAD075.DAT,12,115,No fish can[01]resist the[01]temptation of[01]this lure.,48,
AREAD075.DAT:12:116,AREAD075.DAT,12,116,LV 1 Spinner,13,
AREAD075.DAT:12:117,AREAD075.DAT,12,117,Lures fish with[01]its silver skin.[01]Sinks quickly[01]when wound.,59,
AREAD075.DAT:12:118,AREAD075.DAT,12,118,LV 2 Spinner,13,
AREAD075.DAT:12:119,AREAD075.DAT,12,119,Sinks fast and[01]floats slowly.[01]Its gold skin[01]attracts fish.,59,
AREAD075.DAT:12:120,AREAD075.DAT,12,120,LV 3 Spinner,13,
AREAD075.DAT:12:121,AREAD075.DAT,12,121,Its shiny metal[01]surface attracts[01]humans as well[01]as fish.,57,
AREAD075.DAT:12:122,AREAD075.DAT,12,122,LV 1 Winder,12,
AREAD075.DAT:12:123,AREAD075.DAT,12,123,"Rarely gets[01]caught, so good[01]for going after[01]bottomdwellers.",60,
AREAD075.DAT:12:124,AREAD075.DAT,12,124,LV 2 Winder,12,
AREAD075.DAT:12:125,AREAD075.DAT,12,125,Well-balanced;[01]attracts fish[01]with its[01]floating motion.,55,
AREAD075.DAT:12:126,AREAD075.DAT,12,126,LV 3 Winder,12,
AREAD075.DAT:12:127,AREAD075.DAT,12,127,Heavy and sinks[01]fast. Has a[01]rhythmic[01]movement.,47,
AREAD075.DAT:12:128,AREAD075.DAT,12,128,LV 1 Topper,12,
AREAD075.DAT:12:129,AREAD075.DAT,12,129,Makes a noise[01]when wound. Will[01]not sink even if[01]moved.,55,
AREAD075.DAT:12:130,AREAD075.DAT,12,130,LV 2 Topper,12,
AREAD075.DAT:12:131,AREAD075.DAT,12,131,Moves like a[01]shallow-water[01]fish.,33,
AREAD075.DAT:12:132,AREAD075.DAT,12,132,LV 3 Topper,12,
AREAD075.DAT:12:133,AREAD075.DAT,12,133,Attracts fish[01]with a propeller[01]that churns up[01]the surface.,59,
AREAD075.DAT:12:134,AREAD075.DAT,12,134,LV 1 Minnow,12,
AREAD075.DAT:12:135,AREAD075.DAT,12,135,Shaped like a[01]small fish; easy[01]to use.,39,
AREAD075.DAT:12:136,AREAD075.DAT,12,136,LV 2 Minnow,12,
AREAD075.DAT:12:137,AREAD075.DAT,12,137,Floats when[01]wound; sinks if[01]left alone.,40,
AREAD075.DAT:12:138,AREAD075.DAT,12,138,LV 3 Minnow,12,
AREAD075.DAT:12:139,AREAD075.DAT,12,139,Sinks quickly;[01]rises slowly.[01]Good for getting[01]bottomdwellers.,62,
AREAD075.DAT:12:140,AREAD075.DAT,12,140,LV 1 Frogger,13,
AREAD075.DAT:12:141,AREAD075.DAT,12,141,Lure shaped like[01]a frog; doesn't[01]sink even if[01]moved.,53,
AREAD075.DAT:12:142,AREAD075.DAT,12,142,LV 2 Frogger,13,
AREAD075.DAT:12:143,AREAD075.DAT,12,143,Sinks slowly but[01]rises quickly.[01]Has a cute pink[01]color.,55,
AREAD075.DAT:12:144,AREAD075.DAT,12,144,LV 3 Frogger,13,
AREAD075.DAT:12:145,AREAD075.DAT,12,145,Best frogger;[01]has an almost[01]prideful look[01]on its face.,55,
AREAD075.DAT:12:146,AREAD075.DAT,12,146,LV 1 Worm,10,
AREAD075.DAT:12:147,AREAD075.DAT,12,147,Lure shaped like[01]a worm. Can be[01]used to catch[01]various fish.,60,
AREAD075.DAT:12:148,AREAD075.DAT,12,148,LV 2 Worm,10,
AREAD075.DAT:12:149,AREAD075.DAT,12,149,Good balance;[01]has a long range[01]and is easy to[01]use.,51,
AREAD075.DAT:12:150,AREAD075.DAT,12,150,LV 3 Worm,10,
AREAD075.DAT:12:151,AREAD075.DAT,12,151,Rises slightly[01]when wound. Good[01]for catching[01]bottomdwellers.,61,
AREAD075.DAT:12:152,AREAD075.DAT,12,152,Ultimate lure,14,
AREAD075.DAT:12:153,AREAD075.DAT,12,153,Attracts any and[01]all kinds of[01]fish.,36,
AREAD075.DAT:12:156,AREAD075.DAT,12,156,You can equip up to one rod[01]and one lure at a time.[01]Select an item to change.[02]Up/Down: Select item[01]~: Confirm        [7F]: Cancel,127,
AREAD075.DAT:12:157,AREAD075.DAT,12,157,Select a rod to equip.[01]Up/Down: Select rod[01]~: Confirm        [7F]: Cancel,71,
AREAD075.DAT:12:158,AREAD075.DAT,12,158,Select a lure to equip.[02]Up/Down: Select lure[01][82]: Scroll page up[01][83]: Scroll page down[02]~: Confirm        [7F]: Cancel,111,
AREAD075.DAT:12:159,AREAD075.DAT,12,159,Quit fishing?,14,
AREAD075.DAT:12:160,AREAD075.DAT,12,160,Quit fishing?,14,
AREAD075.DAT:12:161,AREAD075.DAT,12,161,Up/Down: Select command[01]~: Confirm        [7F]: Cancel[01][80]: Exit subscreen,70,
AREAD075.DAT:12:162,AREAD075.DAT,12,162,[0C][01]Right/Left: Change page[01][7F]: Cancel[01][80]: Exit subscreen,54,
AREAD075.DAT:12:163,AREAD075.DAT,12,163,[84]: Change lure[01]~: Confirm        [7F]: Cancel,43,
AREAD075.DAT:12:164,AREAD075.DAT,12,164,[82]/[83]L Change lure[01]~: Confirm        [7F]: Cancel,45,
AREAD075.DAT:12:165,AREAD075.DAT,12,165,"[10][02]Fishing equipment can be[01]bought in towns and[01]villages.[02]It's probably a good idea[01]to buy a lot ahead of time[01]so you're always prepared![02]If your line gets [05][02]caught[01]on the bottom[06] or [05][02]breaks[06],[01]you lose a lure, but[02]if you have more than one[01]of that lure, it's[01]automatically replaced![11]",284,
AREAD075.DAT:12:167,AREAD075.DAT,12,167,"[10][02]Aim for shady areas, or[01]places where you can see[01]fish swimming.[02]This increases your chances[01]of getting a big fish or a[01]rare type of fish.[02]Different fish live in[01]different areas--some swim[01]near the surface,[02]while others live near the[01]bottom.[02]The trick to catching a[01]fish is to get it to notice[01]your lure.[02]Depending on the area, some[01]fish may go behind rocks as[01]you try to reel them in.[02]In that case, move your[01]rod back and forth to ease[01]the fish out from behind[02]the rock--but be careful[01]not to break your line![11]",513,
AREAD075.DAT:12:168,AREAD075.DAT,12,168,"[10][02]When reeling in a fish,[01]the faster you pull, the[01]better.[02]If you reel when line[01]tension is weak, the lure[01]won't drop off,[02]and if you let off the reel[01]when tension is high, the[01]line won't break.[02]To reel in a fish, you must[01]keep the tension within the[01]range shown on the screen.[02]You can wear out a fish[01]faster by moving your rod[02]back and forth or in the[01]opposite direction of the[01]fish.[11]",386,
AREAD075.DAT:12:169,AREAD075.DAT,12,169,"[10][02]You can use fish you've[01]caught as items,[02]or trade them at the[01]Manillo Shop for rare and[01]hard-to-find items.[11]",111,
AREAD075.DAT:12:170,AREAD075.DAT,12,170,Try matching the movement[01]of the rod to the rhythm of[01]the drums in the BGM.,76,
AREAD075.DAT:12:177,AREAD075.DAT,12,177,Lives in lakes[01]and rivers; goes[01]for any type of[01]lure.,54,
AREAD075.DAT:12:178,AREAD075.DAT,12,178,Anywhere,9,
AREAD075.DAT:12:180,AREAD075.DAT,12,180,Has sharp teeth[01]and hard scales.[01]Lives in schools[01]in lakes.,60,
AREAD075.DAT:12:183,AREAD075.DAT,12,183,"Omnivorous, but[01]a picky eater.[01]Avoids lures it[01]doesn't like.",61,
AREAD075.DAT:12:186,AREAD075.DAT,12,186,Has a violent[01]nature and can[01]attack without[01]warning.,53,
AREAD075.DAT:12:187,AREAD075.DAT,12,187,Anywhere,9,
AREAD075.DAT:12:189,AREAD075.DAT,12,189,Considered a[01]delicacy in many[01]parts of the[01]world.,50,
AREAD075.DAT:12:192,AREAD075.DAT,12,192,Shape and color[01]changes with its[01]habitat.,42,
AREAD075.DAT:12:195,AREAD075.DAT,12,195,"Not much to look[01]at, but rich in[01]protein and[01]nutrition.",56,
AREAD075.DAT:12:196,AREAD075.DAT,12,196,N. Islands,11,
AREAD075.DAT:12:198,AREAD075.DAT,12,198,Only found in[01]mountain lakes.[01]Popular with[01]children.,53,
AREAD075.DAT:12:199,AREAD075.DAT,12,199,Zhinga Mts.,12,
AREAD075.DAT:12:201,AREAD075.DAT,12,201,Very alert to[01]danger; will[01]fight to protect[01]itself.,52,
AREAD075.DAT:12:204,AREAD075.DAT,12,204,Beautiful to[01]watch as it[01]swims.,32,
AREAD075.DAT:12:205,AREAD075.DAT,12,205,Anywhere,9,
AREAD075.DAT:12:208,AREAD075.DAT,12,208,Zhinga Mts.,12,
AREAD075.DAT:12:210,AREAD075.DAT,12,210,Lives in shallow[01]waters. Hard to[01]catch as it is[01]very strong.,61,
AREAD075.DAT:12:211,AREAD075.DAT,12,211,Anywhere,9,
AREAD075.DAT:12:213,AREAD075.DAT,12,213,So big it's too[01]much for one[01]sitting!,38,
AREAD075.DAT:12:214,AREAD075.DAT,12,214,N. Islands,11,
AREAD075.DAT:12:216,AREAD075.DAT,12,216,"Usually swims[01]far out to sea,[01]but can be[01]caught in rivers",58,
AREAD075.DAT:12:219,AREAD075.DAT,12,219,"King of the[01]lakes, it has an[01]almost regal air[01]about it.",56,
AREAD075.DAT:12:220,AREAD075.DAT,12,220,Zhinga Mts.,12,
AREAD075.DAT:12:222,AREAD075.DAT,12,222,"Sometimes called[01]""the living[01]jewel.""",37,
AREAD075.DAT:12:223,AREAD075.DAT,12,223,Zhinga Mts.,12,
AREAD075.DAT:12:225,AREAD075.DAT,12,225,Ocean-dwelling[01]jellyfish; goes[01]after any lure.,47,
AREAD075.DAT:12:226,AREAD075.DAT,12,226,Anywhere,9,
AREAD075.DAT:12:228,AREAD075.DAT,12,228,Skips above the[01]waves. Very[01]agile and hard[01]to catch.,53,
AREAD075.DAT:12:231,AREAD075.DAT,12,231,Protects itself[01]with very sharp[01]spines.,40,
AREAD075.DAT:12:234,AREAD075.DAT,12,234,"Popular with[01]women, it looks[01]like it's flying[01]in the water.",60,
AREAD075.DAT:12:237,AREAD075.DAT,12,237,Fights but not[01]too much; a good[01]fish for[01]beginners.,52,
AREAD075.DAT:12:238,AREAD075.DAT,12,238,Salt Sea,9,
AREAD075.DAT:12:240,AREAD075.DAT,12,240,Swimes close to[01]the bottom. Its[01]eyes always look[01]to the left.,62,
AREAD075.DAT:12:241,AREAD075.DAT,12,241,Salt Sea,9,
AREAD075.DAT:12:243,AREAD075.DAT,12,243,"A fine-looking,[01]fine-tasting[01]fish.",35,
AREAD075.DAT:12:246,AREAD075.DAT,12,246,"Also called the[01]""Devil Fish.""[01]No one has yet[01]to eat it.",56,
AREAD075.DAT:12:247,AREAD075.DAT,12,247,Salt Sea,9,
AREAD075.DAT:12:249,AREAD075.DAT,12,249,A fast fish.[01]Being able to[01]catch one is a[01]distinction.,55,
AREAD075.DAT:12:250,AREAD075.DAT,12,250,S. Levant,10,
AREAD075.DAT:12:252,AREAD075.DAT,12,252,A hard fish to[01]catch but worth[01]the effort.,43,
AREAD075.DAT:12:255,AREAD075.DAT,12,255,A rare fish[01]usually found[01]only in deep[01]waters.,47,
AREAD075.DAT:12:256,AREAD075.DAT,12,256,S. Levant,10,
AREAD075.DAT:12:258,AREAD075.DAT,12,258,Uses its horns[01]to cut through[01]and escape[01]nets.,47,
AREAD075.DAT:12:259,AREAD075.DAT,12,259,Salt Sea,9,
AREAD075.DAT:12:261,AREAD075.DAT,12,261,"King of the sea,[01]it is the[01]ultimate catch.",43,
AREAD075.DAT:12:262,AREAD075.DAT,12,262,Salt Sea,9,
AREAD075.DAT:12:264,AREAD075.DAT,12,264,Fish mutated by[01]exposure to[01]hex energy.[01]Handle with care!,58,
AREAD075.DAT:12:280,AREAD075.DAT,12,280,[0C][02]     Learn How To Fish[01]       Select a topic:[01][16][19][01][12][88][0C][95]Casting[01]Moving the lure[01]Getting a bite[01]Reeling in a catch[01]Exit,118,
AREAD075.DAT:12:281,AREAD075.DAT,12,281,[12][88][0C][95]Casting[01]Moving the lure[01]Getting a bite[01]Reeling in a catch[01]Exit,67,
AREAD075.DAT:12:282,AREAD075.DAT,12,282,"[0C][02]Fishing in Breath of Fire `[01]is done on area maps called[01]""fishing spots.""[02]To fish, you first need to[01]find a fishing spot.",123,
AREAD075.DAT:12:283,AREAD075.DAT,12,283,[0C][02]Press the ~ button near the[01]water to enter the fishing[01]screen.,65,
AREAD075.DAT:12:284,AREAD075.DAT,12,284,[0C][02]You can rotate the camera[01]angle by pressing the [07],52,
AREAD075.DAT:12:285,AREAD075.DAT,12,285,[0C][02]Use the directional buttons[01]to aim your rod into the[01]direction you want to cast.,83,
AREAD075.DAT:12:286,AREAD075.DAT,12,286,"[0C][02]Then, press the ~ button.[01]The Power Bar will begin[01]moving.",61,
AREAD075.DAT:12:287,AREAD075.DAT,12,287,[0C][02]Press the ~ button again to[01]cast.,36,
AREAD075.DAT:12:288,AREAD075.DAT,12,288,[0C][02]The distance you can cast[01]varies depending on which[01]rod you use.,67,
AREAD075.DAT:12:289,AREAD075.DAT,12,289,"[0C][02]Depending on how far and[01]where you cast, your lure[01]may end up on land.",73,
AREAD075.DAT:12:290,AREAD075.DAT,12,290,[0C][02]Lures are easily caught on[01]land--if you're not careful[01]you might lose your lure.,83,
AREAD075.DAT:12:291,AREAD075.DAT,12,291,"[0C][02]If you cast beyond the edge[01]of the screen, however, you[01]do not lose your lure.",81,
AREAD075.DAT:12:292,AREAD075.DAT,12,292,"[0C][02]Try to cast near where you[01]think the fish are,[02]but be careful not to get[01]your lure caught or lost.",101,
AREAD075.DAT:12:295,AREAD075.DAT,12,295,[0C][02]You can move your lure[01]after casting it as[01]follows:,54,
AREAD075.DAT:12:296,AREAD075.DAT,12,296,[0C][02]You can move your lure[01]after casting it as[01]follows:,54,
AREAD075.DAT:12:297,AREAD075.DAT,12,297,[0C][02]You can move your lure[01]after casting it as[01]follows:,54,
AREAD075.DAT:12:298,AREAD075.DAT,12,298,[0C][02]You can move your lure[01]after casting it as[01]follows:,54,
AREAD075.DAT:12:299,AREAD075.DAT,12,299,[0C][02][01]~ button: Reel in the lure,30,
AREAD075.DAT:12:300,AREAD075.DAT,12,300,[0C][02]Right: Move the lure to the[01]      right,42,
AREAD075.DAT:12:301,AREAD075.DAT,12,301,[0C][02]Left: Move the lure to the[01]      left,40,
AREAD075.DAT:12:302,AREAD075.DAT,12,302,[0C][02]Down: Raise your rod,23,
AREAD075.DAT:12:303,AREAD075.DAT,12,303,[0C][02]You can return your lure at[01]any time by pressing the[01][7F] button.,65,
AREAD075.DAT:12:304,AREAD075.DAT,12,304,[0C][02]You can check your lure's[01]current depth with the[01]Depth Meter.,64,
AREAD075.DAT:12:305,AREAD075.DAT,12,305,"[0C][02]Some lures float when[01]reeled,",32,
AREAD075.DAT:12:306,AREAD075.DAT,12,306,[0C][02]while others sink when[01]reeled.,33,
AREAD075.DAT:12:307,AREAD075.DAT,12,307,[0C][02]Continuing to reel a lure[01]when it hits bottom can[01]cause it to catch.,71,
AREAD075.DAT:12:308,AREAD075.DAT,12,308,"[0C][02]If your lure gets caught on[01]the bottom, you lose your[01]lure.[02]Be careful to avoid getting[01]your lure caught as you[01]reel it in.",126,
AREAD075.DAT:12:309,AREAD075.DAT,12,309,"[0C][02]If you press the ~ button[01]rhythmically as you reel[01]your lure in,[02]you can make it appear more[01]attractive to fish.",115,
AREAD075.DAT:12:310,AREAD075.DAT,12,310,"[0C][02]The more attractive your[01]lure is,[02]the better chance you have[01]of catching a fish.",83,
AREAD075.DAT:12:311,AREAD075.DAT,12,311,"[0C][02]If a fish becomes[01]interested in your lure,[02]the tension on the line[01]will increase.",84,
AREAD075.DAT:12:312,AREAD075.DAT,12,312,"[0C][02]If a fish becomes[01]interested in your lure,[02]the tension on the line[01]will increase.",84,
AREAD075.DAT:12:313,AREAD075.DAT,12,313,"[0C][02]If a fish becomes[01]interested in your lure,[02]the tension on the line[01]will increase.",84,
AREAD075.DAT:12:314,AREAD075.DAT,12,314,"[0C][02]This is called ""getting a[01]bite.""[02]However, it does not mean[01]the fish has taken the[01]bait.[02]You must get the fish to[01]take the bait. This is[01]called ""hooking.""",156,
AREAD075.DAT:12:315,AREAD075.DAT,12,315,[0C][02]What is hooking?,19,
AREAD075.DAT:12:316,AREAD075.DAT,12,316,"[0C][02]When you get a bite on your[01]lure,",36,
AREAD075.DAT:12:317,AREAD075.DAT,12,317,"[0C][02]the tension on your line[01]will increase.[02]If you press the button[01]with just the right[01]timing,[02]you'll be able to get[01]it to grab the lure.",137,
AREAD075.DAT:12:318,AREAD075.DAT,12,318,"[0C][02]This is called ""hooking.""[02]You can press any button[01]other than the ~ button[01]to try and hook a fish.[02]Once you feel a bite, try[01]to hook the fish as fast[01]as you can.",164,
AREAD075.DAT:12:319,AREAD075.DAT,12,319,"[0C][02]Sometimes, you can hook a[01]fish when it bites without[01]doing anything.",71,
AREAD075.DAT:12:320,AREAD075.DAT,12,320,"[0C][02]In these cases, the chance[01]of losing your lure is[01]higher than normal.[02]Be careful not to let the[01]fish get away with your[01]lure.",128,
AREAD075.DAT:12:321,AREAD075.DAT,12,321,"[0C][02]Once a fish has been[01]hooked,[02]the tension on the line[01]will change based on the[01]fish's movement.",97,
AREAD075.DAT:12:322,AREAD075.DAT,12,322,"[0C][02]Once a fish has been[01]hooked,[02]the tension on the line[01]will change based on the[01]fish's movement.",97,
AREAD075.DAT:12:323,AREAD075.DAT,12,323,"[0C][02]Once a fish has been[01]hooked,[02]the tension on the line[01]will change based on the[01]fish's movement.",97,
AREAD075.DAT:12:324,AREAD075.DAT,12,324,"[0C][02]Once a fish has been[01]hooked,[02]the tension on the line[01]will change based on the[01]fish's movement.",97,
AREAD075.DAT:12:325,AREAD075.DAT,12,325,"[0C][02]Once a fish has been[01]hooked,[02]the tension on the line[01]will change based on the[01]fish's movement.",97,
AREAD075.DAT:12:326,AREAD075.DAT,12,326,"[0C][02]Once a fish has been[01]hooked,[02]the tension on the line[01]will change based on the[01]fish's movement.",97,
AREAD075.DAT:12:327,AREAD075.DAT,12,327,"[0C][02]You can adjust the tension[01]by reeling in your lure[01](using the ~ button).[02]Reeling in the lure causes[01]the tension to increase,",127,
AREAD075.DAT:12:328,AREAD075.DAT,12,328,[0C][02]and letting the lure play[01]out decreases the tension.,55,
AREAD075.DAT:12:329,AREAD075.DAT,12,329,"[0C][02]If the tension level moves[01]to the right of the target[01]area when reeling,[02]your line may break under[01]the pressure.",115,
AREAD075.DAT:12:330,AREAD075.DAT,12,330,"[0C][02]On the other hand, if the[01]tension level moves to the[01]left of the target area,[02]the fish will get away with[01]your lure if you don't reel[01]it in.",143,
AREAD075.DAT:12:331,AREAD075.DAT,12,331,"[0C][02]If the line breaks, not[01]only do you lose the fish[01]but your lure as well.",75,
AREAD075.DAT:12:332,AREAD075.DAT,12,332,[0C][02]Be careful not to let the[01]tension get above or below[01]the target area.,72,
AREAD075.DAT:12:333,AREAD075.DAT,12,333,1: Rods and Lures,18,
AREAD075.DAT:12:334,AREAD075.DAT,12,334,1: Rods and Lures,18,
AREAD075.DAT:12:335,AREAD075.DAT,12,335,1: Rods and Lures,18,
AREAD075.DAT:12:336,AREAD075.DAT,12,336,1: Rods and Lures,18,
AREAD075.DAT:12:337,AREAD075.DAT,12,337,2: Types of Lures,18,
AREAD075.DAT:12:338,AREAD075.DAT,12,338,3: Terrain and Range,21,
AREAD075.DAT:12:339,AREAD075.DAT,12,339,4: Hooking,11,
AREAD075.DAT:12:340,AREAD075.DAT,12,340,5: Uses of Fish,16,
AREAD075.DAT:12:341,AREAD075.DAT,12,341,6: Lure Actions,16,
AREAD075.DAT:12:342,AREAD075.DAT,12,342,Where to find rods and lures,29,
AREAD075.DAT:12:343,AREAD075.DAT,12,343,Where to find rods and lures,29,
AREAD075.DAT:12:344,AREAD075.DAT,12,344,The right tool for the right job,33,
AREAD075.DAT:12:345,AREAD075.DAT,12,345,Finding the best places to fish,32,
AREAD075.DAT:12:346,AREAD075.DAT,12,346,Tips and tricks on hooking fish,32,
AREAD075.DAT:12:347,AREAD075.DAT,12,347,What to do after you've caught one,35,
AREAD075.DAT:12:348,AREAD075.DAT,12,348,Try to get to Tec. 4!,22,
AREAD075.DAT:12:349,AREAD075.DAT,12,349,[0C][02]The distance you can cast[01]your lure varies depending[01]on the rod you use.[02]Pick your rod carefully and[01]cast in areas where you[01]think fish are.,143,
AREAD075.DAT:12:350,AREAD075.DAT,12,350,[0C][02]The distance you can cast[01]your lure varies depending[01]on the rod you use.[02]Pick your rod carefully and[01]cast in areas where you[01]think fish are.,143,
AREAD075.DAT:12:351,AREAD075.DAT,12,351,[0C][02]The distance you can cast[01]your lure varies depending[01]on the rod you use.[02]Pick your rod carefully and[01]cast in areas where you[01]think fish are.,143,
AREAD075.DAT:12:352,AREAD075.DAT,12,352,[0C][02]The distance you can cast[01]your lure varies depending[01]on the rod you use.[02]Pick your rod carefully and[01]cast in areas where you[01]think fish are.,143,
AREAD075.DAT:12:353,AREAD075.DAT,12,353,Up/Down: Select a fish[01][82]: Scroll page up[01][83]: Scroll page down[02]~: Confirm        [7F]: Cancel,89,
AREAD075.DAT:12:354,AREAD075.DAT,12,354,Directional buttons: Change[01]                       page[01][80]: Go to previous screen,81,
AREAD075.DAT:12:355,AREAD075.DAT,12,355,Up/Down: Select,16,
AREAD075.DAT:12:356,AREAD075.DAT,12,356,[7F]: View data on [07],18,
AREAD075.DAT:12:357,AREAD075.DAT,12,357,Directional buttons: Change page,33,
AREAD075.DAT:12:358,AREAD075.DAT,12,358,River Spot 1,13,
AREAD075.DAT:12:359,AREAD075.DAT,12,359,River Spot 1,13,
AREAD075.DAT:12:360,AREAD075.DAT,12,360,River Spot 1,13,
AREAD075.DAT:12:361,AREAD075.DAT,12,361,River Spot 2,13,
AREAD075.DAT:12:362,AREAD075.DAT,12,362,River Spot 3,13,
AREAD075.DAT:12:363,AREAD075.DAT,12,363,Ocean Spot 1,13,
AREAD075.DAT:12:364,AREAD075.DAT,12,364,Ocean Spot 3,13,
AREAD075.DAT:12:365,AREAD075.DAT,12,365,Lake Spot 1,12,
AREAD075.DAT:12:366,AREAD075.DAT,12,366,Lake Spot 1,12,
AREAD075.DAT:12:367,AREAD075.DAT,12,367,Lake Spot 2,12,
AREAD075.DAT:12:368,AREAD075.DAT,12,368,Lake Spot 3,12,
AREAD075.DAT:12:369,AREAD075.DAT,12,369,Chamba Spot,12,
AREAD075.DAT:12:370,AREAD075.DAT,12,370,Saldine Spot,13,
AREAD075.DAT:12:371,AREAD075.DAT,12,371,Ocean Spot 2,13,
AREAD075.DAT:12:372,AREAD075.DAT,12,372,[0C][01]Press the ~ button in a spot[01]where the fishing mark[01]lights up to begin fishing.[02]The big ones can be found[01]near the base of the[01]waterfall!,140,
AREAD075.DAT:12:373,AREAD075.DAT,12,373,[0C][01]Press the ~ button in a spot[01]where the fishing mark[01]lights up to begin fishing.[02]Try fishing near the[01]marshy area!,116,
AREAD075.DAT:12:374,AREAD075.DAT,12,374,[0C][01]Press the ~ button in a spot[01]where the fishing mark[01]lights up to begin fishing.[02]Try fishing around the[01]rocks!,112,
AREAD075.DAT:12:375,AREAD075.DAT,12,375,[0C][01]Press the ~ button in a spot[01]where the fishing mark[01]lights up to begin fishing.[02]Try fishing near the[01]rocky areas!,116,
AREAD075.DAT:12:376,AREAD075.DAT,12,376,[0C][01]Press the ~ button in a spot[01]where the fishing mark[01]lights up to begin fishing.[02]The really big fish are[01]close to the bottom!,127,
AREAD075.DAT:12:377,AREAD075.DAT,12,377,[0C][01]Press the ~ button in a spot[01]where the fishing mark[01]lights up to begin fishing.[02]The big fish can be found[01]in the deep part of the[01]inlet.,139,
AREAD075.DAT:12:378,AREAD075.DAT,12,378,[0C][01]Press the ~ button in a spot[01]where the fishing mark[01]lights up to begin fishing.[02]Try aiming for the[01]places between the rocks[01]and logs!,136,
AREAD075.DAT:12:379,AREAD075.DAT,12,379,[0C][01]Press the ~ button in a spot[01]where the fishing mark[01]lights up to begin fishing.[02]Try fishing near the[01]trees!,110,
AREAD075.DAT:12:380,AREAD075.DAT,12,380,[0C][01]Press the ~ button in a spot[01]where the fishing mark[01]lights up to begin fishing.[02]Try fishing near the[01]marshy area!,116,
AREAD075.DAT:12:381,AREAD075.DAT,12,381,[0C][01]Press the ~ button in a spot[01]where the fishing mark[01]lights up to begin fishing.[02]Look in the mist...,102,
AREAD075.DAT:12:382,AREAD075.DAT,12,382,[0C][01]Press the ~ button in a spot[01]where the fishing mark[01]lights up to begin fishing.[02]Certain kinds of fish can[01]only be found here.,128,
AREAD075.DAT:12:383,AREAD075.DAT,12,383,[0C][01]Press the ~ button in a spot[01]where the fishing mark[01]lights up to begin fishing.[02]The king of the sea is[01]said to be found here...,130,
AREAD075.DAT:12:384,AREAD075.DAT,12,384,        [05][02]TARGET FISH[06][01]        River Spot 1[02][07],46,
AREAD075.DAT:12:385,AREAD075.DAT,12,385,        [05][02]TARGET FISH[06][01]        River Spot 2[02][07],46,
AREAD075.DAT:12:386,AREAD075.DAT,12,386,        [05][02]TARGET FISH[06][01]        River Spot 3[02][07],46,
AREAD075.DAT:12:387,AREAD075.DAT,12,387,        [05][02]TARGET FISH[06][01]        Ocean Spot 1[02][07],46,
AREAD075.DAT:12:388,AREAD075.DAT,12,388,        [05][02]TARGET FISH[06][01]        Ocean Spot 3[02][07],46,
AREAD075.DAT:12:389,AREAD075.DAT,12,389,        [05][02]TARGET FISH[06][01]        Ocean Spot 3[02][07],46,
AREAD075.DAT:12:390,AREAD075.DAT,12,390,        [05][02]TARGET FISH[06][01]        Lake Spot 1[02][07],45,
AREAD075.DAT:12:391,AREAD075.DAT,12,391,        [05][02]TARGET FISH[06][01]        Lake Spot 2[02][07],45,
AREAD075.DAT:12:392,AREAD075.DAT,12,392,        [05][02]TARGET FISH[06][01]        Lake Spot 3[02][07],45,
AREAD075.DAT:12:393,AREAD075.DAT,12,393,        [05][02]TARGET FISH[06][01]        Chamba Spot[02][07],45,
AREAD075.DAT:12:394,AREAD075.DAT,12,394,        [05][02]TARGET FISH[06][01]       Saldine Spot[02][07],45,
AREAD075.DAT:12:395,AREAD075.DAT,12,395,        [05][02]TARGET FISH[06][01]        Ocean Spot 2[02][07],46,
AREAD076.DAT:8:2,AREAD076.DAT,8,2,"[0C][02][14][01][01]""Marlok again...How[01]many trips does that[01]make this month?[02]I don't think I've[01]seen anyone who[01]cares about making[02]a profit as much[01]as he does!""",147,
AREAD076.DAT:8:3,AREAD076.DAT,8,3,"[0C][06][14][82]B""Tell me about it![02]Just look at the size[01]of those crates he's[01]bringing in!""",81,
AREAD076.DAT:8:4,AREAD076.DAT,8,4,"[0C][02][14][01][01]""Yeah, well, I[01]suppose you have to[01]be like that to make[02]the kind of deals he[01]does...[02]We're on opposite[01]sides, remember?""",126,
AREAD076.DAT:8:5,AREAD076.DAT,8,5,"[14][C1]@""It looks like[01]everything went[01]as planned.""",47,[14][C1]
AREAD076.DAT:8:6,AREAD076.DAT,8,6,"[0C][02][14][03][03]""Yep...[0B][02]Now that we've come[01]this far, there's no[02]way we're going back[01]without Elina!""",92,
AREAD076.DAT:8:7,AREAD076.DAT,8,7,"[0C][02][14][03][03]""...[0B]...[0B]Looks like[01]the coast is clear.""",46,
AREAD076.DAT:8:8,AREAD076.DAT,8,8,"[14][04][04]""Hey--[0B]is this your[01]sandflier?""[12]",36,[14][04]
AREAD076.DAT:8:9,AREAD076.DAT,8,9,"[14][04][04]""Hey--[0B]is this your[01]sandflier?""[12]",36,[14][04]
AREAD076.DAT:8:10,AREAD076.DAT,8,10,"[14][04][04]""Hey--[0B]is this your[01]sandflier?""[12]",36,[14][04]
AREAD076.DAT:8:11,AREAD076.DAT,8,11,"[14][04][04]""Hey--[0B]is this your[01]sandflier?""[12]",36,[14][04]
AREAD076.DAT:8:12,AREAD076.DAT,8,12,"[14][04][04]""Oh...[02]I wonder whose it is[01]then...""",40,[14][04]
AREAD076.DAT:8:13,AREAD076.DAT,8,13,"[14][04][04]""Really?[0B] Look, I need[01]to get to [05][02]Shikk[06].[02]Think you could take[01]me?""",72,[14][04]
AREAD076.DAT:8:14,AREAD076.DAT,8,14,"[14][04][04]""I need to get to[01]Hesperia, but the[02]Causeway's not[01]working, right?""",71,[14][04]
AREAD076.DAT:8:15,AREAD076.DAT,8,15,"[14][04][04]""I hear there's[01]like a big lake or[01]something near[02]Shikk that goes all[01]the way to the[01]western continent.[02]So I figure if I can[01]get to Shikk,[02]I should be able to[01]get to Hesperia[01]one way or another.[02]So, what do you say?[01]Will you take me[01]there?""[12][01][0C][82]Yes[01]No",254,[14][04]
AREAD076.DAT:8:16,AREAD076.DAT,8,16,"[14][04][04]""Really? Thanks a[01]lot!""",27,[14][04]
AREAD076.DAT:8:17,AREAD076.DAT,8,17,"[14][04][04]""Shikk is to the[01]northeast of here...[02]On the other side of[01]the Great Desert.""",81,[14][04]
AREAD076.DAT:8:18,AREAD076.DAT,8,18,"[14][04][04]""C'mon...I'll give[01]you something for[01]your trouble...""[12][02][0C][82]OK[01]No",66,[14][04]
AREAD076.DAT:8:19,AREAD076.DAT,8,19,"[14][04][04]""It's just to the[01]other side of the[01]desert...""[12][03][0C][82]OK[01]No",59,[14][04]
AREAD076.DAT:8:20,AREAD076.DAT,8,20,"[14][04][04]""I won't make any[01]noise or bother you,[01]OK?""[12][04][0C][82]OK[01]No",56,[14][04]
AREAD076.DAT:8:21,AREAD076.DAT,8,21,"[14][04][04]""Oh, come on...[01]Please?""[12][05][0C][82]OK[01]No",37,[14][04]
AREAD076.DAT:8:22,AREAD076.DAT,8,22,"[14][04][04]""C'mon--I'm begging[01]you!""[12][06][0C][82]OK[01]No",38,[14][04]
AREAD076.DAT:8:23,AREAD076.DAT,8,23,"[14][04][04]""Be a sport and give[01]me a ride-p[0B]l[0B]e[0B]a[0B]s[0B]e?""[12][07][0C][82]OK[01]No",57,[14][04]
AREAD076.DAT:8:24,AREAD076.DAT,8,24,"[14][04][04]""Fine then! Forget[01]it! I'm sorry I even[01]asked!""",51,[14][04]
AREAD076.DAT:8:25,AREAD076.DAT,8,25,"[14][04][04]""You mean you changed[01]your mind? You'll[01]give me a ride?""[12][01][0C][82]Yes[01]No",70,[14][04]
AREAD076.DAT:8:26,AREAD076.DAT,8,26,"[14][85][05]""What!?""",12,[14][85]
AREAD076.DAT:8:27,AREAD076.DAT,8,27,"[14][85][05]""You mean it was you[01]who snuck into the[02]Causeway and[01]started the big[01]fight there!?""",87,[14][85]
AREAD076.DAT:8:28,AREAD076.DAT,8,28,"[14][05][05]""You didn't stop to[01]think what effect[02]that might have on[01]the gateway device,[01]did you?[02][14][06][06]""I don't know what[01]to say...""",122,[14][05]
AREAD076.DAT:8:29,AREAD076.DAT,8,29,"[14][85][05]""Huh? Who's there!?""",24,[14][85]
AREAD076.DAT:8:30,AREAD076.DAT,8,30,Where do you want to go[01]in the sandflier?[12][08][0C][93]Shyde[01]Outside of town[01]Never mind,78,
AREAD076.DAT:8:31,AREAD076.DAT,8,31,Where do you want to go[01]in the sandflier?[12][08][0C][93]Shyde[01]Outside of town[01]Never mind,78,
AREAD076.DAT:8:32,AREAD076.DAT,8,32,Where do you want to go[01]in the sandflier?[12][09][0C][94]Shikk Region[01]Shyde[01]Outside of town[01]Never mind,91,
AREAD076.DAT:8:33,AREAD076.DAT,8,33,"""The sandflier you came in[01]on? Oh, it's long gone.[02]Looks like you're stuck[01]here for a while, eh?""",98,
AREAD077.DAT:10:6,AREAD077.DAT,10,6,"[0C][04][14][81]A""I thought you'd show[01]up if we called to[01]you here.[02]You're the dragons[01]that watch over this[01]world, right?""",111,
AREAD077.DAT:10:7,AREAD077.DAT,10,7,"[0C][02][14][02][02]""Indeed, young[01]dragon.[02]Thou hath already met[01]us.[02][14][03][03]I...am P'ung Ryong.[01][14][02][02]The Wind Dragon.""",98,
AREAD077.DAT:10:8,AREAD077.DAT,10,8,"[0C][04][14][81]A""As you probably[01]already know,[02]I called you here[01]so we could talk[01]about [04]",79,
AREAD077.DAT:10:9,AREAD077.DAT,10,9,"[0C][03][14][04][04]""The Yorae Dragon...[01]He whose role is not[01]yet set.""",57,
AREAD077.DAT:10:10,AREAD077.DAT,10,10,"[0C][04][14][81]A""As you know, [04]",21,
AREAD077.DAT:10:11,AREAD077.DAT,10,11,"[0C][04][14][81]A""I'd like you to[01]share your power[01]with him...[02]If he is able to gain[01]the powers of the[01]ancient dragons,[02]then maybe [04]",121,
AREAD077.DAT:10:12,AREAD077.DAT,10,12,"[14][05][05]""Whilst we do not[01]seek to see thee[02]fail in thine[01]endeavor, Deis,[01]know this...[02]Thou who art without[01]form of thine own...""",124,[14][05]
AREAD077.DAT:10:13,AREAD077.DAT,10,13,"[14][06][06]""As thou art aware,[01]the other half of[01]the Yorae Dragon[02]be the First[01]Emperor of the[01]Fou Empire, [04][06].""",103,[14][06]
AREAD077.DAT:10:14,AREAD077.DAT,10,14,"[14][07][07]""Already, he hath[01]awakened.""",32,[14][07]
AREAD077.DAT:10:16,AREAD077.DAT,10,16,"[0C][04][14][81]A""What do you mean he[01]can't escape it!?[02]We don't want him to[01]join with his other[01]half![02]That's why we called[01]you--[02]to help us prevent[01]that from happening!""",159,
AREAD077.DAT:10:17,AREAD077.DAT,10,17,"[0C][04][14][88]H""Um...This might be[01]a stupid question,[01]but...[02]Why do you want to[01]prevent [04]",80,
AREAD077.DAT:10:18,AREAD077.DAT,10,18,"[0C][04][14][01][01]""...Listen, dear.[02]You remember what the[01]Abbess in Chek told[02]you about the[01]'[05][02]pillars of light[06]' and[01]all, right?""",118,
AREAD077.DAT:10:19,AREAD077.DAT,10,19,"[0C][04][14][01][01]""Think about it for[01]a second...[02]Here, we've got[01][04]",55,
AREAD077.DAT:10:20,AREAD077.DAT,10,20,"[0C][04][14][09][08]""You mean...If they[01]merge, [04]",34,
AREAD077.DAT:10:21,AREAD077.DAT,10,21,"[14][02][02]""Hear us, Deis.[02]We who watcheth over[01]this sphere must e'er[01]strive to maintain[02]a position of[01]neutrality.[02]It matters not which[01]becometh a god, does[01]it not?""",158,[14][02]
AREAD077.DAT:10:22,AREAD077.DAT,10,22,"[0C][04][14][81]A""It matters a lot[01]to me![02]Once he becomes a[01]full god, I need[02][04]",67,
AREAD077.DAT:10:23,AREAD077.DAT,10,23,"[14][02][02]""Thou wouldst use a[01]god's power for thine[01]own benefit?""",59,[14][02]
AREAD077.DAT:10:24,AREAD077.DAT,10,24,"[0C][04][14][81]A""And how are the[01]people in this world[01]any different!?[02]They yank us from[01]our worlds and make[01]us into their gods![02]They make us work[01]for their benefit!""",155,
AREAD077.DAT:10:25,AREAD077.DAT,10,25,"[0C][04][14][80]@""Are you trying to[01]tell me I should stay[01]like this,[02]in this borrowed[01]body, forever!?""",91,
AREAD077.DAT:10:26,AREAD077.DAT,10,26,"[0C][02][14][02][02]""Thou sayest thou[01]shall return to thine[01]own world, Deis...""",65,
AREAD077.DAT:10:27,AREAD077.DAT,10,27,"[0C][03][14][04][04]""Thou sayeth this[01]as thou knowest not[01]our way...[02]Once we hath served[01]our purpose,[02]once our time as[01]gods hath passed,[02]we become as you see[01]us now--dragons.""",161,
AREAD077.DAT:10:28,AREAD077.DAT,10,28,"[0C][04][14][05][05]""And thus do we watch[01]over the world. 'Tis[01]our fate...[02]And thine.""",72,
AREAD077.DAT:10:29,AREAD077.DAT,10,29,"[0C][02][14][80]@""Fate![0B] You keep[01]using that word![02]Is that all you can[01]talk about!?[02]Look, are you going[01]to help us or not!?""",113,
AREAD077.DAT:10:30,AREAD077.DAT,10,30,"[0C][02][14][80]@""In case you've[01]forgotten, unlike[01]you,[02]neither I nor [04]",60,
AREAD077.DAT:10:31,AREAD077.DAT,10,31,"[0C][03][14][06][06]""Verily, thou art[01]imperfect.""",35,
AREAD077.DAT:10:32,AREAD077.DAT,10,32,"[0C][02][14][07][07]""It be both in our[01]power and nature to[01]succor thee.[02]However...""",69,
AREAD077.DAT:10:33,AREAD077.DAT,10,33,"[0C][03][14][04][04]""The Yorae Dragon...[01][04]",28,
AREAD077.DAT:10:34,AREAD077.DAT,10,34,"[0C][04][14][05][05]""Before that destiny[01]be fulfilled,[02]seek thee our [05][02]true[01]selves[06] that thee[02]might gain our[01]power.""",102,
AREAD077.DAT:10:35,AREAD077.DAT,10,35,"[0C][04][14][88]H""Um...[0B]Where can we[01]find you all?""",40,
AREAD077.DAT:10:36,AREAD077.DAT,10,36,"[0C][04][14][05][05]""Once before have we[01]met, in the barren[01]sands.[02]I regret any harm I[01]may have caused thee[01]then.""",100,
AREAD077.DAT:10:37,AREAD077.DAT,10,37,"[0C][03][14][04][04]""We live within and[01]throughout the world.[01][02]Seek us out that[01]thee might have[01]our strength.""",96,
AREAD077.DAT:10:38,AREAD077.DAT,10,38,"[0C][02][14][02][02]""When [04]",13,
AREAD077.DAT:10:39,AREAD077.DAT,10,39,"[0C][02][14][80]@""Just tell me one[01]thing...[02]When you were all[01]brought here,[02]didn't any of you[01]think about trying[01]to get back home?""",120,
AREAD077.DAT:10:40,AREAD077.DAT,10,40,"[0C][02][14][02][02]""One cannot swim[01]against the river[01]of fate, Deis.[02]Come what may,[01]with [04]",77,
AREAD077.DAT:10:41,AREAD077.DAT,10,41,"[0C][02][14][80]@""Fate, huh?...[02]They make it sound[01]like they wanted to[01]come here...""",73,
AREAD077.DAT:10:42,AREAD077.DAT,10,42,"[0C][06][14][C1]@""Um, Deis? Why do you[01]want to return to[02]where you came from[01]so strongly?[02]Is it because you[01]don't like it here?[02][14][89]H...What about you,[01][04]",140,
AREAD077.DAT:10:44,AREAD077.DAT,10,44,"[0C][06][14][C1]@""I think...[02]I think I'd do my[01]best to help the[02]people of that[01]world.""",75,
AREAD077.DAT:10:47,AREAD077.DAT,10,47,"[0C][04][14][C4]@""I am [04][04],[01]of the Imperial[01]Army.[02]You are [04]",47,
AREAD077.DAT:10:48,AREAD077.DAT,10,48,"[0C][04][14][C4]@""We know you are the[01]one called the Yorae[01]Dragon.[02]You will come with[01]us.""",79,
AREAD077.DAT:10:49,AREAD077.DAT,10,49,"[0C][03][14][0A][09]""Looks like we[01]don't have much[01]of a choice...[02]Do we?""",59,
AREAD077.DAT:10:50,AREAD077.DAT,10,50,You are now able to draw[01]upon the Wind Dragon's[01]power![02]You learned:[01][05][02][09]F[04][06]!,76,
AREAD078.DAT:8:0,AREAD078.DAT,8,0,"[14][80]@""Who goes there!?""",22,[14][80]
AREAD078.DAT:8:1,AREAD078.DAT,8,1,"[14][80]@""Who goes there!?""",22,[14][80]
AREAD078.DAT:8:2,AREAD078.DAT,8,2,"[14][80]@""Who dares enter the[01]sacred resting place[01]of my master?""",60,[14][80]
AREAD078.DAT:8:3,AREAD078.DAT,8,3,"[14][80]@""Wait...Thou also[01]are one of The[01]Endless...?""",49,[14][80]
AREAD078.DAT:8:4,AREAD078.DAT,8,4,"[14][80]@""No matter! No one,[02]nay e'en though they[01]be brother to my[01]master,[02]may be allowed[01]entrance!""",95,[14][80]
AREAD078.DAT:8:5,AREAD078.DAT,8,5,Do you want to go up?[12],23,
AREAD078.DAT:8:6,AREAD078.DAT,8,6,Do you want to go down?[12][01][0C][82]Yes[01]No,34,
AREAD078.DAT:8:7,AREAD078.DAT,8,7,"Ye who wouldst walk the[01]path, seek ye first the[01]key",52,
AREAD078.DAT:8:11,AREAD078.DAT,8,11,Where do you want to go?[12][02][0C][93]Move ahead[01]Go up[01]Never mind,56,
AREAD078.DAT:8:12,AREAD078.DAT,8,12,Where do you want to go?[12][02][0C][93]Move ahead[01]Go up[01]Never mind,56,
AREAD078.DAT:8:13,AREAD078.DAT,8,13,What do you want to do?[12][03][0C][92]Go to Emperor's Tomb[01]Never mind,59,
AREAD078.DAT:8:16,AREAD078.DAT,8,16,"[10][02]Standing in front of a[01][05][02]switch[06] causes the floor to[01]light up.[02]You can push a cube forward[01]by pressing the ~ button,[02]and push it back by[01]pressing the [7F] button.[02]Line three blocks of the[01]same color up to create[01]a path.",219,
AREAD078.DAT:8:18,AREAD078.DAT,8,18,Beware the [05][02]Red Eye[06]...,25,
AREAD093.DAT:8:2,AREAD093.DAT,8,2,"[14][C1]@""You mean, if we[01]follow this, we can[01]get to the mainland?[02][14][81]ARight, Poko?""",78,[14][C1]
AREAD093.DAT:8:7,AREAD093.DAT,8,7,"[14][02][02]""Heh heh...[02]She says we will be[01]in a great deal of[02]trouble should the[01]sun go down before[01]we reach land.""",108,[14][02]
AREAD093.DAT:8:8,AREAD093.DAT,8,8,"[14][03][01]""Uh-oh! It's getting[01]dark!""",31,[14][03]
AREAD093.DAT:8:9,AREAD093.DAT,8,9,"[14][04][03]""This isn't good...[01]It's getting dark.""",43,[14][04]
AREAD093.DAT:8:10,AREAD093.DAT,8,10,"[14][05][04]""Looks like we'd[01]better hurry.""",35,[14][05]
AREAD093.DAT:8:14,AREAD093.DAT,8,14,"[0C][02][14][87]A""Hmmm...""[02][14][C1]@""Looks like this is[01]as far as we can get[01]today.""",67,
AREAD093.DAT:8:15,AREAD093.DAT,8,15,"[0C][02][14][C2]@""Drat! It's too dark[01]to even see the path.[02]Guess we're stuck[01]here until morning.""",87,
AREAD093.DAT:8:16,AREAD093.DAT,8,16,"[0C][02][14][C4]@""It's too dark. We[01]should stop here and[01]wait until morning.""",66,
AREAD093.DAT:8:17,AREAD093.DAT,8,17,"[0C][02][14][C5]@""[04][05] tells me...""[02][14][86]E""It's too dark to[01]continue--looks like[01]we're stuck here.""",83,
AREAD093.DAT:8:18,AREAD093.DAT,8,18,"[14][85]D""I wonder how much[01]further we have to[01]go?""",46,[14][85]
AREAD093.DAT:8:19,AREAD093.DAT,8,19,"[14][C2]@""We can't afford[01]to waste our time[02]sitting around like[01]this!""",65,[14][C2]
AREAD093.DAT:8:21,AREAD093.DAT,8,21,"[14][C2]@""I guess you're[01]right...""",29,[14][C2]
AREAD093.DAT:8:22,AREAD093.DAT,8,22,"[0C][06][14][88]A""[04][02]...[0B]The[01]road!!""",24,
AREAD093.DAT:8:24,AREAD093.DAT,8,24,"[0C][05][14][09][04]""We shouldn't have[01]stopped![02]We should've kept[01]going through the[01]night,[02]no matter how risky[01]it was!""",105,
AREAD093.DAT:8:25,AREAD093.DAT,8,25,"[0C][06][14][8A]A""I'm sorry, [04][02].[01]It's my fault...[02]If I hadn't suggested[01]we rest for the[01]night...""",86,
AREAD093.DAT:8:28,AREAD093.DAT,8,28,"[0C][06][14][C1]@""C-come on! Let's[01]do as she says!""",40,
AREAD093.DAT:8:31,AREAD093.DAT,8,31,"[0C][05][14][C4]@""Judging by the lay[01]of the land, I'd say[02]this is where the[01]flats connect to the[01]mainland.""",96,
AREAD093.DAT:8:32,AREAD093.DAT,8,32,"[0C][05][14][C4]@""It's no use...[02]We can't go this way[01]either.""",51,
AREAD093.DAT:8:33,AREAD093.DAT,8,33,"[14][C1]@""You mean...""",17,[14][C1]
AREAD093.DAT:8:34,AREAD093.DAT,8,34,"[0C][05][14][04][03]""Until the tide[01]changes and the flats[01]reappear...[02]We're stuck here.""",74,
AREAD093.DAT:8:35,AREAD093.DAT,8,35,"[14][05][04]""How can you be so[01]calm!?""",30,[14][05]
AREAD093.DAT:8:38,AREAD093.DAT,8,38,"[14][86]E""Chill out, [04][02]![02]We'll get out of[01]here--you can count[01]on it.[02]Remember, [04]",75,[14][86]
AREAD093.DAT:8:39,AREAD093.DAT,8,39,"[14][86]E""At the very least,[01][04]",25,[14][86]
AREAD093.DAT:8:40,AREAD093.DAT,8,40,"[14][07][01]""Oh...[0B]Good morning,[01][04]",26,[14][07]
AREAD093.DAT:8:41,AREAD093.DAT,8,41,"[14][05][04]""...[0B]...[0B]...""",17,[14][05]
AREAD093.DAT:8:42,AREAD093.DAT,8,42,"[14][07][01]""Well, we weren't[01]exactly expecting[02]something like this[01]to happen, but...[02][14][01][01]I'm sure everything[01]will work out in the[01]end.""",127,[14][07]
AREAD093.DAT:8:47,AREAD093.DAT,8,47,"[14][C1]@""Are you going off[01]to explore the[01]island?[02]I hope you don't mind[01]if I come with you!""",88,[14][C1]
AREAD093.DAT:8:49,AREAD093.DAT,8,49,"[0C][06][14][85]D""Uh...[0B]Hey...[0B]I...""",25,
AREAD093.DAT:8:50,AREAD093.DAT,8,50,"[0C][05][14][04][03]""Calm down![02]Get a hold of[01]yourself.""",42,
AREAD093.DAT:8:51,AREAD093.DAT,8,51,"[0C][05][14][04][03]""You're supposed to[01]be the leader of this[02]little expedition,[01]aren't you!?""[02][14][0D][08]...[0B]...[0B]...""",96,
AREAD093.DAT:8:52,AREAD093.DAT,8,52,"[0C][03][14][C3]@""Pukapuka...""",19,
AREAD093.DAT:8:53,AREAD093.DAT,8,53,"[0C][03][14][86]E""Remember what the[01]Pabpab said?[02]Pukapuka...What will[01]be, will be...[02]That's a good lesson[01]to learn, pretty[01]kitty...""[02][14][C5]@""Indeed.""",134,
AREAD093.DAT:8:55,AREAD093.DAT,8,55,"[0C][02][14][C1]@""We were just talking[01]about going to look[01]for some food.""",63,
AREAD093.DAT:8:57,AREAD093.DAT,8,57,"[14][06][05]""Well, I suppose[01]there are a lot worse[01]places to get stuck.""[02][14]E",67,[14][06]
AREAD093.DAT:8:59,AREAD093.DAT,8,59,"[14][0E][01]""I guess this means[01]you can fish around[01]here...Right?""",58,[14][0E]
AREAD093.DAT:8:60,AREAD093.DAT,8,60,"[0C][05][14][01][01]""Were you able to[01]catch anything,[01][04]",41,
AREAD093.DAT:8:61,AREAD093.DAT,8,61,"[0C][05][14][07][01]""Well, that means we[01]don't have to worry[01]about food then.""",64,
AREAD093.DAT:8:62,AREAD093.DAT,8,62,"[0C][05][14][01][01]""We should go back[01]and tell everyone[01]what we found.""",58,
AREAD093.DAT:8:64,AREAD093.DAT,8,64,"[0C][05][14][07][01]""OK...[02][14]A",15,
AREAD093.DAT:8:66,AREAD093.DAT,8,66,"[0C][05][14][01][01]""Good luck, [04]",19,
AREAD093.DAT:8:78,AREAD093.DAT,8,78,"[0C][06][14][C2]@""That's good...[02]I'm sorry, [04][01].[01]I don't know what[01]happened...[02]It's just...When I[01]thought we were[01]trapped here,[02]I just...I don't[01]know, I panicked...""",153,
AREAD093.DAT:8:79,AREAD093.DAT,8,79,"[0C][05][14][01][01]""Don't worry, [04][02].[01]We just have to be[01]patient, that's all.""",64,
AREAD093.DAT:8:81,AREAD093.DAT,8,81,"[0C][06][14][01][01]""[04][02], we're going[01]fishing. We'll be[01]back soon!""",52,
AREAD093.DAT:8:82,AREAD093.DAT,8,82,"[14][05][04]""What will be, will[01]be, huh?...[0B]...""",40,[14][05]
AREAD093.DAT:8:87,AREAD093.DAT,8,87,"[14][07][01]""What happened,[01][04]",21,[14][07]
AREAD093.DAT:8:90,AREAD093.DAT,8,90,"[14][87]A""I always figured[01]they would get[01]married someday...[02][14][81]AHe's been like a[01]brother to me...""",93,[14][87]
AREAD093.DAT:8:91,AREAD093.DAT,8,91,"[14][C1]@""I think maybe...I[01]look up to him more[01]than love him...""",60,[14][C1]
AREAD093.DAT:8:92,AREAD093.DAT,8,92,"[14][C1]@""I mean, he's[01]strong...[02]There's nothing he[01]can't do...He's[01]funny...""",72,[14][C1]
AREAD093.DAT:8:101,AREAD093.DAT,8,101,"[14][0F][04]""Hey! Look! The[01]tide...!""",29,[14][0F]
AREAD093.DAT:8:102,AREAD093.DAT,8,102,"[14][C1]@""It looks like it's[01]going out.[02]Let's go see!""",49,[14][C1]
AREAD093.DAT:8:106,AREAD093.DAT,8,106,"[14][06][05]""See? I told you we[01]just had to be[01]patient.""[02][14]E",51,[14][06]
AREAD093.DAT:8:110,AREAD093.DAT,8,110,You can rest here.[12],20,
AREAD093.DAT:8:111,AREAD093.DAT,8,111,It's empty.,12,
AREAD093.DAT:8:113,AREAD093.DAT,8,113,Keep our fishing spots[01]clean! Remember to pick[01]up your trash!,62,
AREAD093.DAT:8:114,AREAD093.DAT,8,114,You can rest here.[12][8B][0C][93]Rest[01]Diary[01]Never mind,44,
AREAD104.DAT:8:0,AREAD104.DAT,8,0,"[14][80]@""The mountain over[01]there's started[01]smokin'...[02]Looks like it might[01]be makin' ready t'[01]blow...""",97,[14][80]
AREAD104.DAT:8:1,AREAD104.DAT,8,1,"[14][80]@""The mountain over[01]there's started[01]smokin'...[02]Looks like it might[01]be makin' ready t'[01]blow...""",97,[14][80]
AREAD104.DAT:8:2,AREAD104.DAT,8,2,"[14][C6]@""...[0B]A god, eh?""",20,[14][C6]
AREAD104.DAT:8:3,AREAD104.DAT,8,3,"[0C][06][14][C6]@""Thou are the one[01]that claimeth to be[01]a god?""",51,
AREAD104.DAT:8:4,AREAD104.DAT,8,4,"[0C][05][14][01][01]""Me god. Who you,[01]tiny man?""",34,
AREAD104.DAT:8:5,AREAD104.DAT,8,5,"[0C][06][14][C6]@""Thou art not a god.[02][14][82]BThou art but a mere[01]shadow...Something[01]that hath drunk of[02]the dregs of the[01]power of gods and[01]believe that doing[02]so maketh you a[01]god yourself.[02]Thou hast been[01]affected by our[02]and the others'[01]power, that is[01]all.""",239,
AREAD104.DAT:8:6,AREAD104.DAT,8,6,"[0C][05][14][01][01]""Me not understand[01]puny man. Puny man[01]talk funny.[02]Does puny man think[01]me stupid?""",87,
AREAD104.DAT:8:7,AREAD104.DAT,8,7,"[0C][06][14][83]C""Perhaps...Perhaps[01]the world needeth[01]not gods?[02]What sayest thou?""",71,
AREAD104.DAT:8:8,AREAD104.DAT,8,8,"[0C][05][14][01][01]""Puny man not making[01]sense. Me not[01]understand puny man.[02]Me kill puny man.""",80,
AREAD104.DAT:8:9,AREAD104.DAT,8,9,"[14][C6]@""The Endless are[01]summoned to this[01]sphere...[02]This changeth the[01]very balance of[01]Nature herself,[02]flooding the world[01]with energies both[02]powerful and[01]dangerous,[02]and doth cause[01]those beings easily[01]influenced by it[02]to think themselves[01]gods...""",240,[14][C6]
AREAD104.DAT:8:10,AREAD104.DAT,8,10,"[14][02][02]""What then do mortals[01]thinketh?""",36,[14][02]
AREAD104.DAT:8:11,AREAD104.DAT,8,11,"[14][84]D""Wha...[0B]You![02]What did you do!?""",35,[14][84]
AREAD104.DAT:8:12,AREAD104.DAT,8,12,"[14][84]D""What'd you do[01]to t'god o' the[01]mountain!?""",46,[14][84]
AREAD104.DAT:8:13,AREAD104.DAT,8,13,"[14][84]D""Normal folks don't[01]be going around,[02]doin' stuff like[01]that...[02]Who are ya? No--[01]what are ya?""",96,[14][84]
AREAD105.DAT:8:0,AREAD105.DAT,8,0,"[14][80]@""The mountain over[01]there's started[01]smokin'...[02]Looks like it might[01]be makin' ready t'[01]blow...""",97,[14][80]
AREAD105.DAT:8:1,AREAD105.DAT,8,1,"[14][80]@""The mountain over[01]there's started[01]smokin'...[02]Looks like it might[01]be makin' ready t'[01]blow...""",97,[14][80]
AREAD105.DAT:8:2,AREAD105.DAT,8,2,"[14][C6]@""...[0B]A god, eh?""",20,[14][C6]
AREAD105.DAT:8:3,AREAD105.DAT,8,3,"[0C][06][14][C6]@""Thou are the one[01]that claimeth to be[01]a god?""",51,
AREAD105.DAT:8:4,AREAD105.DAT,8,4,"[0C][05][14][01][01]""Me god. Who you,[01]tiny man?""",34,
AREAD105.DAT:8:5,AREAD105.DAT,8,5,"[0C][06][14][C6]@""Thou art not a god.[02][14][82]BThou art but a mere[01]shadow...Something[01]that hath drunk of[02]the dregs of the[01]power of gods and[01]believe that doing[02]so maketh you a[01]god yourself.[02]Thou hast been[01]affected by our[02]and the others'[01]power, that is[01]all.""",239,
AREAD105.DAT:8:6,AREAD105.DAT,8,6,"[0C][05][14][01][01]""Me not understand[01]puny man. Puny man[01]talk funny.[02]Does puny man think[01]me stupid?""",87,
AREAD105.DAT:8:7,AREAD105.DAT,8,7,"[0C][06][14][83]C""Perhaps...Perhaps[01]the world needeth[01]not gods?[02]What sayest thou?""",71,
AREAD105.DAT:8:8,AREAD105.DAT,8,8,"[0C][05][14][01][01]""Puny man not making[01]sense. Me not[01]understand puny man.[02]Me kill puny man.""",80,
AREAD105.DAT:8:9,AREAD105.DAT,8,9,"[14][C6]@""The Endless are[01]summoned to this[01]sphere...[02]This changeth the[01]very balance of[01]Nature herself,[02]flooding the world[01]with energies both[02]powerful and[01]dangerous,[02]and doth cause[01]those beings easily[01]influenced by it[02]to think themselves[01]gods...""",240,[14][C6]
AREAD105.DAT:8:10,AREAD105.DAT,8,10,"[14][02][02]""What then do mortals[01]thinketh?""",36,[14][02]
AREAD105.DAT:8:11,AREAD105.DAT,8,11,"[14][84]D""Wha...[0B]You![02]What did you do!?""",35,[14][84]
AREAD105.DAT:8:12,AREAD105.DAT,8,12,"[14][84]D""What'd you do[01]to t'god o' the[01]mountain!?""",46,[14][84]
AREAD105.DAT:8:13,AREAD105.DAT,8,13,"[14][84]D""Normal folks don't[01]be going around,[02]doin' stuff like[01]that...[02]Who are ya? No--[01]what are ya?""",96,[14][84]
AREAD110.DAT:8:2,AREAD110.DAT,8,2,"[0C][02][14][80]@""What are we going to[01]do?[02]We can't go back,[01]and we can't go on,[01]either!""",78,
AREAD110.DAT:8:7,AREAD110.DAT,8,7,"[14][02][02]""Hmmm...You got a[01]point there...[02]Tell you what...[02]Seeing as you all[01]helped me out back[01]there,[02]I wanna try and[01]return the favor.""",132,[14][02]
AREAD110.DAT:8:8,AREAD110.DAT,8,8,"[14][80]@""...[0B]...""",13,[14][80]
AREAD110.DAT:8:9,AREAD110.DAT,8,9,"[14][02][02]""Lemme see...[02]Maybe...If you took[01]that road, you could[01]get past 'em...[02]Yeah, that's it![01]You can get to the[01]desert that way!""",128,[14][02]
AREAD110.DAT:8:10,AREAD110.DAT,8,10,"[14][C1]@""You mean...There's[01]another road!?""",39,[14][C1]
AREAD110.DAT:8:11,AREAD110.DAT,8,11,"[14][02][02]""Well, it's kinda[01]outta the way, but[01]if you head north,[02]go up to this big[01]town called [05][02]Chamba[06],[02]you can get to the[01]desert that way.""",137,[14][02]
AREAD110.DAT:8:12,AREAD110.DAT,8,12,"[14][C1]@""Really!? Oh, thank[01]you![02]That means I can get[01]back to where my[01]friend is waiting!""",86,[14][C1]
AREAD110.DAT:8:13,AREAD110.DAT,8,13,"[14][C1]@""We'll try that route[01]you mentioned. Thank[01]you again so much!""",66,[14][C1]
AREAD110.DAT:8:14,AREAD110.DAT,8,14,"[14][02][02]""No problem. Just[01]keep yer head low[02]and try not to get[01]caught, eh?""",71,[14][02]
AREAD110.DAT:8:15,AREAD110.DAT,8,15,"[14][02][02]""You should head for[01][05][02]Chamba[06]--[02]you can get to the[01]desert from there![02]If you don't hurry,[01]though,[02]them troops'll beat[01]you to it!""",134,[14][02]
AREAD110.DAT:8:16,AREAD110.DAT,8,16,"[0C][02][14][01][01]""[0A][02]kuwarakk""",18,
AREAD111.DAT:7:0,AREAD111.DAT,7,0,"[14][80]@""W...[0B]Well? How do[01]you like being so[01]high up?[02]Pretty scary, isn't[01]it? You can still[01]quit if you want to!""",109,[14][80]
AREAD111.DAT:7:1,AREAD111.DAT,7,1,"[14][80]@""W...[0B]Well? How do[01]you like being so[01]high up?[02]Pretty scary, isn't[01]it? You can still[01]quit if you want to!""",109,[14][80]
AREAD111.DAT:7:4,AREAD111.DAT,7,4,"[0C]!Dodge Iggy's attacks by[01]pressing the ~ button[01]to jump.[02]If you can knock him off[01]the mast, you win!",101,
AREAD111.DAT:7:6,AREAD111.DAT,7,6,"[14][82]B""How do you like the[01]feel of the ocean[01]breeze on your face?""",64,[14][82]
AREAD111.DAT:7:7,AREAD111.DAT,7,7,"[14][82]B""All right then,[01]what's our heading?""",41,[14][82]
AREAD111.DAT:7:9,AREAD111.DAT,7,9,"[14][82]B""The Western[01]Continent, eh?[02]Well, we can't take[01]you there directly[01]by ship.""",80,[14][82]
AREAD111.DAT:7:10,AREAD111.DAT,7,10,"[14][82]B""But we can take you[01]to one of the islands[01]close by.[02]I've heard you can[01]walk over the tidal[02]flats from there to[01]the mainland.[02]I don't know if it's[01]true or not, but you[02]should be able to[01]find some way there.",210,[14][82]
AREAD111.DAT:7:11,AREAD111.DAT,7,11,"[14][82]B""It'll take us a few[01]days to get there,[02]so sit back, relax[01]and enjoy the trip!""",83,[14][82]
AREAD111.DAT:7:12,AREAD111.DAT,7,12,"[14][80]@""All clear!""",16,[14][80]
AREAD111.DAT:7:13,AREAD111.DAT,7,13,"[14][01][01]""It sure feels good[01]to be out on the[01]ocean like this,[02]doesn't it, [04]",71,[14][01]
AREAD111.DAT:7:18,AREAD111.DAT,7,18,"[0C][05][14][04][05]""There's something[01]chasing after us...[02]It looks like it's[01]hitting the ship.""",82,
AREAD111.DAT:7:19,AREAD111.DAT,7,19,"[0C][04][14][82]B""A whale?...Dolphin?[02]No, it's too[01]small...[01]What is that!?""",64,
AREAD111.DAT:7:20,AREAD111.DAT,7,20,"[0C][05][14][05][06]""Ha ha ha ha![02]Did you think I was[01]going to give up that[01]easily!?[02]It takes more than[01]that to get rid of[01]Kahn!""",115,
AREAD111.DAT:7:21,AREAD111.DAT,7,21,"[0C][05][14][05][06]""You may have beaten[01]me before, but if you[02]think I'm the same[01]man you've fought[01]in the past,[02]you're in for a big[01]surprise![02]Hrraaaarrrrh![01]Defend yourselves!""",162,
AREAD111.DAT:7:22,AREAD111.DAT,7,22,"[0C][8B][14][05][06]""Waaaaah!""[13]0[0C][03][14]A",22,
AREAD111.DAT:7:24,AREAD111.DAT,7,24,"[0C][02][14][82]B""He came to us a[01]while back, saying he[02]wanted to learn how[01]to be a sailor...[02]But as you can see,[01]all he was interested[02]in was getting into[01]fights.""",153,
AREAD111.DAT:7:25,AREAD111.DAT,7,25,"[0C][02][14][82]B""Getting whalloped by[01]you is just what he[02]needed, if you ask[01]me.""",71,
AREAD111.DAT:7:26,AREAD111.DAT,7,26,"[0C][02][14][82]B""I wouldn't worry[01]about him...[02]One of the dolphins[01]will probably help[02]him and take him[01]back to town...""",109,
AREAD111.DAT:7:27,AREAD111.DAT,7,27,"And so, for some time after[01]that,",34,
AREAD111.DAT:7:28,AREAD111.DAT,7,28,our ocean voyage,17,
AREAD111.DAT:7:29,AREAD111.DAT,7,29,continued without incident.,28,
AREAD111.DAT:7:31,AREAD111.DAT,7,31,"[14][02][02]""I wish I could tell[01]you there's nothing[01]to worry about,[02]but the wind's[01]stopped.[02]It shouldn't have,[01]though...Not here.""",123,[14][02]
AREAD111.DAT:7:33,AREAD111.DAT,7,33,"[0C][02][14][C1]@""Zig! I can see an[01]island ahead!""",39,
AREAD111.DAT:7:34,AREAD111.DAT,7,34,"[0C][06][14][80]@""Island? You[01]mean...?""",28,
AREAD111.DAT:7:35,AREAD111.DAT,7,35,"[14][02][02]""Yep...It looks like[01]we ended up exactly[02]where we don't want[01]to be...[02]Blast! How could[01]I have let this[01]happen!?""",116,[14][02]
AREAD111.DAT:7:36,AREAD111.DAT,7,36,"[14][82][02]""We've come close to[01]an island called the[01][05][02]Island of Fire[06].[02]The sea around here[01]is said to be haunted[02]by some kind of[01]monster...""",134,[14][82]
AREAD111.DAT:7:37,AREAD111.DAT,7,37,"[14][80]@""They say there's a[01]powerful spirit that[01]lives on the island.[02]And it can make the[01]wind stop, or cause[01]tidal waves.[02]A lot of ships have[01]been lost here!""",155,[14][80]
AREAD111.DAT:7:38,AREAD111.DAT,7,38,"[14][02][02]""So, until the god of[01]the island changes[02]his mind and makes[01]the wind blow again,[01]we're stuck here.""",103,[14][02]
AREAD111.DAT:7:39,AREAD111.DAT,7,39,"[0C][06][14][C1]@""Spirit? God of the[01]island?[02]What do you think,[01][04]",54,
AREAD111.DAT:7:40,AREAD111.DAT,7,40,"[0C][06][14][C1]@""Excuse me, Zig?[02]Do you think we could[01]go to this island?""",64,
AREAD111.DAT:7:41,AREAD111.DAT,7,41,"[14][02][02]""Well, I don't see[01]why not, but are you[01]sure you want to?[02]I mean, you heard[01]what we said, right?[02]I don't think it's[01]exactly a safe place,[01]you know?""",152,[14][02]
AREAD111.DAT:7:42,AREAD111.DAT,7,42,"[14][02][02]""If you really want[01]to go, we can let you[01]use the dingy.[02]Iggy![01]You go with them and[01]row the boat!""",102,[14][02]
AREAD111.DAT:7:43,AREAD111.DAT,7,43,"[14][80]@""Come talk to me when[01]you're ready to go[01]to the island.[02]I'll get the dingy[01]out for you.""",92,[14][80]
AREAD111.DAT:7:44,AREAD111.DAT,7,44,"[14][03][04]""Avatar?[02]I don't sense[01]anything like[01]that...""[02][14][06][07]""Says Deis.""",65,[14][03]
AREAD111.DAT:7:45,AREAD111.DAT,7,45,"[14][02][02]""If you want to go[01]to the island, use[01]the dingy.[02]Iggy will row it for[01]you.""",79,[14][02]
AREAD111.DAT:7:48,AREAD111.DAT,7,48,"[0C][04][14][80]@""You can go ashore[01]from this cove.""",41,
AREAD111.DAT:7:49,AREAD111.DAT,7,49,"[0C][04][14][80]@""I'll wait here for[01]you.[02]Come back here when[01]you're ready to go[01]back to the ship.""",88,
AREAD111.DAT:7:53,AREAD111.DAT,7,53,"[14][80]@""Do you want to go[01]back to the Island of[01]Fire?""[12]",52,[14][80]
AREAD111.DAT:7:54,AREAD111.DAT,7,54,"[0C][05][14][07][08]""Humans bring[01]sacrifice for[01]god?""",39,
AREAD111.DAT:7:55,AREAD111.DAT,7,55,"[0C][06][14][88]A""Um...[0B]H-hello...[02]Are you, um, the Sea[01]Dragon?""",53,
AREAD111.DAT:7:56,AREAD111.DAT,7,56,"[0C][06][14][C5]@""Deis is wondering if[01]this is even one of[01]the Endless...""",63,
AREAD111.DAT:7:57,AREAD111.DAT,7,57,"[0C][06][14][03][04]""Nope...It's not one[01]of the Endless.[02]It doesn't have the[01]right feel to it.""[02][14][09][09]""Says Deis.""",97,
AREAD111.DAT:7:58,AREAD111.DAT,7,58,"[0C][05][14][07][08]""Hom? You no got[01]sacrifice?[02]You talk funny--you[01]make fun of me![02]Me kill humans!""",86,
AREAD111.DAT:7:59,AREAD111.DAT,7,59,"[0C][06][14][83][04]""When the power of[01]the Endless increases[01]in the world,[02]it begins to affect[01]creatures sensitive[02]to their aura,[01]like that one.[02]They absorb some of[01]that power, and think[01]themselves gods.""",190,
AREAD111.DAT:7:60,AREAD111.DAT,7,60,"[0C][06][14][83][04]""And since [04]",18,
AREAD111.DAT:7:61,AREAD111.DAT,7,61,It looks like it's just a[01]rock.,32,
AREAD111.DAT:7:62,AREAD111.DAT,7,62,"[14][C1]@""Looks like the[01]wind's picked up[01]again.""",44,[14][C1]
AREAD111.DAT:7:63,AREAD111.DAT,7,63,"[0C][05][14][C5]@""Deis says,""[02][14][83]D""Anything that gets[01]affected by the aura[01]of the Endless like[02]that thing back on[01]the island is nothing[01]but trouble!""",137,
AREAD111.DAT:7:65,AREAD111.DAT,7,65,"[14][03][04]""Even a simple rock[01]can gain sentience[01]and move around like[02]that if exposed to[01]the aura of the[01]Endless long enough.""[02][14]E",123,[14][03]
AREAD111.DAT:7:68,AREAD111.DAT,7,68,"[0C]!You win if you can push[01]Iggy off the mast before[01]time runs out.[02]Press the [7F] button to jump.[01]If you jump on his head, it[01]will stun him for a moment.[02]Use the [81] button to build[01]up speed to ram him![02]Do you want to read the[01]instructions again?[12][02][0C][82]Yes[01]No",251,
AREAD111.DAT:7:69,AREAD111.DAT,7,69,"[0C]!You win if you can push[01]Iggy off the mast before[01]time runs out.[02]Press the [7F] button to jump.[01]If you jump on his head, it[01]will stun him for a moment.[02]Use the [81] button to build[01]up speed to ram him![02]Do you want to read the[01]instructions again?[12][02][0C][82]Yes[01]No",251,
AREAD111.DAT:7:70,AREAD111.DAT,7,70,"[0C]!You win if you can push[01]Iggy off the mast before[01]time runs out.[02]Press the [7F] button to jump.[01]If you jump on his head, it[01]will stun him for a moment.[02]Use the [81] button to build[01]up speed to ram him![02]Do you want to read the[01]instructions again?[12][02][0C][82]Yes[01]No",251,
AREAD111.DAT:7:71,AREAD111.DAT,7,71,[0C]![10][02]        TIME BONUS![01]        [05][02][07],36,
AREAD111.DAT:7:77,AREAD111.DAT,7,77,"[14][08][01]""I can't believe how[01]salty this sea air[01]is![02]What I wouldn't give[01]for a nice hot bath!""",90,[14][08]
AREAD111.DAT:7:78,AREAD111.DAT,7,78,"[14][02][02]""We should see Lyp[01]anytime now!""",36,[14][02]
AREAD111.DAT:7:79,AREAD111.DAT,7,79,"They would lose their power,",29,
AREAD111.DAT:7:80,AREAD111.DAT,7,80,"They would lose their power,",29,
AREAD111.DAT:7:81,AREAD111.DAT,7,81,"They would lose their power,",29,
AREAD111.DAT:7:82,AREAD111.DAT,7,82,and live out their lives as[01]ordinary mortals.,46,
AREAD112.DAT:8:0,AREAD112.DAT,8,0,"[14][80]@""W...[0B]Well? How do[01]you like being so[01]high up?[02]Pretty scary, isn't[01]it? You can still[01]quit if you want to!""",109,[14][80]
AREAD112.DAT:8:1,AREAD112.DAT,8,1,"[14][80]@""W...[0B]Well? How do[01]you like being so[01]high up?[02]Pretty scary, isn't[01]it? You can still[01]quit if you want to!""",109,[14][80]
AREAD112.DAT:8:4,AREAD112.DAT,8,4,"[0C]!Dodge Iggy's attacks by[01]pressing the ~ button[01]to jump.[02]If you can knock him off[01]the mast, you win!",101,
AREAD112.DAT:8:6,AREAD112.DAT,8,6,"[14][82]B""How do you like the[01]feel of the ocean[01]breeze on your face?""",64,[14][82]
AREAD112.DAT:8:7,AREAD112.DAT,8,7,"[14][82]B""All right then,[01]what's our heading?""",41,[14][82]
AREAD112.DAT:8:9,AREAD112.DAT,8,9,"[14][82]B""The Western[01]Continent, eh?[02]Well, we can't take[01]you there directly[01]by ship.""",80,[14][82]
AREAD112.DAT:8:10,AREAD112.DAT,8,10,"[14][82]B""But we can take you[01]to one of the islands[01]close by.[02]I've heard you can[01]walk over the tidal[02]flats from there to[01]the mainland.[02]I don't know if it's[01]true or not, but you[02]should be able to[01]find some way there.",210,[14][82]
AREAD112.DAT:8:11,AREAD112.DAT,8,11,"[14][82]B""It'll take us a few[01]days to get there,[02]so sit back, relax[01]and enjoy the trip!""",83,[14][82]
AREAD112.DAT:8:12,AREAD112.DAT,8,12,"[14][80]@""All clear!""",16,[14][80]
AREAD112.DAT:8:13,AREAD112.DAT,8,13,"[14][01][01]""It sure feels good[01]to be out on the[01]ocean like this,[02]doesn't it, [04]",71,[14][01]
AREAD112.DAT:8:18,AREAD112.DAT,8,18,"[0C][05][14][04][05]""There's something[01]chasing after us...[02]It looks like it's[01]hitting the ship.""",82,
AREAD112.DAT:8:19,AREAD112.DAT,8,19,"[0C][04][14][82]B""A whale?...Dolphin?[02]No, it's too[01]small...[01]What is that!?""",64,
AREAD112.DAT:8:20,AREAD112.DAT,8,20,"[0C][05][14][05][06]""Ha ha ha ha![02]Did you think I was[01]going to give up that[01]easily!?[02]It takes more than[01]that to get rid of[01]Kahn!""",115,
AREAD112.DAT:8:21,AREAD112.DAT,8,21,"[0C][05][14][05][06]""You may have beaten[01]me before, but if you[02]think I'm the same[01]man you've fought[01]in the past,[02]you're in for a big[01]surprise![02]Hrraaaarrrrh![01]Defend yourselves!""",162,
AREAD112.DAT:8:22,AREAD112.DAT,8,22,"[0C][8B][14][05][06]""Waaaaah!""[13]0[0C][03][14]A",22,
AREAD112.DAT:8:24,AREAD112.DAT,8,24,"[0C][02][14][82]B""He came to us a[01]while back, saying he[02]wanted to learn how[01]to be a sailor...[02]But as you can see,[01]all he was interested[02]in was getting into[01]fights.""",153,
AREAD112.DAT:8:25,AREAD112.DAT,8,25,"[0C][02][14][82]B""Getting whalloped by[01]you is just what he[02]needed, if you ask[01]me.""",71,
AREAD112.DAT:8:26,AREAD112.DAT,8,26,"[0C][02][14][82]B""I wouldn't worry[01]about him...[02]One of the dolphins[01]will probably help[02]him and take him[01]back to town...""",109,
AREAD112.DAT:8:27,AREAD112.DAT,8,27,"And so, for some time after[01]that,",34,
AREAD112.DAT:8:28,AREAD112.DAT,8,28,our ocean voyage,17,
AREAD112.DAT:8:29,AREAD112.DAT,8,29,continued without incident.,28,
AREAD112.DAT:8:31,AREAD112.DAT,8,31,"[14][02][02]""I wish I could tell[01]you there's nothing[01]to worry about,[02]but the wind's[01]stopped.[02]It shouldn't have,[01]though...Not here.""",123,[14][02]
AREAD112.DAT:8:33,AREAD112.DAT,8,33,"[0C][02][14][C1]@""Zig! I can see an[01]island ahead!""",39,
AREAD112.DAT:8:34,AREAD112.DAT,8,34,"[0C][06][14][80]@""Island? You[01]mean...?""",28,
AREAD112.DAT:8:35,AREAD112.DAT,8,35,"[14][02][02]""Yep...It looks like[01]we ended up exactly[02]where we don't want[01]to be...[02]Blast! How could[01]I have let this[01]happen!?""",116,[14][02]
AREAD112.DAT:8:36,AREAD112.DAT,8,36,"[14][82][02]""We've come close to[01]an island called the[01][05][02]Island of Fire[06].[02]The sea around here[01]is said to be haunted[02]by some kind of[01]monster...""",134,[14][82]
AREAD112.DAT:8:37,AREAD112.DAT,8,37,"[14][80]@""They say there's a[01]powerful spirit that[01]lives on the island.[02]And it can make the[01]wind stop, or cause[01]tidal waves.[02]A lot of ships have[01]been lost here!""",155,[14][80]
AREAD112.DAT:8:38,AREAD112.DAT,8,38,"[14][02][02]""So, until the god of[01]the island changes[02]his mind and makes[01]the wind blow again,[01]we're stuck here.""",103,[14][02]
AREAD112.DAT:8:39,AREAD112.DAT,8,39,"[0C][06][14][C1]@""Spirit? God of the[01]island?[02]What do you think,[01][04]",54,
AREAD112.DAT:8:40,AREAD112.DAT,8,40,"[0C][06][14][C1]@""Excuse me, Zig?[02]Do you think we could[01]go to this island?""",64,
AREAD112.DAT:8:41,AREAD112.DAT,8,41,"[14][02][02]""Well, I don't see[01]why not, but are you[01]sure you want to?[02]I mean, you heard[01]what we said, right?[02]I don't think it's[01]exactly a safe place,[01]you know?""",152,[14][02]
AREAD112.DAT:8:42,AREAD112.DAT,8,42,"[14][02][02]""If you really want[01]to go, we can let you[01]use the dingy.[02]Iggy![01]You go with them and[01]row the boat!""",102,[14][02]
AREAD112.DAT:8:43,AREAD112.DAT,8,43,"[14][80]@""Come talk to me when[01]you're ready to go[01]to the island.[02]I'll get the dingy[01]out for you.""",92,[14][80]
AREAD112.DAT:8:44,AREAD112.DAT,8,44,"[14][03][04]""Avatar?[02]I don't sense[01]anything like[01]that...""[02][14][06][07]""Says Deis.""",65,[14][03]
AREAD112.DAT:8:45,AREAD112.DAT,8,45,"[14][02][02]""If you want to go[01]to the island, use[01]the dingy.[02]Iggy will row it for[01]you.""",79,[14][02]
AREAD112.DAT:8:48,AREAD112.DAT,8,48,"[0C][04][14][80]@""You can go ashore[01]from this cove.""",41,
AREAD112.DAT:8:49,AREAD112.DAT,8,49,"[0C][04][14][80]@""I'll wait here for[01]you.[02]Come back here when[01]you're ready to go[01]back to the ship.""",88,
AREAD112.DAT:8:53,AREAD112.DAT,8,53,"[14][80]@""Do you want to go[01]back to the Island of[01]Fire?""[12]",52,[14][80]
AREAD112.DAT:8:54,AREAD112.DAT,8,54,"[0C][05][14][07][08]""Humans bring[01]sacrifice for[01]god?""",39,
AREAD112.DAT:8:55,AREAD112.DAT,8,55,"[0C][06][14][88]A""Um...[0B]H-hello...[02]Are you, um, the Sea[01]Dragon?""",53,
AREAD112.DAT:8:56,AREAD112.DAT,8,56,"[0C][06][14][C5]@""Deis is wondering if[01]this is even one of[01]the Endless...""",63,
AREAD112.DAT:8:57,AREAD112.DAT,8,57,"[0C][06][14][03][04]""Nope...It's not one[01]of the Endless.[02]It doesn't have the[01]right feel to it.""[02][14][09][09]""Says Deis.""",97,
AREAD112.DAT:8:58,AREAD112.DAT,8,58,"[0C][05][14][07][08]""Hom? You no got[01]sacrifice?[02]You talk funny--you[01]make fun of me![02]Me kill humans!""",86,
AREAD112.DAT:8:59,AREAD112.DAT,8,59,"[0C][06][14][83][04]""When the power of[01]the Endless increases[01]in the world,[02]it begins to affect[01]creatures sensitive[02]to their aura,[01]like that one.[02]They absorb some of[01]that power, and think[01]themselves gods.""",190,
AREAD112.DAT:8:60,AREAD112.DAT,8,60,"[0C][06][14][83][04]""And since [04]",18,
AREAD112.DAT:8:61,AREAD112.DAT,8,61,It looks like it's just a[01]rock.,32,
AREAD112.DAT:8:62,AREAD112.DAT,8,62,"[14][C1]@""Looks like the[01]wind's picked up[01]again.""",44,[14][C1]
AREAD112.DAT:8:63,AREAD112.DAT,8,63,"[0C][05][14][C5]@""Deis says,""[02][14][83]D""Anything that gets[01]affected by the aura[01]of the Endless like[02]that thing back on[01]the island is nothing[01]but trouble!""",137,
AREAD112.DAT:8:65,AREAD112.DAT,8,65,"[14][03][04]""Even a simple rock[01]can gain sentience[01]and move around like[02]that if exposed to[01]the aura of the[01]Endless long enough.""[02][14]E",123,[14][03]
AREAD112.DAT:8:68,AREAD112.DAT,8,68,"[0C]!You win if you can push[01]Iggy off the mast before[01]time runs out.[02]Press the [7F] button to jump.[01]If you jump on his head, it[01]will stun him for a moment.[02]Use the [81] button to build[01]up speed to ram him![02]Do you want to read the[01]instructions again?[12][02][0C][82]Yes[01]No",251,
AREAD112.DAT:8:69,AREAD112.DAT,8,69,"[0C]!You win if you can push[01]Iggy off the mast before[01]time runs out.[02]Press the [7F] button to jump.[01]If you jump on his head, it[01]will stun him for a moment.[02]Use the [81] button to build[01]up speed to ram him![02]Do you want to read the[01]instructions again?[12][02][0C][82]Yes[01]No",251,
AREAD112.DAT:8:70,AREAD112.DAT,8,70,"[0C]!You win if you can push[01]Iggy off the mast before[01]time runs out.[02]Press the [7F] button to jump.[01]If you jump on his head, it[01]will stun him for a moment.[02]Use the [81] button to build[01]up speed to ram him![02]Do you want to read the[01]instructions again?[12][02][0C][82]Yes[01]No",251,
AREAD112.DAT:8:71,AREAD112.DAT,8,71,[0C]![10][02]        TIME BONUS![01]        [05][02][07],36,
AREAD112.DAT:8:77,AREAD112.DAT,8,77,"[14][08][01]""I can't believe how[01]salty this sea air[01]is![02]What I wouldn't give[01]for a nice hot bath!""",90,[14][08]
AREAD112.DAT:8:78,AREAD112.DAT,8,78,"[14][02][02]""We should see Lyp[01]anytime now!""",36,[14][02]
AREAD112.DAT:8:79,AREAD112.DAT,8,79,"They would lose their power,",29,
AREAD112.DAT:8:80,AREAD112.DAT,8,80,"They would lose their power,",29,
AREAD112.DAT:8:81,AREAD112.DAT,8,81,"They would lose their power,",29,
AREAD112.DAT:8:82,AREAD112.DAT,8,82,and live out their lives as[01]ordinary mortals.,46,
AREAD114.DAT:8:0,AREAD114.DAT,8,0,"[14][C2]@""So what you're[01]saying is...[02]That was all yours[01]to begin with?""",67,[14][C2]
AREAD114.DAT:8:1,AREAD114.DAT,8,1,"[14][C2]@""So what you're[01]saying is...[02]That was all yours[01]to begin with?""",67,[14][C2]
AREAD114.DAT:8:6,AREAD114.DAT,8,6,[0C]!Do you want to read the[01]instructions?[12],41,
AREAD114.DAT:8:7,AREAD114.DAT,8,7,"[0C]![01]     Catch the Thief![02]To catch the thief, get[01]close to him and press the[01]~ button.[02]He's fast and hard to[01]catch. Try blocking the[01]passageways![02]Do you want to read the[01]instructions again?[12]",190,
AREAD114.DAT:8:37,AREAD114.DAT,8,37,"Stoll the Thief[01]""Don't think I know[01]you...[02]I'd appreciate it[01]if you didn't hang[01]around here, OK?""",98,
AREAD115.DAT:9:0,AREAD115.DAT,9,0,"[14][C6]@""How...By what means[01]didst thou find us?""",45,[14][C6]
AREAD115.DAT:9:1,AREAD115.DAT,9,1,"[14][C6]@""How...By what means[01]didst thou find us?""",45,[14][C6]
AREAD115.DAT:9:4,AREAD115.DAT,9,4,"[14][81]A""T'would appear...[02]That thou wouldst not[01]have us enter the[02]Capital by any[01]persuasion.""",90,[14][81]
AREAD115.DAT:9:7,AREAD115.DAT,9,7,"[14][C6]@""While 'tis true that[01]we have recovered but[02]a portion of our[01]power...""",74,[14][C6]
AREAD115.DAT:9:8,AREAD115.DAT,9,8,"[14][C6]@""Thou should knowest[01]that thee, a mere[01]mortal,[02]poseth no danger to[01]us.[02]One such as I cannot[01]be vanquished by one[01]such as thee.""",131,[14][C6]
AREAD115.DAT:9:12,AREAD115.DAT,9,12,"[0C][06][14][C6]@""Verily...Though I[01]woulst fane admit it,[01]thou speakest truly.[02]My path then is[01]clear--[02]I must hasten to the[01]capital ere thou[01]findeth him!""",143,
AREAD116.DAT:8:5,AREAD116.DAT,8,5,"[0C][04][14][01][01]""Then w...I am in[01]your debt...Bunyan,[01]yes?""",49,
AREAD116.DAT:8:13,AREAD116.DAT,8,13,"[0C][06][14][C6]@""Thank you for your[01]caring ministrations,[01]Bunyan.[02]The time has come[01]for me to quit this[01]place.""",101,
AREAD116.DAT:8:17,AREAD116.DAT,8,17,"[0C][06][14][C6]@""Thou...wert a[01]soldier?""",30,
AREAD116.DAT:8:20,AREAD116.DAT,8,20,"[0C][06][14][81]A""The mortals...[02]They understand[01]not...""",45,
AREAD116.DAT:8:21,AREAD116.DAT,8,21,"[0C][06][14][C6]@""Forgive me...I[01]merely spoke aloud[01]mine thoughts.[02]Farewell.""",66,
AREAD116.DAT:8:23,AREAD116.DAT,8,23,It looks like you could[01]rest here...[12][8B][0C][93]Rest[01]Diary[01]Never mind,62,
AREAD117.DAT:14:0,AREAD117.DAT,14,0,"[14][80]@""Who goes there!?""",22,[14][80]
AREAD117.DAT:14:1,AREAD117.DAT,14,1,"[14][80]@""Who goes there!?""",22,[14][80]
AREAD117.DAT:14:2,AREAD117.DAT,14,2,"[14][80]@""Who dares enter the[01]sacred resting place[01]of my master?""",60,[14][80]
AREAD117.DAT:14:3,AREAD117.DAT,14,3,"[14][80]@""Wait...Thou also[01]are one of The[01]Endless...?""",49,[14][80]
AREAD117.DAT:14:4,AREAD117.DAT,14,4,"[14][80]@""No matter! No one,[02]nay e'en though they[01]be brother to my[01]master,[02]may be allowed[01]entrance!""",95,[14][80]
AREAD117.DAT:14:5,AREAD117.DAT,14,5,Do you want to go up?[12],23,
AREAD117.DAT:14:6,AREAD117.DAT,14,6,Do you want to go down?[12][01][0C][82]Yes[01]No,34,
AREAD117.DAT:14:7,AREAD117.DAT,14,7,"Ye who wouldst walk the[01]path, seek ye first the[01]key",52,
AREAD117.DAT:14:11,AREAD117.DAT,14,11,Where do you want to go?[12][02][0C][93]Move ahead[01]Go up[01]Never mind,56,
AREAD117.DAT:14:12,AREAD117.DAT,14,12,Where do you want to go?[12][02][0C][93]Move ahead[01]Go up[01]Never mind,56,
AREAD117.DAT:14:13,AREAD117.DAT,14,13,What do you want to do?[12][03][0C][92]Go to Emperor's Tomb[01]Never mind,59,
AREAD117.DAT:14:16,AREAD117.DAT,14,16,"[10][02]Standing in front of a[01][05][02]switch[06] causes the floor to[01]light up.[02]You can push a cube forward[01]by pressing the ~ button,[02]and push it back by[01]pressing the [7F] button.[02]Line three blocks of the[01]same color up to create[01]a path.",219,
AREAD117.DAT:14:18,AREAD117.DAT,14,18,Beware the [05][02]Red Eye[06]...,25,
AREAD119.DAT:8:0,AREAD119.DAT,8,0,"[0C][04][14][80]@""Not only do you[01]sneak into the[01]Empire--[02]with whom we[01]currently have a[01]truce, I might add--[02]but you are caught[01]doing so and[01]deported.[02]I ask you, is this[01]conduct becoming[01]of a warrior,[02]one who claims to[01]lead the mighty[01]Woren nation!?""",239,
AREAD119.DAT:8:1,AREAD119.DAT,8,1,"[0C][04][14][80]@""Not only do you[01]sneak into the[01]Empire--[02]with whom we[01]currently have a[01]truce, I might add--[02]but you are caught[01]doing so and[01]deported.[02]I ask you, is this[01]conduct becoming[01]of a warrior,[02]one who claims to[01]lead the mighty[01]Woren nation!?""",239,
AREAD119.DAT:8:3,AREAD119.DAT,8,3,"[0C][04][14][80]@""Do you have any idea[01]what your rash,[02]thoughtless actions[01]will cost us and the[01]entire Alliance[02]in our dealings with[01]the Empire? Do you!?""",143,
AREAD119.DAT:8:5,AREAD119.DAT,8,5,"[0C][03][14][01][01]""But how can you just[01]sit there like that,[02]when a member of one[01]of the Alliance's[01]royal families...[02][14][02][01]When Elina has been[01]kidnapped by the[01]Empire!?""",155,
AREAD119.DAT:8:6,AREAD119.DAT,8,6,"[0C][04][14][80]@""We have a greater[01]responsibility to[01]protect the members[02]of the entire[01]Alliance![02]We can't afford to[01]worry ourselves over[02]one person, even if[01]she is a princess!""",166,
AREAD119.DAT:8:7,AREAD119.DAT,8,7,"[14][03][02]""I'm sorry, but this[01]area is being used[02]for the inquiry of[01]Chief [04][02].[02]No one is allowed[01]entry.""",98,[14][03]
AREAD119.DAT:8:8,AREAD119.DAT,8,8,"[14][04][03]""I have vital[01]information[01]regarding [04][02]![02]It's about the[01][09][01][01]...""[15][09]",68,[14][04]
AREAD119.DAT:8:9,AREAD119.DAT,8,9,"[0C][04][14][80]@""The [09][01][01]?[01]Why, it's right[01]here!""",38,
AREAD119.DAT:8:10,AREAD119.DAT,8,10,"[0C][06][14][80]@""It was just returned[01]to us by the Empire.""",49,
AREAD119.DAT:8:11,AREAD119.DAT,8,11,"[0C][06][14][80]@""In exchange for its[01]return...[02]They have made[01]several difficult[01]demands to us...[02]Among them, changes[01]to our treaty--[02]changes that we have[01]little choice but to[01]accept!""",173,
AREAD119.DAT:8:12,AREAD119.DAT,8,12,"[0C][03][14][04][03]""But...My sister...[01]We were going to...""",46,
AREAD119.DAT:8:13,AREAD119.DAT,8,13,"[0C][06][14][80]@""Silence![02]This is no longer a[01]matter you need[02]concern yourself[01]with.""",75,
AREAD119.DAT:8:15,AREAD119.DAT,8,15,"[0C][03][14][04][03]""Oh, [04][02]...""",17,
AREAD119.DAT:8:16,AREAD119.DAT,8,16,"[0C][03][14][05][04]""[04][03]! Can't you[01]keep your eye on[01]them!?[02]You let them go off[01]and make a fake sword[01]like that...[02]What were you[01]thinking!?""",125,
AREAD119.DAT:8:17,AREAD119.DAT,8,17,"[0C][06][14][C3]@""You said to w...[01]w...""",29,
AREAD119.DAT:8:18,AREAD119.DAT,8,18,"[0C][06][14][C3]@""To watch them...[02]You didn't say[01]anything about[01]s-stopping them.",70,
AREAD119.DAT:8:19,AREAD119.DAT,8,19,"[0C][03][14][05][04]""Grr....[02]The next time they[01]try to do something,[02]let me know[01]immediately![01]Understand?""",92,
AREAD119.DAT:8:20,AREAD119.DAT,8,20,"[0C][02][14][03][02]""The prisoner is[01]currently under[01]investigation.[02]No visitors are[01]allowed!""",79,
AREAD119.DAT:8:21,AREAD119.DAT,8,21,"[0C][03][14][85]D""I'm afraid that's[01]the way it has to be,[01]Princess [04][01].""",60,
AREAD119.DAT:8:22,AREAD119.DAT,8,22,"[0C][03][14][85]D""Master [04][02] is[01]the leader of the[01]Woren nation...[02]Unlike you, he must[01]be kept under strict[01]guard.""",102,
AREAD119.DAT:8:23,AREAD119.DAT,8,23,"[0C][06][14][85]D""I'm sorry, but I'm[01]afraid I'll have to[01]ask you to leave.[02][04][03], keep your[01]eye on them!""",91,
AREAD119.DAT:8:24,AREAD119.DAT,8,24,"[14][03][02]""I'm sorry, but I[01]cannot allow you[01]to pass.""[02][14][FF][FF][14][86]E""It may take several[01]days to finish the[02]inquiry into Chief[01][04][02]'s actions.[02]You should wait in[01]your room in the[01]city.""",170,[14][03]
AREAD119.DAT:8:25,AREAD119.DAT,8,25,"[14][86]E""It may take several[01]days to finish the[02]inquiry into Chief[01][04][02]'s actions.[02]You should wait in[01]your room in the[01]city.""",119,[14][86]
AREAD119.DAT:8:26,AREAD119.DAT,8,26,"[14][03][02]""I just can't[01]understand what[01]they're thinking![02]I mean, after all,[01]the prince's fiancee[01]is missing, right?[02]How can he just sit[01]there like that?""",148,[14][03]
AREAD119.DAT:8:27,AREAD119.DAT,8,27,"[14][86]E""Makes you feel sorry[01]for [04][02], doesn't[01]it?""",46,[14][86]
AREAD119.DAT:8:28,AREAD119.DAT,8,28,"[14][03][02]""I'm sorry, but I[01]can't let you pass.""",42,[14][03]
AREAD119.DAT:8:29,AREAD119.DAT,8,29,"[14][C1]@""He certainly is[01]keeping an eye on[01]us, isn't he?""",53,[14][C1]
AREAD119.DAT:8:30,AREAD119.DAT,8,30,"[14][84]C""I suppose it[01]wouldn't do much[02]good talking to[01]him, would it?""",66,[14][84]
AREAD119.DAT:8:31,AREAD119.DAT,8,31,"[14][86]E""Nnnn....zzzz...[0B][01]fuwaaahhh...""",35,[14][86]
AREAD119.DAT:8:32,AREAD119.DAT,8,32,[0C]      Defeat the [05][02]Guards[06]![02]You only have [05][02]1 turn[06] before[01]the guards call for help![02]Use combo attacks to[01]defeat them quickly!,128,
AREAD119.DAT:8:33,AREAD119.DAT,8,33,"[14][07][02]""Uuhhhh...Ow...""",20,[14][07]
AREAD119.DAT:8:34,AREAD119.DAT,8,34,"[14][07][02]""[0D][0F][02]Uh[0E] oh![02]Intruders!""",27,[14][07]
AREAD119.DAT:8:35,AREAD119.DAT,8,35,"[14][03][02]""uhhh...""",13,[14][03]
AREAD119.DAT:8:36,AREAD119.DAT,8,36,"[14][03][02]""[0D][0F][02]Wh[0E]-whoa![02]Help!""",24,[14][03]
AREAD119.DAT:8:37,AREAD119.DAT,8,37,"[14][03][02]""[0D][0F][08]Zzzzzz[0E]...""",19,[14][03]
AREAD119.DAT:8:38,AREAD119.DAT,8,38,"[14][03][02]""[0D][0F][02]Y[0E]-yikes![02]Somebody! Help!""",34,[14][03]
AREAD119.DAT:8:39,AREAD119.DAT,8,39,"[14][03][02]""Zzz...zzz...[0B]zzz...""",25,[14][03]
AREAD119.DAT:8:40,AREAD119.DAT,8,40,"[14][C1]@""Aren't you going to[01]try and stop us,[01][04][03]?""",46,[14][C1]
AREAD119.DAT:8:42,AREAD119.DAT,8,42,"[14][C1]@""...[0B]...[0B][02][14][FF][FF][14][88]CThank you, [04][03].[01]I guess you're one[01]of the good guys.""",72,[14][C1]
AREAD119.DAT:8:43,AREAD119.DAT,8,43,"[14][03][02]""Looks like some of[01]the members of the[02]Alliance are[01]quarreling...[02]If a war starts now,[01]we might be in[01]trouble.""",115,[14][03]
AREAD119.DAT:8:44,AREAD119.DAT,8,44,"[14][86]E""There's a lot going[01]on right now...[02]I'm afraid I can't[01]let you pass.""",74,[14][86]
AREAD119.DAT:8:45,AREAD119.DAT,8,45,"[14][03][02][14][86]E""Entry into[01]the castle is[01]prohibited!""",45,[14][03]
AREAD123.DAT:8:0,AREAD123.DAT,8,0,"""We get the power we need[01]to operate this lift from[01]all the windmills.""",72,
AREAD123.DAT:8:1,AREAD123.DAT,8,1,"""We get the power we need[01]to operate this lift from[01]all the windmills.""",72,
AREAD123.DAT:8:2,AREAD123.DAT,8,2,"""Quite a view, isn't it?[02]If you're lucky, you might[01]even see the Wind Dragon[01]flying from here.""",96,
AREAD123.DAT:8:3,AREAD123.DAT,8,3,"""Don't people get scared[01]living so high up?""",45,
AREAD123.DAT:8:4,AREAD123.DAT,8,4,"""We Wyndians are not afraid[01]of height.[02]On the contrary, we love[01]high places.""",78,
AREAD123.DAT:8:5,AREAD123.DAT,8,5,"""I ain't afraid of[01]heights!""",29,
AREAD123.DAT:8:6,AREAD123.DAT,8,6,"""This is the dungeon.[01]There's not much of[01]interest here to see.""",65,
AREAD123.DAT:8:7,AREAD123.DAT,8,7,"""Ah, Princess Elina![02]And Princess [04][01]![02]They are both so[01]beautiful![02]What would I do if both of[01]them were to profess their[01]love for me?[02]How could I choose between[01]them!?""",168,
AREAD123.DAT:8:8,AREAD123.DAT,8,8,"""I'm sorry, but ordinary[01]citizens are not allowed[01]past this point.""",68,
AREAD123.DAT:8:9,AREAD123.DAT,8,9,"""I'm sorry, but ordinary...[02]...Princess [04][01]!?""",46,
AREAD123.DAT:8:10,AREAD123.DAT,8,10,"""Orinary citizens are[01]not...[0B]Huh?[02]Princess [04][01]!""",48,
AREAD123.DAT:8:11,AREAD123.DAT,8,11,"""It's good to have you[01]back, Princess [04][01]!""",43,
AREAD123.DAT:8:12,AREAD123.DAT,8,12,"""Welcome home, Princess[01][04][01]!""",29,
AREAD123.DAT:8:13,AREAD123.DAT,8,13,"""The King is waiting for[01]you.""",31,
AREAD123.DAT:8:14,AREAD123.DAT,8,14,"""Everyone has been worried[01]about you.""",39,
AREAD123.DAT:8:15,AREAD123.DAT,8,15,"""His Majesty the King, as[01]well as all of us, was[02]eagerly awaiting the[01]Princess' safe return.""",94,
AREAD123.DAT:8:16,AREAD123.DAT,8,16,"""I'm so glad the Princess[01]is back!""",36,
AREAD123.DAT:8:17,AREAD123.DAT,8,17,"""This is the King's[01]audience chamber.[01]Please withdraw.""",56,
AREAD123.DAT:8:18,AREAD123.DAT,8,18,"""It...[0B]It's Princess[01][04][01]!""",26,
AREAD123.DAT:8:19,AREAD123.DAT,8,19,"""Go on in,[01]Princess--you[02]can see the King anytime!""",52,
AREAD123.DAT:8:20,AREAD123.DAT,8,20,"""Who are you?""",15,
AREAD123.DAT:8:21,AREAD123.DAT,8,21,"""Princess [04][01]! We[01]weren't aware you'd[01]returned!""",48,
AREAD123.DAT:8:22,AREAD123.DAT,8,22,"""Does this mean Princess[01]Elina isn't coming back?""",51,
AREAD123.DAT:8:23,AREAD123.DAT,8,23,"""Nothing to report!""",21,
AREAD123.DAT:8:24,AREAD123.DAT,8,24,"""Strategy sessions were[01]held every day here during[01]the war.[02]I'm just glad the war's[01]over with! I hope we[01]never have another one!""",130,
AREAD123.DAT:8:25,AREAD123.DAT,8,25,"""No one can pass this point[01]without permission from the[01]King.""",63,
AREAD123.DAT:8:26,AREAD123.DAT,8,26,"[0C][04][14][80]@""I didn't know what[01]to think when I[01]received word from[02]Ludia that you'd[01]been captured.""",93,
AREAD123.DAT:8:27,AREAD123.DAT,8,27,"[0C][04][14][80]@""What was I supposed[01]to think?[02]My daughter goes out[01]in search of her[01]missing sister,[02]only to be caught[01]trespassing in enemy[01]territory...[02]How did this happen?""",164,
AREAD123.DAT:8:28,AREAD123.DAT,8,28,"[0C][06][14][C2]@""I beg your[01]forgiveness,[01]Majesty.[02]It's all my fault.[01]If it hadn't been[01]for me...""",87,
AREAD123.DAT:8:30,AREAD123.DAT,8,30,"[0C][04][14][80]@""As you have probably[01]discovered for[01]yourself,[02]our neighbor and[01]supposed ally[01]Ludia is more worried[02]about their relations[01]with the Empire than[02]in helping me search[01]for my daughter.""",187,
AREAD123.DAT:8:32,AREAD123.DAT,8,32,"[0C][04][14][80]@""So, what do you[01]intend to do now?[02]Sooner or later, the[01]Ludians are bound to[02]discover you are[01]here.[02]We will of course do[01]everything we can to[01]protect you...""",163,
AREAD123.DAT:8:35,AREAD123.DAT,8,35,"[0C][06][14][80]@""I see...But...[02]Even though I am king[01]of Wyndia, I have no[02]control over the[01]dragon...You know[01]that.""",106,
AREAD123.DAT:8:37,AREAD123.DAT,8,37,"[0C][06][14][80]@""Hmmm...I see...[01]Very well.[02]Go to the woods east[01]of here.[02]There, you will find[01]the [05][02]Oracle of Wind[06],[02]a priestess who[01]serves the Wind[01]Dragon.""",148,
AREAD123.DAT:8:38,AREAD123.DAT,8,38,"[0C][06][14][80]@""I shall inform her[01]you are coming.[02]Rest tonight--you can[01]begin your journey in[01]the morning.""",99,
AREAD123.DAT:8:39,AREAD123.DAT,8,39,"[14][80]@""The Oracle lives in[01]the forest to the[01]east of Wyndia.[02]Don't worry--should[01]the Ludians enquire[01]about you,[02]we will think of[01]something to distract[01]them.""",155,[14][80]
AREAD123.DAT:8:40,AREAD123.DAT,8,40,"""The King has been put into[01]a most difficult position...[02]On the one hand, he has to[01]protect his daughter,[01]Princess [04][01],[02]and on the other he has[01]to maintain our relations[01]with Ludia.""",182,
AREAD123.DAT:8:41,AREAD123.DAT,8,41,"""I pity the poor King...[02]Although he is concerned[01]about Princess Elina more[01]than anyone,[02]he does not discuss the[01]matter with anyone in[01]public.[02]It breaks my heart to[01]look at him...""",181,
AREAD123.DAT:8:43,AREAD123.DAT,8,43,"""The [09][07][05] is an[01]ancient holy relic, needed[01]to enter the Tower of Wind,[02]which is sacred to the[01]Wind Dragon.[02]It is kept in a safe place[01][05][02]beneath the castle[06].""",157,
AREAD123.DAT:8:44,AREAD123.DAT,8,44,"""P'ung Ryong, the Wind[01]Dragon, is unusual among[01]his kind in that he still[02]interacts with mortals and[01]speaks to them from time[01]to time.""",136,
AREAD123.DAT:8:46,AREAD123.DAT,8,46,"""I was told you'd be[01]coming. Good luck!""",41,
AREAD123.DAT:8:47,AREAD123.DAT,8,47,"""I hear the Tower of Wind[01]is even higher than the[01]castle![02]I'd love to go there,[01]just once!""",92,
AREAD123.DAT:8:48,AREAD123.DAT,8,48,"""The Oracle of Wind has[01]lived in the Kasq Woods[02]for as long as anyone can[01]remember...[02]She hardly ever leaves[01]except to speak with the[01]Wind Dragon.""",148,
AREAD123.DAT:8:50,AREAD123.DAT,8,50,"""We have heard reports that[01]Ludian troops have been[01]seen near the castle.[02]You must hurry, before they[01]find out you are here!""",126,
AREAD123.DAT:8:51,AREAD123.DAT,8,51,"""The last time the Oracle[01]came to the castle was when[01]Princess [04][01] was born.""",77,
AREAD123.DAT:8:52,AREAD123.DAT,8,52,"""They say that the only[01]way to see the Wind[01]Dragon close up is to go[02]even higher than the Tower[01]of Wind to the north.[02]But how can anyone do[01]that?""",147,
AREAD123.DAT:8:53,AREAD123.DAT,8,53,"""Princess Elina is engaged[01]to marry the Prince of[01]Ludia...[02]Princess [04][01] is next in[01]line to the throne...[02]Which should I chose--[01]a love that is wrong,[01]or a love that cannot be?""",176,
AREAD123.DAT:8:54,AREAD123.DAT,8,54,"""Wait...If Princess [04][01][01]and I are joined together,[02]that means I will one day[01]be King of Wyndia...[02]Will I be able to handle[01]the responsibility?""",143,
AREAD123.DAT:8:55,AREAD123.DAT,8,55,"""If I marry Princess Elina,[01]that means the entire[02]country of Ludia will be out[01]to get us...[02]Will I be able to protect[01]her from them?""",134,
AREAD123.DAT:8:58,AREAD123.DAT,8,58,"[14][80]@""Hmmm...[02]The other half of the[01]First Emperor, you[01]say?[02]I understand now why[01]both Ludia and the[02]Empire were looking[01]for you![02]You carry a heavy[01]burden...I wish you[01]the best of luck.""",184,[14][80]
AREAD123.DAT:8:59,AREAD123.DAT,8,59,"[14][80]@""Hmmm...[02]The other half of the[01]First Emperor, you[01]say?[02]I understand now why[01]both Ludia and the[02]Empire were looking[01]for you![02]You carry a heavy[01]burden...I wish you[01]the best of luck.""",184,[14][80]
AREAD123.DAT:8:60,AREAD123.DAT,8,60,"[14][80]@""[04][01]...[02]There is little I can[01]do for you now.[02]You have grown much,[01]my daughter.[02]You are strong enough[01]to fight your own[01]battles now.[02]I am very proud of[01]you!""",160,[14][80]
AREAD123.DAT:8:61,AREAD123.DAT,8,61,"""When you did not return,[01]we began to worry.[02]Were you able to meet the[01]Wind Dragon?""",85,
AREAD123.DAT:8:62,AREAD123.DAT,8,62,"""I know what His Majesty[01]the King said, but I also[01]know that in his heart,[02]he still worries about you,[01]Princess. Watch yourself,[01]and return home soon!""",152,
AREAD123.DAT:8:63,AREAD123.DAT,8,63,"""Please take good care of[01]Princess [04][01]!""",40,
AREAD123.DAT:8:64,AREAD123.DAT,8,64,"""Princess Elina still has[01]not returned...[02]I only pray nothing happens[01]to Princess [04][01]...!""",90,
AREAD123.DAT:8:65,AREAD123.DAT,8,65,"""We don't know when they'll[01]return, but we work hard to[02]make sure both Princesses'[01]rooms are clean and tidy.""",110,
AREAD123.DAT:8:66,AREAD123.DAT,8,66,"""Those dragons are strange[01]creatures, aren't they?[02]I mean, look at the Wind[01]Dragon--how can something[01]so big fly like that?""",125,
AREAD123.DAT:8:67,AREAD123.DAT,8,67,"""Maybe those Ludians have[01]finally given up...[02]We haven't seen any around[01]here for a while now.""",96,
AREAD123.DAT:8:68,AREAD123.DAT,8,68,"""The King seems so lonely[01]lately...[02]I think he misses eating[01]dinner with his daughters.""",89,
AREAD123.DAT:8:69,AREAD123.DAT,8,69,"""The King seems so lonely[01]lately...[02]I think he misses eating[01]dinner with his daughters.""",89,
AREAD123.DAT:8:70,AREAD123.DAT,8,70,"""Back again? Anything I can[01]do for you?""",41,
AREAD123.DAT:8:71,AREAD123.DAT,8,71,"""If I marry Princess[01][04][01], all of this...The[01]town, the people...[02]All of it will be mine![01]Ha ha...Bwah ha ha ha ha!""",114,
AREAD123.DAT:8:72,AREAD123.DAT,8,72,"""You went to the Tower of[01]Wind?[02]What did you think of it?[01]Pretty tall, isn't it?[02]I wish I could've gone[01]with you...""",117,
AREAD123.DAT:8:73,AREAD123.DAT,8,73,"""Let me rest for just a[01]minute...The air up here's[01]so thin...Whew!""",68,
AREAD123.DAT:8:74,AREAD123.DAT,8,74,"""It powers the lifts,[01]brings water up here...[02]Isn't it amazing what the[01]power of wind can do?""",95,
AREAD123.DAT:8:75,AREAD123.DAT,8,75,"""You probably already know[01]this, but this is the way[01]to the dungeons.""",71,
AREAD123.DAT:8:76,AREAD123.DAT,8,76,"""The air is fresh and[01]clean, and the scenery[01]is so beautiful...[02]I could stay here[01]forever!""",92,
AREAD123.DAT:8:80,AREAD123.DAT,8,80,"""I pay little attention to[01]what doesn't affect Wyndia,[02]but even I can tell that[01]the world is changing...""",106,
AREAD123.DAT:8:81,AREAD123.DAT,8,81,"""I pay little attention to[01]what goes on outside the[01]castle,[02]but even I can tell that[01]the world is changing...""",111,
AREAD123.DAT:8:82,AREAD123.DAT,8,82,"""Please take good care of[01]Princess [04][01]!""",40,
AREAD123.DAT:8:83,AREAD123.DAT,8,83,"""Why, Princess [04][01]![02]For a moment, I almost[01]mistook you for your[01]sister.[02]You have grown much more[01]like her in recent weeks--[02]more confident, more[01]mature. If only she were[01]here to see you now!""",191,
AREAD123.DAT:8:84,AREAD123.DAT,8,84,"""Ha ha...Bwah ha ha ha![02]Look at the people down[01]there! They're like ants![01]Insects! Bwah ha ha ha ha!""",102,
AREAD123.DAT:8:85,AREAD123.DAT,8,85,"""We caught someone trying[01]to sneak into the castle.[02]I'd keep my distance if I[01]were you!""",89,
AREAD123.DAT:8:88,AREAD123.DAT,8,88,"""I heard tell that belonged[01]to the King himself!""",50,
AREAD123.DAT:8:90,AREAD123.DAT,8,90,The wind blowing through[01]the caves is making the[01]windmills turn.,65,
AREAD123.DAT:8:91,AREAD123.DAT,8,91,The wind blowing through[01]the caves is making the[01]windmills turn.,65,
AREAD123.DAT:8:92,AREAD123.DAT,8,92,The wind blowing through[01]the caves is making the[01]windmills turn.,65,
AREAD123.DAT:8:93,AREAD123.DAT,8,93,The wind blowing through[01]the caves is making the[01]windmills turn.,65,
AREAD123.DAT:8:94,AREAD123.DAT,8,94,The wind blowing through[01]the caves is making the[01]windmills turn.,65,
AREAD123.DAT:8:95,AREAD123.DAT,8,95,The wind blowing through[01]the caves is making the[01]windmills turn.,65,
AREAD123.DAT:8:96,AREAD123.DAT,8,96,The wind blowing through[01]the caves is making the[01]windmills turn.,65,
AREAD123.DAT:8:97,AREAD123.DAT,8,97,You can't move against the[01]wind! Wait in the cavities[01]in the wall until it stops![13]`,84,
AREAD124.DAT:8:0,AREAD124.DAT,8,0,"""We get the power we need[01]to operate this lift from[01]all the windmills.""",72,
AREAD124.DAT:8:1,AREAD124.DAT,8,1,"""We get the power we need[01]to operate this lift from[01]all the windmills.""",72,
AREAD124.DAT:8:2,AREAD124.DAT,8,2,"""Quite a view, isn't it?[02]If you're lucky, you might[01]even see the Wind Dragon[01]flying from here.""",96,
AREAD124.DAT:8:3,AREAD124.DAT,8,3,"""Don't people get scared[01]living so high up?""",45,
AREAD124.DAT:8:4,AREAD124.DAT,8,4,"""We Wyndians are not afraid[01]of height.[02]On the contrary, we love[01]high places.""",78,
AREAD124.DAT:8:5,AREAD124.DAT,8,5,"""I ain't afraid of[01]heights!""",29,
AREAD124.DAT:8:6,AREAD124.DAT,8,6,"""This is the dungeon.[01]There's not much of[01]interest here to see.""",65,
AREAD124.DAT:8:7,AREAD124.DAT,8,7,"""Ah, Princess Elina![02]And Princess [04][01]![02]They are both so[01]beautiful![02]What would I do if both of[01]them were to profess their[01]love for me?[02]How could I choose between[01]them!?""",168,
AREAD124.DAT:8:8,AREAD124.DAT,8,8,"""I'm sorry, but ordinary[01]citizens are not allowed[01]past this point.""",68,
AREAD124.DAT:8:9,AREAD124.DAT,8,9,"""I'm sorry, but ordinary...[02]...Princess [04][01]!?""",46,
AREAD124.DAT:8:10,AREAD124.DAT,8,10,"""Orinary citizens are[01]not...[0B]Huh?[02]Princess [04][01]!""",48,
AREAD124.DAT:8:11,AREAD124.DAT,8,11,"""It's good to have you[01]back, Princess [04][01]!""",43,
AREAD124.DAT:8:12,AREAD124.DAT,8,12,"""Welcome home, Princess[01][04][01]!""",29,
AREAD124.DAT:8:13,AREAD124.DAT,8,13,"""The King is waiting for[01]you.""",31,
AREAD124.DAT:8:14,AREAD124.DAT,8,14,"""Everyone has been worried[01]about you.""",39,
AREAD124.DAT:8:15,AREAD124.DAT,8,15,"""His Majesty the King, as[01]well as all of us, was[02]eagerly awaiting the[01]Princess' safe return.""",94,
AREAD124.DAT:8:16,AREAD124.DAT,8,16,"""I'm so glad the Princess[01]is back!""",36,
AREAD124.DAT:8:17,AREAD124.DAT,8,17,"""This is the King's[01]audience chamber.[01]Please withdraw.""",56,
AREAD124.DAT:8:18,AREAD124.DAT,8,18,"""It...[0B]It's Princess[01][04][01]!""",26,
AREAD124.DAT:8:19,AREAD124.DAT,8,19,"""Go on in,[01]Princess--you[02]can see the King anytime!""",52,
AREAD124.DAT:8:20,AREAD124.DAT,8,20,"""Who are you?""",15,
AREAD124.DAT:8:21,AREAD124.DAT,8,21,"""Princess [04][01]! We[01]weren't aware you'd[01]returned!""",48,
AREAD124.DAT:8:22,AREAD124.DAT,8,22,"""Does this mean Princess[01]Elina isn't coming back?""",51,
AREAD124.DAT:8:23,AREAD124.DAT,8,23,"""Nothing to report!""",21,
AREAD124.DAT:8:24,AREAD124.DAT,8,24,"""Strategy sessions were[01]held every day here during[01]the war.[02]I'm just glad the war's[01]over with! I hope we[01]never have another one!""",130,
AREAD124.DAT:8:25,AREAD124.DAT,8,25,"""No one can pass this point[01]without permission from the[01]King.""",63,
AREAD124.DAT:8:26,AREAD124.DAT,8,26,"[0C][04][14][80]@""I didn't know what[01]to think when I[01]received word from[02]Ludia that you'd[01]been captured.""",93,
AREAD124.DAT:8:27,AREAD124.DAT,8,27,"[0C][04][14][80]@""What was I supposed[01]to think?[02]My daughter goes out[01]in search of her[01]missing sister,[02]only to be caught[01]trespassing in enemy[01]territory...[02]How did this happen?""",164,
AREAD124.DAT:8:28,AREAD124.DAT,8,28,"[0C][06][14][C2]@""I beg your[01]forgiveness,[01]Majesty.[02]It's all my fault.[01]If it hadn't been[01]for me...""",87,
AREAD124.DAT:8:30,AREAD124.DAT,8,30,"[0C][04][14][80]@""As you have probably[01]discovered for[01]yourself,[02]our neighbor and[01]supposed ally[01]Ludia is more worried[02]about their relations[01]with the Empire than[02]in helping me search[01]for my daughter.""",187,
AREAD124.DAT:8:32,AREAD124.DAT,8,32,"[0C][04][14][80]@""So, what do you[01]intend to do now?[02]Sooner or later, the[01]Ludians are bound to[02]discover you are[01]here.[02]We will of course do[01]everything we can to[01]protect you...""",163,
AREAD124.DAT:8:35,AREAD124.DAT,8,35,"[0C][06][14][80]@""I see...But...[02]Even though I am king[01]of Wyndia, I have no[02]control over the[01]dragon...You know[01]that.""",106,
AREAD124.DAT:8:37,AREAD124.DAT,8,37,"[0C][06][14][80]@""Hmmm...I see...[01]Very well.[02]Go to the woods east[01]of here.[02]There, you will find[01]the [05][02]Oracle of Wind[06],[02]a priestess who[01]serves the Wind[01]Dragon.""",148,
AREAD124.DAT:8:38,AREAD124.DAT,8,38,"[0C][06][14][80]@""I shall inform her[01]you are coming.[02]Rest tonight--you can[01]begin your journey in[01]the morning.""",99,
AREAD124.DAT:8:39,AREAD124.DAT,8,39,"[14][80]@""The Oracle lives in[01]the forest to the[01]east of Wyndia.[02]Don't worry--should[01]the Ludians enquire[01]about you,[02]we will think of[01]something to distract[01]them.""",155,[14][80]
AREAD124.DAT:8:40,AREAD124.DAT,8,40,"""The King has been put into[01]a most difficult position...[02]On the one hand, he has to[01]protect his daughter,[01]Princess [04][01],[02]and on the other he has[01]to maintain our relations[01]with Ludia.""",182,
AREAD124.DAT:8:41,AREAD124.DAT,8,41,"""I pity the poor King...[02]Although he is concerned[01]about Princess Elina more[01]than anyone,[02]he does not discuss the[01]matter with anyone in[01]public.[02]It breaks my heart to[01]look at him...""",181,
AREAD124.DAT:8:43,AREAD124.DAT,8,43,"""The [09][07][05] is an[01]ancient holy relic, needed[01]to enter the Tower of Wind,[02]which is sacred to the[01]Wind Dragon.[02]It is kept in a safe place[01][05][02]beneath the castle[06].""",157,
AREAD124.DAT:8:44,AREAD124.DAT,8,44,"""P'ung Ryong, the Wind[01]Dragon, is unusual among[01]his kind in that he still[02]interacts with mortals and[01]speaks to them from time[01]to time.""",136,
AREAD124.DAT:8:46,AREAD124.DAT,8,46,"""I was told you'd be[01]coming. Good luck!""",41,
AREAD124.DAT:8:47,AREAD124.DAT,8,47,"""I hear the Tower of Wind[01]is even higher than the[01]castle![02]I'd love to go there,[01]just once!""",92,
AREAD124.DAT:8:48,AREAD124.DAT,8,48,"""The Oracle of Wind has[01]lived in the Kasq Woods[02]for as long as anyone can[01]remember...[02]She hardly ever leaves[01]except to speak with the[01]Wind Dragon.""",148,
AREAD124.DAT:8:50,AREAD124.DAT,8,50,"""We have heard reports that[01]Ludian troops have been[01]seen near the castle.[02]You must hurry, before they[01]find out you are here!""",126,
AREAD124.DAT:8:51,AREAD124.DAT,8,51,"""The last time the Oracle[01]came to the castle was when[01]Princess [04][01] was born.""",77,
AREAD124.DAT:8:52,AREAD124.DAT,8,52,"""They say that the only[01]way to see the Wind[01]Dragon close up is to go[02]even higher than the Tower[01]of Wind to the north.[02]But how can anyone do[01]that?""",147,
AREAD124.DAT:8:53,AREAD124.DAT,8,53,"""Princess Elina is engaged[01]to marry the Prince of[01]Ludia...[02]Princess [04][01] is next in[01]line to the throne...[02]Which should I chose--[01]a love that is wrong,[01]or a love that cannot be?""",176,
AREAD124.DAT:8:54,AREAD124.DAT,8,54,"""Wait...If Princess [04][01][01]and I are joined together,[02]that means I will one day[01]be King of Wyndia...[02]Will I be able to handle[01]the responsibility?""",143,
AREAD124.DAT:8:55,AREAD124.DAT,8,55,"""If I marry Princess Elina,[01]that means the entire[02]country of Ludia will be out[01]to get us...[02]Will I be able to protect[01]her from them?""",134,
AREAD124.DAT:8:58,AREAD124.DAT,8,58,"[14][80]@""Hmmm...[02]The other half of the[01]First Emperor, you[01]say?[02]I understand now why[01]both Ludia and the[02]Empire were looking[01]for you![02]You carry a heavy[01]burden...I wish you[01]the best of luck.""",184,[14][80]
AREAD124.DAT:8:59,AREAD124.DAT,8,59,"[14][80]@""Hmmm...[02]The other half of the[01]First Emperor, you[01]say?[02]I understand now why[01]both Ludia and the[02]Empire were looking[01]for you![02]You carry a heavy[01]burden...I wish you[01]the best of luck.""",184,[14][80]
AREAD124.DAT:8:60,AREAD124.DAT,8,60,"[14][80]@""[04][01]...[02]There is little I can[01]do for you now.[02]You have grown much,[01]my daughter.[02]You are strong enough[01]to fight your own[01]battles now.[02]I am very proud of[01]you!""",160,[14][80]
AREAD124.DAT:8:61,AREAD124.DAT,8,61,"""When you did not return,[01]we began to worry.[02]Were you able to meet the[01]Wind Dragon?""",85,
AREAD124.DAT:8:62,AREAD124.DAT,8,62,"""I know what His Majesty[01]the King said, but I also[01]know that in his heart,[02]he still worries about you,[01]Princess. Watch yourself,[01]and return home soon!""",152,
AREAD124.DAT:8:63,AREAD124.DAT,8,63,"""Please take good care of[01]Princess [04][01]!""",40,
AREAD124.DAT:8:64,AREAD124.DAT,8,64,"""Princess Elina still has[01]not returned...[02]I only pray nothing happens[01]to Princess [04][01]...!""",90,
AREAD124.DAT:8:65,AREAD124.DAT,8,65,"""We don't know when they'll[01]return, but we work hard to[02]make sure both Princesses'[01]rooms are clean and tidy.""",110,
AREAD124.DAT:8:66,AREAD124.DAT,8,66,"""Those dragons are strange[01]creatures, aren't they?[02]I mean, look at the Wind[01]Dragon--how can something[01]so big fly like that?""",125,
AREAD124.DAT:8:67,AREAD124.DAT,8,67,"""Maybe those Ludians have[01]finally given up...[02]We haven't seen any around[01]here for a while now.""",96,
AREAD124.DAT:8:68,AREAD124.DAT,8,68,"""The King seems so lonely[01]lately...[02]I think he misses eating[01]dinner with his daughters.""",89,
AREAD124.DAT:8:69,AREAD124.DAT,8,69,"""The King seems so lonely[01]lately...[02]I think he misses eating[01]dinner with his daughters.""",89,
AREAD124.DAT:8:70,AREAD124.DAT,8,70,"""Back again? Anything I can[01]do for you?""",41,
AREAD124.DAT:8:71,AREAD124.DAT,8,71,"""If I marry Princess[01][04][01], all of this...The[01]town, the people...[02]All of it will be mine![01]Ha ha...Bwah ha ha ha ha!""",114,
AREAD124.DAT:8:72,AREAD124.DAT,8,72,"""You went to the Tower of[01]Wind?[02]What did you think of it?[01]Pretty tall, isn't it?[02]I wish I could've gone[01]with you...""",117,
AREAD124.DAT:8:73,AREAD124.DAT,8,73,"""Let me rest for just a[01]minute...The air up here's[01]so thin...Whew!""",68,
AREAD124.DAT:8:74,AREAD124.DAT,8,74,"""It powers the lifts,[01]brings water up here...[02]Isn't it amazing what the[01]power of wind can do?""",95,
AREAD124.DAT:8:75,AREAD124.DAT,8,75,"""You probably already know[01]this, but this is the way[01]to the dungeons.""",71,
AREAD124.DAT:8:76,AREAD124.DAT,8,76,"""The air is fresh and[01]clean, and the scenery[01]is so beautiful...[02]I could stay here[01]forever!""",92,
AREAD124.DAT:8:80,AREAD124.DAT,8,80,"""I pay little attention to[01]what doesn't affect Wyndia,[02]but even I can tell that[01]the world is changing...""",106,
AREAD124.DAT:8:81,AREAD124.DAT,8,81,"""I pay little attention to[01]what goes on outside the[01]castle,[02]but even I can tell that[01]the world is changing...""",111,
AREAD124.DAT:8:82,AREAD124.DAT,8,82,"""Please take good care of[01]Princess [04][01]!""",40,
AREAD124.DAT:8:83,AREAD124.DAT,8,83,"""Why, Princess [04][01]![02]For a moment, I almost[01]mistook you for your[01]sister.[02]You have grown much more[01]like her in recent weeks--[02]more confident, more[01]mature. If only she were[01]here to see you now!""",191,
AREAD124.DAT:8:84,AREAD124.DAT,8,84,"""Ha ha...Bwah ha ha ha![02]Look at the people down[01]there! They're like ants![01]Insects! Bwah ha ha ha ha!""",102,
AREAD124.DAT:8:85,AREAD124.DAT,8,85,"""We caught someone trying[01]to sneak into the castle.[02]I'd keep my distance if I[01]were you!""",89,
AREAD124.DAT:8:88,AREAD124.DAT,8,88,"""I heard tell that belonged[01]to the King himself!""",50,
AREAD124.DAT:8:90,AREAD124.DAT,8,90,The wind blowing through[01]the caves is making the[01]windmills turn.,65,
AREAD124.DAT:8:91,AREAD124.DAT,8,91,The wind blowing through[01]the caves is making the[01]windmills turn.,65,
AREAD124.DAT:8:92,AREAD124.DAT,8,92,The wind blowing through[01]the caves is making the[01]windmills turn.,65,
AREAD124.DAT:8:93,AREAD124.DAT,8,93,The wind blowing through[01]the caves is making the[01]windmills turn.,65,
AREAD124.DAT:8:94,AREAD124.DAT,8,94,The wind blowing through[01]the caves is making the[01]windmills turn.,65,
AREAD124.DAT:8:95,AREAD124.DAT,8,95,The wind blowing through[01]the caves is making the[01]windmills turn.,65,
AREAD124.DAT:8:96,AREAD124.DAT,8,96,The wind blowing through[01]the caves is making the[01]windmills turn.,65,
AREAD124.DAT:8:97,AREAD124.DAT,8,97,You can't move against the[01]wind! Wait in the cavities[01]in the wall until it stops![13]`,84,
AREAD132.DAT:8:2,AREAD132.DAT,8,2,"[14][C1]@""You mean, if we[01]follow this, we can[01]get to the mainland?[02][14][81]ARight, Poko?""",78,[14][C1]
AREAD132.DAT:8:7,AREAD132.DAT,8,7,"[14][02][02]""Heh heh...[02]She says we will be[01]in a great deal of[02]trouble should the[01]sun go down before[01]we reach land.""",108,[14][02]
AREAD132.DAT:8:8,AREAD132.DAT,8,8,"[14][03][01]""Uh-oh! It's getting[01]dark!""",31,[14][03]
AREAD132.DAT:8:9,AREAD132.DAT,8,9,"[14][04][03]""This isn't good...[01]It's getting dark.""",43,[14][04]
AREAD132.DAT:8:10,AREAD132.DAT,8,10,"[14][05][04]""Looks like we'd[01]better hurry.""",35,[14][05]
AREAD132.DAT:8:14,AREAD132.DAT,8,14,"[0C][02][14][87]A""Hmmm...""[02][14][C1]@""Looks like this is[01]as far as we can get[01]today.""",67,
AREAD132.DAT:8:15,AREAD132.DAT,8,15,"[0C][02][14][C2]@""Drat! It's too dark[01]to even see the path.[02]Guess we're stuck[01]here until morning.""",87,
AREAD132.DAT:8:16,AREAD132.DAT,8,16,"[0C][02][14][C4]@""It's too dark. We[01]should stop here and[01]wait until morning.""",66,
AREAD132.DAT:8:17,AREAD132.DAT,8,17,"[0C][02][14][C5]@""[04][05] tells me...""[02][14][86]E""It's too dark to[01]continue--looks like[01]we're stuck here.""",83,
AREAD132.DAT:8:18,AREAD132.DAT,8,18,"[14][85]D""I wonder how much[01]further we have to[01]go?""",46,[14][85]
AREAD132.DAT:8:19,AREAD132.DAT,8,19,"[14][C2]@""We can't afford[01]to waste our time[02]sitting around like[01]this!""",65,[14][C2]
AREAD132.DAT:8:21,AREAD132.DAT,8,21,"[14][C2]@""I guess you're[01]right...""",29,[14][C2]
AREAD132.DAT:8:22,AREAD132.DAT,8,22,"[0C][06][14][88]A""[04][02]...[0B]The[01]road!!""",24,
AREAD132.DAT:8:24,AREAD132.DAT,8,24,"[0C][05][14][09][04]""We shouldn't have[01]stopped![02]We should've kept[01]going through the[01]night,[02]no matter how risky[01]it was!""",105,
AREAD132.DAT:8:25,AREAD132.DAT,8,25,"[0C][06][14][8A]A""I'm sorry, [04][02].[01]It's my fault...[02]If I hadn't suggested[01]we rest for the[01]night...""",86,
AREAD132.DAT:8:28,AREAD132.DAT,8,28,"[0C][06][14][C1]@""C-come on! Let's[01]do as she says!""",40,
AREAD132.DAT:8:31,AREAD132.DAT,8,31,"[0C][05][14][C4]@""Judging by the lay[01]of the land, I'd say[02]this is where the[01]flats connect to the[01]mainland.""",96,
AREAD132.DAT:8:32,AREAD132.DAT,8,32,"[0C][05][14][C4]@""It's no use...[02]We can't go this way[01]either.""",51,
AREAD132.DAT:8:33,AREAD132.DAT,8,33,"[14][C1]@""You mean...""",17,[14][C1]
AREAD132.DAT:8:34,AREAD132.DAT,8,34,"[0C][05][14][04][03]""Until the tide[01]changes and the flats[01]reappear...[02]We're stuck here.""",74,
AREAD132.DAT:8:35,AREAD132.DAT,8,35,"[14][05][04]""How can you be so[01]calm!?""",30,[14][05]
AREAD132.DAT:8:38,AREAD132.DAT,8,38,"[14][86]E""Chill out, [04][02]![02]We'll get out of[01]here--you can count[01]on it.[02]Remember, [04]",75,[14][86]
AREAD132.DAT:8:39,AREAD132.DAT,8,39,"[14][86]E""At the very least,[01][04]",25,[14][86]
AREAD132.DAT:8:40,AREAD132.DAT,8,40,"[14][07][01]""Oh...[0B]Good morning,[01][04]",26,[14][07]
AREAD132.DAT:8:41,AREAD132.DAT,8,41,"[14][05][04]""...[0B]...[0B]...""",17,[14][05]
AREAD132.DAT:8:42,AREAD132.DAT,8,42,"[14][07][01]""Well, we weren't[01]exactly expecting[02]something like this[01]to happen, but...[02][14][01][01]I'm sure everything[01]will work out in the[01]end.""",127,[14][07]
AREAD132.DAT:8:47,AREAD132.DAT,8,47,"[14][C1]@""Are you going off[01]to explore the[01]island?[02]I hope you don't mind[01]if I come with you!""",88,[14][C1]
AREAD132.DAT:8:49,AREAD132.DAT,8,49,"[0C][06][14][85]D""Uh...[0B]Hey...[0B]I...""",25,
AREAD132.DAT:8:50,AREAD132.DAT,8,50,"[0C][05][14][04][03]""Calm down![02]Get a hold of[01]yourself.""",42,
AREAD132.DAT:8:51,AREAD132.DAT,8,51,"[0C][05][14][04][03]""You're supposed to[01]be the leader of this[02]little expedition,[01]aren't you!?""[02][14][0D][08]...[0B]...[0B]...""",96,
AREAD132.DAT:8:52,AREAD132.DAT,8,52,"[0C][03][14][C3]@""Pukapuka...""",19,
AREAD132.DAT:8:53,AREAD132.DAT,8,53,"[0C][03][14][86]E""Remember what the[01]Pabpab said?[02]Pukapuka...What will[01]be, will be...[02]That's a good lesson[01]to learn, pretty[01]kitty...""[02][14][C5]@""Indeed.""",134,
AREAD132.DAT:8:55,AREAD132.DAT,8,55,"[0C][02][14][C1]@""We were just talking[01]about going to look[01]for some food.""",63,
AREAD132.DAT:8:57,AREAD132.DAT,8,57,"[14][06][05]""Well, I suppose[01]there are a lot worse[01]places to get stuck.""[02][14]E",67,[14][06]
AREAD132.DAT:8:59,AREAD132.DAT,8,59,"[14][0E][01]""I guess this means[01]you can fish around[01]here...Right?""",58,[14][0E]
AREAD132.DAT:8:60,AREAD132.DAT,8,60,"[0C][05][14][01][01]""Were you able to[01]catch anything,[01][04]",41,
AREAD132.DAT:8:61,AREAD132.DAT,8,61,"[0C][05][14][07][01]""Well, that means we[01]don't have to worry[01]about food then.""",64,
AREAD132.DAT:8:62,AREAD132.DAT,8,62,"[0C][05][14][01][01]""We should go back[01]and tell everyone[01]what we found.""",58,
AREAD132.DAT:8:64,AREAD132.DAT,8,64,"[0C][05][14][07][01]""OK...[02][14]A",15,
AREAD132.DAT:8:66,AREAD132.DAT,8,66,"[0C][05][14][01][01]""Good luck, [04]",19,
AREAD132.DAT:8:78,AREAD132.DAT,8,78,"[0C][06][14][C2]@""That's good...[02]I'm sorry, [04][01].[01]I don't know what[01]happened...[02]It's just...When I[01]thought we were[01]trapped here,[02]I just...I don't[01]know, I panicked...""",153,
AREAD132.DAT:8:79,AREAD132.DAT,8,79,"[0C][05][14][01][01]""Don't worry, [04][02].[01]We just have to be[01]patient, that's all.""",64,
AREAD132.DAT:8:81,AREAD132.DAT,8,81,"[0C][06][14][01][01]""[04][02], we're going[01]fishing. We'll be[01]back soon!""",52,
AREAD132.DAT:8:82,AREAD132.DAT,8,82,"[14][05][04]""What will be, will[01]be, huh?...[0B]...""",40,[14][05]
AREAD132.DAT:8:87,AREAD132.DAT,8,87,"[14][07][01]""What happened,[01][04]",21,[14][07]
AREAD132.DAT:8:90,AREAD132.DAT,8,90,"[14][87]A""I always figured[01]they would get[01]married someday...[02][14][81]AHe's been like a[01]brother to me...""",93,[14][87]
AREAD132.DAT:8:91,AREAD132.DAT,8,91,"[14][C1]@""I think maybe...I[01]look up to him more[01]than love him...""",60,[14][C1]
AREAD132.DAT:8:92,AREAD132.DAT,8,92,"[14][C1]@""I mean, he's[01]strong...[02]There's nothing he[01]can't do...He's[01]funny...""",72,[14][C1]
AREAD132.DAT:8:101,AREAD132.DAT,8,101,"[14][15][04]""Hey! Look! The[01]tide...!""",29,[14][15]
AREAD132.DAT:8:102,AREAD132.DAT,8,102,"[14][C1]@""It looks like it's[01]going out.[02]Let's go see!""",49,[14][C1]
AREAD132.DAT:8:106,AREAD132.DAT,8,106,"[14][06][05]""See? I told you we[01]just had to be[01]patient.""[02][14]E",51,[14][06]
AREAD132.DAT:8:110,AREAD132.DAT,8,110,You can rest here.[12],20,
AREAD132.DAT:8:111,AREAD132.DAT,8,111,It's empty.,12,
AREAD132.DAT:8:113,AREAD132.DAT,8,113,Keep our fishing spots[01]clean! Remember to pick[01]up your trash!,62,
AREAD132.DAT:8:114,AREAD132.DAT,8,114,You can rest here.[12][8B][0C][93]Rest[01]Diary[01]Never mind,44,
AREAD134.DAT:7:5,AREAD134.DAT,7,5,Do you want to return to[01]the outside world?[12],45,
AREAD134.DAT:7:6,AREAD134.DAT,7,6,It looks like these pillars[01]are what's keeping whoever[01]that is here.,69,
AREAD134.DAT:7:7,AREAD134.DAT,7,7,"[14][01][01]""As you can see, I'm[01]trapped here.[02]I'd really appreciate[01]it if you could get[01]me out of here.""",97,[14][01]
AREAD134.DAT:7:8,AREAD134.DAT,7,8,"[14][02][02]""Um...Are you[01][04][05]...?""",25,[14][02]
AREAD134.DAT:7:9,AREAD134.DAT,7,9,"[14][03][03]""So you're [04][05],[01]huh?""",24,[14][03]
AREAD134.DAT:7:10,AREAD134.DAT,7,10,"[14][01][01]""Who else do you[01]think it could be!?[01]Of course I am![02]Now get rid of those[01]pillars and get me[01]out of here!""",110,[14][01]
AREAD134.DAT:7:11,AREAD134.DAT,7,11,"[14][01][01]""If you want to get[01]me out of here,[02]you're going to have[01]to destroy those[01]pillars.""",87,[14][01]
AREAD134.DAT:7:12,AREAD134.DAT,7,12,"[14][01][01]""Finally![02]I thought I'd never[01]get out of there!""",52,[14][01]
AREAD134.DAT:7:13,AREAD134.DAT,7,13,"[14][01][01]""First, let me thank[01]you for helping me.[02]There's still one[01]little problem,[01]though...""",89,[14][01]
AREAD134.DAT:7:14,AREAD134.DAT,7,14,"[14][01][01]""You see, well, I[01]don't have a body.""",41,[14][01]
AREAD134.DAT:7:15,AREAD134.DAT,7,15,"[14][01][01]""That means I can't[01]leave here.""",36,[14][01]
AREAD134.DAT:7:16,AREAD134.DAT,7,16,"[14][01][01]""That's why I want[01]you to find me a[02]medium who can loan[01]me a body, OK?""",75,[14][01]
AREAD134.DAT:7:17,AREAD134.DAT,7,17,"[14][01][01]""Don't worry--this[01]is where they summon[01]gods and whatnot![02]There's bound to be[01]lots of mediums[01]around!""",106,[14][01]
AREAD134.DAT:7:18,AREAD134.DAT,7,18,"[14][01][01]""Remember, once you[01]get back out,[02]you need to find me[01]a medium.[02]Oh, and...Try to find[01]a good-looking one[01]if you can, OK?""",125,[14][01]
AREAD135.DAT:8:0,AREAD135.DAT,8,0,It's already too late for[01]this one...,38,
AREAD135.DAT:8:1,AREAD135.DAT,8,1,It's already too late for[01]this one...,38,
AREAD135.DAT:8:5,AREAD135.DAT,8,5,"""Bunch of troops went on[01]inside...[02]I just hope they can get[01]rid of that monster that[01]attacked...""",98,
AREAD135.DAT:8:6,AREAD135.DAT,8,6,"""What's going to happen to[01]the capital...To the[01]Empire...To us!?""",66,
AREAD135.DAT:8:7,AREAD135.DAT,8,7,"[0C][06][14][C4]@""General!""",16,
AREAD135.DAT:8:8,AREAD135.DAT,8,8,"[0C][06][14][C4]@""General!""",16,
AREAD135.DAT:8:9,AREAD135.DAT,8,9,"[0C][06][14][C4]@""General!""",16,
AREAD135.DAT:8:10,AREAD135.DAT,8,10,"[0C][06][14][C4]@""General!""",16,
AREAD135.DAT:8:11,AREAD135.DAT,8,11,"[0C][03][14][02][02]""[04][04]!?""",12,
AREAD135.DAT:8:12,AREAD135.DAT,8,12,"[0C][06][14][C4]@""General Rhun![02]As per orders, I have[01]returned with the[01]dragon!""",69,
AREAD135.DAT:8:13,AREAD135.DAT,8,13,"[0C][03][14][02][02]""I see...[0B]It's all[01]right, [04][04].[02]So...[0B]That's the[01]dragon, eh?""",65,
AREAD135.DAT:8:14,AREAD135.DAT,8,14,"[0C][04][14][83]C""Yes, sir![02]I am told he is[01]properly called the[01]Yorae Dragon, sir.""",72,
AREAD135.DAT:8:15,AREAD135.DAT,8,15,"[0C][03][14][02][02]""I see...[0B]Then...[02]We were right...""",41,
AREAD135.DAT:8:16,AREAD135.DAT,8,16,"[0C][03][14][02][02]""On behalf of my[01]troops...[02]I offer my apologies[01]for any...[02]trouble caused you,[01]young dragon...""",101,
AREAD135.DAT:8:17,AREAD135.DAT,8,17,"[0C][03][14][02][02]""[04][04]...[01]Have you seen Yuna?""",33,
AREAD135.DAT:8:18,AREAD135.DAT,8,18,"[0C][03][14][02][02]""Even if we knew not[01]what we were doing,[02]we aided him in his[01]pursuit of power...[02]We helped him in his[01]attempt to kill a[01]god...[02]I suppose it is only[01]fitting that we[02]should suffer the[01]god's anger...""",203,
AREAD135.DAT:8:19,AREAD135.DAT,8,19,"[0C][03][14][02][02]""Still...[0B]Argh![02]We cannot allow...the[01]entire world to be[01]destroyed...[02]For the sake of one[01]man's ambition...""",114,
AREAD135.DAT:8:20,AREAD135.DAT,8,20,"[0C][02][14][84]D""And that's why you[01]tried to meet with[01]the First Emperor?""",64,
AREAD135.DAT:8:21,AREAD135.DAT,8,21,"[0C][03][14][02][02]""Uuhhh...Yes...[01]Still...[02]I thought we were[01]done for...""",61,
AREAD135.DAT:8:22,AREAD135.DAT,8,22,"[0C][03][14][02][02]""But there is still[01]hope...[02]There is still...the[01]Yorae Dragon.""",69,
AREAD135.DAT:8:23,AREAD135.DAT,8,23,"[0C][03][14][02][02]""You, too, are a[01]god...[02]Oh mighty god...We...[02]We are foolish...[01]We are but simple[01]mortals...[02]We deserve this fate[01]for what we tried to[01]do...""",147,
AREAD135.DAT:8:24,AREAD135.DAT,8,24,"[0C][03][14][02][02]""Still, oh mighty[01]god...[02]If there be even a[01]sliver of mercy in[01]your soul...[02]Punish not our[01]children...for what[01]we have done...[02]Let them have...a[01]future...[0B]uh!""",165,
AREAD135.DAT:8:25,AREAD135.DAT,8,25,"[0C][02][14][84]D""General...[02]I don't know how to[01]say this well, but...[02][14][85]D[04]",64,
AREAD135.DAT:8:26,AREAD135.DAT,8,26,"[0C][04][14][86]E""She says,[02]'[04]",19,
AREAD135.DAT:8:27,AREAD135.DAT,8,27,"[0C][02][14][07][04]""Wh...[0B]What do you[01]mean by that!?""",40,
AREAD135.DAT:8:28,AREAD135.DAT,8,28,"[0C][03][14][08][06]""Ha ha ha ha![02]It is well that the[01]Yorae Dragon has you[01]all as friends...[02]Perhaps there is yet[01]hope for us...""",115,
AREAD135.DAT:8:29,AREAD135.DAT,8,29,"[0C][03][14][02][02]""You've done well,[01]Captain [04][04].[02]I want you to take[01]them...All of them...[02]To the Imperial[01]Castle...The God[01]Emperor waits there.""",132,
AREAD135.DAT:8:30,AREAD135.DAT,8,30,"[0C][04][14][C4]@""Yes, sir!""",17,
AREAD135.DAT:8:32,AREAD135.DAT,8,32,"[0C][06][14][02][02]""Don't worry about[01]me...I'll be fine.[0B][01]More importantly...[02][14][08][06]I'd like to hear you[01]call me like you used[01]to...Once more.""",127,
AREAD135.DAT:8:34,AREAD135.DAT,8,34,"[14][02][02]""My dear [04][04]...[02]I wasn't able to[01]do as much for you[01]as I wanted to...[02]You deserved so much[01]more than this old[01]soldier could give.""",133,[14][02]
AREAD135.DAT:8:35,AREAD135.DAT,8,35,"[0C][05][14][09][07]""Grandfather, I...""",25,
AREAD135.DAT:8:36,AREAD135.DAT,8,36,"[14][88]F""Listen to me,[01][04][04]...[02]If there is a[01]tomorrow...[02]I want you to live[01]every day...Each[01]moment...[02]To the fullest...Be[01]happy, [04][04]...[01][0B]uhh!""",136,[14][88]
AREAD135.DAT:8:37,AREAD135.DAT,8,37,"[14][82]B""Go now.[02]What happens next...[01]is up to you...[02]You, and the Yorae[01]Dragon.""",77,[14][82]
AREAD135.DAT:8:38,AREAD135.DAT,8,38,"[14][02][02]""That's it...[02]The world...belongs[01]to the children...""",57,[14][02]
AREAD135.DAT:8:39,AREAD135.DAT,8,39,"[14][08][06]""Time...for this old[01]soldier...[0B][0B]to fade[01]away...""",53,[14][08]
AREAD138.DAT:8:0,AREAD138.DAT,8,0,"[14][C2]@""This is it...![02]This is the place[01]they're holding[01]Elina!""",61,[14][C2]
AREAD138.DAT:8:1,AREAD138.DAT,8,1,"[14][C2]@""This is it...![02]This is the place[01]they're holding[01]Elina!""",61,[14][C2]
AREAD138.DAT:8:3,AREAD138.DAT,8,3,"[14][C2]@""Don't get your hopes[01]up too much--we still[01]need to find her.[02]Let's go!""",76,[14][C2]
AREAD138.DAT:8:4,AREAD138.DAT,8,4,There's a diary here.[12][8B][0C][93]Rest[01]Diary[01]Never mind,47,
AREAD138.DAT:8:5,AREAD138.DAT,8,5,There's a diary here.[12][8B][0C][93]Rest[01]Diary[01]Never mind,47,
AREAD138.DAT:8:6,AREAD138.DAT,8,6,"[0C][04][14][C5]@""blub blub...[02][04][05] does not need[01]to breath.[02]Still, she says she[01]thanks you for your[01]assistance.""",100,
AREAD138.DAT:8:7,AREAD138.DAT,8,7,"[14][81]A""Somebody's coming!""",24,[14][81]
AREAD138.DAT:8:8,AREAD138.DAT,8,8,"[14][02][02]""What then is the[01]status of the[01]sacrifice?""",47,[14][02]
AREAD138.DAT:8:9,AREAD138.DAT,8,9,"[0C][05]""It continues to...[01]grow, Lord Yuna.""",40,
AREAD138.DAT:8:10,AREAD138.DAT,8,10,"[14][02][02]""Excellent.[0B] I am[01]greatly pleased.""",39,[14][02]
AREAD138.DAT:8:13,AREAD138.DAT,8,13,"If you come out from behind[01]the curtain, you'll be[01]seen!",57,
AREAD138.DAT:8:14,AREAD138.DAT,8,14,"[0C][0C]""Yes, Lord Yuna. At[01]the present rate...""",43,
AREAD138.DAT:8:15,AREAD138.DAT,8,15,"[14][C1]@""Whew![0B] Looks like[01]they didn't see[01]us...""[15][10]",47,[14][C1]
AREAD138.DAT:8:16,AREAD138.DAT,8,16,"[0C][03][14][02][02]""Ah, but we did.""",23,
AREAD138.DAT:8:17,AREAD138.DAT,8,17,"[0C][03][14][02][02]""Well now, we can't[01]have this,[0B] can we?[02]This building belongs[01]to the Fou Empire.[02]And you are[01]Easterners,[01]are you not?""",124,
AREAD138.DAT:8:18,AREAD138.DAT,8,18,"[0C][04][14][C2]@""We're...looking for[01]someone.""",36,
AREAD138.DAT:8:19,AREAD138.DAT,8,19,"[0C][04][14][83]@""Yes--we're looking[01]for my sister.[02]Her name is Elina.[01]We were told she had[01]come here...""",94,
AREAD138.DAT:8:20,AREAD138.DAT,8,20,"[0C][04][14][81]A""What do you know[01]about her!?""",36,
AREAD138.DAT:8:21,AREAD138.DAT,8,21,"[0C][03][14][02][02]""Now now now...[0B][01]Don't get too close,[01]hmm?""",49,
AREAD138.DAT:8:22,AREAD138.DAT,8,22,"[0C][03][14][02][02]""You mean Princess[01]Elina, yes?[02]Yes, she was here.""",56,
AREAD138.DAT:8:23,AREAD138.DAT,8,23,"[0C][03][14][02][02]""She was a very kind[01]person--she said she[02]was here on a good-[01]will visit to see[02]people injured[01]during the war.[01]However...""",128,
AREAD138.DAT:8:24,AREAD138.DAT,8,24,"[0C][05][14][02][02]""She is no longer[01]with us.""",33,
AREAD138.DAT:8:25,AREAD138.DAT,8,25,"[0C][05][14][02][02]""I'm afraid it's the[01]truth.[02]Now then!""",44,
AREAD138.DAT:8:26,AREAD138.DAT,8,26,"[0C][05][14][02][02]""I think it's about[01]time you were on your[02]way, my Eastern[01]friends.""",73,
AREAD138.DAT:8:27,AREAD138.DAT,8,27,"[0C][06][14][84]@""[04][02]! This place...[01]Isn't it...?""[13]@[14][C2]@""Yep...It's where we[01]came looking for[01]Elina before...""",97,
AREAD138.DAT:8:28,AREAD138.DAT,8,28,"[14][C2]@""Yep...It's where we[01]came looking for[01]Elina before...""",58,[14][C2]
AREAD138.DAT:8:29,AREAD138.DAT,8,29,"[14][81]A""Doesn't look exactly[01]like the headquarters[02]for the Imperial[01]Army, does it?...[01]Wait!""",89,[14][81]
AREAD138.DAT:8:30,AREAD138.DAT,8,30,"[0C][06][14][81]A""What would a monster[01]like that be doing in[01]a place like this?""",69,
AREAD138.DAT:8:32,AREAD138.DAT,8,32,"""Monsters...Too many of[01]them...They just kept[01]coming...""",57,
AREAD138.DAT:8:33,AREAD138.DAT,8,33,"""Uuuuhhhhh...""",15,
AREAD138.DAT:8:34,AREAD138.DAT,8,34,"""These monsters appeared[01]out of nowhere and[01]attacked us...[02]General Rhun took some[01]troops with him and went[01]to hunt them down.....""",131,
AREAD138.DAT:8:35,AREAD138.DAT,8,35,He's dead...,13,
AREAD138.DAT:8:36,AREAD138.DAT,8,36,"""Monsters! They're[01]everywhere![02]It's all because of Yuna[01]and his blasted hex[01]experiments!""",90,
AREAD138.DAT:8:37,AREAD138.DAT,8,37,"[14][01][01]""What...[0B]What's[01]this?[02]It looks like some[01]kind of...of organ.""",65,[14][01]
AREAD138.DAT:8:38,AREAD138.DAT,8,38,It's soft and rubbery...[01]Maybe it could be cut with[01]a sword or knife?,70,
AREAD138.DAT:8:39,AREAD138.DAT,8,39,"[14][85]C""You will not be able[01]to sever that...Not[01]with your blade.""",63,[14][85]
AREAD138.DAT:8:40,AREAD138.DAT,8,40,"[14][06][01]""E...[0B]Elina!?""",18,[14][06]
AREAD138.DAT:8:42,AREAD138.DAT,8,42,"[14][85]C""[04][02]...[01][04][01]...!?""",19,[14][85]
AREAD138.DAT:8:46,AREAD138.DAT,8,46,"[0C][06][14][85]C""The courtier named[01]Yuna holds it.[02]You must find him.""",60,
AREAD138.DAT:8:47,AREAD138.DAT,8,47,"[14][01][01]""Yuna...""",13,[14][01]
AREAD138.DAT:8:50,AREAD138.DAT,8,50,"[14][C2]@""I know.[02]Still, all we can do[01]now is find this[01]Yuna...""",59,[14][C2]
AREAD138.DAT:8:51,AREAD138.DAT,8,51,"[14][C2]@""And get the[01][09]V[01] from[01]him.[02]Come on! Let's not[01]waste any time.""",66,[14][C2]
AREAD138.DAT:8:52,AREAD138.DAT,8,52,"This blade can't cut it...[01]To cut it, you need to find[01]Yuna and the [09]V[01].",73,
AREAD138.DAT:8:53,AREAD138.DAT,8,53,"""Huh? Yuna?[02]He's the one who was doing[01]some kind of experiement[01]with the Carronade.[02]It's because of him that[01]all these monsters are[01]here!""",139,
AREAD138.DAT:8:54,AREAD138.DAT,8,54,"[14][83]@""The feeling of evil[01]is stronger here...!""",46,[14][83]
AREAD138.DAT:8:55,AREAD138.DAT,8,55,"[14][81]A""Can you feel it?[01]The feeling of evil[01]is stronger here.""",60,[14][81]
AREAD138.DAT:8:56,AREAD138.DAT,8,56,"[14][88]D""The evil presence...[01]It feels stronger[01]here...!""",53,[14][88]
AREAD138.DAT:8:57,AREAD138.DAT,8,57,"[14][89]E""It is a most[01]uncomfortable[01]feeling...[02][14][C5]@Says [04][05].""",55,[14][89]
AREAD139.DAT:8:0,AREAD139.DAT,8,0,"[14][C2]@""This is it...![02]This is the place[01]they're holding[01]Elina!""",61,[14][C2]
AREAD139.DAT:8:1,AREAD139.DAT,8,1,"[14][C2]@""This is it...![02]This is the place[01]they're holding[01]Elina!""",61,[14][C2]
AREAD139.DAT:8:3,AREAD139.DAT,8,3,"[14][C2]@""Don't get your hopes[01]up too much--we still[01]need to find her.[02]Let's go!""",76,[14][C2]
AREAD139.DAT:8:4,AREAD139.DAT,8,4,There's a diary here.[12][8B][0C][93]Rest[01]Diary[01]Never mind,47,
AREAD139.DAT:8:5,AREAD139.DAT,8,5,There's a diary here.[12][8B][0C][93]Rest[01]Diary[01]Never mind,47,
AREAD139.DAT:8:6,AREAD139.DAT,8,6,"[0C][04][14][C5]@""blub blub...[02][04][05] does not need[01]to breath.[02]Still, she says she[01]thanks you for your[01]assistance.""",100,
AREAD139.DAT:8:7,AREAD139.DAT,8,7,"[14][81]A""Somebody's coming!""",24,[14][81]
AREAD139.DAT:8:8,AREAD139.DAT,8,8,"[14][02][02]""What then is the[01]status of the[01]sacrifice?""",47,[14][02]
AREAD139.DAT:8:9,AREAD139.DAT,8,9,"[0C][05]""It continues to...[01]grow, Lord Yuna.""",40,
AREAD139.DAT:8:10,AREAD139.DAT,8,10,"[14][02][02]""Excellent.[0B] I am[01]greatly pleased.""",39,[14][02]
AREAD139.DAT:8:13,AREAD139.DAT,8,13,"If you come out from behind[01]the curtain, you'll be[01]seen!",57,
AREAD139.DAT:8:14,AREAD139.DAT,8,14,"[0C][0C]""Yes, Lord Yuna. At[01]the present rate...""",43,
AREAD139.DAT:8:15,AREAD139.DAT,8,15,"[14][C1]@""Whew![0B] Looks like[01]they didn't see[01]us...""[15][10]",47,[14][C1]
AREAD139.DAT:8:16,AREAD139.DAT,8,16,"[0C][03][14][02][02]""Ah, but we did.""",23,
AREAD139.DAT:8:17,AREAD139.DAT,8,17,"[0C][03][14][02][02]""Well now, we can't[01]have this,[0B] can we?[02]This building belongs[01]to the Fou Empire.[02]And you are[01]Easterners,[01]are you not?""",124,
AREAD139.DAT:8:18,AREAD139.DAT,8,18,"[0C][04][14][C2]@""We're...looking for[01]someone.""",36,
AREAD139.DAT:8:19,AREAD139.DAT,8,19,"[0C][04][14][83]@""Yes--we're looking[01]for my sister.[02]Her name is Elina.[01]We were told she had[01]come here...""",94,
AREAD139.DAT:8:20,AREAD139.DAT,8,20,"[0C][04][14][81]A""What do you know[01]about her!?""",36,
AREAD139.DAT:8:21,AREAD139.DAT,8,21,"[0C][03][14][02][02]""Now now now...[0B][01]Don't get too close,[01]hmm?""",49,
AREAD139.DAT:8:22,AREAD139.DAT,8,22,"[0C][03][14][02][02]""You mean Princess[01]Elina, yes?[02]Yes, she was here.""",56,
AREAD139.DAT:8:23,AREAD139.DAT,8,23,"[0C][03][14][02][02]""She was a very kind[01]person--she said she[02]was here on a good-[01]will visit to see[02]people injured[01]during the war.[01]However...""",128,
AREAD139.DAT:8:24,AREAD139.DAT,8,24,"[0C][05][14][02][02]""She is no longer[01]with us.""",33,
AREAD139.DAT:8:25,AREAD139.DAT,8,25,"[0C][05][14][02][02]""I'm afraid it's the[01]truth.[02]Now then!""",44,
AREAD139.DAT:8:26,AREAD139.DAT,8,26,"[0C][05][14][02][02]""I think it's about[01]time you were on your[02]way, my Eastern[01]friends.""",73,
AREAD139.DAT:8:27,AREAD139.DAT,8,27,"[0C][06][14][84]@""[04][02]! This place...[01]Isn't it...?""[13]@[14][C2]@""Yep...It's where we[01]came looking for[01]Elina before...""",97,
AREAD139.DAT:8:28,AREAD139.DAT,8,28,"[14][C2]@""Yep...It's where we[01]came looking for[01]Elina before...""",58,[14][C2]
AREAD139.DAT:8:29,AREAD139.DAT,8,29,"[14][81]A""Doesn't look exactly[01]like the headquarters[02]for the Imperial[01]Army, does it?...[01]Wait!""",89,[14][81]
AREAD139.DAT:8:30,AREAD139.DAT,8,30,"[0C][06][14][81]A""What would a monster[01]like that be doing in[01]a place like this?""",69,
AREAD139.DAT:8:32,AREAD139.DAT,8,32,"""Monsters...Too many of[01]them...They just kept[01]coming...""",57,
AREAD139.DAT:8:33,AREAD139.DAT,8,33,"""Uuuuhhhhh...""",15,
AREAD139.DAT:8:34,AREAD139.DAT,8,34,"""These monsters appeared[01]out of nowhere and[01]attacked us...[02]General Rhun took some[01]troops with him and went[01]to hunt them down.....""",131,
AREAD139.DAT:8:35,AREAD139.DAT,8,35,He's dead...,13,
AREAD139.DAT:8:36,AREAD139.DAT,8,36,"""Monsters! They're[01]everywhere![02]It's all because of Yuna[01]and his blasted hex[01]experiments!""",90,
AREAD139.DAT:8:37,AREAD139.DAT,8,37,"[14][01][01]""What...[0B]What's[01]this?[02]It looks like some[01]kind of...of organ.""",65,[14][01]
AREAD139.DAT:8:38,AREAD139.DAT,8,38,It's soft and rubbery...[01]Maybe it could be cut with[01]a sword or knife?,70,
AREAD139.DAT:8:39,AREAD139.DAT,8,39,"[14][85]C""You will not be able[01]to sever that...Not[01]with your blade.""",63,[14][85]
AREAD139.DAT:8:40,AREAD139.DAT,8,40,"[14][06][01]""E...[0B]Elina!?""",18,[14][06]
AREAD139.DAT:8:42,AREAD139.DAT,8,42,"[14][85]C""[04][02]...[01][04][01]...!?""",19,[14][85]
AREAD139.DAT:8:46,AREAD139.DAT,8,46,"[0C][06][14][85]C""The courtier named[01]Yuna holds it.[02]You must find him.""",60,
AREAD139.DAT:8:47,AREAD139.DAT,8,47,"[14][01][01]""Yuna...""",13,[14][01]
AREAD139.DAT:8:50,AREAD139.DAT,8,50,"[14][C2]@""I know.[02]Still, all we can do[01]now is find this[01]Yuna...""",59,[14][C2]
AREAD139.DAT:8:51,AREAD139.DAT,8,51,"[14][C2]@""And get the[01][09]V[01] from[01]him.[02]Come on! Let's not[01]waste any time.""",66,[14][C2]
AREAD139.DAT:8:52,AREAD139.DAT,8,52,"This blade can't cut it...[01]To cut it, you need to find[01]Yuna and the [09]V[01].",73,
AREAD139.DAT:8:53,AREAD139.DAT,8,53,"""Huh? Yuna?[02]He's the one who was doing[01]some kind of experiement[01]with the Carronade.[02]It's because of him that[01]all these monsters are[01]here!""",139,
AREAD139.DAT:8:54,AREAD139.DAT,8,54,"[14][83]@""The feeling of evil[01]is stronger here...!""",46,[14][83]
AREAD139.DAT:8:55,AREAD139.DAT,8,55,"[14][81]A""Can you feel it?[01]The feeling of evil[01]is stronger here.""",60,[14][81]
AREAD139.DAT:8:56,AREAD139.DAT,8,56,"[14][88]D""The evil presence...[01]It feels stronger[01]here...!""",53,[14][88]
AREAD139.DAT:8:57,AREAD139.DAT,8,57,"[14][89]E""It is a most[01]uncomfortable[01]feeling...[02][14][C5]@Says [04][05].""",55,[14][89]
AREAD140.DAT:11:5,AREAD140.DAT,11,5,Do you want to return to[01]the outside world?[12],45,
AREAD140.DAT:11:6,AREAD140.DAT,11,6,It looks like these pillars[01]are what's keeping whoever[01]that is here.,69,
AREAD140.DAT:11:7,AREAD140.DAT,11,7,"[14][01][01]""As you can see, I'm[01]trapped here.[02]I'd really appreciate[01]it if you could get[01]me out of here.""",97,[14][01]
AREAD140.DAT:11:8,AREAD140.DAT,11,8,"[14][02][02]""Um...Are you[01][04][05]...?""",25,[14][02]
AREAD140.DAT:11:9,AREAD140.DAT,11,9,"[14][03][03]""So you're [04][05],[01]huh?""",24,[14][03]
AREAD140.DAT:11:10,AREAD140.DAT,11,10,"[14][01][01]""Who else do you[01]think it could be!?[01]Of course I am![02]Now get rid of those[01]pillars and get me[01]out of here!""",110,[14][01]
AREAD140.DAT:11:11,AREAD140.DAT,11,11,"[14][01][01]""If you want to get[01]me out of here,[02]you're going to have[01]to destroy those[01]pillars.""",87,[14][01]
AREAD140.DAT:11:12,AREAD140.DAT,11,12,"[14][01][01]""Finally![02]I thought I'd never[01]get out of there!""",52,[14][01]
AREAD140.DAT:11:13,AREAD140.DAT,11,13,"[14][01][01]""First, let me thank[01]you for helping me.[02]There's still one[01]little problem,[01]though...""",89,[14][01]
AREAD140.DAT:11:14,AREAD140.DAT,11,14,"[14][01][01]""You see, well, I[01]don't have a body.""",41,[14][01]
AREAD140.DAT:11:15,AREAD140.DAT,11,15,"[14][01][01]""That means I can't[01]leave here.""",36,[14][01]
AREAD140.DAT:11:16,AREAD140.DAT,11,16,"[14][01][01]""That's why I want[01]you to find me a[02]medium who can loan[01]me a body, OK?""",75,[14][01]
AREAD140.DAT:11:17,AREAD140.DAT,11,17,"[14][01][01]""Don't worry--this[01]is where they summon[01]gods and whatnot![02]There's bound to be[01]lots of mediums[01]around!""",106,[14][01]
AREAD140.DAT:11:18,AREAD140.DAT,11,18,"[14][01][01]""Remember, once you[01]get back out,[02]you need to find me[01]a medium.[02]Oh, and...Try to find[01]a good-looking one[01]if you can, OK?""",125,[14][01]
AREAD141.DAT:7:0,AREAD141.DAT,7,0,"[0C][04][14][80]@""Not only do you[01]sneak into the[01]Empire--[02]with whom we[01]currently have a[01]truce, I might add--[02]but you are caught[01]doing so and[01]deported.[02]I ask you, is this[01]conduct becoming[01]of a warrior,[02]one who claims to[01]lead the mighty[01]Woren nation!?""",239,
AREAD141.DAT:7:1,AREAD141.DAT,7,1,"[0C][04][14][80]@""Not only do you[01]sneak into the[01]Empire--[02]with whom we[01]currently have a[01]truce, I might add--[02]but you are caught[01]doing so and[01]deported.[02]I ask you, is this[01]conduct becoming[01]of a warrior,[02]one who claims to[01]lead the mighty[01]Woren nation!?""",239,
AREAD141.DAT:7:3,AREAD141.DAT,7,3,"[0C][04][14][80]@""Do you have any idea[01]what your rash,[02]thoughtless actions[01]will cost us and the[01]entire Alliance[02]in our dealings with[01]the Empire? Do you!?""",143,
AREAD141.DAT:7:5,AREAD141.DAT,7,5,"[0C][03][14][01][01]""But how can you just[01]sit there like that,[02]when a member of one[01]of the Alliance's[01]royal families...[02][14][02][01]When Elina has been[01]kidnapped by the[01]Empire!?""",155,
AREAD141.DAT:7:6,AREAD141.DAT,7,6,"[0C][04][14][80]@""We have a greater[01]responsibility to[01]protect the members[02]of the entire[01]Alliance![02]We can't afford to[01]worry ourselves over[02]one person, even if[01]she is a princess!""",166,
AREAD141.DAT:7:7,AREAD141.DAT,7,7,"[14][03][02]""I'm sorry, but this[01]area is being used[02]for the inquiry of[01]Chief [04][02].[02]No one is allowed[01]entry.""",98,[14][03]
AREAD141.DAT:7:8,AREAD141.DAT,7,8,"[14][04][03]""I have vital[01]information[01]regarding [04][02]![02]It's about the[01][09][01][01]...""[15][09]",68,[14][04]
AREAD141.DAT:7:9,AREAD141.DAT,7,9,"[0C][04][14][80]@""The [09][01][01]?[01]Why, it's right[01]here!""",38,
AREAD141.DAT:7:10,AREAD141.DAT,7,10,"[0C][06][14][80]@""It was just returned[01]to us by the Empire.""",49,
AREAD141.DAT:7:11,AREAD141.DAT,7,11,"[0C][06][14][80]@""In exchange for its[01]return...[02]They have made[01]several difficult[01]demands to us...[02]Among them, changes[01]to our treaty--[02]changes that we have[01]little choice but to[01]accept!""",173,
AREAD141.DAT:7:12,AREAD141.DAT,7,12,"[0C][03][14][04][03]""But...My sister...[01]We were going to...""",46,
AREAD141.DAT:7:13,AREAD141.DAT,7,13,"[0C][06][14][80]@""Silence![02]This is no longer a[01]matter you need[02]concern yourself[01]with.""",75,
AREAD141.DAT:7:15,AREAD141.DAT,7,15,"[0C][03][14][04][03]""Oh, [04][02]...""",17,
AREAD141.DAT:7:16,AREAD141.DAT,7,16,"[0C][03][14][05][04]""[04][03]! Can't you[01]keep your eye on[01]them!?[02]You let them go off[01]and make a fake sword[01]like that...[02]What were you[01]thinking!?""",125,
AREAD141.DAT:7:17,AREAD141.DAT,7,17,"[0C][06][14][C3]@""You said to w...[01]w...""",29,
AREAD141.DAT:7:18,AREAD141.DAT,7,18,"[0C][06][14][C3]@""To watch them...[02]You didn't say[01]anything about[01]s-stopping them.",70,
AREAD141.DAT:7:19,AREAD141.DAT,7,19,"[0C][03][14][05][04]""Grr....[02]The next time they[01]try to do something,[02]let me know[01]immediately![01]Understand?""",92,
AREAD141.DAT:7:20,AREAD141.DAT,7,20,"[0C][02][14][03][02]""The prisoner is[01]currently under[01]investigation.[02]No visitors are[01]allowed!""",79,
AREAD141.DAT:7:21,AREAD141.DAT,7,21,"[0C][03][14][85]D""I'm afraid that's[01]the way it has to be,[01]Princess [04][01].""",60,
AREAD141.DAT:7:22,AREAD141.DAT,7,22,"[0C][03][14][85]D""Master [04][02] is[01]the leader of the[01]Woren nation...[02]Unlike you, he must[01]be kept under strict[01]guard.""",102,
AREAD141.DAT:7:23,AREAD141.DAT,7,23,"[0C][06][14][85]D""I'm sorry, but I'm[01]afraid I'll have to[01]ask you to leave.[02][04][03], keep your[01]eye on them!""",91,
AREAD141.DAT:7:24,AREAD141.DAT,7,24,"[14][03][02]""I'm sorry, but I[01]cannot allow you[01]to pass.""[02][14][FF][FF][14][86]E""It may take several[01]days to finish the[02]inquiry into Chief[01][04][02]'s actions.[02]You should wait in[01]your room in the[01]city.""",170,[14][03]
AREAD141.DAT:7:25,AREAD141.DAT,7,25,"[14][86]E""It may take several[01]days to finish the[02]inquiry into Chief[01][04][02]'s actions.[02]You should wait in[01]your room in the[01]city.""",119,[14][86]
AREAD141.DAT:7:26,AREAD141.DAT,7,26,"[14][03][02]""I just can't[01]understand what[01]they're thinking![02]I mean, after all,[01]the prince's fiancee[01]is missing, right?[02]How can he just sit[01]there like that?""",148,[14][03]
AREAD141.DAT:7:27,AREAD141.DAT,7,27,"[14][86]E""Makes you feel sorry[01]for [04][02], doesn't[01]it?""",46,[14][86]
AREAD141.DAT:7:28,AREAD141.DAT,7,28,"[14][03][02]""I'm sorry, but I[01]can't let you pass.""",42,[14][03]
AREAD141.DAT:7:29,AREAD141.DAT,7,29,"[14][C1]@""He certainly is[01]keeping an eye on[01]us, isn't he?""",53,[14][C1]
AREAD141.DAT:7:30,AREAD141.DAT,7,30,"[14][84]C""I suppose it[01]wouldn't do much[02]good talking to[01]him, would it?""",66,[14][84]
AREAD141.DAT:7:31,AREAD141.DAT,7,31,"[14][86]E""Nnnn....zzzz...[0B][01]fuwaaahhh...""",35,[14][86]
AREAD141.DAT:7:32,AREAD141.DAT,7,32,[0C]      Defeat the [05][02]Guards[06]![02]You only have [05][02]1 turn[06] before[01]the guards call for help![02]Use combo attacks to[01]defeat them quickly!,128,
AREAD141.DAT:7:33,AREAD141.DAT,7,33,"[14][07][02]""Uuhhhh...Ow...""",20,[14][07]
AREAD141.DAT:7:34,AREAD141.DAT,7,34,"[14][07][02]""[0D][0F][02]Uh[0E] oh![02]Intruders!""",27,[14][07]
AREAD141.DAT:7:35,AREAD141.DAT,7,35,"[14][03][02]""uhhh...""",13,[14][03]
AREAD141.DAT:7:36,AREAD141.DAT,7,36,"[14][03][02]""[0D][0F][02]Wh[0E]-whoa![02]Help!""",24,[14][03]
AREAD141.DAT:7:37,AREAD141.DAT,7,37,"[14][03][02]""[0D][0F][08]Zzzzzz[0E]...""",19,[14][03]
AREAD141.DAT:7:38,AREAD141.DAT,7,38,"[14][03][02]""[0D][0F][02]Y[0E]-yikes![02]Somebody! Help!""",34,[14][03]
AREAD141.DAT:7:39,AREAD141.DAT,7,39,"[14][03][02]""Zzz...zzz...[0B]zzz...""",25,[14][03]
AREAD141.DAT:7:40,AREAD141.DAT,7,40,"[14][C1]@""Aren't you going to[01]try and stop us,[01][04][03]?""",46,[14][C1]
AREAD141.DAT:7:42,AREAD141.DAT,7,42,"[14][C1]@""...[0B]...[0B][02][14][FF][FF][14][88]CThank you, [04][03].[01]I guess you're one[01]of the good guys.""",72,[14][C1]
AREAD141.DAT:7:43,AREAD141.DAT,7,43,"[14][03][02]""Looks like some of[01]the members of the[02]Alliance are[01]quarreling...[02]If a war starts now,[01]we might be in[01]trouble.""",115,[14][03]
AREAD141.DAT:7:44,AREAD141.DAT,7,44,"[14][86]E""There's a lot going[01]on right now...[02]I'm afraid I can't[01]let you pass.""",74,[14][86]
AREAD141.DAT:7:45,AREAD141.DAT,7,45,"[14][03][02][14][86]E""Entry into[01]the castle is[01]prohibited!""",45,[14][03]
AREAD142.DAT:7:0,AREAD142.DAT,7,0,"[0C][04][14][80]@""Not only do you[01]sneak into the[01]Empire--[02]with whom we[01]currently have a[01]truce, I might add--[02]but you are caught[01]doing so and[01]deported.[02]I ask you, is this[01]conduct becoming[01]of a warrior,[02]one who claims to[01]lead the mighty[01]Woren nation!?""",239,
AREAD142.DAT:7:1,AREAD142.DAT,7,1,"[0C][04][14][80]@""Not only do you[01]sneak into the[01]Empire--[02]with whom we[01]currently have a[01]truce, I might add--[02]but you are caught[01]doing so and[01]deported.[02]I ask you, is this[01]conduct becoming[01]of a warrior,[02]one who claims to[01]lead the mighty[01]Woren nation!?""",239,
AREAD142.DAT:7:3,AREAD142.DAT,7,3,"[0C][04][14][80]@""Do you have any idea[01]what your rash,[02]thoughtless actions[01]will cost us and the[01]entire Alliance[02]in our dealings with[01]the Empire? Do you!?""",143,
AREAD142.DAT:7:5,AREAD142.DAT,7,5,"[0C][03][14][01][01]""But how can you just[01]sit there like that,[02]when a member of one[01]of the Alliance's[01]royal families...[02][14][02][01]When Elina has been[01]kidnapped by the[01]Empire!?""",155,
AREAD142.DAT:7:6,AREAD142.DAT,7,6,"[0C][04][14][80]@""We have a greater[01]responsibility to[01]protect the members[02]of the entire[01]Alliance![02]We can't afford to[01]worry ourselves over[02]one person, even if[01]she is a princess!""",166,
AREAD142.DAT:7:7,AREAD142.DAT,7,7,"[14][03][02]""I'm sorry, but this[01]area is being used[02]for the inquiry of[01]Chief [04][02].[02]No one is allowed[01]entry.""",98,[14][03]
AREAD142.DAT:7:8,AREAD142.DAT,7,8,"[14][04][03]""I have vital[01]information[01]regarding [04][02]![02]It's about the[01][09][01][01]...""[15][09]",68,[14][04]
AREAD142.DAT:7:9,AREAD142.DAT,7,9,"[0C][04][14][80]@""The [09][01][01]?[01]Why, it's right[01]here!""",38,
AREAD142.DAT:7:10,AREAD142.DAT,7,10,"[0C][06][14][80]@""It was just returned[01]to us by the Empire.""",49,
AREAD142.DAT:7:11,AREAD142.DAT,7,11,"[0C][06][14][80]@""In exchange for its[01]return...[02]They have made[01]several difficult[01]demands to us...[02]Among them, changes[01]to our treaty--[02]changes that we have[01]little choice but to[01]accept!""",173,
AREAD142.DAT:7:12,AREAD142.DAT,7,12,"[0C][03][14][04][03]""But...My sister...[01]We were going to...""",46,
AREAD142.DAT:7:13,AREAD142.DAT,7,13,"[0C][06][14][80]@""Silence![02]This is no longer a[01]matter you need[02]concern yourself[01]with.""",75,
AREAD142.DAT:7:15,AREAD142.DAT,7,15,"[0C][03][14][04][03]""Oh, [04][02]...""",17,
AREAD142.DAT:7:16,AREAD142.DAT,7,16,"[0C][03][14][05][04]""[04][03]! Can't you[01]keep your eye on[01]them!?[02]You let them go off[01]and make a fake sword[01]like that...[02]What were you[01]thinking!?""",125,
AREAD142.DAT:7:17,AREAD142.DAT,7,17,"[0C][06][14][C3]@""You said to w...[01]w...""",29,
AREAD142.DAT:7:18,AREAD142.DAT,7,18,"[0C][06][14][C3]@""To watch them...[02]You didn't say[01]anything about[01]s-stopping them.",70,
AREAD142.DAT:7:19,AREAD142.DAT,7,19,"[0C][03][14][05][04]""Grr....[02]The next time they[01]try to do something,[02]let me know[01]immediately![01]Understand?""",92,
AREAD142.DAT:7:20,AREAD142.DAT,7,20,"[0C][02][14][03][02]""The prisoner is[01]currently under[01]investigation.[02]No visitors are[01]allowed!""",79,
AREAD142.DAT:7:21,AREAD142.DAT,7,21,"[0C][03][14][85]D""I'm afraid that's[01]the way it has to be,[01]Princess [04][01].""",60,
AREAD142.DAT:7:22,AREAD142.DAT,7,22,"[0C][03][14][85]D""Master [04][02] is[01]the leader of the[01]Woren nation...[02]Unlike you, he must[01]be kept under strict[01]guard.""",102,
AREAD142.DAT:7:23,AREAD142.DAT,7,23,"[0C][06][14][85]D""I'm sorry, but I'm[01]afraid I'll have to[01]ask you to leave.[02][04][03], keep your[01]eye on them!""",91,
AREAD142.DAT:7:24,AREAD142.DAT,7,24,"[14][03][02]""I'm sorry, but I[01]cannot allow you[01]to pass.""[02][14][FF][FF][14][86]E""It may take several[01]days to finish the[02]inquiry into Chief[01][04][02]'s actions.[02]You should wait in[01]your room in the[01]city.""",170,[14][03]
AREAD142.DAT:7:25,AREAD142.DAT,7,25,"[14][86]E""It may take several[01]days to finish the[02]inquiry into Chief[01][04][02]'s actions.[02]You should wait in[01]your room in the[01]city.""",119,[14][86]
AREAD142.DAT:7:26,AREAD142.DAT,7,26,"[14][03][02]""I just can't[01]understand what[01]they're thinking![02]I mean, after all,[01]the prince's fiancee[01]is missing, right?[02]How can he just sit[01]there like that?""",148,[14][03]
AREAD142.DAT:7:27,AREAD142.DAT,7,27,"[14][86]E""Makes you feel sorry[01]for [04][02], doesn't[01]it?""",46,[14][86]
AREAD142.DAT:7:28,AREAD142.DAT,7,28,"[14][03][02]""I'm sorry, but I[01]can't let you pass.""",42,[14][03]
AREAD142.DAT:7:29,AREAD142.DAT,7,29,"[14][C1]@""He certainly is[01]keeping an eye on[01]us, isn't he?""",53,[14][C1]
AREAD142.DAT:7:30,AREAD142.DAT,7,30,"[14][84]C""I suppose it[01]wouldn't do much[02]good talking to[01]him, would it?""",66,[14][84]
AREAD142.DAT:7:31,AREAD142.DAT,7,31,"[14][86]E""Nnnn....zzzz...[0B][01]fuwaaahhh...""",35,[14][86]
AREAD142.DAT:7:32,AREAD142.DAT,7,32,[0C]      Defeat the [05][02]Guards[06]![02]You only have [05][02]1 turn[06] before[01]the guards call for help![02]Use combo attacks to[01]defeat them quickly!,128,
AREAD142.DAT:7:33,AREAD142.DAT,7,33,"[14][07][02]""Uuhhhh...Ow...""",20,[14][07]
AREAD142.DAT:7:34,AREAD142.DAT,7,34,"[14][07][02]""[0D][0F][02]Uh[0E] oh![02]Intruders!""",27,[14][07]
AREAD142.DAT:7:35,AREAD142.DAT,7,35,"[14][03][02]""uhhh...""",13,[14][03]
AREAD142.DAT:7:36,AREAD142.DAT,7,36,"[14][03][02]""[0D][0F][02]Wh[0E]-whoa![02]Help!""",24,[14][03]
AREAD142.DAT:7:37,AREAD142.DAT,7,37,"[14][03][02]""[0D][0F][08]Zzzzzz[0E]...""",19,[14][03]
AREAD142.DAT:7:38,AREAD142.DAT,7,38,"[14][03][02]""[0D][0F][02]Y[0E]-yikes![02]Somebody! Help!""",34,[14][03]
AREAD142.DAT:7:39,AREAD142.DAT,7,39,"[14][03][02]""Zzz...zzz...[0B]zzz...""",25,[14][03]
AREAD142.DAT:7:40,AREAD142.DAT,7,40,"[14][C1]@""Aren't you going to[01]try and stop us,[01][04][03]?""",46,[14][C1]
AREAD142.DAT:7:42,AREAD142.DAT,7,42,"[14][C1]@""...[0B]...[0B][02][14][FF][FF][14][88]CThank you, [04][03].[01]I guess you're one[01]of the good guys.""",72,[14][C1]
AREAD142.DAT:7:43,AREAD142.DAT,7,43,"[14][03][02]""Looks like some of[01]the members of the[02]Alliance are[01]quarreling...[02]If a war starts now,[01]we might be in[01]trouble.""",115,[14][03]
AREAD142.DAT:7:44,AREAD142.DAT,7,44,"[14][86]E""There's a lot going[01]on right now...[02]I'm afraid I can't[01]let you pass.""",74,[14][86]
AREAD142.DAT:7:45,AREAD142.DAT,7,45,"[14][03][02][14][86]E""Entry into[01]the castle is[01]prohibited!""",45,[14][03]
AREAD145.DAT:8:2,AREAD145.DAT,8,2,"[14][C1]@""You mean, if we[01]follow this, we can[01]get to the mainland?[02][14][81]ARight, Poko?""",78,[14][C1]
AREAD145.DAT:8:7,AREAD145.DAT,8,7,"[14][02][02]""Heh heh...[02]She says we will be[01]in a great deal of[02]trouble should the[01]sun go down before[01]we reach land.""",108,[14][02]
AREAD145.DAT:8:8,AREAD145.DAT,8,8,"[14][03][01]""Uh-oh! It's getting[01]dark!""",31,[14][03]
AREAD145.DAT:8:9,AREAD145.DAT,8,9,"[14][04][03]""This isn't good...[01]It's getting dark.""",43,[14][04]
AREAD145.DAT:8:10,AREAD145.DAT,8,10,"[14][05][04]""Looks like we'd[01]better hurry.""",35,[14][05]
AREAD145.DAT:8:14,AREAD145.DAT,8,14,"[0C][02][14][87]A""Hmmm...""[02][14][C1]@""Looks like this is[01]as far as we can get[01]today.""",67,
AREAD145.DAT:8:15,AREAD145.DAT,8,15,"[0C][02][14][C2]@""Drat! It's too dark[01]to even see the path.[02]Guess we're stuck[01]here until morning.""",87,
AREAD145.DAT:8:16,AREAD145.DAT,8,16,"[0C][02][14][C4]@""It's too dark. We[01]should stop here and[01]wait until morning.""",66,
AREAD145.DAT:8:17,AREAD145.DAT,8,17,"[0C][02][14][C5]@""[04][05] tells me...""[02][14][86]E""It's too dark to[01]continue--looks like[01]we're stuck here.""",83,
AREAD145.DAT:8:18,AREAD145.DAT,8,18,"[14][85]D""I wonder how much[01]further we have to[01]go?""",46,[14][85]
AREAD145.DAT:8:19,AREAD145.DAT,8,19,"[14][C2]@""We can't afford[01]to waste our time[02]sitting around like[01]this!""",65,[14][C2]
AREAD145.DAT:8:21,AREAD145.DAT,8,21,"[14][C2]@""I guess you're[01]right...""",29,[14][C2]
AREAD145.DAT:8:22,AREAD145.DAT,8,22,"[0C][06][14][88]A""[04][02]...[0B]The[01]road!!""",24,
AREAD145.DAT:8:24,AREAD145.DAT,8,24,"[0C][05][14][09][04]""We shouldn't have[01]stopped![02]We should've kept[01]going through the[01]night,[02]no matter how risky[01]it was!""",105,
AREAD145.DAT:8:25,AREAD145.DAT,8,25,"[0C][06][14][8A]A""I'm sorry, [04][02].[01]It's my fault...[02]If I hadn't suggested[01]we rest for the[01]night...""",86,
AREAD145.DAT:8:28,AREAD145.DAT,8,28,"[0C][06][14][C1]@""C-come on! Let's[01]do as she says!""",40,
AREAD145.DAT:8:31,AREAD145.DAT,8,31,"[0C][05][14][C4]@""Judging by the lay[01]of the land, I'd say[02]this is where the[01]flats connect to the[01]mainland.""",96,
AREAD145.DAT:8:32,AREAD145.DAT,8,32,"[0C][05][14][C4]@""It's no use...[02]We can't go this way[01]either.""",51,
AREAD145.DAT:8:33,AREAD145.DAT,8,33,"[14][C1]@""You mean...""",17,[14][C1]
AREAD145.DAT:8:34,AREAD145.DAT,8,34,"[0C][05][14][04][03]""Until the tide[01]changes and the flats[01]reappear...[02]We're stuck here.""",74,
AREAD145.DAT:8:35,AREAD145.DAT,8,35,"[14][05][04]""How can you be so[01]calm!?""",30,[14][05]
AREAD145.DAT:8:38,AREAD145.DAT,8,38,"[14][86]E""Chill out, [04][02]![02]We'll get out of[01]here--you can count[01]on it.[02]Remember, [04]",75,[14][86]
AREAD145.DAT:8:39,AREAD145.DAT,8,39,"[14][86]E""At the very least,[01][04]",25,[14][86]
AREAD145.DAT:8:40,AREAD145.DAT,8,40,"[14][07][01]""Oh...[0B]Good morning,[01][04]",26,[14][07]
AREAD145.DAT:8:41,AREAD145.DAT,8,41,"[14][05][04]""...[0B]...[0B]...""",17,[14][05]
AREAD145.DAT:8:42,AREAD145.DAT,8,42,"[14][07][01]""Well, we weren't[01]exactly expecting[02]something like this[01]to happen, but...[02][14][01][01]I'm sure everything[01]will work out in the[01]end.""",127,[14][07]
AREAD145.DAT:8:47,AREAD145.DAT,8,47,"[14][C1]@""Are you going off[01]to explore the[01]island?[02]I hope you don't mind[01]if I come with you!""",88,[14][C1]
AREAD145.DAT:8:49,AREAD145.DAT,8,49,"[0C][06][14][85]D""Uh...[0B]Hey...[0B]I...""",25,
AREAD145.DAT:8:50,AREAD145.DAT,8,50,"[0C][05][14][04][03]""Calm down![02]Get a hold of[01]yourself.""",42,
AREAD145.DAT:8:51,AREAD145.DAT,8,51,"[0C][05][14][04][03]""You're supposed to[01]be the leader of this[02]little expedition,[01]aren't you!?""[02][14][0D][08]...[0B]...[0B]...""",96,
AREAD145.DAT:8:52,AREAD145.DAT,8,52,"[0C][03][14][C3]@""Pukapuka...""",19,
AREAD145.DAT:8:53,AREAD145.DAT,8,53,"[0C][03][14][86]E""Remember what the[01]Pabpab said?[02]Pukapuka...What will[01]be, will be...[02]That's a good lesson[01]to learn, pretty[01]kitty...""[02][14][C5]@""Indeed.""",134,
AREAD145.DAT:8:55,AREAD145.DAT,8,55,"[0C][02][14][C1]@""We were just talking[01]about going to look[01]for some food.""",63,
AREAD145.DAT:8:57,AREAD145.DAT,8,57,"[14][06][05]""Well, I suppose[01]there are a lot worse[01]places to get stuck.""[02][14]E",67,[14][06]
AREAD145.DAT:8:59,AREAD145.DAT,8,59,"[14][0E][01]""I guess this means[01]you can fish around[01]here...Right?""",58,[14][0E]
AREAD145.DAT:8:60,AREAD145.DAT,8,60,"[0C][05][14][01][01]""Were you able to[01]catch anything,[01][04]",41,
AREAD145.DAT:8:61,AREAD145.DAT,8,61,"[0C][05][14][07][01]""Well, that means we[01]don't have to worry[01]about food then.""",64,
AREAD145.DAT:8:62,AREAD145.DAT,8,62,"[0C][05][14][01][01]""We should go back[01]and tell everyone[01]what we found.""",58,
AREAD145.DAT:8:64,AREAD145.DAT,8,64,"[0C][05][14][07][01]""OK...[02][14]A",15,
AREAD145.DAT:8:66,AREAD145.DAT,8,66,"[0C][05][14][01][01]""Good luck, [04]",19,
AREAD145.DAT:8:78,AREAD145.DAT,8,78,"[0C][06][14][C2]@""That's good...[02]I'm sorry, [04][01].[01]I don't know what[01]happened...[02]It's just...When I[01]thought we were[01]trapped here,[02]I just...I don't[01]know, I panicked...""",153,
AREAD145.DAT:8:79,AREAD145.DAT,8,79,"[0C][05][14][01][01]""Don't worry, [04][02].[01]We just have to be[01]patient, that's all.""",64,
AREAD145.DAT:8:81,AREAD145.DAT,8,81,"[0C][06][14][01][01]""[04][02], we're going[01]fishing. We'll be[01]back soon!""",52,
AREAD145.DAT:8:82,AREAD145.DAT,8,82,"[14][05][04]""What will be, will[01]be, huh?...[0B]...""",40,[14][05]
AREAD145.DAT:8:87,AREAD145.DAT,8,87,"[14][07][01]""What happened,[01][04]",21,[14][07]
AREAD145.DAT:8:90,AREAD145.DAT,8,90,"[14][87]A""I always figured[01]they would get[01]married someday...[02][14][81]AHe's been like a[01]brother to me...""",93,[14][87]
AREAD145.DAT:8:91,AREAD145.DAT,8,91,"[14][C1]@""I think maybe...I[01]look up to him more[01]than love him...""",60,[14][C1]
AREAD145.DAT:8:92,AREAD145.DAT,8,92,"[14][C1]@""I mean, he's[01]strong...[02]There's nothing he[01]can't do...He's[01]funny...""",72,[14][C1]
AREAD145.DAT:8:101,AREAD145.DAT,8,101,"[14][15][04]""Hey! Look! The[01]tide...!""",29,[14][15]
AREAD145.DAT:8:102,AREAD145.DAT,8,102,"[14][C1]@""It looks like it's[01]going out.[02]Let's go see!""",49,[14][C1]
AREAD145.DAT:8:106,AREAD145.DAT,8,106,"[14][06][05]""See? I told you we[01]just had to be[01]patient.""[02][14]E",51,[14][06]
AREAD145.DAT:8:110,AREAD145.DAT,8,110,You can rest here.[12],20,
AREAD145.DAT:8:111,AREAD145.DAT,8,111,It's empty.,12,
AREAD145.DAT:8:113,AREAD145.DAT,8,113,Keep our fishing spots[01]clean! Remember to pick[01]up your trash!,62,
AREAD145.DAT:8:114,AREAD145.DAT,8,114,You can rest here.[12][8B][0C][93]Rest[01]Diary[01]Never mind,44,
AREAD146.DAT:8:2,AREAD146.DAT,8,2,"[14][C1]@""You mean, if we[01]follow this, we can[01]get to the mainland?[02][14][81]ARight, Poko?""",78,[14][C1]
AREAD146.DAT:8:7,AREAD146.DAT,8,7,"[14][02][02]""Heh heh...[02]She says we will be[01]in a great deal of[02]trouble should the[01]sun go down before[01]we reach land.""",108,[14][02]
AREAD146.DAT:8:8,AREAD146.DAT,8,8,"[14][03][01]""Uh-oh! It's getting[01]dark!""",31,[14][03]
AREAD146.DAT:8:9,AREAD146.DAT,8,9,"[14][04][03]""This isn't good...[01]It's getting dark.""",43,[14][04]
AREAD146.DAT:8:10,AREAD146.DAT,8,10,"[14][05][04]""Looks like we'd[01]better hurry.""",35,[14][05]
AREAD146.DAT:8:14,AREAD146.DAT,8,14,"[0C][02][14][87]A""Hmmm...""[02][14][C1]@""Looks like this is[01]as far as we can get[01]today.""",67,
AREAD146.DAT:8:15,AREAD146.DAT,8,15,"[0C][02][14][C2]@""Drat! It's too dark[01]to even see the path.[02]Guess we're stuck[01]here until morning.""",87,
AREAD146.DAT:8:16,AREAD146.DAT,8,16,"[0C][02][14][C4]@""It's too dark. We[01]should stop here and[01]wait until morning.""",66,
AREAD146.DAT:8:17,AREAD146.DAT,8,17,"[0C][02][14][C5]@""[04][05] tells me...""[02][14][86]E""It's too dark to[01]continue--looks like[01]we're stuck here.""",83,
AREAD146.DAT:8:18,AREAD146.DAT,8,18,"[14][85]D""I wonder how much[01]further we have to[01]go?""",46,[14][85]
AREAD146.DAT:8:19,AREAD146.DAT,8,19,"[14][C2]@""We can't afford[01]to waste our time[02]sitting around like[01]this!""",65,[14][C2]
AREAD146.DAT:8:21,AREAD146.DAT,8,21,"[14][C2]@""I guess you're[01]right...""",29,[14][C2]
AREAD146.DAT:8:22,AREAD146.DAT,8,22,"[0C][06][14][88]A""[04][02]...[0B]The[01]road!!""",24,
AREAD146.DAT:8:24,AREAD146.DAT,8,24,"[0C][05][14][09][04]""We shouldn't have[01]stopped![02]We should've kept[01]going through the[01]night,[02]no matter how risky[01]it was!""",105,
AREAD146.DAT:8:25,AREAD146.DAT,8,25,"[0C][06][14][8A]A""I'm sorry, [04][02].[01]It's my fault...[02]If I hadn't suggested[01]we rest for the[01]night...""",86,
AREAD146.DAT:8:28,AREAD146.DAT,8,28,"[0C][06][14][C1]@""C-come on! Let's[01]do as she says!""",40,
AREAD146.DAT:8:31,AREAD146.DAT,8,31,"[0C][05][14][C4]@""Judging by the lay[01]of the land, I'd say[02]this is where the[01]flats connect to the[01]mainland.""",96,
AREAD146.DAT:8:32,AREAD146.DAT,8,32,"[0C][05][14][C4]@""It's no use...[02]We can't go this way[01]either.""",51,
AREAD146.DAT:8:33,AREAD146.DAT,8,33,"[14][C1]@""You mean...""",17,[14][C1]
AREAD146.DAT:8:34,AREAD146.DAT,8,34,"[0C][05][14][04][03]""Until the tide[01]changes and the flats[01]reappear...[02]We're stuck here.""",74,
AREAD146.DAT:8:35,AREAD146.DAT,8,35,"[14][05][04]""How can you be so[01]calm!?""",30,[14][05]
AREAD146.DAT:8:38,AREAD146.DAT,8,38,"[14][86]E""Chill out, [04][02]![02]We'll get out of[01]here--you can count[01]on it.[02]Remember, [04]",75,[14][86]
AREAD146.DAT:8:39,AREAD146.DAT,8,39,"[14][86]E""At the very least,[01][04]",25,[14][86]
AREAD146.DAT:8:40,AREAD146.DAT,8,40,"[14][07][01]""Oh...[0B]Good morning,[01][04]",26,[14][07]
AREAD146.DAT:8:41,AREAD146.DAT,8,41,"[14][05][04]""...[0B]...[0B]...""",17,[14][05]
AREAD146.DAT:8:42,AREAD146.DAT,8,42,"[14][07][01]""Well, we weren't[01]exactly expecting[02]something like this[01]to happen, but...[02][14][01][01]I'm sure everything[01]will work out in the[01]end.""",127,[14][07]
AREAD146.DAT:8:47,AREAD146.DAT,8,47,"[14][C1]@""Are you going off[01]to explore the[01]island?[02]I hope you don't mind[01]if I come with you!""",88,[14][C1]
AREAD146.DAT:8:49,AREAD146.DAT,8,49,"[0C][06][14][85]D""Uh...[0B]Hey...[0B]I...""",25,
AREAD146.DAT:8:50,AREAD146.DAT,8,50,"[0C][05][14][04][03]""Calm down![02]Get a hold of[01]yourself.""",42,
AREAD146.DAT:8:51,AREAD146.DAT,8,51,"[0C][05][14][04][03]""You're supposed to[01]be the leader of this[02]little expedition,[01]aren't you!?""[02][14][0D][08]...[0B]...[0B]...""",96,
AREAD146.DAT:8:52,AREAD146.DAT,8,52,"[0C][03][14][C3]@""Pukapuka...""",19,
AREAD146.DAT:8:53,AREAD146.DAT,8,53,"[0C][03][14][86]E""Remember what the[01]Pabpab said?[02]Pukapuka...What will[01]be, will be...[02]That's a good lesson[01]to learn, pretty[01]kitty...""[02][14][C5]@""Indeed.""",134,
AREAD146.DAT:8:55,AREAD146.DAT,8,55,"[0C][02][14][C1]@""We were just talking[01]about going to look[01]for some food.""",63,
AREAD146.DAT:8:57,AREAD146.DAT,8,57,"[14][06][05]""Well, I suppose[01]there are a lot worse[01]places to get stuck.""[02][14]E",67,[14][06]
AREAD146.DAT:8:59,AREAD146.DAT,8,59,"[14][0E][01]""I guess this means[01]you can fish around[01]here...Right?""",58,[14][0E]
AREAD146.DAT:8:60,AREAD146.DAT,8,60,"[0C][05][14][01][01]""Were you able to[01]catch anything,[01][04]",41,
AREAD146.DAT:8:61,AREAD146.DAT,8,61,"[0C][05][14][07][01]""Well, that means we[01]don't have to worry[01]about food then.""",64,
AREAD146.DAT:8:62,AREAD146.DAT,8,62,"[0C][05][14][01][01]""We should go back[01]and tell everyone[01]what we found.""",58,
AREAD146.DAT:8:64,AREAD146.DAT,8,64,"[0C][05][14][07][01]""OK...[02][14]A",15,
AREAD146.DAT:8:66,AREAD146.DAT,8,66,"[0C][05][14][01][01]""Good luck, [04]",19,
AREAD146.DAT:8:78,AREAD146.DAT,8,78,"[0C][06][14][C2]@""That's good...[02]I'm sorry, [04][01].[01]I don't know what[01]happened...[02]It's just...When I[01]thought we were[01]trapped here,[02]I just...I don't[01]know, I panicked...""",153,
AREAD146.DAT:8:79,AREAD146.DAT,8,79,"[0C][05][14][01][01]""Don't worry, [04][02].[01]We just have to be[01]patient, that's all.""",64,
AREAD146.DAT:8:81,AREAD146.DAT,8,81,"[0C][06][14][01][01]""[04][02], we're going[01]fishing. We'll be[01]back soon!""",52,
AREAD146.DAT:8:82,AREAD146.DAT,8,82,"[14][05][04]""What will be, will[01]be, huh?...[0B]...""",40,[14][05]
AREAD146.DAT:8:87,AREAD146.DAT,8,87,"[14][07][01]""What happened,[01][04]",21,[14][07]
AREAD146.DAT:8:90,AREAD146.DAT,8,90,"[14][87]A""I always figured[01]they would get[01]married someday...[02][14][81]AHe's been like a[01]brother to me...""",93,[14][87]
AREAD146.DAT:8:91,AREAD146.DAT,8,91,"[14][C1]@""I think maybe...I[01]look up to him more[01]than love him...""",60,[14][C1]
AREAD146.DAT:8:92,AREAD146.DAT,8,92,"[14][C1]@""I mean, he's[01]strong...[02]There's nothing he[01]can't do...He's[01]funny...""",72,[14][C1]
AREAD146.DAT:8:101,AREAD146.DAT,8,101,"[14][15][04]""Hey! Look! The[01]tide...!""",29,[14][15]
AREAD146.DAT:8:102,AREAD146.DAT,8,102,"[14][C1]@""It looks like it's[01]going out.[02]Let's go see!""",49,[14][C1]
AREAD146.DAT:8:106,AREAD146.DAT,8,106,"[14][06][05]""See? I told you we[01]just had to be[01]patient.""[02][14]E",51,[14][06]
AREAD146.DAT:8:110,AREAD146.DAT,8,110,You can rest here.[12],20,
AREAD146.DAT:8:111,AREAD146.DAT,8,111,It's empty.,12,
AREAD146.DAT:8:113,AREAD146.DAT,8,113,Keep our fishing spots[01]clean! Remember to pick[01]up your trash!,62,
AREAD146.DAT:8:114,AREAD146.DAT,8,114,You can rest here.[12][8B][0C][93]Rest[01]Diary[01]Never mind,44,
AREAD147.DAT:9:3,AREAD147.DAT,9,3,"[14][C6]@""I must journey to[01]the capital...To[01]Chedo. [02]Wert thou wise,[01]woman, [02]thou wouldst have[01]nothing more to do[01]with me! [02]Thou shouldst not[01]involve thyself in[01]mine affairs!""",170,[14][C6]
AREAD147.DAT:9:5,AREAD147.DAT,9,5,"[0C][04]""Arrrrggghhhh!""",18,
AREAD147.DAT:9:6,AREAD147.DAT,9,6,"""It's back!""",13,
AREAD147.DAT:9:8,AREAD147.DAT,9,8,"""The animals 'round here[01]gone done get violent[01]lately... [02]First they was just goin'[01]after the crops, [02]but now they's attackin'[01]us, too!""",137,
AREAD147.DAT:9:9,AREAD147.DAT,9,9,"""Eh?[02]If'n ye be lookin' for the[01]mountain, this be the path[01]ye wanna take.""",75,
AREAD147.DAT:9:10,AREAD147.DAT,9,10,"""One-two, one-two...""",22,
AREAD147.DAT:9:11,AREAD147.DAT,9,11,"""Hmmm? What's all the[01]ruckus about?""",37,
AREAD147.DAT:9:12,AREAD147.DAT,9,12,"""If we can catch tha'[01]monster, I'll make sure he[01]pay fer what he done t'us!""",77,
AREAD147.DAT:9:17,AREAD147.DAT,9,17,"[14][01][01]""Mayhap this is a[01]result of exposure[02]to the powerful aura[01]of The Endless...""",80,[14][01]
AREAD147.DAT:9:18,AREAD147.DAT,9,18,"""You kilt that thing?""",23,
AREAD147.DAT:9:19,AREAD147.DAT,9,19,"""You the fella that Mami's[01]been takin' care of,[01]ain'tcha? [02]I heard you's still lied[01]up in bed all hurt, [02]but looks like you're[01]better now, eh?""",144,
AREAD147.DAT:9:21,AREAD147.DAT,9,21,"""Now what?""",12,
AREAD147.DAT:9:22,AREAD147.DAT,9,22,"""M'cart gone fell over when[01]ev'rything started shakin'!""",57,
AREAD147.DAT:9:23,AREAD147.DAT,9,23,"""Looks like th' mountain[01]be acting up again...""",48,
AREAD147.DAT:9:24,AREAD147.DAT,9,24,"""Hmmm? What's all the[01]ruckus about?""",37,
AREAD147.DAT:9:25,AREAD147.DAT,9,25,"[14][02][02]""What d'ye want?[02]Why don't ye mind yer[01]own business--[02]we can take care of[01]ourselves!""",89,[14][02]
AREAD147.DAT:9:26,AREAD147.DAT,9,26,"""The mountain yonder's[01]started to act up!""",43,
AREAD147.DAT:9:29,AREAD147.DAT,9,29,"[0C][05]""Whene'er that there[01]mountain starts a-[01]smokin',[02]it means the god[01]o' the mountain's[01]angry at somethin'.""",107,
AREAD147.DAT:9:30,AREAD147.DAT,9,30,"[0C][06][14][C6]@""...God?""",15,
AREAD147.DAT:9:34,AREAD147.DAT,9,34,"[0C][05][14][02][02]""Hey! I wanna talk[01]t'ya![02]Not jus' anyone can[01]pacify th' god o'[01]th' mountain!""",83,
AREAD147.DAT:9:35,AREAD147.DAT,9,35,"[0C][05][14][02][02]""Who are ya! What're[01]ya doin' here!?[02]Mami says yer her[01]cousin that been a[01]guard in Kyoin,[02]but I bet that ain't[01]true, now is it?""",134,
AREAD147.DAT:9:36,AREAD147.DAT,9,36,"[14][80]@""Now, now...[0B]Don't[01]be worrying yer head[02]o'er little things[01]like that...[02]We should just be[01]glad that th'[02]mountain's quieted[01]down...[0B]Right?""",142,[14][80]
AREAD147.DAT:9:38,AREAD147.DAT,9,38,"[14][02][02]""Who d' he think he[01]is, comin' to m'[01]village like that...[02]mumble...grumble...""",82,[14][02]
AREAD147.DAT:9:39,AREAD147.DAT,9,39,"""Looks like th' mountain's[01]gone quiet again...[02]D'you have sumthin' to do[01]wit' it?""",83,
AREAD147.DAT:9:40,AREAD147.DAT,9,40,"""If th' mountain'd kept[01]goin' on like it was,[02]we coulda been in a spot[01]o' trouble.""",84,
AREAD147.DAT:9:41,AREAD147.DAT,9,41,"""Well, now that things've[01]settled down, I guess I[01]should pick up me cart.""",75,
AREAD147.DAT:9:42,AREAD147.DAT,9,42,"""Looks like the tremors've[01]stopped...[02]Me, I'm jus' glad nuthin'[01]happened to th' village!""",90,
AREAD147.DAT:9:43,AREAD147.DAT,9,43,"""Hmmm? What's all the[01]ruckus about?""",37,
AREAD147.DAT:9:44,AREAD147.DAT,9,44,"""You stopped th' mountain?[02]Well now, that's pretty[01]impressive...How'd ya[01]do that, hm?""",87,
AREAD147.DAT:9:45,AREAD147.DAT,9,45,"[0C][05]""Wh...[0B]What're ya[01]still doing around[01]here!?""",47,
AREAD147.DAT:9:46,AREAD147.DAT,9,46,"[0C][06][14][C6]@""What of the woman!?""",27,
AREAD147.DAT:9:47,AREAD147.DAT,9,47,"[0C][05]""She let herself go[01]and be arrested so's[02]that you could[01]get away![02]If she means anythin'[01]to ya, ya gotta get[01]outta here! Get!""",128,
AREAD147.DAT:9:48,AREAD147.DAT,9,48,"[0C][05]""If them soldiers[01]find ya, all o' us[02]are gonna get in[01]trouble![02]Ya gotta leave--[01]go on, get!""",95,
AREAD147.DAT:9:50,AREAD147.DAT,9,50,"[0C][05]""That's all I can[01]do for ya.""",32,
AREAD147.DAT:9:51,AREAD147.DAT,9,51,"[0C][05]""There be an old[01]shrine, like a[02]sanctum, on th'[01]other side o'[01]th' woods.[02]I hear that if ya[01]goes inside it,[02]it leads to some[01]town or somethin'[01]somewheres.""",157,
AREAD147.DAT:9:52,AREAD147.DAT,9,52,"""I dunno for sure,[01]but if ya gets[01]through the forest,[02]ya should be able t'[01]get away!""",86,
AREAD147.DAT:9:53,AREAD147.DAT,9,53,"Perhaps because of the[01]influence of your aura,[02]it appears to have become[01]fond of you.",86,
AREAD147.DAT:9:54,AREAD147.DAT,9,54,"""When I signed up t' be a[01]soldier, they didn't tell[02]me I was gonna have t'[01]fight monsters like that![02]Ferget it! How're we[01]supposed t' beat a thing[01]like that anyway!?""",167,
AREAD147.DAT:9:56,AREAD147.DAT,9,56,"""I managed to get out of[01]the capital with my life,[01]but now what?[02]What's going to happen to[01]us...To the Empire?""",112,
AREAD147.DAT:9:57,AREAD147.DAT,9,57,"""Uuhhhh....[0B][0B][01]Mommy...""",24,
AREAD147.DAT:9:58,AREAD147.DAT,9,58,"""Hear the capital been[01]attacked by some monster[01]or somethin'.[02]All the folks that[01]escaped come here.""",101,
AREAD147.DAT:9:61,AREAD147.DAT,9,61,"""I've got to go look for[01]my daughter...I know she's[01]alive somewhere.""",70,
AREAD148.DAT:7:0,AREAD148.DAT,7,0,"""We've heard[01]reports that[02]horrible monsters[01]have appeared in[01]the capital.""",75,
AREAD148.DAT:7:1,AREAD148.DAT,7,1,"""We've heard[01]reports that[02]horrible monsters[01]have appeared in[01]the capital.""",75,
AREAD148.DAT:7:2,AREAD148.DAT,7,2,"""I'm pretty scared,[02]but I can't disobey[01]orders, so I gotta[01]stay here.""",71,
AREAD148.DAT:7:3,AREAD148.DAT,7,3,"""What're we gonna do?[01]They say the main[01]garrison stationed[02]in the capital has[01]been wiped out!""",95,
AREAD148.DAT:7:4,AREAD148.DAT,7,4,"""What's the point in[01]guarding this place?[01]Or anywhere anymore?[02]We're doomed! The[01]Empire...All of[01]us! Ha ha...Ha ha!""",117,
AREAD148.DAT:7:5,AREAD148.DAT,7,5,"""I'm sorry, but we[01]can't allow anyone[02]into the capital.[01]It's too dangerous.""",77,
AREAD148.DAT:7:6,AREAD148.DAT,7,6,"""Some people say that[01]the monster running[01]around the capital[02]is actually a ghost[01]summoned by the[02]spirit of the First[01]Emperor!""",127,
AREAD148.DAT:7:7,AREAD148.DAT,7,7,"""Just let that[01]monster come![02]We won't let it get[01]past us!""",59,
AREAD148.DAT:7:8,AREAD148.DAT,7,8,"""What? You want to[01]go to Chedo?[02]Are you out of your[01]mind!? Look at us![02]We're professional[01]soldiers, and it's[02]not safe even for[01]us!""",132,
AREAD148.DAT:7:9,AREAD148.DAT,7,9,"""Captain! Are you[01]trying to get to[01]the capital?""",49,
AREAD148.DAT:7:11,AREAD148.DAT,7,11,"""Captain, the capital[01]is all but lost![02]The General's pulled[01]back to Astana.""",77,
AREAD148.DAT:7:13,AREAD148.DAT,7,13,"""I don't know, ma'am.[02]You'll have to go to[01]Astana and talk to[01]the General.""",76,
AREAD148.DAT:7:14,AREAD148.DAT,7,14,"""General Rhun[01]gathered up what[01]troops were left[02]and headed off to[01]the capital.[02]He left us here[01]as guards.""",107,
AREAD148.DAT:7:15,AREAD148.DAT,7,15,"""General Rhun is our[01]only hope...If he[01]falls...[02]No! We can't afford[01]to think such things.[02]Besides, he's killed[01]more than enough[01]monsters...[02]Everything will be[01]all right...Right?""",179,
AREAD148.DAT:7:16,AREAD148.DAT,7,16,Even though this was the[01]first we had heard of this[01]terrible event...,70,
AREAD148.DAT:7:17,AREAD148.DAT,7,17,"Somehow, I had the[01]strangest feeling...",40,
AREAD148.DAT:7:18,AREAD148.DAT,7,18,Like I had known it was[01]going to happen.,41,
AREAD148.DAT:7:19,AREAD148.DAT,7,19,What if the gods--,19,
AREAD148.DAT:7:20,AREAD148.DAT,7,20,the beings that guide and[01]shape our world--,44,
AREAD148.DAT:7:21,AREAD148.DAT,7,21,were to disappear? I don't[01]know the answer to that.,52,
AREAD148.DAT:7:22,AREAD148.DAT,7,22,But there's one thing I do[01]know.,33,
AREAD148.DAT:7:23,AREAD148.DAT,7,23,And that's that it will all[01]work out in the end...[01]Somehow.,60,
AREAD148.DAT:7:24,AREAD148.DAT,7,24,"[14][C1]@[10][01]""Right, [04]",15,[14][C1]
AREAD151.DAT:7:0,AREAD151.DAT,7,0,"[14][C5]@""[04][05]!""",9,[14][C5]
AREAD151.DAT:7:1,AREAD151.DAT,7,1,"[14][C5]@""[04][05]!""",9,[14][C5]
AREAD151.DAT:7:2,AREAD151.DAT,7,2,"[14][80]@""[04][05]...[02]Where are you going?[01]Why are you leaving[01][04][05] behind?""",63,[14][80]
AREAD151.DAT:7:3,AREAD151.DAT,7,3,"[14][01][01]""Oh brother...You[01]mean you can still[01]move?""",47,[14][01]
AREAD151.DAT:7:4,AREAD151.DAT,7,4,"[14][C5]@""It would appear so.""",25,[14][C5]
AREAD151.DAT:7:5,AREAD151.DAT,7,5,"[14][01][01]""This is the armor[01]I was trapped in,[01]see?[02]Some of me...My[01]power must have[01]rubbed off on it,[02]enabling it to move[01]and talk by itself.""",136,[14][01]
AREAD151.DAT:7:6,AREAD151.DAT,7,6,"[14][82]B""Hee hee...Heh heh.[02]I am saddened by the[01]fact that you have[01]left, [04][05].""",74,[14][82]
AREAD151.DAT:7:7,AREAD151.DAT,7,7,"[14][01][01]""Oh yeah? I couldn't[01]be happier now that[01]I'm out of there.[02]Good riddance, I[01]say!""",85,[14][01]
AREAD151.DAT:7:9,AREAD151.DAT,7,9,"[14][01][01]""Are you kidding!?[02]You want me to get[01]back inside that[01]tin can!?[02]Forget it!""",80,[14][01]
AREAD151.DAT:7:10,AREAD151.DAT,7,10,"[14][01][01]""You...You can just[01]stay where you are.[02]You're a suit of[01]armor--start acting[01]like one!""",91,[14][01]
AREAD151.DAT:7:11,AREAD151.DAT,7,11,"[14][C5]@""Does this mean[01]you no longer[01]need [04][05]?""",43,[14][C5]
AREAD151.DAT:7:12,AREAD151.DAT,7,12,"[14][03][03]""Huh?[0B] Ummm...[01]Well...""",27,[14][03]
AREAD151.DAT:7:13,AREAD151.DAT,7,13,"[14][82]B""I see.[01]Heh heh heh heh![01]Ha ha ha ha ha![02]...[0B]...[0B][02]It would appear that[01]was an inappropriate[01]time to laugh.""",111,[14][82]
AREAD151.DAT:7:14,AREAD151.DAT,7,14,"[14][C5]@""[04][01]...[02]What should I do in[01]order to act like a[01]suit of armor?""",66,[14][C5]
AREAD151.DAT:7:15,AREAD151.DAT,7,15,"[14][03][03]""Um...[0B]Well...Let[01]me see...[02][14]A",34,[14][03]
AREAD151.DAT:7:17,AREAD151.DAT,7,17,"[14][01][01]""All right, if that's[01]settled then, let's[02]get a move on to the[01]shrine.""",75,[14][01]
AREAD151.DAT:7:18,AREAD151.DAT,7,18,"[14][C5]@""Understood. [04][05][01]will return to the[01]village.""",48,[14][C5]
AREAD151.DAT:7:21,AREAD151.DAT,7,21,"[14][05][04]""Captain [04][04]!""",17,[14][05]
AREAD151.DAT:7:22,AREAD151.DAT,7,22,"[14][06][03]""[04][05]...!?""",13,[14][06]
AREAD151.DAT:7:23,AREAD151.DAT,7,23,"[14][02][02]""The village was[01]attacked by Imperial[01]Troops.""",50,[14][02]
AREAD151.DAT:7:24,AREAD151.DAT,7,24,"[14][07][05]""What!?[02]I gave no such[01]order!""",34,[14][07]
AREAD151.DAT:7:25,AREAD151.DAT,7,25,"[14][08][06]""It's true![02]Everyone saw them[01]coming and ran away[02]before they made it[01]to the village...[02]Everyone except...[0B][01]Except the Abbess!""",131,[14][08]
AREAD151.DAT:7:27,AREAD151.DAT,7,27,"[14][01][01]""You're still able to[01]move?[02]I thought you[01]would've run out[01]of energy by now...""",83,[14][01]
AREAD151.DAT:7:29,AREAD151.DAT,7,29,"[14][01][01]""You fool...What were[01]you trying to prove?""",47,[14][01]
AREAD151.DAT:7:31,AREAD151.DAT,7,31,"[14][02][02]""Heh heh heh[0B] heh...[01]Is this...[0B]the[01]correct time...[0B][02]to laugh?[01]Heh heh...[0B]heh...[0B]""",86,[14][02]
AREAD151.DAT:7:32,AREAD151.DAT,7,32,"[14][01][01]""All his remaining[01]energy is gone.[02]He's gone back to[01]being just a plain[01]suit of armor.""",91,[14][01]
AREAD151.DAT:7:33,AREAD151.DAT,7,33,"[14][08][06]""He tried to protect[01]me...He fought with[01]the soldiers...[02]He used up all his[01]energy trying to[01]help me!""",106,[14][08]
AREAD151.DAT:7:34,AREAD151.DAT,7,34,"[14][01][01]""What are you so[01]upset about? It's[01]just armor.[02]He wasn't alive to[01]begin with.""",82,[14][01]
AREAD151.DAT:7:35,AREAD151.DAT,7,35,"""It doesn't matter if[01]he's alive or not.[02]He still fought to[01]save me.[02]He deserves to be[01]honored--he may be[01]a suit of armor,[02]but he's more human[01]than some!""",155,
AREAD152.DAT:14:0,AREAD152.DAT,14,0,Do you want to return to[01]the Castle?[12],38,
AREAD152.DAT:14:1,AREAD152.DAT,14,1,Do you want to return to[01]the Castle?[12],38,
AREAD152.DAT:14:2,AREAD152.DAT,14,2,"[14][80]@""O'er six centuries[01]ago...""",31,[14][80]
AREAD152.DAT:14:3,AREAD152.DAT,14,3,"[14][80]@""An interminably[01]long span of time as[01]mortals reckon,[02]but a brief twinkling[01]for us...""",90,[14][80]
AREAD152.DAT:14:6,AREAD152.DAT,14,6,"[14][01][01]""'Tis strange...[02]To meet one's self[01]in this fashion...""",59,[14][01]
AREAD152.DAT:14:11,AREAD152.DAT,14,11,"[0C][05][14][01][01]""How much longer can[01]thee defend thyself[01]against me?""",59,
AREAD152.DAT:14:19,AREAD152.DAT,14,19,"[0C][04][12][01][0C]""[14][C0]@Maybe so...[01]I don't know...",37,
AREAD152.DAT:14:21,AREAD152.DAT,14,21,"[0C][04][12][02][0C]""[14][C0]@Maybe so...[01]I don't know...",37,
AREAD152.DAT:14:23,AREAD152.DAT,14,23,"[0C][04][12][03][0C]""[14][C0]@Maybe so...[01]I don't know...",37,
AREAD152.DAT:14:27,AREAD152.DAT,14,27,"[0C][06][14][C1]@""In spite of all its[01]problems, and all of[01]what's wrong with it,[02]I want to believe in[01]my world!""",101,
AREAD152.DAT:14:28,AREAD152.DAT,14,28,"[0C][05][14][01][01]""Be that the best[01]ye can do?""",35,
AREAD152.DAT:14:34,AREAD152.DAT,14,34,"[0C][04][14][C0]@You can feel [04][06]'s[01]despair permeating[01]your thoughts...[02][12][04][0C]""Maybe so...[01]I don't know...",91,
AREAD152.DAT:14:35,AREAD152.DAT,14,35,"[0C][04][14][C0]@You can feel [04][06]'s[01]despair permeating[01]your thoughts...[02][12][05][0C]""I don't know...[01]You're wrong!",93,
AREAD152.DAT:14:37,AREAD152.DAT,14,37,"[0C][05][14][04][03]""Yes...[02]I am that which was[01]once [04]",40,
AREAD152.DAT:14:38,AREAD152.DAT,14,38,"[0C][06][14][85]D""But which one is[01]dominant?[02]Was [04]",39,
AREAD152.DAT:14:39,AREAD152.DAT,14,39,"[0C][05][14][04][03]""If he was?""",18,
AREAD152.DAT:14:40,AREAD152.DAT,14,40,"[0C][04][14][86]D""We won't let you[01]get away with what[01]you're planning!""",60,
AREAD152.DAT:14:41,AREAD152.DAT,14,41,"[0C][04][14][C1]@""If there's even a[01]little of what was[01]once [04]",50,
AREAD152.DAT:14:42,AREAD152.DAT,14,42,"[0C][05][14][07][05]""A futile endeavor.""",26,
AREAD152.DAT:14:43,AREAD152.DAT,14,43,I know my path...,18,
AREAD152.DAT:14:44,AREAD152.DAT,14,44,is the correct path.,21,
AREAD152.DAT:14:54,AREAD152.DAT,14,54,"[0C][06][14][88]F""This world of[01]yours...""",30,
AREAD152.DAT:14:55,AREAD152.DAT,14,55,"[14][08][06]""It might not be as[01]bad as you think it[01]is.""[02][14][09][07]""Says Deis.""",64,[14][08]
AREAD152.DAT:14:57,AREAD152.DAT,14,57,"[0C][05][14][03][02]""People are sometimes[01]foolish and weak...[02]Sometimes they do the[01]wrong thing...[02]But not everyone is[01]like that!""",116,
AREAD152.DAT:14:59,AREAD152.DAT,14,59,"[0C][06][14][81]A""They that called me[01]here did say much[01]the same as thee.""",63,
AREAD152.DAT:14:60,AREAD152.DAT,14,60,"[0C][06][14][C6]@""But their deeds did[01]not liveth up to the[01]promise of the[02]flowerly speech[01]their tongues[01]professed![02]They didst seek to[01]use my power to[02]make war upon their[01]fellows, to kill[01]their enemies!""",191,
AREAD152.DAT:14:61,AREAD152.DAT,14,61,"[0C][06][14][80]@""Enow. Let this end[01]now.""",31,
AREAD152.DAT:14:64,AREAD152.DAT,14,64,I realized then,16,
AREAD152.DAT:14:65,AREAD152.DAT,14,65,that that [04],12,
AREAD152.DAT:14:66,AREAD152.DAT,14,66,was no longer with us.,23,
AREAD152.DAT:14:68,AREAD152.DAT,14,68,"But at the same time,",22,
AREAD152.DAT:14:69,AREAD152.DAT,14,69,I knew in my heart,19,
AREAD152.DAT:14:70,AREAD152.DAT,14,70,that it was still [04],20,
AREAD152.DAT:14:71,AREAD152.DAT,14,71,"[0C][06][14][C1]@""You are [04]",16,
AREAD152.DAT:14:72,AREAD152.DAT,14,72,"[0C][05][14][0A][08]""Yes, [04][01]. I am[01][04]",22,
AREAD152.DAT:14:73,AREAD152.DAT,14,73,"[0C][06][14][85]D""So what next?[02]What's going to[01]happen to the[01]world now?""",62,
AREAD152.DAT:14:74,AREAD152.DAT,14,74,"[0C][05][14][0A][08]""I understand now[01]what [04][06] was[01]trying to tell me.""",55,
AREAD152.DAT:14:75,AREAD152.DAT,14,75,"[0C][05][14][0A][08]""What he really[01]wanted to say is[02]that this world does[01]not need gods.""",75,
AREAD152.DAT:14:77,AREAD152.DAT,14,77,"[14][0A][08]""That is why...[0B]...[0B][02]I'm going to cast[01]them out.""",53,[14][0A]
AREAD152.DAT:14:78,AREAD152.DAT,14,78,"[14][8A]H""Just like you wanted[01]me to, Deis.""",39,[14][8A]
AREAD152.DAT:14:80,AREAD152.DAT,14,80,he was going to cast out the[01]gods.,35,
AREAD152.DAT:14:81,AREAD152.DAT,14,81,"They would lose their power,",29,
AREAD152.DAT:14:82,AREAD152.DAT,14,82,and live out their lives as[01]ordinary mortals.,46,
AREAD152.DAT:14:83,AREAD152.DAT,14,83,Well! What is this?,20,
AREAD152.DAT:14:84,AREAD152.DAT,14,84,The Endless are fading away.,29,
AREAD152.DAT:14:85,AREAD152.DAT,14,85,It would seem the gods are[01]dead.,33,
AREAD152.DAT:14:86,AREAD152.DAT,14,86,But we needn't worry about[01]that...,35,
AREAD152.DAT:14:87,AREAD152.DAT,14,87,I can make as many gods[01]as we want...Or need.,46,
AREAD152.DAT:14:88,AREAD152.DAT,14,88,Driving out all the gods[01]in the world...,41,
AREAD152.DAT:14:89,AREAD152.DAT,14,89,That's a pretty radical[01]solution.,34,
AREAD152.DAT:14:90,AREAD152.DAT,14,90,"Now you, [04]",11,
AREAD152.DAT:14:91,AREAD152.DAT,14,91,"are also a mortal, who will[01]grow old and someday die.",54,
AREAD152.DAT:14:93,AREAD152.DAT,14,93,"Oh, I decided I'd stick[01]around.",32,
AREAD152.DAT:14:94,AREAD152.DAT,14,94,I'm interested in seeing[01]what happens after this.,50,
AREAD152.DAT:14:95,AREAD152.DAT,14,95,I guess being inside this[01]armor's not so bad after all...,58,
AREAD153.DAT:8:0,AREAD153.DAT,8,0,Which floor do you want[01]to go to?[16][02],36,
AREAD153.DAT:8:1,AREAD153.DAT,8,1,Which floor do you want[01]to go to?[16][02],36,
AREAD153.DAT:8:2,AREAD153.DAT,8,2,[12][88][0C][95]4 fl[01]3 fl[01]2 fl[01]1 fl[01]Never mind,35,
AREAD153.DAT:8:3,AREAD153.DAT,8,3,Which floor do you want[01]to go to?[16][04],36,
AREAD153.DAT:8:4,AREAD153.DAT,8,4,[12][88][0C][95]5 fl[01]3 fl[01]2 fl[01]1 fl[01]Never mind,35,
AREAD153.DAT:8:5,AREAD153.DAT,8,5,Which floor do you want[01]to go to?[16][06],36,
AREAD153.DAT:8:6,AREAD153.DAT,8,6,[12][88][0C][95]5 fl[01]4 fl[01]2 fl[01]1 fl[01]Never mind,35,
AREAD153.DAT:8:7,AREAD153.DAT,8,7,Which floor do you want[01]to go to?[16][08],36,
AREAD153.DAT:8:8,AREAD153.DAT,8,8,[12][88][0C][95]5 fl[01]4 fl[01]3 fl[01]1 fl[01]Never mind,35,
AREAD153.DAT:8:9,AREAD153.DAT,8,9,Which floor do you want[01]to go to?[16][0A],36,
AREAD153.DAT:8:10,AREAD153.DAT,8,10,[12][88][0C][95]5 fl[01]4 fl[01]3 fl[01]2 fl[01]Never mind,35,
AREAD153.DAT:8:11,AREAD153.DAT,8,11,Which floor do you want[01]to go to?[16][0C],36,
AREAD153.DAT:8:12,AREAD153.DAT,8,12,[12][88][0C][95]1 fl[01]B1 fl[01]B2 fl[01]B3 fl[01]Never mind,38,
AREAD153.DAT:8:13,AREAD153.DAT,8,13,Which floor do you want[01]to go to?[16][0E],36,
AREAD153.DAT:8:14,AREAD153.DAT,8,14,[12][88][0C][95]5 fl[01]B1 fl[01]B2 fl[01]B3 fl[01]Never mind,38,
AREAD153.DAT:8:15,AREAD153.DAT,8,15,Which floor do you want[01]to go to?[16][10],36,
AREAD153.DAT:8:16,AREAD153.DAT,8,16,[12][88][0C][95]5 fl[01]1 fl[01]B2 fl[01]B3 fl[01]Never mind,37,
AREAD153.DAT:8:17,AREAD153.DAT,8,17,Which floor do you want[01]to go to?[16][12],36,
AREAD153.DAT:8:18,AREAD153.DAT,8,18,[12][88][0C][95]5 fl[01]1 fl[01]B1 fl[01]B3 fl[01]Never mind,37,
AREAD153.DAT:8:19,AREAD153.DAT,8,19,Which floor do you want[01]to go to?[16][14],36,
AREAD153.DAT:8:20,AREAD153.DAT,8,20,[12][88][0C][95]5 fl[01]1 fl[01]B1 fl[01]B2 fl[01]Never mind,37,
AREAD153.DAT:8:22,AREAD153.DAT,8,22,"The entrance has been[01]sealed! To open it, you[01]need a [05][06][09][16][05][06]!",61,
AREAD153.DAT:8:23,AREAD153.DAT,8,23,"The entrance has been[01]sealed! To open it, you[01]need a [05][02][09][17][05][06]!",61,
AREAD153.DAT:8:25,AREAD153.DAT,8,25,You got:[01][05][06][09][16][05][06]![02]You can use it to unlock[01]doors locked with a[01][05][06]Yellow Seal[06].,78,
AREAD153.DAT:8:26,AREAD153.DAT,8,26,You got:[01][05][02][09][17][05][06]![02]You can use it to unlock[01]doors locked with a[01][05][02]Red Seal[06].,75,
AREAD153.DAT:8:27,AREAD153.DAT,8,27,It looks like you can rest[01]here...[12][8B][0C][93]Rest[01]Diary[01]Never mind,60,
AREAD153.DAT:8:28,AREAD153.DAT,8,28,This book details the[01]history of the Empire[02]from the First Emperor[01]Fou-lu to the Fourth[01]Emperor Temul.,103,
AREAD153.DAT:8:29,AREAD153.DAT,8,29,This book details the[01]history of the Empire[02]from the Fifth Emperor[01]Mugul to the Eighth[01]Emperor Mei.,100,
AREAD153.DAT:8:30,AREAD153.DAT,8,30,This book details the[01]history of the Empire[02]from the Ninth Emperor[01]Shei to the Twelfth[01]Emperor Ahtar.,102,
AREAD153.DAT:8:31,AREAD153.DAT,8,31,"This book details the[01]history of the Empire[02]during the reign of the[01]Thirteenth and current[01]Emperor, Soniel.",108,
AREAD153.DAT:8:32,AREAD153.DAT,8,32,There are various kinds of[01]half-made weapons lying[01]scattered about.,68,
AREAD153.DAT:8:33,AREAD153.DAT,8,33,There are many scrolls and[01]books written in ancient[01]languages on the shelves.,78,
AREAD153.DAT:8:34,AREAD153.DAT,8,34,You found a list of all[01]the people who've been[02]used as sacrifices for[01]the Carronade...,87,
AREAD153.DAT:8:35,AREAD153.DAT,8,35,You found a record of the[01]Empire's attempt to[02]summon a god and what[01]went wrong.,80,
AREAD153.DAT:8:36,AREAD153.DAT,8,36,You found a record of[01]experiments involving[02]different methods to kill[01]dragons and other gods.,94,
AREAD153.DAT:8:37,AREAD153.DAT,8,37,There are all sorts of[01]different clothes hanging[01]inside the closet.,68,
AREAD153.DAT:8:77,AREAD153.DAT,8,77,Which floor do you want[01]to go to?[16][02],36,
AREAD154.DAT:10:0,AREAD154.DAT,10,0,"[0C][06][14][80]@""Hey there! This is[01]the Imperial Castle![02]It's not a place[01]for people like you[01]to be in!""",94,
AREAD154.DAT:10:1,AREAD154.DAT,10,1,"[0C][06][14][80]@""Hey there! This is[01]the Imperial Castle![02]It's not a place[01]for people like you[01]to be in!""",94,
AREAD154.DAT:10:2,AREAD154.DAT,10,2,"[14][01][01]""This be the[01]Emperor's Castle?""",35,[14][01]
AREAD154.DAT:10:3,AREAD154.DAT,10,3,"[0C][06][14][82]@""That's right--this[01]is the castle of[02]the Thirteenth[01]Emperor of the Fou[01]Empire,[02]His Majesty[01]Emperor Soniel.[02]Now go on--get[01]out...""",135,
AREAD154.DAT:10:4,AREAD154.DAT,10,4,[0C][81]     [05][08]Inside the Castle[06][13][90]This isn't the way to the[01]castle...,65,
AREAD154.DAT:10:5,AREAD154.DAT,10,5,This isn't the way to the[01]castle...,36,
AREAD154.DAT:10:6,AREAD154.DAT,10,6,"[0C][02][14][03][02]""Who dares?""",18,
AREAD154.DAT:10:7,AREAD154.DAT,10,7,"[14][83]B""Who dares enter the[01]sacred grounds of[01]my Master?""",54,[14][83]
AREAD154.DAT:10:8,AREAD154.DAT,10,8,"[0C][06][14][83]B""I am the guardian of[01]this place.[02]I bid thee leave,[01]intruder, lest thy[01]life be forfeit.""",94,
AREAD154.DAT:10:10,AREAD154.DAT,10,10,"[0C][06][14][83]B""Can it be? Do mine[01]eyes see true?""",41,
AREAD154.DAT:10:11,AREAD154.DAT,10,11,"[0C][06][14][83]B""Majesty! Thou hast[01]returned!""",36,
AREAD154.DAT:10:12,AREAD154.DAT,10,12,"[0C][06][14][83]B""My lord...The[01]mortals that hath[02]followed you on thy[01]throne...[02]They disparage thee[01]with each passing[01]generation...""",121,
AREAD154.DAT:10:13,AREAD154.DAT,10,13,"[0C][06][14][83]B""Truly didst I[01]fear they wouldst[02]not fulfill their[01]promise with thee.[02]It gladdens my heart[01]to see thy safely[02]restored to thy[01]proper place, my[01]lord.""",154,
AREAD154.DAT:10:14,AREAD154.DAT,10,14,"[14][04][03]""The promise must be[01]fulfilled.[02]Once more shall I[01]ascend to godhood[01]over this world...""",91,[14][04]
AREAD154.DAT:10:17,AREAD154.DAT,10,17,"[0C][06][14][83]B""The city...?[01]Dost thou meanest the[01]capital, my lord?""",60,
AREAD154.DAT:10:19,AREAD154.DAT,10,19,"[0C][06][14][83]B""By your command!""",24,
AREAD154.DAT:10:20,AREAD154.DAT,10,20,"[0C][81]    [05][08]The Imperial Castle[06][13][90][0C][05][14][05][04]""M...[0B]Majesty!?""",52,
AREAD154.DAT:10:21,AREAD154.DAT,10,21,"[0C][05][14][05][04]""M...[0B]Majesty!?""",22,
AREAD154.DAT:10:22,AREAD154.DAT,10,22,"[0C][05][14][05][04]""You...[0B]You survived[01]even the Carronade!?""",48,
AREAD154.DAT:10:23,AREAD154.DAT,10,23,"[0C][05][14][05][04]""Hiyaaahh!""",17,
AREAD154.DAT:10:24,AREAD154.DAT,10,24,"[0C][05][14][05][04]""Haaaaaa!!""",17,
AREAD154.DAT:10:25,AREAD154.DAT,10,25,"[14][C6]@""Art thou finished?""",24,[14][C6]
AREAD154.DAT:10:26,AREAD154.DAT,10,26,"[0C][05][14][05][04]""I...Now that your[01]power has returned,[01]Majesty,[02]there is none of us[01]that can match you.""",94,
AREAD154.DAT:10:27,AREAD154.DAT,10,27,"[14][84]C""Didst thou truly[01]believe thou couldst[01]strike me down?[02]That thou couldst[01]kill a god?""",89,[14][84]
AREAD154.DAT:10:28,AREAD154.DAT,10,28,"[0C][05][14][05][04]""Forgive my words,[01]Majesty,[02]But the current[01]Emperor, Soniel...""",69,
AREAD154.DAT:10:29,AREAD154.DAT,10,29,"[14][81]A""Thinketh that gods[01]are needed not, yes?[01]Humph!""",52,[14][81]
AREAD154.DAT:10:30,AREAD154.DAT,10,30,"[0C][05][14][05][04]""I knew when I[01]accepted this[01]mission[02]that there would be[01]a steep price.[02]One does not lightly[01]undertake such a task[01]as to slay a god.""",139,
AREAD154.DAT:10:31,AREAD154.DAT,10,31,"[0C][05][14][05][04]""While one old man's[01]life may not be[02]enough to atone for[01]what we have done,[01]still I offer it.""",100,
AREAD154.DAT:10:32,AREAD154.DAT,10,32,"[14][05][04]""For it is the nature[01]of mortals that they[02]pass quickly through[01]this world.[02]This time comes to[01]all of us--[02]it is up to us only[01]to choose when and[01]how.""",155,[14][05]
AREAD154.DAT:10:33,AREAD154.DAT,10,33,"[14][81]A""Mortals...They Who[01]Pass...""",32,[14][81]
AREAD154.DAT:10:34,AREAD154.DAT,10,34,Do you want to warp to[01]the inner sanctum of the[01]Castle?[12],57,
AREAD154.DAT:10:35,AREAD154.DAT,10,35,"[0C][06][14][83]B""Please forgive my[01]actions earlier.""",42,
AREAD154.DAT:10:36,AREAD154.DAT,10,36,"[0C][06][14][83]B""I see now that thou[01]art the other half[01]of my master.""",60,
AREAD154.DAT:10:37,AREAD154.DAT,10,37,"[0C][04][14][83][02]I shall carry thee to[01]the Castle, where my[01]master awaits thee.""",69,
AREAD154.DAT:10:38,AREAD154.DAT,10,38,"[14][03][02]""I am permitted to[01]take you only this[01]far.""",47,[14][03]
AREAD154.DAT:10:39,AREAD154.DAT,10,39,"[14][03][02]""Walk safely, young[01]master.""",32,[14][03]
AREAD154.DAT:10:40,AREAD154.DAT,10,40,Do you want to go to the[01]Castle?[12][01][0C]BYes[01]No,43,
AREAD154.DAT:10:41,AREAD154.DAT,10,41,Do you want to leave the[01]Castle?[12][02][0C]BYes[01]No,43,
AREAD154.DAT:10:42,AREAD154.DAT,10,42,It looks like you can rest[01]here...[12][8B][0C][93]Rest[01]Diary[01]Never mind,60,
AREAD154.DAT:10:43,AREAD154.DAT,10,43,It's locked...,15,
AREAD154.DAT:10:44,AREAD154.DAT,10,44,"""This is the night watch's[01]room.[02]'Course, the castle's full[01]of monsters, so we don't[01]go outside much.""",103,
AREAD154.DAT:10:45,AREAD154.DAT,10,45,"""Now that you mention it,[01]the key to the stairs is[01]around here somewhere...""",77,
AREAD154.DAT:10:47,AREAD154.DAT,10,47,"""I wonder where all those[01]monsters came from?[02]Pretty weird, isn't it?""",71,
AREAD154.DAT:10:54,AREAD154.DAT,10,54,"The entrance has been[01]sealed! To open it, you[01]need a [05][06][09][16][05][06]!",61,
AREAD154.DAT:10:55,AREAD154.DAT,10,55,"The entrance has been[01]sealed! To open it, you[01]need a [05][02][09][17][05][06]!",61,
AREAD154.DAT:10:57,AREAD154.DAT,10,57,You got:[01][05][06][09][16][05][06]![02]You can use it to unlock[01]doors locked with a[01][05][06]Yellow Seal[06].,78,
AREAD154.DAT:10:58,AREAD154.DAT,10,58,You got:[01][05][02][09][17][05][06]![02]You can use it to unlock[01]doors locked with a[01][05][02]Red Seal[06].,75,
AREAD155.DAT:10:0,AREAD155.DAT,10,0,abandoned village,18,
AREAD155.DAT:10:3,AREAD155.DAT,10,3,"[14][C4]@""What are you doing[01]here, Captain Rasso?""",45,[14][C4]
AREAD155.DAT:10:6,AREAD155.DAT,10,6,"[0C][04][14][C4]@""I have been told[01]that there are[01]people[02]somewhere here in[01]these ruins...[02]Have you seen them?""",99,
AREAD155.DAT:10:7,AREAD155.DAT,10,7,"[0C][05][14][01][01]""Well, gee, let me[01]think...""",34,
AREAD155.DAT:10:8,AREAD155.DAT,10,8,"[14][81][01]""I just asked them[01]where I might find[01]the dragon.""",54,[14][81]
AREAD155.DAT:10:9,AREAD155.DAT,10,9,"[0C][03][14][02][02]""You would use force[01]against innocent[01]women and children!?""",65,
AREAD155.DAT:10:10,AREAD155.DAT,10,10,"[14][80]@""What is it to you[01]if I do?[02]They don't matter...[01]Their lives mean[01]nothing.""",79,[14][80]
AREAD155.DAT:10:11,AREAD155.DAT,10,11,"[0C][06][14][83]C""You're wrong.""",21,
AREAD155.DAT:10:12,AREAD155.DAT,10,12,"[0C][06][14][C1]@""Every life is[01]important![02]Every life has[01]meaning.[02]How can you say such[01]a thing!?""",87,
AREAD155.DAT:10:13,AREAD155.DAT,10,13,"[14][01][01]""Ha ha ha![0B] How[01]touching, Princess.[02]How compassionate,[01]how caring...How[01]dross.[02]Who are you to talk[01]to me in such a way?[02]Just because you got[01]lucky once,[02]don't think you can[01]talk down to me like[01]that.""",204,[14][01]
AREAD155.DAT:10:15,AREAD155.DAT,10,15,"[0C][05][14][02][02]""What are you[01]doing!?[02]Our orders are to[01]find the dragon and[02]return with him to[01]the Empire!""",97,
AREAD155.DAT:10:16,AREAD155.DAT,10,16,"[14][80]@""You don't have to[01]remind me what our[01]orders are![02]They don't say he has[01]to be in one piece,[01]though.[02]I figure we can make[01]him a little more...[02]cooperative, if you[01]know what I mean!""",184,[14][80]
AREAD155.DAT:10:21,AREAD155.DAT,10,21,"[14][04][04]""Uh...[0B]uhhh...""",19,[14][04]
AREAD155.DAT:10:22,AREAD155.DAT,10,22,"[14][85]E""Aaaahhhhhh...""",19,[14][85]
AREAD155.DAT:10:23,AREAD155.DAT,10,23,"[14][85]E""Uuuurrrrrraaaahhh!!""",25,[14][85]
AREAD155.DAT:10:26,AREAD155.DAT,10,26,"Watching what happened, I[01]knew that something was not[01]right in the world.",74,
AREAD155.DAT:10:27,AREAD155.DAT,10,27,That something...was out of[01]balance.,37,
AREAD155.DAT:10:28,AREAD155.DAT,10,28,"And, for the first time,",25,
AREAD155.DAT:10:29,AREAD155.DAT,10,29,when looking at a dragon...,28,
AREAD155.DAT:10:30,AREAD155.DAT,10,30,I felt afraid.,15,
AREAD155.DAT:10:34,AREAD155.DAT,10,34,"[14]D@""What are you[01]planning on doing[01]with that dragon?[02][14][C4]@Are you going to[01]use him to go to[01]war on the Empire!?""",111,
AREAD155.DAT:10:36,AREAD155.DAT,10,36,"[14][07]F""Is that so!?[02]I've heard that the[01]only reason there[02]is no permanent[01]truce between us[02]is because Ludia[01]keeps arguing over[01]the details!""",138,[14][07]
AREAD155.DAT:10:37,AREAD155.DAT,10,37,"[14][08][07]""So? Nothing wrong[01]with that![02]What about what your[01]friend Rasso did,[01]huh!?""",79,[14][08]
AREAD155.DAT:10:42,AREAD155.DAT,10,42,"[14][09][03]""I wonder...Is it[01]because he's not[01]whole?[02]I mean, maybe[01]because of that,[01]he's...[02]I don't know,[01]unstable or[01]something.""",122,[14][09]
AREAD155.DAT:10:44,AREAD155.DAT,10,44,"[14][0A]G""Are you crazy!?[02]Are you saying we[01]should just hand[02][04]",57,[14][0A]
AREAD155.DAT:10:49,AREAD155.DAT,10,49,"[14][04]D""Um...[0B]Hmmm...""",19,[14][04]
AREAD155.DAT:10:50,AREAD155.DAT,10,50,"[14][08][07]""Well...[0B]I guess[01]you've got a point.[02]Let's see what the[01]Abbess has to say[01]about this.""",90,[14][08]
AREAD155.DAT:10:51,AREAD155.DAT,10,51,"[14][08][07]""There's just one[01]thing...[02]What are we going[01]to do about her?""",66,[14][08]
AREAD155.DAT:10:52,AREAD155.DAT,10,52,"[0C][06][14][C3]@""It's not g-g...""",23,
AREAD155.DAT:10:53,AREAD155.DAT,10,53,"[0C][06][14][C3]@""It's not g-good[01]t-t-to t-t-[02][14][8C]Htie up women.""",52,
AREAD155.DAT:10:54,AREAD155.DAT,10,54,"[14]B@""Um...[0B]Right...[01]Anyway, let's get[01]back to Chek.[02]Do you think [04]",66,
AREAD155.DAT:10:55,AREAD155.DAT,10,55,"[14][08][07]""And don't even think[01]about trying anything[01]funny, OK, girl?""",65,[14][08]
AREAD155.DAT:10:56,AREAD155.DAT,10,56,"[14][82]B""My name is [04][04].""",20,[14][82]
AREAD157.DAT:10:0,AREAD157.DAT,10,0,Do you want to warp to the[01]entrance to the Castle?[12],52,
AREAD157.DAT:10:1,AREAD157.DAT,10,1,Do you want to warp to the[01]entrance to the Castle?[12],52,
AREAD157.DAT:10:2,AREAD157.DAT,10,2,"[14][80]@""Who goes there!?""",22,[14][80]
AREAD157.DAT:10:3,AREAD157.DAT,10,3,"[0C][81]  [05][08]Soniel, 13th Emperor of[01]       the Fou Empire[06][13][90][14][81]A""Yuna...[01]I say, are you there,[01]Yuna?""",95,
AREAD157.DAT:10:4,AREAD157.DAT,10,4,"[14][81]A""Yuna...[01]I say, are you there,[01]Yuna?""",41,[14][81]
AREAD157.DAT:10:5,AREAD157.DAT,10,5,"[0C][06][14][82]B""Yes, Your Highness.[01][0B]Right here.""",40,
AREAD157.DAT:10:6,AREAD157.DAT,10,6,"[14][81]A""It...It would appear[01]that something is[01]happening...[02]Would it not, Yuna?""",77,[14][81]
AREAD157.DAT:10:7,AREAD157.DAT,10,7,"[0C][05][14][02][02]""It would indeed,[01]Highness.[02]I shall go[01]investigate the[01]disturbance myself.""",81,
AREAD157.DAT:10:8,AREAD157.DAT,10,8,"[14][81]A""Yuna!""",11,[14][81]
AREAD157.DAT:10:9,AREAD157.DAT,10,9,"[14][81]A""Are you certain we[01]need not surround[01]our self with guards?[02]We are concerned for[01]our safety!""",97,[14][81]
AREAD157.DAT:10:10,AREAD157.DAT,10,10,"[0C][05][14][02][02]""Well, Highness...[02]I'm afraid all the[01]guards in the world[02]wouldn't make much[01]difference should the[01]God Emperor appear.""",125,
AREAD157.DAT:10:12,AREAD157.DAT,10,12,"[0C][05][14][02][02]""Besides, I, ever[01]your faithful and[01]devoted servant,[02]will lay down my life[01]if need be to protect[02]you by confining the[01]Emperor [04][06] in[01]a web of magic.[02]Please, Highness,[01]let your heart be[01]at ease!""",199,
AREAD157.DAT:10:13,AREAD157.DAT,10,13,"[14][81]A""Very well.[02]We are counting on[01]you, Yuna.""",46,[14][81]
AREAD157.DAT:10:14,AREAD157.DAT,10,14,"[14][83]C""Arrrrghhh!""",16,[14][83]
AREAD157.DAT:10:15,AREAD157.DAT,10,15,"[0C][04][14][82]B""Well! If it isn't[01][04][06], the God[01]Emperor...[02]Allow me to[01]congratulate[01]you on your[02]triumphant return,[01]Your Majesty. I...""",123,
AREAD157.DAT:10:17,AREAD157.DAT,10,17,"[0C][04][14][82]B""Well! I'm afraid[01]I can't let you[01]through, Majesty.""",58,
AREAD157.DAT:10:18,AREAD157.DAT,10,18,"[0C][06][14][82]B""Today, your journey[01]ends here.[02]Do not worry--we will[01]merely seal off your[02]power and return you[01]to your place of[01]rest.""",125,
AREAD157.DAT:10:19,AREAD157.DAT,10,19,"[0C][06][14][82]B""Well! I suppose I[01]should have known[01]better...[02]It would appear that[01]here, in this castle[01]you built,[02]your powers have[01]fully returned.""",139,
AREAD157.DAT:10:20,AREAD157.DAT,10,20,"[0C][06][14][82]B""Well then, far be it[01]from me to stand in[01]your way, Majesty.""",67,
AREAD157.DAT:10:21,AREAD157.DAT,10,21,"[0C][06][14][01][01]""...[04][06]!""",14,
AREAD157.DAT:10:22,AREAD157.DAT,10,22,"[0C][06][14][81]A""We...[0B]I have been[01]awaiting your return,[01]oh Great Lord...""",64,
AREAD157.DAT:10:23,AREAD157.DAT,10,23,"[0C][05][14][04][04]""Thou hast forgotten[01]our promise...[02]Thou hast not[01]fulfilled the[01]promise.""",79,
AREAD157.DAT:10:24,AREAD157.DAT,10,24,"[0C][06][14][81]A""M...[0B]Majesty, how[01]can you say that!?[02]Of course we have not[01]forgotten![02]Now that you have[01]returned,[02]why, the Empire is[01]yours![02]I would never think[01]of...""",157,
AREAD157.DAT:10:26,AREAD157.DAT,10,26,"[14][01][01]""Wah ha ha ha![01]This is [09]V[01]![02]I did it! I killed a[01]god!""",58,[14][01]
AREAD157.DAT:10:27,AREAD157.DAT,10,27,"[14][01][01]""Ha ha ha ha ha![01]What of your promise[01]now!?[02]It is old and[01]meaningless...[01]Just like you![02]All this belongs to[01]me now!!""",121,[14][01]
AREAD157.DAT:10:28,AREAD157.DAT,10,28,"[0C][04][14][05][05]""Ha ha...Ha ha ha ha![02][14][06][06]""Foolish mortal!""",48,
AREAD157.DAT:10:29,AREAD157.DAT,10,29,"[14][C6]@""...[0B]...[0B]...[02][14][84]D...[0B]...""[13]0[14][C6]@""Thou art come at[01]last...[0B]Thou who[01]art me...""",78,[14][C6]
AREAD157.DAT:10:30,AREAD157.DAT,10,30,"[14][C6]@""...[0B]...[0B]...[02][14][84]D...[0B]...""[13]0[14][C6]@""Thou art come at[01]last...[0B]Thou who[01]art me...""",78,[14][C6]
AREAD157.DAT:10:31,AREAD157.DAT,10,31,"[14][C6]@""Thou art come at[01]last...[0B]Thou who[01]art me...""",49,[14][C6]
AREAD157.DAT:10:32,AREAD157.DAT,10,32,"[14][85]E""But what is this?[02]These...mortals thou[01]hath brought with[02]thee have no business[01]here.""",90,[14][85]
AREAD157.DAT:10:33,AREAD157.DAT,10,33,"[0C][04][14][C6]@""Come...Come hither,[01]thou who art me...""",46,
AREAD157.DAT:10:34,AREAD157.DAT,10,34,It looks like they're[01]still alive...,37,
AREAD157.DAT:10:35,AREAD157.DAT,10,35,"[0C][04][14][84]D""Whither goest thou?[01]I am here.""",38,
AREAD157.DAT:10:37,AREAD157.DAT,10,37,"[0C][06][14][C6]@""Discard that shell[01]of flesh thou wearest[01]and free thy spirit![02]Join with me!""",83,
AREAD157.DAT:10:38,AREAD157.DAT,10,38,"[0C][06][14][85]E""...[0B]Yes! Come to[01]me![02]Then...Then, we shall[01]bid farewell to this[01]wretched world.""",87,
AREAD157.DAT:10:39,AREAD157.DAT,10,39,"[0C][06][14][84]D""T'would appear that[01]thou hath lived among[02]the mortals far too[01]long...[0B][04]",78,
AREAD157.DAT:10:40,AREAD157.DAT,10,40,"[0C][06][14][C6]@""We must sever thine[01]ties with this[01]world...[02]Untangle the paths[01]that hath tangled...[02]I shall await thee,[01][04]",112,
AREAD157.DAT:10:42,AREAD157.DAT,10,42,"[0C][05][14][07][07]""I was so scared,[01][04]",25,
AREAD157.DAT:10:44,AREAD157.DAT,10,44,"[14][08][08]""So...Was he really[01]here at all?[02]Or was that some kind[01]of projection?""",74,[14][08]
AREAD157.DAT:10:46,AREAD157.DAT,10,46,"[14][09][07]""Well...I guess we've[01]got no choice but to[01]keep on going.[02][14]A",64,[14][09]
AREAD157.DAT:10:47,AREAD157.DAT,10,47,"[0C][05][14][0A][08]""Arrrgggghh!""[13]0[14][04][04]""My business lies[01]elsewhere...""",55,
AREAD157.DAT:10:48,AREAD157.DAT,10,48,"[0C][05][14][0A][08]""Arrrgggghh!""[13]0[14][04][04]""My business lies[01]elsewhere...""",55,
AREAD157.DAT:10:49,AREAD157.DAT,10,49,"[0C][05][14][0A][08]""Arrrgggghh!""[13]0[14][04][04]""My business lies[01]elsewhere...""",55,
AREAD157.DAT:10:50,AREAD157.DAT,10,50,"[0C][05][14][0A][08]""Arrrgggghh!""[13]0[14][04][04]""My business lies[01]elsewhere...""",55,
AREAD157.DAT:10:51,AREAD157.DAT,10,51,"[0C][05][14][0A][08]""Arrrgggghh!""[13]0[14][04][04]""My business lies[01]elsewhere...""",55,
AREAD157.DAT:10:52,AREAD157.DAT,10,52,"[0C][05][14][0A][08]""Arrrgggghh!""[13]0[14][04][04]""My business lies[01]elsewhere...""",55,
AREAD157.DAT:10:53,AREAD157.DAT,10,53,"[0C][05][14][0A][08]""Arrrgggghh!""[13]0[14][04][04]""My business lies[01]elsewhere...""",55,
AREAD157.DAT:10:54,AREAD157.DAT,10,54,"[0C][05][14][0A][08]""Arrrgggghh!""[13]0[14][04][04]""My business lies[01]elsewhere...""",55,
AREAD157.DAT:10:55,AREAD157.DAT,10,55,"[0C][05][14][0A][08]""Arrrgggghh!""[13]0[14][04][04]""My business lies[01]elsewhere...""",55,
AREAD157.DAT:10:56,AREAD157.DAT,10,56,"[14][04][04]""My business lies[01]elsewhere...""",35,[14][04]
AREAD158.DAT:8:0,AREAD158.DAT,8,0,Which floor do you want[01]to go to?[16][02],36,
AREAD158.DAT:8:1,AREAD158.DAT,8,1,Which floor do you want[01]to go to?[16][02],36,
AREAD158.DAT:8:2,AREAD158.DAT,8,2,[12][88][0C][95]4 fl[01]3 fl[01]2 fl[01]1 fl[01]Never mind,35,
AREAD158.DAT:8:3,AREAD158.DAT,8,3,Which floor do you want[01]to go to?[16][04],36,
AREAD158.DAT:8:4,AREAD158.DAT,8,4,[12][88][0C][95]5 fl[01]3 fl[01]2 fl[01]1 fl[01]Never mind,35,
AREAD158.DAT:8:5,AREAD158.DAT,8,5,Which floor do you want[01]to go to?[16][06],36,
AREAD158.DAT:8:6,AREAD158.DAT,8,6,[12][88][0C][95]5 fl[01]4 fl[01]2 fl[01]1 fl[01]Never mind,35,
AREAD158.DAT:8:7,AREAD158.DAT,8,7,Which floor do you want[01]to go to?[16][08],36,
AREAD158.DAT:8:8,AREAD158.DAT,8,8,[12][88][0C][95]5 fl[01]4 fl[01]3 fl[01]1 fl[01]Never mind,35,
AREAD158.DAT:8:9,AREAD158.DAT,8,9,Which floor do you want[01]to go to?[16][0A],36,
AREAD158.DAT:8:10,AREAD158.DAT,8,10,[12][88][0C][95]5 fl[01]4 fl[01]3 fl[01]2 fl[01]Never mind,35,
AREAD158.DAT:8:11,AREAD158.DAT,8,11,Which floor do you want[01]to go to?[16][0C],36,
AREAD158.DAT:8:12,AREAD158.DAT,8,12,[12][88][0C][95]1 fl[01]B1 fl[01]B2 fl[01]B3 fl[01]Never mind,38,
AREAD158.DAT:8:13,AREAD158.DAT,8,13,Which floor do you want[01]to go to?[16][0E],36,
AREAD158.DAT:8:14,AREAD158.DAT,8,14,[12][88][0C][95]5 fl[01]B1 fl[01]B2 fl[01]B3 fl[01]Never mind,38,
AREAD158.DAT:8:15,AREAD158.DAT,8,15,Which floor do you want[01]to go to?[16][10],36,
AREAD158.DAT:8:16,AREAD158.DAT,8,16,[12][88][0C][95]5 fl[01]1 fl[01]B2 fl[01]B3 fl[01]Never mind,37,
AREAD158.DAT:8:17,AREAD158.DAT,8,17,Which floor do you want[01]to go to?[16][12],36,
AREAD158.DAT:8:18,AREAD158.DAT,8,18,[12][88][0C][95]5 fl[01]1 fl[01]B1 fl[01]B3 fl[01]Never mind,37,
AREAD158.DAT:8:19,AREAD158.DAT,8,19,Which floor do you want[01]to go to?[16][14],36,
AREAD158.DAT:8:20,AREAD158.DAT,8,20,[12][88][0C][95]5 fl[01]1 fl[01]B1 fl[01]B2 fl[01]Never mind,37,
AREAD158.DAT:8:22,AREAD158.DAT,8,22,"The entrance has been[01]sealed! To open it, you[01]need a [05][06][09][16][05][06]!",61,
AREAD158.DAT:8:23,AREAD158.DAT,8,23,"The entrance has been[01]sealed! To open it, you[01]need a [05][02][09][17][05][06]!",61,
AREAD158.DAT:8:25,AREAD158.DAT,8,25,You got:[01][05][06][09][16][05][06]![02]You can use it to unlock[01]doors locked with a[01][05][06]Yellow Seal[06].,78,
AREAD158.DAT:8:26,AREAD158.DAT,8,26,You got:[01][05][02][09][17][05][06]![02]You can use it to unlock[01]doors locked with a[01][05][02]Red Seal[06].,75,
AREAD158.DAT:8:27,AREAD158.DAT,8,27,It looks like you can rest[01]here...[12][8B][0C][93]Rest[01]Diary[01]Never mind,60,
AREAD158.DAT:8:28,AREAD158.DAT,8,28,This book details the[01]history of the Empire[02]from the First Emperor[01]Fou-lu to the Fourth[01]Emperor Temul.,103,
AREAD158.DAT:8:29,AREAD158.DAT,8,29,This book details the[01]history of the Empire[02]from the Fifth Emperor[01]Mugul to the Eighth[01]Emperor Mei.,100,
AREAD158.DAT:8:30,AREAD158.DAT,8,30,This book details the[01]history of the Empire[02]from the Ninth Emperor[01]Shei to the Twelfth[01]Emperor Ahtar.,102,
AREAD158.DAT:8:31,AREAD158.DAT,8,31,"This book details the[01]history of the Empire[02]during the reign of the[01]Thirteenth and current[01]Emperor, Soniel.",108,
AREAD158.DAT:8:32,AREAD158.DAT,8,32,There are various kinds of[01]half-made weapons lying[01]scattered about.,68,
AREAD158.DAT:8:33,AREAD158.DAT,8,33,There are many scrolls and[01]books written in ancient[01]languages on the shelves.,78,
AREAD158.DAT:8:34,AREAD158.DAT,8,34,You found a list of all[01]the people who've been[02]used as sacrifices for[01]the Carronade...,87,
AREAD158.DAT:8:35,AREAD158.DAT,8,35,You found a record of the[01]Empire's attempt to[02]summon a god and what[01]went wrong.,80,
AREAD158.DAT:8:36,AREAD158.DAT,8,36,You found a record of[01]experiments involving[02]different methods to kill[01]dragons and other gods.,94,
AREAD158.DAT:8:37,AREAD158.DAT,8,37,There are all sorts of[01]different clothes hanging[01]inside the closet.,68,
AREAD158.DAT:8:77,AREAD158.DAT,8,77,Which floor do you want[01]to go to?[16][02],36,
AREAD159.DAT:8:0,AREAD159.DAT,8,0,Which floor do you want[01]to go to?[16][02],36,
AREAD159.DAT:8:1,AREAD159.DAT,8,1,Which floor do you want[01]to go to?[16][02],36,
AREAD159.DAT:8:2,AREAD159.DAT,8,2,[12][88][0C][95]4 fl[01]3 fl[01]2 fl[01]1 fl[01]Never mind,35,
AREAD159.DAT:8:3,AREAD159.DAT,8,3,Which floor do you want[01]to go to?[16][04],36,
AREAD159.DAT:8:4,AREAD159.DAT,8,4,[12][88][0C][95]5 fl[01]3 fl[01]2 fl[01]1 fl[01]Never mind,35,
AREAD159.DAT:8:5,AREAD159.DAT,8,5,Which floor do you want[01]to go to?[16][06],36,
AREAD159.DAT:8:6,AREAD159.DAT,8,6,[12][88][0C][95]5 fl[01]4 fl[01]2 fl[01]1 fl[01]Never mind,35,
AREAD159.DAT:8:7,AREAD159.DAT,8,7,Which floor do you want[01]to go to?[16][08],36,
AREAD159.DAT:8:8,AREAD159.DAT,8,8,[12][88][0C][95]5 fl[01]4 fl[01]3 fl[01]1 fl[01]Never mind,35,
AREAD159.DAT:8:9,AREAD159.DAT,8,9,Which floor do you want[01]to go to?[16][0A],36,
AREAD159.DAT:8:10,AREAD159.DAT,8,10,[12][88][0C][95]5 fl[01]4 fl[01]3 fl[01]2 fl[01]Never mind,35,
AREAD159.DAT:8:11,AREAD159.DAT,8,11,Which floor do you want[01]to go to?[16][0C],36,
AREAD159.DAT:8:12,AREAD159.DAT,8,12,[12][88][0C][95]1 fl[01]B1 fl[01]B2 fl[01]B3 fl[01]Never mind,38,
AREAD159.DAT:8:13,AREAD159.DAT,8,13,Which floor do you want[01]to go to?[16][0E],36,
AREAD159.DAT:8:14,AREAD159.DAT,8,14,[12][88][0C][95]5 fl[01]B1 fl[01]B2 fl[01]B3 fl[01]Never mind,38,
AREAD159.DAT:8:15,AREAD159.DAT,8,15,Which floor do you want[01]to go to?[16][10],36,
AREAD159.DAT:8:16,AREAD159.DAT,8,16,[12][88][0C][95]5 fl[01]1 fl[01]B2 fl[01]B3 fl[01]Never mind,37,
AREAD159.DAT:8:17,AREAD159.DAT,8,17,Which floor do you want[01]to go to?[16][12],36,
AREAD159.DAT:8:18,AREAD159.DAT,8,18,[12][88][0C][95]5 fl[01]1 fl[01]B1 fl[01]B3 fl[01]Never mind,37,
AREAD159.DAT:8:19,AREAD159.DAT,8,19,Which floor do you want[01]to go to?[16][14],36,
AREAD159.DAT:8:20,AREAD159.DAT,8,20,[12][88][0C][95]5 fl[01]1 fl[01]B1 fl[01]B2 fl[01]Never mind,37,
AREAD159.DAT:8:22,AREAD159.DAT,8,22,"The entrance has been[01]sealed! To open it, you[01]need a [05][06][09][16][05][06]!",61,
AREAD159.DAT:8:23,AREAD159.DAT,8,23,"The entrance has been[01]sealed! To open it, you[01]need a [05][02][09][17][05][06]!",61,
AREAD159.DAT:8:25,AREAD159.DAT,8,25,You got:[01][05][06][09][16][05][06]![02]You can use it to unlock[01]doors locked with a[01][05][06]Yellow Seal[06].,78,
AREAD159.DAT:8:26,AREAD159.DAT,8,26,You got:[01][05][02][09][17][05][06]![02]You can use it to unlock[01]doors locked with a[01][05][02]Red Seal[06].,75,
AREAD159.DAT:8:27,AREAD159.DAT,8,27,It looks like you can rest[01]here...[12][8B][0C][93]Rest[01]Diary[01]Never mind,60,
AREAD159.DAT:8:28,AREAD159.DAT,8,28,This book details the[01]history of the Empire[02]from the First Emperor[01]Fou-lu to the Fourth[01]Emperor Temul.,103,
AREAD159.DAT:8:29,AREAD159.DAT,8,29,This book details the[01]history of the Empire[02]from the Fifth Emperor[01]Mugul to the Eighth[01]Emperor Mei.,100,
AREAD159.DAT:8:30,AREAD159.DAT,8,30,This book details the[01]history of the Empire[02]from the Ninth Emperor[01]Shei to the Twelfth[01]Emperor Ahtar.,102,
AREAD159.DAT:8:31,AREAD159.DAT,8,31,"This book details the[01]history of the Empire[02]during the reign of the[01]Thirteenth and current[01]Emperor, Soniel.",108,
AREAD159.DAT:8:32,AREAD159.DAT,8,32,There are various kinds of[01]half-made weapons lying[01]scattered about.,68,
AREAD159.DAT:8:33,AREAD159.DAT,8,33,There are many scrolls and[01]books written in ancient[01]languages on the shelves.,78,
AREAD159.DAT:8:34,AREAD159.DAT,8,34,You found a list of all[01]the people who've been[02]used as sacrifices for[01]the Carronade...,87,
AREAD159.DAT:8:35,AREAD159.DAT,8,35,You found a record of the[01]Empire's attempt to[02]summon a god and what[01]went wrong.,80,
AREAD159.DAT:8:36,AREAD159.DAT,8,36,You found a record of[01]experiments involving[02]different methods to kill[01]dragons and other gods.,94,
AREAD159.DAT:8:37,AREAD159.DAT,8,37,There are all sorts of[01]different clothes hanging[01]inside the closet.,68,
AREAD159.DAT:8:77,AREAD159.DAT,8,77,Which floor do you want[01]to go to?[16][02],36,
AREAD161.DAT:9:0,AREAD161.DAT,9,0,Which floor do you want[01]to go to?[16][02],36,
AREAD161.DAT:9:1,AREAD161.DAT,9,1,Which floor do you want[01]to go to?[16][02],36,
AREAD161.DAT:9:2,AREAD161.DAT,9,2,[12][88][0C][95]4 fl[01]3 fl[01]2 fl[01]1 fl[01]Never mind,35,
AREAD161.DAT:9:3,AREAD161.DAT,9,3,Which floor do you want[01]to go to?[16][04],36,
AREAD161.DAT:9:4,AREAD161.DAT,9,4,[12][88][0C][95]5 fl[01]3 fl[01]2 fl[01]1 fl[01]Never mind,35,
AREAD161.DAT:9:5,AREAD161.DAT,9,5,Which floor do you want[01]to go to?[16][06],36,
AREAD161.DAT:9:6,AREAD161.DAT,9,6,[12][88][0C][95]5 fl[01]4 fl[01]2 fl[01]1 fl[01]Never mind,35,
AREAD161.DAT:9:7,AREAD161.DAT,9,7,Which floor do you want[01]to go to?[16][08],36,
AREAD161.DAT:9:8,AREAD161.DAT,9,8,[12][88][0C][95]5 fl[01]4 fl[01]3 fl[01]1 fl[01]Never mind,35,
AREAD161.DAT:9:9,AREAD161.DAT,9,9,Which floor do you want[01]to go to?[16][0A],36,
AREAD161.DAT:9:10,AREAD161.DAT,9,10,[12][88][0C][95]5 fl[01]4 fl[01]3 fl[01]2 fl[01]Never mind,35,
AREAD161.DAT:9:11,AREAD161.DAT,9,11,Which floor do you want[01]to go to?[16][0C],36,
AREAD161.DAT:9:12,AREAD161.DAT,9,12,[12][88][0C][95]1 fl[01]B1 fl[01]B2 fl[01]B3 fl[01]Never mind,38,
AREAD161.DAT:9:13,AREAD161.DAT,9,13,Which floor do you want[01]to go to?[16][0E],36,
AREAD161.DAT:9:14,AREAD161.DAT,9,14,[12][88][0C][95]5 fl[01]B1 fl[01]B2 fl[01]B3 fl[01]Never mind,38,
AREAD161.DAT:9:15,AREAD161.DAT,9,15,Which floor do you want[01]to go to?[16][10],36,
AREAD161.DAT:9:16,AREAD161.DAT,9,16,[12][88][0C][95]5 fl[01]1 fl[01]B2 fl[01]B3 fl[01]Never mind,37,
AREAD161.DAT:9:17,AREAD161.DAT,9,17,Which floor do you want[01]to go to?[16][12],36,
AREAD161.DAT:9:18,AREAD161.DAT,9,18,[12][88][0C][95]5 fl[01]1 fl[01]B1 fl[01]B3 fl[01]Never mind,37,
AREAD161.DAT:9:19,AREAD161.DAT,9,19,Which floor do you want[01]to go to?[16][14],36,
AREAD161.DAT:9:20,AREAD161.DAT,9,20,[12][88][0C][95]5 fl[01]1 fl[01]B1 fl[01]B2 fl[01]Never mind,37,
AREAD161.DAT:9:22,AREAD161.DAT,9,22,"The entrance has been[01]sealed! To open it, you[01]need a [05][06][09][16][05][06]!",61,
AREAD161.DAT:9:23,AREAD161.DAT,9,23,"The entrance has been[01]sealed! To open it, you[01]need a [05][02][09][17][05][06]!",61,
AREAD161.DAT:9:25,AREAD161.DAT,9,25,You got:[01][05][06][09][16][05][06]![02]You can use it to unlock[01]doors locked with a[01][05][06]Yellow Seal[06].,78,
AREAD161.DAT:9:26,AREAD161.DAT,9,26,You got:[01][05][02][09][17][05][06]![02]You can use it to unlock[01]doors locked with a[01][05][02]Red Seal[06].,75,
AREAD161.DAT:9:27,AREAD161.DAT,9,27,It looks like you can rest[01]here...[12][8B][0C][93]Rest[01]Diary[01]Never mind,60,
AREAD161.DAT:9:28,AREAD161.DAT,9,28,This book details the[01]history of the Empire[02]from the First Emperor[01]Fou-lu to the Fourth[01]Emperor Temul.,103,
AREAD161.DAT:9:29,AREAD161.DAT,9,29,This book details the[01]history of the Empire[02]from the Fifth Emperor[01]Mugul to the Eighth[01]Emperor Mei.,100,
AREAD161.DAT:9:30,AREAD161.DAT,9,30,This book details the[01]history of the Empire[02]from the Ninth Emperor[01]Shei to the Twelfth[01]Emperor Ahtar.,102,
AREAD161.DAT:9:31,AREAD161.DAT,9,31,"This book details the[01]history of the Empire[02]during the reign of the[01]Thirteenth and current[01]Emperor, Soniel.",108,
AREAD161.DAT:9:32,AREAD161.DAT,9,32,There are various kinds of[01]half-made weapons lying[01]scattered about.,68,
AREAD161.DAT:9:33,AREAD161.DAT,9,33,There are many scrolls and[01]books written in ancient[01]languages on the shelves.,78,
AREAD161.DAT:9:34,AREAD161.DAT,9,34,You found a list of all[01]the people who've been[02]used as sacrifices for[01]the Carronade...,87,
AREAD161.DAT:9:35,AREAD161.DAT,9,35,You found a record of the[01]Empire's attempt to[02]summon a god and what[01]went wrong.,80,
AREAD161.DAT:9:36,AREAD161.DAT,9,36,You found a record of[01]experiments involving[02]different methods to kill[01]dragons and other gods.,94,
AREAD161.DAT:9:37,AREAD161.DAT,9,37,There are all sorts of[01]different clothes hanging[01]inside the closet.,68,
AREAD161.DAT:9:77,AREAD161.DAT,9,77,Which floor do you want[01]to go to?[16][02],36,
AREAD162.DAT:8:0,AREAD162.DAT,8,0,Which floor do you want[01]to go to?[16][02],36,
AREAD162.DAT:8:1,AREAD162.DAT,8,1,Which floor do you want[01]to go to?[16][02],36,
AREAD162.DAT:8:2,AREAD162.DAT,8,2,[12][88][0C][95]4 fl[01]3 fl[01]2 fl[01]1 fl[01]Never mind,35,
AREAD162.DAT:8:3,AREAD162.DAT,8,3,Which floor do you want[01]to go to?[16][04],36,
AREAD162.DAT:8:4,AREAD162.DAT,8,4,[12][88][0C][95]5 fl[01]3 fl[01]2 fl[01]1 fl[01]Never mind,35,
AREAD162.DAT:8:5,AREAD162.DAT,8,5,Which floor do you want[01]to go to?[16][06],36,
AREAD162.DAT:8:6,AREAD162.DAT,8,6,[12][88][0C][95]5 fl[01]4 fl[01]2 fl[01]1 fl[01]Never mind,35,
AREAD162.DAT:8:7,AREAD162.DAT,8,7,Which floor do you want[01]to go to?[16][08],36,
AREAD162.DAT:8:8,AREAD162.DAT,8,8,[12][88][0C][95]5 fl[01]4 fl[01]3 fl[01]1 fl[01]Never mind,35,
AREAD162.DAT:8:9,AREAD162.DAT,8,9,Which floor do you want[01]to go to?[16][0A],36,
AREAD162.DAT:8:10,AREAD162.DAT,8,10,[12][88][0C][95]5 fl[01]4 fl[01]3 fl[01]2 fl[01]Never mind,35,
AREAD162.DAT:8:11,AREAD162.DAT,8,11,Which floor do you want[01]to go to?[16][0C],36,
AREAD162.DAT:8:12,AREAD162.DAT,8,12,[12][88][0C][95]1 fl[01]B1 fl[01]B2 fl[01]B3 fl[01]Never mind,38,
AREAD162.DAT:8:13,AREAD162.DAT,8,13,Which floor do you want[01]to go to?[16][0E],36,
AREAD162.DAT:8:14,AREAD162.DAT,8,14,[12][88][0C][95]5 fl[01]B1 fl[01]B2 fl[01]B3 fl[01]Never mind,38,
AREAD162.DAT:8:15,AREAD162.DAT,8,15,Which floor do you want[01]to go to?[16][10],36,
AREAD162.DAT:8:16,AREAD162.DAT,8,16,[12][88][0C][95]5 fl[01]1 fl[01]B2 fl[01]B3 fl[01]Never mind,37,
AREAD162.DAT:8:17,AREAD162.DAT,8,17,Which floor do you want[01]to go to?[16][12],36,
AREAD162.DAT:8:18,AREAD162.DAT,8,18,[12][88][0C][95]5 fl[01]1 fl[01]B1 fl[01]B3 fl[01]Never mind,37,
AREAD162.DAT:8:19,AREAD162.DAT,8,19,Which floor do you want[01]to go to?[16][14],36,
AREAD162.DAT:8:20,AREAD162.DAT,8,20,[12][88][0C][95]5 fl[01]1 fl[01]B1 fl[01]B2 fl[01]Never mind,37,
AREAD162.DAT:8:22,AREAD162.DAT,8,22,"The entrance has been[01]sealed! To open it, you[01]need a [05][06][09][16][05][06]!",61,
AREAD162.DAT:8:23,AREAD162.DAT,8,23,"The entrance has been[01]sealed! To open it, you[01]need a [05][02][09][17][05][06]!",61,
AREAD162.DAT:8:25,AREAD162.DAT,8,25,You got:[01][05][06][09][16][05][06]![02]You can use it to unlock[01]doors locked with a[01][05][06]Yellow Seal[06].,78,
AREAD162.DAT:8:26,AREAD162.DAT,8,26,You got:[01][05][02][09][17][05][06]![02]You can use it to unlock[01]doors locked with a[01][05][02]Red Seal[06].,75,
AREAD162.DAT:8:27,AREAD162.DAT,8,27,It looks like you can rest[01]here...[12][8B][0C][93]Rest[01]Diary[01]Never mind,60,
AREAD162.DAT:8:28,AREAD162.DAT,8,28,This book details the[01]history of the Empire[02]from the First Emperor[01]Fou-lu to the Fourth[01]Emperor Temul.,103,
AREAD162.DAT:8:29,AREAD162.DAT,8,29,This book details the[01]history of the Empire[02]from the Fifth Emperor[01]Mugul to the Eighth[01]Emperor Mei.,100,
AREAD162.DAT:8:30,AREAD162.DAT,8,30,This book details the[01]history of the Empire[02]from the Ninth Emperor[01]Shei to the Twelfth[01]Emperor Ahtar.,102,
AREAD162.DAT:8:31,AREAD162.DAT,8,31,"This book details the[01]history of the Empire[02]during the reign of the[01]Thirteenth and current[01]Emperor, Soniel.",108,
AREAD162.DAT:8:32,AREAD162.DAT,8,32,There are various kinds of[01]half-made weapons lying[01]scattered about.,68,
AREAD162.DAT:8:33,AREAD162.DAT,8,33,There are many scrolls and[01]books written in ancient[01]languages on the shelves.,78,
AREAD162.DAT:8:34,AREAD162.DAT,8,34,You found a list of all[01]the people who've been[02]used as sacrifices for[01]the Carronade...,87,
AREAD162.DAT:8:35,AREAD162.DAT,8,35,You found a record of the[01]Empire's attempt to[02]summon a god and what[01]went wrong.,80,
AREAD162.DAT:8:36,AREAD162.DAT,8,36,You found a record of[01]experiments involving[02]different methods to kill[01]dragons and other gods.,94,
AREAD162.DAT:8:37,AREAD162.DAT,8,37,There are all sorts of[01]different clothes hanging[01]inside the closet.,68,
AREAD162.DAT:8:77,AREAD162.DAT,8,77,Which floor do you want[01]to go to?[16][02],36,
AREAD163.DAT:7:0,AREAD163.DAT,7,0,Which floor do you want[01]to go to?[16][02],36,
AREAD163.DAT:7:1,AREAD163.DAT,7,1,Which floor do you want[01]to go to?[16][02],36,
AREAD163.DAT:7:2,AREAD163.DAT,7,2,[12][88][0C][95]4 fl[01]3 fl[01]2 fl[01]1 fl[01]Never mind,35,
AREAD163.DAT:7:3,AREAD163.DAT,7,3,Which floor do you want[01]to go to?[16][04],36,
AREAD163.DAT:7:4,AREAD163.DAT,7,4,[12][88][0C][95]5 fl[01]3 fl[01]2 fl[01]1 fl[01]Never mind,35,
AREAD163.DAT:7:5,AREAD163.DAT,7,5,Which floor do you want[01]to go to?[16][06],36,
AREAD163.DAT:7:6,AREAD163.DAT,7,6,[12][88][0C][95]5 fl[01]4 fl[01]2 fl[01]1 fl[01]Never mind,35,
AREAD163.DAT:7:7,AREAD163.DAT,7,7,Which floor do you want[01]to go to?[16][08],36,
AREAD163.DAT:7:8,AREAD163.DAT,7,8,[12][88][0C][95]5 fl[01]4 fl[01]3 fl[01]1 fl[01]Never mind,35,
AREAD163.DAT:7:9,AREAD163.DAT,7,9,Which floor do you want[01]to go to?[16][0A],36,
AREAD163.DAT:7:10,AREAD163.DAT,7,10,[12][88][0C][95]5 fl[01]4 fl[01]3 fl[01]2 fl[01]Never mind,35,
AREAD163.DAT:7:11,AREAD163.DAT,7,11,Which floor do you want[01]to go to?[16][0C],36,
AREAD163.DAT:7:12,AREAD163.DAT,7,12,[12][88][0C][95]1 fl[01]B1 fl[01]B2 fl[01]B3 fl[01]Never mind,38,
AREAD163.DAT:7:13,AREAD163.DAT,7,13,Which floor do you want[01]to go to?[16][0E],36,
AREAD163.DAT:7:14,AREAD163.DAT,7,14,[12][88][0C][95]5 fl[01]B1 fl[01]B2 fl[01]B3 fl[01]Never mind,38,
AREAD163.DAT:7:15,AREAD163.DAT,7,15,Which floor do you want[01]to go to?[16][10],36,
AREAD163.DAT:7:16,AREAD163.DAT,7,16,[12][88][0C][95]5 fl[01]1 fl[01]B2 fl[01]B3 fl[01]Never mind,37,
AREAD163.DAT:7:17,AREAD163.DAT,7,17,Which floor do you want[01]to go to?[16][12],36,
AREAD163.DAT:7:18,AREAD163.DAT,7,18,[12][88][0C][95]5 fl[01]1 fl[01]B1 fl[01]B3 fl[01]Never mind,37,
AREAD163.DAT:7:19,AREAD163.DAT,7,19,Which floor do you want[01]to go to?[16][14],36,
AREAD163.DAT:7:20,AREAD163.DAT,7,20,[12][88][0C][95]5 fl[01]1 fl[01]B1 fl[01]B2 fl[01]Never mind,37,
AREAD163.DAT:7:22,AREAD163.DAT,7,22,"The entrance has been[01]sealed! To open it, you[01]need a [05][06][09][16][05][06]!",61,
AREAD163.DAT:7:23,AREAD163.DAT,7,23,"The entrance has been[01]sealed! To open it, you[01]need a [05][02][09][17][05][06]!",61,
AREAD163.DAT:7:25,AREAD163.DAT,7,25,You got:[01][05][06][09][16][05][06]![02]You can use it to unlock[01]doors locked with a[01][05][06]Yellow Seal[06].,78,
AREAD163.DAT:7:26,AREAD163.DAT,7,26,You got:[01][05][02][09][17][05][06]![02]You can use it to unlock[01]doors locked with a[01][05][02]Red Seal[06].,75,
AREAD163.DAT:7:27,AREAD163.DAT,7,27,It looks like you can rest[01]here...[12][8B][0C][93]Rest[01]Diary[01]Never mind,60,
AREAD163.DAT:7:28,AREAD163.DAT,7,28,This book details the[01]history of the Empire[02]from the First Emperor[01]Fou-lu to the Fourth[01]Emperor Temul.,103,
AREAD163.DAT:7:29,AREAD163.DAT,7,29,This book details the[01]history of the Empire[02]from the Fifth Emperor[01]Mugul to the Eighth[01]Emperor Mei.,100,
AREAD163.DAT:7:30,AREAD163.DAT,7,30,This book details the[01]history of the Empire[02]from the Ninth Emperor[01]Shei to the Twelfth[01]Emperor Ahtar.,102,
AREAD163.DAT:7:31,AREAD163.DAT,7,31,"This book details the[01]history of the Empire[02]during the reign of the[01]Thirteenth and current[01]Emperor, Soniel.",108,
AREAD163.DAT:7:32,AREAD163.DAT,7,32,There are various kinds of[01]half-made weapons lying[01]scattered about.,68,
AREAD163.DAT:7:33,AREAD163.DAT,7,33,There are many scrolls and[01]books written in ancient[01]languages on the shelves.,78,
AREAD163.DAT:7:34,AREAD163.DAT,7,34,You found a list of all[01]the people who've been[02]used as sacrifices for[01]the Carronade...,87,
AREAD163.DAT:7:35,AREAD163.DAT,7,35,You found a record of the[01]Empire's attempt to[02]summon a god and what[01]went wrong.,80,
AREAD163.DAT:7:36,AREAD163.DAT,7,36,You found a record of[01]experiments involving[02]different methods to kill[01]dragons and other gods.,94,
AREAD163.DAT:7:37,AREAD163.DAT,7,37,There are all sorts of[01]different clothes hanging[01]inside the closet.,68,
AREAD163.DAT:7:77,AREAD163.DAT,7,77,Which floor do you want[01]to go to?[16][02],36,
AREAD164.DAT:8:0,AREAD164.DAT,8,0,Which floor do you want[01]to go to?[16][02],36,
AREAD164.DAT:8:1,AREAD164.DAT,8,1,Which floor do you want[01]to go to?[16][02],36,
AREAD164.DAT:8:2,AREAD164.DAT,8,2,[12][88][0C][95]4 fl[01]3 fl[01]2 fl[01]1 fl[01]Never mind,35,
AREAD164.DAT:8:3,AREAD164.DAT,8,3,Which floor do you want[01]to go to?[16][04],36,
AREAD164.DAT:8:4,AREAD164.DAT,8,4,[12][88][0C][95]5 fl[01]3 fl[01]2 fl[01]1 fl[01]Never mind,35,
AREAD164.DAT:8:5,AREAD164.DAT,8,5,Which floor do you want[01]to go to?[16][06],36,
AREAD164.DAT:8:6,AREAD164.DAT,8,6,[12][88][0C][95]5 fl[01]4 fl[01]2 fl[01]1 fl[01]Never mind,35,
AREAD164.DAT:8:7,AREAD164.DAT,8,7,Which floor do you want[01]to go to?[16][08],36,
AREAD164.DAT:8:8,AREAD164.DAT,8,8,[12][88][0C][95]5 fl[01]4 fl[01]3 fl[01]1 fl[01]Never mind,35,
AREAD164.DAT:8:9,AREAD164.DAT,8,9,Which floor do you want[01]to go to?[16][0A],36,
AREAD164.DAT:8:10,AREAD164.DAT,8,10,[12][88][0C][95]5 fl[01]4 fl[01]3 fl[01]2 fl[01]Never mind,35,
AREAD164.DAT:8:11,AREAD164.DAT,8,11,Which floor do you want[01]to go to?[16][0C],36,
AREAD164.DAT:8:12,AREAD164.DAT,8,12,[12][88][0C][95]1 fl[01]B1 fl[01]B2 fl[01]B3 fl[01]Never mind,38,
AREAD164.DAT:8:13,AREAD164.DAT,8,13,Which floor do you want[01]to go to?[16][0E],36,
AREAD164.DAT:8:14,AREAD164.DAT,8,14,[12][88][0C][95]5 fl[01]B1 fl[01]B2 fl[01]B3 fl[01]Never mind,38,
AREAD164.DAT:8:15,AREAD164.DAT,8,15,Which floor do you want[01]to go to?[16][10],36,
AREAD164.DAT:8:16,AREAD164.DAT,8,16,[12][88][0C][95]5 fl[01]1 fl[01]B2 fl[01]B3 fl[01]Never mind,37,
AREAD164.DAT:8:17,AREAD164.DAT,8,17,Which floor do you want[01]to go to?[16][12],36,
AREAD164.DAT:8:18,AREAD164.DAT,8,18,[12][88][0C][95]5 fl[01]1 fl[01]B1 fl[01]B3 fl[01]Never mind,37,
AREAD164.DAT:8:19,AREAD164.DAT,8,19,Which floor do you want[01]to go to?[16][14],36,
AREAD164.DAT:8:20,AREAD164.DAT,8,20,[12][88][0C][95]5 fl[01]1 fl[01]B1 fl[01]B2 fl[01]Never mind,37,
AREAD164.DAT:8:22,AREAD164.DAT,8,22,"The entrance has been[01]sealed! To open it, you[01]need a [05][06][09][16][05][06]!",61,
AREAD164.DAT:8:23,AREAD164.DAT,8,23,"The entrance has been[01]sealed! To open it, you[01]need a [05][02][09][17][05][06]!",61,
AREAD164.DAT:8:25,AREAD164.DAT,8,25,You got:[01][05][06][09][16][05][06]![02]You can use it to unlock[01]doors locked with a[01][05][06]Yellow Seal[06].,78,
AREAD164.DAT:8:26,AREAD164.DAT,8,26,You got:[01][05][02][09][17][05][06]![02]You can use it to unlock[01]doors locked with a[01][05][02]Red Seal[06].,75,
AREAD164.DAT:8:27,AREAD164.DAT,8,27,It looks like you can rest[01]here...[12][8B][0C][93]Rest[01]Diary[01]Never mind,60,
AREAD164.DAT:8:28,AREAD164.DAT,8,28,This book details the[01]history of the Empire[02]from the First Emperor[01]Fou-lu to the Fourth[01]Emperor Temul.,103,
AREAD164.DAT:8:29,AREAD164.DAT,8,29,This book details the[01]history of the Empire[02]from the Fifth Emperor[01]Mugul to the Eighth[01]Emperor Mei.,100,
AREAD164.DAT:8:30,AREAD164.DAT,8,30,This book details the[01]history of the Empire[02]from the Ninth Emperor[01]Shei to the Twelfth[01]Emperor Ahtar.,102,
AREAD164.DAT:8:31,AREAD164.DAT,8,31,"This book details the[01]history of the Empire[02]during the reign of the[01]Thirteenth and current[01]Emperor, Soniel.",108,
AREAD164.DAT:8:32,AREAD164.DAT,8,32,There are various kinds of[01]half-made weapons lying[01]scattered about.,68,
AREAD164.DAT:8:33,AREAD164.DAT,8,33,There are many scrolls and[01]books written in ancient[01]languages on the shelves.,78,
AREAD164.DAT:8:34,AREAD164.DAT,8,34,You found a list of all[01]the people who've been[02]used as sacrifices for[01]the Carronade...,87,
AREAD164.DAT:8:35,AREAD164.DAT,8,35,You found a record of the[01]Empire's attempt to[02]summon a god and what[01]went wrong.,80,
AREAD164.DAT:8:36,AREAD164.DAT,8,36,You found a record of[01]experiments involving[02]different methods to kill[01]dragons and other gods.,94,
AREAD164.DAT:8:37,AREAD164.DAT,8,37,There are all sorts of[01]different clothes hanging[01]inside the closet.,68,
AREAD164.DAT:8:77,AREAD164.DAT,8,77,Which floor do you want[01]to go to?[16][02],36,
AREAD165.DAT:8:0,AREAD165.DAT,8,0,Which floor do you want[01]to go to?[16][02],36,
AREAD165.DAT:8:1,AREAD165.DAT,8,1,Which floor do you want[01]to go to?[16][02],36,
AREAD165.DAT:8:2,AREAD165.DAT,8,2,[12][88][0C][95]4 fl[01]3 fl[01]2 fl[01]1 fl[01]Never mind,35,
AREAD165.DAT:8:3,AREAD165.DAT,8,3,Which floor do you want[01]to go to?[16][04],36,
AREAD165.DAT:8:4,AREAD165.DAT,8,4,[12][88][0C][95]5 fl[01]3 fl[01]2 fl[01]1 fl[01]Never mind,35,
AREAD165.DAT:8:5,AREAD165.DAT,8,5,Which floor do you want[01]to go to?[16][06],36,
AREAD165.DAT:8:6,AREAD165.DAT,8,6,[12][88][0C][95]5 fl[01]4 fl[01]2 fl[01]1 fl[01]Never mind,35,
AREAD165.DAT:8:7,AREAD165.DAT,8,7,Which floor do you want[01]to go to?[16][08],36,
AREAD165.DAT:8:8,AREAD165.DAT,8,8,[12][88][0C][95]5 fl[01]4 fl[01]3 fl[01]1 fl[01]Never mind,35,
AREAD165.DAT:8:9,AREAD165.DAT,8,9,Which floor do you want[01]to go to?[16][0A],36,
AREAD165.DAT:8:10,AREAD165.DAT,8,10,[12][88][0C][95]5 fl[01]4 fl[01]3 fl[01]2 fl[01]Never mind,35,
AREAD165.DAT:8:11,AREAD165.DAT,8,11,Which floor do you want[01]to go to?[16][0C],36,
AREAD165.DAT:8:12,AREAD165.DAT,8,12,[12][88][0C][95]1 fl[01]B1 fl[01]B2 fl[01]B3 fl[01]Never mind,38,
AREAD165.DAT:8:13,AREAD165.DAT,8,13,Which floor do you want[01]to go to?[16][0E],36,
AREAD165.DAT:8:14,AREAD165.DAT,8,14,[12][88][0C][95]5 fl[01]B1 fl[01]B2 fl[01]B3 fl[01]Never mind,38,
AREAD165.DAT:8:15,AREAD165.DAT,8,15,Which floor do you want[01]to go to?[16][10],36,
AREAD165.DAT:8:16,AREAD165.DAT,8,16,[12][88][0C][95]5 fl[01]1 fl[01]B2 fl[01]B3 fl[01]Never mind,37,
AREAD165.DAT:8:17,AREAD165.DAT,8,17,Which floor do you want[01]to go to?[16][12],36,
AREAD165.DAT:8:18,AREAD165.DAT,8,18,[12][88][0C][95]5 fl[01]1 fl[01]B1 fl[01]B3 fl[01]Never mind,37,
AREAD165.DAT:8:19,AREAD165.DAT,8,19,Which floor do you want[01]to go to?[16][14],36,
AREAD165.DAT:8:20,AREAD165.DAT,8,20,[12][88][0C][95]5 fl[01]1 fl[01]B1 fl[01]B2 fl[01]Never mind,37,
AREAD165.DAT:8:22,AREAD165.DAT,8,22,"The entrance has been[01]sealed! To open it, you[01]need a [05][06][09][16][05][06]!",61,
AREAD165.DAT:8:23,AREAD165.DAT,8,23,"The entrance has been[01]sealed! To open it, you[01]need a [05][02][09][17][05][06]!",61,
AREAD165.DAT:8:25,AREAD165.DAT,8,25,You got:[01][05][06][09][16][05][06]![02]You can use it to unlock[01]doors locked with a[01][05][06]Yellow Seal[06].,78,
AREAD165.DAT:8:26,AREAD165.DAT,8,26,You got:[01][05][02][09][17][05][06]![02]You can use it to unlock[01]doors locked with a[01][05][02]Red Seal[06].,75,
AREAD165.DAT:8:27,AREAD165.DAT,8,27,It looks like you can rest[01]here...[12][8B][0C][93]Rest[01]Diary[01]Never mind,60,
AREAD165.DAT:8:28,AREAD165.DAT,8,28,This book details the[01]history of the Empire[02]from the First Emperor[01]Fou-lu to the Fourth[01]Emperor Temul.,103,
AREAD165.DAT:8:29,AREAD165.DAT,8,29,This book details the[01]history of the Empire[02]from the Fifth Emperor[01]Mugul to the Eighth[01]Emperor Mei.,100,
AREAD165.DAT:8:30,AREAD165.DAT,8,30,This book details the[01]history of the Empire[02]from the Ninth Emperor[01]Shei to the Twelfth[01]Emperor Ahtar.,102,
AREAD165.DAT:8:31,AREAD165.DAT,8,31,"This book details the[01]history of the Empire[02]during the reign of the[01]Thirteenth and current[01]Emperor, Soniel.",108,
AREAD165.DAT:8:32,AREAD165.DAT,8,32,There are various kinds of[01]half-made weapons lying[01]scattered about.,68,
AREAD165.DAT:8:33,AREAD165.DAT,8,33,There are many scrolls and[01]books written in ancient[01]languages on the shelves.,78,
AREAD165.DAT:8:34,AREAD165.DAT,8,34,You found a list of all[01]the people who've been[02]used as sacrifices for[01]the Carronade...,87,
AREAD165.DAT:8:35,AREAD165.DAT,8,35,You found a record of the[01]Empire's attempt to[02]summon a god and what[01]went wrong.,80,
AREAD165.DAT:8:36,AREAD165.DAT,8,36,You found a record of[01]experiments involving[02]different methods to kill[01]dragons and other gods.,94,
AREAD165.DAT:8:37,AREAD165.DAT,8,37,There are all sorts of[01]different clothes hanging[01]inside the closet.,68,
AREAD165.DAT:8:77,AREAD165.DAT,8,77,Which floor do you want[01]to go to?[16][02],36,
AREAD166.DAT:8:0,AREAD166.DAT,8,0,Do you want to warp to the[01]entrance to the Castle?[12],52,
AREAD166.DAT:8:1,AREAD166.DAT,8,1,Do you want to warp to the[01]entrance to the Castle?[12],52,
AREAD166.DAT:8:2,AREAD166.DAT,8,2,"[14][80]@""Who goes there!?""",22,[14][80]
AREAD166.DAT:8:3,AREAD166.DAT,8,3,"[0C][81]  [05][08]Soniel, 13th Emperor of[01]       the Fou Empire[06][13][90][14][81]A""Yuna...[01]I say, are you there,[01]Yuna?""",95,
AREAD166.DAT:8:4,AREAD166.DAT,8,4,"[14][81]A""Yuna...[01]I say, are you there,[01]Yuna?""",41,[14][81]
AREAD166.DAT:8:5,AREAD166.DAT,8,5,"[0C][06][14][82]B""Yes, Your Highness.[01][0B]Right here.""",40,
AREAD166.DAT:8:6,AREAD166.DAT,8,6,"[14][81]A""It...It would appear[01]that something is[01]happening...[02]Would it not, Yuna?""",77,[14][81]
AREAD166.DAT:8:7,AREAD166.DAT,8,7,"[0C][05][14][02][02]""It would indeed,[01]Highness.[02]I shall go[01]investigate the[01]disturbance myself.""",81,
AREAD166.DAT:8:8,AREAD166.DAT,8,8,"[14][81]A""Yuna!""",11,[14][81]
AREAD166.DAT:8:9,AREAD166.DAT,8,9,"[14][81]A""Are you certain we[01]need not surround[01]our self with guards?[02]We are concerned for[01]our safety!""",97,[14][81]
AREAD166.DAT:8:10,AREAD166.DAT,8,10,"[0C][05][14][02][02]""Well, Highness...[02]I'm afraid all the[01]guards in the world[02]wouldn't make much[01]difference should the[01]God Emperor appear.""",125,
AREAD166.DAT:8:12,AREAD166.DAT,8,12,"[0C][05][14][02][02]""Besides, I, ever[01]your faithful and[01]devoted servant,[02]will lay down my life[01]if need be to protect[02]you by confining the[01]Emperor [04][06] in[01]a web of magic.[02]Please, Highness,[01]let your heart be[01]at ease!""",199,
AREAD166.DAT:8:13,AREAD166.DAT,8,13,"[14][81]A""Very well.[02]We are counting on[01]you, Yuna.""",46,[14][81]
AREAD166.DAT:8:14,AREAD166.DAT,8,14,"[14][83]C""Arrrrghhh!""",16,[14][83]
AREAD166.DAT:8:15,AREAD166.DAT,8,15,"[0C][04][14][82]B""Well! If it isn't[01][04][06], the God[01]Emperor...[02]Allow me to[01]congratulate[01]you on your[02]triumphant return,[01]Your Majesty. I...""",123,
AREAD166.DAT:8:17,AREAD166.DAT,8,17,"[0C][04][14][82]B""Well! I'm afraid[01]I can't let you[01]through, Majesty.""",58,
AREAD166.DAT:8:18,AREAD166.DAT,8,18,"[0C][06][14][82]B""Today, your journey[01]ends here.[02]Do not worry--we will[01]merely seal off your[02]power and return you[01]to your place of[01]rest.""",125,
AREAD166.DAT:8:19,AREAD166.DAT,8,19,"[0C][06][14][82]B""Well! I suppose I[01]should have known[01]better...[02]It would appear that[01]here, in this castle[01]you built,[02]your powers have[01]fully returned.""",139,
AREAD166.DAT:8:20,AREAD166.DAT,8,20,"[0C][06][14][82]B""Well then, far be it[01]from me to stand in[01]your way, Majesty.""",67,
AREAD166.DAT:8:21,AREAD166.DAT,8,21,"[0C][06][14][01][01]""...[04][06]!""",14,
AREAD166.DAT:8:22,AREAD166.DAT,8,22,"[0C][06][14][81]A""We...[0B]I have been[01]awaiting your return,[01]oh Great Lord...""",64,
AREAD166.DAT:8:23,AREAD166.DAT,8,23,"[0C][05][14][04][04]""Thou hast forgotten[01]our promise...[02]Thou hast not[01]fulfilled the[01]promise.""",79,
AREAD166.DAT:8:24,AREAD166.DAT,8,24,"[0C][06][14][81]A""M...[0B]Majesty, how[01]can you say that!?[02]Of course we have not[01]forgotten![02]Now that you have[01]returned,[02]why, the Empire is[01]yours![02]I would never think[01]of...""",157,
AREAD166.DAT:8:26,AREAD166.DAT,8,26,"[14][01][01]""Wah ha ha ha![01]This is [09]V[01]![02]I did it! I killed a[01]god!""",58,[14][01]
AREAD166.DAT:8:27,AREAD166.DAT,8,27,"[14][01][01]""Ha ha ha ha ha![01]What of your promise[01]now!?[02]It is old and[01]meaningless...[01]Just like you![02]All this belongs to[01]me now!!""",121,[14][01]
AREAD166.DAT:8:28,AREAD166.DAT,8,28,"[0C][04][14][05][05]""Ha ha...Ha ha ha ha![02][14][06][06]""Foolish mortal!""",48,
AREAD166.DAT:8:29,AREAD166.DAT,8,29,"[14][C6]@""...[0B]...[0B]...[02][14][84]D...[0B]...""[13]0[14][C6]@""Thou art come at[01]last...[0B]Thou who[01]art me...""",78,[14][C6]
AREAD166.DAT:8:30,AREAD166.DAT,8,30,"[14][C6]@""...[0B]...[0B]...[02][14][84]D...[0B]...""[13]0[14][C6]@""Thou art come at[01]last...[0B]Thou who[01]art me...""",78,[14][C6]
AREAD166.DAT:8:31,AREAD166.DAT,8,31,"[14][C6]@""Thou art come at[01]last...[0B]Thou who[01]art me...""",49,[14][C6]
AREAD166.DAT:8:32,AREAD166.DAT,8,32,"[14][85]E""But what is this?[02]These...mortals thou[01]hath brought with[02]thee have no business[01]here.""",90,[14][85]
AREAD166.DAT:8:33,AREAD166.DAT,8,33,"[0C][04][14][C6]@""Come...Come hither,[01]thou who art me...""",46,
AREAD166.DAT:8:34,AREAD166.DAT,8,34,It looks like they're[01]still alive...,37,
AREAD166.DAT:8:35,AREAD166.DAT,8,35,"[0C][04][14][84]D""Whither goest thou?[01]I am here.""",38,
AREAD166.DAT:8:37,AREAD166.DAT,8,37,"[0C][06][14][C6]@""Discard that shell[01]of flesh thou wearest[01]and free thy spirit![02]Join with me!""",83,
AREAD166.DAT:8:38,AREAD166.DAT,8,38,"[0C][06][14][85]E""...[0B]Yes! Come to[01]me![02]Then...Then, we shall[01]bid farewell to this[01]wretched world.""",87,
AREAD166.DAT:8:39,AREAD166.DAT,8,39,"[0C][06][14][84]D""T'would appear that[01]thou hath lived among[02]the mortals far too[01]long...[0B][04]",78,
AREAD166.DAT:8:40,AREAD166.DAT,8,40,"[0C][06][14][C6]@""We must sever thine[01]ties with this[01]world...[02]Untangle the paths[01]that hath tangled...[02]I shall await thee,[01][04]",112,
AREAD166.DAT:8:42,AREAD166.DAT,8,42,"[0C][05][14][07][07]""I was so scared,[01][04]",25,
AREAD166.DAT:8:44,AREAD166.DAT,8,44,"[14][08][08]""So...Was he really[01]here at all?[02]Or was that some kind[01]of projection?""",74,[14][08]
AREAD166.DAT:8:46,AREAD166.DAT,8,46,"[14][09][07]""Well...I guess we've[01]got no choice but to[01]keep on going.[02][14]A",64,[14][09]
AREAD166.DAT:8:47,AREAD166.DAT,8,47,"[0C][05][14][0A][08]""Arrrgggghh!""[13]0[14][04][04]""My business lies[01]elsewhere...""",55,
AREAD166.DAT:8:48,AREAD166.DAT,8,48,"[0C][05][14][0A][08]""Arrrgggghh!""[13]0[14][04][04]""My business lies[01]elsewhere...""",55,
AREAD166.DAT:8:49,AREAD166.DAT,8,49,"[0C][05][14][0A][08]""Arrrgggghh!""[13]0[14][04][04]""My business lies[01]elsewhere...""",55,
AREAD166.DAT:8:50,AREAD166.DAT,8,50,"[0C][05][14][0A][08]""Arrrgggghh!""[13]0[14][04][04]""My business lies[01]elsewhere...""",55,
AREAD166.DAT:8:51,AREAD166.DAT,8,51,"[0C][05][14][0A][08]""Arrrgggghh!""[13]0[14][04][04]""My business lies[01]elsewhere...""",55,
AREAD166.DAT:8:52,AREAD166.DAT,8,52,"[0C][05][14][0A][08]""Arrrgggghh!""[13]0[14][04][04]""My business lies[01]elsewhere...""",55,
AREAD166.DAT:8:53,AREAD166.DAT,8,53,"[0C][05][14][0A][08]""Arrrgggghh!""[13]0[14][04][04]""My business lies[01]elsewhere...""",55,
AREAD166.DAT:8:54,AREAD166.DAT,8,54,"[0C][05][14][0A][08]""Arrrgggghh!""[13]0[14][04][04]""My business lies[01]elsewhere...""",55,
AREAD166.DAT:8:55,AREAD166.DAT,8,55,"[0C][05][14][0A][08]""Arrrgggghh!""[13]0[14][04][04]""My business lies[01]elsewhere...""",55,
AREAD166.DAT:8:56,AREAD166.DAT,8,56,"[14][04][04]""My business lies[01]elsewhere...""",35,[14][04]
AREAD168.DAT:8:0,AREAD168.DAT,8,0,Which floor do you want[01]to go to?[16][02],36,
AREAD168.DAT:8:1,AREAD168.DAT,8,1,Which floor do you want[01]to go to?[16][02],36,
AREAD168.DAT:8:2,AREAD168.DAT,8,2,[12][88][0C][95]4 fl[01]3 fl[01]2 fl[01]1 fl[01]Never mind,35,
AREAD168.DAT:8:3,AREAD168.DAT,8,3,Which floor do you want[01]to go to?[16][04],36,
AREAD168.DAT:8:4,AREAD168.DAT,8,4,[12][88][0C][95]5 fl[01]3 fl[01]2 fl[01]1 fl[01]Never mind,35,
AREAD168.DAT:8:5,AREAD168.DAT,8,5,Which floor do you want[01]to go to?[16][06],36,
AREAD168.DAT:8:6,AREAD168.DAT,8,6,[12][88][0C][95]5 fl[01]4 fl[01]2 fl[01]1 fl[01]Never mind,35,
AREAD168.DAT:8:7,AREAD168.DAT,8,7,Which floor do you want[01]to go to?[16][08],36,
AREAD168.DAT:8:8,AREAD168.DAT,8,8,[12][88][0C][95]5 fl[01]4 fl[01]3 fl[01]1 fl[01]Never mind,35,
AREAD168.DAT:8:9,AREAD168.DAT,8,9,Which floor do you want[01]to go to?[16][0A],36,
AREAD168.DAT:8:10,AREAD168.DAT,8,10,[12][88][0C][95]5 fl[01]4 fl[01]3 fl[01]2 fl[01]Never mind,35,
AREAD168.DAT:8:11,AREAD168.DAT,8,11,Which floor do you want[01]to go to?[16][0C],36,
AREAD168.DAT:8:12,AREAD168.DAT,8,12,[12][88][0C][95]1 fl[01]B1 fl[01]B2 fl[01]B3 fl[01]Never mind,38,
AREAD168.DAT:8:13,AREAD168.DAT,8,13,Which floor do you want[01]to go to?[16][0E],36,
AREAD168.DAT:8:14,AREAD168.DAT,8,14,[12][88][0C][95]5 fl[01]B1 fl[01]B2 fl[01]B3 fl[01]Never mind,38,
AREAD168.DAT:8:15,AREAD168.DAT,8,15,Which floor do you want[01]to go to?[16][10],36,
AREAD168.DAT:8:16,AREAD168.DAT,8,16,[12][88][0C][95]5 fl[01]1 fl[01]B2 fl[01]B3 fl[01]Never mind,37,
AREAD168.DAT:8:17,AREAD168.DAT,8,17,Which floor do you want[01]to go to?[16][12],36,
AREAD168.DAT:8:18,AREAD168.DAT,8,18,[12][88][0C][95]5 fl[01]1 fl[01]B1 fl[01]B3 fl[01]Never mind,37,
AREAD168.DAT:8:19,AREAD168.DAT,8,19,Which floor do you want[01]to go to?[16][14],36,
AREAD168.DAT:8:20,AREAD168.DAT,8,20,[12][88][0C][95]5 fl[01]1 fl[01]B1 fl[01]B2 fl[01]Never mind,37,
AREAD168.DAT:8:22,AREAD168.DAT,8,22,"The entrance has been[01]sealed! To open it, you[01]need a [05][06][09][16][05][06]!",61,
AREAD168.DAT:8:23,AREAD168.DAT,8,23,"The entrance has been[01]sealed! To open it, you[01]need a [05][02][09][17][05][06]!",61,
AREAD168.DAT:8:25,AREAD168.DAT,8,25,You got:[01][05][06][09][16][05][06]![02]You can use it to unlock[01]doors locked with a[01][05][06]Yellow Seal[06].,78,
AREAD168.DAT:8:26,AREAD168.DAT,8,26,You got:[01][05][02][09][17][05][06]![02]You can use it to unlock[01]doors locked with a[01][05][02]Red Seal[06].,75,
AREAD168.DAT:8:27,AREAD168.DAT,8,27,It looks like you can rest[01]here...[12][8B][0C][93]Rest[01]Diary[01]Never mind,60,
AREAD168.DAT:8:28,AREAD168.DAT,8,28,This book details the[01]history of the Empire[02]from the First Emperor[01]Fou-lu to the Fourth[01]Emperor Temul.,103,
AREAD168.DAT:8:29,AREAD168.DAT,8,29,This book details the[01]history of the Empire[02]from the Fifth Emperor[01]Mugul to the Eighth[01]Emperor Mei.,100,
AREAD168.DAT:8:30,AREAD168.DAT,8,30,This book details the[01]history of the Empire[02]from the Ninth Emperor[01]Shei to the Twelfth[01]Emperor Ahtar.,102,
AREAD168.DAT:8:31,AREAD168.DAT,8,31,"This book details the[01]history of the Empire[02]during the reign of the[01]Thirteenth and current[01]Emperor, Soniel.",108,
AREAD168.DAT:8:32,AREAD168.DAT,8,32,There are various kinds of[01]half-made weapons lying[01]scattered about.,68,
AREAD168.DAT:8:33,AREAD168.DAT,8,33,There are many scrolls and[01]books written in ancient[01]languages on the shelves.,78,
AREAD168.DAT:8:34,AREAD168.DAT,8,34,You found a list of all[01]the people who've been[02]used as sacrifices for[01]the Carronade...,87,
AREAD168.DAT:8:35,AREAD168.DAT,8,35,You found a record of the[01]Empire's attempt to[02]summon a god and what[01]went wrong.,80,
AREAD168.DAT:8:36,AREAD168.DAT,8,36,You found a record of[01]experiments involving[02]different methods to kill[01]dragons and other gods.,94,
AREAD168.DAT:8:37,AREAD168.DAT,8,37,There are all sorts of[01]different clothes hanging[01]inside the closet.,68,
AREAD168.DAT:8:77,AREAD168.DAT,8,77,Which floor do you want[01]to go to?[16][02],36,
AREAD170.DAT:8:0,AREAD170.DAT,8,0,"""This is the way to[01]the shrine of the[01]God of the Sea.[02]This here place is[01]sacred to sailors...[02]I'm sorry, but I can't[01]let just anybody go[01]there.""",145,
AREAD170.DAT:8:1,AREAD170.DAT,8,1,"""This is the way to[01]the shrine of the[01]God of the Sea.[02]This here place is[01]sacred to sailors...[02]I'm sorry, but I can't[01]let just anybody go[01]there.""",145,
AREAD170.DAT:8:2,AREAD170.DAT,8,2,"""What!?[02]You want the blessing[01]of the God of the Sea[02]so you can become[01]sailors yourselves!?[02]Well then, that's a[01]different story, now[01]isn't it?[02]Go on ahead.""",156,
AREAD170.DAT:8:3,AREAD170.DAT,8,3,"""There's an old[01]superstition that[01]says if you go to[02]sea without the Sea[01]God's blessing,[02]the journey will[01]end in disaster.""",123,
AREAD170.DAT:8:4,AREAD170.DAT,8,4,"Thou who wouldst wake the[01]Lord of the Sea, wakest[01]first the sea",64,
AREAD170.DAT:8:5,AREAD170.DAT,8,5,[01]        [09][13][05],13,
AREAD171.DAT:8:0,AREAD171.DAT,8,0,"""This is the way to[01]the shrine of the[01]God of the Sea.[02]This here place is[01]sacred to sailors...[02]I'm sorry, but I can't[01]let just anybody go[01]there.""",145,
AREAD171.DAT:8:1,AREAD171.DAT,8,1,"""This is the way to[01]the shrine of the[01]God of the Sea.[02]This here place is[01]sacred to sailors...[02]I'm sorry, but I can't[01]let just anybody go[01]there.""",145,
AREAD171.DAT:8:2,AREAD171.DAT,8,2,"""What!?[02]You want the blessing[01]of the God of the Sea[02]so you can become[01]sailors yourselves!?[02]Well then, that's a[01]different story, now[01]isn't it?[02]Go on ahead.""",156,
AREAD171.DAT:8:3,AREAD171.DAT,8,3,"""There's an old[01]superstition that[01]says if you go to[02]sea without the Sea[01]God's blessing,[02]the journey will[01]end in disaster.""",123,
AREAD171.DAT:8:4,AREAD171.DAT,8,4,"Thou who wouldst wake the[01]Lord of the Sea, wakest[01]first the sea",64,
AREAD171.DAT:8:5,AREAD171.DAT,8,5,[01]        [09][13][05],13,
AREAD173.DAT:8:0,AREAD173.DAT,8,0,Which floor do you want[01]to go to?[16][02],36,
AREAD173.DAT:8:1,AREAD173.DAT,8,1,Which floor do you want[01]to go to?[16][02],36,
AREAD173.DAT:8:2,AREAD173.DAT,8,2,[12][88][0C][95]4 fl[01]3 fl[01]2 fl[01]1 fl[01]Never mind,35,
AREAD173.DAT:8:3,AREAD173.DAT,8,3,Which floor do you want[01]to go to?[16][04],36,
AREAD173.DAT:8:4,AREAD173.DAT,8,4,[12][88][0C][95]5 fl[01]3 fl[01]2 fl[01]1 fl[01]Never mind,35,
AREAD173.DAT:8:5,AREAD173.DAT,8,5,Which floor do you want[01]to go to?[16][06],36,
AREAD173.DAT:8:6,AREAD173.DAT,8,6,[12][88][0C][95]5 fl[01]4 fl[01]2 fl[01]1 fl[01]Never mind,35,
AREAD173.DAT:8:7,AREAD173.DAT,8,7,Which floor do you want[01]to go to?[16][08],36,
AREAD173.DAT:8:8,AREAD173.DAT,8,8,[12][88][0C][95]5 fl[01]4 fl[01]3 fl[01]1 fl[01]Never mind,35,
AREAD173.DAT:8:9,AREAD173.DAT,8,9,Which floor do you want[01]to go to?[16][0A],36,
AREAD173.DAT:8:10,AREAD173.DAT,8,10,[12][88][0C][95]5 fl[01]4 fl[01]3 fl[01]2 fl[01]Never mind,35,
AREAD173.DAT:8:11,AREAD173.DAT,8,11,Which floor do you want[01]to go to?[16][0C],36,
AREAD173.DAT:8:12,AREAD173.DAT,8,12,[12][88][0C][95]1 fl[01]B1 fl[01]B2 fl[01]B3 fl[01]Never mind,38,
AREAD173.DAT:8:13,AREAD173.DAT,8,13,Which floor do you want[01]to go to?[16][0E],36,
AREAD173.DAT:8:14,AREAD173.DAT,8,14,[12][88][0C][95]5 fl[01]B1 fl[01]B2 fl[01]B3 fl[01]Never mind,38,
AREAD173.DAT:8:15,AREAD173.DAT,8,15,Which floor do you want[01]to go to?[16][10],36,
AREAD173.DAT:8:16,AREAD173.DAT,8,16,[12][88][0C][95]5 fl[01]1 fl[01]B2 fl[01]B3 fl[01]Never mind,37,
AREAD173.DAT:8:17,AREAD173.DAT,8,17,Which floor do you want[01]to go to?[16][12],36,
AREAD173.DAT:8:18,AREAD173.DAT,8,18,[12][88][0C][95]5 fl[01]1 fl[01]B1 fl[01]B3 fl[01]Never mind,37,
AREAD173.DAT:8:19,AREAD173.DAT,8,19,Which floor do you want[01]to go to?[16][14],36,
AREAD173.DAT:8:20,AREAD173.DAT,8,20,[12][88][0C][95]5 fl[01]1 fl[01]B1 fl[01]B2 fl[01]Never mind,37,
AREAD173.DAT:8:22,AREAD173.DAT,8,22,"The entrance has been[01]sealed! To open it, you[01]need a [05][06][09][16][05][06]!",61,
AREAD173.DAT:8:23,AREAD173.DAT,8,23,"The entrance has been[01]sealed! To open it, you[01]need a [05][02][09][17][05][06]!",61,
AREAD173.DAT:8:25,AREAD173.DAT,8,25,You got:[01][05][06][09][16][05][06]![02]You can use it to unlock[01]doors locked with a[01][05][06]Yellow Seal[06].,78,
AREAD173.DAT:8:26,AREAD173.DAT,8,26,You got:[01][05][02][09][17][05][06]![02]You can use it to unlock[01]doors locked with a[01][05][02]Red Seal[06].,75,
AREAD173.DAT:8:27,AREAD173.DAT,8,27,It looks like you can rest[01]here...[12][8B][0C][93]Rest[01]Diary[01]Never mind,60,
AREAD173.DAT:8:28,AREAD173.DAT,8,28,This book details the[01]history of the Empire[02]from the First Emperor[01]Fou-lu to the Fourth[01]Emperor Temul.,103,
AREAD173.DAT:8:29,AREAD173.DAT,8,29,This book details the[01]history of the Empire[02]from the Fifth Emperor[01]Mugul to the Eighth[01]Emperor Mei.,100,
AREAD173.DAT:8:30,AREAD173.DAT,8,30,This book details the[01]history of the Empire[02]from the Ninth Emperor[01]Shei to the Twelfth[01]Emperor Ahtar.,102,
AREAD173.DAT:8:31,AREAD173.DAT,8,31,"This book details the[01]history of the Empire[02]during the reign of the[01]Thirteenth and current[01]Emperor, Soniel.",108,
AREAD173.DAT:8:32,AREAD173.DAT,8,32,There are various kinds of[01]half-made weapons lying[01]scattered about.,68,
AREAD173.DAT:8:33,AREAD173.DAT,8,33,There are many scrolls and[01]books written in ancient[01]languages on the shelves.,78,
AREAD173.DAT:8:34,AREAD173.DAT,8,34,You found a list of all[01]the people who've been[02]used as sacrifices for[01]the Carronade...,87,
AREAD173.DAT:8:35,AREAD173.DAT,8,35,You found a record of the[01]Empire's attempt to[02]summon a god and what[01]went wrong.,80,
AREAD173.DAT:8:36,AREAD173.DAT,8,36,You found a record of[01]experiments involving[02]different methods to kill[01]dragons and other gods.,94,
AREAD173.DAT:8:37,AREAD173.DAT,8,37,There are all sorts of[01]different clothes hanging[01]inside the closet.,68,
AREAD173.DAT:8:77,AREAD173.DAT,8,77,Which floor do you want[01]to go to?[16][02],36,
AREAD174.DAT:8:0,AREAD174.DAT,8,0,Which floor do you want[01]to go to?[16][02],36,
AREAD174.DAT:8:1,AREAD174.DAT,8,1,Which floor do you want[01]to go to?[16][02],36,
AREAD174.DAT:8:2,AREAD174.DAT,8,2,[12][88][0C][95]4 fl[01]3 fl[01]2 fl[01]1 fl[01]Never mind,35,
AREAD174.DAT:8:3,AREAD174.DAT,8,3,Which floor do you want[01]to go to?[16][04],36,
AREAD174.DAT:8:4,AREAD174.DAT,8,4,[12][88][0C][95]5 fl[01]3 fl[01]2 fl[01]1 fl[01]Never mind,35,
AREAD174.DAT:8:5,AREAD174.DAT,8,5,Which floor do you want[01]to go to?[16][06],36,
AREAD174.DAT:8:6,AREAD174.DAT,8,6,[12][88][0C][95]5 fl[01]4 fl[01]2 fl[01]1 fl[01]Never mind,35,
AREAD174.DAT:8:7,AREAD174.DAT,8,7,Which floor do you want[01]to go to?[16][08],36,
AREAD174.DAT:8:8,AREAD174.DAT,8,8,[12][88][0C][95]5 fl[01]4 fl[01]3 fl[01]1 fl[01]Never mind,35,
AREAD174.DAT:8:9,AREAD174.DAT,8,9,Which floor do you want[01]to go to?[16][0A],36,
AREAD174.DAT:8:10,AREAD174.DAT,8,10,[12][88][0C][95]5 fl[01]4 fl[01]3 fl[01]2 fl[01]Never mind,35,
AREAD174.DAT:8:11,AREAD174.DAT,8,11,Which floor do you want[01]to go to?[16][0C],36,
AREAD174.DAT:8:12,AREAD174.DAT,8,12,[12][88][0C][95]1 fl[01]B1 fl[01]B2 fl[01]B3 fl[01]Never mind,38,
AREAD174.DAT:8:13,AREAD174.DAT,8,13,Which floor do you want[01]to go to?[16][0E],36,
AREAD174.DAT:8:14,AREAD174.DAT,8,14,[12][88][0C][95]5 fl[01]B1 fl[01]B2 fl[01]B3 fl[01]Never mind,38,
AREAD174.DAT:8:15,AREAD174.DAT,8,15,Which floor do you want[01]to go to?[16][10],36,
AREAD174.DAT:8:16,AREAD174.DAT,8,16,[12][88][0C][95]5 fl[01]1 fl[01]B2 fl[01]B3 fl[01]Never mind,37,
AREAD174.DAT:8:17,AREAD174.DAT,8,17,Which floor do you want[01]to go to?[16][12],36,
AREAD174.DAT:8:18,AREAD174.DAT,8,18,[12][88][0C][95]5 fl[01]1 fl[01]B1 fl[01]B3 fl[01]Never mind,37,
AREAD174.DAT:8:19,AREAD174.DAT,8,19,Which floor do you want[01]to go to?[16][14],36,
AREAD174.DAT:8:20,AREAD174.DAT,8,20,[12][88][0C][95]5 fl[01]1 fl[01]B1 fl[01]B2 fl[01]Never mind,37,
AREAD174.DAT:8:22,AREAD174.DAT,8,22,"The entrance has been[01]sealed! To open it, you[01]need a [05][06][09][16][05][06]!",61,
AREAD174.DAT:8:23,AREAD174.DAT,8,23,"The entrance has been[01]sealed! To open it, you[01]need a [05][02][09][17][05][06]!",61,
AREAD174.DAT:8:25,AREAD174.DAT,8,25,You got:[01][05][06][09][16][05][06]![02]You can use it to unlock[01]doors locked with a[01][05][06]Yellow Seal[06].,78,
AREAD174.DAT:8:26,AREAD174.DAT,8,26,You got:[01][05][02][09][17][05][06]![02]You can use it to unlock[01]doors locked with a[01][05][02]Red Seal[06].,75,
AREAD174.DAT:8:27,AREAD174.DAT,8,27,It looks like you can rest[01]here...[12][8B][0C][93]Rest[01]Diary[01]Never mind,60,
AREAD174.DAT:8:28,AREAD174.DAT,8,28,This book details the[01]history of the Empire[02]from the First Emperor[01]Fou-lu to the Fourth[01]Emperor Temul.,103,
AREAD174.DAT:8:29,AREAD174.DAT,8,29,This book details the[01]history of the Empire[02]from the Fifth Emperor[01]Mugul to the Eighth[01]Emperor Mei.,100,
AREAD174.DAT:8:30,AREAD174.DAT,8,30,This book details the[01]history of the Empire[02]from the Ninth Emperor[01]Shei to the Twelfth[01]Emperor Ahtar.,102,
AREAD174.DAT:8:31,AREAD174.DAT,8,31,"This book details the[01]history of the Empire[02]during the reign of the[01]Thirteenth and current[01]Emperor, Soniel.",108,
AREAD174.DAT:8:32,AREAD174.DAT,8,32,There are various kinds of[01]half-made weapons lying[01]scattered about.,68,
AREAD174.DAT:8:33,AREAD174.DAT,8,33,There are many scrolls and[01]books written in ancient[01]languages on the shelves.,78,
AREAD174.DAT:8:34,AREAD174.DAT,8,34,You found a list of all[01]the people who've been[02]used as sacrifices for[01]the Carronade...,87,
AREAD174.DAT:8:35,AREAD174.DAT,8,35,You found a record of the[01]Empire's attempt to[02]summon a god and what[01]went wrong.,80,
AREAD174.DAT:8:36,AREAD174.DAT,8,36,You found a record of[01]experiments involving[02]different methods to kill[01]dragons and other gods.,94,
AREAD174.DAT:8:37,AREAD174.DAT,8,37,There are all sorts of[01]different clothes hanging[01]inside the closet.,68,
AREAD174.DAT:8:77,AREAD174.DAT,8,77,Which floor do you want[01]to go to?[16][02],36,
AREAD175.DAT:8:0,AREAD175.DAT,8,0,Which floor do you want[01]to go to?[16][02],36,
AREAD175.DAT:8:1,AREAD175.DAT,8,1,Which floor do you want[01]to go to?[16][02],36,
AREAD175.DAT:8:2,AREAD175.DAT,8,2,[12][88][0C][95]4 fl[01]3 fl[01]2 fl[01]1 fl[01]Never mind,35,
AREAD175.DAT:8:3,AREAD175.DAT,8,3,Which floor do you want[01]to go to?[16][04],36,
AREAD175.DAT:8:4,AREAD175.DAT,8,4,[12][88][0C][95]5 fl[01]3 fl[01]2 fl[01]1 fl[01]Never mind,35,
AREAD175.DAT:8:5,AREAD175.DAT,8,5,Which floor do you want[01]to go to?[16][06],36,
AREAD175.DAT:8:6,AREAD175.DAT,8,6,[12][88][0C][95]5 fl[01]4 fl[01]2 fl[01]1 fl[01]Never mind,35,
AREAD175.DAT:8:7,AREAD175.DAT,8,7,Which floor do you want[01]to go to?[16][08],36,
AREAD175.DAT:8:8,AREAD175.DAT,8,8,[12][88][0C][95]5 fl[01]4 fl[01]3 fl[01]1 fl[01]Never mind,35,
AREAD175.DAT:8:9,AREAD175.DAT,8,9,Which floor do you want[01]to go to?[16][0A],36,
AREAD175.DAT:8:10,AREAD175.DAT,8,10,[12][88][0C][95]5 fl[01]4 fl[01]3 fl[01]2 fl[01]Never mind,35,
AREAD175.DAT:8:11,AREAD175.DAT,8,11,Which floor do you want[01]to go to?[16][0C],36,
AREAD175.DAT:8:12,AREAD175.DAT,8,12,[12][88][0C][95]1 fl[01]B1 fl[01]B2 fl[01]B3 fl[01]Never mind,38,
AREAD175.DAT:8:13,AREAD175.DAT,8,13,Which floor do you want[01]to go to?[16][0E],36,
AREAD175.DAT:8:14,AREAD175.DAT,8,14,[12][88][0C][95]5 fl[01]B1 fl[01]B2 fl[01]B3 fl[01]Never mind,38,
AREAD175.DAT:8:15,AREAD175.DAT,8,15,Which floor do you want[01]to go to?[16][10],36,
AREAD175.DAT:8:16,AREAD175.DAT,8,16,[12][88][0C][95]5 fl[01]1 fl[01]B2 fl[01]B3 fl[01]Never mind,37,
AREAD175.DAT:8:17,AREAD175.DAT,8,17,Which floor do you want[01]to go to?[16][12],36,
AREAD175.DAT:8:18,AREAD175.DAT,8,18,[12][88][0C][95]5 fl[01]1 fl[01]B1 fl[01]B3 fl[01]Never mind,37,
AREAD175.DAT:8:19,AREAD175.DAT,8,19,Which floor do you want[01]to go to?[16][14],36,
AREAD175.DAT:8:20,AREAD175.DAT,8,20,[12][88][0C][95]5 fl[01]1 fl[01]B1 fl[01]B2 fl[01]Never mind,37,
AREAD175.DAT:8:22,AREAD175.DAT,8,22,"The entrance has been[01]sealed! To open it, you[01]need a [05][06][09][16][05][06]!",61,
AREAD175.DAT:8:23,AREAD175.DAT,8,23,"The entrance has been[01]sealed! To open it, you[01]need a [05][02][09][17][05][06]!",61,
AREAD175.DAT:8:25,AREAD175.DAT,8,25,You got:[01][05][06][09][16][05][06]![02]You can use it to unlock[01]doors locked with a[01][05][06]Yellow Seal[06].,78,
AREAD175.DAT:8:26,AREAD175.DAT,8,26,You got:[01][05][02][09][17][05][06]![02]You can use it to unlock[01]doors locked with a[01][05][02]Red Seal[06].,75,
AREAD175.DAT:8:27,AREAD175.DAT,8,27,It looks like you can rest[01]here...[12][8B][0C][93]Rest[01]Diary[01]Never mind,60,
AREAD175.DAT:8:28,AREAD175.DAT,8,28,This book details the[01]history of the Empire[02]from the First Emperor[01]Fou-lu to the Fourth[01]Emperor Temul.,103,
AREAD175.DAT:8:29,AREAD175.DAT,8,29,This book details the[01]history of the Empire[02]from the Fifth Emperor[01]Mugul to the Eighth[01]Emperor Mei.,100,
AREAD175.DAT:8:30,AREAD175.DAT,8,30,This book details the[01]history of the Empire[02]from the Ninth Emperor[01]Shei to the Twelfth[01]Emperor Ahtar.,102,
AREAD175.DAT:8:31,AREAD175.DAT,8,31,"This book details the[01]history of the Empire[02]during the reign of the[01]Thirteenth and current[01]Emperor, Soniel.",108,
AREAD175.DAT:8:32,AREAD175.DAT,8,32,There are various kinds of[01]half-made weapons lying[01]scattered about.,68,
AREAD175.DAT:8:33,AREAD175.DAT,8,33,There are many scrolls and[01]books written in ancient[01]languages on the shelves.,78,
AREAD175.DAT:8:34,AREAD175.DAT,8,34,You found a list of all[01]the people who've been[02]used as sacrifices for[01]the Carronade...,87,
AREAD175.DAT:8:35,AREAD175.DAT,8,35,You found a record of the[01]Empire's attempt to[02]summon a god and what[01]went wrong.,80,
AREAD175.DAT:8:36,AREAD175.DAT,8,36,You found a record of[01]experiments involving[02]different methods to kill[01]dragons and other gods.,94,
AREAD175.DAT:8:37,AREAD175.DAT,8,37,There are all sorts of[01]different clothes hanging[01]inside the closet.,68,
AREAD175.DAT:8:77,AREAD175.DAT,8,77,Which floor do you want[01]to go to?[16][02],36,
