offset,file,text_en,byte_budget
scena/mp4000.dat:0x41441,scena/mp4000.dat,@&< ,5
scena/mp4000.dat:0x414da,scena/mp4000.dat,@&j ,5
scena/mp4000.dat:0x41701,scena/mp4000.dat,@& !,5
scena/mp4000.dat:0x636c1,scena/mp4000.dat,is the heart of Liberl.,24
scena/mp4000.dat:0x636d9,scena/mp4000.dat,"Grancel, the Royal Capital,",28
scena/mp4000.dat:0x63704,scena/mp4000.dat,totally gone back to normal.,29
scena/mp4000.dat:0x63721,scena/mp4000.dat,"There was a coup, but everything's",35
scena/mp4000.dat:0x63753,scena/mp4000.dat,passed through here not too long ago.,38
scena/mp4000.dat:0x63779,scena/mp4000.dat,All of the Royal Army's big bosses,35
scena/mp4000.dat:0x637ab,scena/mp4000.dat,but they still looked pretty serene.,37
scena/mp4000.dat:0x637d0,scena/mp4000.dat,"They were all in their uniforms,",33
scena/mp4000.dat:0x63800,scena/mp4000.dat,"A lot like kindly fathers, if that makes sense?",48
scena/mp4000.dat:0x6383f,scena/mp4000.dat,Welcome! How would you like a tasty crepe?,43
scena/mp4000.dat:0x63879,scena/mp4000.dat,so I've got a fair bit of money saved up now.,46
scena/mp4000.dat:0x638a7,scena/mp4000.dat,"I've been working since the Birthday Festival,",47
scena/mp4000.dat:0x638e5,scena/mp4000.dat,planning for my own place.,27
scena/mp4000.dat:0x63900,scena/mp4000.dat,It's time for me to really start,33
scena/mp4000.dat:0x63930,scena/mp4000.dat,Block a little while ago...,28
scena/mp4000.dat:0x6394c,scena/mp4000.dat,I saw a house for rent in the West,35
scena/mp4000.dat:0x6397e,scena/mp4000.dat,with what I have set aside.,28
scena/mp4000.dat:0x6399a,scena/mp4000.dat,"That might be an area I could afford,",38
scena/mp4000.dat:0x639cf,scena/mp4000.dat,"Um, why are you glancing around so much?",41
scena/mp4000.dat:0x63a07,scena/mp4000.dat,Are you looking for someone?,29
scena/mp4000.dat:0x63a33,scena/mp4000.dat,that vacant house in the West Block.,37
scena/mp4000.dat:0x63a58,scena/mp4000.dat,"Apparently, someone else beat me to",36
scena/mp4000.dat:0x63a8b,scena/mp4000.dat,there was that incident yesterday...,37
scena/mp4000.dat:0x63ab0,scena/mp4000.dat,"I was a bit disappointed, but then again,",42
scena/mp4000.dat:0x63ae9,scena/mp4000.dat,crumbles sometimes.,20
scena/mp4000.dat:0x63afd,scena/mp4000.dat,"Oh, well. That's just how the cookie",37
scena/mp4000.dat:0x63b31,scena/mp4000.dat,What sort of person ended up renting it?,41
scena/mp4000.dat:0x63b5a,scena/mp4000.dat,"Still, I can't help but wonder...",34
scena/mp4000.dat:0x63b8b,scena/mp4000.dat,in the West Block is off the market now.,41
scena/mp4000.dat:0x63bb4,scena/mp4000.dat,The house that I was thinking of renting,41
scena/mp4000.dat:0x63bec,scena/mp4000.dat,something about the owner seems sus to me...,45
scena/mp4000.dat:0x63c19,scena/mp4000.dat,"It sounds like it'll be turning into a shop, but",49
scena/mp4000.dat:0x63c59,scena/mp4000.dat,Hey! Welcome to Grancel!,25
scena/mp4000.dat:0x63c81,scena/mp4000.dat,pair it with some popcorn?,27
scena/mp4000.dat:0x63c9c,scena/mp4000.dat,"If you're taking a break, why not",34
scena/mp4000.dat:0x63ccd,scena/mp4000.dat,one long string of mishaps.,28
scena/mp4000.dat:0x63ce9,scena/mp4000.dat,"...I swear, my life's just been",32
scena/mp4000.dat:0x63d18,scena/mp4000.dat,and sales haven't really been great in general...,50
scena/mp4000.dat:0x63d4a,scena/mp4000.dat,"Like, my cart broke during the Birthday Festival,",50
scena/mp4000.dat:0x63d8b,scena/mp4000.dat,"to perform an exorcism, just in case...",40
scena/mp4000.dat:0x63db3,scena/mp4000.dat,Maybe I should ask the Septian Church,38
scena/mp4000.dat:0x63de8,scena/mp4000.dat,to give out change at home...,30
scena/mp4000.dat:0x63e06,scena/mp4000.dat,"Uuugh, I left the money I use",30
scena/mp4000.dat:0x63e33,scena/mp4000.dat,My customers aren't going to like that...,42
scena/mp4000.dat:0x63e6c,scena/mp4000.dat,"Yep, my life is just one issue after another.",46
scena/mp4000.dat:0x63ea9,scena/mp4000.dat,"Since I'm so unlucky, and all.",31
scena/mp4000.dat:0x63ec8,scena/mp4000.dat,"So, I went to the church to get a consultation.",48
scena/mp4000.dat:0x63f07,scena/mp4000.dat,to all of my concerns.,23
scena/mp4000.dat:0x63f1e,scena/mp4000.dat,Bishop Reval sincerely listened,32
scena/mp4000.dat:0x63f4d,scena/mp4000.dat,the best thing I can do is to just stay positive.,50
scena/mp4000.dat:0x63f7f,scena/mp4000.dat,"He said that even when bad things happen,",42
scena/mp4000.dat:0x63fb8,scena/mp4000.dat,Starting first thing tomorrow!,31
scena/mp4000.dat:0x63fd7,scena/mp4000.dat,Which is exactly what I'll do!,31
scena/mp4000.dat:0x64005,scena/mp4000.dat,my downright awful luck.,25
scena/mp4000.dat:0x6401e,scena/mp4000.dat,I went to see a priest about,29
scena/mp4000.dat:0x6404a,scena/mp4000.dat,the best thing I can do is to just stay positive.,50
scena/mp4000.dat:0x6407c,scena/mp4000.dat,"He said that even when bad things happen,",42
scena/mp4000.dat:0x640b5,scena/mp4000.dat,machine's not working.,23
scena/mp4000.dat:0x640cc,scena/mp4000.dat,Huh? That's weird... The popcorn,33
scena/mp4000.dat:0x640fc,scena/mp4000.dat,"y'know, my livelihood...",25
scena/mp4000.dat:0x64115,scena/mp4000.dat,"I kind of need the machine to make,",36
scena/mp4000.dat:0x64148,scena/mp4000.dat,"Uh, okay, um...",16
scena/mp4000.dat:0x64167,scena/mp4000.dat,to sell my wares today!,24
scena/mp4000.dat:0x6417f,scena/mp4000.dat,be restocking my ingredients instead of trying,47
scena/mp4000.dat:0x641ae,scena/mp4000.dat,"Obviously, that's Aidios telling me that I should",50
scena/mp4000.dat:0x641ef,scena/mp4000.dat,lining to everything... *Grumble* *Mutter*,43
scena/mp4000.dat:0x6421a,scena/mp4000.dat,I just have to stay positive... There's a silver,49
scena/mp4000.dat:0x6425a,scena/mp4000.dat,I got shockingly good deals on everything.,43
scena/mp4000.dat:0x64285,scena/mp4000.dat,"When I went shopping for supplies yesterday,",45
scena/mp4000.dat:0x642c1,scena/mp4000.dat,but that kind of worked out in my favor.,41
scena/mp4000.dat:0x642ea,scena/mp4000.dat,"My popcorn machine might be busted,",36
scena/mp4000.dat:0x6431d,scena/mp4000.dat,I'm glad I took Bishop Reval's advice.,39
scena/mp4000.dat:0x64353,scena/mp4000.dat,popcorn the old school way.,28
scena/mp4000.dat:0x6436f,scena/mp4000.dat,I figured I'd try my hand at making,36
scena/mp4000.dat:0x643a2,scena/mp4000.dat,so this really is business as usual.,37
scena/mp4000.dat:0x643c7,scena/mp4000.dat,"Ha! Stuff always goes wrong for me,",36
scena/mp4000.dat:0x643fa,scena/mp4000.dat,I just have to stick it out until then.,40
scena/mp4000.dat:0x64422,scena/mp4000.dat,Things will go back to normal eventually.,42
scena/mp4000.dat:0x64472,scena/mp4000.dat,"H-Hey, you...!",15
scena/mp4000.dat:0x64490,scena/mp4000.dat,You in the white dress!,24
scena/mp4000.dat:0x644b7,scena/mp4000.dat,...You mean me?,16
scena/mp4000.dat:0x644db,scena/mp4000.dat,"S-Sure do. Where's my hello, huh?",34
scena/mp4000.dat:0x6450c,scena/mp4000.dat,"And why, exactly, should I be greeting you?",44
scena/mp4000.dat:0x6454c,scena/mp4000.dat,No exceptions!,15
scena/mp4000.dat:0x6455b,scena/mp4000.dat,Everyone's gotta pay their respects!,37
scena/mp4000.dat:0x64580,scena/mp4000.dat,Th-That's just how things work in this town!,45
scena/mp4000.dat:0x645f0,scena/mp4000.dat,Say what?!,11
scena/mp4000.dat:0x6460a,scena/mp4000.dat,introduce themselves first.,28
scena/mp4000.dat:0x64626,scena/mp4000.dat,My daddy says that REAL gentlemen,34
scena/mp4000.dat:0x6465b,scena/mp4000.dat,who have no manners.,21
scena/mp4000.dat:0x64670,scena/mp4000.dat,And I refuse to befriend strangers,35
scena/mp4000.dat:0x646d4,scena/mp4000.dat,...And you are?,16
scena/mp4000.dat:0x646f8,scena/mp4000.dat,C-C'mon! We talked before!,27
scena/mp4000.dat:0x6473e,scena/mp4000.dat,"Y-Yeesh, what's your deal...?",30
scena/mp4000.dat:0x6476b,scena/mp4000.dat,"G-Go on, get outta here.",25
scena/mp4000.dat:0x64784,scena/mp4000.dat,"W-Well, I'll let it slide THIS time.",37
scena/mp4000.dat:0x647b8,scena/mp4000.dat,"...Ugh, seriously? Troy's late again.",38
scena/mp4000.dat:0x647ed,scena/mp4000.dat,I wanna go play down at the dock already...,44
scena/mp4000.dat:0x64828,scena/mp4000.dat,The heck's a 'peas treatie' anyway?,36
scena/mp4000.dat:0x6485b,scena/mp4000.dat,That's just gross.,19
scena/mp4000.dat:0x6486e,scena/mp4000.dat,Who'd want to make peas into candy?,36
scena/mp4000.dat:0x648a1,scena/mp4000.dat,"...Maaan, now I'm hungry.",26
scena/mp4000.dat:0x648ca,scena/mp4000.dat,I don't head home soon.,24
scena/mp4000.dat:0x648e2,scena/mp4000.dat,My ma'll whoop my butt if,26
scena/mp4000.dat:0x6490b,scena/mp4000.dat,...Huh? Why isn't that rude girl in white with you guys?,57
scena/mp4000.dat:0x64953,scena/mp4000.dat,"Uuugh, can't something cool happen?",36
scena/mp4000.dat:0x64986,scena/mp4000.dat,the history of eveeer...,25
scena/mp4000.dat:0x6499f,scena/mp4000.dat,This is the most boring day in,31
scena/mp4000.dat:0x649cd,scena/mp4000.dat,tank in the harbor yesterday!,30
scena/mp4000.dat:0x649eb,scena/mp4000.dat,The Royal Guard fought a huuuge,32
scena/mp4000.dat:0x64a1a,scena/mp4000.dat,It was so cool!,16
scena/mp4000.dat:0x64a39,scena/mp4000.dat,situation sucks so bad.,24
scena/mp4000.dat:0x64a51,scena/mp4000.dat,"...Man, this whole",19
scena/mp4000.dat:0x64a73,scena/mp4000.dat,even go to the bathroom!,25
scena/mp4000.dat:0x64a8c,scena/mp4000.dat,It gets too dark at night to,29
scena/mp4000.dat:0x64ab8,scena/mp4000.dat,Troy has...an 83% chance of arriving late.,43
scena/mp4000.dat:0x64af2,scena/mp4000.dat,He can't help but dawdle and get distracted.,45
scena/mp4000.dat:0x64b2e,scena/mp4000.dat,Troy completely lost track of time.,36
scena/mp4000.dat:0x64b94,scena/mp4000.dat,breaking his heart is...99.7%.,31
scena/mp4000.dat:0x64bb3,scena/mp4000.dat,The chances of Dick's new crush,32
scena/mp4000.dat:0x64be2,scena/mp4000.dat,...He just can't talk to girls.,32
scena/mp4000.dat:0x64c11,scena/mp4000.dat,"Guys, please... You're embarrassing me.",40
scena/mp4000.dat:0x64c48,scena/mp4000.dat,We ought to wrap things up here soon.,38
scena/mp4000.dat:0x64c7d,scena/mp4000.dat,a 96.7% chance of being elevated.,34
scena/mp4000.dat:0x64c9f,scena/mp4000.dat,I'd say that Dick's heart rate has...,38
scena/mp4000.dat:0x64cd4,scena/mp4000.dat,where nothing really happens.,30
scena/mp4000.dat:0x64cf2,scena/mp4000.dat,"Personally, I like laid-back days",34
scena/mp4000.dat:0x64d23,scena/mp4000.dat,They're the best for daydreaming.,34
scena/mp4000.dat:0x64d54,scena/mp4000.dat,the Intelligence Division were arrested.,41
scena/mp4000.dat:0x64d7d,scena/mp4000.dat,I heard that a whole bunch of people from,42
scena/mp4000.dat:0x64db6,scena/mp4000.dat,This really is pretty bad...,29
scena/mp4000.dat:0x64de2,scena/mp4000.dat,to go to the bathroom at night on his own anyway.,50
scena/mp4000.dat:0x64e14,scena/mp4000.dat,"Honestly, Dick's too much of a scaredy cat",43
scena/mp4000.dat:0x64e4e,scena/mp4000.dat,"So, that part's just normal.",29
scena/mp4000.dat:0x64e7a,scena/mp4000.dat,Oooh... Something smells tasty!,32
scena/mp4000.dat:0x64ea9,scena/mp4000.dat,to be somewhere else?,22
scena/mp4000.dat:0x64ebf,scena/mp4000.dat,"...Wait, wasn't I supposed",27
scena/mp4000.dat:0x64ee9,scena/mp4000.dat,Ummm... I can't remember...,28
scena/mp4000.dat:0x64f14,scena/mp4000.dat,...Whoopsie. I'm late again.,29
scena/mp4000.dat:0x64f40,scena/mp4000.dat,Or cookies. Or chocolate. Or cake. Or...,41
scena/mp4000.dat:0x64f69,scena/mp4000.dat,Peas are yucky. I'd rather have real candy.,44
scena/mp4000.dat:0x64fa4,scena/mp4000.dat,Time to head home!,19
scena/mp4000.dat:0x64fb7,scena/mp4000.dat,"Okay, now my tummy's rumbling.",31
scena/mp4000.dat:0x64fe5,scena/mp4000.dat,"to act like a big shot, but he's just nervous.",47
scena/mp4000.dat:0x65014,scena/mp4000.dat,Dick's no good at talking to girls. He tries,45
scena/mp4000.dat:0x65050,scena/mp4000.dat,I could really go for an ice cream cone...,43
scena/mp4000.dat:0x6508a,scena/mp4000.dat,tasty! Betcha didn't know that!,32
scena/mp4000.dat:0x650aa,scena/mp4000.dat,The ice cream in the East Block is super,41
scena/mp4000.dat:0x650e2,scena/mp4000.dat,coming from the harbor yesterday.,34
scena/mp4000.dat:0x65104,scena/mp4000.dat,There was a whole bunch of noise,33
scena/mp4000.dat:0x65134,scena/mp4000.dat,"Um, who turned all the lights out? And why?",44
scena/mp4000.dat:0x6516f,scena/mp4000.dat,now that it gets super dark at night!,38
scena/mp4000.dat:0x65195,scena/mp4000.dat,There are so many more stars to see,36
scena/mp4000.dat:0x651c8,scena/mp4000.dat,"It's really, really pretty!",28
scena/mp4000.dat:0x651f3,scena/mp4000.dat,Guild and lots of different shops.,35
scena/mp4000.dat:0x65216,scena/mp4000.dat,"Here in the South Block, you'll find the Bracer",48
scena/mp4000.dat:0x65255,scena/mp4000.dat,you'll reach Grancel Castle.,29
scena/mp4000.dat:0x65272,scena/mp4000.dat,"largest hotel. And if you keep going north,",44
scena/mp4000.dat:0x6529e,scena/mp4000.dat,The North Block is home to the kingdom's,41
scena/mp4000.dat:0x652d6,scena/mp4000.dat,cathedral and the Liberl News Service.,39
scena/mp4000.dat:0x652fd,scena/mp4000.dat,The West Block is known for the grand,38
scena/mp4000.dat:0x65332,scena/mp4000.dat,"the arena, and the department store.",37
scena/mp4000.dat:0x65357,scena/mp4000.dat,"And in the East Block, you'll see the embassies,",49
scena/mp4000.dat:0x65397,scena/mp4000.dat,one more notable area.,23
scena/mp4000.dat:0x653ae,scena/mp4000.dat,Oh! I almost forgot! There's,29
scena/mp4000.dat:0x653da,scena/mp4000.dat,and the warehouse district.,28
scena/mp4000.dat:0x653f6,scena/mp4000.dat,Beyond the West Block is the harbor,36
scena/mp4000.dat:0x65429,scena/mp4000.dat,the coup. No one could get in.,31
scena/mp4000.dat:0x65448,scena/mp4000.dat,It was completely closed off during,36
scena/mp4000.dat:0x6547b,scena/mp4000.dat,and the warehouse district.,28
scena/mp4000.dat:0x65497,scena/mp4000.dat,Beyond the West Block is the harbor,36
scena/mp4000.dat:0x654ca,scena/mp4000.dat,the coup. No one could get in.,31
scena/mp4000.dat:0x654e9,scena/mp4000.dat,It was completely closed off during,36
scena/mp4000.dat:0x6551c,scena/mp4000.dat,Grancel has a sophisticated network of sewers.,47
scena/mp4000.dat:0x6555a,scena/mp4000.dat,"the city, so it's rather easy to get down there.",49
scena/mp4000.dat:0x6558b,scena/mp4000.dat,There are service entrances located all across,47
scena/mp4000.dat:0x655c9,scena/mp4000.dat,riddled with monsters! Better stay out of there.,49
scena/mp4000.dat:0x655fa,scena/mp4000.dat,"That being said, I've heard the sewers are",43
scena/mp4000.dat:0x65634,scena/mp4000.dat,what with all those monsters lurking around.,45
scena/mp4000.dat:0x65661,scena/mp4000.dat,"You may want to steer clear of the sewers,",43
scena/mp4000.dat:0x6569b,scena/mp4000.dat,have been contracted to clear it out.,38
scena/mp4000.dat:0x656c1,scena/mp4000.dat,"Well, unless you're a band of bracers who",42
scena/mp4000.dat:0x656fa,scena/mp4000.dat,"I've spent my entire life in Grancel, you see.",47
scena/mp4000.dat:0x65729,scena/mp4000.dat,"If you've lost your way, allow me to guide you.",48
scena/mp4000.dat:0x65768,scena/mp4000.dat,can be found in the northern section.,38
scena/mp4000.dat:0x6578e,scena/mp4000.dat,"the East Block, while the Erebonian Embassy",44
scena/mp4000.dat:0x657ba,scena/mp4000.dat,The Calvard Embassy is in the southern part of,47
scena/mp4000.dat:0x657f8,scena/mp4000.dat,"Grancel Castle, where the Queen resides.",41
scena/mp4000.dat:0x65821,scena/mp4000.dat,Head straight through the North Block to reach,47
scena/mp4000.dat:0x6585f,scena/mp4000.dat,to it is easy to miss.,23
scena/mp4000.dat:0x65876,scena/mp4000.dat,"West Block, but the narrow alley leading",41
scena/mp4000.dat:0x6589f,scena/mp4000.dat,The Liberl News Service is located in the,42
scena/mp4000.dat:0x658d8,scena/mp4000.dat,can be found in the northern section.,38
scena/mp4000.dat:0x658fe,scena/mp4000.dat,"the East Block, while the Erebonian Embassy",44
scena/mp4000.dat:0x6592a,scena/mp4000.dat,The Calvard Embassy is in the southern part of,47
scena/mp4000.dat:0x65968,scena/mp4000.dat,"Grancel Castle, where the Queen resides.",41
scena/mp4000.dat:0x65991,scena/mp4000.dat,Head straight through the North Block to reach,47
scena/mp4000.dat:0x659cf,scena/mp4000.dat,to it is easy to miss.,23
scena/mp4000.dat:0x659e6,scena/mp4000.dat,"West Block, but the narrow alley leading",41
scena/mp4000.dat:0x65a0f,scena/mp4000.dat,The Liberl News Service is located in the,42
scena/mp4000.dat:0x65a48,scena/mp4000.dat,"News Service, their lights are on.",35
scena/mp4000.dat:0x65a6b,scena/mp4000.dat,No matter what time I pass by the Liberl,41
scena/mp4000.dat:0x65aa3,scena/mp4000.dat,They must be dreadfully busy.,30
scena/mp4000.dat:0x65ad0,scena/mp4000.dat,of the city that truly never sleeps.,37
scena/mp4000.dat:0x65af5,scena/mp4000.dat,Locals consider the West Block the section,43
scena/mp4000.dat:0x65b2f,scena/mp4000.dat,for Colonel Richard's return.,30
scena/mp4000.dat:0x65b4d,scena/mp4000.dat,More than a few citizens are hoping,36
scena/mp4000.dat:0x65b80,scena/mp4000.dat,have garnered a fair bit of support.,37
scena/mp4000.dat:0x65ba5,scena/mp4000.dat,Which only goes to show that his actions,41
scena/mp4000.dat:0x65bdd,scena/mp4000.dat,"I must admit, I also miss his presence somewhat.",49
scena/mp4000.dat:0x65c1d,scena/mp4000.dat,for Colonel Richard's return.,30
scena/mp4000.dat:0x65c3b,scena/mp4000.dat,More than a few citizens are hoping,36
scena/mp4000.dat:0x65c6e,scena/mp4000.dat,"I must admit, I also miss his presence somewhat.",49
scena/mp4000.dat:0x65cae,scena/mp4000.dat,Between Duke Dunan and Princess Klaudia...,43
scena/mp4000.dat:0x65ce8,scena/mp4000.dat,to name as her successor?,26
scena/mp4000.dat:0x65d02,scena/mp4000.dat,Who does Queen Alicia intend,29
scena/mp4000.dat:0x65d2e,scena/mp4000.dat,"would be the better choice, but...",35
scena/mp4000.dat:0x65d51,scena/mp4000.dat,"Personally, I believe that Princess Klaudia",44
scena/mp4000.dat:0x65d8c,scena/mp4000.dat,character all too well.,24
scena/mp4000.dat:0x65da4,scena/mp4000.dat,I can't say that I know her,28
scena/mp4000.dat:0x65e09,scena/mp4000.dat,character all too well.,24
scena/mp4000.dat:0x65e21,scena/mp4000.dat,I can't say that I know her,28
scena/mp4000.dat:0x65e4c,scena/mp4000.dat,has quite a lovely countenance.,32
scena/mp4000.dat:0x65e6c,scena/mp4000.dat,All I know about her is that she supposedly,44
scena/mp4000.dat:0x65ea7,scena/mp4000.dat,Ah... The cool evening air is quite refreshing.,48
scena/mp4000.dat:0x65ee6,scena/mp4000.dat,at night to be a novel experience?,35
scena/mp4000.dat:0x65f09,scena/mp4000.dat,Don't you find strolling around the city,41
scena/mp4000.dat:0x65f41,scena/mp4000.dat,Hm? Was that a bird flying overhead?,37
scena/mp4000.dat:0x65f75,scena/mp4000.dat,Did Captain Amalthea truly lead an uprising?,45
scena/mp4000.dat:0x65fb1,scena/mp4000.dat,mess of the harbor...,22
scena/mp4000.dat:0x65fc7,scena/mp4000.dat,While that orbal tank made a proper,36
scena/mp4000.dat:0x65ffa,scena/mp4000.dat,the signing of the non-aggression pact.,40
scena/mp4000.dat:0x66022,scena/mp4000.dat,I hope that incident won't affect,34
scena/mp4000.dat:0x66053,scena/mp4000.dat,is a trustworthy young man.,28
scena/mp4000.dat:0x6606f,scena/mp4000.dat,Tom at the orbal factory,25
scena/mp4000.dat:0x66097,scena/mp4000.dat,then I believe him.,20
scena/mp4000.dat:0x660ab,scena/mp4000.dat,"If he says that nothing is broken,",35
scena/mp4000.dat:0x660dd,scena/mp4000.dat,he was trying to get me to buy a replacement.,46
scena/mp4000.dat:0x6610b,scena/mp4000.dat,"If Zacharias was to say as much, I would assume",48
scena/mp4000.dat:0x6614a,scena/mp4000.dat,Royal Avenue.,14
scena/mp4000.dat:0x66158,scena/mp4000.dat,just pass through that gate and head south along,49
scena/mp4000.dat:0x66189,scena/mp4000.dat,"If you want to go to the Erbe Royal Villa,",43
scena/mp4000.dat:0x661c3,scena/mp4000.dat,the branch that leads to Gurune Gate.,38
scena/mp4000.dat:0x661e9,scena/mp4000.dat,"When you reach the crossroads, follow",38
scena/mp4000.dat:0x6621e,scena/mp4000.dat,route heading south will take you to the villa.,48
scena/mp4000.dat:0x6624e,scena/mp4000.dat,"Then, you'll come across one more fork. The",44
scena/mp4000.dat:0x66289,scena/mp4000.dat,you shouldn't get lost.,24
scena/mp4000.dat:0x662a1,scena/mp4000.dat,"As long as you mind the signposts,",35
scena/mp4000.dat:0x662d3,scena/mp4000.dat,Royal Avenue.,14
scena/mp4000.dat:0x662e1,scena/mp4000.dat,just pass through that gate and head south along,49
scena/mp4000.dat:0x66312,scena/mp4000.dat,"If you want to go to the Erbe Royal Villa,",43
scena/mp4000.dat:0x6634c,scena/mp4000.dat,you shouldn't get lost.,24
scena/mp4000.dat:0x66364,scena/mp4000.dat,"As long as you mind the signposts,",35
scena/mp4000.dat:0x66396,scena/mp4000.dat,the Royal Army has increased security.,39
scena/mp4000.dat:0x663bd,scena/mp4000.dat,"With the signing ceremony approaching,",39
scena/mp4000.dat:0x663f3,scena/mp4000.dat,and what is he up to now?,26
scena/mp4000.dat:0x6640d,scena/mp4000.dat,"...Where has Colonel Richard gone,",35
scena/mp4000.dat:0x6643f,scena/mp4000.dat,for his attempted coup.,24
scena/mp4000.dat:0x66457,scena/mp4000.dat,I still believe he had a reason,32
scena/mp4000.dat:0x66486,scena/mp4000.dat,and what is he up to now?,26
scena/mp4000.dat:0x664a0,scena/mp4000.dat,"Where has Colonel Richard gone,",32
scena/mp4000.dat:0x664cf,scena/mp4000.dat,for his attempted coup.,24
scena/mp4000.dat:0x664e7,scena/mp4000.dat,I still believe he had a reason,32
scena/mp4000.dat:0x66516,scena/mp4000.dat,the Calvardian ambassador.,27
scena/mp4000.dat:0x66531,scena/mp4000.dat,I've seen both the Erebonian and,33
scena/mp4000.dat:0x66561,scena/mp4000.dat,somewhat peculiar people.,26
scena/mp4000.dat:0x6657b,scena/mp4000.dat,I can tell you that they both look like,40
scena/mp4000.dat:0x665b2,scena/mp4000.dat,had his reasons...,19
scena/mp4000.dat:0x665c5,scena/mp4000.dat,While I believe that Colonel Richard,37
scena/mp4000.dat:0x665f9,scena/mp4000.dat,Duke Dunan for his actions.,28
scena/mp4000.dat:0x66615,scena/mp4000.dat,I have no intention of ever forgiving,38
scena/mp4000.dat:0x6664a,scena/mp4000.dat,Don't you feel the same way?,29
scena/mp4000.dat:0x66676,scena/mp4000.dat,I just saw Duke Dunan!,23
scena/mp4000.dat:0x6669c,scena/mp4000.dat,if it wasn't for that hairstyle of his.,40
scena/mp4000.dat:0x666c4,scena/mp4000.dat,"I'd have doubted my own eyes,",30
scena/mp4000.dat:0x666f1,scena/mp4000.dat,but I suppose that order has been lifted.,42
scena/mp4000.dat:0x6671b,scena/mp4000.dat,"I thought he had been placed under house arrest,",49
scena/mp4000.dat:0x6675b,scena/mp4000.dat,...A girl in a white dress?,28
scena/mp4000.dat:0x66786,scena/mp4000.dat,"Sorry, I haven't seen her.",27
scena/mp4000.dat:0x667b0,scena/mp4000.dat,adjutant has struck again.,27
scena/mp4000.dat:0x667cb,scena/mp4000.dat,I heard that Colonel Richard's,31
scena/mp4000.dat:0x667f9,scena/mp4000.dat,she simply had to be scheming something.,41
scena/mp4000.dat:0x66822,scena/mp4000.dat,"I'm not surprised. She looks so much like a fox,",49
scena/mp4000.dat:0x66862,scena/mp4000.dat,whatever she can to help the Colonel...,40
scena/mp4000.dat:0x6688a,scena/mp4000.dat,"Still, I understand the desire to do",37
scena/mp4000.dat:0x668be,scena/mp4000.dat,of the bright sun...,21
scena/mp4000.dat:0x668d3,scena/mp4000.dat,"Ah, being out under the warmth",31
scena/mp4000.dat:0x66901,scena/mp4000.dat,cold and dark it gets at night.,32
scena/mp4000.dat:0x66921,scena/mp4000.dat,It really does punctuate how,29
scena/mp4000.dat:0x6694d,scena/mp4000.dat,to a splendid performance at this tavern.,42
scena/mp4000.dat:0x66977,scena/mp4000.dat,"Not too long ago, I had the pleasure of listening",50
scena/mp4000.dat:0x669b8,scena/mp4000.dat,his talent was undeniable.,27
scena/mp4000.dat:0x669d3,scena/mp4000.dat,"While the pianist was peculiar,",32
scena/mp4000.dat:0x66a02,scena/mp4000.dat,the lauded General Bright just the other day.,46
scena/mp4000.dat:0x66a30,scena/mp4000.dat,I had the good fortune of catching a glimpse of,48
scena/mp4000.dat:0x66a6f,scena/mp4000.dat,I felt he had a dignified bearing about him.,45
scena/mp4000.dat:0x66a9c,scena/mp4000.dat,"While he might be younger than General Morgan,",47
scena/mp4000.dat:0x66ada,scena/mp4000.dat,Days War been working as a bracer?,35
scena/mp4000.dat:0x66afd,scena/mp4000.dat,"But, why the devil has the hero of the Hundred",47
scena/mp4000.dat:0x66b3b,scena/mp4000.dat,had me absolutely reeling.,27
scena/mp4000.dat:0x66b56,scena/mp4000.dat,The news of Queen Alicia's illness,35
scena/mp4000.dat:0x66b88,scena/mp4000.dat,an utterly shameless scoundrel.,32
scena/mp4000.dat:0x66ba8,scena/mp4000.dat,That Colonel Richard certainly is,34
scena/mp4000.dat:0x66bd9,scena/mp4000.dat,"stroll, or my evening one.",27
scena/mp4000.dat:0x66bf4,scena/mp4000.dat,I never miss my early morning,30
scena/mp4000.dat:0x66c21,scena/mp4000.dat,"to my good health, after all.",30
scena/mp4000.dat:0x66c3f,scena/mp4000.dat,Daily walks like these are integral,36
scena/mp4000.dat:0x66c72,scena/mp4000.dat,the non-aggression pact...,27
scena/mp4000.dat:0x66c8d,scena/mp4000.dat,While anyone could have proposed,33
scena/mp4000.dat:0x66cbd,scena/mp4000.dat,person capable of putting it into motion.,42
scena/mp4000.dat:0x66ce7,scena/mp4000.dat,I believe that Queen Alicia is the only,40
scena/mp4000.dat:0x66d1e,scena/mp4000.dat,I'm so pleased they apprehended Richard.,41
scena/mp4000.dat:0x66d47,scena/mp4000.dat,Our queen truly is Liberl's pride and joy...,45
scena/mp4000.dat:0x66d83,scena/mp4000.dat,are in for Ruan's election.,28
scena/mp4000.dat:0x66d9f,scena/mp4000.dat,It would appear that the results,33
scena/mp4000.dat:0x66dcf,scena/mp4000.dat,of the Liberl News later.,26
scena/mp4000.dat:0x66de9,scena/mp4000.dat,I'll have to buy the latest issue,34
scena/mp4000.dat:0x66e1a,scena/mp4000.dat,orchestrated a rebellion.,26
scena/mp4000.dat:0x66e34,scena/mp4000.dat,"So, Colonel Richard's subordinates",35
scena/mp4000.dat:0x66e66,scena/mp4000.dat,"own city... Why, it's the height of stupidity.",47
scena/mp4000.dat:0x66e95,scena/mp4000.dat,Causing a disturbance like that in Her Majesty's,49
scena/mp4000.dat:0x66ed5,scena/mp4000.dat,"orbments, it's no surprised they're so flustered.",50
scena/mp4000.dat:0x66f07,scena/mp4000.dat,Given that young folks have only known a life with,51
scena/mp4000.dat:0x66f49,scena/mp4000.dat,have always been more robust than most.,40
scena/mp4000.dat:0x66f71,scena/mp4000.dat,"Then again, members of the Fisherman's Guild",45
scena/mp4000.dat:0x66fad,scena/mp4000.dat,"Uuugh, I'm so hungry, I'm gonna diiie...",41
scena/mp4000.dat:0x66fe5,scena/mp4000.dat,Where should we go today?,26
scena/mp4000.dat:0x6700e,scena/mp4000.dat,What should we have for dinner?,32
scena/mp4000.dat:0x6703d,scena/mp4000.dat,That's the real question...,28
scena/mp4000.dat:0x67059,scena/mp4000.dat,"Wait, should the main be meat or fish?",39
scena/mp4000.dat:0x6708f,scena/mp4000.dat,since it's so nice out?,24
scena/mp4000.dat:0x670a7,scena/mp4000.dat,"Why don't we go to the Erbe Royal Villa,",41
scena/mp4000.dat:0x670df,scena/mp4000.dat,"Ruan just elected a new mayor, right?",38
scena/mp4000.dat:0x67114,scena/mp4000.dat,I-I've got bad news!,21
scena/mp4000.dat:0x67138,scena/mp4000.dat,Division attacked the harbor yesterday!,40
scena/mp4000.dat:0x67160,scena/mp4000.dat,Special Ops soldiers and the Intelligence,42
scena/mp4000.dat:0x67199,scena/mp4000.dat,seashell really well from the harbor.,38
scena/mp4000.dat:0x671bf,scena/mp4000.dat,I heard that you can see that floating,39
scena/mp4000.dat:0x671f5,scena/mp4000.dat,Want to go take a look?,24
scena/mp4000.dat:0x6721c,scena/mp4000.dat,"go eat something, then.",24
scena/mp4000.dat:0x67234,scena/mp4000.dat,Teehee! I guess we'd better,28
scena/mp4000.dat:0x6725f,scena/mp4000.dat,"Honestly, I'm fine with not going anywhere.",44
scena/mp4000.dat:0x6729a,scena/mp4000.dat,to doing nothing in particular.,32
scena/mp4000.dat:0x672ba,scena/mp4000.dat,I think it's nice to have days devoted,39
scena/mp4000.dat:0x672f0,scena/mp4000.dat,You just had lunch!,20
scena/mp4000.dat:0x67313,scena/mp4000.dat,"Personally, I'm too full to think about food.",46
scena/mp4000.dat:0x67350,scena/mp4000.dat,worrying about your next meal!,31
scena/mp4000.dat:0x6736f,scena/mp4000.dat,"I swear, you spend half your day",33
scena/mp4000.dat:0x6739f,scena/mp4000.dat,The villa's closed right now.,30
scena/mp4000.dat:0x673bd,scena/mp4000.dat,...Haven't you heard?,22
scena/mp4000.dat:0x673e2,scena/mp4000.dat,"behind on the news, aren't you?",32
scena/mp4000.dat:0x67402,scena/mp4000.dat,...You're always just a little,31
scena/mp4000.dat:0x67430,scena/mp4000.dat,to the Intelligence Division.,30
scena/mp4000.dat:0x6744e,scena/mp4000.dat,"Actually, Special Ops soldiers belong",38
scena/mp4000.dat:0x67483,scena/mp4000.dat,Okay? They're not two different groups.,40
scena/mp4000.dat:0x674ba,scena/mp4000.dat,Hmm... I'm not really in the mood right now.,45
scena/mp4000.dat:0x674f6,scena/mp4000.dat,Hello. Lovely weather we're having today.,42
scena/mp4000.dat:0x6752f,scena/mp4000.dat,Bright skies always brighten my mood!,38
scena/mp4000.dat:0x67564,scena/mp4000.dat,Today's weather feels so refreshing.,37
scena/mp4000.dat:0x67598,scena/mp4000.dat,home and have a quick nap.,27
scena/mp4000.dat:0x675b3,scena/mp4000.dat,*Yawn* Maybe I should head,27
scena/mp4000.dat:0x675dd,scena/mp4000.dat,makes you feel sleepy?,23
scena/mp4000.dat:0x675f4,scena/mp4000.dat,Why is it that eating a meal,29
scena/mp4000.dat:0x67620,scena/mp4000.dat,I should head home and start working on dinner.,48
scena/mp4000.dat:0x6765f,scena/mp4000.dat,another chance to do my best!,30
scena/mp4000.dat:0x6767d,scena/mp4000.dat,Right! A new day means,23
scena/mp4000.dat:0x676a3,scena/mp4000.dat,The soldiers are certainly working hard.,41
scena/mp4000.dat:0x676db,scena/mp4000.dat,wanted to disrupt the signing ceremony.,40
scena/mp4000.dat:0x67703,scena/mp4000.dat,I'm sure that the Intelligence Division,40
scena/mp4000.dat:0x6773a,scena/mp4000.dat,to get my orbal stove working again.,37
scena/mp4000.dat:0x6775f,scena/mp4000.dat,I wonder if there's anything I can do,38
scena/mp4000.dat:0x67794,scena/mp4000.dat,Cooking without it is so much harder...,40
scena/mp4000.dat:0x677cb,scena/mp4000.dat,mechanic I've ever met.,24
scena/mp4000.dat:0x677e3,scena/mp4000.dat,The orbal factory here has the kindest,39
scena/mp4000.dat:0x67819,scena/mp4000.dat,"Tom's skills are nothing to scoff at, either.",46
scena/mp4000.dat:0x67856,scena/mp4000.dat,that young gentleman can't fix.,32
scena/mp4000.dat:0x67876,scena/mp4000.dat,"I swear, there isn't anything",30
scena/mp4000.dat:0x678a3,scena/mp4000.dat,"with Zacharias, the factory manager.",37
scena/mp4000.dat:0x678c8,scena/mp4000.dat,I heard that Tom had a huge fight,34
scena/mp4000.dat:0x678f9,scena/mp4000.dat,has been on the rocks for a while now...,41
scena/mp4000.dat:0x67922,scena/mp4000.dat,People have been saying that their relationship,48
scena/mp4000.dat:0x67961,scena/mp4000.dat,I'd better head home before it gets dark.,42
scena/mp4000.dat:0x6799a,scena/mp4000.dat,the factory were on well into the evening.,43
scena/mp4000.dat:0x679c5,scena/mp4000.dat,"Last night, the lights on the third floor of",45
scena/mp4000.dat:0x67a01,scena/mp4000.dat,things almost until dawn.,26
scena/mp4000.dat:0x67a1b,scena/mp4000.dat,Tom must have been repairing,29
scena/mp4000.dat:0x67a47,scena/mp4000.dat,a skilled craftsman in his own right.,38
scena/mp4000.dat:0x67a6d,scena/mp4000.dat,I have no doubts that Zacharias is,35
scena/mp4000.dat:0x67ab9,scena/mp4000.dat,Block stopped working in an instant.,37
scena/mp4000.dat:0x67ade,scena/mp4000.dat,"Last night, all of the orbments in the West",44
scena/mp4000.dat:0x67b19,scena/mp4000.dat,"just as quickly, once he starts looking into it.",49
scena/mp4000.dat:0x67b4a,scena/mp4000.dat,Well! I'm sure that Tom will find the cause,44
scena/mp4000.dat:0x67b85,scena/mp4000.dat,have vanished into thin air...,31
scena/mp4000.dat:0x67ba4,scena/mp4000.dat,It's as though all the tourists,32
scena/mp4000.dat:0x67bd3,scena/mp4000.dat,a little too quiet for my liking.,34
scena/mp4000.dat:0x67bf5,scena/mp4000.dat,"While that's to be expected, it's still",40
scena/mp4000.dat:0x67c2c,scena/mp4000.dat,It's not much longer until the signing ceremony.,49
scena/mp4000.dat:0x67c6c,scena/mp4000.dat,to come guard the capital.,27
scena/mp4000.dat:0x67c87,scena/mp4000.dat,Lt. Colonel Cid ordered us,27
scena/mp4000.dat:0x67cb1,scena/mp4000.dat,sympathizers within the Royal Army.,36
scena/mp4000.dat:0x67cd5,scena/mp4000.dat,There are still a lot of Richard,33
scena/mp4000.dat:0x67d05,scena/mp4000.dat,that he should have stayed well away from.,43
scena/mp4000.dat:0x67d30,scena/mp4000.dat,"But, the fact remains that he crossed lines",44
scena/mp4000.dat:0x67d6b,scena/mp4000.dat,be punished when they break the rules.,39
scena/mp4000.dat:0x67d92,scena/mp4000.dat,People who serve the army should absolutely,44
scena/mp4000.dat:0x67dcd,scena/mp4000.dat,have been appearing in the area.,33
scena/mp4000.dat:0x67dee,scena/mp4000.dat,Mysterious and armed individuals,33
scena/mp4000.dat:0x67e1e,scena/mp4000.dat,a unit to guard the castle.,28
scena/mp4000.dat:0x67e3a,scena/mp4000.dat,Lt. Colonel Cid ordered,24
scena/mp4000.dat:0x67e61,scena/mp4000.dat,but that ought to deter them.,30
scena/mp4000.dat:0x67e7f,scena/mp4000.dat,"I don't know who's been skulking around,",41
scena/mp4000.dat:0x67eb7,scena/mp4000.dat,this late at night?,20
scena/mp4000.dat:0x67ecb,scena/mp4000.dat,Hm? Where are you headed off to,32
scena/mp4000.dat:0x67efa,scena/mp4000.dat,make sure you stay safe.,25
scena/mp4000.dat:0x67f13,scena/mp4000.dat,"Wherever you're going,",23
scena/mp4000.dat:0x67f39,scena/mp4000.dat,"of all people, to launch an ambush...",38
scena/mp4000.dat:0x67f5f,scena/mp4000.dat,"I never would have expected Captain Amalthea,",46
scena/mp4000.dat:0x67f9c,scena/mp4000.dat,Things have finally settled down in the capital.,49
scena/mp4000.dat:0x67fdc,scena/mp4000.dat,Her Majesty's proclamation.,28
scena/mp4000.dat:0x67ff8,scena/mp4000.dat,"Well, that's mostly thanks to",30
scena/mp4000.dat:0x68025,scena/mp4000.dat,be sure to report them straight away.,38
scena/mp4000.dat:0x6804b,scena/mp4000.dat,"If you happen to see anyone suspicious,",40
scena/mp4000.dat:0x68082,scena/mp4000.dat,keen on disrupting the signing ceremony.,41
scena/mp4000.dat:0x680ab,scena/mp4000.dat,There might be parties around that are,39
scena/mp4000.dat:0x680e1,scena/mp4000.dat,All clear!,11
scena/mp4000.dat:0x680fb,scena/mp4000.dat,now and the signing ceremony...,32
scena/mp4000.dat:0x6811b,scena/mp4000.dat,I hope nothing happens between,31
scena/mp4000.dat:0x68149,scena/mp4000.dat,"The Society, huh...",20
scena/mp4000.dat:0x6816c,scena/mp4000.dat,the signing ceremony?,22
scena/mp4000.dat:0x68182,scena/mp4000.dat,Was their goal to sabotage,27
scena/mp4000.dat:0x681ac,scena/mp4000.dat,a ruckus while the entire army's in town?,42
scena/mp4000.dat:0x681d6,scena/mp4000.dat,How dumb do you have to be to cause,36
scena/mp4000.dat:0x68209,scena/mp4000.dat,While the urban areas should be safe...,40
scena/mp4000.dat:0x68240,scena/mp4000.dat,going to any less frequented spots.,36
scena/mp4000.dat:0x68264,scena/mp4000.dat,I can't in good conscience recommend,37
scena/mp4000.dat:0x68298,scena/mp4000.dat,but they never found that giant archaism.,42
scena/mp4000.dat:0x682c2,scena/mp4000.dat,"The Royal Army sent their full force on the hunt,",50
scena/mp4000.dat:0x68303,scena/mp4000.dat,what's going to happen to Liberl next.,39
scena/mp4000.dat:0x6832a,scena/mp4000.dat,That it appeared at all makes you wonder,41
scena/mp4000.dat:0x68362,scena/mp4000.dat,General Bright on our side.,28
scena/mp4000.dat:0x6837e,scena/mp4000.dat,"Then again, we DO have",23
scena/mp4000.dat:0x683a4,scena/mp4000.dat,"I'm sure it would all work out, somehow.",41
scena/mp4000.dat:0x683dc,scena/mp4000.dat,an emergency is not a comforting thought.,42
scena/mp4000.dat:0x68406,scena/mp4000.dat,knowing that it's not going to fire for me in,46
scena/mp4000.dat:0x68434,scena/mp4000.dat,"I might be holding my gun at the ready, but",44
scena/mp4000.dat:0x6846f,scena/mp4000.dat,Have you been keeping well?,28
scena/mp4000.dat:0x6848b,scena/mp4000.dat,"Why, hello there, my good man!",31
scena/mp4000.dat:0x684be,scena/mp4000.dat,M-Mr. Olivier?!,16
scena/mp4000.dat:0x684dd,scena/mp4000.dat,Where have you been?!,22
scena/mp4000.dat:0x68502,scena/mp4000.dat,Hm? Is something the matter?,29
scena/mp4000.dat:0x68533,scena/mp4000.dat,You know what I mean...,24
scena/mp4000.dat:0x6855a,scena/mp4000.dat,went to the Elmo Hot Springs.,30
scena/mp4000.dat:0x68578,scena/mp4000.dat,You disappeared after you,26
scena/mp4000.dat:0x685a1,scena/mp4000.dat,"Mueller was angry, you know.",29
scena/mp4000.dat:0x685cd,scena/mp4000.dat,Heh heh... How adorable.,25
scena/mp4000.dat:0x685fa,scena/mp4000.dat,"Hey, Olivier...",16
scena/mp4000.dat:0x6861e,scena/mp4000.dat,the embassy you were with us?,30
scena/mp4000.dat:0x6863c,scena/mp4000.dat,Do you mean you didn't tell,28
scena/mp4000.dat:0x68687,scena/mp4000.dat,must be performed in secret.,29
scena/mp4000.dat:0x686a4,scena/mp4000.dat,A journey in search of love,28
scena/mp4000.dat:0x686d4,scena/mp4000.dat,"own little world, huh.",23
scena/mp4000.dat:0x686eb,scena/mp4000.dat,...You really do live in your,30
scena/mp4000.dat:0x6871d,scena/mp4000.dat,without saying a word to anyone.,33
scena/mp4000.dat:0x6873e,scena/mp4000.dat,"Mr. Olivier, you can't keep vanishing",38
scena/mp4000.dat:0x68773,scena/mp4000.dat,absolutely furious this time.,30
scena/mp4000.dat:0x68791,scena/mp4000.dat,Even Ambassador Crainagh was,29
scena/mp4000.dat:0x687bd,scena/mp4000.dat,Only authorized personnel may enter.,37
scena/mp4000.dat:0x687e2,scena/mp4000.dat,The Erebonian Embassy is just up ahead.,40
scena/mp4000.dat:0x68819,scena/mp4000.dat,We've been told to increase security measures.,47
scena/mp4000.dat:0x68848,scena/mp4000.dat,Especially on the heels of the signing ceremony.,49
scena/mp4000.dat:0x68888,scena/mp4000.dat,Your kind understanding is much appreciated.,45
scena/mp4000.dat:0x688c4,scena/mp4000.dat,"Please, go right ahead.",24
scena/mp4000.dat:0x688eb,scena/mp4000.dat,the embassy's extraterritorial rights.,39
scena/mp4000.dat:0x68912,scena/mp4000.dat,"Oh, and please be considerate of",33
scena/mp4000.dat:0x68942,scena/mp4000.dat,Mr. Mueller are currently out of the office.,45
scena/mp4000.dat:0x6896f,scena/mp4000.dat,"Unfortunately, both Ambassador Crainagh and",44
scena/mp4000.dat:0x689aa,scena/mp4000.dat,"I expect them to be back before long, though.",46
scena/mp4000.dat:0x689e7,scena/mp4000.dat,meeting with the ambassador go?,32
scena/mp4000.dat:0x68a07,scena/mp4000.dat,Welcome back. How did your,27
scena/mp4000.dat:0x68a31,scena/mp4000.dat,I hope you got what you wanted out of it.,42
scena/mp4000.dat:0x68a6a,scena/mp4000.dat,You're looking for Mr. Olivier?,32
scena/mp4000.dat:0x68a8a,scena/mp4000.dat,Hm? Let me guess...,20
scena/mp4000.dat:0x68aad,scena/mp4000.dat,He's gone out with Mr. Mueller.,32
scena/mp4000.dat:0x68acd,scena/mp4000.dat,"I'm sorry, but you just missed him.",36
scena/mp4000.dat:0x68b00,scena/mp4000.dat,they truly are firm friends.,29
scena/mp4000.dat:0x68b1d,scena/mp4000.dat,"No matter what anyone else may say,",36
scena/mp4000.dat:0x68b50,scena/mp4000.dat,"Please, go right ahead.",24
scena/mp4000.dat:0x68b77,scena/mp4000.dat,"in Bose, on a business trip.",29
scena/mp4000.dat:0x68b94,scena/mp4000.dat,Mr. Mueller is currently away,30
scena/mp4000.dat:0x68bc1,scena/mp4000.dat,do with a military facility.,29
scena/mp4000.dat:0x68bde,scena/mp4000.dat,He said that it has something to,33
scena/mp4000.dat:0x68c0e,scena/mp4000.dat,"While the cat's away, Mr. Olivier will play...",47
scena/mp4000.dat:0x68c4c,scena/mp4000.dat,"in Bose, on a business trip.",29
scena/mp4000.dat:0x68c69,scena/mp4000.dat,Mr. Mueller is currently away,30
scena/mp4000.dat:0x68c96,scena/mp4000.dat,"While the cat's away, Mr. Olivier will play...",47
scena/mp4000.dat:0x68cd4,scena/mp4000.dat,"Oh, it's you again. Please, go right ahead.",44
scena/mp4000.dat:0x68d0f,scena/mp4000.dat,"Huh? We're allowed in, even without Olivier?",45
scena/mp4000.dat:0x68d50,scena/mp4000.dat,"Yes, that's not a problem.",27
scena/mp4000.dat:0x68d7a,scena/mp4000.dat,eager to get information from whoever he can.,46
scena/mp4000.dat:0x68da8,scena/mp4000.dat,"In times such as these, the ambassador is",42
scena/mp4000.dat:0x68de1,scena/mp4000.dat,they are to be ushered on in.,30
scena/mp4000.dat:0x68dff,scena/mp4000.dat,"I was told that if any bracers visit,",38
scena/mp4000.dat:0x68e34,scena/mp4000.dat,"Oh, okay. Don't mind if we do!",31
scena/mp4000.dat:0x68e66,scena/mp4000.dat,eager to get information from whoever he can.,46
scena/mp4000.dat:0x68e94,scena/mp4000.dat,"In times such as these, the ambassador is",42
scena/mp4000.dat:0x68ecd,scena/mp4000.dat,they are to be ushered on in.,30
scena/mp4000.dat:0x68eeb,scena/mp4000.dat,"I was told that if any bracers visit,",38
scena/mp4000.dat:0x68f20,scena/mp4000.dat,Hey there. It's been a while.,30
scena/mp4000.dat:0x68f51,scena/mp4000.dat,"What the... Zin, my friend!",28
scena/mp4000.dat:0x68f7c,scena/mp4000.dat,"Pleasure, not business, right?",31
scena/mp4000.dat:0x68f9b,scena/mp4000.dat,Visiting Liberl again?,23
scena/mp4000.dat:0x68fc1,scena/mp4000.dat,"Haha. Yeah, something like that.",33
scena/mp4000.dat:0x68ff6,scena/mp4000.dat,so you've got my thanks in advance.,36
scena/mp4000.dat:0x6901a,scena/mp4000.dat,"Either way, I'll be bothering you for a while,",47
scena/mp4000.dat:0x6905c,scena/mp4000.dat,"be glad to see you, too.",25
scena/mp4000.dat:0x69075,scena/mp4000.dat,Roger that! Ambassador Cochrane'll,35
scena/mp4000.dat:0x690a7,scena/mp4000.dat,happy to hear that you're in town.,35
scena/mp4000.dat:0x690ca,scena/mp4000.dat,Ambassador Cochrane'll definitely be,37
scena/mp4000.dat:0x690fe,scena/mp4000.dat,Calvard Republic.,18
scena/mp4000.dat:0x69110,scena/mp4000.dat,Halt. This is the Embassy of the,33
scena/mp4000.dat:0x69140,scena/mp4000.dat,appointments are allowed inside.,33
scena/mp4000.dat:0x69161,scena/mp4000.dat,"Sorry, but only folks with official",36
scena/mp4000.dat:0x69194,scena/mp4000.dat,Ambassador Cochrane alright?,29
scena/mp4000.dat:0x691b1,scena/mp4000.dat,Did you folks manage to meet with,34
scena/mp4000.dat:0x691e2,scena/mp4000.dat,She's always been kind of imposing.,36
scena/mp4000.dat:0x69215,scena/mp4000.dat,"packing, without bothering to meet them.",41
scena/mp4000.dat:0x6923e,scena/mp4000.dat,"Heck, sometimes she'll just send visitors",42
scena/mp4000.dat:0x69277,scena/mp4000.dat,Go right ahead!,16
scena/mp4000.dat:0x69296,scena/mp4000.dat,has extraterritorial rights.,29
scena/mp4000.dat:0x692b3,scena/mp4000.dat,"Oh, and remember, the embassy",30
scena/mp4000.dat:0x692e0,scena/mp4000.dat,"So, definitely don't do anything suspicious.",45
scena/mp4000.dat:0x6931c,scena/mp4000.dat,"ended up facing off here, not too long ago.",44
scena/mp4000.dat:0x69348,scena/mp4000.dat,Ambassador Cochrane and Ambassador Crainagh,44
scena/mp4000.dat:0x69383,scena/mp4000.dat,I could've combusted from the glares.,38
scena/mp4000.dat:0x693a9,scena/mp4000.dat,"I got stuck between the two of them, and I swear,",50
scena/mp4000.dat:0x693ea,scena/mp4000.dat,Go right ahead!,16
scena/mp4000.dat:0x69409,scena/mp4000.dat,...Huh? A girl in a white dress?,33
scena/mp4000.dat:0x69439,scena/mp4000.dat,She's definitely not in the embassy.,37
scena/mp4000.dat:0x6945e,scena/mp4000.dat,I don't remember seeing anyone like that.,42
scena/mp4000.dat:0x69497,scena/mp4000.dat,Go right ahead!,16
scena/mp4000.dat:0x694b6,scena/mp4000.dat,Division crew who laid an ambush in the harbor.,48
scena/mp4000.dat:0x694e6,scena/mp4000.dat,I heard they got the last of the Intelligence,46
scena/mp4000.dat:0x69523,scena/mp4000.dat,about before the signing ceremony.,35
scena/mp4000.dat:0x69546,scena/mp4000.dat,"Well, that's one less thing to worry",37
scena/mp4000.dat:0x6957a,scena/mp4000.dat,You can go straight on through!,32
scena/mp4000.dat:0x6959a,scena/mp4000.dat,"Hey there, Zin!",16
scena/mp4000.dat:0x695b9,scena/mp4000.dat,"Thanks, I appreciate it.",25
scena/mp4000.dat:0x695e5,scena/mp4000.dat,"in the embassy up in arms, then?",33
scena/mp4000.dat:0x69606,scena/mp4000.dat,I'm guessing that the situation has everyone,45
scena/mp4000.dat:0x69646,scena/mp4000.dat,got everyone running around looking for info.,46
scena/mp4000.dat:0x69674,scena/mp4000.dat,You can say that again. Ambassador Cochrane's,46
scena/mp4000.dat:0x696b1,scena/mp4000.dat,"all bracers in, so she can chat 'em up.",40
scena/mp4000.dat:0x696d9,scena/mp4000.dat,"To that end, she's asked us to wave any and",44
scena/mp4000.dat:0x69714,scena/mp4000.dat,"Huh, so that's how it is.",26
scena/mp4000.dat:0x69742,scena/mp4000.dat,Hey! Go right ahead!,21
scena/mp4000.dat:0x69766,scena/mp4000.dat,"Wait, really?",14
scena/mp4000.dat:0x69788,scena/mp4000.dat,"folks showed up, to just wave you on in.",41
scena/mp4000.dat:0x697b1,scena/mp4000.dat,Ambassador Cochrane said that if you,37
scena/mp4000.dat:0x697e5,scena/mp4000.dat,Huh! I wonder why?,19
scena/mp4000.dat:0x6980b,scena/mp4000.dat,to get a better grasp of the situation.,40
scena/mp4000.dat:0x69833,scena/mp4000.dat,"she can about what's been going on,",36
scena/mp4000.dat:0x69857,scena/mp4000.dat,"Oh, she wants to talk to everyone",34
scena/mp4000.dat:0x69888,scena/mp4000.dat,"Yeah, that makes sense. Don't mind if we do!",45
scena/mp4000.dat:0x698c8,scena/mp4000.dat,"Please, go right in!",21
scena/mp4000.dat:0x698ec,scena/mp4000.dat,stairs started following me around one day.,44
scena/mp4000.dat:0x69918,scena/mp4000.dat,That man near the department store,35
scena/mp4000.dat:0x6994a,scena/mp4000.dat,That was a really unsettling experience...,43
scena/mp4000.dat:0x69984,scena/mp4000.dat,daggers at me earlier...,25
scena/mp4000.dat:0x6999d,scena/mp4000.dat,"So, this older lady was staring",32
scena/mp4000.dat:0x699cc,scena/mp4000.dat,I wonder what all that was about?,34
scena/mp4000.dat:0x699fd,scena/mp4000.dat,Did I have something on my face?,33
scena/mp4000.dat:0x69a2d,scena/mp4000.dat,the blue!,10
scena/mp4000.dat:0x69a37,scena/mp4000.dat,"willing to marry her son, completely out of",44
scena/mp4000.dat:0x69a63,scena/mp4000.dat,An older lady I've never met asked if I'd be,45
scena/mp4000.dat:0x69a9f,scena/mp4000.dat,to wed someone they haven't even seen?,39
scena/mp4000.dat:0x69ac6,scena/mp4000.dat,Who in their right mind would be willing,41
scena/mp4000.dat:0x69afe,scena/mp4000.dat,hinges on it.,14
scena/mp4000.dat:0x69b0c,scena/mp4000.dat,the biggest choices you can ever make. So much,47
scena/mp4000.dat:0x69b3b,scena/mp4000.dat,"Like, picking a marriage partner is one of",43
scena/mp4000.dat:0x69b75,scena/mp4000.dat,developing an eye for good guys.,33
scena/mp4000.dat:0x69b96,scena/mp4000.dat,"Yep, I really need to work on",30
scena/mp4000.dat:0x69bc3,scena/mp4000.dat,and watches that they're wearing?,34
scena/mp4000.dat:0x69be5,scena/mp4000.dat,I guess I could start by checking the shoes,44
scena/mp4000.dat:0x69c20,scena/mp4000.dat,"After giving it some thought, I realized that...",49
scena/mp4000.dat:0x69c60,scena/mp4000.dat,"I'll need to work on my inner self, too.",41
scena/mp4000.dat:0x69c89,scena/mp4000.dat,"If I want to meet a charming gentleman,",40
scena/mp4000.dat:0x69cc0,scena/mp4000.dat,halves of an even better whole!,32
scena/mp4000.dat:0x69ce0,scena/mp4000.dat,"After all, partners should be two splendid",43
scena/mp4000.dat:0x69d1a,scena/mp4000.dat,longer. And that anxiety's been keeping me up.,47
scena/mp4000.dat:0x69d49,scena/mp4000.dat,"*Sigh* Without light orbments, nights feel so much",51
scena/mp4000.dat:0x69d8b,scena/mp4000.dat,my mood just plummets.,23
scena/mp4000.dat:0x69da2,scena/mp4000.dat,"Once the sun starts setting,",29
scena/mp4000.dat:0x69dce,scena/mp4000.dat,Hm? That emblem...,19
scena/mp4000.dat:0x69df0,scena/mp4000.dat,"Young lady... Are you a bracer, by any chance?",47
scena/mp4000.dat:0x69e2e,scena/mp4000.dat,Thank you for all you do for the community.,44
scena/mp4000.dat:0x69e5a,scena/mp4000.dat,That's quite the achievement for someone so young!,51
scena/mp4000.dat:0x69e9c,scena/mp4000.dat,Bracer Guild in some time.,27
scena/mp4000.dat:0x69eb7,scena/mp4000.dat,I haven't seen Mr. Kurt at the,31
scena/mp4000.dat:0x69ee5,scena/mp4000.dat,I wonder if he's left for another area...?,43
scena/mp4000.dat:0x69f1f,scena/mp4000.dat,is the talk of the town.,25
scena/mp4000.dat:0x69f38,scena/mp4000.dat,Which would be a shame. His courteousness,42
scena/mp4000.dat:0x69f71,scena/mp4000.dat,just sets earlier and earlier.,31
scena/mp4000.dat:0x69f90,scena/mp4000.dat,"Goodness me, it feels like the sun",35
scena/mp4000.dat:0x69fc2,scena/mp4000.dat,event that occurs.,19
scena/mp4000.dat:0x69fd5,scena/mp4000.dat,"hands full, given that they have to police any",47
scena/mp4000.dat:0x6a004,scena/mp4000.dat,"Speaking of work, soldiers must also have their",48
scena/mp4000.dat:0x6a050,scena/mp4000.dat,the ones who put an end to yesterday's,39
scena/mp4000.dat:0x6a077,scena/mp4000.dat,I heard that bracers and the Royal Guard were,46
scena/mp4000.dat:0x6a0b4,scena/mp4000.dat,there must be nothing they can't overcome!,43
scena/mp4000.dat:0x6a0df,scena/mp4000.dat,"Why, when those two groups work together,",42
scena/mp4000.dat:0x6a118,scena/mp4000.dat,a rather unsettling event for today's youngsters.,50
scena/mp4000.dat:0x6a14a,scena/mp4000.dat,I imagine that the orbments not working must be,48
scena/mp4000.dat:0x6a189,scena/mp4000.dat,water was an entire ordeal.,28
scena/mp4000.dat:0x6a1a5,scena/mp4000.dat,It used to be that just boiling,32
scena/mp4000.dat:0x6a1d4,scena/mp4000.dat,"by the technology, too.",24
scena/mp4000.dat:0x6a1ec,scena/mp4000.dat,"...Honestly, I've been spoiled",31
scena/mp4000.dat:0x6a21a,scena/mp4000.dat,"So, Lieutenant Schwarz was promoted to captain?",48
scena/mp4000.dat:0x6a259,scena/mp4000.dat,it was only a matter of time.,30
scena/mp4000.dat:0x6a277,scena/mp4000.dat,"Well! With her abilities and achievements,",43
scena/mp4000.dat:0x6a2b1,scena/mp4000.dat,to sign the non-aggression pact.,33
scena/mp4000.dat:0x6a2d2,scena/mp4000.dat,I heard that Erebonia readily agreed,37
scena/mp4000.dat:0x6a306,scena/mp4000.dat,to employ to ensure that outcome?,34
scena/mp4000.dat:0x6a328,scena/mp4000.dat,Hoho! What sorcery did Her Majesty have,40
scena/mp4000.dat:0x6a35f,scena/mp4000.dat,Army to recover from the coup.,31
scena/mp4000.dat:0x6a37e,scena/mp4000.dat,I suspect it will take some time for the Royal,47
scena/mp4000.dat:0x6a3bc,scena/mp4000.dat,"Lt. Colonel Cid, and General Bright leading them.",50
scena/mp4000.dat:0x6a3ee,scena/mp4000.dat,"That said, they do still have Captain Schwarz,",47
scena/mp4000.dat:0x6a42c,scena/mp4000.dat,I'm sure everything will work out.,35
scena/mp4000.dat:0x6a44f,scena/mp4000.dat,"With those three on Liberl's side,",35
scena/mp4000.dat:0x6a481,scena/mp4000.dat,going to be attending the signing ceremony.,44
scena/mp4000.dat:0x6a4ad,scena/mp4000.dat,I heard that the mayors of each region are,43
scena/mp4000.dat:0x6a4e7,scena/mp4000.dat,mayor will probably be present.,32
scena/mp4000.dat:0x6a507,scena/mp4000.dat,Which means that Ruan's new,28
scena/mp4000.dat:0x6a532,scena/mp4000.dat,I wonder how that will play out...,35
scena/mp4000.dat:0x6a564,scena/mp4000.dat,the Intelligence Division...,29
scena/mp4000.dat:0x6a581,scena/mp4000.dat,To think that was the work of,30
scena/mp4000.dat:0x6a5ae,scena/mp4000.dat,"about Colonel Richard, but...",30
scena/mp4000.dat:0x6a5cc,scena/mp4000.dat,I heard that it was ultimately,31
scena/mp4000.dat:0x6a5fa,scena/mp4000.dat,that never reflects well on anyone.,36
scena/mp4000.dat:0x6a61e,scena/mp4000.dat,Throwing around military power like,36
scena/mp4000.dat:0x6a651,scena/mp4000.dat,made in orbal technology.,26
scena/mp4000.dat:0x6a66b,scena/mp4000.dat,position via the advancements that have been,45
scena/mp4000.dat:0x6a698,scena/mp4000.dat,Liberl has only managed to maintain its current,48
scena/mp4000.dat:0x6a6d7,scena/mp4000.dat,The non-aggression pact is largely symbolic.,45
scena/mp4000.dat:0x6a71f,scena/mp4000.dat,might not be enough if this situation were to,46
scena/mp4000.dat:0x6a74d,scena/mp4000.dat,I fear that even Her Majesty's diplomatic skills,49
scena/mp4000.dat:0x6a78d,scena/mp4000.dat,"family, but that's just a silly rumor.",39
scena/mp4000.dat:0x6a7b4,scena/mp4000.dat,People say my shop is frequented by the royal,46
scena/mp4000.dat:0x6a7f1,scena/mp4000.dat,"to come and try a bite, of course.",35
scena/mp4000.dat:0x6a814,scena/mp4000.dat,Not that I wouldn't love for Princess Klaudia,46
scena/mp4000.dat:0x6a851,scena/mp4000.dat,her ice cream before?),23
scena/mp4000.dat:0x6a868,scena/mp4000.dat,"(...Hey, Kloe? Have you had",28
scena/mp4000.dat:0x6a897,scena/mp4000.dat,"(...Yes, I have.)",18
scena/mp4000.dat:0x6a8be,scena/mp4000.dat,(I even recommended it to my grandmother.),43
scena/mp4000.dat:0x6a8fc,scena/mp4000.dat,and seemed quite pleased.),27
scena/mp4000.dat:0x6a917,scena/mp4000.dat,"(She ate it with much gusto,",29
scena/mp4000.dat:0x6a948,scena/mp4000.dat,brag about being a royal fave!,31
scena/mp4000.dat:0x6a967,scena/mp4000.dat,"Don't you worry, miss! You can absolutely",42
scena/mp4000.dat:0x6a9b9,scena/mp4000.dat,"family, but that's just wishful thinking.",42
scena/mp4000.dat:0x6a9e3,scena/mp4000.dat,People say my shop is frequented by the royal,46
scena/mp4000.dat:0x6aa20,scena/mp4000.dat,"came and had a bite herself, though.",37
scena/mp4000.dat:0x6aa45,scena/mp4000.dat,I'd be over the moon if Princess Klaudia,41
scena/mp4000.dat:0x6aa95,scena/mp4000.dat,How about some deliciously refreshing ice cream?,49
scena/mp4000.dat:0x6aaed,scena/mp4000.dat,as an after-dinner treat?,26
scena/mp4000.dat:0x6ab07,scena/mp4000.dat,Why not get an ice cream,25
scena/mp4000.dat:0x6ab2f,scena/mp4000.dat,in the Liberl News...,22
scena/mp4000.dat:0x6ab45,scena/mp4000.dat,I sure am happy about being featured,37
scena/mp4000.dat:0x6ab79,scena/mp4000.dat,of my ice cream!,17
scena/mp4000.dat:0x6ab8a,scena/mp4000.dat,children's faces light up when they have a lick,48
scena/mp4000.dat:0x6abba,scena/mp4000.dat,But what makes me even happier is seeing,41
scena/mp4000.dat:0x6abf2,scena/mp4000.dat,sure you'll find her at the landing port.,42
scena/mp4000.dat:0x6ac1c,scena/mp4000.dat,A girl wearing a white dress? I'm pretty,41
scena/mp4000.dat:0x6ac54,scena/mp4000.dat,really happy.,14
scena/mp4000.dat:0x6ac62,scena/mp4000.dat,her friends at the landing port. She seemed,44
scena/mp4000.dat:0x6ac8e,scena/mp4000.dat,She told me she was going to meet up with,42
scena/mp4000.dat:0x6acc7,scena/mp4000.dat,frightening happened last night.,33
scena/mp4000.dat:0x6ace8,scena/mp4000.dat,It sounds like something awfully,33
scena/mp4000.dat:0x6ad18,scena/mp4000.dat,about yesterday's harbor incident.,35
scena/mp4000.dat:0x6ad3b,scena/mp4000.dat,All of my customers have been talking,38
scena/mp4000.dat:0x6ad70,scena/mp4000.dat,the details just from those comments.,38
scena/mp4000.dat:0x6ad96,scena/mp4000.dat,"In fact, I think I've gotten almost all of",43
scena/mp4000.dat:0x6add0,scena/mp4000.dat,in the Grancel Castle kitchen.,31
scena/mp4000.dat:0x6adef,scena/mp4000.dat,I've been asked to make ice cream,34
scena/mp4000.dat:0x6ae20,scena/mp4000.dat,to let everyone try some.,26
scena/mp4000.dat:0x6ae3a,scena/mp4000.dat,"Apparently, the Queen wanted",29
scena/mp4000.dat:0x6ae66,scena/mp4000.dat,had even had my ice cream before.,34
scena/mp4000.dat:0x6ae88,scena/mp4000.dat,"Honestly, I was shocked to hear that Her Majesty",49
scena/mp4000.dat:0x6aec8,scena/mp4000.dat,"Bye, Mama! See you later!",26
scena/mp4000.dat:0x6aef1,scena/mp4000.dat,I hope Mama comes back soon.,29
scena/mp4000.dat:0x6af1d,scena/mp4000.dat,"I'm gonna wait like a big boy, so...",37
scena/mp4000.dat:0x6af51,scena/mp4000.dat,Yaaay! Mama's back from work!,30
scena/mp4000.dat:0x6af7e,scena/mp4000.dat,I bet you're jealous!,22
scena/mp4000.dat:0x6afa3,scena/mp4000.dat,Mama... *Sniff*,16
scena/mp4000.dat:0x6afc2,scena/mp4000.dat,Come back and play with me soon...,35
scena/mp4000.dat:0x6aff4,scena/mp4000.dat,Mama to be done with work!,27
scena/mp4000.dat:0x6b00f,scena/mp4000.dat,Hah! I'm the best at waiting for,33
scena/mp4000.dat:0x6b03f,scena/mp4000.dat,'Cause I'm Mama's big boy!,27
scena/mp4000.dat:0x6b069,scena/mp4000.dat,Hah! I watched the house all by myself!,40
scena/mp4000.dat:0x6b0a0,scena/mp4000.dat,I wasn't sad! Not one bit!,27
scena/mp4000.dat:0x6b0ca,scena/mp4000.dat,My room's really cold and dark...,34
scena/mp4000.dat:0x6b0fb,scena/mp4000.dat,my bestest to be brave!,24
scena/mp4000.dat:0x6b113,scena/mp4000.dat,"It was super scary, but I did",30
scena/mp4000.dat:0x6b140,scena/mp4000.dat,"Don't tell her I cried, okay?",30
scena/mp4000.dat:0x6b15e,scena/mp4000.dat,Seeing Mama made me feel better.,33
scena/mp4000.dat:0x6b18e,scena/mp4000.dat,"Hi-de-ho, folks!",17
scena/mp4000.dat:0x6b1ae,scena/mp4000.dat,so it's closed for now.,24
scena/mp4000.dat:0x6b1c6,scena/mp4000.dat,"There's nothing going on at the Grand Arena,",45
scena/mp4000.dat:0x6b202,scena/mp4000.dat,Which kinda sucks.,19
scena/mp4000.dat:0x6b224,scena/mp4000.dat,"It'd be something to do, at least.",35
scena/mp4000.dat:0x6b247,scena/mp4000.dat,I could...go shopping at the department store?,47
scena/mp4000.dat:0x6b2a0,scena/mp4000.dat,"When the crows start a-crowin',",32
scena/mp4000.dat:0x6b2cf,scena/mp4000.dat,"Hold up, are you looking for someone?",38
scena/mp4000.dat:0x6b304,scena/mp4000.dat,"Nope, haven't seen her around.",31
scena/mp4000.dat:0x6b323,scena/mp4000.dat,"A girl in a white dress, huh...",32
scena/mp4000.dat:0x6b352,scena/mp4000.dat,happened down at the harbor.,29
scena/mp4000.dat:0x6b36f,scena/mp4000.dat,"Hooo man, a whole crazy thing",30
scena/mp4000.dat:0x6b39c,scena/mp4000.dat,always hanging around Colonel Richard?,39
scena/mp4000.dat:0x6b3c3,scena/mp4000.dat,Isn't Kanone the name of that lady who was,43
scena/mp4000.dat:0x6b3fd,scena/mp4000.dat,The one with a permanent scowl.,32
scena/mp4000.dat:0x6b42c,scena/mp4000.dat,as the capital gets stupidly dark at night.,44
scena/mp4000.dat:0x6b458,scena/mp4000.dat,"Without any orbments, even a city as gorgeous",46
scena/mp4000.dat:0x6b495,scena/mp4000.dat,"into it, but what if the orbments stay broken?",47
scena/mp4000.dat:0x6b4c4,scena/mp4000.dat,"Sure, the Queen and her people are looking",43
scena/mp4000.dat:0x6b4fe,scena/mp4000.dat,"Man, I'm bushed...",19
scena/mp4000.dat:0x6b520,scena/mp4000.dat,the coffee house folks to brew me up a cup.,44
scena/mp4000.dat:0x6b54c,scena/mp4000.dat,"Maybe I'll wander over to the West Block, and get",50
scena/mp4000.dat:0x6b58d,scena/mp4000.dat,the capital's finally gettin' a moment to breathe.,51
scena/mp4000.dat:0x6b5c0,scena/mp4000.dat,"It's just been one thing after the next, but",45
scena/mp4000.dat:0x6b5fc,scena/mp4000.dat,the upcoming signin' ceremony.,31
scena/mp4000.dat:0x6b61b,scena/mp4000.dat,...As long as you're not countin',34
scena/mp4000.dat:0x6b64c,scena/mp4000.dat,it brings a bunch of peace with it.,36
scena/mp4000.dat:0x6b670,scena/mp4000.dat,"Well, that'll be a welcome event, providin'",44
scena/mp4000.dat:0x6b6ab,scena/mp4000.dat,what with all the prep for the signin' ceremony.,49
scena/mp4000.dat:0x6b6dc,scena/mp4000.dat,"Everyone workin' at the castle must be swamped,",48
scena/mp4000.dat:0x6b71b,scena/mp4000.dat,"Must be rough on all the government folks, too.",48
scena/mp4000.dat:0x6b75a,scena/mp4000.dat,"on account of the weather bein' so nice, but...",48
scena/mp4000.dat:0x6b78a,scena/mp4000.dat,"I was gonna take a nap over at the royal villa,",48
scena/mp4000.dat:0x6b7c9,scena/mp4000.dat,usin' it as their makeshift HQ.,32
scena/mp4000.dat:0x6b7e9,scena/mp4000.dat,"Apparently, the Royal Army's",29
scena/mp4000.dat:0x6b815,scena/mp4000.dat,"Ah, well. Nothin' to do about that.",36
scena/mp4000.dat:0x6b848,scena/mp4000.dat,been up to no good again.,26
scena/mp4000.dat:0x6b862,scena/mp4000.dat,"So, the Intelligence Division's",32
scena/mp4000.dat:0x6b891,scena/mp4000.dat,injured in all that hubbub.,28
scena/mp4000.dat:0x6b8ad,scena/mp4000.dat,Thank Aidios that no one got,29
scena/mp4000.dat:0x6b8d9,scena/mp4000.dat,much built on orbments.,24
scena/mp4000.dat:0x6b8f1,scena/mp4000.dat,Liberl's a country that's pretty,33
scena/mp4000.dat:0x6b921,scena/mp4000.dat,"Well, it's gonna be more than an inconvenience.",48
scena/mp4000.dat:0x6b951,scena/mp4000.dat,"If they stay outta commission, then...",39
scena/mp4000.dat:0x6b987,scena/mp4000.dat,I completely fell in love with the city.,41
scena/mp4000.dat:0x6b9b0,scena/mp4000.dat,"When I came to see the Royal Tournament,",41
scena/mp4000.dat:0x6b9e8,scena/mp4000.dat,"Yep, life in a city's where it's at.",37
scena/mp4000.dat:0x6ba0d,scena/mp4000.dat,"So, now I live here!",21
scena/mp4000.dat:0x6ba31,scena/mp4000.dat,and the Birthday Festival!,27
scena/mp4000.dat:0x6ba4c,scena/mp4000.dat,Now I'll be ready for next year's tournament,45
scena/mp4000.dat:0x6ba88,scena/mp4000.dat,won the Royal Tournament?,26
scena/mp4000.dat:0x6baa2,scena/mp4000.dat,Hey! Aren't you the bracers who,32
scena/mp4000.dat:0x6bad1,scena/mp4000.dat,to bump into you here!,23
scena/mp4000.dat:0x6bae8,scena/mp4000.dat,"Man, what an honor! It's so nice",33
scena/mp4000.dat:0x6bb18,scena/mp4000.dat,"Nights here are pretty, but kind of lonely, too?",49
scena/mp4000.dat:0x6bb58,scena/mp4000.dat,I started to tear up when I saw the sunset.,44
scena/mp4000.dat:0x6bb93,scena/mp4000.dat,been nothing new going on.,27
scena/mp4000.dat:0x6bbae,scena/mp4000.dat,"Lately, it feels like there's",30
scena/mp4000.dat:0x6bbdb,scena/mp4000.dat,The city could use a kick in the pants.,40
scena/mp4000.dat:0x6bc03,scena/mp4000.dat,"Like, no one's abuzz about anything, you know?",47
scena/mp4000.dat:0x6bc41,scena/mp4000.dat,"we had nothing notable happening, but...",41
scena/mp4000.dat:0x6bc6a,scena/mp4000.dat,"Okay, so I might've said that it was a shame",45
scena/mp4000.dat:0x6bca6,scena/mp4000.dat,to be anything like THAT.,26
scena/mp4000.dat:0x6bcc0,scena/mp4000.dat,"I really, reeeally didn't want it",34
scena/mp4000.dat:0x6bcf1,scena/mp4000.dat,"more joyous, you know?",23
scena/mp4000.dat:0x6bd08,scena/mp4000.dat,I was hoping for something,27
scena/mp4000.dat:0x6bd32,scena/mp4000.dat,"here, but apparently it's happening all over.",46
scena/mp4000.dat:0x6bd60,scena/mp4000.dat,I thought the orbal outage might've just been,46
scena/mp4000.dat:0x6bd9d,scena/mp4000.dat,ever use orbments again?!,26
scena/mp4000.dat:0x6bdb7,scena/mp4000.dat,What'll happen to us if we can't,33
scena/mp4000.dat:0x6bde7,scena/mp4000.dat,"Like, what even is a signing ceremony?",39
scena/mp4000.dat:0x6be1d,scena/mp4000.dat,"So, it's got nothing to do with us, yeah?",42
scena/mp4000.dat:0x6be56,scena/mp4000.dat,"Like, what're we gonna do today?",33
scena/mp4000.dat:0x6be86,scena/mp4000.dat,"Like, what do you wanna eat today?",35
scena/mp4000.dat:0x6beb8,scena/mp4000.dat,"Like, what's all this about ghosts?",36
scena/mp4000.dat:0x6beeb,scena/mp4000.dat,...Huh? Seriously?,19
scena/mp4000.dat:0x6bf0d,scena/mp4000.dat,"Pfft, no way they're a thing!",30
scena/mp4000.dat:0x6bf3a,scena/mp4000.dat,I heard that fugly duke's back.,32
scena/mp4000.dat:0x6bf69,scena/mp4000.dat,"...Seriously, could we not?",28
scena/mp4000.dat:0x6bf94,scena/mp4000.dat,"Like, I can't even with this.",30
scena/mp4000.dat:0x6bfc1,scena/mp4000.dat,everyone says they'll be buddy-buddy.,38
scena/mp4000.dat:0x6bfe7,scena/mp4000.dat,"It's, y'know, that thing. The one where",40
scena/mp4000.dat:0x6c01e,scena/mp4000.dat,How 'bout we go get some ice cream?,36
scena/mp4000.dat:0x6c051,scena/mp4000.dat,We could hit up the West Block cafe?,37
scena/mp4000.dat:0x6c085,scena/mp4000.dat,Their curry's totes delish.,28
scena/mp4000.dat:0x6c0b0,scena/mp4000.dat,"I'm telling you, one legit showed up in Ruan!",46
scena/mp4000.dat:0x6c0ed,scena/mp4000.dat,"Like, you're seriously pissing me off.",39
scena/mp4000.dat:0x6c114,scena/mp4000.dat,"Ugh, why don't you believe me?",31
scena/mp4000.dat:0x6c142,scena/mp4000.dat,"But, like...",13
scena/mp4000.dat:0x6c14f,scena/mp4000.dat,What! Shut the front door.,27
scena/mp4000.dat:0x6c179,scena/mp4000.dat,Don't you think he's kinda cute?,33
scena/mp4000.dat:0x6c1a9,scena/mp4000.dat,the lake is super sus. Hundo-p.,32
scena/mp4000.dat:0x6c1c9,scena/mp4000.dat,That thing that showed up at,29
scena/mp4000.dat:0x6c1f5,scena/mp4000.dat,"Like, it's just got bad vibes all around.",42
scena/mp4000.dat:0x6c22e,scena/mp4000.dat,Receptionist Fiz,17
scena/mp4000.dat:0x6c23f,scena/mp4000.dat,please do so at the building over there.,41
scena/mp4000.dat:0x6c268,scena/mp4000.dat,"If you need to purchase a boarding pass,",41
scena/mp4000.dat:0x6c2a1,scena/mp4000.dat,Receptionist Fiz,17
scena/mp4000.dat:0x6c2b2,scena/mp4000.dat,with the Liberl Orbalship Corporation.,39
scena/mp4000.dat:0x6c2d9,scena/mp4000.dat,Thank you very much for choosing to fly,40
scena/mp4000.dat:0x6c317,scena/mp4000.dat,speak to the receptionist in the building over,47
scena/mp4000.dat:0x6c346,scena/mp4000.dat,"If you have any business with the company, please",50
scena/mp4000.dat:0x6c388,scena/mp4000.dat,Receptionist Fiz,17
scena/mp4000.dat:0x6c3b1,scena/mp4000.dat,please use this desk.,22
scena/mp4000.dat:0x6c3c7,scena/mp4000.dat,"If you would like to purchase boarding passes,",47
scena/mp4000.dat:0x6c406,scena/mp4000.dat,Receptionist Fiz,17
scena/mp4000.dat:0x6c417,scena/mp4000.dat,operations are suspended for today.,36
scena/mp4000.dat:0x6c43b,scena/mp4000.dat,"I'm terribly sorry, but all of our airliner",44
scena/mp4000.dat:0x6c476,scena/mp4000.dat,We look forward to serving you again.,38
scena/mp4000.dat:0x6c4ac,scena/mp4000.dat,Receptionist Fiz,17
scena/mp4000.dat:0x6c4d5,scena/mp4000.dat,will be arriving shortly.,26
scena/mp4000.dat:0x6c4ef,scena/mp4000.dat,The clockwise airliner Linde,29
scena/mp4000.dat:0x6c51c,scena/mp4000.dat,Receptionist Fiz,17
scena/mp4000.dat:0x6c545,scena/mp4000.dat,will be departing shortly.,27
scena/mp4000.dat:0x6c560,scena/mp4000.dat,The clockwise Airliner Linde,29
scena/mp4000.dat:0x6c58c,scena/mp4000.dat,should do so without delay.,28
scena/mp4000.dat:0x6c5a8,scena/mp4000.dat,Passengers who have yet to board,33
scena/mp4000.dat:0x6c5d9,scena/mp4000.dat,Receptionist Fiz,17
scena/mp4000.dat:0x6c5ea,scena/mp4000.dat,all flights have been suspended.,33
scena/mp4000.dat:0x6c60b,scena/mp4000.dat,"Due to the current orbment outage,",35
scena/mp4000.dat:0x6c63d,scena/mp4000.dat,their tickets should come to this desk.,40
scena/mp4000.dat:0x6c665,scena/mp4000.dat,Customers who require a refund on,34
scena/mp4000.dat:0x6c696,scena/mp4000.dat,"Once again, we apologize for any inconvenience.",48
scena/mp4000.dat:0x6c6d6,scena/mp4000.dat,"Oh, for the love of...! The Cecilia JUST left!",47
scena/mp4000.dat:0x6c714,scena/mp4000.dat,The Linde's obviously next!,28
scena/mp4000.dat:0x6c73f,scena/mp4000.dat,a Pom could boss him around.,29
scena/mp4000.dat:0x6c75c,scena/mp4000.dat,"Our maintenance chief is so meek,",34
scena/mp4000.dat:0x6c78d,scena/mp4000.dat,"Like, just absolutely hopeless.",32
scena/mp4000.dat:0x6c7bc,scena/mp4000.dat,without the Arseille.,22
scena/mp4000.dat:0x6c7d2,scena/mp4000.dat,*Sigh* It really is lonely here,32
scena/mp4000.dat:0x6c801,scena/mp4000.dat,"It'd be nice to have Payton back, too.",39
scena/mp4000.dat:0x6c837,scena/mp4000.dat,I've got basically no motivation.,34
scena/mp4000.dat:0x6c859,scena/mp4000.dat,"When it's just me and the chief,",33
scena/mp4000.dat:0x6c889,scena/mp4000.dat,I'm already done with today's tasks.,37
scena/mp4000.dat:0x6c8bd,scena/mp4000.dat,then maybe meet up with friends for drinks.,44
scena/mp4000.dat:0x6c8e9,scena/mp4000.dat,"So! I'm gonna head home, have a shower,",40
scena/mp4000.dat:0x6c920,scena/mp4000.dat,"Sorry, but could you go be somewhere else?",43
scena/mp4000.dat:0x6c95a,scena/mp4000.dat,"and ready, like, immediately.",30
scena/mp4000.dat:0x6c978,scena/mp4000.dat,I've got to get this lane prepped,34
scena/mp4000.dat:0x6c9a9,scena/mp4000.dat,"Gah, there are so many checks to run...",40
scena/mp4000.dat:0x6c9e0,scena/mp4000.dat,I saw a model of the new XG-02 engine!,39
scena/mp4000.dat:0x6ca16,scena/mp4000.dat,really wasn't expecting it to be that small.,45
scena/mp4000.dat:0x6ca43,scena/mp4000.dat,"Payton showed me the specs before, but I",41
scena/mp4000.dat:0x6ca7b,scena/mp4000.dat,Haha! I'm feeling pumped about work again!,43
scena/mp4000.dat:0x6cab5,scena/mp4000.dat,"supposed to run the final checks, right?",41
scena/mp4000.dat:0x6cade,scena/mp4000.dat,You know that the maintenance chief is,39
scena/mp4000.dat:0x6cb14,scena/mp4000.dat,"Wait, why are you being all formal, anyway?",44
scena/mp4000.dat:0x6cb4f,scena/mp4000.dat,"Ugh, I swear... It's like this EVERY time.",43
scena/mp4000.dat:0x6cb89,scena/mp4000.dat,was going to lose his head over this.,38
scena/mp4000.dat:0x6cbaf,scena/mp4000.dat,"You know, I was so sure the chief",34
scena/mp4000.dat:0x6cbe0,scena/mp4000.dat,really calm in a crisis?,25
scena/mp4000.dat:0x6cbf9,scena/mp4000.dat,I guess he's the sort who gets,31
scena/mp4000.dat:0x6cc27,scena/mp4000.dat,"I wish he was like that all the time, though.",46
scena/mp4000.dat:0x6cc64,scena/mp4000.dat,"U-Um, er... Th-The next airship is the...?",43
scena/mp4000.dat:0x6cc9e,scena/mp4000.dat,I'd like you to maybe...er... Let's see...,43
scena/mp4000.dat:0x6ccc9,scena/mp4000.dat,"Ah, sorry, Tifal...? If it's not too much trouble,",51
scena/mp4000.dat:0x6cd0b,scena/mp4000.dat,in an order for some orbal plugs?,34
scena/mp4000.dat:0x6cd2d,scena/mp4000.dat,Oh! I know. Could you please put,33
scena/mp4000.dat:0x6cd5d,scena/mp4000.dat,Ah. I-I forgot to fill out the ch-checklist.,45
scena/mp4000.dat:0x6cd99,scena/mp4000.dat,"I'd better get that finished, and fast...",42
scena/mp4000.dat:0x6cde8,scena/mp4000.dat,to actually get the words out.,31
scena/mp4000.dat:0x6ce07,scena/mp4000.dat,"some overtime hours, but I couldn't bring myself",49
scena/mp4000.dat:0x6ce38,scena/mp4000.dat,I had every intention of asking Tifal to put in,48
scena/mp4000.dat:0x6ce77,scena/mp4000.dat,"U-Um, uh... Er...",18
scena/mp4000.dat:0x6ce98,scena/mp4000.dat,I wonder where Tifal ran off to?,33
scena/mp4000.dat:0x6cec8,scena/mp4000.dat,"are...all clear, yes.",22
scena/mp4000.dat:0x6cede,scena/mp4000.dat,"E-Er, ah... The engine systems",31
scena/mp4000.dat:0x6cf0c,scena/mp4000.dat,"Th-That's everything, right?",29
scena/mp4000.dat:0x6cf29,scena/mp4000.dat,"Orbal pressure adjustments are, er, also complete.",51
scena/mp4000.dat:0x6cf6b,scena/mp4000.dat,"docked in Bose and Rolent, respectively.",41
scena/mp4000.dat:0x6cf94,scena/mp4000.dat,The Cecilia and the Linde are currently,40
scena/mp4000.dat:0x6cfcb,scena/mp4000.dat,"Well, there's nothing to be done about that.",45
scena/mp4000.dat:0x6d007,scena/mp4000.dat,maintained while we wait.,26
scena/mp4000.dat:0x6d021,scena/mp4000.dat,The best we can do is keep the dock,36
scena/mp4000.dat:0x6d054,scena/mp4000.dat,It's even more impressive up close.,36
scena/mp4000.dat:0x6d078,scena/mp4000.dat,That's the Golden Stallion crest...,36
scena/mp4000.dat:0x6d0ab,scena/mp4000.dat,hair leave the embassy.,24
scena/mp4000.dat:0x6d0c3,scena/mp4000.dat,I just saw a soldier with black,32
scena/mp4000.dat:0x6d115,scena/mp4000.dat,"He looked stern as all get out, but",36
scena/mp4000.dat:0x6d148,scena/mp4000.dat,"soldier with the black hair, right?",36
scena/mp4000.dat:0x6d16c,scena/mp4000.dat,You guys got to talk to that Erebonian,39
scena/mp4000.dat:0x6d1a2,scena/mp4000.dat,Luckyyy...! I just think he's so darn cool.,44
scena/mp4000.dat:0x6d1dd,scena/mp4000.dat,"Nah, haven't seen her.",23
scena/mp4000.dat:0x6d1f4,scena/mp4000.dat,...A girl in a white dress?,28
scena/mp4000.dat:0x6d21f,scena/mp4000.dat,"vibes, but that only makes them cooler...",42
scena/mp4000.dat:0x6d249,scena/mp4000.dat,Erebonia's got serious 'don't mess with me',44
scena/mp4000.dat:0x6d284,scena/mp4000.dat,I'd really love to go there sometime!,38
scena/mp4000.dat:0x6d2b9,scena/mp4000.dat,"Hm, so this is the Grand Arena.",32
scena/mp4000.dat:0x6d2e8,scena/mp4000.dat,closed between events...,25
scena/mp4000.dat:0x6d301,scena/mp4000.dat,"Alas, I didn't realize it",26
scena/mp4000.dat:0x6d32a,scena/mp4000.dat,I...wasn't expecting all these extra expenses...,49
scena/mp4000.dat:0x6d36a,scena/mp4000.dat,be nice to visit some educational locations.,45
scena/mp4000.dat:0x6d397,scena/mp4000.dat,"Since we've come to the capital, it would",42
scena/mp4000.dat:0x6d3d0,scena/mp4000.dat,"After all, culture is a cornerstone of society.",48
scena/mp4000.dat:0x6d40f,scena/mp4000.dat,enough to take everything all in.,34
scena/mp4000.dat:0x6d431,scena/mp4000.dat,"Please, just one day wasn't",28
scena/mp4000.dat:0x6d45c,scena/mp4000.dat,"Wait, don't tell me... The door's closed?",42
scena/mp4000.dat:0x6d495,scena/mp4000.dat,his way out of a paper bag...,30
scena/mp4000.dat:0x6d4b3,scena/mp4000.dat,"*Sigh* Honestly, he couldn't plan",34
scena/mp4000.dat:0x6d4e4,scena/mp4000.dat,Tee hee! I had the most wonderful time shopping.,49
scena/mp4000.dat:0x6d524,scena/mp4000.dat,"That's...the History Museum, alright.",38
scena/mp4000.dat:0x6d559,scena/mp4000.dat,It's really not my cup of tea.,31
scena/mp4000.dat:0x6d578,scena/mp4000.dat,"To be honest, I'm not looking forward to this.",47
scena/mp4000.dat:0x6d5b6,scena/mp4000.dat,"But, he's just crazy about all things history.",47
scena/mp4000.dat:0x6d5f4,scena/mp4000.dat,"It's my vacation, too, after all!",34
scena/mp4000.dat:0x6d616,scena/mp4000.dat,I want to go somewhere different today.,40
scena/mp4000.dat:0x6d64d,scena/mp4000.dat,but it's so much bigger than I thought.,40
scena/mp4000.dat:0x6d675,scena/mp4000.dat,"This is my first time in the capital,",38
scena/mp4000.dat:0x6d6aa,scena/mp4000.dat,"the Calvard Embassy, then...",29
scena/mp4000.dat:0x6d6c7,scena/mp4000.dat,"Er, right. So, if this is",26
scena/mp4000.dat:0x6d6f0,scena/mp4000.dat,so as not to get lost in this big city...,42
scena/mp4000.dat:0x6d71a,scena/mp4000.dat,I purchased a map at the department store,42
scena/mp4000.dat:0x6d753,scena/mp4000.dat,"Phew, I think that's enough sight-seeing for me.",49
scena/mp4000.dat:0x6d793,scena/mp4000.dat,It might be time to wander on back to the hotel.,49
scena/mp4000.dat:0x6d7d3,scena/mp4000.dat,"Hm, what should I go see today?",32
scena/mp4000.dat:0x6d802,scena/mp4000.dat,"the landing port in, again?",28
scena/mp4000.dat:0x6d81e,scena/mp4000.dat,Let's see... Which direction was,33
scena/mp4000.dat:0x6d84e,scena/mp4000.dat,Well! Isn't this a lovely little spot.,39
scena/mp4000.dat:0x6d884,scena/mp4000.dat,on the major tourist attractions.,34
scena/mp4000.dat:0x6d8a6,scena/mp4000.dat,A good trip shouldn't focus solely,35
scena/mp4000.dat:0x6d8d8,scena/mp4000.dat,are what make the best memories.,33
scena/mp4000.dat:0x6d8f9,scena/mp4000.dat,These sorts of more subdued moments,36
scena/mp4000.dat:0x6d92c,scena/mp4000.dat,"My, what a gorgeous sunset...",30
scena/mp4000.dat:0x6d959,scena/mp4000.dat,Hm? Have I seen a young girl?,30
scena/mp4000.dat:0x6d986,scena/mp4000.dat,I did indeed! She passed right through here.,45
scena/mp4000.dat:0x6d9c2,scena/mp4000.dat,"But, what exactly could it have been?",38
scena/mp4000.dat:0x6d9e8,scena/mp4000.dat,"Goodness, something certainly happened.",40
scena/mp4000.dat:0x6da1f,scena/mp4000.dat,ice cream shop around here...,30
scena/mp4000.dat:0x6da3d,scena/mp4000.dat,I heard there was a really tasty,33
scena/mp4000.dat:0x6da6d,scena/mp4000.dat,That ice cream was delicious!,30
scena/mp4000.dat:0x6da9a,scena/mp4000.dat,Right! On to shopping at the department store!,47
scena/mp4000.dat:0x6dad8,scena/mp4000.dat,disappears when I'm on vacation.,33
scena/mp4000.dat:0x6daf9,scena/mp4000.dat,It's like any concept of money,31
scena/mp4000.dat:0x6db27,scena/mp4000.dat,I blew through my souvenir budget in a flash.,46
scena/mp4000.dat:0x6db64,scena/mp4000.dat,I think I may have seen her.,29
scena/mp4000.dat:0x6db81,scena/mp4000.dat,"A girl in a white dress? You know,",35
scena/mp4000.dat:0x6dbb3,scena/mp4000.dat,I feel like it was somewhere around here...,44
scena/mp4000.dat:0x6dbee,scena/mp4000.dat,This is the last day of my vacation.,37
scena/mp4000.dat:0x6dc13,scena/mp4000.dat,"Sadly, every good trip comes to an end.",40
scena/mp4000.dat:0x6dc4a,scena/mp4000.dat,regular housekeeping duties.,29
scena/mp4000.dat:0x6dc67,scena/mp4000.dat,"Then tomorrow, it's back to my",31
scena/mp4000.dat:0x6dc95,scena/mp4000.dat,"to keep it a secret, alright?",30
scena/mp4000.dat:0x6dcb3,scena/mp4000.dat,"I'll tell you, but you have to swear",37
scena/mp4000.dat:0x6dce7,scena/mp4000.dat,Cross my heart and hope to die!,32
scena/mp4000.dat:0x6dd16,scena/mp4000.dat,ever ridden an airship by myself.,34
scena/mp4000.dat:0x6dd38,scena/mp4000.dat,"This is, um, the first time I've",33
scena/mp4000.dat:0x6dd68,scena/mp4000.dat,why would you think that?,26
scena/mp4000.dat:0x6dd82,scena/mp4000.dat,"Who, me? N-Nervous? Nooo,",26
scena/mp4000.dat:0x6ddab,scena/mp4000.dat,"Oooh, Gramps! I wanna ride that fairy-ship!",44
scena/mp4000.dat:0x6dde6,scena/mp4000.dat,"Why, that's the Queen's own vessel.",36
scena/mp4000.dat:0x6de0a,scena/mp4000.dat,"G-Goodness, that looks like...",31
scena/mp4000.dat:0x6de38,scena/mp4000.dat,if I ever had the opportunity.,31
scena/mp4000.dat:0x6de57,scena/mp4000.dat,"I'd jump at the chance to ride it myself,",42
scena/mp4000.dat:0x6de90,scena/mp4000.dat,Corporation's main office...,29
scena/mp4000.dat:0x6dead,scena/mp4000.dat,"Hm, so this is the Liberl Orbalship",36
scena/mp4000.dat:0x6dee0,scena/mp4000.dat,It's just as stately as you'd expect.,38
scena/mp4000.dat:0x6df15,scena/mp4000.dat,Wh-What in the...?,19
scena/mp4000.dat:0x6df37,scena/mp4000.dat,frightening looks about them...,32
scena/mp4000.dat:0x6df57,scena/mp4000.dat,The pair that just appeared had awfully,40
scena/mp4000.dat:0x6df8e,scena/mp4000.dat,"Ooh, so that's the Arseille.",29
scena/mp4000.dat:0x6dfba,scena/mp4000.dat,What a spectacular-looking ship...,35
scena/mp4000.dat:0x6dfec,scena/mp4000.dat,what time would I get to Zeiss?,32
scena/mp4000.dat:0x6e00c,scena/mp4000.dat,"If I left on the next airship,",31
scena/mp4000.dat:0x6e03a,scena/mp4000.dat,Hm? You're looking for a lost kid?,35
scena/mp4000.dat:0x6e06c,scena/mp4000.dat,can do against a massive machine like that.,44
scena/mp4000.dat:0x6e098,scena/mp4000.dat,"Yeah, there's...not much rank-and-file soldiers",48
scena/mp4000.dat:0x6e0d7,scena/mp4000.dat,we'd basically be sitting ducks.,33
scena/mp4000.dat:0x6e0f8,scena/mp4000.dat,"If it ever went on a rampage,",30
scena/mp4000.dat:0x6e125,scena/mp4000.dat,anything about what happened...,32
scena/mp4000.dat:0x6e145,scena/mp4000.dat,I wonder if Professor Russell knows,36
scena/mp4000.dat:0x6e178,scena/mp4000.dat,we've got!,11
scena/mp4000.dat:0x6e183,scena/mp4000.dat,We have to protect the East Block with everything,50
scena/mp4000.dat:0x6e1b5,scena/mp4000.dat,There are so many essential institutions here.,47
scena/mp4000.dat:0x6e1f3,scena/mp4000.dat,was some brat still wet behind the ears...,43
scena/mp4000.dat:0x6e21e,scena/mp4000.dat,I heard the mastermind behind this latest event,48
scena/mp4000.dat:0x6e267,scena/mp4000.dat,That can't be right.,21
scena/mp4000.dat:0x6e28b,scena/mp4000.dat,The Royal Army is still on high alert.,39
scena/mp4000.dat:0x6e2c1,scena/mp4000.dat,I'll do my best to defend against it.,38
scena/mp4000.dat:0x6e2e7,scena/mp4000.dat,"If by some chance, the worse should happen,",44
scena/mp4000.dat:0x6e322,scena/mp4000.dat,that's become a major issue.,29
scena/mp4000.dat:0x6e33f,scena/mp4000.dat,"Well, nothing's happened recently",34
scena/mp4000.dat:0x6e370,scena/mp4000.dat,"the blue, but Captain Schwarz was on the scene.",48
scena/mp4000.dat:0x6e3a0,scena/mp4000.dat,Yesterday's incident came straight out of,42
scena/mp4000.dat:0x6e3d9,scena/mp4000.dat,That was some stupidly good timing!,36
scena/mp4000.dat:0x6e3fd,scena/mp4000.dat,Lt. Colonel Cid had called her back.,37
scena/mp4000.dat:0x6e431,scena/mp4000.dat,General Bright are on our side.,32
scena/mp4000.dat:0x6e451,scena/mp4000.dat,I'm glad that Lt. Colonel Cid and,34
scena/mp4000.dat:0x6e482,scena/mp4000.dat,"of us regular troops at ease, y'know?",38
scena/mp4000.dat:0x6e4a8,scena/mp4000.dat,Knowing they're around puts the rest,37
scena/mp4000.dat:0x6e4dc,scena/mp4000.dat,The sewers are currently sealed off.,37
scena/mp4000.dat:0x6e510,scena/mp4000.dat,of foreign visitors that we've had.,36
scena/mp4000.dat:0x6e534,scena/mp4000.dat,"Ah, that's largely due to the influx",37
scena/mp4000.dat:0x6e568,scena/mp4000.dat,wandering in and getting lost.,31
scena/mp4000.dat:0x6e587,scena/mp4000.dat,We can't have them accidentally,32
scena/mp4000.dat:0x6e5b6,scena/mp4000.dat,Do you have some business in the sewers?,41
scena/mp4000.dat:0x6e5ee,scena/mp4000.dat,closed for the time being.,27
scena/mp4000.dat:0x6e609,scena/mp4000.dat,"Apologies, but they've been ordered",36
scena/mp4000.dat:0x6e63c,scena/mp4000.dat,remain aboveground for now.,28
scena/mp4000.dat:0x6e658,scena/mp4000.dat,"Sorry, but you'll have to",26
scena/mp4000.dat:0x6e681,scena/mp4000.dat,you'll have to seek out greener pastures.,42
scena/mp4000.dat:0x6e6ab,scena/mp4000.dat,"If you were hoping to do some training below,",46
scena/mp4000.dat:0x6e6e8,scena/mp4000.dat,"Hm? You're bracers, aren't you?",32
scena/mp4000.dat:0x6e717,scena/mp4000.dat,"monster, right? Please, go on inside!",38
scena/mp4000.dat:0x6e73d,scena/mp4000.dat,You're here to catch that wanted,33
scena/mp4000.dat:0x6e76d,scena/mp4000.dat,Do you have some business in the sewers?,41
scena/mp4000.dat:0x6e7a5,scena/mp4000.dat,"as they please, so go right ahead!",35
scena/mp4000.dat:0x6e7c8,scena/mp4000.dat,Bracers are free to come and go,32
scena/mp4000.dat:0x6e7f7,scena/mp4000.dat,Do you have some business in the sewers?,41
scena/mp4000.dat:0x6e82f,scena/mp4000.dat,"You're free to enter, but stay on your guard.",46
scena/mp4000.dat:0x6e86c,scena/mp4000.dat,The ice cream here is so good...,33
scena/mp4000.dat:0x6e89c,scena/mp4000.dat,Why doesn't Mr. Agate want any?,32
scena/mp4000.dat:0x6e8cc,scena/mp4000.dat,Does he...hate ice cream?,26
scena/mp4000.dat:0x6e8f6,scena/mp4000.dat,That's probably not it.,24
scena/mp4000.dat:0x6e922,scena/mp4000.dat,was just embarrassed.,22
scena/mp4000.dat:0x6e938,scena/mp4000.dat,"Knowing Agate, I'd bet he",26
scena/mp4000.dat:0x6e965,scena/mp4000.dat,eating ice cream with a k-kid like me?,39
scena/mp4000.dat:0x6e98c,scena/mp4000.dat,B-Because he doesn't want to be seen,37
scena/mp4000.dat:0x6e9c1,scena/mp4000.dat,would when I'm an adult?,25
scena/mp4000.dat:0x6e9da,scena/mp4000.dat,"Um, then... Do you think he",28
scena/mp4000.dat:0x6ea05,scena/mp4000.dat,Why don't you try asking him?,30
scena/mp4000.dat:0x6ea23,scena/mp4000.dat,"U-Uh, good question...",23
scena/mp4000.dat:0x6ea4d,scena/mp4000.dat,"A grown up Tita, huh...",24
scena/mp4000.dat:0x6ea78,scena/mp4000.dat,You'd be way too good for him.,31
scena/mp4000.dat:0x6eac5,scena/mp4000.dat,any ice cream with me?,23
scena/mp4000.dat:0x6eadc,scena/mp4000.dat,Why won't Mr. Agate have,25
scena/mp4000.dat:0x6eb05,scena/mp4000.dat,with me if I was a grown-up?,29
scena/mp4000.dat:0x6eb22,scena/mp4000.dat,Do you think he'd have ice cream together,42
scena/mp4000.dat:0x6eb5b,scena/mp4000.dat,"Hello there, how are you?",26
scena/mp4000.dat:0x6eb84,scena/mp4000.dat,"the Liberl News Service, and the coffee shop.",46
scena/mp4000.dat:0x6ebb2,scena/mp4000.dat,"This block is known for the grand cathedral,",45
scena/mp4000.dat:0x6ebee,scena/mp4000.dat,the West Block is the clear choice.,36
scena/mp4000.dat:0x6ec12,scena/mp4000.dat,"If you want to spend your day in style,",40
scena/mp4000.dat:0x6ec49,scena/mp4000.dat,an appearance at the signing ceremony...?,42
scena/mp4000.dat:0x6ec73,scena/mp4000.dat,I wonder if Princess Klaudia will make,39
scena/mp4000.dat:0x6eca9,scena/mp4000.dat,sight than Duke Dunan.,23
scena/mp4000.dat:0x6ecc0,scena/mp4000.dat,She would certainly be a lovelier,34
scena/mp4000.dat:0x6ecf1,scena/mp4000.dat,often attend court events.,27
scena/mp4000.dat:0x6ed0c,scena/mp4000.dat,"Then again, Her Highness doesn't",33
scena/mp4000.dat:0x6ed3c,scena/mp4000.dat,"Hm, what should I do for dinner...?",36
scena/mp4000.dat:0x6ed6f,scena/mp4000.dat,I've ever seen in one place.,29
scena/mp4000.dat:0x6ed8c,scena/mp4000.dat,"Goodness, this might be the most soldiers",42
scena/mp4000.dat:0x6edc5,scena/mp4000.dat,"for the signing ceremony, but still...",39
scena/mp4000.dat:0x6edec,scena/mp4000.dat,I know it's a necessary measure,32
scena/mp4000.dat:0x6ee1b,scena/mp4000.dat,It does make me a touch nervous.,33
scena/mp4000.dat:0x6ee4b,scena/mp4000.dat,around here last night.,24
scena/mp4000.dat:0x6ee63,scena/mp4000.dat,I heard someone quarrelling,28
scena/mp4000.dat:0x6ee8e,scena/mp4000.dat,have been two drunkards getting into a fight.,46
scena/mp4000.dat:0x6eebc,scena/mp4000.dat,"Which wasn't so odd, given the hour. It might",46
scena/mp4000.dat:0x6eef9,scena/mp4000.dat,is no longer a safe place to live.,35
scena/mp4000.dat:0x6ef1c,scena/mp4000.dat,I may have to consider that the West Block,43
scena/mp4000.dat:0x6ef47,scena/mp4000.dat,"After that incident with Captain Amalthea,",43
scena/mp4000.dat:0x6ef81,scena/mp4000.dat,Perhaps I should move to the South Block...,44
scena/mp4000.dat:0x6efbc,scena/mp4000.dat,"closer you are to the castle, the higher the rent.",51
scena/mp4000.dat:0x6efef,scena/mp4000.dat,"The North Block would be even lovelier, but the",48
scena/mp4000.dat:0x6f02e,scena/mp4000.dat,is no longer a safe place to live.,35
scena/mp4000.dat:0x6f051,scena/mp4000.dat,I may have to consider that the West Block,43
scena/mp4000.dat:0x6f07c,scena/mp4000.dat,"After that incident with Captain Amalthea,",43
scena/mp4000.dat:0x6f0b6,scena/mp4000.dat,Perhaps I should move to the South Block...,44
scena/mp4000.dat:0x6f0f1,scena/mp4000.dat,the orbments to start working again?,37
scena/mp4000.dat:0x6f116,scena/mp4000.dat,I wonder how long it will take for,35
scena/mp4000.dat:0x6f148,scena/mp4000.dat,quite this trying without them...,34
scena/mp4000.dat:0x6f16a,scena/mp4000.dat,I wasn't expecting daily life to be,36
scena/mp4000.dat:0x6f19d,scena/mp4000.dat,Have you been down to see the harbor?,38
scena/mp4000.dat:0x6f1d2,scena/mp4000.dat,stuff at all hours down there.,31
scena/mp4000.dat:0x6f1f1,scena/mp4000.dat,It used to be that folks were unloading,40
scena/mp4000.dat:0x6f228,scena/mp4000.dat,being rented out as storage.,29
scena/mp4000.dat:0x6f245,scena/mp4000.dat,Now the warehouse district's,29
scena/mp4000.dat:0x6f271,scena/mp4000.dat,granddaughter was kidnapped.,29
scena/mp4000.dat:0x6f28e,scena/mp4000.dat,"During the coup, General Morgan's",34
scena/mp4000.dat:0x6f2bf,scena/mp4000.dat,even for the Intelligence Division.,36
scena/mp4000.dat:0x6f2e3,scena/mp4000.dat,"Taking a youngster hostage is low,",35
scena/mp4000.dat:0x6f315,scena/mp4000.dat,green hair going in and out of the cathedral.,46
scena/mp4000.dat:0x6f343,scena/mp4000.dat,"Lately, I keep seeing a gentleman with spiked",46
scena/mp4000.dat:0x6f380,scena/mp4000.dat,Could he be a clergyman?,25
scena/mp4000.dat:0x6f3a8,scena/mp4000.dat,He certainly doesn't look like one.,36
scena/mp4000.dat:0x6f3db,scena/mp4000.dat,Have you had lunch yet?,24
scena/mp4000.dat:0x6f402,scena/mp4000.dat,the coffee shop here enough.,29
scena/mp4000.dat:0x6f41f,scena/mp4000.dat,"If not, I can't recommend",26
scena/mp4000.dat:0x6f448,scena/mp4000.dat,"Take care on your way home, hm?",32
scena/mp4000.dat:0x6f468,scena/mp4000.dat,It sure has gotten late...and dark.,36
scena/mp4000.dat:0x6f49b,scena/mp4000.dat,about is the Intelligence Division.,36
scena/mp4000.dat:0x6f4bf,scena/mp4000.dat,The only thing anyone here can talk,36
scena/mp4000.dat:0x6f4f2,scena/mp4000.dat,weren't hurt or anything.,26
scena/mp4000.dat:0x6f50c,scena/mp4000.dat,I hope the folks who work at the harbor,40
scena/mp4000.dat:0x6f543,scena/mp4000.dat,the sun completely sets.,25
scena/mp4000.dat:0x6f55c,scena/mp4000.dat,Well! I'd better get home before,33
scena/mp4000.dat:0x6f58c,scena/mp4000.dat,the darkness is unsettling.,28
scena/mp4000.dat:0x6f5a8,scena/mp4000.dat,Even for a grown man like me,29
scena/mp4000.dat:0x6f5df,scena/mp4000.dat,"district, is over this way. It's one of the city's",51
scena/mp4000.dat:0x6f612,scena/mp4000.dat,"The Grancel Port, which is home to the warehouse",49
scena/mp4000.dat:0x6f652,scena/mp4000.dat,"Colonel Richard's coup, you know.",34
scena/mp4000.dat:0x6f674,scena/mp4000.dat,It all got blocked off during,30
scena/mp4000.dat:0x6f6a1,scena/mp4000.dat,should definitely check it out.,32
scena/mp4000.dat:0x6f6c1,scena/mp4000.dat,"If you've got enough time, you",31
scena/mp4000.dat:0x6f6ef,scena/mp4000.dat,Fisherman's Guild down at the harbor.,38
scena/mp4000.dat:0x6f715,scena/mp4000.dat,I always see members of the,28
scena/mp4000.dat:0x6f740,scena/mp4000.dat,I wonder what you can pull up from the docks?,46
scena/mp4000.dat:0x6f77d,scena/mp4000.dat,almost time for the shift rotation.,36
scena/mp4000.dat:0x6f7a1,scena/mp4000.dat,The sun's setting... Which means it's,38
scena/mp4000.dat:0x6f7d6,scena/mp4000.dat,feel like it's put a damper on things.,39
scena/mp4000.dat:0x6f7fd,scena/mp4000.dat,The sudden influx of soldiers really does,42
scena/mp4000.dat:0x6f836,scena/mp4000.dat,"signing ceremony, though.",26
scena/mp4000.dat:0x6f850,scena/mp4000.dat,It's only because of the upcoming,34
scena/mp4000.dat:0x6f881,scena/mp4000.dat,You're heading to the harbor this late at night?,49
scena/mp4000.dat:0x6f8c1,scena/mp4000.dat,your step. I'd rather not have to fish you out.,48
scena/mp4000.dat:0x6f8f1,scena/mp4000.dat,"It gets pretty slippery down there, so watch",45
scena/mp4000.dat:0x6f92d,scena/mp4000.dat,one heck of a bold move.,25
scena/mp4000.dat:0x6f946,scena/mp4000.dat,...Bringing out an orbal tank's,32
scena/mp4000.dat:0x6f975,scena/mp4000.dat,closed for repairs right now.,30
scena/mp4000.dat:0x6f993,scena/mp4000.dat,"Sorry, but Grancel Port's",26
scena/mp4000.dat:0x6f9bc,scena/mp4000.dat,I think it'll be a while before it can reopen.,47
scena/mp4000.dat:0x6f9fa,scena/mp4000.dat,that floating seashell-thing from the harbor.,46
scena/mp4000.dat:0x6fa28,scena/mp4000.dat,"Apparently, you can get a really good look at",46
scena/mp4000.dat:0x6fa65,scena/mp4000.dat,Feels like half the town's come down for a peek.,49
scena/mp4000.dat:0x6faa5,scena/mp4000.dat,"have to use the Roubine River, but...",38
scena/mp4000.dat:0x6facb,scena/mp4000.dat,"So, any ships coming to the capital",36
scena/mp4000.dat:0x6fafe,scena/mp4000.dat,the cargo inspections are all backed up.,41
scena/mp4000.dat:0x6fb27,scena/mp4000.dat,"Because Ruan's mayorless right now,",36
scena/mp4000.dat:0x6fb5a,scena/mp4000.dat,"with the schedule here, too.",29
scena/mp4000.dat:0x6fb77,scena/mp4000.dat,"Which, of course, is screwing",30
scena/mp4000.dat:0x6fba4,scena/mp4000.dat,the cargo inspections are all backed up.,41
scena/mp4000.dat:0x6fbcd,scena/mp4000.dat,"Because Ruan's mayorless right now,",36
scena/mp4000.dat:0x6fc00,scena/mp4000.dat,"with the schedule here, too.",29
scena/mp4000.dat:0x6fc1d,scena/mp4000.dat,"Which, of course, is screwing",30
scena/mp4000.dat:0x6fc4a,scena/mp4000.dat,"gets sorted, two more pop up.",30
scena/mp4000.dat:0x6fc68,scena/mp4000.dat,"I swear, for every issue that",30
scena/mp4000.dat:0x6fc95,scena/mp4000.dat,never goes the way it should.,30
scena/mp4000.dat:0x6fcb3,scena/mp4000.dat,Work is an endless cycle that somehow,38
scena/mp4000.dat:0x6fce8,scena/mp4000.dat,"Keeps things from getting too dull, too.",41
scena/mp4000.dat:0x6fd11,scena/mp4000.dat,"Well, that's what makes it worth the effort.",45
scena/mp4000.dat:0x6fd4d,scena/mp4000.dat,"gets sorted, two more pop up.",30
scena/mp4000.dat:0x6fd6b,scena/mp4000.dat,"I swear, for every issue that",30
scena/mp4000.dat:0x6fd98,scena/mp4000.dat,never goes the way it should.,30
scena/mp4000.dat:0x6fdb6,scena/mp4000.dat,Work is an endless cycle that somehow,38
scena/mp4000.dat:0x6fdeb,scena/mp4000.dat,their new mayor right about now.,33
scena/mp4000.dat:0x6fe0c,scena/mp4000.dat,"Oh, right. Ruan ought to be electing",37
scena/mp4000.dat:0x6fe40,scena/mp4000.dat,I wonder who they picked?,26
scena/mp4000.dat:0x6fe69,scena/mp4000.dat,since he's a fellow dockworker...,34
scena/mp4000.dat:0x6fe8b,scena/mp4000.dat,"Personally, I'm rooting for Portos,",36
scena/mp4000.dat:0x6febe,scena/mp4000.dat,can be pretty darn persuasive.,31
scena/mp4000.dat:0x6fedd,scena/mp4000.dat,"But, I heard that his opponent, Norman,",40
scena/mp4000.dat:0x6ff14,scena/mp4000.dat,their new mayor right about now.,33
scena/mp4000.dat:0x6ff35,scena/mp4000.dat,"Oh, right. Ruan ought to be electing",37
scena/mp4000.dat:0x6ff69,scena/mp4000.dat,I wonder who they picked?,26
scena/mp4000.dat:0x6ff92,scena/mp4000.dat,"So, it sounds like Norman's the new mayor.",43
scena/mp4000.dat:0x6ffcc,scena/mp4000.dat,were rooting for Portos...,27
scena/mp4000.dat:0x6ffe7,scena/mp4000.dat,Those of us who work at the harbor,35
scena/mp4000.dat:0x70019,scena/mp4000.dat,"Well, it isn't like Norman'll ignore the docks.",48
scena/mp4000.dat:0x70058,scena/mp4000.dat,"how this all plays out, I guess.",33
scena/mp4000.dat:0x70079,scena/mp4000.dat,Nothing to do but sit back and see,35
scena/mp4000.dat:0x700ab,scena/mp4000.dat,"do wrong by the docks, honestly.",33
scena/mp4000.dat:0x700cc,scena/mp4000.dat,I don't think the new mayor will,33
scena/mp4000.dat:0x700fc,scena/mp4000.dat,said for bolstering the tourism sector.,40
scena/mp4000.dat:0x70124,scena/mp4000.dat,And there's definitely something to be,39
scena/mp4000.dat:0x7015a,scena/mp4000.dat,to get a gander at that shell thing.,37
scena/mp4000.dat:0x7017f,scena/mp4000.dat,We've got all sorts of folks coming here,41
scena/mp4000.dat:0x701b7,scena/mp4000.dat,looky-loos packing...,22
scena/mp4000.dat:0x701cd,scena/mp4000.dat,"Normally, I'd have to send those",33
scena/mp4000.dat:0x70205,scena/mp4000.dat,"so there's no work. Nothing to get in the way of,",50
scena/mp4000.dat:0x70237,scena/mp4000.dat,"But, with the orbments out, there're no ships,",47
scena/mp4000.dat:0x70275,scena/mp4000.dat,looking pretty grim.,21
scena/mp4000.dat:0x7028a,scena/mp4000.dat,"Honestly, the whole situation's",32
scena/mp4000.dat:0x702c1,scena/mp4000.dat,"so there's no work. Nothing to get in the way of,",50
scena/mp4000.dat:0x702f3,scena/mp4000.dat,"But, with the orbments out, there're no ships,",47
scena/mp4000.dat:0x70331,scena/mp4000.dat,looking pretty grim.,21
scena/mp4000.dat:0x70346,scena/mp4000.dat,"Honestly, the whole situation's",32
scena/mp4000.dat:0x70375,scena/mp4000.dat,You can see the whole West Block from here.,44
scena/mp4000.dat:0x703b0,scena/mp4000.dat,It's my absolute favorite spot.,32
scena/mp4000.dat:0x703df,scena/mp4000.dat,The Liberl News Service?,25
scena/mp4000.dat:0x703f8,scena/mp4000.dat,"Hm, that building must be...",29
scena/mp4000.dat:0x70424,scena/mp4000.dat,that makes you want to cry?,28
scena/mp4000.dat:0x70440,scena/mp4000.dat,I wonder what it is about a good sunset,40
scena/mp4000.dat:0x70477,scena/mp4000.dat,around the warehouse district.,31
scena/mp4000.dat:0x70496,scena/mp4000.dat,I was just about to head for a stroll,38
scena/mp4000.dat:0x704cb,scena/mp4000.dat,about a lake with a harbor.,28
scena/mp4000.dat:0x704e7,scena/mp4000.dat,...There's something pretty incredible,39
scena/mp4000.dat:0x7051d,scena/mp4000.dat,"at the docks, which is just crazy.",35
scena/mp4000.dat:0x70540,scena/mp4000.dat,I heard there was a whole battle down,38
scena/mp4000.dat:0x70575,scena/mp4000.dat,"cafe terrace, dining on rice and curry...",42
scena/mp4000.dat:0x7059f,scena/mp4000.dat,Two fair maidens sitting out on a,34
scena/mp4000.dat:0x705d0,scena/mp4000.dat,Tee hee! Could this be any more perfect for us?,48
scena/mp4000.dat:0x7060f,scena/mp4000.dat,*Sigh* Where have all the decent men gone?,43
scena/mp4000.dat:0x70649,scena/mp4000.dat,here was chat the days away.,29
scena/mp4000.dat:0x70666,scena/mp4000.dat,All we've really done since we got,35
scena/mp4000.dat:0x70698,scena/mp4000.dat,like drinking your coffee black.,33
scena/mp4000.dat:0x706b9,scena/mp4000.dat,"Gosh, I can't believe you actually",35
scena/mp4000.dat:0x706eb,scena/mp4000.dat,"out the harbor, they up and closed it off!",43
scena/mp4000.dat:0x70716,scena/mp4000.dat,Right when I was thinking that we ought to check,49
scena/mp4000.dat:0x70756,scena/mp4000.dat,but that's such a you thing to say.,36
scena/mp4000.dat:0x7077a,scena/mp4000.dat,"'Maidens' feels like a bit of a stretch,",41
scena/mp4000.dat:0x707b2,scena/mp4000.dat,"I'm sure they're out there, somewhere.",39
scena/mp4000.dat:0x707e8,scena/mp4000.dat,We just have to figure out how to meet them.,45
scena/mp4000.dat:0x70824,scena/mp4000.dat,"That's more our kind of vacation, anyway.",42
scena/mp4000.dat:0x7084e,scena/mp4000.dat,"As long as we're enjoying ourselves, who cares?",48
scena/mp4000.dat:0x7088d,scena/mp4000.dat,dark and a little bitter.,26
scena/mp4000.dat:0x708e0,scena/mp4000.dat,to dull the taste with milk and sugar.,39
scena/mp4000.dat:0x7091c,scena/mp4000.dat, it feels like a waste,23
scena/mp4000.dat:0x70942,scena/mp4000.dat,telling us to stay right here.,31
scena/mp4000.dat:0x70961,scena/mp4000.dat,"Well, we tried. But, that's just the universe",46
scena/mp4000.dat:0x7099e,scena/mp4000.dat,but he's a seriously big deal.,31
scena/mp4000.dat:0x709bd,scena/mp4000.dat,"Lt. Colonel Cid isn't the type to brag,",40
scena/mp4000.dat:0x709f4,scena/mp4000.dat,he's actually an adept arts user.,34
scena/mp4000.dat:0x70a16,scena/mp4000.dat,"Aside from being an amazing officer,",37
scena/mp4000.dat:0x70a4a,scena/mp4000.dat,"You wouldn't expect it of him, right?",38
scena/mp4000.dat:0x70a7f,scena/mp4000.dat,I just saw a white bird fly off to the west...,47
scena/mp4000.dat:0x70abd,scena/mp4000.dat,entire fleet out on the hunt.,30
scena/mp4000.dat:0x70adb,scena/mp4000.dat,The Royal Army's sent its,26
scena/mp4000.dat:0x70b04,scena/mp4000.dat,but it keeps getting away from them.,37
scena/mp4000.dat:0x70b29,scena/mp4000.dat,"They've spotted the target a couple of times,",46
scena/mp4000.dat:0x70b66,scena/mp4000.dat,"about, too. Who the heck built that machine?",45
scena/mp4000.dat:0x70b93,scena/mp4000.dat,These are military-grade ships we're talking,45
scena/mp4000.dat:0x70bcf,scena/mp4000.dat,how to break this weird deadlock?,34
scena/mp4000.dat:0x70bf1,scena/mp4000.dat,I wonder if Queen Alicia has any idea,38
scena/mp4000.dat:0x70c26,scena/mp4000.dat,the West Block is our top priority.,36
scena/mp4000.dat:0x70c4a,scena/mp4000.dat,HQ has decreed that defending,30
scena/mp4000.dat:0x70c77,scena/mp4000.dat,office have received threatening letters.,42
scena/mp4000.dat:0x70ca1,scena/mp4000.dat,Both the cathedral and the Liberl News,39
scena/mp4000.dat:0x70cd7,scena/mp4000.dat,but a church? That's really shameless.,39
scena/mp4000.dat:0x70cfe,scena/mp4000.dat,"Sending that to a news outlet is one thing,",44
scena/mp4000.dat:0x70d39,scena/mp4000.dat,"Hey, you there!",16
scena/mp4000.dat:0x70d58,scena/mp4000.dat,but make sure that you stay vigilant.,38
scena/mp4000.dat:0x70d7e,scena/mp4000.dat,"You're free to stroll the streets at night,",44
scena/mp4000.dat:0x70db9,scena/mp4000.dat,"us a shout, and we'll come running.",36
scena/mp4000.dat:0x70ddd,scena/mp4000.dat,"But, if anything DOES happen, just give",40
scena/mp4000.dat:0x70e14,scena/mp4000.dat,"Captain Amalthea, huh...",25
scena/mp4000.dat:0x70e3c,scena/mp4000.dat,to a disgrace... What an ignoble end.,38
scena/mp4000.dat:0x70e62,scena/mp4000.dat,From an Intelligence Division elite,36
scena/mp4000.dat:0x70e95,scena/mp4000.dat,the orbment outage in their own way.,37
scena/mp4000.dat:0x70eba,scena/mp4000.dat,Everyone here seems to be handling,35
scena/mp4000.dat:0x70eec,scena/mp4000.dat,inconvenience. I hope it's all resolved soon.,46
scena/mp4000.dat:0x70f1a,scena/mp4000.dat,"Well, that doesn't mean it's not a major",41
scena/mp4000.dat:0x70f52,scena/mp4000.dat,"Hm? You're bracers, aren't you?",32
scena/mp4000.dat:0x70f81,scena/mp4000.dat,"watch your step, okay? It's dark down there.",45
scena/mp4000.dat:0x70fae,scena/mp4000.dat,"You're free to go down into the sewers, but",44
scena/mp4000.dat:0x70fe9,scena/mp4000.dat,"doing some training, too.",26
scena/mp4000.dat:0x71003,scena/mp4000.dat,You might run into other folks,31
scena/mp4000.dat:0x71031,scena/mp4000.dat,requests are being allowed into the sewers.,44
scena/mp4000.dat:0x7105d,scena/mp4000.dat,"Right now, only bracers on monster extermination",49
scena/mp4000.dat:0x7109d,scena/mp4000.dat,Standing watch here is mind-numbingly boring.,46
scena/mp4000.dat:0x710cb,scena/mp4000.dat,...I've only got a little left on my shift now.,48
scena/mp4000.dat:0x7110a,scena/mp4000.dat,the defense around here...,27
scena/mp4000.dat:0x71125,scena/mp4000.dat,They're really tightening up,29
scena/mp4000.dat:0x71151,scena/mp4000.dat,"a little straighter, too.",26
scena/mp4000.dat:0x7116b,scena/mp4000.dat,Which is making me stand,25
scena/mp4000.dat:0x71193,scena/mp4000.dat,the middle of the night?,25
scena/mp4000.dat:0x711ac,scena/mp4000.dat,What are you doing here in,27
scena/mp4000.dat:0x711d6,scena/mp4000.dat,sewers can wait until morning.,31
scena/mp4000.dat:0x711f5,scena/mp4000.dat,Any business you have in the,29
scena/mp4000.dat:0x71221,scena/mp4000.dat,managed to smuggle in a whole tank.,36
scena/mp4000.dat:0x71245,scena/mp4000.dat,"Somehow, the Intelligence Division",35
scena/mp4000.dat:0x71277,scena/mp4000.dat,It's a miracle the city wasn't damaged.,40
scena/mp4000.dat:0x712ae,scena/mp4000.dat,"You're free to run around the sewers, but...",45
scena/mp4000.dat:0x712ea,scena/mp4000.dat,"down there, you hear?",22
scena/mp4000.dat:0x71300,scena/mp4000.dat,Don't go causing any trouble,29
scena/mp4000.dat:0x7132c,scena/mp4000.dat,has since reopened to the public.,34
scena/mp4000.dat:0x7134e,scena/mp4000.dat,"The castle was kept shut during the coup, but it",49
scena/mp4000.dat:0x7138e,scena/mp4000.dat,have to see the garden terrace.,32
scena/mp4000.dat:0x713ae,scena/mp4000.dat,"No matter what you do, you simply",34
scena/mp4000.dat:0x713df,scena/mp4000.dat,scent of the garden are such a lovely combination.,51
scena/mp4000.dat:0x71412,scena/mp4000.dat,The cool breeze from Valleria Lake and the fresh,49
scena/mp4000.dat:0x71486,scena/mp4000.dat,has since reopened to the public.,34
scena/mp4000.dat:0x714a8,scena/mp4000.dat,"The castle was kept shut during the coup, but it",49
scena/mp4000.dat:0x714e8,scena/mp4000.dat,scent of the garden are such a lovely combination.,51
scena/mp4000.dat:0x7151b,scena/mp4000.dat,The cool breeze from Valleria Lake and the fresh,49
scena/mp4000.dat:0x7155b,scena/mp4000.dat,signing ceremony...,20
scena/mp4000.dat:0x7156f,scena/mp4000.dat,It must be because of the approaching,38
scena/mp4000.dat:0x715ab,scena/mp4000.dat,been visiting the castle more frequently than,46
scena/mp4000.dat:0x715d9,scena/mp4000.dat,The Calvard and Erebonia embassy officials have,48
scena/mp4000.dat:0x71618,scena/mp4000.dat,"dreams, but it really is happening, isn't it...?",49
scena/mp4000.dat:0x71649,scena/mp4000.dat,A non-aggression pact felt like the stuff of,45
scena/mp4000.dat:0x71685,scena/mp4000.dat,"Oh my, look at the time!",25
scena/mp4000.dat:0x716ad,scena/mp4000.dat,"closes, or I'll have nothing to make dinner with.",50
scena/mp4000.dat:0x716df,scena/mp4000.dat,I need to get to the department store before it,48
scena/mp4000.dat:0x7171e,scena/mp4000.dat,the castle with her parents before.,36
scena/mp4000.dat:0x71742,scena/mp4000.dat,I just passed this young girl I'd seen touring,47
scena/mp4000.dat:0x71780,scena/mp4000.dat,"Today, she was on her own for some reason.",43
scena/mp4000.dat:0x717ba,scena/mp4000.dat,I hope she's not lost...?,26
scena/mp4000.dat:0x717e3,scena/mp4000.dat,"My word, it was simply unreal!",31
scena/mp4000.dat:0x71802,scena/mp4000.dat,Did you hear what happened in the West Block?,46
scena/mp4000.dat:0x7183f,scena/mp4000.dat,involved. That does come as a relief.,38
scena/mp4000.dat:0x71865,scena/mp4000.dat,At least they caught all those who were,40
scena/mp4000.dat:0x7189c,scena/mp4000.dat,in Her Majesty to solve the problem...,39
scena/mp4000.dat:0x718c3,scena/mp4000.dat,While it seems that everyone has faith,39
scena/mp4000.dat:0x718f9,scena/mp4000.dat,the orbments to stop working.,30
scena/mp4000.dat:0x71917,scena/mp4000.dat,No one seems to know what caused,33
scena/mp4000.dat:0x71947,scena/mp4000.dat,Which is understandably upsetting.,35
scena/mp4000.dat:0x71979,scena/mp4000.dat,as an employee of the castle.,30
scena/mp4000.dat:0x71997,scena/mp4000.dat,"I'm currently investigating the coup,",38
scena/mp4000.dat:0x719cc,scena/mp4000.dat,but the scars from that ordeal run deep.,41
scena/mp4000.dat:0x719f5,scena/mp4000.dat,"Peace might have returned to the city,",39
scena/mp4000.dat:0x71a2b,scena/mp4000.dat,but she couldn't be in better health.,38
scena/mp4000.dat:0x71a51,scena/mp4000.dat,"Her Majesty was rumored to be ill,",35
scena/mp4000.dat:0x71a83,scena/mp4000.dat,and preparing for the signing ceremony.,40
scena/mp4000.dat:0x71aab,scena/mp4000.dat,what with resolving the aftermath of the coup,46
scena/mp4000.dat:0x71b19,scena/mp4000.dat,objections to pushing the latter back.,39
scena/mp4000.dat:0x71b40,scena/mp4000.dat,"Though, I doubt anyone would have any",38
scena/mp4000.dat:0x71b75,scena/mp4000.dat,the castle and report to Her Majesty.,38
scena/mp4000.dat:0x71b9b,scena/mp4000.dat,"Hm, it's about time for me to return to",40
scena/mp4000.dat:0x71bd2,scena/mp4000.dat,a huge deal.,13
scena/mp4000.dat:0x71bdf,scena/mp4000.dat,"Royal Army, as a general, no less, is",38
scena/mp4000.dat:0x71c05,scena/mp4000.dat,The fact that Mr. Cassius returned to the,42
scena/mp4000.dat:0x71c3e,scena/mp4000.dat,be it for the battlefield or the budget.,41
scena/mp4000.dat:0x71c67,scena/mp4000.dat,"He's always been meticulous in his planning,",45
scena/mp4000.dat:0x71ca3,scena/mp4000.dat,wonder that he managed to push Erebonia back.,46
scena/mp4000.dat:0x71cd1,scena/mp4000.dat,"With that degree of resourcefulness, it's no",45
scena/mp4000.dat:0x71d0d,scena/mp4000.dat,I can't help but stand a bit straighter.,41
scena/mp4000.dat:0x71d36,scena/mp4000.dat,"Whenever our paths cross in the castle,",40
scena/mp4000.dat:0x71d6d,scena/mp4000.dat,"tampered with to hell and back, I swear...",43
scena/mp4000.dat:0x71d98,scena/mp4000.dat,The Intelligence Division's budget had been,44
scena/mp4000.dat:0x71dda,scena/mp4000.dat, and those were just the ones I knew about.,44
scena/mp4000.dat:0x71e06,scena/mp4000.dat,So many expenses weren't properly accounted,44
scena/mp4000.dat:0x71e41,scena/mp4000.dat,what funded that tank's construction.,38
scena/mp4000.dat:0x71e67,scena/mp4000.dat,I'd wager that ill-gotten mira was precisely,45
scena/mp4000.dat:0x71ea3,scena/mp4000.dat,from that particular incident.,31
scena/mp4000.dat:0x71ec2,scena/mp4000.dat,At least some clarity has come,31
scena/mp4000.dat:0x71ef0,scena/mp4000.dat,the situation to each individual household.,44
scena/mp4000.dat:0x71f1c,scena/mp4000.dat,"At Her Majesty's behest, we've been explaining",47
scena/mp4000.dat:0x71f5a,scena/mp4000.dat,not everyone has been taking the news well.,44
scena/mp4000.dat:0x71f86,scena/mp4000.dat,"While that wasn't an unreasonable ask,",39
scena/mp4000.dat:0x71fbc,scena/mp4000.dat,away from a full-blown panic.,30
scena/mp4000.dat:0x71fda,scena/mp4000.dat,It feels like we're only one minor event,41
scena/mp4000.dat:0x72012,scena/mp4000.dat,Step aside folks! Delivery coming through!,43
scena/mp4000.dat:0x7204c,scena/mp4000.dat,*Sigh* It's just one package after another.,44
scena/mp4000.dat:0x72087,scena/mp4000.dat,going to the East Block...,27
scena/mp4000.dat:0x720a2,scena/mp4000.dat,"Let's see, the next one's",26
scena/mp4000.dat:0x720cb,scena/mp4000.dat,the middle of picking a new mayor.,35
scena/mp4000.dat:0x720ee,scena/mp4000.dat,"That reminds me, Ruan should be in",35
scena/mp4000.dat:0x72120,scena/mp4000.dat,after that Dalmore...,22
scena/mp4000.dat:0x72136,scena/mp4000.dat,I wonder who's gonna take over,31
scena/mp4000.dat:0x72164,scena/mp4000.dat,but I hope they can turn things around there.,46
scena/mp4000.dat:0x72192,scena/mp4000.dat,"They've sure got their work cut out for them,",46
scena/mp4000.dat:0x721cf,scena/mp4000.dat,"So, I just overheard this at the dock...",41
scena/mp4000.dat:0x72207,scena/mp4000.dat,on their new mayor.,20
scena/mp4000.dat:0x7221b,scena/mp4000.dat,It sounds like Ruan's settled,30
scena/mp4000.dat:0x72248,scena/mp4000.dat,showed up in the harbor district.,34
scena/mp4000.dat:0x7226a,scena/mp4000.dat,"Apparently, a massive golem",28
scena/mp4000.dat:0x72295,scena/mp4000.dat,"model going haywire, but I've got my doubts.",45
scena/mp4000.dat:0x722c2,scena/mp4000.dat,I heard that was just Professor Russell's latest,49
scena/mp4000.dat:0x72302,scena/mp4000.dat,"announcement, the rumors are going wild.",41
scena/mp4000.dat:0x7232b,scena/mp4000.dat,Since there hasn't been any kind of official,45
scena/mp4000.dat:0x72367,scena/mp4000.dat,"You can see that weird thing from the harbor, too.",51
scena/mp4000.dat:0x723a9,scena/mp4000.dat,"probably got a decent view of it, too.",39
scena/mp4000.dat:0x723d0,scena/mp4000.dat,Which means that anyone at the Royal Keep's,44
scena/mp4000.dat:0x7240b,scena/mp4000.dat,Princess Klaudia!,18
scena/mp4000.dat:0x7242c,scena/mp4000.dat,"you with, you need only ask!",29
scena/mp4000.dat:0x72449,scena/mp4000.dat,If there's anything I can assist,33
scena/mp4000.dat:0x72479,scena/mp4000.dat,"you with, you need only ask.",29
scena/mp4000.dat:0x72496,scena/mp4000.dat,If there's anything I can assist,33
scena/mp4000.dat:0x724c6,scena/mp4000.dat,"Please, go right ahead!",24
scena/mp4000.dat:0x724ed,scena/mp4000.dat,Princess Klaudia! It's so nice to see you!,43
scena/mp4000.dat:0x72527,scena/mp4000.dat,at the castle today?,21
scena/mp4000.dat:0x7253c,scena/mp4000.dat,Hm? Do you have some business,30
scena/mp4000.dat:0x72569,scena/mp4000.dat,"Please, head on inside.",24
scena/mp4000.dat:0x72590,scena/mp4000.dat,putting us through the wringer.,32
scena/mp4000.dat:0x725b0,scena/mp4000.dat,The Intelligence Division's really been,40
scena/mp4000.dat:0x725e7,scena/mp4000.dat,hear they've been captured.,28
scena/mp4000.dat:0x72603,scena/mp4000.dat,"Quite frankly, it's a relief to",32
scena/mp4000.dat:0x72632,scena/mp4000.dat,somewhere inside the castle...,31
scena/mp4000.dat:0x72651,scena/mp4000.dat,Princess Klaudia ought to be,29
scena/mp4000.dat:0x72687,scena/mp4000.dat,I couldn't say if she has any time to spare for,48
scena/mp4000.dat:0x726b7,scena/mp4000.dat,"She's rather busy at the moment, though.",41
scena/mp4000.dat:0x726ef,scena/mp4000.dat,Princess Klaudia!,18
scena/mp4000.dat:0x72710,scena/mp4000.dat,"you with, you need only ask!",29
scena/mp4000.dat:0x7272d,scena/mp4000.dat,If there's anything I can assist,33
scena/mp4000.dat:0x7275d,scena/mp4000.dat,"the castle, just say the word.",31
scena/mp4000.dat:0x7277c,scena/mp4000.dat,If you have any business in,28
scena/mp4000.dat:0x727a7,scena/mp4000.dat,"Please, go right ahead!",24
scena/mp4000.dat:0x727ce,scena/mp4000.dat,"Goodbye, Princess Klaudia!",27
scena/mp4000.dat:0x727f8,scena/mp4000.dat,so take care on your way.,26
scena/mp4000.dat:0x72812,scena/mp4000.dat,"It's already gotten dark out,",30
scena/mp4000.dat:0x7283f,scena/mp4000.dat,"Is something the matter, Princess?",35
scena/mp4000.dat:0x72871,scena/mp4000.dat,"in a white dress today, Dan?",29
scena/mp4000.dat:0x7288e,scena/mp4000.dat,I don't suppose you happened to see a girl,43
scena/mp4000.dat:0x728cc,scena/mp4000.dat,"No, no one like that comes to mind.",36
scena/mp4000.dat:0x728f0,scena/mp4000.dat,"A white dress, you said? Hmm...",32
scena/mp4000.dat:0x7291f,scena/mp4000.dat,"when I was patrolling the square here, either.",47
scena/mp4000.dat:0x7294e,scena/mp4000.dat,I don't recall seeing anyone dressed like that,47
scena/mp4000.dat:0x7298c,scena/mp4000.dat,"Ah, I see... Well, thank you, regardless.",42
scena/mp4000.dat:0x729c9,scena/mp4000.dat,I wish I could have been of more service...,44
scena/mp4000.dat:0x729f5,scena/mp4000.dat,"I-I'm so sorry, Your Highness.",31
scena/mp4000.dat:0x72a23,scena/mp4000.dat,I apologize for troubling you during work.,43
scena/mp4000.dat:0x72a4e,scena/mp4000.dat,"Oh, that's nothing to apologize for. If anything,",50
scena/mp4000.dat:0x72a93,scena/mp4000.dat,a girl in a white dress?,25
scena/mp4000.dat:0x72aac,scena/mp4000.dat,You said you're looking for,28
scena/mp4000.dat:0x72ad7,scena/mp4000.dat,Hmm... She didn't head inside the castle.,42
scena/mp4000.dat:0x72b10,scena/mp4000.dat,"when I was patrolling the square here, either.",47
scena/mp4000.dat:0x72b3f,scena/mp4000.dat,I don't remember seeing anyone dressed like that,49
scena/mp4000.dat:0x72b7f,scena/mp4000.dat,A girl in a white dress? Hmm...,32
scena/mp4000.dat:0x72bae,scena/mp4000.dat,description a few days earlier...,34
scena/mp4000.dat:0x72bd0,scena/mp4000.dat,I think I saw someone who fits that,36
scena/mp4000.dat:0x72c03,scena/mp4000.dat,"Please, head on inside.",24
scena/mp4000.dat:0x72c2a,scena/mp4000.dat,was finally captured.,22
scena/mp4000.dat:0x72c40,scena/mp4000.dat,I heard that Captain Amalthea,30
scena/mp4000.dat:0x72c6d,scena/mp4000.dat,focus on the pact signing ceremony...,38
scena/mp4000.dat:0x72c93,scena/mp4000.dat,Hopefully that means Her Majesty can finally,45
scena/mp4000.dat:0x72ccf,scena/mp4000.dat,"Please, go right ahead.",24
scena/mp4000.dat:0x72ce7,scena/mp4000.dat,"Oh, it's you folks again.",26
scena/mp4000.dat:0x72d2c,scena/mp4000.dat,idea you were coming home!,27
scena/mp4000.dat:0x72d47,scena/mp4000.dat,Your Highness! We had no,25
scena/mp4000.dat:0x72d6f,scena/mp4000.dat,stopping by on other business.,31
scena/mp4000.dat:0x72d8e,scena/mp4000.dat,"Hehe. Actually, I'm just",25
scena/mp4000.dat:0x72dbb,scena/mp4000.dat,I-I see!,9
scena/mp4000.dat:0x72dd3,scena/mp4000.dat,"you with, simply say the word!",31
scena/mp4000.dat:0x72df2,scena/mp4000.dat,If there's anything I can assist,33
scena/mp4000.dat:0x72e22,scena/mp4000.dat,"Thank you, that's very kind.",29
scena/mp4000.dat:0x72e6e,scena/mp4000.dat,idea you were coming home!,27
scena/mp4000.dat:0x72e89,scena/mp4000.dat,Your Highness! We had no,25
scena/mp4000.dat:0x72eb1,scena/mp4000.dat,stopping by on other business.,31
scena/mp4000.dat:0x72ed0,scena/mp4000.dat,"Hehe. Actually, I'm just",25
scena/mp4000.dat:0x72f13,scena/mp4000.dat,"who won the Royal Tournament, yes?",35
scena/mp4000.dat:0x72f36,scena/mp4000.dat,If I'm not mistaken... You're the bracers,42
scena/mp4000.dat:0x72f6f,scena/mp4000.dat,Hehe! Thanks for remembering our faces!,40
scena/mp4000.dat:0x72fab,scena/mp4000.dat,Thank you for your hospitality back then.,42
scena/mp4000.dat:0x72fe8,scena/mp4000.dat,It really has been quite some time.,36
scena/mp4000.dat:0x7300c,scena/mp4000.dat,I certainly wasn't expecting to see you folks!,47
scena/mp4000.dat:0x7304a,scena/mp4000.dat,please do not hesitate to ask!,31
scena/mp4000.dat:0x73069,scena/mp4000.dat,"Should you happen to need any assistance,",42
scena/mp4000.dat:0x730a2,scena/mp4000.dat,"Will do, thanks!",17
scena/mp4000.dat:0x730dc,scena/mp4000.dat,who won the Royal Tournament?,30
scena/mp4000.dat:0x730fa,scena/mp4000.dat,Aren't you...the bracers,25
scena/mp4000.dat:0x73122,scena/mp4000.dat,Hehe! Thanks for remembering our faces!,40
scena/mp4000.dat:0x7315e,scena/mp4000.dat,Thank you for your hospitality back then.,42
scena/mp4000.dat:0x7319b,scena/mp4000.dat,Haha... So what brings you here today?,39
scena/mp4000.dat:0x731d1,scena/mp4000.dat,I'll let them know right away.,31
scena/mp4000.dat:0x731f0,scena/mp4000.dat,"If you're here to meet someone,",32
scena/mp4000.dat:0x7321f,scena/mp4000.dat,Or is this more of a tour?,27
scena/mp4000.dat:0x73249,scena/mp4000.dat,"Nah, we just happened to be in the area.",41
scena/mp4000.dat:0x73285,scena/mp4000.dat,"assistance, please do not hesitate to ask.",43
scena/mp4000.dat:0x732b0,scena/mp4000.dat,"I see. Well, should you happen to need any",43
scena/mp4000.dat:0x732ea,scena/mp4000.dat,"Will do, thanks!",17
scena/mp4000.dat:0x7330e,scena/mp4000.dat,to the hotel life!,19
scena/mp4000.dat:0x73321,scena/mp4000.dat,"Mhm, I'm definitely well-suited",32
scena/mp4000.dat:0x73350,scena/mp4000.dat,Well! Time to go on a tour of the castle.,42
scena/mp4000.dat:0x73389,scena/mp4000.dat,I should probably head back to the hotel soon.,47
scena/mp4000.dat:0x733c7,scena/mp4000.dat,Has she gotten lost?,21
scena/mp4000.dat:0x733dc,scena/mp4000.dat,...A girl wearing a white dress?,33
scena/mp4000.dat:0x7340c,scena/mp4000.dat,"I haven't seen her around here, though.",40
scena/mp4000.dat:0x73443,scena/mp4000.dat,to see a tank downtown...,26
scena/mp4000.dat:0x7345d,scena/mp4000.dat,I was just as shocked as anyone,32
scena/mp4000.dat:0x7348c,scena/mp4000.dat,a fine spot for fishing.,25
scena/mp4000.dat:0x734a5,scena/mp4000.dat,Hrm... This looks like,23
scena/mp4000.dat:0x734cb,scena/mp4000.dat,leisurely swimming around.,27
scena/mp4000.dat:0x734e6,scena/mp4000.dat,"Oho! Just look at all those fish,",34
scena/mp4000.dat:0x73517,scena/mp4000.dat,"Ah, and me, without my rod...",30
scena/mp4000.dat:0x73544,scena/mp4000.dat,stood around and watched the sun set...,40
scena/mp4000.dat:0x7356c,scena/mp4000.dat,I couldn't tell you the last time I just,41
scena/mp4000.dat:0x735a4,scena/mp4000.dat,"Still, Valleria Lake certainly is vast.",40
scena/mp4000.dat:0x735db,scena/mp4000.dat,It looks just like the sea.,28
scena/mp4000.dat:0x73606,scena/mp4000.dat,those Intelligence Division ruffians.,38
scena/mp4000.dat:0x7362c,scena/mp4000.dat,It sounds like they caught the last of,39
scena/mp4000.dat:0x73662,scena/mp4000.dat,goes unnoticed by Aidios.,26
scena/mp4000.dat:0x7367c,scena/mp4000.dat,"Though, nary a misdeed",23
scena/mp4000.dat:0x736a2,scena/mp4000.dat,to see Grancel Castle up close.,32
scena/mp4000.dat:0x736c2,scena/mp4000.dat,This is the first time I've ever gotten,40
scena/mp4000.dat:0x736f9,scena/mp4000.dat,It's so much more magnificent in person!,41
scena/mp4000.dat:0x73722,scena/mp4000.dat,"Honestly, pictures don't really do it justice.",47
scena/mp4000.dat:0x73760,scena/mp4000.dat,I came here just to see the inside of the castle.,50
scena/mp4000.dat:0x737a1,scena/mp4000.dat,And it didn't disappoint!,26
scena/mp4000.dat:0x737ca,scena/mp4000.dat,really is nice and spacious.,29
scena/mp4000.dat:0x737e7,scena/mp4000.dat,The plaza in front of the palace,33
scena/mp4000.dat:0x73817,scena/mp4000.dat,breeze? Just perfect.,22
scena/mp4000.dat:0x7382d,scena/mp4000.dat,"The scenery's great, and that",30
scena/mp4000.dat:0x7385a,scena/mp4000.dat,me meeting Princess Klaudia...?,32
scena/mp4000.dat:0x7387a,scena/mp4000.dat,I wonder if there's any chance of,34
scena/mp4000.dat:0x738ab,scena/mp4000.dat,I've never seen her before. Not even once!,43
scena/mp4000.dat:0x738e5,scena/mp4000.dat,battle with the Intelligence Division.,39
scena/mp4000.dat:0x7390c,scena/mp4000.dat,"So, the Royal Guards had an actual",35
scena/mp4000.dat:0x7393e,scena/mp4000.dat,time to visit Grancel.,23
scena/mp4000.dat:0x73955,scena/mp4000.dat,...I might've picked a lousy,29
scena/mp4000.dat:0x73981,scena/mp4000.dat,"running, so there's that...",28
scena/mp4000.dat:0x7399d,scena/mp4000.dat,"Well, all the airships are still",33
scena/mp4000.dat:0x739cd,scena/mp4000.dat,It's been a while since his last vacation.,43
scena/mp4000.dat:0x739f8,scena/mp4000.dat,"Don't mind him, he's just excited.",35
scena/mp4000.dat:0x73a2a,scena/mp4000.dat,Ah... The breeze feels so refreshing...,40
scena/mp4000.dat:0x73a61,scena/mp4000.dat,dyed in the sunset like this.,30
scena/mp4000.dat:0x73a7f,scena/mp4000.dat,The castle looks even dreamier,31
scena/mp4000.dat:0x73aad,scena/mp4000.dat,"Hm, what should we go see tomorrow?",36
scena/mp4000.dat:0x73ae0,scena/mp4000.dat,"watching the sunset from the harbor, too.",42
scena/mp4000.dat:0x73b0a,scena/mp4000.dat,That sounds great! I wouldn't mind,35
scena/mp4000.dat:0x73b3c,scena/mp4000.dat,It's awful what happened at the port...,40
scena/mp4000.dat:0x73b73,scena/mp4000.dat,the capital's just gorgeous?,29
scena/mp4000.dat:0x73b90,scena/mp4000.dat,Hi there! Don't you think,26
scena/mp4000.dat:0x73bb9,scena/mp4000.dat,Right! Where to next?,22
scena/mp4000.dat:0x73bde,scena/mp4000.dat,which is a blessing and a curse.,33
scena/mp4000.dat:0x73bff,scena/mp4000.dat,"There are so many good spots to pick from,",43
scena/mp4000.dat:0x73c39,scena/mp4000.dat,"and the port, maybe?",21
scena/mp4000.dat:0x73c4e,scena/mp4000.dat,We could go check out the cathedral,36
scena/mp4000.dat:0x73c81,scena/mp4000.dat,"just there yesterday, too.",27
scena/mp4000.dat:0x73c9c,scena/mp4000.dat,"Gosh, the two of us were",25
scena/mp4000.dat:0x73cc4,scena/mp4000.dat,"But, Captain Schwarz is my absolute fave!",42
scena/mp4000.dat:0x73cee,scena/mp4000.dat,I'm one of the Royal Guard's biggest fans!,43
scena/mp4000.dat:0x73d28,scena/mp4000.dat,What would I have to do to meet her in person?,47
scena/mp4000.dat:0x73d57,scena/mp4000.dat,Captain Schwarz is the absolute best...,40
scena/mp4000.dat:0x73d8e,scena/mp4000.dat,a guided tour might work.,26
scena/mp4000.dat:0x73da8,scena/mp4000.dat,...Sneaking into the castle with,33
scena/mp4000.dat:0x73dd8,scena/mp4000.dat,my way to where the guards are stationed...,44
scena/mp4000.dat:0x73e04,scena/mp4000.dat,"So, I joined a tour, got 'lost,' then made",43
scena/mp4000.dat:0x73e3e,scena/mp4000.dat,"But, Captain Schwarz wasn't even there!",40
scena/mp4000.dat:0x73e75,scena/mp4000.dat,Uuugh! Where the heck did she go?!,35
scena/mp4000.dat:0x73ea7,scena/mp4000.dat,my only chance of meeting Captain Schwarz...,45
scena/mp4000.dat:0x73ed4,scena/mp4000.dat,Getting a job as a castle maid might be,40
scena/mp4000.dat:0x73f0b,scena/mp4000.dat,"But, they're not hiring any right now...",41
scena/mp4000.dat:0x73f59,scena/mp4000.dat,"the harbor yesterday, and I SAW CAPTAIN SCHWARZ!",49
scena/mp4000.dat:0x73f8a,scena/mp4000.dat,"Omigosh, you've GOT to listen to this! I was at",48
scena/mp4000.dat:0x73fc9,scena/mp4000.dat,"Then, after that, she caught all the bad guys!",47
scena/mp4000.dat:0x74007,scena/mp4000.dat,"Seriously, I've got chills!",28
scena/mp4000.dat:0x74032,scena/mp4000.dat,"defenses here, too.",20
scena/mp4000.dat:0x74046,scena/mp4000.dat,"villa, but we've been ordered to double up",43
scena/mp4000.dat:0x74071,scena/mp4000.dat,The signing ceremony's taking place at the royal,49
scena/mp4000.dat:0x740b1,scena/mp4000.dat,and kind of terrifying.,24
scena/mp4000.dat:0x740c9,scena/mp4000.dat,Captain Amalthea is both terrific,34
scena/mp4000.dat:0x740fa,scena/mp4000.dat,like that if she weren't supremely talented.,45
scena/mp4000.dat:0x74127,scena/mp4000.dat,She couldn't have pulled off an operation,42
scena/mp4000.dat:0x74160,scena/mp4000.dat,officer could even come close.,31
scena/mp4000.dat:0x7417f,scena/mp4000.dat,"Seriously, I don't think an average",36
scena/mp4000.dat:0x741b2,scena/mp4000.dat,to be on her bad side.,23
scena/mp4000.dat:0x741c9,scena/mp4000.dat,You definitely wouldn't want,29
scena/mp4000.dat:0x741f5,scena/mp4000.dat,so that the citizens don't panic.,34
scena/mp4000.dat:0x74217,scena/mp4000.dat,"We have to stay calm and composed,",35
scena/mp4000.dat:0x74249,scena/mp4000.dat,"Right, nothing out of the ordinary here.",41
scena/mp4000.dat:0x74281,scena/mp4000.dat,the damage wouldn't have been minimal.,39
scena/mp4000.dat:0x742a8,scena/mp4000.dat,"If the tank had gotten into the city proper,",45
scena/mp4000.dat:0x742e4,scena/mp4000.dat,set the whole capital ablaze.,30
scena/mp4000.dat:0x74302,scena/mp4000.dat,One wrong move could have,26
scena/mp4000.dat:0x7432b,scena/mp4000.dat,...I don't even want to picture it.,36
scena/mp4000.dat:0x7435e,scena/mp4000.dat,I'll find a way to keep everyone safe.,39
scena/mp4000.dat:0x74385,scena/mp4000.dat,It doesn't matter if the orbments aren't working.,50
scena/mp4000.dat:0x743c6,scena/mp4000.dat,Klaudia... Estelle...,22
scena/mp4000.dat:0x743eb,scena/mp4000.dat,the whole Kanone affair.,25
scena/mp4000.dat:0x74404,scena/mp4000.dat,Julia told me everything about,31
scena/mp4000.dat:0x74432,scena/mp4000.dat,been responsible for resolving.,32
scena/mp4000.dat:0x74452,scena/mp4000.dat,Which is a matter that I should have,37
scena/mp4000.dat:0x74487,scena/mp4000.dat,caused you all quite a lot of trouble.,39
scena/mp4000.dat:0x744ae,scena/mp4000.dat,"Instead, it would seem that I have",35
scena/mp4000.dat:0x744e0,scena/mp4000.dat,"N-Nah, not really...",21
scena/mp4000.dat:0x74508,scena/mp4000.dat,"She's kinda our responsibility, too.",37
scena/mp4000.dat:0x7452d,scena/mp4000.dat,"Besides, Renne is... Um, well...",33
scena/mp4000.dat:0x74561,scena/mp4000.dat,"Yes, I heard about that as well.",33
scena/mp4000.dat:0x74592,scena/mp4000.dat,of the Society.,16
scena/mp4000.dat:0x745a2,scena/mp4000.dat,expected such a young girl to be a member,42
scena/mp4000.dat:0x745cc,scena/mp4000.dat,"Though, I must admit... I never would have",43
scena/mp4000.dat:0x74606,scena/mp4000.dat,"in the affair quiet, so as to not alarm the citizens.",54
scena/mp4000.dat:0x7463c,scena/mp4000.dat,existence of the archaism and Renne's involvement,50
scena/mp4000.dat:0x7466e,scena/mp4000.dat,"As it stands, we are considering keeping the",45
scena/mp4000.dat:0x746aa,scena/mp4000.dat,"ain't the wrong move, either.",30
scena/mp4000.dat:0x746c8,scena/mp4000.dat,"I can't say I like that, but it",32
scena/mp4000.dat:0x746fb,scena/mp4000.dat,"in the open, but...it's better that it's not.",46
scena/mp4000.dat:0x74729,scena/mp4000.dat,"To be honest, I'd rather have everything out",45
scena/mp4000.dat:0x74769,scena/mp4000.dat,repercussions that extend beyond our own borders.,50
scena/mp4000.dat:0x7479b,scena/mp4000.dat,I agree. The situation could have serious,42
scena/mp4000.dat:0x747d8,scena/mp4000.dat,"Y-Yikes, it's that bad...?",27
scena/mp4000.dat:0x74806,scena/mp4000.dat,in a time out when we run into her again.,42
scena/mp4000.dat:0x74830,scena/mp4000.dat,I guess we're going to have to put Renne,41
scena/mp4000.dat:0x7486d,scena/mp4000.dat,Cassius and General Morgan.,28
scena/mp4000.dat:0x74889,scena/mp4000.dat,Let us leave the hunt to,25
scena/mp4000.dat:0x748b1,scena/mp4000.dat,doing everything I can.,24
scena/mp4000.dat:0x748c9,scena/mp4000.dat,I have every intention to continue,35
scena/mp4000.dat:0x748fb,scena/mp4000.dat,ceremony must occur without incident.,38
scena/mp4000.dat:0x74921,scena/mp4000.dat,"In the meantime, though, the signing",37
scena/mp4000.dat:0x74955,scena/mp4000.dat,Your Majesty...,16
scena/mp4000.dat:0x74978,scena/mp4000.dat,"Estelle, but I am certain you will persevere.",46
scena/mp4000.dat:0x749a6,scena/mp4000.dat,"I know you will have your share of hardships,",46
scena/mp4000.dat:0x749fe,scena/mp4000.dat,"Now, then... Klaudia.",22
scena/mp4000.dat:0x74a3e,scena/mp4000.dat,I hope to hear your answer before too long.,44
scena/mp4000.dat:0x74a79,scena/mp4000.dat,"Yes, Grandmother.",18
scena/mp4000.dat:0x74a9e,scena/mp4000.dat,"Take care, everyone.",21
scena/mp4000.dat:0x74ac2,scena/mp4000.dat,"Estelle, but I am certain you will persevere.",46
scena/mp4000.dat:0x74af0,scena/mp4000.dat,"I know you will have your share of hardships,",46
scena/mp4000.dat:0x74b2d,scena/mp4000.dat,Please look after Klaudia for me.,34
scena/mp4000.dat:0x74b5e,scena/mp4000.dat,Oh! Princess Klaudia...,24
scena/mp4000.dat:0x74b85,scena/mp4000.dat,she's currently in her chambers.,33
scena/mp4000.dat:0x74ba6,scena/mp4000.dat,"If you're looking for Her Majesty,",35
scena/mp4000.dat:0x74bd8,scena/mp4000.dat,she just returned to her chambers.,35
scena/mp4000.dat:0x74bfb,scena/mp4000.dat,"If you're looking for Her Majesty,",35
scena/mp4000.dat:0x74c2d,scena/mp4000.dat,receiving a report on the incident.,36
scena/mp4000.dat:0x74c51,scena/mp4000.dat,"She was in the audience hall earlier,",38
scena/mp4000.dat:0x74c86,scena/mp4000.dat,This way leads to the Royal Keep.,34
scena/mp4000.dat:0x74cb7,scena/mp4000.dat,"Please, go on ahead.",21
scena/mp4000.dat:0x74cdb,scena/mp4000.dat,the new engine on the Arseille.,32
scena/mp4000.dat:0x74cfb,scena/mp4000.dat,I heard that they successfully installed,41
scena/mp4000.dat:0x74d33,scena/mp4000.dat,I can't wait to see the upgraded Arseille!,43
scena/mp4000.dat:0x74d6d,scena/mp4000.dat,Princess Klaudia are here.,27
scena/mp4000.dat:0x74d88,scena/mp4000.dat,Neither Her Majesty nor,24
scena/mp4000.dat:0x74daf,scena/mp4000.dat,I just saw both of them leave.,31
scena/mp4000.dat:0x74ddd,scena/mp4000.dat,had this place on lockdown.,28
scena/mp4000.dat:0x74df9,scena/mp4000.dat,"During the coup, the Intelligence Division",43
scena/mp4000.dat:0x74e33,scena/mp4000.dat,"the lake for days, waiting to get unloaded.",44
scena/mp4000.dat:0x74e5f,scena/mp4000.dat,"Because of that, ships got stuck out on",40
scena/mp4000.dat:0x74e96,scena/mp4000.dat,"it's just been go, go, go.",27
scena/mp4000.dat:0x74eb1,scena/mp4000.dat,"Since the lockdown's been finally lifted,",42
scena/mp4000.dat:0x74eea,scena/mp4000.dat,"it's just been go, go, go.",27
scena/mp4000.dat:0x74f05,scena/mp4000.dat,"Since the lockdown's been finally lifted,",42
scena/mp4000.dat:0x74f3e,scena/mp4000.dat,in the past couple of days.,28
scena/mp4000.dat:0x74f5a,scena/mp4000.dat,It's only started to really slow down,38
scena/mp4000.dat:0x74f8f,scena/mp4000.dat,"nowadays, the empty warehouses sure do stand out.",50
scena/mp4000.dat:0x74fc1,scena/mp4000.dat,With so many goods being transported by airship,48
scena/mp4000.dat:0x75000,scena/mp4000.dat,just costs money to maintain.,30
scena/mp4000.dat:0x7501e,scena/mp4000.dat,A warehouse with nothing in it,31
scena/mp4000.dat:0x7504c,scena/mp4000.dat,decided to start renting them out.,35
scena/mp4000.dat:0x7506f,scena/mp4000.dat,"So, we did some brainstorming and",34
scena/mp4000.dat:0x750a0,scena/mp4000.dat,"the mira. Of course, that includes the Royal Army.",51
scena/mp4000.dat:0x750d3,scena/mp4000.dat,"Anyone's eligible, as long as they've got",42
scena/mp4000.dat:0x7510c,scena/mp4000.dat,just costs money to maintain.,30
scena/mp4000.dat:0x7512a,scena/mp4000.dat,A warehouse with nothing in it,31
scena/mp4000.dat:0x75158,scena/mp4000.dat,decided to start renting them out.,35
scena/mp4000.dat:0x7517b,scena/mp4000.dat,"So, we did some brainstorming and",34
scena/mp4000.dat:0x751ac,scena/mp4000.dat,"...Yep, it's evening, alright.",31
scena/mp4000.dat:0x751da,scena/mp4000.dat,the time just flies by.,24
scena/mp4000.dat:0x751f2,scena/mp4000.dat,"I get so caught up in my work,",31
scena/mp4000.dat:0x75220,scena/mp4000.dat,and realize I'm old and gray.,30
scena/mp4000.dat:0x7523e,scena/mp4000.dat,"One day, I'll probably blink",29
scena/mp4000.dat:0x7526a,scena/mp4000.dat,the furthest dock about half a year back.,42
scena/mp4000.dat:0x75294,scena/mp4000.dat,Someone rented out the warehouse by,36
scena/mp4000.dat:0x752c7,scena/mp4000.dat,"is all well and good, but...",29
scena/mp4000.dat:0x752e4,scena/mp4000.dat,"They paid in advance, which",28
scena/mp4000.dat:0x7530f,scena/mp4000.dat,in touch with them since.,26
scena/mp4000.dat:0x75329,scena/mp4000.dat,I haven't been able to get,27
scena/mp4000.dat:0x75353,scena/mp4000.dat,with one of the warehouse renters.,35
scena/mp4000.dat:0x75376,scena/mp4000.dat,I haven't been able to get in contact,38
scena/mp4000.dat:0x753ab,scena/mp4000.dat,to know if they'll be renewing it.,35
scena/mp4000.dat:0x753ce,scena/mp4000.dat,"Their lease is almost up, so I need",36
scena/mp4000.dat:0x75401,scena/mp4000.dat,"presence of ships. No cargo, no dice.",38
scena/mp4000.dat:0x75427,scena/mp4000.dat,Our work here's pretty dependent on the,40
scena/mp4000.dat:0x7545e,scena/mp4000.dat,no one even makes sailing ones anymore.,40
scena/mp4000.dat:0x75486,scena/mp4000.dat,"Ever since the focus shifted to orbal ships,",45
scena/mp4000.dat:0x754c2,scena/mp4000.dat,"*Sigh* I hope this all works out, somehow.",43
scena/mp4000.dat:0x754fc,scena/mp4000.dat,no one even makes sailing ones anymore.,40
scena/mp4000.dat:0x75524,scena/mp4000.dat,"Ever since the focus shifted to orbal ships,",45
scena/mp4000.dat:0x75560,scena/mp4000.dat,"*Sigh* I hope this all works out, somehow.",43
scena/mp4000.dat:0x7559a,scena/mp4000.dat,a-almost two years now.,24
scena/mp4000.dat:0x755b2,scena/mp4000.dat,I-I've been working here for,29
scena/mp4000.dat:0x755de,scena/mp4000.dat,wh-which is just plain weird.,30
scena/mp4000.dat:0x755fc,scena/mp4000.dat,"Th-They even assigned me a junior recently,",44
scena/mp4000.dat:0x75637,scena/mp4000.dat,"M-Married, too.",16
scena/mp4000.dat:0x75647,scena/mp4000.dat,I-I mean... He's older than me!,32
scena/mp4000.dat:0x75676,scena/mp4000.dat,"around a little, b-but...",26
scena/mp4000.dat:0x75690,scena/mp4000.dat,"Here I w-was, hoping to strut",30
scena/mp4000.dat:0x756bd,scena/mp4000.dat,of someone with m-more life experience.,40
scena/mp4000.dat:0x756e5,scena/mp4000.dat,There's no w-way I could do that in front,42
scena/mp4000.dat:0x7571e,scena/mp4000.dat,"around a little, b-but...",26
scena/mp4000.dat:0x75738,scena/mp4000.dat,"Here I w-was, hoping to strut",30
scena/mp4000.dat:0x75765,scena/mp4000.dat,of someone with m-more life experience.,40
scena/mp4000.dat:0x7578d,scena/mp4000.dat,There's no w-way I could do that in front,42
scena/mp4000.dat:0x757c6,scena/mp4000.dat,I actually wanted to w-work for the airship corp.,50
scena/mp4000.dat:0x757f8,scena/mp4000.dat,"S-So this is just between you and me, but...",45
scena/mp4000.dat:0x75834,scena/mp4000.dat,Their acceptance rate is a-abysmally low.,42
scena/mp4000.dat:0x7585e,scena/mp4000.dat,"B-But, that's really asking a lot, right?",42
scena/mp4000.dat:0x75897,scena/mp4000.dat,A-And I don't have much confidence in myself...,48
scena/mp4000.dat:0x758d6,scena/mp4000.dat,I-I sure worked up a s-sweat today!,36
scena/mp4000.dat:0x75909,scena/mp4000.dat,a c-cold one on the way home!,30
scena/mp4000.dat:0x75927,scena/mp4000.dat,"Y-Yep, days like these call for",32
scena/mp4000.dat:0x75956,scena/mp4000.dat,"Um, a-alcohol, I mean.",23
scena/mp4000.dat:0x7596d,scena/mp4000.dat,E-Except that I don't drink.,29
scena/mp4000.dat:0x75999,scena/mp4000.dat,to t-try saying it once...,27
scena/mp4000.dat:0x759b4,scena/mp4000.dat,S-Sorry... I just wanted,25
scena/mp4000.dat:0x759dc,scena/mp4000.dat,A drink for the r-road...,26
scena/mp4000.dat:0x75a05,scena/mp4000.dat,"Maybe one day, I-I'll...",25
scena/mp4000.dat:0x75a1e,scena/mp4000.dat,"Th-That sounds pretty manly, r-right?",38
scena/mp4000.dat:0x75a53,scena/mp4000.dat,I-Is something wrong?,22
scena/mp4000.dat:0x75a69,scena/mp4000.dat,Y-You're looking for a girl in a white dress?,46
scena/mp4000.dat:0x75aa6,scena/mp4000.dat,and do enough w-work to earn myself m-meals.,45
scena/mp4000.dat:0x75ad3,scena/mp4000.dat,"I-I just keep my head down, stay out of trouble,",49
scena/mp4000.dat:0x75b13,scena/mp4000.dat,"d-dissatisfied, or anything.",29
scena/mp4000.dat:0x75b30,scena/mp4000.dat,"O-Oh, but it's not like I'm",28
scena/mp4000.dat:0x75b5b,scena/mp4000.dat,"on d-dates sometimes, but...",29
scena/mp4000.dat:0x75b78,scena/mp4000.dat,"Sure, I think it'd b-be nice to go out",39
scena/mp4000.dat:0x75bae,scena/mp4000.dat,actually a-ask any ladies out.,31
scena/mp4000.dat:0x75bcd,scena/mp4000.dat,There's no w-way I could,25
scena/mp4000.dat:0x75bf5,scena/mp4000.dat,and do enough w-work to earn myself m-meals.,45
scena/mp4000.dat:0x75c22,scena/mp4000.dat,"I-I just keep my head down, stay out of trouble,",49
scena/mp4000.dat:0x75c62,scena/mp4000.dat,"d-dissatisfied, or anything.",29
scena/mp4000.dat:0x75c7f,scena/mp4000.dat,"O-Oh, but it's not like I'm",28
scena/mp4000.dat:0x75caa,scena/mp4000.dat,"anything, it's a-all got to be done by hand.",45
scena/mp4000.dat:0x75cd7,scena/mp4000.dat,S-Since we can't use the cargo vehicles to move,48
scena/mp4000.dat:0x75d16,scena/mp4000.dat,delivered in the first place.,30
scena/mp4000.dat:0x75d34,scena/mp4000.dat,N-Not that there's any cargo being,35
scena/mp4000.dat:0x75d66,scena/mp4000.dat,"Which is n-nothing to cheer about, e-either.",45
scena/mp4000.dat:0x75da2,scena/mp4000.dat,when my salary d-dries up?,27
scena/mp4000.dat:0x75dbd,scena/mp4000.dat,Wh-What am I going to do,25
scena/mp4000.dat:0x75de5,scena/mp4000.dat,"Yessir, nothin' beats a good ol' boat.",39
scena/mp4000.dat:0x75e1b,scena/mp4000.dat,of bein' out on the open water.,32
scena/mp4000.dat:0x75e3b,scena/mp4000.dat,Only men of the sea get the thrill,35
scena/mp4000.dat:0x75e6d,scena/mp4000.dat,is their load bearin' capacities.,34
scena/mp4000.dat:0x75e8f,scena/mp4000.dat,One of the best things about boats,35
scena/mp4000.dat:0x75ec1,scena/mp4000.dat,so much cargo you can shove into one.,38
scena/mp4000.dat:0x75ee7,scena/mp4000.dat,"Sure, airships're handy, but there's only",42
scena/mp4000.dat:0x75f20,scena/mp4000.dat,most folks still opt for a boat.,33
scena/mp4000.dat:0x75f41,scena/mp4000.dat,"If you've got somethin' big and bulky to move,",47
scena/mp4000.dat:0x75f7f,scena/mp4000.dat,so much cargo you can shove into one.,38
scena/mp4000.dat:0x75fa5,scena/mp4000.dat,"Sure, airships're handy, but there's only",42
scena/mp4000.dat:0x75fde,scena/mp4000.dat,most folks still opt for a boat.,33
scena/mp4000.dat:0x75fff,scena/mp4000.dat,"If you've got somethin' big and bulky to move,",47
scena/mp4000.dat:0x7603d,scena/mp4000.dat,glowin' in the sunset...,25
scena/mp4000.dat:0x76056,scena/mp4000.dat,"Boats floatin' on the waves,",29
scena/mp4000.dat:0x76082,scena/mp4000.dat,And a rugged dude standin' in front of it all...,49
scena/mp4000.dat:0x760c2,scena/mp4000.dat,"How's that for themin'? Pretty moody, huh?",43
scena/mp4000.dat:0x760fc,scena/mp4000.dat,"Between airships and boats, it's gotta be boats.",49
scena/mp4000.dat:0x7613c,scena/mp4000.dat,They'd never steer a sailor wrong!,35
scena/mp4000.dat:0x7616e,scena/mp4000.dat,"account of their seasickness, but...",37
scena/mp4000.dat:0x76193,scena/mp4000.dat,I know some folks don't like boats on,38
scena/mp4000.dat:0x761c8,scena/mp4000.dat,of the sky.,12
scena/mp4000.dat:0x761d4,scena/mp4000.dat,faith in somethin' that could suddenly fall out,48
scena/mp4000.dat:0x76204,scena/mp4000.dat,"If you ask me, that's better than puttin' your",47
scena/mp4000.dat:0x76242,scena/mp4000.dat,doesn't it make 'em way safer?,31
scena/mp4000.dat:0x76261,scena/mp4000.dat,"Boats can't crash like that, so",32
scena/mp4000.dat:0x76290,scena/mp4000.dat,"...Sure, they could sink, but still.",37
scena/mp4000.dat:0x762c4,scena/mp4000.dat,"account of their seasickness, but...",37
scena/mp4000.dat:0x762e9,scena/mp4000.dat,I know some folks don't like boats on,38
scena/mp4000.dat:0x7631e,scena/mp4000.dat,of the sky.,12
scena/mp4000.dat:0x7632a,scena/mp4000.dat,faith in somethin' that could suddenly fall out,48
scena/mp4000.dat:0x7635a,scena/mp4000.dat,"If you ask me, that's better than puttin' your",47
scena/mp4000.dat:0x76398,scena/mp4000.dat,an ancient dragon showed up in Bose...,39
scena/mp4000.dat:0x763bf,scena/mp4000.dat,"Some dark giant zipped outta the harbor, and",45
scena/mp4000.dat:0x763fb,scena/mp4000.dat,Kinda feels like nothin' can surprise me now.,46
scena/mp4000.dat:0x76438,scena/mp4000.dat,in a long line of ridiculous stuff.,36
scena/mp4000.dat:0x7645c,scena/mp4000.dat,"It'll just be another weird thing showin' up,",46
scena/mp4000.dat:0x76499,scena/mp4000.dat,Wow... This really is a lovely lake.,37
scena/mp4000.dat:0x764cd,scena/mp4000.dat,"impressed by the harbor, but I'll take it.",43
scena/mp4000.dat:0x764f8,scena/mp4000.dat,I wasn't expecting them to be this,35
scena/mp4000.dat:0x7652a,scena/mp4000.dat,What's not to like!,20
scena/mp4000.dat:0x7653e,scena/mp4000.dat,It's an inexpensive kind of trip.,34
scena/mp4000.dat:0x7656f,scena/mp4000.dat,"Alright, time for us to head back to the inn.",46
scena/mp4000.dat:0x765ac,scena/mp4000.dat,with these two around.,23
scena/mp4000.dat:0x765c3,scena/mp4000.dat,Haha! It's never a dull moment,31
scena/mp4000.dat:0x765f1,scena/mp4000.dat,I think I like this place!,27
scena/mp4000.dat:0x7661b,scena/mp4000.dat,"Fishies are okay, but I wanna see a seagull!",45
scena/mp4000.dat:0x76657,scena/mp4000.dat,"Oh. Um, but this is a lake and not a sea?",42
scena/mp4000.dat:0x76690,scena/mp4000.dat,"Awww, but I wanted meat!",25
scena/mp4000.dat:0x766b8,scena/mp4000.dat,It's not the sea! It's a LAKE!,31
scena/mp4000.dat:0x766e6,scena/mp4000.dat,I've never been to a harbor before!,36
scena/mp4000.dat:0x76719,scena/mp4000.dat,D'you think we'll see some fishies?,36
scena/mp4000.dat:0x7674c,scena/mp4000.dat,I wanna have fish for dinner!,30
scena/mp4000.dat:0x7678d,scena/mp4000.dat,Thiiis seeea... Goes as faaar...,33
scena/mp4000.dat:0x767bd,scena/mp4000.dat,It's almost time for the warehouse overhaul.,45
scena/mp4000.dat:0x767f9,scena/mp4000.dat,which is as busy as you'd expect.,34
scena/mp4000.dat:0x7681b,scena/mp4000.dat,"All of 'em get sorted and inventoried,",39
scena/mp4000.dat:0x76851,scena/mp4000.dat,"That's not a job you can rush, though.",39
scena/mp4000.dat:0x76887,scena/mp4000.dat,Might see if anyone wants to go for drinks.,44
scena/mp4000.dat:0x768b3,scena/mp4000.dat,"Welp, that's work done for the day.",36
scena/mp4000.dat:0x768e6,scena/mp4000.dat,I heard they picked a new mayor over in Ruan.,46
scena/mp4000.dat:0x76923,scena/mp4000.dat,That should put the schedule here back on track.,49
scena/mp4000.dat:0x76963,scena/mp4000.dat,the ships to start running again?,34
scena/mp4000.dat:0x76985,scena/mp4000.dat,Just how long's it going to take for,37
scena/mp4000.dat:0x769b9,scena/mp4000.dat,such a thing as being too busy...,34
scena/mp4000.dat:0x769db,scena/mp4000.dat,"I hate just sitting around, but there's",40
scena/mp4000.dat:0x76a12,scena/mp4000.dat,Right. Which warehouse is getting sorted first?,48
scena/mp4000.dat:0x76a51,scena/mp4000.dat,so long that the hours all blend together...,45
scena/mp4000.dat:0x76a7e,scena/mp4000.dat,We've been playing catch up with work for,42
scena/mp4000.dat:0x76ab7,scena/mp4000.dat,I was hoping for Portos...,27
scena/mp4000.dat:0x76ad2,scena/mp4000.dat,"Between the two potential mayors,",34
scena/mp4000.dat:0x76b03,scena/mp4000.dat,"Phew, I'm really getting out of shape.",39
scena/mp4000.dat:0x76b39,scena/mp4000.dat,me take their fishin' rod.,27
scena/mp4000.dat:0x76b54,scena/mp4000.dat,A total stranger made,22
scena/mp4000.dat:0x76b79,scena/mp4000.dat,"So, I figured, what the heck!",30
scena/mp4000.dat:0x76ba6,scena/mp4000.dat,wouldn't be the worst thing ever.,34
scena/mp4000.dat:0x76bc8,scena/mp4000.dat,Bein' able to fish on my breaks,32
scena/mp4000.dat:0x76bf7,scena/mp4000.dat,This is prime fishin' time!,28
scena/mp4000.dat:0x76c22,scena/mp4000.dat,The guy who gave me that rod came back again.,46
scena/mp4000.dat:0x76c5f,scena/mp4000.dat,said he's with the Fisherman's Guild?,38
scena/mp4000.dat:0x76c85,scena/mp4000.dat,"I still don't really get it, but he",36
scena/mp4000.dat:0x76cb8,scena/mp4000.dat,as well get some fishin' in.,29
scena/mp4000.dat:0x76cd5,scena/mp4000.dat,"...Can't do any work, so I might",33
scena/mp4000.dat:0x76d05,scena/mp4000.dat,Why don't ya join me? It's seriously relaxin'.,47
scena/mp4000.dat:0x76d43,scena/mp4000.dat,management office.,19
scena/mp4000.dat:0x76d56,scena/mp4000.dat,This is the warehouse district's,33
scena/mp4000.dat:0x76d86,scena/mp4000.dat,"Right. I'll finish up here, then go take a break.",50
scena/mp4000.dat:0x76dc7,scena/mp4000.dat,That means breaks are as good as gold!,39
scena/mp4000.dat:0x76dee,scena/mp4000.dat,"For us folks here, health is wealth.",37
scena/mp4000.dat:0x76e22,scena/mp4000.dat,"Whew, I'm starving. What should I eat today?",45
scena/mp4000.dat:0x76e74,scena/mp4000.dat,Zoning out's how accidents happen.,35
scena/mp4000.dat:0x76e97,scena/mp4000.dat,"...Whoops, I've got to stay sharp.",35
scena/mp4000.dat:0x76ec9,scena/mp4000.dat,but there's no work to be done.,32
scena/mp4000.dat:0x76ee9,scena/mp4000.dat,"I've been coming to work as usual,",35
scena/mp4000.dat:0x76f1b,scena/mp4000.dat,What's going to happen if this keeps up?,41
scena/mp4000.dat:0x76f53,scena/mp4000.dat,Hm? What're you lookin' for?,29
scena/mp4000.dat:0x76f7f,scena/mp4000.dat,you gotta go through the office.,33
scena/mp4000.dat:0x76fa0,scena/mp4000.dat,"If you wanna rent a warehouse,",31
scena/mp4000.dat:0x76fce,scena/mp4000.dat,a rough one. I'm wiped.,24
scena/mp4000.dat:0x76fe6,scena/mp4000.dat,"Phew... Man, today's been",26
scena/mp4000.dat:0x7700f,scena/mp4000.dat,around at this hour for?,25
scena/mp4000.dat:0x77028,scena/mp4000.dat,Hm? What're you wanderin',26
scena/mp4000.dat:0x77051,scena/mp4000.dat,"Heck yeah, quittin' time!",26
scena/mp4000.dat:0x7706b,scena/mp4000.dat,I'm almost done for the day!,29
scena/mp4000.dat:0x77097,scena/mp4000.dat,Hm? A girl in a white dress?,29
scena/mp4000.dat:0x770c3,scena/mp4000.dat,"Nope, ain't seen anyone like that 'round here.",47
scena/mp4000.dat:0x77101,scena/mp4000.dat,to get a peek at that thing.,29
scena/mp4000.dat:0x7711e,scena/mp4000.dat,Hm? Guess you folks're here,28
scena/mp4000.dat:0x77149,scena/mp4000.dat,that'll get ya the best view.,30
scena/mp4000.dat:0x77167,scena/mp4000.dat,"Head out onto the jetty,",25
scena/mp4000.dat:0x7718f,scena/mp4000.dat,You folks here to see the harbor?,34
scena/mp4000.dat:0x771c0,scena/mp4000.dat,"but don't be a bother, alright?",32
scena/mp4000.dat:0x771e0,scena/mp4000.dat,"You can take a look around,",28
scena/mp4000.dat:0x7720b,scena/mp4000.dat,I shouldn't have eaten that extra lunch...,43
scena/mp4000.dat:0x77236,scena/mp4000.dat,Uuugh... My stomach weighs a torim...,38
scena/mp4000.dat:0x7726b,scena/mp4000.dat,then I can clock out!,22
scena/mp4000.dat:0x77281,scena/mp4000.dat,"Okay! Only a bit more to finish up,",36
scena/mp4000.dat:0x772e7,scena/mp4000.dat,"back on track, there's a whole new crisis.",43
scena/mp4000.dat:0x77312,scena/mp4000.dat,Right when we finally get the harbor schedule,46
scena/mp4000.dat:0x7734f,scena/mp4000.dat,"Did Aidios abandon us, or what?",32
scena/mp4000.dat:0x7737e,scena/mp4000.dat,"What, did you want to see a real pro at work?",46
scena/mp4000.dat:0x773ac,scena/mp4000.dat,"Decided to venture all the way back here, huh?",47
scena/mp4000.dat:0x773ea,scena/mp4000.dat,"the time, year-round.",22
scena/mp4000.dat:0x77400,scena/mp4000.dat,"In this job, you're on your feet all",37
scena/mp4000.dat:0x77434,scena/mp4000.dat,of legs to survive this gig.,29
scena/mp4000.dat:0x77451,scena/mp4000.dat,"Honestly, you need a sturdy set",32
scena/mp4000.dat:0x77480,scena/mp4000.dat,Phew! Worked up a good sweat today!,36
scena/mp4000.dat:0x774b3,scena/mp4000.dat,better shift than I was expecting.,35
scena/mp4000.dat:0x774d6,scena/mp4000.dat,Haha! This ended up being an even,34
scena/mp4000.dat:0x77507,scena/mp4000.dat,and the ships we need are stuck...,35
scena/mp4000.dat:0x7752a,scena/mp4000.dat,"Our cargo vehicles are useless,",32
scena/mp4000.dat:0x77559,scena/mp4000.dat,What are we supposed to do now?,32
scena/mp4000.dat:0x77588,scena/mp4000.dat,You can see clear across to the Krone Range.,45
scena/mp4000.dat:0x775b5,scena/mp4000.dat,We've got some bright blue skies again today!,46
scena/mp4000.dat:0x775f2,scena/mp4000.dat,"Man, I love this job.",22
scena/mp4000.dat:0x77617,scena/mp4000.dat,"I mean, I get to admire Valleria Lake every day!",49
scena/mp4000.dat:0x77657,scena/mp4000.dat,cruising into the sunset...,28
scena/mp4000.dat:0x77673,scena/mp4000.dat,Just look at that ship gallantly,33
scena/mp4000.dat:0x776a3,scena/mp4000.dat,better coming off the lake.,28
scena/mp4000.dat:0x776bf,scena/mp4000.dat,"Mhm, the breeze is even",24
scena/mp4000.dat:0x776e6,scena/mp4000.dat,How long are things going to stay like this...?,48
scena/mp4000.dat:0x77725,scena/mp4000.dat,Are you here to see some orbal ships?,38
scena/mp4000.dat:0x7775a,scena/mp4000.dat,the best place to get your fill!,33
scena/mp4000.dat:0x7777b,scena/mp4000.dat,Haha! Go right ahead! This is,30
scena/mp4000.dat:0x777a8,scena/mp4000.dat,We've got nothing but beauties in these docks.,47
scena/mp4000.dat:0x777e6,scena/mp4000.dat,"care, which shows in our maintenance work!",43
scena/mp4000.dat:0x77811,scena/mp4000.dat,That's because we shower them with love and,44
scena/mp4000.dat:0x7784c,scena/mp4000.dat,almost feels bittersweet?,26
scena/mp4000.dat:0x77866,scena/mp4000.dat,What is it about sunsets that...,33
scena/mp4000.dat:0x77896,scena/mp4000.dat,"Tee hee! The ships are looking swell today, too!",49
scena/mp4000.dat:0x778d6,scena/mp4000.dat,just...stopped working.,24
scena/mp4000.dat:0x778ee,scena/mp4000.dat,I can't believe that the orbments,34
scena/mp4000.dat:0x7791f,scena/mp4000.dat,*Sigh* Our future's looking pretty bleak.,42
scena/mp4000.dat:0x77958,scena/mp4000.dat,pick up on the job without even thinking...,44
scena/mp4000.dat:0x77984,scena/mp4000.dat,Technical skills are something you just,40
scena/mp4000.dat:0x779bb,scena/mp4000.dat,"I can't say I hate being praised, heh.",39
scena/mp4000.dat:0x779f1,scena/mp4000.dat,front for my subordinates.,27
scena/mp4000.dat:0x77a0c,scena/mp4000.dat,"But, I have to put up a tough",30
scena/mp4000.dat:0x77a39,scena/mp4000.dat,"Hehehe, you really think so?",29
scena/mp4000.dat:0x77a65,scena/mp4000.dat,"I'm a stern, strict supervisor...",34
scena/mp4000.dat:0x77a87,scena/mp4000.dat,"Oh, shoot! I slipped up!",25
scena/mp4000.dat:0x77aaf,scena/mp4000.dat,"being the best teacher, but...",31
scena/mp4000.dat:0x77ace,scena/mp4000.dat,I'm a firm believer in experience,34
scena/mp4000.dat:0x77aff,scena/mp4000.dat,I'm working with young women.,30
scena/mp4000.dat:0x77b1d,scena/mp4000.dat,I turn into a complete pushover when,37
scena/mp4000.dat:0x77b51,scena/mp4000.dat,anything for us technicians to work with.,42
scena/mp4000.dat:0x77b7b,scena/mp4000.dat,"Yeesh... With the orbments down, there isn't",45
scena/mp4000.dat:0x77bb7,scena/mp4000.dat,"Your know-how is amazing, boss!",32
scena/mp4000.dat:0x77bd7,scena/mp4000.dat,Wow... I couldn't do it so well...,35
scena/mp4000.dat:0x77c09,scena/mp4000.dat,Wow! You're so skilled...,26
scena/mp4000.dat:0x77c32,scena/mp4000.dat,You're so amazing! I'm in awe!,31
scena/mp4000.dat:0x77c60,scena/mp4000.dat,"Hey, boss? What should I do with this circuit?",47
scena/mp4000.dat:0x77c9e,scena/mp4000.dat,...Huh? Why isn't this thing working?,38
scena/mp4000.dat:0x77cd3,scena/mp4000.dat,"C'mon, move for me? Pretty please?",35
scena/mp4000.dat:0x77d05,scena/mp4000.dat,Oho! That's quite a lot of cargo.,34
scena/mp4000.dat:0x77d36,scena/mp4000.dat,the more of a mystery it seems.,32
scena/mp4000.dat:0x77d56,scena/mp4000.dat,"Hmm... The longer I look at it,",32
scena/mp4000.dat:0x77d85,scena/mp4000.dat,I wish I'd brought my camera.,30
scena/mp4000.dat:0x77da3,scena/mp4000.dat,Orbal ships sure are impressive.,33
scena/mp4000.dat:0x77dd3,scena/mp4000.dat,"Come to think of it, this is really weird...",45
scena/mp4000.dat:0x77e0f,scena/mp4000.dat,the orbments are working?,26
scena/mp4000.dat:0x77e29,scena/mp4000.dat,How can it stay afloat if none of,34
scena/mp4000.dat:0x77e5a,scena/mp4000.dat,the pearl of Liberl. It truly is a beautiful city.,51
scena/mp4000.dat:0x77e8d,scena/mp4000.dat,Mhm... I see now why they call Grancel,39
scena/mp4000.dat:0x77ec3,scena/mp4000.dat,"I've seen quite a lot in my lifetime, but...",45
scena/mp4000.dat:0x77eff,scena/mp4000.dat,"Well, never anything as incredible as that!",44
scena/mp4000.dat:0x77f3a,scena/mp4000.dat,"Hm, I wonder.",14
scena/mp4000.dat:0x77f48,scena/mp4000.dat,"that's causing the orbment outage, but...",42
scena/mp4000.dat:0x77f72,scena/mp4000.dat,I've heard rumors saying it's that floating thing,50
scena/mp4000.dat:0x77fb3,scena/mp4000.dat,this warehouse district.,25
scena/mp4000.dat:0x77fcc,scena/mp4000.dat,Nice... I like the ambience of,31
scena/mp4000.dat:0x77ffa,scena/mp4000.dat,the orbments stopped working!,30
scena/mp4000.dat:0x78018,scena/mp4000.dat,"When that thing showed up, all",31
scena/mp4000.dat:0x78046,scena/mp4000.dat,the Arseille to shoot it down?,31
scena/mp4000.dat:0x78065,scena/mp4000.dat,Could the Royal Guard use,26
scena/mp4000.dat:0x7808e,scena/mp4000.dat,the ground without orbal power...,34
scena/mp4000.dat:0x780b0,scena/mp4000.dat,"...Wait, no. The Arseille can't get off",40
scena/mp4000.dat:0x780e7,scena/mp4000.dat,"Mhm, there's something about being at a harbor...",50
scena/mp4000.dat:0x78128,scena/mp4000.dat,I'd want it to be in a place like this.,40
scena/mp4000.dat:0x78150,scena/mp4000.dat,"If I ever profess my love to someone,",38
scena/mp4000.dat:0x78185,scena/mp4000.dat,makes me feel like a real sailor.,34
scena/mp4000.dat:0x781a7,scena/mp4000.dat,Just standing next to a body of water,38
scena/mp4000.dat:0x781dc,scena/mp4000.dat,like a proper man of the sea?,30
scena/mp4000.dat:0x781fa,scena/mp4000.dat,What do you think? Do I look,29
scena/mp4000.dat:0x78226,scena/mp4000.dat,"Oh gosh, that family looks picture-perfect.",44
scena/mp4000.dat:0x78261,scena/mp4000.dat,"I don't really know why, but I'm tearing up.",45
scena/mp4000.dat:0x7829d,scena/mp4000.dat,Nope! Nuh-uh! I didn't see anything!,37
scena/mp4000.dat:0x782d1,scena/mp4000.dat,and ominous hanging around here!,33
scena/mp4000.dat:0x782f2,scena/mp4000.dat,There's absolutely nothing creepy,34
scena/mp4000.dat:0x78323,scena/mp4000.dat,the vessels with this much cargo...,36
scena/mp4000.dat:0x78347,scena/mp4000.dat,I didn't realize that they loaded up,37
scena/mp4000.dat:0x7837b,scena/mp4000.dat,are just so pleasant!,22
scena/mp4000.dat:0x78391,scena/mp4000.dat,"Airships are nice, but boats",29
scena/mp4000.dat:0x783bd,scena/mp4000.dat,"Oh, wow! Just look at that fabulous view!",42
scena/mp4000.dat:0x783f6,scena/mp4000.dat,"The air is so clear today, you can see so far!",47
scena/mp4000.dat:0x78434,scena/mp4000.dat,"Huh, so that's an orbal ship...!",33
scena/mp4000.dat:0x78464,scena/mp4000.dat,the first time I've ever seen one.,35
scena/mp4000.dat:0x78487,scena/mp4000.dat,"It's a bit embarrassing, but this is",37
scena/mp4000.dat:0x784bb,scena/mp4000.dat,Valleria Lake certainly is refreshing.,39
scena/mp4000.dat:0x784e2,scena/mp4000.dat,The breeze that comes blowing across,37
scena/mp4000.dat:0x78516,scena/mp4000.dat,"Wow, that truly is a gorgeous sunset.",38
scena/mp4000.dat:0x7854b,scena/mp4000.dat,"C-Come on, don't try to scare me...",36
scena/mp4000.dat:0x7857e,scena/mp4000.dat,I-Is someone there?!,21
scena/mp4000.dat:0x785a2,scena/mp4000.dat,about this brick warehouse...,30
scena/mp4000.dat:0x785c0,scena/mp4000.dat,There's just something,23
scena/mp4000.dat:0x785fc,scena/mp4000.dat,"Now, where did my daughter run off to?",39
scena/mp4000.dat:0x78632,scena/mp4000.dat,"Now, where did my daughter run off to?",39
scena/mp4000.dat:0x78668,scena/mp4000.dat,"Don't go anywhere else, okay?",30
scena/mp4000.dat:0x78686,scena/mp4000.dat,"I'm coming, honey! Just wait right there!",42
scena/mp4000.dat:0x786bf,scena/mp4000.dat,harbor have so many turns?,27
scena/mp4000.dat:0x786da,scena/mp4000.dat,"Oh, for the love of... Why does this",37
scena/mp4000.dat:0x7870e,scena/mp4000.dat,Ah! There you are!,19
scena/mp4000.dat:0x78730,scena/mp4000.dat,let you out of my sight.,25
scena/mp4000.dat:0x78749,scena/mp4000.dat,That's the last time I'll,26
scena/mp4000.dat:0x78772,scena/mp4000.dat,I wonder if there's anyone inside?,35
scena/mp4000.dat:0x787a4,scena/mp4000.dat,Mommyyy! Where are yooou?,26
scena/mp4000.dat:0x787cd,scena/mp4000.dat,I'm right heeere! Mommyyy!,27
scena/mp4000.dat:0x787f7,scena/mp4000.dat,Waaaaaah! I want my mommyyy!,29
scena/mp4000.dat:0x78824,scena/mp4000.dat,Whooooa! That big shell is flying!,35
scena/mp4000.dat:0x78856,scena/mp4000.dat,Wh-Whoa! What're you folks doin' here?!,40
scena/mp4000.dat:0x7888d,scena/mp4000.dat,I-I ain't slackin' off! No sirree!,35
scena/mp4000.dat:0x788bf,scena/mp4000.dat,shady-types. Yeah. That.,25
scena/mp4000.dat:0x788d8,scena/mp4000.dat,"I'm just, uh, checkin' for",27
scena/mp4000.dat:0x78902,scena/mp4000.dat,I-I ain't slackin' off! No sirree!,35
scena/mp4000.dat:0x78934,scena/mp4000.dat,shady-types. Yeah. That.,25
scena/mp4000.dat:0x7894d,scena/mp4000.dat,"I'm just, uh, checkin' for",27
scena/mp4000.dat:0x78977,scena/mp4000.dat,when I need a moment to myself.,32
scena/mp4000.dat:0x78997,scena/mp4000.dat,"Okay, fine. I come over here",29
scena/mp4000.dat:0x789c3,scena/mp4000.dat,"You've got spots like that, too, right?",40
scena/mp4000.dat:0x789fa,scena/mp4000.dat,"Man, I'm just drippin' sweat...",32
scena/mp4000.dat:0x78a29,scena/mp4000.dat,Got half a mind to just jump in the dang lake.,47
scena/mp4000.dat:0x78a67,scena/mp4000.dat,Hup! Time to get back to it.,29
scena/mp4000.dat:0x78a93,scena/mp4000.dat,Huh... What the heck was that all about?,41
scena/mp4000.dat:0x78acb,scena/mp4000.dat,so I'll just take a breather.,30
scena/mp4000.dat:0x78ae9,scena/mp4000.dat,"Well, there's nothin' to work on,",34
scena/mp4000.dat:0x78b1a,scena/mp4000.dat,"grounds, if you ask nicely.",28
scena/mp4000.dat:0x78b36,scena/mp4000.dat,You can even eat lunch on the villa,36
scena/mp4000.dat:0x78b69,scena/mp4000.dat,Everyone all sitting together in a circle?,43
scena/mp4000.dat:0x78b94,scena/mp4000.dat,Isn't that perfect for a family?,33
scena/mp4000.dat:0x78bc4,scena/mp4000.dat,Just the way a proper picnic should be!,40
scena/mp4000.dat:0x78bfb,scena/mp4000.dat,"grounds, if you ask nicely.",28
scena/mp4000.dat:0x78c17,scena/mp4000.dat,You can even eat lunch on the villa,36
scena/mp4000.dat:0x78c4a,scena/mp4000.dat,Just the way a proper picnic should be!,40
scena/mp4000.dat:0x78c81,scena/mp4000.dat,...A girl in a white dress?,28
scena/mp4000.dat:0x78c9d,scena/mp4000.dat,"Sorry, what was that?",22
scena/mp4000.dat:0x78cc2,scena/mp4000.dat,I've seen anyone like that.,28
scena/mp4000.dat:0x78cde,scena/mp4000.dat,Hmm... I don't believe,23
scena/mp4000.dat:0x78d04,scena/mp4000.dat,...Children ought to be carefree.,34
scena/mp4000.dat:0x78d35,scena/mp4000.dat,sandwiches taste even better.,30
scena/mp4000.dat:0x78d53,scena/mp4000.dat,Eating here makes my wife's,28
scena/mp4000.dat:0x78d7e,scena/mp4000.dat,"all of Liberl... No, the whole world!",38
scena/mp4000.dat:0x78da4,scena/mp4000.dat,"Why, they're the most delicious in",35
scena/mp4000.dat:0x78dd6,scena/mp4000.dat,"quite frequently, as a family.",31
scena/mp4000.dat:0x78df5,scena/mp4000.dat,We come to the Erbe Royal Villa,32
scena/mp4000.dat:0x78e24,scena/mp4000.dat,Her Majesty has opened it to the citizens.,43
scena/mp4000.dat:0x78e4f,scena/mp4000.dat,"It would be a waste not to, given that",39
scena/mp4000.dat:0x78e85,scena/mp4000.dat,"Really, we ought to be here every day.",39
scena/mp4000.dat:0x78ebb,scena/mp4000.dat,a lovely space go unused.,26
scena/mp4000.dat:0x78ed5,scena/mp4000.dat,There's no reason to let such,30
scena/mp4000.dat:0x78f02,scena/mp4000.dat,It's such a budget-friendly outing!,36
scena/mp4000.dat:0x78f26,scena/mp4000.dat,Especially since they don't charge admission.,46
scena/mp4000.dat:0x78f63,scena/mp4000.dat,...Hm? A girl in a white dress?,32
scena/mp4000.dat:0x78f92,scena/mp4000.dat,I don't recall what they were wearing.,39
scena/mp4000.dat:0x78fb9,scena/mp4000.dat,"I've seen several young ladies today, but",42
scena/mp4000.dat:0x78ff2,scena/mp4000.dat,I'm sorry. Perhaps you should ask someone else?,48
scena/mp4000.dat:0x79031,scena/mp4000.dat,remember what they were wearing.,33
scena/mp4000.dat:0x79052,scena/mp4000.dat,"I've seen several girls today, but I don't",43
scena/mp4000.dat:0x7908c,scena/mp4000.dat,I'm sorry. Perhaps you should ask someone else?,48
scena/mp4000.dat:0x790cb,scena/mp4000.dat,I'm just glad that everyone is enjoying the meal.,50
scena/mp4000.dat:0x7910c,scena/mp4000.dat,it all was more than worth it.,31
scena/mp4000.dat:0x7912b,scena/mp4000.dat,"Mhm, waking up early to make",29
scena/mp4000.dat:0x79157,scena/mp4000.dat,Even people way-back-when did!,31
scena/mp4000.dat:0x79176,scena/mp4000.dat,You dummy! Everyone knows pigeons go 'coo-coo!',48
scena/mp4000.dat:0x791b5,scena/mp4000.dat,You can hear it! It's so obvious!,34
scena/mp4000.dat:0x791e6,scena/mp4000.dat,See? They're definitely saying 'coo-coo.',42
scena/mp4000.dat:0x7921f,scena/mp4000.dat,"Hey, our mom made those sandwiches!",36
scena/mp4000.dat:0x79252,scena/mp4000.dat,Why would you give a pigeon the whole thing?!,46
scena/mp4000.dat:0x7928f,scena/mp4000.dat,"Hey, sis?",10
scena/mp4000.dat:0x792a8,scena/mp4000.dat,"Pigeons say 'choo-choo,' right?",32
scena/mp4000.dat:0x792d7,scena/mp4000.dat,Huh?! That's not what it sounds like to me...,46
scena/mp4000.dat:0x79314,scena/mp4000.dat,"then listen really, really hard!",33
scena/mp4000.dat:0x79335,scena/mp4000.dat,"Okay! I'm gonna give them some food,",37
scena/mp4000.dat:0x79369,scena/mp4000.dat,O-Oh no... That pigeon just l-looked at me...,46
scena/mp4000.dat:0x793a6,scena/mp4000.dat,"Hey! You gave it some sandwich, too!",37
scena/mp4000.dat:0x793da,scena/mp4000.dat,from the bushes near the villa.,32
scena/mp4000.dat:0x793fa,scena/mp4000.dat,I heard a dreadful sound coming,32
scena/mp4000.dat:0x79429,scena/mp4000.dat,come slithering out. And if one did...,39
scena/mp4000.dat:0x79450,scena/mp4000.dat,I was entirely expecting a monster to,38
scena/mp4000.dat:0x79485,scena/mp4000.dat,It wouldn't know what hit it!,30
scena/mp4000.dat:0x794a3,scena/mp4000.dat,"Why, I'd treat it to my signature shoulder throw!",50
scena/mp4000.dat:0x794e4,scena/mp4000.dat,too intimidated to even show a whisker!,40
scena/mp4000.dat:0x7950c,scena/mp4000.dat,"But, what would you know! It must have been",44
scena/mp4000.dat:0x79547,scena/mp4000.dat,my surefire finishing move?,28
scena/mp4000.dat:0x79563,scena/mp4000.dat,Would you like me to teach you,31
scena/mp4000.dat:0x79591,scena/mp4000.dat,"by the lapels, and...!",23
scena/mp4000.dat:0x795a8,scena/mp4000.dat,You grip your opponent firmly,30
scena/mp4000.dat:0x795d5,scena/mp4000.dat,"...Augh! My back! Ow, ow, ow...",32
scena/mp4000.dat:0x79604,scena/mp4000.dat,...Did I see a young lady in a white outfit?,45
scena/mp4000.dat:0x79640,scena/mp4000.dat,and I could say that I haven't.,32
scena/mp4000.dat:0x79660,scena/mp4000.dat,"Hrm... I could say that I have,",32
scena/mp4000.dat:0x7968f,scena/mp4000.dat,around for more than seventy years.,36
scena/mp4000.dat:0x796b3,scena/mp4000.dat,"I may not look it, but I've been kicking",41
scena/mp4000.dat:0x796eb,scena/mp4000.dat,but the wheres and whens are all a mish-mash.,46
scena/mp4000.dat:0x79719,scena/mp4000.dat,"I've seen my share of ladies in white dresses,",47
scena/mp4000.dat:0x7976e,scena/mp4000.dat,around for more than seventy years.,36
scena/mp4000.dat:0x79792,scena/mp4000.dat,"I may not look it, but I've been kicking",41
scena/mp4000.dat:0x797ca,scena/mp4000.dat,but the wheres and whens are all a mish-mash.,46
scena/mp4000.dat:0x797f8,scena/mp4000.dat,"I've seen my share of ladies in white dresses,",47
scena/mp4000.dat:0x7984d,scena/mp4000.dat,Well! My back's feeling much better now.,41
scena/mp4000.dat:0x79885,scena/mp4000.dat,to start back on home.,23
scena/mp4000.dat:0x7989c,scena/mp4000.dat,"It's gotten fairly late, so I ought",36
scena/mp4000.dat:0x798cf,scena/mp4000.dat,Haha! I'm certainly getting my steps in today!,47
scena/mp4000.dat:0x7990d,scena/mp4000.dat,Well! My back's feeling much better now.,41
scena/mp4000.dat:0x79945,scena/mp4000.dat,to start back on home.,23
scena/mp4000.dat:0x7995c,scena/mp4000.dat,"It's gotten fairly late, so I ought",36
scena/mp4000.dat:0x7998f,scena/mp4000.dat,"understated, but they're simply lovely.",40
scena/mp4000.dat:0x799b7,scena/mp4000.dat,Ooh...! The gardens might be a little,38
scena/mp4000.dat:0x799ec,scena/mp4000.dat,"meticulously trimmed, too.",27
scena/mp4000.dat:0x79a07,scena/mp4000.dat,The shrubs and grass are,25
scena/mp4000.dat:0x79a2f,scena/mp4000.dat,but this is quite nice.,24
scena/mp4000.dat:0x79a47,scena/mp4000.dat,"I was expecting something gaudier,",35
scena/mp4000.dat:0x79a79,scena/mp4000.dat,anywhere in the park.,22
scena/mp4000.dat:0x79a8f,scena/mp4000.dat,No one's thrown their trash,28
scena/mp4000.dat:0x79aba,scena/mp4000.dat,pristine as their environment.,31
scena/mp4000.dat:0x79ad9,scena/mp4000.dat,The visitors' manners are just as,34
scena/mp4000.dat:0x79b0a,scena/mp4000.dat,for a girl in a white dress?,29
scena/mp4000.dat:0x79b27,scena/mp4000.dat,...You said you're looking,27
scena/mp4000.dat:0x79b51,scena/mp4000.dat,I'm sorry that I can't be more help.,37
scena/mp4000.dat:0x79b85,scena/mp4000.dat,"the royal villa, then be on my way, but...",43
scena/mp4000.dat:0x79bb0,scena/mp4000.dat,I'd only intended to take a quick peek at,42
scena/mp4000.dat:0x79be9,scena/mp4000.dat,have even overstayed my welcome.,33
scena/mp4000.dat:0x79c0a,scena/mp4000.dat,It's so agreeable here that I may,34
scena/mp4000.dat:0x79c3b,scena/mp4000.dat,If you don't mind my asking...,31
scena/mp4000.dat:0x79c69,scena/mp4000.dat,have heard a dreadfully concerning growl.,42
scena/mp4000.dat:0x79c93,scena/mp4000.dat,"An elderly person came rushing over, claiming to",49
scena/mp4000.dat:0x79cd3,scena/mp4000.dat,anything out of the ordinary?,30
scena/mp4000.dat:0x79cf1,scena/mp4000.dat,I don't suppose you've noticed,31
scena/mp4000.dat:0x79d1f,scena/mp4000.dat,monster we just beat up.,25
scena/mp4000.dat:0x79d38,scena/mp4000.dat,"Oh, they probably meant the big",32
scena/mp4000.dat:0x79d6c,scena/mp4000.dat,so everything should be fine?,30
scena/mp4000.dat:0x79d8a,scena/mp4000.dat,"We already took care of it,",28
scena/mp4000.dat:0x79db9,scena/mp4000.dat,"Did you, now?",14
scena/mp4000.dat:0x79dd6,scena/mp4000.dat,do all seem to be bracers.,27
scena/mp4000.dat:0x79df1,scena/mp4000.dat,"...On a second look, you",25
scena/mp4000.dat:0x79e19,scena/mp4000.dat,having to hunt it down myself.,31
scena/mp4000.dat:0x79e38,scena/mp4000.dat,Well! That saves me the trouble of,35
scena/mp4000.dat:0x79e6a,scena/mp4000.dat,"Come in, and make yourselves at home!",38
scena/mp4000.dat:0x79e90,scena/mp4000.dat,Thank you for your assistance!,31
scena/mp4000.dat:0x79ebe,scena/mp4000.dat,the monster might have injured his back.,41
scena/mp4000.dat:0x79ee7,scena/mp4000.dat,I think that elderly man who was running from,46
scena/mp4000.dat:0x79f24,scena/mp4000.dat,"He's...probably doing alright, right?",38
scena/mp4000.dat:0x79f59,scena/mp4000.dat,A girl in a white dress?,25
scena/mp4000.dat:0x79f81,scena/mp4000.dat,"Today has been particularly busy, so...",40
scena/mp4000.dat:0x79fb8,scena/mp4000.dat,everyone who's passed through the gates.,41
scena/mp4000.dat:0x79fe1,scena/mp4000.dat,I can't say that I've kept track of absolutely,47
scena/mp4000.dat:0x7a01f,scena/mp4000.dat,more visitors than usual?,26
scena/mp4000.dat:0x7a039,scena/mp4000.dat,"Is it just me, or are there way",32
scena/mp4000.dat:0x7a068,scena/mp4000.dat,the signing ceremony.,22
scena/mp4000.dat:0x7a07e,scena/mp4000.dat,closed to the public for a bit before and after,48
scena/mp4000.dat:0x7a0ae,scena/mp4000.dat,"Well, that's probably because the villa will be",48
scena/mp4000.dat:0x7a0ed,scena/mp4000.dat,the grounds while they still can.,34
scena/mp4000.dat:0x7a10f,scena/mp4000.dat,I'll bet everyone wants to tour,32
scena/mp4000.dat:0x7a13e,scena/mp4000.dat,right around the corner.,25
scena/mp4000.dat:0x7a157,scena/mp4000.dat,really makes it feel like the signing ceremony is,50
scena/mp4000.dat:0x7a189,scena/mp4000.dat,"The security HQ is up and running now, which",45
scena/mp4000.dat:0x7a1c5,scena/mp4000.dat,than we've ever seen them before.,34
scena/mp4000.dat:0x7a1e7,scena/mp4000.dat,Things are going to be locked down tighter,43
scena/mp4000.dat:0x7a221,scena/mp4000.dat,Welcome to the Erbe Royal Villa.,33
scena/mp4000.dat:0x7a251,scena/mp4000.dat,we can let bracers through.,28
scena/mp4000.dat:0x7a26d,scena/mp4000.dat,Lt. Colonel Cid said that,26
scena/mp4000.dat:0x7a296,scena/mp4000.dat,"Don't be shy, come on in!",26
scena/mp4000.dat:0x7a2bf,scena/mp4000.dat,we can let bracers through.,28
scena/mp4000.dat:0x7a2db,scena/mp4000.dat,Lt. Colonel Cid said that,26
scena/mp4000.dat:0x7a304,scena/mp4000.dat,"Don't be shy, come on in!",26
scena/mp4000.dat:0x7a32d,scena/mp4000.dat,Hm? While you all look like bracers...,39
scena/mp4000.dat:0x7a363,scena/mp4000.dat,the villa in the middle of a crisis.,37
scena/mp4000.dat:0x7a388,scena/mp4000.dat,It feels like an odd choice to come out to,43
scena/mp4000.dat:0x7a3c2,scena/mp4000.dat,You're free to do your thing.,30
scena/mp4000.dat:0x7a3e0,scena/mp4000.dat,"Not that I'm going to stop you, of course.",43
scena/mp4000.dat:0x7a41a,scena/mp4000.dat,"of staff here right now, though.",33
scena/mp4000.dat:0x7a43b,scena/mp4000.dat,It's just us guards and a handful,34
scena/mp4000.dat:0x7a46c,scena/mp4000.dat,the villa in the middle of a crisis.,37
scena/mp4000.dat:0x7a491,scena/mp4000.dat,It feels like an odd choice to come out to,43
scena/mp4000.dat:0x7a4cb,scena/mp4000.dat,You're free to do your thing.,30
scena/mp4000.dat:0x7a4e9,scena/mp4000.dat,"Not that I'm going to stop you, of course.",43
scena/mp4000.dat:0x7a523,scena/mp4000.dat,"of staff here right now, though.",33
scena/mp4000.dat:0x7a544,scena/mp4000.dat,It's just us guards and a handful,34
scena/mp4000.dat:0x7a575,scena/mp4000.dat,open to the general public.,28
scena/mp4000.dat:0x7a591,scena/mp4000.dat,The Erbe Royal Villa is currently,34
scena/mp4000.dat:0x7a5c2,scena/mp4000.dat,Feel free to make yourselves comfortable.,42
scena/mp4000.dat:0x7a5fb,scena/mp4000.dat,"Pardon? A young girl, you say?",31
scena/mp4000.dat:0x7a629,scena/mp4000.dat,seeing anyone like that.,25
scena/mp4000.dat:0x7a642,scena/mp4000.dat,"...I'm sorry, but I don't recall",33
scena/mp4000.dat:0x7a672,scena/mp4000.dat,defenses as we get closer to the signing ceremony.,51
scena/mp4000.dat:0x7a6a5,scena/mp4000.dat,I heard that we'll be bolstering the region's,46
scena/mp4000.dat:0x7a6e2,scena/mp4000.dat,will remain open to visitors.,30
scena/mp4000.dat:0x7a700,scena/mp4000.dat,"Until that happens, at least, the villa",40
scena/mp4000.dat:0x7a737,scena/mp4000.dat,headquarters until the pact has been signed.,45
scena/mp4000.dat:0x7a764,scena/mp4000.dat,The Erbe Royal Villa will be serving as security,49
scena/mp4000.dat:0x7a7a4,scena/mp4000.dat,visitors until the ceremony has concluded.,43
scena/mp4000.dat:0x7a7cf,scena/mp4000.dat,"So, the grounds will be closed to regular",42
scena/mp4000.dat:0x7a808,scena/mp4000.dat,"with the investigation, aren't you?",36
scena/mp4000.dat:0x7a82c,scena/mp4000.dat,You're the bracers who are assisting,37
scena/mp4000.dat:0x7a860,scena/mp4000.dat,"Please, go on ahead.",21
scena/mp4000.dat:0x7a884,scena/mp4000.dat,We were told to let you in when you came.,42
scena/mp4000.dat:0x7a8bd,scena/mp4000.dat,"Please, go on ahead.",21
scena/mp4000.dat:0x7a8e1,scena/mp4000.dat,We were told to let you in when you came.,42
scena/mp4000.dat:0x7a91a,scena/mp4000.dat,few are allowed to enter the villa right now.,46
scena/mp4000.dat:0x7a948,scena/mp4000.dat,"The situation being what it is, only a select",46
scena/mp4000.dat:0x7a985,scena/mp4000.dat,permitted to head inside.,26
scena/mp4000.dat:0x7a99f,scena/mp4000.dat,"That said, you're among those",30
scena/mp4000.dat:0x7a9cc,scena/mp4000.dat,longer confined to his own quarters.,37
scena/mp4000.dat:0x7a9f1,scena/mp4000.dat,"As you can see, Duke Dunan is no",33
scena/mp4000.dat:0x7aa21,scena/mp4000.dat,"be in the way, honestly.",25
scena/mp4000.dat:0x7aa3a,scena/mp4000.dat,"Even if he stayed here, he'd just",34
scena/mp4000.dat:0x7aa6b,scena/mp4000.dat,to be back in Grancel?,23
scena/mp4000.dat:0x7aa82,scena/mp4000.dat,Is it even alright for him,27
scena/mp4000.dat:0x7aaac,scena/mp4000.dat,"be in the way, honestly.",25
scena/mp4000.dat:0x7aac5,scena/mp4000.dat,"Even if the Duke stayed here, he'd just",40
scena/mp4000.dat:0x7aafc,scena/mp4000.dat,to be back in Grancel?,23
scena/mp4000.dat:0x7ab13,scena/mp4000.dat,Is it even alright for him,27
scena/mp4000.dat:0x7ab3d,scena/mp4000.dat,ended up just being a diversion.,33
scena/mp4000.dat:0x7ab5e,scena/mp4000.dat,The Intelligence Division's attack,35
scena/mp4000.dat:0x7ab90,scena/mp4000.dat,coming from a whole selge away.,32
scena/mp4000.dat:0x7abb0,scena/mp4000.dat,"Well, Lt. Colonel Cid saw that",31
scena/mp4000.dat:0x7abde,scena/mp4000.dat,that day weren't too worried about things.,43
scena/mp4000.dat:0x7ac09,scena/mp4000.dat,"Apparently, the folks who were on duty",39
scena/mp4000.dat:0x7ac3f,scena/mp4000.dat,orbal lights to cut through the gloom.,39
scena/mp4000.dat:0x7ac66,scena/mp4000.dat,Nights sure are a lot scarier without,38
scena/mp4000.dat:0x7ac9b,scena/mp4000.dat,come crashing out of the forest.,33
scena/mp4000.dat:0x7acbc,scena/mp4000.dat,I keep expecting monsters to,29
scena/mp4000.dat:0x7ace8,scena/mp4000.dat,orbal lights to cut through the gloom.,39
scena/mp4000.dat:0x7ad0f,scena/mp4000.dat,Night duty's a lot rougher without,35
scena/mp4000.dat:0x7ad41,scena/mp4000.dat,come crashing out of the forest.,33
scena/mp4000.dat:0x7ad62,scena/mp4000.dat,I keep expecting monsters to,29
scena/mp4000.dat:0x7ad8e,scena/mp4000.dat,kinda keeps a low profile...,29
scena/mp4000.dat:0x7adab,scena/mp4000.dat,"Compared to Colonel Richard, Lt. Colonel Cid",45
scena/mp4000.dat:0x7ade7,scena/mp4000.dat,"But, you can sure trust him to keep a fort safe.",49
scena/mp4000.dat:0x7ae2e,scena/mp4000.dat,"the checkpoints to break up the Erebonian Army,",48
scena/mp4000.dat:0x7ae5e,scena/mp4000.dat,"During the Hundred Days War, they used",39
scena/mp4000.dat:0x7ae94,scena/mp4000.dat,successfully defended.,23
scena/mp4000.dat:0x7aeab,scena/mp4000.dat,"attacks, but thanks to Lt. Colonel Cid, it was",47
scena/mp4000.dat:0x7aeda,scena/mp4000.dat,And Sanktheim Gate was under the heaviest,42
scena/mp4000.dat:0x7af13,scena/mp4000.dat,of good things to say about Lt. Colonel Cid.,45
scena/mp4000.dat:0x7af40,scena/mp4000.dat,I'd bet that even General Bright's got a lot,45
scena/mp4000.dat:0x7af7c,scena/mp4000.dat,kinda keeps a low profile...,29
scena/mp4000.dat:0x7af99,scena/mp4000.dat,"Compared to Colonel Richard, Lt. Colonel Cid",45
scena/mp4000.dat:0x7afd5,scena/mp4000.dat,"But, you can sure trust him to keep a fort safe.",49
scena/mp4000.dat:0x7b015,scena/mp4000.dat,of good things to say about Lt. Colonel Cid.,45
scena/mp4000.dat:0x7b042,scena/mp4000.dat,I'd bet that even General Bright's got a lot,45
scena/mp4000.dat:0x7b07e,scena/mp4000.dat,with those Special Ops guys again.,35
scena/mp4000.dat:0x7b0a1,scena/mp4000.dat,I never thought we'd end up going head-to-head,47
scena/mp4000.dat:0x7b0df,scena/mp4000.dat,Special Ops soldiers sure are something else.,46
scena/mp4000.dat:0x7b10d,scena/mp4000.dat,"Our numbers earned us the win, but those",41
scena/mp4000.dat:0x7b145,scena/mp4000.dat,We're no match for them in hand-to-hand combat...,50
scena/mp4000.dat:0x7b186,scena/mp4000.dat,Special Ops soldiers sure are something else.,46
scena/mp4000.dat:0x7b1b4,scena/mp4000.dat,"Our numbers earned us the win, but those",41
scena/mp4000.dat:0x7b1ec,scena/mp4000.dat,We're no match for them in hand-to-hand combat...,50
scena/mp4000.dat:0x7b22d,scena/mp4000.dat,can't use any of our orbments?,31
scena/mp4000.dat:0x7b24c,scena/mp4000.dat,What's going to happen if we,29
scena/mp4000.dat:0x7b278,scena/mp4000.dat,but we haven't been getting updates at the villa.,50
scena/mp4000.dat:0x7b2aa,scena/mp4000.dat,"I heard that they restored some communications,",48
scena/mp4000.dat:0x7b2e9,scena/mp4000.dat,"All in all, things aren't looking so good...",45
scena/mp4000.dat:0x7b325,scena/mp4000.dat,but we haven't been getting updates at the villa.,50
scena/mp4000.dat:0x7b357,scena/mp4000.dat,"I heard that they restored some communications,",48
scena/mp4000.dat:0x7b396,scena/mp4000.dat,"All in all, things aren't looking so good...",45
scena/mp4000.dat:0x7b3d2,scena/mp4000.dat,So! I heard everything.,24
scena/mp4000.dat:0x7b3f9,scena/mp4000.dat,"up the wall, but no one can do anything about it.",50
scena/mp4000.dat:0x7b42b,scena/mp4000.dat,Duke Dunan's selfishness has been driving us all,49
scena/mp4000.dat:0x7b46b,scena/mp4000.dat,And he actually listened?!,27
scena/mp4000.dat:0x7b486,scena/mp4000.dat,"But, he finally got lectured!",30
scena/mp4000.dat:0x7b4b3,scena/mp4000.dat,"Maaan, it's about dang time!",29
scena/mp4000.dat:0x7b4df,scena/mp4000.dat,"Maaan, it's about dang time!",29
scena/mp4000.dat:0x7b50b,scena/mp4000.dat,"to spare catering to that jerk, anyway.",40
scena/mp4000.dat:0x7b533,scena/mp4000.dat,It's not like the Royal Guard's got the time,45
scena/mp4000.dat:0x7b56f,scena/mp4000.dat,rogue Intelligence Division folks.,35
scena/mp4000.dat:0x7b592,scena/mp4000.dat,Sounds like they got the last of those,39
scena/mp4000.dat:0x7b5c8,scena/mp4000.dat,finally put the coup behind us.,32
scena/mp4000.dat:0x7b5e8,scena/mp4000.dat,That ought to mean that we can,31
scena/mp4000.dat:0x7b616,scena/mp4000.dat,Phillip must sure have his hands full.,39
scena/mp4000.dat:0x7b64c,scena/mp4000.dat,THAT duke.,11
scena/mp4000.dat:0x7b657,scena/mp4000.dat,all the patience you'd need to be the butler of,48
scena/mp4000.dat:0x7b687,scena/mp4000.dat,"Being a butler's hard enough, never mind",41
scena/mp4000.dat:0x7b6bf,scena/mp4000.dat,I have nothing but admiration for Phillip.,43
scena/mp4000.dat:0x7b6f9,scena/mp4000.dat,straight days of great weather.,32
scena/mp4000.dat:0x7b719,scena/mp4000.dat,"Gosh, we've had nothing but",28
scena/mp4000.dat:0x7b744,scena/mp4000.dat,to the signing ceremony.,25
scena/mp4000.dat:0x7b75d,scena/mp4000.dat,I hope that run lasts right up,31
scena/mp4000.dat:0x7b78b,scena/mp4000.dat,Welcome to Gurune Gate.,24
scena/mp4000.dat:0x7b7b2,scena/mp4000.dat,and Rolent regions.,20
scena/mp4000.dat:0x7b7c6,scena/mp4000.dat,This checkpoint connects the Grancel,37
scena/mp4000.dat:0x7b7fa,scena/mp4000.dat,"The pact signing, huh...",25
scena/mp4000.dat:0x7b822,scena/mp4000.dat,make an appearance.,20
scena/mp4000.dat:0x7b836,scena/mp4000.dat,I really hope no dissenters,28
scena/mp4000.dat:0x7b861,scena/mp4000.dat,Welcome to Gurune Gate.,24
scena/mp4000.dat:0x7b888,scena/mp4000.dat,we're being told to really lock things down.,45
scena/mp4000.dat:0x7b8b5,scena/mp4000.dat,"Since the signing ceremony's coming up,",40
scena/mp4000.dat:0x7b8ec,scena/mp4000.dat,Welcome to Gurune Gate!,24
scena/mp4000.dat:0x7b913,scena/mp4000.dat,Did something happen?,22
scena/mp4000.dat:0x7b929,scena/mp4000.dat,You sure look like you're in a hurry.,38
scena/mp4000.dat:0x7b95e,scena/mp4000.dat,a little while longer.,23
scena/mp4000.dat:0x7b975,scena/mp4000.dat,We'll be open to visitors for,30
scena/mp4000.dat:0x7b9a2,scena/mp4000.dat,the scenic route's currently closed.,37
scena/mp4000.dat:0x7b9f0,scena/mp4000.dat,to want to take the Royal Avenue instead.,42
scena/mp4000.dat:0x7ba1a,scena/mp4000.dat,"If you're heading to Grancel, you're going",43
scena/mp4000.dat:0x7ba54,scena/mp4000.dat,of incident in Grancel.,24
scena/mp4000.dat:0x7ba6c,scena/mp4000.dat,I heard there was some sort,28
scena/mp4000.dat:0x7ba97,scena/mp4000.dat,that showed up on the scenic route?,36
scena/mp4000.dat:0x7babb,scena/mp4000.dat,I wonder if that's tied to the Special Ops soldiers,52
scena/mp4000.dat:0x7bafe,scena/mp4000.dat,"Either way, I've got a bad feeling about this...",49
scena/mp4000.dat:0x7bb3e,scena/mp4000.dat,Welcome to Gurune Gate.,24
scena/mp4000.dat:0x7bb65,scena/mp4000.dat,means that travel's being restricted.,38
scena/mp4000.dat:0x7bb8b,scena/mp4000.dat,"We're currently on high alert, which",37
scena/mp4000.dat:0x7bbbf,scena/mp4000.dat,are bracers and folks with the army.,37
scena/mp4000.dat:0x7bbe4,scena/mp4000.dat,The only people who are free to pass through,45
scena/mp4000.dat:0x7bc20,scena/mp4000.dat,which means a quasi-travel embargo.,36
scena/mp4000.dat:0x7bc44,scena/mp4000.dat,"We're under emergency procedures,",34
scena/mp4000.dat:0x7bc75,scena/mp4000.dat,are bracers and folks with the army.,37
scena/mp4000.dat:0x7bc9a,scena/mp4000.dat,The only people who are free to pass through,45
scena/mp4000.dat:0x7bcd6,scena/mp4000.dat,and none of our orbments are working...,40
scena/mp4000.dat:0x7bcfe,scena/mp4000.dat,"There's an island just floating up in the air,",47
scena/mp4000.dat:0x7bd3c,scena/mp4000.dat,"of mysteries recently, huh?",28
scena/mp4000.dat:0x7bd58,scena/mp4000.dat,Liberl's sure had its fair share,33
scena/mp4000.dat:0x7bd88,scena/mp4000.dat,"and say hi, and I wouldn't even bat an eye.",44
scena/mp4000.dat:0x7bdb4,scena/mp4000.dat,"At this point, Aidios herself could come on down",49
scena/mp4000.dat:0x7bdf4,scena/mp4000.dat,"...Ah, sorry. That's maybe a little blasphemous.",49
scena/mp4000.dat:0x7be34,scena/mp4000.dat,and none of our orbments are working...,40
scena/mp4000.dat:0x7be5c,scena/mp4000.dat,"There's an island just floating up in the air,",47
scena/mp4000.dat:0x7be9a,scena/mp4000.dat,only ever hear in fairy tales.,31
scena/mp4000.dat:0x7beb9,scena/mp4000.dat,It's the sort of stuff you used to,35
scena/mp4000.dat:0x7beeb,scena/mp4000.dat,down over in Ruan and Zeiss.,29
scena/mp4000.dat:0x7bf08,scena/mp4000.dat,"Apparently, some weird stuff went",34
scena/mp4000.dat:0x7bf39,scena/mp4000.dat,staying nice and boring.,25
scena/mp4000.dat:0x7bf52,scena/mp4000.dat,At least Grancel and Rolent are,32
scena/mp4000.dat:0x7bf81,scena/mp4000.dat,The signing ceremony's happening soon.,39
scena/mp4000.dat:0x7bfb7,scena/mp4000.dat,they'll be bumping up security.,32
scena/mp4000.dat:0x7bfd7,scena/mp4000.dat,"With all the bigwigs coming and going,",39
scena/mp4000.dat:0x7c00d,scena/mp4000.dat,site for the extra stuff.,26
scena/mp4000.dat:0x7c027,scena/mp4000.dat,I heard the villa's going to be the main,41
scena/mp4000.dat:0x7c05f,scena/mp4000.dat,of things are getting approved in a flash.,43
scena/mp4000.dat:0x7c08a,scena/mp4000.dat,"With General Bright back in the ranks, all sorts",49
scena/mp4000.dat:0x7c0ca,scena/mp4000.dat,for a meeting later today.,27
scena/mp4000.dat:0x7c0e5,scena/mp4000.dat,The warrant officer's called,29
scena/mp4000.dat:0x7c111,scena/mp4000.dat,what happened in Bose.,23
scena/mp4000.dat:0x7c128,scena/mp4000.dat,If I had to guess...it'll be about,35
scena/mp4000.dat:0x7c15a,scena/mp4000.dat,who's involved with that?,26
scena/mp4000.dat:0x7c174,scena/mp4000.dat,"The Society, huh... I wonder",29
scena/mp4000.dat:0x7c1a0,scena/mp4000.dat,I'd better buckle down and guard even harder!,46
scena/mp4000.dat:0x7c1dd,scena/mp4000.dat,"Division, huh...",17
scena/mp4000.dat:0x7c1ee,scena/mp4000.dat,That's really it for the Intelligence,38
scena/mp4000.dat:0x7c223,scena/mp4000.dat,"But, the heck was that giant thing that flew off?",50
scena/mp4000.dat:0x7c255,scena/mp4000.dat,At least that's one less thing to worry about.,47
scena/mp4000.dat:0x7c293,scena/mp4000.dat,everyone here started freaking out.,36
scena/mp4000.dat:0x7c2b7,scena/mp4000.dat,"When the orbments stopped working,",35
scena/mp4000.dat:0x7c2e9,scena/mp4000.dat,"but the gate still won't close, either.",40
scena/mp4000.dat:0x7c311,scena/mp4000.dat,"It was bad enough that all the lights went out,",48
scena/mp4000.dat:0x7c350,scena/mp4000.dat,"running, but that hasn't helped too much.",42
scena/mp4000.dat:0x7c37a,scena/mp4000.dat,I heard they got the communicators back up and,47
scena/mp4000.dat:0x7c3b8,scena/mp4000.dat,"running, but that hasn't helped too much.",42
scena/mp4000.dat:0x7c3e2,scena/mp4000.dat,I heard they got the communicators back up and,47
scena/mp4000.dat:0x7c420,scena/mp4000.dat,but I'd better stay sharp.,27
scena/mp4000.dat:0x7c43b,scena/mp4000.dat,"I don't really know what's going on,",37
scena/mp4000.dat:0x7c46f,scena/mp4000.dat,thing I don't get after the next.,34
scena/mp4000.dat:0x7c491,scena/mp4000.dat,"I swear, it's just been one weird",34
scena/mp4000.dat:0x7c4c2,scena/mp4000.dat,coup feel like small potatoes.,31
scena/mp4000.dat:0x7c4e1,scena/mp4000.dat,"Heck, it's even making the previous",36
scena/mp4000.dat:0x7c514,scena/mp4000.dat,may have belonged to that Society group.,41
scena/mp4000.dat:0x7c53d,scena/mp4000.dat,The machine that attacked you folks,36
scena/mp4000.dat:0x7c570,scena/mp4000.dat,"the area, not just along the scenic route.",43
scena/mp4000.dat:0x7c59b,scena/mp4000.dat,We'll be bolstering our defenses throughout,44
scena/mp4000.dat:0x7c5d6,scena/mp4000.dat,the guild office in Grancel.,29
scena/mp4000.dat:0x7c5f3,scena/mp4000.dat,You should hurry back to,25
scena/mp4000.dat:0x7c632,scena/mp4000.dat,"one request after another, too.",32
scena/mp4000.dat:0x7c652,scena/mp4000.dat,Looks like you've been dealing with,36
scena/mp4000.dat:0x7c685,scena/mp4000.dat,everything revolve around work.,32
scena/mp4000.dat:0x7c6a5,scena/mp4000.dat,"It's good to keep busy, but don't let",38
scena/mp4000.dat:0x7c6da,scena/mp4000.dat,earthquake problem.,20
scena/mp4000.dat:0x7c6ee,scena/mp4000.dat,I heard that Zeiss had a whole,31
scena/mp4000.dat:0x7c71c,scena/mp4000.dat,"Grancel's been nice and quiet, at least.",41
scena/mp4000.dat:0x7c754,scena/mp4000.dat,events since the attempted coup.,33
scena/mp4000.dat:0x7c775,scena/mp4000.dat,There haven't been any major,29
scena/mp4000.dat:0x7c7a1,scena/mp4000.dat,"Nice weather today, huh?",25
scena/mp4000.dat:0x7c7c9,scena/mp4000.dat,a lunch and take my kid to the villa to play.,46
scena/mp4000.dat:0x7c7f7,scena/mp4000.dat,Days like these make me want to pack up,40
scena/mp4000.dat:0x7c82e,scena/mp4000.dat,just started today.,20
scena/mp4000.dat:0x7c842,scena/mp4000.dat,Security patrols around the capital,36
scena/mp4000.dat:0x7c875,scena/mp4000.dat,their extra HQ in the Erbe Royal Villa.,40
scena/mp4000.dat:0x7c89d,scena/mp4000.dat,"Plus, I heard that the army set up",35
scena/mp4000.dat:0x7c8cf,scena/mp4000.dat,"feel real, you know?",21
scena/mp4000.dat:0x7c8e4,scena/mp4000.dat,It's finally making the ceremony,33
scena/mp4000.dat:0x7c914,scena/mp4000.dat,lurking around the capital or the villa.,41
scena/mp4000.dat:0x7c93d,scena/mp4000.dat,There might still be Special Ops soldiers,42
scena/mp4000.dat:0x7c976,scena/mp4000.dat,"Be extra careful out there, alright?",37
scena/mp4000.dat:0x7c9aa,scena/mp4000.dat,he's over on the Zeiss side right now.,39
scena/mp4000.dat:0x7c9d1,scena/mp4000.dat,"I usually stand watch with Wolfe, but",38
scena/mp4000.dat:0x7ca06,scena/mp4000.dat,they're doubling up on security.,33
scena/mp4000.dat:0x7ca27,scena/mp4000.dat,"Since that's the part that faces outward,",42
scena/mp4000.dat:0x7ca60,scena/mp4000.dat,I'm still feeling kind of lonely.,34
scena/mp4000.dat:0x7ca82,scena/mp4000.dat,"I totally support the move, but",32
scena/mp4000.dat:0x7cab1,scena/mp4000.dat,to stand watch alone.,22
scena/mp4000.dat:0x7cac7,scena/mp4000.dat,It's been ages since I've had,30
scena/mp4000.dat:0x7caf4,scena/mp4000.dat,"call for reinforcements, and fast.",35
scena/mp4000.dat:0x7cb17,scena/mp4000.dat,"If-If anything happened, I'd have to",37
scena/mp4000.dat:0x7cb4b,scena/mp4000.dat,nerve-racking without working orbments.,40
scena/mp4000.dat:0x7cb73,scena/mp4000.dat,Standing watch at night is a lot more,38
scena/mp4000.dat:0x7cba8,scena/mp4000.dat,around when everything's pitch black.,38
scena/mp4000.dat:0x7cbce,scena/mp4000.dat,It's so much easier for people to sneak,40
scena/mp4000.dat:0x7cc05,scena/mp4000.dat,that'll let you see in the dark...,35
scena/mp4000.dat:0x7cc28,scena/mp4000.dat,I heard that you can buy glasses in Zeiss,42
scena/mp4000.dat:0x7cc61,scena/mp4000.dat,crossed that our unit invests in them.,39
scena/mp4000.dat:0x7cc88,scena/mp4000.dat,"Well, I'll just have to keep my fingers",40
scena/mp4000.dat:0x7ccbf,scena/mp4000.dat,nerve-racking when all the orbal lights are out...,51
scena/mp4000.dat:0x7ccf2,scena/mp4000.dat,Standing watch at night sure is a lot more,43
scena/mp4000.dat:0x7cd2c,scena/mp4000.dat,those glasses that let you see in the dark...,46
scena/mp4000.dat:0x7cd5a,scena/mp4000.dat,I hope they hurry up and get us some of,40
scena/mp4000.dat:0x7cd91,scena/mp4000.dat,"Festival, and it's been a few months since then...",51
scena/mp4000.dat:0x7cdc4,scena/mp4000.dat,I got stationed here right before the Birthday,47
scena/mp4000.dat:0x7ce02,scena/mp4000.dat,but I think I've gotten used to the place.,43
scena/mp4000.dat:0x7ce2d,scena/mp4000.dat,"It's a big change from my previous post,",41
scena/mp4000.dat:0x7ce65,scena/mp4000.dat,Chief Warrant Officer Dale is famously strict.,47
scena/mp4000.dat:0x7cea3,scena/mp4000.dat,"But, his thinking is a little too rigid.",41
scena/mp4000.dat:0x7cecc,scena/mp4000.dat,"I mean, what military official isn't?",38
scena/mp4000.dat:0x7cf01,scena/mp4000.dat,"You're bracers, right?",23
scena/mp4000.dat:0x7cf27,scena/mp4000.dat,teaming up with the Bracer Guild this time around.,51
scena/mp4000.dat:0x7cf5a,scena/mp4000.dat,I heard that Lt. Colonel Cid's forces are,42
scena/mp4000.dat:0x7cf93,scena/mp4000.dat,"Thanks in advance, I guess!",28
scena/mp4000.dat:0x7cfbe,scena/mp4000.dat,seriously show up in the capital?,34
scena/mp4000.dat:0x7cfe0,scena/mp4000.dat,Did a giant flying archaism,28
scena/mp4000.dat:0x7d00b,scena/mp4000.dat,and Leiston Fortress might really be in trouble...,51
scena/mp4000.dat:0x7d03e,scena/mp4000.dat,"If those rumors are true, then even Haken Gate",47
scena/mp4000.dat:0x7d07c,scena/mp4000.dat,What the heck's that all about?,32
scena/mp4000.dat:0x7d09c,scena/mp4000.dat,The order said something about the 'Society.',46
scena/mp4000.dat:0x7d0d9,scena/mp4000.dat,the Erbe Scenic Route is closed.,33
scena/mp4000.dat:0x7d0fa,scena/mp4000.dat,"Due to the ongoing emergency,",30
scena/mp4000.dat:0x7d127,scena/mp4000.dat,"Sorry, but you can't go any further.",37
scena/mp4000.dat:0x7d15b,scena/mp4000.dat,The culprits are currently hiding along this road.,51
scena/mp4000.dat:0x7d18e,scena/mp4000.dat,An armed group attacked the Erbe Royal Villa.,46
scena/mp4000.dat:0x7d1cb,scena/mp4000.dat,to help corral those attempting to flee.,41
scena/mp4000.dat:0x7d1f4,scena/mp4000.dat,Blockades have been put into place in order,44
scena/mp4000.dat:0x7d22f,scena/mp4000.dat,Scenic Route cordoned off.,27
scena/mp4000.dat:0x7d24a,scena/mp4000.dat,The Royal Army currently has the Erbe,38
scena/mp4000.dat:0x7d27f,scena/mp4000.dat,anyone to be allowed through.,30
scena/mp4000.dat:0x7d29d,scena/mp4000.dat,Under no circumstances is,26
scena/mp4000.dat:0x7d2c6,scena/mp4000.dat,entry beyond this area is prohibited.,38
scena/mp4000.dat:0x7d2ec,scena/mp4000.dat,"Due to the current emergency,",30
scena/mp4000.dat:0x7d319,scena/mp4000.dat,your safety here either.,25
scena/mp4000.dat:0x7d332,scena/mp4000.dat,"To be honest, we can't guarantee",33
scena/mp4000.dat:0x7d362,scena/mp4000.dat,straight back to town.,23
scena/mp4000.dat:0x7d379,scena/mp4000.dat,"If I were you, I'd high tail it",32
scena/mp4000.dat:0x7d3a8,scena/mp4000.dat,"dicey around here, too.",24
scena/mp4000.dat:0x7d3c0,scena/mp4000.dat,Things are looking pretty,26
scena/mp4000.dat:0x7d3e9,scena/mp4000.dat,straight back to town.,23
scena/mp4000.dat:0x7d400,scena/mp4000.dat,"If I were you, I'd high tail it",32
scena/mp4000.dat:0x7d42f,scena/mp4000.dat,"Oh, Ms. Estelle! Are you done with work yet?",45
scena/mp4000.dat:0x7d46b,scena/mp4000.dat,you can hold out a bit more?,29
scena/mp4000.dat:0x7d488,scena/mp4000.dat,Almost! There's just a little left. D'you think,48
scena/mp4000.dat:0x7d4cb,scena/mp4000.dat,"Liberl News, we'll go back to the guild.",41
scena/mp4000.dat:0x7d4f4,scena/mp4000.dat,Once we've finished talking to the folks at,44
scena/mp4000.dat:0x7d533,scena/mp4000.dat,You promise?,13
scena/mp4000.dat:0x7d550,scena/mp4000.dat,"Okay, I guess we can wait that long.",37
scena/mp4000.dat:0x7d584,scena/mp4000.dat,"Great! We'll all have dinner together, okay?",45
scena/mp4000.dat:0x7d5c5,scena/mp4000.dat,"Make sure you finish up fast, Ms. Estelle!",43
scena/mp4000.dat:0x7d5ff,scena/mp4000.dat,"Yep, things've gone right back to normal.",42
scena/mp4000.dat:0x7d638,scena/mp4000.dat,of doing nothing at all.,25
scena/mp4000.dat:0x7d651,scena/mp4000.dat,"Another day, another round",27
scena/mp4000.dat:0x7d67b,scena/mp4000.dat,"to be more of the same, too.",29
scena/mp4000.dat:0x7d698,scena/mp4000.dat,Tomorrow's probably just going,31
scena/mp4000.dat:0x7d6c6,scena/mp4000.dat,keep coasting on by like this...?,34
scena/mp4000.dat:0x7d6e8,scena/mp4000.dat,"No job, no girlfriend... Can I really",38
scena/mp4000.dat:0x7d71d,scena/mp4000.dat,a full day of nothing to do.,29
scena/mp4000.dat:0x7d73a,scena/mp4000.dat,"Well, this is shaping up to be",31
scena/mp4000.dat:0x7d768,scena/mp4000.dat,keep coasting on by like this...?,34
scena/mp4000.dat:0x7d78a,scena/mp4000.dat,"No job, no girlfriend... Can I really",38
scena/mp4000.dat:0x7d7bf,scena/mp4000.dat,I'm pouring my heart out.,26
scena/mp4000.dat:0x7d7d9,scena/mp4000.dat,"C'mon, man. Don't yawn when",28
scena/mp4000.dat:0x7d804,scena/mp4000.dat,Be a bud and worry with me.,28
scena/mp4000.dat:0x7d82f,scena/mp4000.dat,the world is.,14
scena/mp4000.dat:0x7d83d,scena/mp4000.dat,really makes you appreciate how beautiful,42
scena/mp4000.dat:0x7d867,scena/mp4000.dat,Watching the sunset dye the pale clouds crimson,48
scena/mp4000.dat:0x7d8a6,scena/mp4000.dat,"my whole existence is, too.",28
scena/mp4000.dat:0x7d8c2,scena/mp4000.dat,Makes me realize just how insignificant,40
scena/mp4000.dat:0x7d8f9,scena/mp4000.dat,guy like me do?,16
scena/mp4000.dat:0x7d909,scena/mp4000.dat,"...Hey, Ricky? What should a good-for-nothing",46
scena/mp4000.dat:0x7d946,scena/mp4000.dat,the sunset. Which was weirdly refreshing?,42
scena/mp4000.dat:0x7d970,scena/mp4000.dat,"Yesterday, we ran all out, straight into",41
scena/mp4000.dat:0x7d9a8,scena/mp4000.dat,"moaning, I'll never get anywhere.",34
scena/mp4000.dat:0x7d9ca,scena/mp4000.dat,...Right! If I just spend all my time,38
scena/mp4000.dat:0x7d9ff,scena/mp4000.dat,I know! I should go on a trip!,31
scena/mp4000.dat:0x7da2d,scena/mp4000.dat,his own path through life.,27
scena/mp4000.dat:0x7da48,scena/mp4000.dat,"Yep, a man ought to be able to carve",37
scena/mp4000.dat:0x7da7c,scena/mp4000.dat,"on an epic, life-changing journey!",35
scena/mp4000.dat:0x7da9f,scena/mp4000.dat,"And, so it's high time I ventured out",38
scena/mp4000.dat:0x7dad4,scena/mp4000.dat,remains of warriors' dreams...,31
scena/mp4000.dat:0x7daf3,scena/mp4000.dat,mountains endure... Summer grass is all that,45
scena/mp4000.dat:0x7db20,scena/mp4000.dat,"My love may be shattered, but the rivers and",45
scena/mp4000.dat:0x7db5d,scena/mp4000.dat,"Haha! Check it out, Anton.",27
scena/mp4000.dat:0x7db87,scena/mp4000.dat,That cloud looks like Duke Dunan's hair.,41
scena/mp4000.dat:0x7dbbf,scena/mp4000.dat,"*Yawn* Yep, today's another beaut.",35
scena/mp4000.dat:0x7dbf1,scena/mp4000.dat,"...We could try runnin' into the sunset, I guess?",50
scena/mp4000.dat:0x7dc32,scena/mp4000.dat,"Feels like it'd be refreshing, or something.",45
scena/mp4000.dat:0x7dc5f,scena/mp4000.dat,"Not for anything dramatic, just for like, vibes.",49
scena/mp4000.dat:0x7dc9f,scena/mp4000.dat,"Y'know, there's a saying for folks like Anton.",47
scena/mp4000.dat:0x7dcdd,scena/mp4000.dat,"'Keep it simple, stupid.'",26
scena/mp4000.dat:0x7dd06,scena/mp4000.dat,He's already nailing both of those.,36
scena/mp4000.dat:0x7dd39,scena/mp4000.dat,Heh! Things're never dull when Anton's around.,47
scena/mp4000.dat:0x7dd77,scena/mp4000.dat,"Yep, called it. Anton got dumped in Rolent, too.",49
scena/mp4000.dat:0x7ddb7,scena/mp4000.dat,"in classic lit, I guess.",25
scena/mp4000.dat:0x7ddd0,scena/mp4000.dat,Now he's lookin' at a career,29
scena/mp4000.dat:0x7ddfc,scena/mp4000.dat,"good care of the house, alright?",33
scena/mp4000.dat:0x7de1d,scena/mp4000.dat,Haha! I'm counting on you to take,34
scena/mp4000.dat:0x7de4e,scena/mp4000.dat,between flights to spend time with my kid.,43
scena/mp4000.dat:0x7de79,scena/mp4000.dat,I try to use every spare minute I have,39
scena/mp4000.dat:0x7deaf,scena/mp4000.dat,alone all the time...,22
scena/mp4000.dat:0x7dec5,scena/mp4000.dat,I feel bad about leaving him,29
scena/mp4000.dat:0x7def1,scena/mp4000.dat,"Sorry, Nemo.",13
scena/mp4000.dat:0x7df0d,scena/mp4000.dat,some of that ice cream?,24
scena/mp4000.dat:0x7df25,scena/mp4000.dat,What do you say we get,23
scena/mp4000.dat:0x7df4b,scena/mp4000.dat,"The Linde got anchored in Rolent, but...",41
scena/mp4000.dat:0x7df83,scena/mp4000.dat,that I rushed straight back home.,34
scena/mp4000.dat:0x7dfa5,scena/mp4000.dat,I was so worried about my son,30
scena/mp4000.dat:0x7dfd2,scena/mp4000.dat,What cruel joke is this?!,26
scena/mp4000.dat:0x7dffb,scena/mp4000.dat,I finally made it all the way to the capital...,48
scena/mp4000.dat:0x7e03a,scena/mp4000.dat,BUT THE ARSEILLE ISN'T HERE?!,30
scena/mp4000.dat:0x7e067,scena/mp4000.dat,I finally made it all the way to the capital...,48
scena/mp4000.dat:0x7e0a6,scena/mp4000.dat,BUT THE ARSEILLE ISN'T HERE?!,30
scena/mp4000.dat:0x7e0d3,scena/mp4000.dat,I wonder where the Arseille went...?,37
scena/mp4000.dat:0x7e107,scena/mp4000.dat,Zemuria to find that ship if I have to!,40
scena/mp4000.dat:0x7e12f,scena/mp4000.dat,I swear I'll trek to the ends of,33
scena/mp4000.dat:0x7e15f,scena/mp4000.dat,"sorts of sources, but...",25
scena/mp4000.dat:0x7e178,scena/mp4000.dat,"...Well, that's odd. I checked all",35
scena/mp4000.dat:0x7e1aa,scena/mp4000.dat,ANY landing port right now.,28
scena/mp4000.dat:0x7e1c6,scena/mp4000.dat,The Arseille isn't docked at,29
scena/mp4000.dat:0x7e1f2,scena/mp4000.dat,Maybe she's off on an international flight...,46
scena/mp4000.dat:0x7e22f,scena/mp4000.dat,"this lane for a landing, too.",30
scena/mp4000.dat:0x7e24d,scena/mp4000.dat,"Hm, it looks like they're prepping",35
scena/mp4000.dat:0x7e27f,scena/mp4000.dat,need to make an emergency stop?,32
scena/mp4000.dat:0x7e29f,scena/mp4000.dat,I wonder why? Could a military ship,36
scena/mp4000.dat:0x7e2d2,scena/mp4000.dat,"Or, maybe...",13
scena/mp4000.dat:0x7e2ee,scena/mp4000.dat,"Well, damn it!",15
scena/mp4000.dat:0x7e30c,scena/mp4000.dat,"from the Leibnitz talking, and...",34
scena/mp4000.dat:0x7e32e,scena/mp4000.dat,I just overheard the mechanics,31
scena/mp4000.dat:0x7e35c,scena/mp4000.dat,getting her engine exchanged!,30
scena/mp4000.dat:0x7e37a,scena/mp4000.dat,"The Arseille is over at Leiston Fortress,",42
scena/mp4000.dat:0x7e3b3,scena/mp4000.dat,"I must return to Zeiss, posthaste!",35
scena/mp4000.dat:0x7e3d6,scena/mp4000.dat,I can't waste another second here.,35
scena/mp4000.dat:0x7e408,scena/mp4000.dat,let you stand me up a second time!,35
scena/mp4000.dat:0x7e42b,scena/mp4000.dat,"Wait for me, my darling! I refuse to",37
scena/mp4000.dat:0x7e45f,scena/mp4000.dat,that I've never seen before being transported.,47
scena/mp4000.dat:0x7e48e,scena/mp4000.dat,That reminds me... I spotted an engine model,45
scena/mp4000.dat:0x7e4ca,scena/mp4000.dat,I wonder what it's for?,24
scena/mp4000.dat:0x7e4f1,scena/mp4000.dat,"board the Linde, right this second!",36
scena/mp4000.dat:0x7e515,scena/mp4000.dat,...Gah! What am I doing?! I need to go,39
scena/mp4000.dat:0x7e54b,scena/mp4000.dat,"Yep, this is the History Museum, alright.",42
scena/mp4000.dat:0x7e584,scena/mp4000.dat,"Huh? Jimmy, is that you?",25
scena/mp4000.dat:0x7e5b1,scena/mp4000.dat,bailed me out in Zeiss!,24
scena/mp4000.dat:0x7e5c9,scena/mp4000.dat,Ohhh! You're the bracers who,29
scena/mp4000.dat:0x7e5f5,scena/mp4000.dat,What're you doing here?,24
scena/mp4000.dat:0x7e620,scena/mp4000.dat,that artifact you found.,25
scena/mp4000.dat:0x7e639,scena/mp4000.dat,"Ah, I see. You're dropping off",31
scena/mp4000.dat:0x7e66b,scena/mp4000.dat,but stranger things've happened.,33
scena/mp4000.dat:0x7e68c,scena/mp4000.dat,"Yep. It shouldn't have any power right now,",44
scena/mp4000.dat:0x7e6c7,scena/mp4000.dat,felt like the smart way to go.,31
scena/mp4000.dat:0x7e6e6,scena/mp4000.dat,Leaving it here for the staff to inspect,41
scena/mp4000.dat:0x7e71e,scena/mp4000.dat,"Wow, that's pretty responsible of you.",39
scena/mp4000.dat:0x7e759,scena/mp4000.dat,you let treasure hunting go and got a real job.,48
scena/mp4000.dat:0x7e789,scena/mp4000.dat,"But, you'd be an even MORE responsible adult if",48
scena/mp4000.dat:0x7e7cc,scena/mp4000.dat,"But, that's advice I'm not willing to take!",44
scena/mp4000.dat:0x7e7f8,scena/mp4000.dat,"Oof, that was a low blow.",26
scena/mp4000.dat:0x7e821,scena/mp4000.dat,"mystique and thrills, of course.",33
scena/mp4000.dat:0x7e842,scena/mp4000.dat,Unless you find a gig that has as much,39
scena/mp4000.dat:0x7e878,scena/mp4000.dat,more museum-ish than this.,27
scena/mp4000.dat:0x7e893,scena/mp4000.dat,"Yep, places don't get much",27
scena/mp4000.dat:0x7e8bd,scena/mp4000.dat,to leave a legit artifact.,27
scena/mp4000.dat:0x7e8d8,scena/mp4000.dat,I figured this'd be the best spot,34
scena/mp4000.dat:0x7e909,scena/mp4000.dat,in Zeiss that'd lost its power.,32
scena/mp4000.dat:0x7e929,scena/mp4000.dat,I managed to get my hands on one,33
scena/mp4000.dat:0x7e959,scena/mp4000.dat,"to examine it, so I brought it here.",37
scena/mp4000.dat:0x7e97e,scena/mp4000.dat,I thought the History Museum'd want,36
scena/mp4000.dat:0x7e9b1,scena/mp4000.dat,but it's probably still got research value.,44
scena/mp4000.dat:0x7e9dd,scena/mp4000.dat,"It might be a fancy paperweight now,",37
scena/mp4000.dat:0x7ea11,scena/mp4000.dat,in charge of that sort of thing...,35
scena/mp4000.dat:0x7ea34,scena/mp4000.dat,I just need to figure out who's,32
scena/mp4000.dat:0x7ea63,scena/mp4000.dat,at the Calvard Embassy.,24
scena/mp4000.dat:0x7ea7b,scena/mp4000.dat,I have an upcoming business meeting,36
scena/mp4000.dat:0x7eaae,scena/mp4000.dat,airliners we use here.,23
scena/mp4000.dat:0x7eac5,scena/mp4000.dat,the purchase of airships like the scheduled,44
scena/mp4000.dat:0x7eaf1,scena/mp4000.dat,"Specifically, with the ambassador herself, about",49
scena/mp4000.dat:0x7eb31,scena/mp4000.dat,the Republic does intend to buy some...,40
scena/mp4000.dat:0x7eb59,scena/mp4000.dat,While I'm fairly confident that,32
scena/mp4000.dat:0x7eb88,scena/mp4000.dat,any kind of agreement on the price.,36
scena/mp4000.dat:0x7ebac,scena/mp4000.dat,We haven't been able to come to,32
scena/mp4000.dat:0x7ebdb,scena/mp4000.dat,She is an exceptionally shrewd woman.,38
scena/mp4000.dat:0x7ec01,scena/mp4000.dat,"That Republican ambassador, let me tell you...",47
scena/mp4000.dat:0x7ec3f,scena/mp4000.dat,"latest offer to shreds today, too.",35
scena/mp4000.dat:0x7ec62,scena/mp4000.dat,Ambassador Cochrane tore my,28
scena/mp4000.dat:0x7ec8d,scena/mp4000.dat,precisely where it hurts...,28
scena/mp4000.dat:0x7eca9,scena/mp4000.dat,She really does know how to hit,32
scena/mp4000.dat:0x7ecd8,scena/mp4000.dat,I'm on my way back to Zeiss for now.,37
scena/mp4000.dat:0x7ed0c,scena/mp4000.dat,Ambassador Cochrane to agree on a purchase.,44
scena/mp4000.dat:0x7ed38,scena/mp4000.dat,"It took a lot of needling, but I managed to get",48
scena/mp4000.dat:0x7ed77,scena/mp4000.dat,'barely considered acceptable.',32
scena/mp4000.dat:0x7ed97,scena/mp4000.dat,She gave me an estimate that she,33
scena/mp4000.dat:0x7edc7,scena/mp4000.dat,bargaining I've ever had to go through.,40
scena/mp4000.dat:0x7edef,scena/mp4000.dat,*Sigh* That was the hardest round of,37
scena/mp4000.dat:0x7ee23,scena/mp4000.dat,I think I might have discovered my calling.,44
scena/mp4000.dat:0x7ee5e,scena/mp4000.dat,"So, I'm heading to Bose for educational purposes!",50
scena/mp4000.dat:0x7ee9f,scena/mp4000.dat,Almost... Not much longer now...,33
scena/mp4000.dat:0x7eecf,scena/mp4000.dat,"Once the new engine's finished, then...",40
scena/mp4000.dat:0x7ef06,scena/mp4000.dat,engine's performance is off the charts!,40
scena/mp4000.dat:0x7ef2e,scena/mp4000.dat,"Whoa, okay, seriously. The new",31
scena/mp4000.dat:0x7ef5c,scena/mp4000.dat,There's just not enough data.,30
scena/mp4000.dat:0x7ef7a,scena/mp4000.dat,"But, we still need to do more test flights.",44
scena/mp4000.dat:0x7efb5,scena/mp4000.dat,crank up the output to maximum efficiency.,43
scena/mp4000.dat:0x7efe0,scena/mp4000.dat,Not to mention the last bits of tuning that'll,47
scena/mp4000.dat:0x7f01e,scena/mp4000.dat,"Russell's opinion, while I'm at it.",36
scena/mp4000.dat:0x7f042,scena/mp4000.dat,I also wouldn't mind getting Professor,39
scena/mp4000.dat:0x7f078,scena/mp4000.dat,"<C1>North - Grancel, 179 selge",31
scena/mp4000.dat:0x7f097,scena/mp4000.dat,<C1>South - Sanktheim Gate,27
scena/mp4000.dat:0x7f0b2,scena/mp4000.dat,"<C1>East - Erbe Royal Villa, 224 selge",39
scena/mp4000.dat:0x7f0d9,scena/mp4000.dat,<C1>West - Grancel,19
scena/mp4000.dat:0x7f0ec,scena/mp4000.dat,"<C1>East - Gurune Gate, 165 selge",34
scena/mp4000.dat:0x7f10e,scena/mp4000.dat,"<C1>South - Sanktheim Gate, 228 selge",38
scena/mp4000.dat:0x7f134,scena/mp4000.dat,"<C1>West - Grancel, 168 selge",30
scena/mp4000.dat:0x7f152,scena/mp4000.dat,Gurune Gate,12
scena/mp4000.dat:0x7f15e,scena/mp4000.dat,"<C1>East - Rolent, 368 selge",29
scena/mp4000.dat:0x7f17b,scena/mp4000.dat,"<C1>South - Erbe Royal Villa, 256 selge",40
scena/mp4000.dat:0x7f1a3,scena/mp4000.dat,<C1>The door is locked.,24
scena/mp4000.dat:0x7f1bb,scena/mp4000.dat,Septian Calendar 1163,22
scena/mp4000.dat:0x7f1d1,scena/mp4000.dat,"Manufactured by Zeiss Engineering Factory,",43
scena/mp4000.dat:0x7f1fc,scena/mp4000.dat,<C1>Orbal Clock Model No. 2,28
scena/mp4000.dat:0x7f218,scena/mp4000.dat,<C1>The door is firmly shut.,29
scena/mp4000.dat:0x7f235,scena/mp4000.dat,<C1>The door is firmly shut.,29
scena/mp4000.dat:0x7f252,scena/mp4000.dat,<C1>The door is locked.,24
scena/mp4000.dat:0x7f26d,scena/mp4000.dat, To the Calvard Republic,25
scena/mp4000.dat:0x7f289,scena/mp4000.dat, To Zeiss,10
scena/mp4000.dat:0x7f296,scena/mp4000.dat, To Rolent,11
scena/mp4000.dat:0x7f2a1,scena/mp4000.dat,<C1>Airliner Landing Port,26
scena/mp4000.dat:0x7f2c4,scena/mp4000.dat,[Liberl Orbalship Co.],23
scena/mp4000.dat:0x7f2db,scena/mp4000.dat,<C1>*Carrying flammable or hazardous materials is strictly prohibited.,71
scena/mp4000.dat:0x7f322,scena/mp4000.dat,Liberl Orbalship Co.,21
scena/mp4000.dat:0x7f337,scena/mp4000.dat,*Authorized Personnel Only,27
scena/mp4000.dat:0x7f352,scena/mp4000.dat,<C1>Landing Port Control Tower,31
scena/mp4000.dat:0x7f371,scena/mp4000.dat,"East - Gurune Gate, 256 selge",30
scena/mp4000.dat:0x7f38f,scena/mp4000.dat,"West - Sanktheim Gate, 224 selge",33
scena/mp4000.dat:0x7f3b0,scena/mp4000.dat,<C1>North - Erbe Royal Villa,29
scena/mp4000.dat:0x7f3cd,scena/mp4000.dat,<C1>An old amberl monument stands here.,40
scena/mp4000.dat:0x7f3f5,scena/mp4000.dat,<C1>An old esmelas monument stands here.,41
scena/mp4000.dat:0x7f41e,scena/mp4000.dat,<C1>An old sapphirl monument stands here.,42
scena/mp4000.dat:0x7f448,scena/mp4000.dat,<C1>An old carnelia monument stands here.,42
scena/mp4000.dat:0x7f472,scena/mp4000.dat,*Access prohibited due to heightened security.,47
scena/mp4000.dat:0x7f4ae,scena/mp4000.dat,Harbor District Ahead,22
scena/mp4000.dat:0x7f4c4,scena/mp4000.dat,*Restaurant business potential,31
scena/mp4000.dat:0x7f4ed,scena/mp4000.dat,For Sale,9
scena/mp4000.dat:0x7f4f6,scena/mp4000.dat,<C1>The door is locked.,24
scena/mp4000.dat:0x7f50e,scena/mp4000.dat,<C1>The door is locked.,24
scena/mp4000.dat:0x7f526,scena/mp4000.dat,<C1>The door is locked.,24
scena/mp4000.dat:0x7f53e,scena/mp4000.dat,<C1>The door is locked.,24
scena/mp4000.dat:0x7f556,scena/mp4000.dat,<C1>The door is locked.,24
scena/mp4000.dat:0x7f56e,scena/mp4000.dat,<C1>The door is shut tight.,28
