offset,file,text_en,byte_budget
scena/mp4000_ev.dat:0x1546cd,scena/mp4000_ev.dat, &lG,5
scena/mp4000_ev.dat:0x154721,scena/mp4000_ev.dat, &|G,5
scena/mp4000_ev.dat:0x1591ff,scena/mp4000_ev.dat,@& M,5
scena/mp4000_ev.dat:0x161e15,scena/mp4000_ev.dat, &WW,5
scena/mp4000_ev.dat:0x168621,scena/mp4000_ev.dat,@& _,5
scena/mp4000_ev.dat:0x2352c1,scena/mp4000_ev.dat,before you start your adventure?,33
scena/mp4000_ev.dat:0x2352e2,scena/mp4000_ev.dat,<C2>Trails in the Sky 1st Chapter<C1>,38
scena/mp4000_ev.dat:0x235308,scena/mp4000_ev.dat,<C1>Would you like to watch a summary of,41
scena/mp4000_ev.dat:0x235358,scena/mp4000_ev.dat,<W800>Trails in the Sky 1st Chapter Summary - END,50
scena/mp4000_ev.dat:0x23549c,scena/mp4000_ev.dat,"Oh, Estelle.",13
scena/mp4000_ev.dat:0x2354e4,scena/mp4000_ev.dat,W-We have a problem!,21
scena/mp4000_ev.dat:0x235508,scena/mp4000_ev.dat,I know.,8
scena/mp4000_ev.dat:0x235520,scena/mp4000_ev.dat,"Joshua... He's gone, isn't he?",31
scena/mp4000_ev.dat:0x235568,scena/mp4000_ev.dat,B-But how...?,14
scena/mp4000_ev.dat:0x23558a,scena/mp4000_ev.dat,How the heck do you know that?!,32
scena/mp4000_ev.dat:0x2355cd,scena/mp4000_ev.dat,Came back to find you asleep in my room.,41
scena/mp4000_ev.dat:0x2355f6,scena/mp4000_ev.dat,I had a meeting with some military brass.,42
scena/mp4000_ev.dat:0x235630,scena/mp4000_ev.dat,penned by Joshua.,18
scena/mp4000_ev.dat:0x235689,scena/mp4000_ev.dat,It was more than enough to deduce what happened.,49
scena/mp4000_ev.dat:0x2356da,scena/mp4000_ev.dat,W-Well then...!,16
scena/mp4000_ev.dat:0x2356fe,scena/mp4000_ev.dat,out here like nothing's wrong?!,32
scena/mp4000_ev.dat:0x23571e,scena/mp4000_ev.dat,Then how can you just stand,28
scena/mp4000_ev.dat:0x23574e,scena/mp4000_ev.dat,We need to go look for him!,28
scena/mp4000_ev.dat:0x2357d8,scena/mp4000_ev.dat,down would be impossible. Even for me.,39
scena/mp4000_ev.dat:0x2357ff,scena/mp4000_ev.dat,"If he truly decided to disappear, tracking him",47
scena/mp4000_ev.dat:0x23583e,scena/mp4000_ev.dat,"off five years ago, he almost had me cornered.",47
scena/mp4000_ev.dat:0x23586d,scena/mp4000_ev.dat,"He's far too skilled. After all, when we faced",47
scena/mp4000_ev.dat:0x235913,scena/mp4000_ev.dat,I've avoided asking this question for so long...,49
scena/mp4000_ev.dat:0x235959,scena/mp4000_ev.dat,"Just...who is Joshua, exactly?",31
scena/mp4000_ev.dat:0x2359ea,scena/mp4000_ev.dat,'Ouroboros.' That's what they call themselves.,47
scena/mp4000_ev.dat:0x235a29,scena/mp4000_ev.dat,from the shadows to manipulate global events.,46
scena/mp4000_ev.dat:0x235a57,scena/mp4000_ev.dat,"A secret society led by the Grandmaster, working",49
scena/mp4000_ev.dat:0x235aa9,scena/mp4000_ev.dat,"And apparently, Joshua was once a member.",42
scena/mp4000_ev.dat:0x235b16,scena/mp4000_ev.dat,truly are.,11
scena/mp4000_ev.dat:0x235b21,scena/mp4000_ev.dat,Not even the Bracer Guild knows what they,42
scena/mp4000_ev.dat:0x235b4b,scena/mp4000_ev.dat,There's no hard info on them anywhere.,39
scena/mp4000_ev.dat:0x235b86,scena/mp4000_ev.dat,"incite panic. So, we don't.",28
scena/mp4000_ev.dat:0x235ba2,scena/mp4000_ev.dat,Publicly acknowledging their existence would only,50
scena/mp4000_ev.dat:0x235be9,scena/mp4000_ev.dat,know they're up to something.,30
scena/mp4000_ev.dat:0x235c07,scena/mp4000_ev.dat,"But regardless, they exist. And we",35
scena/mp4000_ev.dat:0x235c3a,scena/mp4000_ev.dat,The coup was but one example of their handiwork.,49
scena/mp4000_ev.dat:0x235ca7,scena/mp4000_ev.dat,Wh-Which means...,18
scena/mp4000_ev.dat:0x235ccd,scena/mp4000_ev.dat,Lieutenant Lorence is part of Ouroboros?!,42
scena/mp4000_ev.dat:0x235d1b,scena/mp4000_ev.dat,"Indeed. Of that, I'm positive.",31
scena/mp4000_ev.dat:0x235d4a,scena/mp4000_ev.dat,He had assistance.,19
scena/mp4000_ev.dat:0x235d5d,scena/mp4000_ev.dat,But that's not all. The lieutenant wasn't alone.,49
scena/mp4000_ev.dat:0x235d9d,scena/mp4000_ev.dat,"...Assistance that included Joshua, it seems.",46
scena/mp4000_ev.dat:0x235ddf,scena/mp4000_ev.dat,H-Hang on a second...,22
scena/mp4000_ev.dat:0x235e0d,scena/mp4000_ev.dat,What do you mean?!,19
scena/mp4000_ev.dat:0x235e46,scena/mp4000_ev.dat,Only what Joshua detailed himself.,35
scena/mp4000_ev.dat:0x235e9d,scena/mp4000_ev.dat,the past five years.,21
scena/mp4000_ev.dat:0x235eb2,scena/mp4000_ev.dat,of guild information to this secret society over,49
scena/mp4000_ev.dat:0x235ee3,scena/mp4000_ev.dat,"In his note, he confessed to leaking a great deal",50
scena/mp4000_ev.dat:0x235f3b,scena/mp4000_ev.dat,hypnotically conditioned to do their bidding.,46
scena/mp4000_ev.dat:0x235f69,scena/mp4000_ev.dat,"Although, it wasn't his own will. He'd been",44
scena/mp4000_ev.dat:0x235fb5,scena/mp4000_ev.dat,N-No way...,12
scena/mp4000_ev.dat:0x235fed,scena/mp4000_ev.dat,I can't believe it...,22
scena/mp4000_ev.dat:0x236018,scena/mp4000_ev.dat,There's no telling what they're capable of.,44
scena/mp4000_ev.dat:0x236054,scena/mp4000_ev.dat,Don't even think about it.,27
scena/mp4000_ev.dat:0x23606f,scena/mp4000_ev.dat,Pursuing them would be foolish.,32
scena/mp4000_ev.dat:0x23610b,scena/mp4000_ev.dat,You've gotta be joking...right?,32
scena/mp4000_ev.dat:0x236172,scena/mp4000_ev.dat,leave Joshua to fend for himself.,34
scena/mp4000_ev.dat:0x236194,scena/mp4000_ev.dat,You're basically saying we should,34
scena/mp4000_ev.dat:0x23626f,scena/mp4000_ev.dat,"C'mon, Dad! Say something!",27
scena/mp4000_ev.dat:0x2362c7,scena/mp4000_ev.dat,I knew this day was bound to come.,35
scena/mp4000_ev.dat:0x2362fa,scena/mp4000_ev.dat,to become my adopted son...,28
scena/mp4000_ev.dat:0x236316,scena/mp4000_ev.dat,"Five years ago, when Joshua agreed",35
scena/mp4000_ev.dat:0x236348,scena/mp4000_ev.dat,...he made me a vow right then and there.,42
scena/mp4000_ev.dat:0x236382,scena/mp4000_ev.dat,A vow?,7
scena/mp4000_ev.dat:0x23639d,scena/mp4000_ev.dat,pose a threat to our family...,31
scena/mp4000_ev.dat:0x2363bc,scena/mp4000_ev.dat,The day his presence would,27
scena/mp4000_ev.dat:0x2363e7,scena/mp4000_ev.dat,head in the form of the Society...,35
scena/mp4000_ev.dat:0x23640a,scena/mp4000_ev.dat,The day his past reared its ugly,33
scena/mp4000_ev.dat:0x23644d,scena/mp4000_ev.dat,...he would then vanish without a trace.,41
scena/mp4000_ev.dat:0x2364ef,scena/mp4000_ev.dat,<W500>...What are you saying?,30
scena/mp4000_ev.dat:0x236531,scena/mp4000_ev.dat,I know how you feel. Trust me.,31
scena/mp4000_ev.dat:0x236560,scena/mp4000_ev.dat,We've lived under the same roof for so long.,45
scena/mp4000_ev.dat:0x23658d,scena/mp4000_ev.dat,"Parting's never easy, even more so with family.",48
scena/mp4000_ev.dat:0x2365dd,scena/mp4000_ev.dat,"he won't cross, no matter what.",32
scena/mp4000_ev.dat:0x2365fd,scena/mp4000_ev.dat,But every man has a line that,30
scena/mp4000_ev.dat:0x2366a2,scena/mp4000_ev.dat,<W400>...So you knew.,22
scena/mp4000_ev.dat:0x23671a,scena/mp4000_ev.dat,that Joshua might leave someday.,33
scena/mp4000_ev.dat:0x23673b,scena/mp4000_ev.dat,<W400>You knew... You knew there was a chance,46
scena/mp4000_ev.dat:0x2367bb,scena/mp4000_ev.dat,<W400>All this time...you knew.,32
scena/mp4000_ev.dat:0x236898,scena/mp4000_ev.dat,I'm sorry.,11
scena/mp4000_ev.dat:0x2368f9,scena/mp4000_ev.dat,"<S5>I hate you, Dad!",21
scena/mp4000_ev.dat:0x2369ca,scena/mp4000_ev.dat,...Sorry you had to see that.,30
scena/mp4000_ev.dat:0x2369fc,scena/mp4000_ev.dat,It's fine.,11
scena/mp4000_ev.dat:0x236a6e,scena/mp4000_ev.dat,You're not going to blame me?,30
scena/mp4000_ev.dat:0x236aac,scena/mp4000_ev.dat,you took me under your wing.,29
scena/mp4000_ev.dat:0x236ac9,scena/mp4000_ev.dat,I also had my share of troubles when,37
scena/mp4000_ev.dat:0x236b03,scena/mp4000_ev.dat,And the same goes for Joshua.,30
scena/mp4000_ev.dat:0x236b21,scena/mp4000_ev.dat,So I can see why you did what you did.,39
scena/mp4000_ev.dat:0x236b57,scena/mp4000_ev.dat,"Yes, you were quite a handful...",33
scena/mp4000_ev.dat:0x236bae,scena/mp4000_ev.dat,I can confidently say one thing.,33
scena/mp4000_ev.dat:0x236bcf,scena/mp4000_ev.dat,"As a woman, however,",21
scena/mp4000_ev.dat:0x236c1c,scena/mp4000_ev.dat,Both you and Joshua...are the absolute worst.,46
scena/mp4000_ev.dat:0x236cf1,scena/mp4000_ev.dat,*Pant* *Huff*,14
scena/mp4000_ev.dat:0x236d9c,scena/mp4000_ev.dat,<W600>He wouldn't.,19
scena/mp4000_ev.dat:0x236dce,scena/mp4000_ev.dat,leave...and never look back.,29
scena/mp4000_ev.dat:0x236deb,scena/mp4000_ev.dat,<W600>There's no way Joshua would just,39
scena/mp4000_ev.dat:0x236e45,scena/mp4000_ev.dat,the best weather for a walk today.,35
scena/mp4000_ev.dat:0x236e68,scena/mp4000_ev.dat,"Whoa, little missy. Not exactly",32
scena/mp4000_ev.dat:0x236ece,scena/mp4000_ev.dat,"home before you get drenched, hm?",34
scena/mp4000_ev.dat:0x236ef0,scena/mp4000_ev.dat,Save yourself the trouble and head,35
scena/mp4000_ev.dat:0x236f9a,scena/mp4000_ev.dat,Yeah. That makes sense.,24
scena/mp4000_ev.dat:0x236fd5,scena/mp4000_ev.dat,Silly me. Joshua didn't leave.,31
scena/mp4000_ev.dat:0x237011,scena/mp4000_ev.dat,He just...went home. Ahead of us.,34
scena/mp4000_ev.dat:0x237050,scena/mp4000_ev.dat,What's that?,13
scena/mp4000_ev.dat:0x23707f,scena/mp4000_ev.dat,"Thanks a bunch, mister!",24
scena/mp4000_ev.dat:0x2370ab,scena/mp4000_ev.dat,"Homeward bound it is, on the double!",37
scena/mp4000_ev.dat:0x23710f,scena/mp4000_ev.dat,"Well, that was weird.",22
scena/mp4000_ev.dat:0x23714c,scena/mp4000_ev.dat,sure I've seen that girl before.,33
scena/mp4000_ev.dat:0x23716d,scena/mp4000_ev.dat,"Hm. Come to think of it, I'm pretty",36
scena/mp4000_ev.dat:0x2371ff,scena/mp4000_ev.dat,helped thwart the coup!,24
scena/mp4000_ev.dat:0x237217,scena/mp4000_ev.dat,Right! She's with the crew that,32
scena/mp4000_ev.dat:0x2373fd,scena/mp4000_ev.dat,Royal Capital Grancel,22
scena/mp4000_ev.dat:0x2374af,scena/mp4000_ev.dat,all day is sooo boring.,24
scena/mp4000_ev.dat:0x2374c7,scena/mp4000_ev.dat,Being stuck on an airship,26
scena/mp4000_ev.dat:0x2374f1,scena/mp4000_ev.dat,them know we're back from our training.,40
scena/mp4000_ev.dat:0x237519,scena/mp4000_ev.dat,Let's head straight for the guild and let,42
scena/mp4000_ev.dat:0x2375b5,scena/mp4000_ev.dat,"O-Oh, sorry...",15
scena/mp4000_ev.dat:0x2375db,scena/mp4000_ev.dat,"Yeah, I guess. We'd better pay Elnan a visit.",46
scena/mp4000_ev.dat:0x237623,scena/mp4000_ev.dat,"Um, are you okay?",18
scena/mp4000_ev.dat:0x237656,scena/mp4000_ev.dat,You seem kinda nervous.,24
scena/mp4000_ev.dat:0x23767d,scena/mp4000_ev.dat,Yeah. I wonder why.,20
scena/mp4000_ev.dat:0x2376a4,scena/mp4000_ev.dat,I didn't feel like this before I went to training.,51
scena/mp4000_ev.dat:0x2376fc,scena/mp4000_ev.dat,senior bracer...makes me feel kinda nervous.,45
scena/mp4000_ev.dat:0x237729,scena/mp4000_ev.dat,But the thought of me being a full-fledged,43
scena/mp4000_ev.dat:0x237769,scena/mp4000_ev.dat,I get it.,10
scena/mp4000_ev.dat:0x237794,scena/mp4000_ev.dat,Well... It's probably gut instinct you're feeling.,51
scena/mp4000_ev.dat:0x2377f0,scena/mp4000_ev.dat,It's...what now?,17
scena/mp4000_ev.dat:0x23782d,scena/mp4000_ev.dat,"last month of training, Estelle.",33
scena/mp4000_ev.dat:0x23784e,scena/mp4000_ev.dat,You've gotten so much stronger in this,39
scena/mp4000_ev.dat:0x23789b,scena/mp4000_ev.dat,"knowledge, caution, judgment, all that stuff.",46
scena/mp4000_ev.dat:0x2378c9,scena/mp4000_ev.dat,I don't mean just physically. I'm talking,42
scena/mp4000_ev.dat:0x237902,scena/mp4000_ev.dat,"organization, bring Joshua back...",35
scena/mp4000_ev.dat:0x237925,scena/mp4000_ev.dat,Now you have to hunt down a mysterious,39
scena/mp4000_ev.dat:0x237976,scena/mp4000_ev.dat,big a burden you're carrying.,30
scena/mp4000_ev.dat:0x237994,scena/mp4000_ev.dat,Maybe it's hitting you now just how,36
scena/mp4000_ev.dat:0x2379df,scena/mp4000_ev.dat,Yeah. I guess you have a point.,32
scena/mp4000_ev.dat:0x237a2b,scena/mp4000_ev.dat,*Sigh* I'm such a dummy.,25
scena/mp4000_ev.dat:0x237a54,scena/mp4000_ev.dat,bother checking the height of the mountain first.,50
scena/mp4000_ev.dat:0x237a86,scena/mp4000_ev.dat,I'm like a mountain climber who didn't even,44
scena/mp4000_ev.dat:0x237ad5,scena/mp4000_ev.dat,climbing it anymore?,21
scena/mp4000_ev.dat:0x237aea,scena/mp4000_ev.dat,"And what, you don't feel like",30
scena/mp4000_ev.dat:0x237b27,scena/mp4000_ev.dat,Heck no! I'm more fired up than ever.,38
scena/mp4000_ev.dat:0x237b70,scena/mp4000_ev.dat,you've gotta climb it one step at a time.,42
scena/mp4000_ev.dat:0x237b9a,scena/mp4000_ev.dat,"No matter how tall the mountain,",33
scena/mp4000_ev.dat:0x237bd4,scena/mp4000_ev.dat,I have to crawl there.,23
scena/mp4000_ev.dat:0x237beb,scena/mp4000_ev.dat,I'll reach the top even if,27
scena/mp4000_ev.dat:0x237c33,scena/mp4000_ev.dat,"Haha, that's the spirit!",25
scena/mp4000_ev.dat:0x237c6d,scena/mp4000_ev.dat,So... How 'bout we go report to the guild now?,47
scena/mp4000_ev.dat:0x237cb7,scena/mp4000_ev.dat,You betcha!,12
scena/mp4000_ev.dat:0x237d48,scena/mp4000_ev.dat,"Well, we'll be headin' off now.",32
scena/mp4000_ev.dat:0x237d78,scena/mp4000_ev.dat,"...Hey, Estelle.",17
scena/mp4000_ev.dat:0x237dab,scena/mp4000_ev.dat,Hm? What's up?,15
scena/mp4000_ev.dat:0x237dc9,scena/mp4000_ev.dat,"to push yourself hard, no doubt.",33
scena/mp4000_ev.dat:0x237dea,scena/mp4000_ev.dat,"Listen, there'll be times when you have",40
scena/mp4000_ev.dat:0x237e22,scena/mp4000_ev.dat,But you're a woman.,20
scena/mp4000_ev.dat:0x237e51,scena/mp4000_ev.dat,And you don't have to keep things all bottled up.,50
scena/mp4000_ev.dat:0x237e83,scena/mp4000_ev.dat,So it's okay to ask for help sometimes.,40
scena/mp4000_ev.dat:0x237edd,scena/mp4000_ev.dat,talk down to me because I'm a girl?!,37
scena/mp4000_ev.dat:0x237f02,scena/mp4000_ev.dat,Wh-What the heck?! You think you can,37
scena/mp4000_ev.dat:0x237f45,scena/mp4000_ev.dat,"No, that's not what I meant.",29
scena/mp4000_ev.dat:0x237f94,scena/mp4000_ev.dat,stubborn over the smallest things.,35
scena/mp4000_ev.dat:0x237fb7,scena/mp4000_ev.dat,Men are stupid. We end up getting,34
scena/mp4000_ev.dat:0x237fe9,scena/mp4000_ev.dat,I'm sure Joshua's just the same.,33
scena/mp4000_ev.dat:0x23800a,scena/mp4000_ev.dat,"I do, your old man does...",27
scena/mp4000_ev.dat:0x238097,scena/mp4000_ev.dat,And we'll never change. We're hopeless.,40
scena/mp4000_ev.dat:0x2380bf,scena/mp4000_ev.dat,We dig our heels in over nothing.,34
scena/mp4000_ev.dat:0x23810c,scena/mp4000_ev.dat,you don't have to make the same mistakes.,42
scena/mp4000_ev.dat:0x238136,scena/mp4000_ev.dat,"I was just tryin' to say that as a woman,",42
scena/mp4000_ev.dat:0x238170,scena/mp4000_ev.dat,And just go at your own pace.,30
scena/mp4000_ev.dat:0x23818e,scena/mp4000_ev.dat,Ask people for help when you need it.,38
scena/mp4000_ev.dat:0x23820b,scena/mp4000_ev.dat,Okay. I'll remember that.,26
scena/mp4000_ev.dat:0x238250,scena/mp4000_ev.dat,"Wow, that was pretty deep...for you.",37
scena/mp4000_ev.dat:0x238293,scena/mp4000_ev.dat,"Yeah, right?! I'm a little surprised, honestly.",48
scena/mp4000_ev.dat:0x2382e8,scena/mp4000_ev.dat,Agate of all people being nice...and to a girl!,48
scena/mp4000_ev.dat:0x238333,scena/mp4000_ev.dat,I don't know what you're talkin' about.,40
scena/mp4000_ev.dat:0x23837a,scena/mp4000_ev.dat,"Hahaha, just teasing!",22
scena/mp4000_ev.dat:0x2383b8,scena/mp4000_ev.dat,...Estelle. Looks like it's goodbye for now.,45
scena/mp4000_ev.dat:0x2383f9,scena/mp4000_ev.dat,"Well, time for us to head off.",31
scena/mp4000_ev.dat:0x238427,scena/mp4000_ev.dat,time together. You've only just got back!,42
scena/mp4000_ev.dat:0x238451,scena/mp4000_ev.dat,Estelle... I wish we could've spent more,41
scena/mp4000_ev.dat:0x23849b,scena/mp4000_ev.dat,"Yeah, me too.",14
scena/mp4000_ev.dat:0x2384b9,scena/mp4000_ev.dat,"Aina is struggling, so...",26
scena/mp4000_ev.dat:0x2384d3,scena/mp4000_ev.dat,"But, oh well. Sounds like",26
scena/mp4000_ev.dat:0x238508,scena/mp4000_ev.dat,Say hi to everyone in Rolent for me!,37
scena/mp4000_ev.dat:0x238544,scena/mp4000_ev.dat,Sure. Will do.,15
scena/mp4000_ev.dat:0x238563,scena/mp4000_ev.dat,Estelle. I know you're doing better now.,41
scena/mp4000_ev.dat:0x2385aa,scena/mp4000_ev.dat,"But just make sure to keep your cool, okay?",44
scena/mp4000_ev.dat:0x2385fe,scena/mp4000_ev.dat,between you and Joshua is far from over.,41
scena/mp4000_ev.dat:0x238627,scena/mp4000_ev.dat,"Estelle, according to my tarot reading, the relationship",57
scena/mp4000_ev.dat:0x238670,scena/mp4000_ev.dat,The bond between you guys is still strong.,43
scena/mp4000_ev.dat:0x23869b,scena/mp4000_ev.dat,So believe in him.,19
scena/mp4000_ev.dat:0x2386f6,scena/mp4000_ev.dat,I'm sure of it.,16
scena/mp4000_ev.dat:0x238706,scena/mp4000_ev.dat,"Eventually, you'll find your way.",34
scena/mp4000_ev.dat:0x238737,scena/mp4000_ev.dat,Okay... If you say so.,23
scena/mp4000_ev.dat:0x238765,scena/mp4000_ev.dat,"Thanks, Schera. That actually helps a lot.",43
scena/mp4000_ev.dat:0x2387f0,scena/mp4000_ev.dat,"Hey, don't make a face like that.",34
scena/mp4000_ev.dat:0x238840,scena/mp4000_ev.dat,You should hold your head high!,32
scena/mp4000_ev.dat:0x238860,scena/mp4000_ev.dat,"You're a senior bracer now, right?",35
scena/mp4000_ev.dat:0x2388d8,scena/mp4000_ev.dat,"...Yeah, you're right.",23
scena/mp4000_ev.dat:0x23891c,scena/mp4000_ev.dat,"Estelle, looks like it's goodbye for now.",42
scena/mp4000_ev.dat:0x2389b4,scena/mp4000_ev.dat,Thanks for joining me during training.,39
scena/mp4000_ev.dat:0x2389eb,scena/mp4000_ev.dat,"Schera asked you to, right?",28
scena/mp4000_ev.dat:0x238a07,scena/mp4000_ev.dat,But you really only came along because,39
scena/mp4000_ev.dat:0x238a59,scena/mp4000_ev.dat,*Gasp* Oh...,13
scena/mp4000_ev.dat:0x238a80,scena/mp4000_ev.dat,"Schera asked you to, right?",28
scena/mp4000_ev.dat:0x238a9c,scena/mp4000_ev.dat,But you really only came along because,39
scena/mp4000_ev.dat:0x238af3,scena/mp4000_ev.dat,*Gasp* Oh...,13
scena/mp4000_ev.dat:0x238b0f,scena/mp4000_ev.dat,"Oops, you got me!",18
scena/mp4000_ev.dat:0x238b3e,scena/mp4000_ev.dat,with someone who didn't know Joshua.,37
scena/mp4000_ev.dat:0x238b63,scena/mp4000_ev.dat,sort out your feelings if you were,35
scena/mp4000_ev.dat:0x238b86,scena/mp4000_ev.dat,We thought you'd find it easier to,35
scena/mp4000_ev.dat:0x238bc0,scena/mp4000_ev.dat,That's why Schera asked me to tag along.,41
scena/mp4000_ev.dat:0x238c07,scena/mp4000_ev.dat,"Haha, I knew it!",17
scena/mp4000_ev.dat:0x238c28,scena/mp4000_ev.dat,"Um, hold on... So much for being discreet!",43
scena/mp4000_ev.dat:0x238c78,scena/mp4000_ev.dat,"Come on, it doesn't really matter anymore.",43
scena/mp4000_ev.dat:0x238cb3,scena/mp4000_ev.dat,"Um, hold on... So much for being discreet!",43
scena/mp4000_ev.dat:0x238d03,scena/mp4000_ev.dat,"Come on, it doesn't really matter anymore.",43
scena/mp4000_ev.dat:0x238d3e,scena/mp4000_ev.dat,"I wanted some training, too.",29
scena/mp4000_ev.dat:0x238d5b,scena/mp4000_ev.dat,"Besides, it's not the only reason I agreed.",44
scena/mp4000_ev.dat:0x238d9a,scena/mp4000_ev.dat,"with you back there, Estelle.",30
scena/mp4000_ev.dat:0x238db8,scena/mp4000_ev.dat,Seriously. I learned a bunch training,38
scena/mp4000_ev.dat:0x238dee,scena/mp4000_ev.dat,"So it helped me, too. Thank you.",33
scena/mp4000_ev.dat:0x238e5a,scena/mp4000_ev.dat,"Also, um, how should I put this...",35
scena/mp4000_ev.dat:0x238ea0,scena/mp4000_ev.dat,"might sound crazy to you, but...",33
scena/mp4000_ev.dat:0x238ec1,scena/mp4000_ev.dat,What I'm about to say,22
scena/mp4000_ev.dat:0x238f0e,scena/mp4000_ev.dat,"Estelle, I think of you as a good friend.",42
scena/mp4000_ev.dat:0x238f5f,scena/mp4000_ev.dat,take things a step further.,28
scena/mp4000_ev.dat:0x238f7b,scena/mp4000_ev.dat,But I'm thinking that I'd like to,34
scena/mp4000_ev.dat:0x23902d,scena/mp4000_ev.dat,"<S5>Wait, WHAT?!",17
scena/mp4000_ev.dat:0x239058,scena/mp4000_ev.dat,you all of a sudden?!,22
scena/mp4000_ev.dat:0x23906e,scena/mp4000_ev.dat,Hooold on... What's gotten into,32
scena/mp4000_ev.dat:0x2390b1,scena/mp4000_ev.dat,"Don't try to stop me, Schera!",30
scena/mp4000_ev.dat:0x2390f8,scena/mp4000_ev.dat,I feel really strongly about this.,35
scena/mp4000_ev.dat:0x239135,scena/mp4000_ev.dat,Y-You feel strongly...?,24
scena/mp4000_ev.dat:0x239190,scena/mp4000_ev.dat,(What the hell is all this about...?),38
scena/mp4000_ev.dat:0x2391f2,scena/mp4000_ev.dat,"older than you, but still.",27
scena/mp4000_ev.dat:0x23920d,scena/mp4000_ev.dat,And I know that I'm two years,30
scena/mp4000_ev.dat:0x239247,scena/mp4000_ev.dat,the closest to me in age.,26
scena/mp4000_ev.dat:0x239261,scena/mp4000_ev.dat,"Among bracers, you're one of",29
scena/mp4000_ev.dat:0x23929a,scena/mp4000_ev.dat,when it comes to things like this...,37
scena/mp4000_ev.dat:0x2392bf,scena/mp4000_ev.dat,"And besides, age doesn't matter",32
scena/mp4000_ev.dat:0x23930a,scena/mp4000_ev.dat,So... What do you say?,23
scena/mp4000_ev.dat:0x23934a,scena/mp4000_ev.dat,"Um, well...",12
scena/mp4000_ev.dat:0x239375,scena/mp4000_ev.dat,all really unexpected!,23
scena/mp4000_ev.dat:0x23938c,scena/mp4000_ev.dat,"I-I'm flattered, but this is",29
scena/mp4000_ev.dat:0x2393ea,scena/mp4000_ev.dat,and all sorts of...other problems...,37
scena/mp4000_ev.dat:0x23940f,scena/mp4000_ev.dat,"And there's Joshua to think about,",35
scena/mp4000_ev.dat:0x239470,scena/mp4000_ev.dat,problems if we became rivals?,30
scena/mp4000_ev.dat:0x23948e,scena/mp4000_ev.dat,Why would there be all sorts of,32
scena/mp4000_ev.dat:0x23956f,scena/mp4000_ev.dat,our fighting skills are evenly matched.,40
scena/mp4000_ev.dat:0x239597,scena/mp4000_ev.dat,Yeah. We're pretty close in age and,36
scena/mp4000_ev.dat:0x2395cb,scena/mp4000_ev.dat,friendly competition so we can both improve.,45
scena/mp4000_ev.dat:0x2395f8,scena/mp4000_ev.dat,I thought it could be good to have some,40
scena/mp4000_ev.dat:0x23962f,scena/mp4000_ev.dat,But...you don't feel the same?,31
scena/mp4000_ev.dat:0x239679,scena/mp4000_ev.dat,Oh... So that's what you meant!,32
scena/mp4000_ev.dat:0x2396bc,scena/mp4000_ev.dat,could've worded that better.,29
scena/mp4000_ev.dat:0x2396d9,scena/mp4000_ev.dat,*Sigh*... You definitely,25
scena/mp4000_ev.dat:0x239702,scena/mp4000_ev.dat,Even I was unsure for a second...,34
scena/mp4000_ev.dat:0x239754,scena/mp4000_ev.dat,Anyway... I like the idea.,27
scena/mp4000_ev.dat:0x239786,scena/mp4000_ev.dat,"I, Estelle Bright, hereby solemnly declare...",46
scena/mp4000_ev.dat:0x2397d0,scena/mp4000_ev.dat,"That I accept you, Anelace, as my official rival!",50
scena/mp4000_ev.dat:0x239877,scena/mp4000_ev.dat,Let's see who can reach,24
scena/mp4000_ev.dat:0x239901,scena/mp4000_ev.dat,Bring it on!,13
scena/mp4000_ev.dat:0x23992e,scena/mp4000_ev.dat,You're not gonna beat me!,26
scena/mp4000_ev.dat:0x239958,scena/mp4000_ev.dat,"Haha, we're in for it now...",29
scena/mp4000_ev.dat:0x2399ab,scena/mp4000_ev.dat,"Looks like we'd better watch our backs, Agate!",47
scena/mp4000_ev.dat:0x2399e9,scena/mp4000_ev.dat,"Hah, ain't that the truth.",27
scena/mp4000_ev.dat:0x239a14,scena/mp4000_ev.dat,kid goin' in guns blazing.,27
scena/mp4000_ev.dat:0x239a2f,scena/mp4000_ev.dat,Nothin' scarier than a,23
scena/mp4000_ev.dat:0x239a55,scena/mp4000_ev.dat,Woman's Voice,14
scena/mp4000_ev.dat:0x239a63,scena/mp4000_ev.dat,bound for Rolent.,18
scena/mp4000_ev.dat:0x239a75,scena/mp4000_ev.dat,"<C1>This is the final boarding call for the Cecilia,",53
scena/mp4000_ev.dat:0x239b14,scena/mp4000_ev.dat,"<C1>All passengers, please board now.",38
scena/mp4000_ev.dat:0x239b4a,scena/mp4000_ev.dat,"Alright, it's time.",20
scena/mp4000_ev.dat:0x239ba1,scena/mp4000_ev.dat,See you guys around.,21
scena/mp4000_ev.dat:0x239bd1,scena/mp4000_ev.dat,"make contact through the guild branches, yeah?",47
scena/mp4000_ev.dat:0x239c00,scena/mp4000_ev.dat,"If any of us have anything to report, let's",44
scena/mp4000_ev.dat:0x239c3b,scena/mp4000_ev.dat,"Okay, will do.",15
scena/mp4000_ev.dat:0x239c6d,scena/mp4000_ev.dat,"See ya! Bye, Agate! Bye, Anelace!",34
scena/mp4000_ev.dat:0x239cb1,scena/mp4000_ev.dat,"Oh, it's time.",15
scena/mp4000_ev.dat:0x239d03,scena/mp4000_ev.dat,"See you later, you two.",24
scena/mp4000_ev.dat:0x239d37,scena/mp4000_ev.dat,"make contact via the guild branches, okay?",43
scena/mp4000_ev.dat:0x239d62,scena/mp4000_ev.dat,"If any of us have anything to report, we'll",44
scena/mp4000_ev.dat:0x239d9d,scena/mp4000_ev.dat,Got it.,8
scena/mp4000_ev.dat:0x239dc8,scena/mp4000_ev.dat,"See ya! Bye, Schera! Bye, Anelace!",35
scena/mp4000_ev.dat:0x239e37,scena/mp4000_ev.dat,"Bye! <w1000>Take care, you guys.",33
scena/mp4000_ev.dat:0x239f5c,scena/mp4000_ev.dat,"wait for the flight to Ruan, huh?",34
scena/mp4000_ev.dat:0x239f7e,scena/mp4000_ev.dat,I guess we'd better go check in and,36
scena/mp4000_ev.dat:0x239fb1,scena/mp4000_ev.dat,that way will be arriving soon.,32
scena/mp4000_ev.dat:0x239fd1,scena/mp4000_ev.dat,"Yeah, looks like the airliner heading",38
scena/mp4000_ev.dat:0x23a013,scena/mp4000_ev.dat,in the capital first?!,23
scena/mp4000_ev.dat:0x23a02a,scena/mp4000_ev.dat,Maybe you'd prefer a spot of shopping,38
scena/mp4000_ev.dat:0x23a050,scena/mp4000_ev.dat,But you just got back after a month away.,42
scena/mp4000_ev.dat:0x23a089,scena/mp4000_ev.dat,"Tempting, but no. They have shops in Ruan, too.",48
scena/mp4000_ev.dat:0x23a0ce,scena/mp4000_ev.dat,Let's go check in now.,23
scena/mp4000_ev.dat:0x23a0f9,scena/mp4000_ev.dat,"Hehe, sure thing.",18
scena/mp4000_ev.dat:0x23a12d,scena/mp4000_ev.dat,Corporation's waiting room.,28
scena/mp4000_ev.dat:0x23a149,scena/mp4000_ev.dat,You can buy tickets in the Liberl Orbalship,44
scena/mp4000_ev.dat:0x23a189,scena/mp4000_ev.dat,should be arriving soon.,25
scena/mp4000_ev.dat:0x23a1a2,scena/mp4000_ev.dat,"Yeah, the airliner for Ruan",28
scena/mp4000_ev.dat:0x23a1ce,scena/mp4000_ev.dat,shops after one month away?,28
scena/mp4000_ev.dat:0x23a1ea,scena/mp4000_ev.dat,But don't you feel like hitting the,36
scena/mp4000_ev.dat:0x23a21d,scena/mp4000_ev.dat,"Yeah, I'd kill to visit a department store.",44
scena/mp4000_ev.dat:0x23a259,scena/mp4000_ev.dat,"What about you, Agate?",23
scena/mp4000_ev.dat:0x23a27f,scena/mp4000_ev.dat,I don't care either way.,25
scena/mp4000_ev.dat:0x23a2ac,scena/mp4000_ev.dat,about what you wear and all that.,34
scena/mp4000_ev.dat:0x23a2ce,scena/mp4000_ev.dat,"You're a girl, so you probably care more",41
scena/mp4000_ev.dat:0x23a318,scena/mp4000_ev.dat,I'm fine leaving it up to you.,31
scena/mp4000_ev.dat:0x23a34b,scena/mp4000_ev.dat,"Oh, right... Hehe.",19
scena/mp4000_ev.dat:0x23a36e,scena/mp4000_ev.dat,"They have shops in Ruan, after all.",36
scena/mp4000_ev.dat:0x23a392,scena/mp4000_ev.dat,"Well, it's tempting, but no.",29
scena/mp4000_ev.dat:0x23a3be,scena/mp4000_ev.dat,Let's go check in now.,23
scena/mp4000_ev.dat:0x23a3e4,scena/mp4000_ev.dat,You sure? Okay then.,21
scena/mp4000_ev.dat:0x23a41b,scena/mp4000_ev.dat,Orbalship Corporation's waiting room.,38
scena/mp4000_ev.dat:0x23a441,scena/mp4000_ev.dat,We can buy tickets in the Liberl,33
scena/mp4000_ev.dat:0x23a476,scena/mp4000_ev.dat,"Okay, got it.",14
scena/mp4000_ev.dat:0x23a599,scena/mp4000_ev.dat,Hello. Are you here to check in?,33
scena/mp4000_ev.dat:0x23a5e9,scena/mp4000_ev.dat,your tickets so we can complete boarding,41
scena/mp4000_ev.dat:0x23a612,scena/mp4000_ev.dat,"If you're flying with us today, please hand over",49
scena/mp4000_ev.dat:0x23a652,scena/mp4000_ev.dat,out here and wait for the ship.,32
scena/mp4000_ev.dat:0x23a672,scena/mp4000_ev.dat,"Once we're checked in, we should hang",38
scena/mp4000_ev.dat:0x23a6b0,scena/mp4000_ev.dat,You all sorted with shopping and everything?,45
scena/mp4000_ev.dat:0x23a6f1,scena/mp4000_ev.dat,around here for the ship.,26
scena/mp4000_ev.dat:0x23a70b,scena/mp4000_ev.dat,"Once we're checked in, we should wait",38
scena/mp4000_ev.dat:0x23a749,scena/mp4000_ev.dat,You all done with shopping and everything?,43
scena/mp4000_ev.dat:0x23a7b7,scena/mp4000_ev.dat,whenever you're ready.,23
scena/mp4000_ev.dat:0x23a7ce,scena/mp4000_ev.dat,Just come back and let me know,31
scena/mp4000_ev.dat:0x23a820,scena/mp4000_ev.dat,"Okay, then please sign these documents here.",45
scena/mp4000_ev.dat:0x23a85c,scena/mp4000_ev.dat,"Sure, no problem.",18
scena/mp4000_ev.dat:0x23a8d9,scena/mp4000_ev.dat,procedures for their flight.,29
scena/mp4000_ev.dat:0x23a8f6,scena/mp4000_ev.dat,<C1>They completed check-in,28
scena/mp4000_ev.dat:0x23a926,scena/mp4000_ev.dat,"There we go, all set.",22
scena/mp4000_ev.dat:0x23a953,scena/mp4000_ev.dat,until the airliner arrives.,28
scena/mp4000_ev.dat:0x23a96f,scena/mp4000_ev.dat,Please wait at the dock,24
scena/mp4000_ev.dat:0x23a99b,scena/mp4000_ev.dat,"Okay, got it.",14
scena/mp4000_ev.dat:0x23a9bc,scena/mp4000_ev.dat,I guess we'd better find a bench to sit on then.,49
scena/mp4000_ev.dat:0x23aa03,scena/mp4000_ev.dat,Shall we find a bench we can sit on while we wait?,51
scena/mp4000_ev.dat:0x23aad2,scena/mp4000_ev.dat,Check in,9
scena/mp4000_ev.dat:0x23aadb,scena/mp4000_ev.dat,I still have things to do,26
scena/mp4000_ev.dat:0x23ab95,scena/mp4000_ev.dat,Royal Capital Grancel,22
scena/mp4000_ev.dat:0x23ac96,scena/mp4000_ev.dat,Whew... Back in the capital again.,35
scena/mp4000_ev.dat:0x23ace1,scena/mp4000_ev.dat,"First things first... We should head to the guild, right?",58
scena/mp4000_ev.dat:0x23ad2a,scena/mp4000_ev.dat,about the army's request.,26
scena/mp4000_ev.dat:0x23ad44,scena/mp4000_ev.dat,"Yeah, we'd better ask Elnan",28
scena/mp4000_ev.dat:0x23ad73,scena/mp4000_ev.dat,about the army's request.,26
scena/mp4000_ev.dat:0x23ad8d,scena/mp4000_ev.dat,Yep. We should ask Elnan,25
scena/mp4000_ev.dat:0x23adb9,scena/mp4000_ev.dat,docked at the landing port today.,34
scena/mp4000_ev.dat:0x23addb,scena/mp4000_ev.dat,How curious... That white ship isn't,37
scena/mp4000_ev.dat:0x23aec4,scena/mp4000_ev.dat,"The Arseille, wasn't it?",25
scena/mp4000_ev.dat:0x23afa9,scena/mp4000_ev.dat,"Oh, you're right.",18
scena/mp4000_ev.dat:0x23afd3,scena/mp4000_ev.dat,"That's the royal family's cruiser, isn't it?",45
scena/mp4000_ev.dat:0x23b019,scena/mp4000_ev.dat,Couldn't it be out on a mission?,33
scena/mp4000_ev.dat:0x23b05c,scena/mp4000_ev.dat,over at Leiston Fortress.,26
scena/mp4000_ev.dat:0x23b076,scena/mp4000_ev.dat,The Arseille is currently,26
scena/mp4000_ev.dat:0x23b119,scena/mp4000_ev.dat,install the new engine there.,30
scena/mp4000_ev.dat:0x23b137,scena/mp4000_ev.dat,I heard they're going to,25
scena/mp4000_ev.dat:0x23b164,scena/mp4000_ev.dat,"factory ship to Leiston Fortress, too.",39
scena/mp4000_ev.dat:0x23b18b,scena/mp4000_ev.dat,"Yeah, the maintenance team took the",36
scena/mp4000_ev.dat:0x23b1fa,scena/mp4000_ev.dat,"Ohhh, that's amazing.",22
scena/mp4000_ev.dat:0x23b234,scena/mp4000_ev.dat,ship is gonna get even better?,31
scena/mp4000_ev.dat:0x23b253,scena/mp4000_ev.dat,"Wait, you mean that awesome",28
scena/mp4000_ev.dat:0x23b288,scena/mp4000_ev.dat,I can't wait to see how it looks next.,39
scena/mp4000_ev.dat:0x23b2c4,scena/mp4000_ev.dat,so its appearance won't change...,34
scena/mp4000_ev.dat:0x23b2e6,scena/mp4000_ev.dat,"They're just replacing the engine,",35
scena/mp4000_ev.dat:0x23b33a,scena/mp4000_ev.dat,But it will definitely be,26
scena/mp4000_ev.dat:0x23b391,scena/mp4000_ev.dat,Erbe Royal Villa,17
scena/mp4000_ev.dat:0x23b3bd,scena/mp4000_ev.dat,Wow... This place is so pretty...!,35
scena/mp4000_ev.dat:0x23b405,scena/mp4000_ev.dat,Erbe Royal Villa... I feel a twinge of nostalgia.,50
scena/mp4000_ev.dat:0x23b46a,scena/mp4000_ev.dat,Erbe Royal Villa... I feel a twinge of nostalgia.,50
scena/mp4000_ev.dat:0x23b4b4,scena/mp4000_ev.dat,"are commoners here, too...",27
scena/mp4000_ev.dat:0x23b4cf,scena/mp4000_ev.dat,"Hey wait, it seems like there",30
scena/mp4000_ev.dat:0x23b525,scena/mp4000_ev.dat,This area is regularly open to the public.,43
scena/mp4000_ev.dat:0x23b564,scena/mp4000_ev.dat,It's an excellent place to come and relax.,43
scena/mp4000_ev.dat:0x23b5a4,scena/mp4000_ev.dat,This area is regularly open to the public.,43
scena/mp4000_ev.dat:0x23b5e3,scena/mp4000_ev.dat,"It's a place to relax, I guess.",32
scena/mp4000_ev.dat:0x23b617,scena/mp4000_ev.dat,regularly open to the public.,30
scena/mp4000_ev.dat:0x23b635,scena/mp4000_ev.dat,I've heard this area is,24
scena/mp4000_ev.dat:0x23b661,scena/mp4000_ev.dat,I suppose they use it as a place to relax.,43
scena/mp4000_ev.dat:0x23b6a5,scena/mp4000_ev.dat,this can't help but inspire me.,32
scena/mp4000_ev.dat:0x23b6c5,scena/mp4000_ev.dat,Hehe. Elegant spaces like,26
scena/mp4000_ev.dat:0x23b6f4,scena/mp4000_ev.dat,them even greater relaxation?,30
scena/mp4000_ev.dat:0x23b712,scena/mp4000_ev.dat,Shall I use my lute to give,28
scena/mp4000_ev.dat:0x23b747,scena/mp4000_ev.dat,Don't even think about it...,29
scena/mp4000_ev.dat:0x23b779,scena/mp4000_ev.dat,be a lot of families here.,27
scena/mp4000_ev.dat:0x23b794,scena/mp4000_ev.dat,"Still, there do seem to",24
scena/mp4000_ev.dat:0x23b7c0,scena/mp4000_ev.dat,"Oh, really?",12
scena/mp4000_ev.dat:0x23b7e5,scena/mp4000_ev.dat,are a lot of families here.,28
scena/mp4000_ev.dat:0x23b801,scena/mp4000_ev.dat,"Now that you mention it, there",31
scena/mp4000_ev.dat:0x23b84e,scena/mp4000_ev.dat,to one of these families.,26
scena/mp4000_ev.dat:0x23b868,scena/mp4000_ev.dat,The lost child likely belongs,30
scena/mp4000_ev.dat:0x23b8a5,scena/mp4000_ev.dat,"find that butler, Raymond.",27
scena/mp4000_ev.dat:0x23b8c0,scena/mp4000_ev.dat,"First things first, let's",26
scena/mp4000_ev.dat:0x23b926,scena/mp4000_ev.dat,to one of these families.,26
scena/mp4000_ev.dat:0x23b940,scena/mp4000_ev.dat,The lost child likely belongs,30
scena/mp4000_ev.dat:0x23b96e,scena/mp4000_ev.dat,"find that butler, Raymond.",27
scena/mp4000_ev.dat:0x23b989,scena/mp4000_ev.dat,"First things first, let's",26
scena/mp4000_ev.dat:0x23b9b7,scena/mp4000_ev.dat,Right. Let's go.,17
scena/mp4000_ev.dat:0x23b9e2,scena/mp4000_ev.dat,to one of these families.,26
scena/mp4000_ev.dat:0x23b9fc,scena/mp4000_ev.dat,The lost child likely belongs,30
scena/mp4000_ev.dat:0x23ba2a,scena/mp4000_ev.dat,"find that butler, Raymond?",27
scena/mp4000_ev.dat:0x23ba45,scena/mp4000_ev.dat,"First things first, shall we",29
scena/mp4000_ev.dat:0x23ba7b,scena/mp4000_ev.dat,"Yeah, let's go.",16
scena/mp4000_ev.dat:0x23bafe,scena/mp4000_ev.dat,Man's Voice,12
scena/mp4000_ev.dat:0x23bb0a,scena/mp4000_ev.dat,"Oh, you are...",15
scena/mp4000_ev.dat:0x23bbfc,scena/mp4000_ev.dat,"Oh, Phillip!",13
scena/mp4000_ev.dat:0x23bc22,scena/mp4000_ev.dat,It's been a while.,19
scena/mp4000_ev.dat:0x23bc4a,scena/mp4000_ev.dat,Princess Klaudia and Ms. Estelle.,34
scena/mp4000_ev.dat:0x23bc6c,scena/mp4000_ev.dat,"It's a pleasure to see you again,",34
scena/mp4000_ev.dat:0x23bca2,scena/mp4000_ev.dat,"Huh...? Oh, it's Phillip!",26
scena/mp4000_ev.dat:0x23bcd5,scena/mp4000_ev.dat,"Ms. Estelle, it's a pleasure to see you again.",47
scena/mp4000_ev.dat:0x23bd18,scena/mp4000_ev.dat,Are you returning from Erbe Royal Villa?,41
scena/mp4000_ev.dat:0x23bd62,scena/mp4000_ev.dat,"Um, yes, that's right...",25
scena/mp4000_ev.dat:0x23bd9d,scena/mp4000_ev.dat,"Did you have business in the capital, Phillip?",47
scena/mp4000_ev.dat:0x23bde0,scena/mp4000_ev.dat,"Were you visiting the capital, Phillip?",40
scena/mp4000_ev.dat:0x23be21,scena/mp4000_ev.dat,"for His Grace, the Duke.",25
scena/mp4000_ev.dat:0x23be3a,scena/mp4000_ev.dat,"Yes, I was doing shopping",26
scena/mp4000_ev.dat:0x23be63,scena/mp4000_ev.dat,His Grace at the villa?,24
scena/mp4000_ev.dat:0x23be7b,scena/mp4000_ev.dat,...Did you by any chance run into,34
scena/mp4000_ev.dat:0x23bed3,scena/mp4000_ev.dat,"U-Um, yeah, sort of.",21
scena/mp4000_ev.dat:0x23bf09,scena/mp4000_ev.dat,to meet him.,13
scena/mp4000_ev.dat:0x23bf16,scena/mp4000_ev.dat,It had been a while since I had last gone,42
scena/mp4000_ev.dat:0x23bf4f,scena/mp4000_ev.dat,he must have said something rude.,34
scena/mp4000_ev.dat:0x23bf71,scena/mp4000_ev.dat,"...Judging by your reaction,",29
scena/mp4000_ev.dat:0x23bfa2,scena/mp4000_ev.dat,"As his retainer, I cannot apologize enough.",44
scena/mp4000_ev.dat:0x23bfce,scena/mp4000_ev.dat,I am deeply sorry.,19
scena/mp4000_ev.dat:0x23c00c,scena/mp4000_ev.dat,Hehe. Not at all.,18
scena/mp4000_ev.dat:0x23c033,scena/mp4000_ev.dat,"arrest, so I was a little worried...",37
scena/mp4000_ev.dat:0x23c058,scena/mp4000_ev.dat,I'd heard he was under house,29
scena/mp4000_ev.dat:0x23c089,scena/mp4000_ev.dat,I was relieved to see him in good health.,42
scena/mp4000_ev.dat:0x23c0d3,scena/mp4000_ev.dat,That's okay. It wasn't me he was rude to.,42
scena/mp4000_ev.dat:0x23c111,scena/mp4000_ev.dat,There's no need to apologize.,30
scena/mp4000_ev.dat:0x23c14f,scena/mp4000_ev.dat,Thank you for your understanding.,34
scena/mp4000_ev.dat:0x23c180,scena/mp4000_ev.dat,Now then... If you'll excuse me.,33
scena/mp4000_ev.dat:0x23c1fd,scena/mp4000_ev.dat,being worked to the bone.,26
scena/mp4000_ev.dat:0x23c217,scena/mp4000_ev.dat,*Sigh* Poor guy is still,25
scena/mp4000_ev.dat:0x23c240,scena/mp4000_ev.dat,job since the Duke was a child.,32
scena/mp4000_ev.dat:0x23c260,scena/mp4000_ev.dat,I heard he's been doing that,29
scena/mp4000_ev.dat:0x23c28c,scena/mp4000_ev.dat,They say he's been a retainer for over 20 years.,49
scena/mp4000_ev.dat:0x23c2dc,scena/mp4000_ev.dat,was in the Royal Guard before that.,36
scena/mp4000_ev.dat:0x23c300,scena/mp4000_ev.dat,"Believe it or not, I heard he",30
scena/mp4000_ev.dat:0x23c34b,scena/mp4000_ev.dat,What? Really?!,15
scena/mp4000_ev.dat:0x23c386,scena/mp4000_ev.dat,judge a book by its cover.,27
scena/mp4000_ev.dat:0x23c3a1,scena/mp4000_ev.dat,"Wow, I guess you really can't",30
scena/mp4000_ev.dat:0x23c402,scena/mp4000_ev.dat,That old man must have special powers.,39
scena/mp4000_ev.dat:0x23c4d9,scena/mp4000_ev.dat,What are you talking about?,28
scena/mp4000_ev.dat:0x23c527,scena/mp4000_ev.dat,"What do you mean, Renne?",25
scena/mp4000_ev.dat:0x23c559,scena/mp4000_ev.dat,"Well, he could walk with his eyes closed.",42
scena/mp4000_ev.dat:0x23c597,scena/mp4000_ev.dat,I could never do that.,23
scena/mp4000_ev.dat:0x23c5f6,scena/mp4000_ev.dat,closed. He was just squinting...,33
scena/mp4000_ev.dat:0x23c617,scena/mp4000_ev.dat,"Um, I don't think his eyes were",32
scena/mp4000_ev.dat:0x23c647,scena/mp4000_ev.dat,really wide when he was surprised.,35
scena/mp4000_ev.dat:0x23c66a,scena/mp4000_ev.dat,"One time, though, his eyes opened",34
scena/mp4000_ev.dat:0x23c6aa,scena/mp4000_ev.dat,"Oh, really?",12
scena/mp4000_ev.dat:0x23c6ca,scena/mp4000_ev.dat,Ehehe. Now I wanna try surprising him.,39
scena/mp4000_ev.dat:0x23c730,scena/mp4000_ev.dat,Okay... Let's hurry back to the guild.,39
scena/mp4000_ev.dat:0x23c766,scena/mp4000_ev.dat,We need to ask Elnan what to do with Renne.,44
scena/mp4000_ev.dat:0x23c7ad,scena/mp4000_ev.dat,representative will be here soon.,34
scena/mp4000_ev.dat:0x23c7cf,scena/mp4000_ev.dat,"What's more, the army",22
scena/mp4000_ev.dat:0x23c7f4,scena/mp4000_ev.dat,Don't tell me you forgot?,26
scena/mp4000_ev.dat:0x23c837,scena/mp4000_ev.dat,You never fail to amaze me.,28
scena/mp4000_ev.dat:0x23c876,scena/mp4000_ev.dat,"representative should be here soon, too.",41
scena/mp4000_ev.dat:0x23c89f,scena/mp4000_ev.dat,"Not only that, but the army",28
scena/mp4000_ev.dat:0x23c8ca,scena/mp4000_ev.dat,"You didn't forget, did you?",28
scena/mp4000_ev.dat:0x23c90f,scena/mp4000_ev.dat,*Sigh* There you go again.,27
scena/mp4000_ev.dat:0x23c964,scena/mp4000_ev.dat,Huh? What's wrong?,19
scena/mp4000_ev.dat:0x23c9a5,scena/mp4000_ev.dat,Aren't you going to take me to the guild place?,48
scena/mp4000_ev.dat:0x23c9f1,scena/mp4000_ev.dat,"Hehe. Come, little lady. Take my hand.",39
scena/mp4000_ev.dat:0x23ca28,scena/mp4000_ev.dat,"I, Olivier, shall humbly serve as your escort.",47
scena/mp4000_ev.dat:0x23ca66,scena/mp4000_ev.dat,"Thanks, but no thanks.",23
scena/mp4000_ev.dat:0x23ca8d,scena/mp4000_ev.dat,I want Ms. Estelle to be my guide.,35
scena/mp4000_ev.dat:0x23cadc,scena/mp4000_ev.dat,You wound me!,14
scena/mp4000_ev.dat:0x23cafe,scena/mp4000_ev.dat,Ahaha... Poor Olivier.,23
scena/mp4000_ev.dat:0x23cb37,scena/mp4000_ev.dat,"Okay, Renne. Let's head to the Bracer Guild.",45
scena/mp4000_ev.dat:0x23cb86,scena/mp4000_ev.dat,"Oh, uh, right. Of course.",26
scena/mp4000_ev.dat:0x23cbc5,scena/mp4000_ev.dat,"Okay, Renne. Let's head to the Bracer Guild.",45
scena/mp4000_ev.dat:0x23cc18,scena/mp4000_ev.dat,Okay. Let's go.,16
scena/mp4000_ev.dat:0x23cca3,scena/mp4000_ev.dat,Now then... Shall we get started?,34
scena/mp4000_ev.dat:0x23cce4,scena/mp4000_ev.dat,"So, um... Where do we go first?",32
scena/mp4000_ev.dat:0x23cd2a,scena/mp4000_ev.dat,Any starting point will do.,28
scena/mp4000_ev.dat:0x23cd56,scena/mp4000_ev.dat,in the Calvard Embassy.,24
scena/mp4000_ev.dat:0x23cd6e,scena/mp4000_ev.dat,I'm free to go wherever I want,31
scena/mp4000_ev.dat:0x23cd9c,scena/mp4000_ev.dat,to the ambassador right away.,30
scena/mp4000_ev.dat:0x23cdba,scena/mp4000_ev.dat,I'm sure I can introduce you,29
scena/mp4000_ev.dat:0x23cdeb,scena/mp4000_ev.dat,I'll do the same at the Erebonian Embassy.,43
scena/mp4000_ev.dat:0x23ce48,scena/mp4000_ev.dat,they'll give you a warm welcome.,33
scena/mp4000_ev.dat:0x23ce69,scena/mp4000_ev.dat,"If I talk to the guards,",25
scena/mp4000_ev.dat:0x23cea0,scena/mp4000_ev.dat,trouble entering Grancel Castle.,33
scena/mp4000_ev.dat:0x23cec1,scena/mp4000_ev.dat,"If I'm with you, you'll have no",32
scena/mp4000_ev.dat:0x23cefb,scena/mp4000_ev.dat,Talking directly to my grandmother would be best.,50
scena/mp4000_ev.dat:0x23cf50,scena/mp4000_ev.dat,"Liberl News won't be a problem, either...",42
scena/mp4000_ev.dat:0x23cf8f,scena/mp4000_ev.dat,Alright. Let's just take them one by one.,42
scena/mp4000_ev.dat:0x23d030,scena/mp4000_ev.dat,"Oh, Zin. Welcome back.",23
scena/mp4000_ev.dat:0x23d05b,scena/mp4000_ev.dat,Can I help you?,16
scena/mp4000_ev.dat:0x23d086,scena/mp4000_ev.dat,"Yes, I came to speak to Ambassador Cochrane...",47
scena/mp4000_ev.dat:0x23d0d0,scena/mp4000_ev.dat,Hey there. It's been a while.,30
scena/mp4000_ev.dat:0x23d101,scena/mp4000_ev.dat,"What the... Hey, it's Zin!",27
scena/mp4000_ev.dat:0x23d12b,scena/mp4000_ev.dat,Visiting Liberl again?,23
scena/mp4000_ev.dat:0x23d156,scena/mp4000_ev.dat,"Haha. Yeah, something like that.",33
scena/mp4000_ev.dat:0x23d18b,scena/mp4000_ev.dat,I'm here to speak to Ambassador Cochrane.,42
scena/mp4000_ev.dat:0x23d1c4,scena/mp4000_ev.dat,Is she here now?,17
scena/mp4000_ev.dat:0x23d1f6,scena/mp4000_ev.dat,"I didn't see her leave, so she must be.",40
scena/mp4000_ev.dat:0x23d247,scena/mp4000_ev.dat,"By the way, who are your companions?",37
scena/mp4000_ev.dat:0x23d297,scena/mp4000_ev.dat,They're comrades of mine from the guild.,41
scena/mp4000_ev.dat:0x23d2d4,scena/mp4000_ev.dat,I'd like to introduce them to the ambassador.,46
scena/mp4000_ev.dat:0x23d311,scena/mp4000_ev.dat,Oh? I see.,11
scena/mp4000_ev.dat:0x23d33b,scena/mp4000_ev.dat,"you, I'll let them through.",28
scena/mp4000_ev.dat:0x23d357,scena/mp4000_ev.dat,"Well, if they're here with",27
scena/mp4000_ev.dat:0x23d3b8,scena/mp4000_ev.dat,Go right ahead.,16
scena/mp4000_ev.dat:0x23d3d7,scena/mp4000_ev.dat,has extraterritorial rights.,29
scena/mp4000_ev.dat:0x23d3f4,scena/mp4000_ev.dat,"Oh, and remember, the embassy",30
scena/mp4000_ev.dat:0x23d436,scena/mp4000_ev.dat,Please refrain from suspicious behavior.,41
scena/mp4000_ev.dat:0x23d48c,scena/mp4000_ev.dat,"Hear that, Olivier?",20
scena/mp4000_ev.dat:0x23d4d5,scena/mp4000_ev.dat,Oh ye of little faith.,23
scena/mp4000_ev.dat:0x23d55f,scena/mp4000_ev.dat,"Oh, it's you, Mr. Olivier.",27
scena/mp4000_ev.dat:0x23d59e,scena/mp4000_ev.dat,"Working hard, I see.",21
scena/mp4000_ev.dat:0x23d5c2,scena/mp4000_ev.dat,We'd like to go inside. Do you mind?,37
scena/mp4000_ev.dat:0x23d607,scena/mp4000_ev.dat,"Greetings, soldier. I hope all goes well.",42
scena/mp4000_ev.dat:0x23d64e,scena/mp4000_ev.dat,M-Mr. Olivier?!,16
scena/mp4000_ev.dat:0x23d66d,scena/mp4000_ev.dat,Where have you been?!,22
scena/mp4000_ev.dat:0x23d697,scena/mp4000_ev.dat,Hm? Is something the matter?,29
scena/mp4000_ev.dat:0x23d6dd,scena/mp4000_ev.dat,You know what I mean...,24
scena/mp4000_ev.dat:0x23d705,scena/mp4000_ev.dat,went to the Elmo Hot Springs.,30
scena/mp4000_ev.dat:0x23d723,scena/mp4000_ev.dat,You disappeared after you,26
scena/mp4000_ev.dat:0x23d74c,scena/mp4000_ev.dat,"Mueller was angry, you know.",29
scena/mp4000_ev.dat:0x23d7ae,scena/mp4000_ev.dat,Heheh... How adorable.,23
scena/mp4000_ev.dat:0x23d7da,scena/mp4000_ev.dat,"Hey, Olivier...",16
scena/mp4000_ev.dat:0x23d802,scena/mp4000_ev.dat,the embassy you were with us?,30
scena/mp4000_ev.dat:0x23d820,scena/mp4000_ev.dat,Do you mean you didn't tell,28
scena/mp4000_ev.dat:0x23d889,scena/mp4000_ev.dat,must be performed in secret.,29
scena/mp4000_ev.dat:0x23d8a6,scena/mp4000_ev.dat,A journey in search of love,28
scena/mp4000_ev.dat:0x23d8e9,scena/mp4000_ev.dat,In any case... May we pass?,28
scena/mp4000_ev.dat:0x23d933,scena/mp4000_ev.dat,"It's fine with me, but...who are your companions?",50
scena/mp4000_ev.dat:0x23d984,scena/mp4000_ev.dat,Hi! We're from the Bracer Guild.,33
scena/mp4000_ev.dat:0x23d9c9,scena/mp4000_ev.dat,We'd like to talk to the ambassador.,37
scena/mp4000_ev.dat:0x23d9fd,scena/mp4000_ev.dat,this jokester introduce us...,30
scena/mp4000_ev.dat:0x23da1b,scena/mp4000_ev.dat,I thought it'd be a good idea to have,38
scena/mp4000_ev.dat:0x23da55,scena/mp4000_ev.dat,I see. Alright.,16
scena/mp4000_ev.dat:0x23da83,scena/mp4000_ev.dat,so entry is no problem...,26
scena/mp4000_ev.dat:0x23da9d,scena/mp4000_ev.dat,"Well, I don't doubt you are who you say,",41
scena/mp4000_ev.dat:0x23dad6,scena/mp4000_ev.dat,and Mr. Mueller are out at the moment.,39
scena/mp4000_ev.dat:0x23dafd,scena/mp4000_ev.dat,"But unfortunately, both Ambassador Crainagh",44
scena/mp4000_ev.dat:0x23db7d,scena/mp4000_ev.dat,"Oh, bad timing.",16
scena/mp4000_ev.dat:0x23dbb3,scena/mp4000_ev.dat,"What'll it be, Estelle? Shall we wait inside?",46
scena/mp4000_ev.dat:0x23dc31,scena/mp4000_ev.dat,"Well, I guess that's an option, but...",39
scena/mp4000_ev.dat:0x23dc6c,scena/mp4000_ev.dat,Let's come back later.,23
scena/mp4000_ev.dat:0x23dc83,scena/mp4000_ev.dat,We don't have much time.,25
scena/mp4000_ev.dat:0x23dcaf,scena/mp4000_ev.dat,the Calvardian Embassy first?,30
scena/mp4000_ev.dat:0x23dccd,scena/mp4000_ev.dat,"In that case, shall we visit",29
scena/mp4000_ev.dat:0x23dd1f,scena/mp4000_ev.dat,It's also located in the East Block.,37
scena/mp4000_ev.dat:0x23dd75,scena/mp4000_ev.dat,"Right. It should be easy to get back here, too.",48
scena/mp4000_ev.dat:0x23ddd2,scena/mp4000_ev.dat,Sounds like a plan!,20
scena/mp4000_ev.dat:0x23de6b,scena/mp4000_ev.dat,"Well, we'll see you again in a bit!",36
scena/mp4000_ev.dat:0x23dea2,scena/mp4000_ev.dat,Alright. See you later.,24
scena/mp4000_ev.dat:0x23df41,scena/mp4000_ev.dat,"Oh, it's you, Mr. Olivier.",27
scena/mp4000_ev.dat:0x23df80,scena/mp4000_ev.dat,"Working hard, I see.",21
scena/mp4000_ev.dat:0x23dfa4,scena/mp4000_ev.dat,We'd like to go inside. Do you mind?,37
scena/mp4000_ev.dat:0x23dfe9,scena/mp4000_ev.dat,"Greetings, soldier. I hope all goes well.",42
scena/mp4000_ev.dat:0x23e030,scena/mp4000_ev.dat,M-Mr. Olivier?!,16
scena/mp4000_ev.dat:0x23e04f,scena/mp4000_ev.dat,Where have you been?!,22
scena/mp4000_ev.dat:0x23e079,scena/mp4000_ev.dat,Hm? Is something the matter?,29
scena/mp4000_ev.dat:0x23e0bf,scena/mp4000_ev.dat,You know what I mean...,24
scena/mp4000_ev.dat:0x23e0e7,scena/mp4000_ev.dat,went to the Elmo Hot Springs.,30
scena/mp4000_ev.dat:0x23e105,scena/mp4000_ev.dat,You disappeared after you,26
scena/mp4000_ev.dat:0x23e12e,scena/mp4000_ev.dat,"Mueller was angry, you know.",29
scena/mp4000_ev.dat:0x23e190,scena/mp4000_ev.dat,Heheh... How adorable.,23
scena/mp4000_ev.dat:0x23e1bc,scena/mp4000_ev.dat,"Hey, Olivier...",16
scena/mp4000_ev.dat:0x23e1e4,scena/mp4000_ev.dat,the embassy you were with us?,30
scena/mp4000_ev.dat:0x23e202,scena/mp4000_ev.dat,Do you mean you didn't tell,28
scena/mp4000_ev.dat:0x23e26b,scena/mp4000_ev.dat,must be performed in secret.,29
scena/mp4000_ev.dat:0x23e288,scena/mp4000_ev.dat,A journey in search of love,28
scena/mp4000_ev.dat:0x23e2cb,scena/mp4000_ev.dat,In any case... May we pass?,28
scena/mp4000_ev.dat:0x23e315,scena/mp4000_ev.dat,"It's fine with me, but...who are your companions?",50
scena/mp4000_ev.dat:0x23e366,scena/mp4000_ev.dat,Hi! We're from the Bracer Guild.,33
scena/mp4000_ev.dat:0x23e3ab,scena/mp4000_ev.dat,We'd like to talk to the ambassador.,37
scena/mp4000_ev.dat:0x23e3df,scena/mp4000_ev.dat,this jokester introduce us...,30
scena/mp4000_ev.dat:0x23e3fd,scena/mp4000_ev.dat,I thought it'd be a good idea to have,38
scena/mp4000_ev.dat:0x23e437,scena/mp4000_ev.dat,I see. Alright.,16
scena/mp4000_ev.dat:0x23e45b,scena/mp4000_ev.dat,so entry is no problem.,24
scena/mp4000_ev.dat:0x23e473,scena/mp4000_ev.dat,"Well, I don't doubt you are who you say,",41
scena/mp4000_ev.dat:0x23e4ba,scena/mp4000_ev.dat,Hello again.,13
scena/mp4000_ev.dat:0x23e4df,scena/mp4000_ev.dat,have just returned.,20
scena/mp4000_ev.dat:0x23e4f3,scena/mp4000_ev.dat,Ambassador Crainagh and Mr. Mueller,36
scena/mp4000_ev.dat:0x23e52a,scena/mp4000_ev.dat,"Ah, excellent!",15
scena/mp4000_ev.dat:0x23e555,scena/mp4000_ev.dat,"So, is it okay for us to go in?",32
scena/mp4000_ev.dat:0x23e5f4,scena/mp4000_ev.dat,"Please, go right ahead.",24
scena/mp4000_ev.dat:0x23e620,scena/mp4000_ev.dat,embassy is an extraterritorial space.,38
scena/mp4000_ev.dat:0x23e646,scena/mp4000_ev.dat,"Oh, but please keep in mind that the",37
scena/mp4000_ev.dat:0x23e67a,scena/mp4000_ev.dat,Will do!,9
scena/mp4000_ev.dat:0x23e7eb,scena/mp4000_ev.dat,"Thank you, Mr. Mueller.",24
scena/mp4000_ev.dat:0x23e817,scena/mp4000_ev.dat,been this open with us if it weren't for you.,46
scena/mp4000_ev.dat:0x23e845,scena/mp4000_ev.dat,I don't know if the ambassador would've,40
scena/mp4000_ev.dat:0x23e88b,scena/mp4000_ev.dat,No... I didn't do much.,24
scena/mp4000_ev.dat:0x23e8b3,scena/mp4000_ev.dat,nations. Cooperating is only natural.,38
scena/mp4000_ev.dat:0x23e8d9,scena/mp4000_ev.dat,"Besides, this matter affects all three",39
scena/mp4000_ev.dat:0x23e90f,scena/mp4000_ev.dat,"Heh, I agree.",14
scena/mp4000_ev.dat:0x23e944,scena/mp4000_ev.dat,"I hope we can resolve this, somehow...",39
scena/mp4000_ev.dat:0x23ea25,scena/mp4000_ev.dat,"Huh...? What's the matter, Olivier?",36
scena/mp4000_ev.dat:0x23ea6f,scena/mp4000_ev.dat,Oh... I was just thinking something.,37
scena/mp4000_ev.dat:0x23eaa8,scena/mp4000_ev.dat,"It's not about the threats, so don't worry.",44
scena/mp4000_ev.dat:0x23eaed,scena/mp4000_ev.dat,"Um, okay...?",13
scena/mp4000_ev.dat:0x23eb54,scena/mp4000_ev.dat,"you'll be staying at the embassy, correct?",43
scena/mp4000_ev.dat:0x23eb7f,scena/mp4000_ev.dat,"Olivier, while you're in the capital,",38
scena/mp4000_ev.dat:0x23ebd8,scena/mp4000_ev.dat,Hehe. Of course!,17
scena/mp4000_ev.dat:0x23ebf8,scena/mp4000_ev.dat,"your bed, as always.",21
scena/mp4000_ev.dat:0x23ec0d,scena/mp4000_ev.dat,I'll be enjoying sweet dreams in,33
scena/mp4000_ev.dat:0x23ec8a,scena/mp4000_ev.dat,"Oh, my...",10
scena/mp4000_ev.dat:0x23ecb0,scena/mp4000_ev.dat,"you're joking, so cut it out.",30
scena/mp4000_ev.dat:0x23ecce,scena/mp4000_ev.dat,The young ladies don't know,28
scena/mp4000_ev.dat:0x23ecfa,scena/mp4000_ev.dat,Or I'll tie you up and lock you in a room.,43
scena/mp4000_ev.dat:0x23ed49,scena/mp4000_ev.dat,"Oh, dear! I didn't know you were into bondage.",47
scena/mp4000_ev.dat:0x23eda0,scena/mp4000_ev.dat,Don't tempt me.,16
scena/mp4000_ev.dat:0x23edc5,scena/mp4000_ev.dat,I could also hang you out a window.,36
scena/mp4000_ev.dat:0x23ee2f,scena/mp4000_ev.dat,...Forgive me. I went too far.,31
scena/mp4000_ev.dat:0x23ee6e,scena/mp4000_ev.dat,I can totally see you're childhood friends.,44
scena/mp4000_ev.dat:0x23eec0,scena/mp4000_ev.dat,"Haha, you could even be a comedy duo.",38
scena/mp4000_ev.dat:0x23ef0e,scena/mp4000_ev.dat,Please don't give him any ideas.,33
scena/mp4000_ev.dat:0x23ef59,scena/mp4000_ev.dat,business to attend to.,23
scena/mp4000_ev.dat:0x23ef70,scena/mp4000_ev.dat,In any case... I have other,28
scena/mp4000_ev.dat:0x23ef9c,scena/mp4000_ev.dat,Good luck with your investigation.,35
scena/mp4000_ev.dat:0x23f052,scena/mp4000_ev.dat,What now... It's still light out.,34
scena/mp4000_ev.dat:0x23f088,scena/mp4000_ev.dat,last and go to Grancel Castle?,31
scena/mp4000_ev.dat:0x23f0a7,scena/mp4000_ev.dat,Do we save Liberl News for,27
scena/mp4000_ev.dat:0x23f0ec,scena/mp4000_ev.dat,"Yeah, that sounds good.",24
scena/mp4000_ev.dat:0x23f12a,scena/mp4000_ev.dat,Now for Liberl News and Grancel Castle.,40
scena/mp4000_ev.dat:0x23f152,scena/mp4000_ev.dat,"Well, that covers both embassies.",34
scena/mp4000_ev.dat:0x23f188,scena/mp4000_ev.dat,I hope we find some clues.,27
scena/mp4000_ev.dat:0x23f1c8,scena/mp4000_ev.dat,"I hope so too... Well, let's go.",33
scena/mp4000_ev.dat:0x23f1fc,scena/mp4000_ev.dat,evening... Time goes by so fast.,33
scena/mp4000_ev.dat:0x23f21d,scena/mp4000_ev.dat,"Oh, it's already",17
scena/mp4000_ev.dat:0x23f257,scena/mp4000_ev.dat,I think Nial might be back at the office by now.,49
scena/mp4000_ev.dat:0x23f2e3,scena/mp4000_ev.dat,"Oh, good point.",16
scena/mp4000_ev.dat:0x23f30c,scena/mp4000_ev.dat,"Okay, let's hit Liberl News!",29
scena/mp4000_ev.dat:0x23f33d,scena/mp4000_ev.dat,"Evening, already? Time goes by so fast.",40
scena/mp4000_ev.dat:0x23f389,scena/mp4000_ev.dat,The only place left to go is Liberl News.,42
scena/mp4000_ev.dat:0x23f404,scena/mp4000_ev.dat,"Yeah, I guess you're right.",28
scena/mp4000_ev.dat:0x23f434,scena/mp4000_ev.dat,It's getting late. Let's get a move on.,40
scena/mp4000_ev.dat:0x23f517,scena/mp4000_ev.dat,"Good evening, Your Highness!",29
scena/mp4000_ev.dat:0x23f543,scena/mp4000_ev.dat,It is always a pleasure to see you!,36
scena/mp4000_ev.dat:0x23f584,scena/mp4000_ev.dat,"Dan, Alts. Thank you for your hard work.",41
scena/mp4000_ev.dat:0x23f5c2,scena/mp4000_ev.dat,companions inside the castle...,32
scena/mp4000_ev.dat:0x23f5e2,scena/mp4000_ev.dat,I'd like to take Estelle and her,33
scena/mp4000_ev.dat:0x23f617,scena/mp4000_ev.dat,"Oh, it's you guys.",19
scena/mp4000_ev.dat:0x23f63e,scena/mp4000_ev.dat,"I'll let them know, right away.",32
scena/mp4000_ev.dat:0x23f65e,scena/mp4000_ev.dat,"If you're here to meet someone,",32
scena/mp4000_ev.dat:0x23f68d,scena/mp4000_ev.dat,Or is this more of a tour?,27
scena/mp4000_ev.dat:0x23f6b7,scena/mp4000_ev.dat,bracer business today.,23
scena/mp4000_ev.dat:0x23f6ce,scena/mp4000_ev.dat,"No, we're here on official",27
scena/mp4000_ev.dat:0x23f769,scena/mp4000_ev.dat,good to see you both again.,28
scena/mp4000_ev.dat:0x23f785,scena/mp4000_ev.dat,"Hello, Dan, Alts. It's",23
scena/mp4000_ev.dat:0x23f7ef,scena/mp4000_ev.dat,idea you were coming home!,27
scena/mp4000_ev.dat:0x23f80a,scena/mp4000_ev.dat,Your Highness! We had no,25
scena/mp4000_ev.dat:0x23f840,scena/mp4000_ev.dat,stopping by on other business.,31
scena/mp4000_ev.dat:0x23f85f,scena/mp4000_ev.dat,"Hehe. Actually, I'm just",25
scena/mp4000_ev.dat:0x23f88c,scena/mp4000_ev.dat,companions inside the castle...,32
scena/mp4000_ev.dat:0x23f8ac,scena/mp4000_ev.dat,I'd like to take Estelle and her,33
scena/mp4000_ev.dat:0x23f8e1,scena/mp4000_ev.dat,Hold on...,11
scena/mp4000_ev.dat:0x23f900,scena/mp4000_ev.dat,Aren't you...the bracers who won the Royal Tournament?,55
scena/mp4000_ev.dat:0x23f94b,scena/mp4000_ev.dat,"Hehe. It's been a while, hasn't it?",36
scena/mp4000_ev.dat:0x23f98b,scena/mp4000_ev.dat,Thank you for your hospitality back then.,42
scena/mp4000_ev.dat:0x23f9db,scena/mp4000_ev.dat,Haha... So what brings you here today?,39
scena/mp4000_ev.dat:0x23fa1a,scena/mp4000_ev.dat,"I'll let them know, right away.",32
scena/mp4000_ev.dat:0x23fa3a,scena/mp4000_ev.dat,"If you're here to meet someone,",32
scena/mp4000_ev.dat:0x23fa69,scena/mp4000_ev.dat,Or is this more of a tour?,27
scena/mp4000_ev.dat:0x23fa93,scena/mp4000_ev.dat,bracer business today.,23
scena/mp4000_ev.dat:0x23faaa,scena/mp4000_ev.dat,"No, we're here on official",27
scena/mp4000_ev.dat:0x23fb45,scena/mp4000_ev.dat,good to see you both again.,28
scena/mp4000_ev.dat:0x23fb61,scena/mp4000_ev.dat,"Hello, Dan, Alts. It's",23
scena/mp4000_ev.dat:0x23fbcb,scena/mp4000_ev.dat,idea you were coming home!,27
scena/mp4000_ev.dat:0x23fbe6,scena/mp4000_ev.dat,Your Highness! We had no,25
scena/mp4000_ev.dat:0x23fc1c,scena/mp4000_ev.dat,stopping by on other business.,31
scena/mp4000_ev.dat:0x23fc3b,scena/mp4000_ev.dat,"Hehe. Actually, I'm just",25
scena/mp4000_ev.dat:0x23fc68,scena/mp4000_ev.dat,companions inside the castle...,32
scena/mp4000_ev.dat:0x23fc88,scena/mp4000_ev.dat,I'd like to take Estelle and her,33
scena/mp4000_ev.dat:0x23fcbd,scena/mp4000_ev.dat,May we pass?,13
scena/mp4000_ev.dat:0x23fcf0,scena/mp4000_ev.dat,"Of course, Your Highness!",26
scena/mp4000_ev.dat:0x23fd19,scena/mp4000_ev.dat,As Her Highness commands!,26
scena/mp4000_ev.dat:0x23fda7,scena/mp4000_ev.dat,"(Wow, that was easy...)",24
scena/mp4000_ev.dat:0x23fdd9,scena/mp4000_ev.dat,(That's VIP treatment for you.),32
scena/mp4000_ev.dat:0x23fe19,scena/mp4000_ev.dat,(No wonder the Duke is jealous of her.),40
scena/mp4000_ev.dat:0x23fe5b,scena/mp4000_ev.dat,have arrived with guests!,26
scena/mp4000_ev.dat:0x23fe75,scena/mp4000_ev.dat,Ms. Kloe and Ms. Estelle,25
scena/mp4000_ev.dat:0x23fed1,scena/mp4000_ev.dat,Open the gate!,15
scena/mp4000_ev.dat:0x23ffb3,scena/mp4000_ev.dat,"Please, go right ahead!",24
scena/mp4000_ev.dat:0x23ffda,scena/mp4000_ev.dat,"Please, go right ahead!",24
scena/mp4000_ev.dat:0x240001,scena/mp4000_ev.dat,Hehe... Thank you both.,24
scena/mp4000_ev.dat:0x24004c,scena/mp4000_ev.dat,"Come on, Estelle. Let's go inside.",35
scena/mp4000_ev.dat:0x240103,scena/mp4000_ev.dat,Old Lady's Voice,17
scena/mp4000_ev.dat:0x240114,scena/mp4000_ev.dat,"Ah... You've finally come back, my dear.",41
scena/mp4000_ev.dat:0x240210,scena/mp4000_ev.dat,Huh? Sieg?!,12
scena/mp4000_ev.dat:0x24022b,scena/mp4000_ev.dat,I see...,9
scena/mp4000_ev.dat:0x240243,scena/mp4000_ev.dat,Sieg alerted you to my arrival?,32
scena/mp4000_ev.dat:0x2402b1,scena/mp4000_ev.dat,Yes. He told me you were coming.,33
scena/mp4000_ev.dat:0x2402f1,scena/mp4000_ev.dat,"Welcome home, Klaudia.",23
scena/mp4000_ev.dat:0x240334,scena/mp4000_ev.dat,pleased to see you again.,26
scena/mp4000_ev.dat:0x24034e,scena/mp4000_ev.dat,"And you too, Estelle. I'm",26
scena/mp4000_ev.dat:0x2403ac,scena/mp4000_ev.dat,Cassius filled me in on everything that happened.,50
scena/mp4000_ev.dat:0x2403f3,scena/mp4000_ev.dat,You truly...have been through a lot.,37
scena/mp4000_ev.dat:0x24044e,scena/mp4000_ev.dat,"concern, Your Majesty!",23
scena/mp4000_ev.dat:0x240465,scena/mp4000_ev.dat,Thank you very much for your,29
scena/mp4000_ev.dat:0x24049e,scena/mp4000_ev.dat,I can count on Kloe and the others for help.,45
scena/mp4000_ev.dat:0x2404cb,scena/mp4000_ev.dat,"But I know what I have to do, and",34
scena/mp4000_ev.dat:0x2404fc,scena/mp4000_ev.dat,So... I'll be fine.,20
scena/mp4000_ev.dat:0x24051f,scena/mp4000_ev.dat,Is that so...,14
scena/mp4000_ev.dat:0x24053c,scena/mp4000_ev.dat,in the short time you've been away.,36
scena/mp4000_ev.dat:0x240560,scena/mp4000_ev.dat,Heh. You've already grown so much stronger,43
scena/mp4000_ev.dat:0x2405a8,scena/mp4000_ev.dat,"Olivier and Zin, you two are also most welcome.",48
scena/mp4000_ev.dat:0x240604,scena/mp4000_ev.dat,I'll have a maid bring us some tea.,36
scena/mp4000_ev.dat:0x240628,scena/mp4000_ev.dat,please make your way back to my chambers.,42
scena/mp4000_ev.dat:0x240652,scena/mp4000_ev.dat,"But this is no place to chat. All of you,",42
scena/mp4000_ev.dat:0x240752,scena/mp4000_ev.dat,Time goes by so fast.,22
scena/mp4000_ev.dat:0x240768,scena/mp4000_ev.dat,"Oh, my. It's already dark...",29
scena/mp4000_ev.dat:0x2407ab,scena/mp4000_ev.dat,I think Nial might be back at the office by now.,49
scena/mp4000_ev.dat:0x2407f8,scena/mp4000_ev.dat,"Oh, good point.",16
scena/mp4000_ev.dat:0x240821,scena/mp4000_ev.dat,"Okay, let's hit Liberl News!",29
scena/mp4000_ev.dat:0x240852,scena/mp4000_ev.dat,Time goes by so fast.,22
scena/mp4000_ev.dat:0x240868,scena/mp4000_ev.dat,"Oh, my. It's already dark...",29
scena/mp4000_ev.dat:0x2408ab,scena/mp4000_ev.dat,The only place left to go is Liberl News.,42
scena/mp4000_ev.dat:0x2408f1,scena/mp4000_ev.dat,"Yeah, I guess you're right.",28
scena/mp4000_ev.dat:0x240921,scena/mp4000_ev.dat,It's getting late. Let's get a move on.,40
scena/mp4000_ev.dat:0x240a0e,scena/mp4000_ev.dat,Okay... I think we'd better go.,32
scena/mp4000_ev.dat:0x240a3d,scena/mp4000_ev.dat,"Get home safe, Kloe.",21
scena/mp4000_ev.dat:0x240a74,scena/mp4000_ev.dat,It's practically next door. I'll be fine!,42
scena/mp4000_ev.dat:0x240ab3,scena/mp4000_ev.dat,"Oh, do you live nearby, miss?",30
scena/mp4000_ev.dat:0x240af7,scena/mp4000_ev.dat,"Uh, yes. I'll be staying at a relative's house.",48
scena/mp4000_ev.dat:0x240b67,scena/mp4000_ev.dat,"Okay, everyone. Good night!",28
scena/mp4000_ev.dat:0x240ba3,scena/mp4000_ev.dat,Good night. See you tomorrow.,30
scena/mp4000_ev.dat:0x240bdc,scena/mp4000_ev.dat,Hehe. Good night!,18
scena/mp4000_ev.dat:0x240c02,scena/mp4000_ev.dat,"Goodbye, Kloe!",15
scena/mp4000_ev.dat:0x240c7a,scena/mp4000_ev.dat,Wow... That was a lively evening.,34
scena/mp4000_ev.dat:0x240ce2,scena/mp4000_ev.dat,Olivier even called Mueller to join us.,40
scena/mp4000_ev.dat:0x240d2d,scena/mp4000_ev.dat,"Well, you called that reporter too, didn't you?",48
scena/mp4000_ev.dat:0x240d7d,scena/mp4000_ev.dat,"Well, you called that reporter too, didn't you?",48
scena/mp4000_ev.dat:0x240dd5,scena/mp4000_ev.dat,Ahaha. I figured I might as well.,34
scena/mp4000_ev.dat:0x240e19,scena/mp4000_ev.dat,"Renne and Tita, did you have fun?",34
scena/mp4000_ev.dat:0x240e5e,scena/mp4000_ev.dat,Hehehe! I sure did!,20
scena/mp4000_ev.dat:0x240e82,scena/mp4000_ev.dat,about lots of interesting things.,34
scena/mp4000_ev.dat:0x240ea4,scena/mp4000_ev.dat,"The food was good, and you all talked",38
scena/mp4000_ev.dat:0x240ed9,scena/mp4000_ev.dat,"The piano music was beautiful, too.",36
scena/mp4000_ev.dat:0x240f2c,scena/mp4000_ev.dat,was so good at piano.,22
scena/mp4000_ev.dat:0x240f42,scena/mp4000_ev.dat,"Yeah, I didn't know Mr. Olivier",32
scena/mp4000_ev.dat:0x240f72,scena/mp4000_ev.dat,It was a nice surprise!,24
scena/mp4000_ev.dat:0x240faa,scena/mp4000_ev.dat,a musician after all.,22
scena/mp4000_ev.dat:0x240fc0,scena/mp4000_ev.dat,"Well, he does call himself",27
scena/mp4000_ev.dat:0x240ffd,scena/mp4000_ev.dat,"want to stay longer, Agate?",28
scena/mp4000_ev.dat:0x241019,scena/mp4000_ev.dat,Are you sure you didn't,24
scena/mp4000_ev.dat:0x24105d,scena/mp4000_ev.dat,Zin and the others weren't leaving yet.,40
scena/mp4000_ev.dat:0x2410c0,scena/mp4000_ev.dat,we'd be there all night.,25
scena/mp4000_ev.dat:0x2410d9,scena/mp4000_ev.dat,"If I stayed with those guys,",29
scena/mp4000_ev.dat:0x24110b,scena/mp4000_ev.dat,and would rather get some sleep.,33
scena/mp4000_ev.dat:0x24112c,scena/mp4000_ev.dat,I'm tired from all that walkin' around,39
scena/mp4000_ev.dat:0x241167,scena/mp4000_ev.dat,"want to stay longer, Schera?",29
scena/mp4000_ev.dat:0x241184,scena/mp4000_ev.dat,Are you sure you didn't,24
scena/mp4000_ev.dat:0x2411c8,scena/mp4000_ev.dat,Zin and the others weren't leaving yet.,40
scena/mp4000_ev.dat:0x241227,scena/mp4000_ev.dat,there'll be no stopping me.,28
scena/mp4000_ev.dat:0x241243,scena/mp4000_ev.dat,"If I start drinking for real,",30
scena/mp4000_ev.dat:0x241275,scena/mp4000_ev.dat,so I'd rather turn in early.,29
scena/mp4000_ev.dat:0x241292,scena/mp4000_ev.dat,"We have more work to do tomorrow,",34
scena/mp4000_ev.dat:0x2412d4,scena/mp4000_ev.dat,That makes sense...,20
scena/mp4000_ev.dat:0x24130b,scena/mp4000_ev.dat,"Shall we check in at the hotel, then?",38
scena/mp4000_ev.dat:0x241539,scena/mp4000_ev.dat,Lt. Colonel Cid.,17
scena/mp4000_ev.dat:0x24154a,scena/mp4000_ev.dat,report on the threatening letters to,37
scena/mp4000_ev.dat:0x24156f,scena/mp4000_ev.dat,"<C1>The next day, Estelle's team delivered their",49
scena/mp4000_ev.dat:0x24179a,scena/mp4000_ev.dat,What is the meaning of this?!,30
scena/mp4000_ev.dat:0x2417d1,scena/mp4000_ev.dat,"Auslese, heir to the throne?!",30
scena/mp4000_ev.dat:0x2417ef,scena/mp4000_ev.dat,You dare humiliate Duke Dunan von,34
scena/mp4000_ev.dat:0x24183b,scena/mp4000_ev.dat,Royal Army Officer,19
scena/mp4000_ev.dat:0x24184e,scena/mp4000_ev.dat,"F-Forgive me, Your Grace.",26
scena/mp4000_ev.dat:0x241877,scena/mp4000_ev.dat,operation on the Erbe Scenic Route this morning...,51
scena/mp4000_ev.dat:0x2418aa,scena/mp4000_ev.dat,We actually carried out a monster clearing,43
scena/mp4000_ev.dat:0x2418e4,scena/mp4000_ev.dat,would be sufficient.,21
scena/mp4000_ev.dat:0x2418f9,scena/mp4000_ev.dat,So we thought this number of bodyguards,40
scena/mp4000_ev.dat:0x241942,scena/mp4000_ev.dat,you nincompoop!,16
scena/mp4000_ev.dat:0x241952,scena/mp4000_ev.dat,"You're completely missing the point,",37
scena/mp4000_ev.dat:0x241990,scena/mp4000_ev.dat,more than a measly three-man security detail!,46
scena/mp4000_ev.dat:0x2419be,scena/mp4000_ev.dat,A man as important as myself deserves,38
scena/mp4000_ev.dat:0x2419fd,scena/mp4000_ev.dat,Ten would be the minimum level of prudence!,44
scena/mp4000_ev.dat:0x241a42,scena/mp4000_ev.dat,B-But sir...,13
scena/mp4000_ev.dat:0x241a71,scena/mp4000_ev.dat,the time to make demands.,26
scena/mp4000_ev.dat:0x241a8b,scena/mp4000_ev.dat,Your Grace... Now is not,25
scena/mp4000_ev.dat:0x241ad4,scena/mp4000_ev.dat,Her Majesty has finally approved your release.,47
scena/mp4000_ev.dat:0x241b17,scena/mp4000_ev.dat,"That, in and of itself, is good fortune...",43
scena/mp4000_ev.dat:0x241b55,scena/mp4000_ev.dat,"Silence, Phillip!",18
scena/mp4000_ev.dat:0x241b8f,scena/mp4000_ev.dat,injustice in the first place.,30
scena/mp4000_ev.dat:0x241bad,scena/mp4000_ev.dat,Keeping me under house arrest was a grave,42
scena/mp4000_ev.dat:0x241bec,scena/mp4000_ev.dat,to an escort from the entire Royal Guard!,42
scena/mp4000_ev.dat:0x241c16,scena/mp4000_ev.dat,"After such maltreatment, I am entitled",39
scena/mp4000_ev.dat:0x241c63,scena/mp4000_ev.dat,"Um, we're not exactly the entire Royal Guard...",48
scena/mp4000_ev.dat:0x241ca7,scena/mp4000_ev.dat,"But if you like, we can accompany you?",39
scena/mp4000_ev.dat:0x241d84,scena/mp4000_ev.dat,Y-YOU PEOPLE?!,15
scena/mp4000_ev.dat:0x241db0,scena/mp4000_ev.dat,"Oh, greetings.",15
scena/mp4000_ev.dat:0x241de8,scena/mp4000_ev.dat,"Man... You haven't changed a bit, Mr. Duke.",44
scena/mp4000_ev.dat:0x241e24,scena/mp4000_ev.dat,your unreasonable demands.,27
scena/mp4000_ev.dat:0x241e3f,scena/mp4000_ev.dat,Still giving everyone a headache with,38
scena/mp4000_ev.dat:0x241e87,scena/mp4000_ev.dat,"Y-You will address me properly, wench!",39
scena/mp4000_ev.dat:0x241ec7,scena/mp4000_ev.dat,What are you mongrels even doing here?!,40
scena/mp4000_ev.dat:0x241f03,scena/mp4000_ev.dat,Haven't they closed the area to civilians yet?!,48
scena/mp4000_ev.dat:0x241f5b,scena/mp4000_ev.dat,"the head of security, that's all.",34
scena/mp4000_ev.dat:0x241f7d,scena/mp4000_ev.dat,We came to deliver something to,32
scena/mp4000_ev.dat:0x241fb0,scena/mp4000_ev.dat,What about you all? Are you going for a walk?,46
scena/mp4000_ev.dat:0x242006,scena/mp4000_ev.dat,H-Hmmph. Hear me and tremble...,32
scena/mp4000_ev.dat:0x242036,scena/mp4000_ev.dat,me here have finally been lifted!,34
scena/mp4000_ev.dat:0x242058,scena/mp4000_ev.dat,The oppressive chains that confined,36
scena/mp4000_ev.dat:0x242090,scena/mp4000_ev.dat,"Wait, what...?",15
scena/mp4000_ev.dat:0x2420b3,scena/mp4000_ev.dat,under house arrest anymore?,28
scena/mp4000_ev.dat:0x2420cf,scena/mp4000_ev.dat,Ah! You mean you're not,24
scena/mp4000_ev.dat:0x2420ff,scena/mp4000_ev.dat,longer under house arrest?,27
scena/mp4000_ev.dat:0x24211a,scena/mp4000_ev.dat,You're saying...you're no,26
scena/mp4000_ev.dat:0x24216a,scena/mp4000_ev.dat,Indeed. Word came this morning from Her Majesty.,49
scena/mp4000_ev.dat:0x2421cb,scena/mp4000_ev.dat,and return to Grancel Castle.,30
scena/mp4000_ev.dat:0x2421e9,scena/mp4000_ev.dat,We were told to leave the villa,32
scena/mp4000_ev.dat:0x242248,scena/mp4000_ev.dat,Yeesh... The old woman's gone soft.,36
scena/mp4000_ev.dat:0x24228d,scena/mp4000_ev.dat,"Well, well. Lucky you.",23
scena/mp4000_ev.dat:0x2422b3,scena/mp4000_ev.dat,"Huh! Well, congrats, I guess!",30
scena/mp4000_ev.dat:0x2422f0,scena/mp4000_ev.dat,so that you don't get used again.,34
scena/mp4000_ev.dat:0x242312,scena/mp4000_ev.dat,But you'd better grow some backbone,36
scena/mp4000_ev.dat:0x2423e5,scena/mp4000_ev.dat,What did you say...?,21
scena/mp4000_ev.dat:0x24241c,scena/mp4000_ev.dat,"lifestyle changes, too.",24
scena/mp4000_ev.dat:0x242434,scena/mp4000_ev.dat,I think you could do with some,31
scena/mp4000_ev.dat:0x242463,scena/mp4000_ev.dat,Slacking off isn't doing you any favors.,41
scena/mp4000_ev.dat:0x24249b,scena/mp4000_ev.dat,"exercise, for starters!",24
scena/mp4000_ev.dat:0x2424b3,scena/mp4000_ev.dat,I recommend taking up some,27
scena/mp4000_ev.dat:0x242500,scena/mp4000_ev.dat,Huh? Did I say something wrong?,32
scena/mp4000_ev.dat:0x242534,scena/mp4000_ev.dat,"No... It is as you say, Ms. Estelle.",37
scena/mp4000_ev.dat:0x2425ce,scena/mp4000_ev.dat,Richard could never have taken advantage of him.,49
scena/mp4000_ev.dat:0x2425ff,scena/mp4000_ev.dat,"If His Grace were more disciplined, Colonel",44
scena/mp4000_ev.dat:0x24263a,scena/mp4000_ev.dat,I will acknowledge that on his behalf.,39
scena/mp4000_ev.dat:0x242670,scena/mp4000_ev.dat,Enough! Who needs your lectures?!,34
scena/mp4000_ev.dat:0x242707,scena/mp4000_ev.dat,"place one second longer, I'll die from disgust!",48
scena/mp4000_ev.dat:0x242737,scena/mp4000_ev.dat,Let's go! If I breathe the air of this wretched,48
scena/mp4000_ev.dat:0x2427b6,scena/mp4000_ev.dat,To the capital!,16
scena/mp4000_ev.dat:0x242806,scena/mp4000_ev.dat,"Yes, Your Grace...",19
scena/mp4000_ev.dat:0x24282d,scena/mp4000_ev.dat,Huh? So you don't want us to go with you?,42
scena/mp4000_ev.dat:0x24286b,scena/mp4000_ev.dat,Not a chance!,14
scena/mp4000_ev.dat:0x242889,scena/mp4000_ev.dat,"Now, move! We're leaving!",26
scena/mp4000_ev.dat:0x242940,scena/mp4000_ev.dat,"Ms. Estelle, thank you, as always.",35
scena/mp4000_ev.dat:0x242978,scena/mp4000_ev.dat,I'm not even sure how to express my gratitude...,49
scena/mp4000_ev.dat:0x2429be,scena/mp4000_ev.dat,"Oh, don't worry about it!",26
scena/mp4000_ev.dat:0x2429f4,scena/mp4000_ev.dat,"something to him too, Phillip?",31
scena/mp4000_ev.dat:0x242a13,scena/mp4000_ev.dat,But maybe you should say,25
scena/mp4000_ev.dat:0x242a40,scena/mp4000_ev.dat,turned out that way. Don't you think?,38
scena/mp4000_ev.dat:0x242a66,scena/mp4000_ev.dat,It's because no one speaks up that he,38
scena/mp4000_ev.dat:0x242b02,scena/mp4000_ev.dat,You're right...,16
scena/mp4000_ev.dat:0x242b26,scena/mp4000_ev.dat,"tries hard enough, he can recover from this.",45
scena/mp4000_ev.dat:0x242b53,scena/mp4000_ev.dat,"I'm sure he's not that bad, deep down. If he",45
scena/mp4000_ev.dat:0x242b93,scena/mp4000_ev.dat,Maybe he just needs a push?,28
scena/mp4000_ev.dat:0x242be1,scena/mp4000_ev.dat,Ms. Estelle...,15
scena/mp4000_ev.dat:0x242c00,scena/mp4000_ev.dat,I shall take your advice to heart.,35
scena/mp4000_ev.dat:0x242c3e,scena/mp4000_ev.dat,Phillip! What are you waiting for?!,36
scena/mp4000_ev.dat:0x242c89,scena/mp4000_ev.dat,Join us now or rot away here forever!,38
scena/mp4000_ev.dat:0x242ce6,scena/mp4000_ev.dat,"I-I'm coming, Your Grace!",26
scena/mp4000_ev.dat:0x242d41,scena/mp4000_ev.dat,"Pardon me, everyone... I'll be going now.",42
scena/mp4000_ev.dat:0x242d9d,scena/mp4000_ev.dat,should have gone with them.,28
scena/mp4000_ev.dat:0x242db9,scena/mp4000_ev.dat,Hmm... I definitely think we,29
scena/mp4000_ev.dat:0x242e12,scena/mp4000_ev.dat,"Um, how do I put this...",25
scena/mp4000_ev.dat:0x242e5d,scena/mp4000_ev.dat,You really are one-of-a-kind.,30
scena/mp4000_ev.dat:0x242eb2,scena/mp4000_ev.dat,"...Oh, Estelle.",16
scena/mp4000_ev.dat:0x242eee,scena/mp4000_ev.dat,You've really taken after your dad.,36
scena/mp4000_ev.dat:0x242f5b,scena/mp4000_ev.dat,"Teehee... You're amazing, Estelle.",35
scena/mp4000_ev.dat:0x242f9c,scena/mp4000_ev.dat,"I knew it from the moment we met, but...",41
scena/mp4000_ev.dat:0x242fd5,scena/mp4000_ev.dat,There aren't many people as soft-hearted as you.,49
scena/mp4000_ev.dat:0x243015,scena/mp4000_ev.dat,Soft-hearted...? Why do you say that?,38
scena/mp4000_ev.dat:0x243060,scena/mp4000_ev.dat,don't worry about it.,22
scena/mp4000_ev.dat:0x243076,scena/mp4000_ev.dat,"Blissfully oblivious... Anyhow,",32
scena/mp4000_ev.dat:0x2430a6,scena/mp4000_ev.dat,"Now, let's head back to the capital.",37
scena/mp4000_ev.dat:0x2430e6,scena/mp4000_ev.dat,"Hehe, forget it. Just never change, okay?",42
scena/mp4000_ev.dat:0x243124,scena/mp4000_ev.dat,"Now, let's head back to the capital.",37
scena/mp4000_ev.dat:0x24319e,scena/mp4000_ev.dat,Now then... Where did Renne run off to?,40
scena/mp4000_ev.dat:0x2431fb,scena/mp4000_ev.dat,"Tita, any guesses?",19
scena/mp4000_ev.dat:0x243247,scena/mp4000_ev.dat,"places in the East Block, so...",32
scena/mp4000_ev.dat:0x243267,scena/mp4000_ev.dat,"Yesterday, we went to lots of",30
scena/mp4000_ev.dat:0x243299,scena/mp4000_ev.dat,It might be one of those.,26
scena/mp4000_ev.dat:0x2432e0,scena/mp4000_ev.dat,Lots of places?,16
scena/mp4000_ev.dat:0x243319,scena/mp4000_ev.dat,at the department store...,27
scena/mp4000_ev.dat:0x243334,scena/mp4000_ev.dat,"Um, first we went shopping",27
scena/mp4000_ev.dat:0x243363,scena/mp4000_ev.dat,Then we went to the History Museum...,38
scena/mp4000_ev.dat:0x243398,scena/mp4000_ev.dat,shop near the clocktower.,26
scena/mp4000_ev.dat:0x2433b2,scena/mp4000_ev.dat,"And last, we went to the ice cream",35
scena/mp4000_ev.dat:0x2433e5,scena/mp4000_ev.dat,I see. That is a lot of places!,32
scena/mp4000_ev.dat:0x24341a,scena/mp4000_ev.dat,of fun hanging out together.,29
scena/mp4000_ev.dat:0x243437,scena/mp4000_ev.dat,Seems like you and Renne had a lot,35
scena/mp4000_ev.dat:0x24346e,scena/mp4000_ev.dat,Teehee! Yup!,13
scena/mp4000_ev.dat:0x243497,scena/mp4000_ev.dat,I guess we should look in those places first.,46
scena/mp4000_ev.dat:0x2434e2,scena/mp4000_ev.dat,Sounds like we should search those areas first.,48
scena/mp4000_ev.dat:0x243549,scena/mp4000_ev.dat,"Yeah. We'd better bring her back, right away.",46
scena/mp4000_ev.dat:0x243586,scena/mp4000_ev.dat,Right. Let's go!,17
scena/mp4000_ev.dat:0x243607,scena/mp4000_ev.dat,Dang! I lost sight of her.,27
scena/mp4000_ev.dat:0x243640,scena/mp4000_ev.dat,Unbelievable. She won't stay in one place.,43
scena/mp4000_ev.dat:0x24368c,scena/mp4000_ev.dat,This girl's like a cat.,24
scena/mp4000_ev.dat:0x2436b3,scena/mp4000_ev.dat,department store yesterday?,28
scena/mp4000_ev.dat:0x2436cf,scena/mp4000_ev.dat,"Tita, you said you visited this",32
scena/mp4000_ev.dat:0x243703,scena/mp4000_ev.dat,"the places you visited yesterday, is that right?",49
scena/mp4000_ev.dat:0x243734,scena/mp4000_ev.dat,This department store was one of,33
scena/mp4000_ev.dat:0x243786,scena/mp4000_ev.dat,"Um, yeah.",10
scena/mp4000_ev.dat:0x2437a4,scena/mp4000_ev.dat,Maybe she's already gone somewhere else.,41
scena/mp4000_ev.dat:0x2437dc,scena/mp4000_ev.dat,"Well, she couldn't have gotten too far.",40
scena/mp4000_ev.dat:0x243818,scena/mp4000_ev.dat,Should we search the center of the East Block?,47
scena/mp4000_ev.dat:0x2438e4,scena/mp4000_ev.dat,W-We lost her again...,23
scena/mp4000_ev.dat:0x24390b,scena/mp4000_ev.dat,"I-I'm very sorry, miss.",24
scena/mp4000_ev.dat:0x24394f,scena/mp4000_ev.dat,"I tried to stop her, but...",28
scena/mp4000_ev.dat:0x243a23,scena/mp4000_ev.dat,"Oh, that's okay.",17
scena/mp4000_ev.dat:0x243a43,scena/mp4000_ev.dat,Did she say something to you before she ran off?,49
scena/mp4000_ev.dat:0x243a91,scena/mp4000_ev.dat,Y-Yes... She asked me a strange question.,42
scena/mp4000_ev.dat:0x243aca,scena/mp4000_ev.dat,'Do you know where to find colorless fish?',44
scena/mp4000_ev.dat:0x243b6a,scena/mp4000_ev.dat,Hmm... Now that's interesting.,31
scena/mp4000_ev.dat:0x243b99,scena/mp4000_ev.dat,Maybe it's some kind of riddle?,32
scena/mp4000_ev.dat:0x243bc9,scena/mp4000_ev.dat,A r-riddle?!,13
scena/mp4000_ev.dat:0x243bff,scena/mp4000_ev.dat,she's going to next.,21
scena/mp4000_ev.dat:0x243c14,scena/mp4000_ev.dat,We have to solve it to find out where,38
scena/mp4000_ev.dat:0x243c5a,scena/mp4000_ev.dat,No waaay!,10
scena/mp4000_ev.dat:0x243c78,scena/mp4000_ev.dat,"You mean, she's playing with us?!",34
scena/mp4000_ev.dat:0x243cae,scena/mp4000_ev.dat,So it would seem.,18
scena/mp4000_ev.dat:0x243cde,scena/mp4000_ev.dat,That does sound very strange...,32
scena/mp4000_ev.dat:0x243d0e,scena/mp4000_ev.dat,Do you think it could be some kind of riddle?,46
scena/mp4000_ev.dat:0x243d4c,scena/mp4000_ev.dat,A r-riddle?!,13
scena/mp4000_ev.dat:0x243d7f,scena/mp4000_ev.dat,it and find her...,19
scena/mp4000_ev.dat:0x243d92,scena/mp4000_ev.dat,She's challenging us to solve,30
scena/mp4000_ev.dat:0x243dd0,scena/mp4000_ev.dat,No waaay!,10
scena/mp4000_ev.dat:0x243dee,scena/mp4000_ev.dat,"You mean, she's playing with us?!",34
scena/mp4000_ev.dat:0x243e24,scena/mp4000_ev.dat,"Well, it seems that way?",25
scena/mp4000_ev.dat:0x243e61,scena/mp4000_ev.dat,F-Fine! Bring it on!,21
scena/mp4000_ev.dat:0x243e92,scena/mp4000_ev.dat,"If that's her game, there's no way I'll lose!",46
scena/mp4000_ev.dat:0x243ee1,scena/mp4000_ev.dat,Let's just find the girl...,28
scena/mp4000_ev.dat:0x243efd,scena/mp4000_ev.dat,Don't get yourself worked up.,30
scena/mp4000_ev.dat:0x243f2f,scena/mp4000_ev.dat,but about finding her...,25
scena/mp4000_ev.dat:0x243f48,scena/mp4000_ev.dat,It's not about winning or losing,33
scena/mp4000_ev.dat:0x243fdf,scena/mp4000_ev.dat,"find colorless fish,' right?",29
scena/mp4000_ev.dat:0x243ffc,scena/mp4000_ev.dat,"So, the riddle is 'do you know where to",40
scena/mp4000_ev.dat:0x244033,scena/mp4000_ev.dat,Yeah. I hope it's a hint that'll lead us to her.,49
scena/mp4000_ev.dat:0x244077,scena/mp4000_ev.dat,G-Good luck!,13
scena/mp4000_ev.dat:0x2440b2,scena/mp4000_ev.dat,if you leave it too long...,28
scena/mp4000_ev.dat:0x2440ce,scena/mp4000_ev.dat,A sweet treat which disappears,31
scena/mp4000_ev.dat:0x244101,scena/mp4000_ev.dat,Is this it?,12
scena/mp4000_ev.dat:0x244121,scena/mp4000_ev.dat,melts if you leave it too long.,32
scena/mp4000_ev.dat:0x244141,scena/mp4000_ev.dat,"Well, it's true that it",24
scena/mp4000_ev.dat:0x24416d,scena/mp4000_ev.dat,melts if you leave it too long.,32
scena/mp4000_ev.dat:0x24418d,scena/mp4000_ev.dat,"Well, it's true that it",24
scena/mp4000_ev.dat:0x2441b9,scena/mp4000_ev.dat,"Oh, you're the girl who was here yesterday.",44
scena/mp4000_ev.dat:0x244269,scena/mp4000_ev.dat,Your friend was here a minute ago.,35
scena/mp4000_ev.dat:0x24429f,scena/mp4000_ev.dat,You aren't together today?,27
scena/mp4000_ev.dat:0x2442d2,scena/mp4000_ev.dat,I knew it...,13
scena/mp4000_ev.dat:0x2442ee,scena/mp4000_ev.dat,"Um, did she say a riddle before she left?",42
scena/mp4000_ev.dat:0x244332,scena/mp4000_ev.dat,A riddle? I'm not sure...,26
scena/mp4000_ev.dat:0x24435b,scena/mp4000_ev.dat,really happy.,14
scena/mp4000_ev.dat:0x244369,scena/mp4000_ev.dat,her friends at the landing port. She seemed,44
scena/mp4000_ev.dat:0x244395,scena/mp4000_ev.dat,She told me she was going to meet up with,42
scena/mp4000_ev.dat:0x2443eb,scena/mp4000_ev.dat," that's gotta be us, right?",28
scena/mp4000_ev.dat:0x24441f,scena/mp4000_ev.dat,At least she stopped it with the riddles.,42
scena/mp4000_ev.dat:0x24446b,scena/mp4000_ev.dat,"She led us on a wild goose chase, and for what?",48
scena/mp4000_ev.dat:0x2444bc,scena/mp4000_ev.dat,Hehe. She sure led us on a wild goose chase.,45
scena/mp4000_ev.dat:0x244514,scena/mp4000_ev.dat,Yeah... She sure is a handful...,33
scena/mp4000_ev.dat:0x244545,scena/mp4000_ev.dat,give her a talking-to.,23
scena/mp4000_ev.dat:0x24455c,scena/mp4000_ev.dat,"When we find her, I'm gonna",28
scena/mp4000_ev.dat:0x244593,scena/mp4000_ev.dat,"mad at her, okay?",18
scena/mp4000_ev.dat:0x2445a5,scena/mp4000_ev.dat,"Um, Estelle, don't get too",27
scena/mp4000_ev.dat:0x244610,scena/mp4000_ev.dat,Maybe Renne was just feeling lonely.,37
scena/mp4000_ev.dat:0x24464a,scena/mp4000_ev.dat,We spent so much time talking about work...,44
scena/mp4000_ev.dat:0x244697,scena/mp4000_ev.dat,Hmm... I see what you mean.,28
scena/mp4000_ev.dat:0x2446c7,scena/mp4000_ev.dat,Yes... That might be the case.,31
scena/mp4000_ev.dat:0x2446fa,scena/mp4000_ev.dat,Well... When you put it that way...,36
scena/mp4000_ev.dat:0x244733,scena/mp4000_ev.dat,the landing port for now.,26
scena/mp4000_ev.dat:0x24474d,scena/mp4000_ev.dat,Let's just make our way to,27
scena/mp4000_ev.dat:0x24491a,scena/mp4000_ev.dat,"Hello Mr. Gustav! Oh, and Fey, too!",36
scena/mp4000_ev.dat:0x24496f,scena/mp4000_ev.dat,"Wait, is that you, Tita?!",26
scena/mp4000_ev.dat:0x2449af,scena/mp4000_ev.dat,"And you brought Estelle with you too, huh?",43
scena/mp4000_ev.dat:0x2449da,scena/mp4000_ev.dat,"Hey there, li'l Tita.",22
scena/mp4000_ev.dat:0x244a47,scena/mp4000_ev.dat,"Hey, Mr. Gustav!",17
scena/mp4000_ev.dat:0x244a70,scena/mp4000_ev.dat,I wasn't expectin' to see you here of all places.,50
scena/mp4000_ev.dat:0x244aa2,scena/mp4000_ev.dat,What's up? ,12
scena/mp4000_ev.dat:0x244ac1,scena/mp4000_ev.dat,"Hey, Mr. Gustav!",17
scena/mp4000_ev.dat:0x244ae6,scena/mp4000_ev.dat,What are you doing out here?,29
scena/mp4000_ev.dat:0x244b03,scena/mp4000_ev.dat,I'm surprised to see you in Grancel. ,38
scena/mp4000_ev.dat:0x244b3c,scena/mp4000_ev.dat,"Hey there, li'l Tita!",22
scena/mp4000_ev.dat:0x244b74,scena/mp4000_ev.dat,Estelle! Long time no see!,27
scena/mp4000_ev.dat:0x244b8f,scena/mp4000_ev.dat,And look who we've got here.,29
scena/mp4000_ev.dat:0x244bf4,scena/mp4000_ev.dat,"Yeah! You and Fey look well, Chief!",36
scena/mp4000_ev.dat:0x244c2c,scena/mp4000_ev.dat,What are you doing out here?,29
scena/mp4000_ev.dat:0x244c49,scena/mp4000_ev.dat,I'm surprised to see you in Grancel. ,38
scena/mp4000_ev.dat:0x244c82,scena/mp4000_ev.dat,"Heh, just making a delivery.",29
scena/mp4000_ev.dat:0x244d52,scena/mp4000_ev.dat,Whoa! What the heck is that?!,30
scena/mp4000_ev.dat:0x244d84,scena/mp4000_ev.dat,"Um, is that by any chance...",29
scena/mp4000_ev.dat:0x244dc6,scena/mp4000_ev.dat,engine for the Arseille.,25
scena/mp4000_ev.dat:0x244ddf,scena/mp4000_ev.dat,"Yup, a sample of the new 'XG-02'",33
scena/mp4000_ev.dat:0x244e14,scena/mp4000_ev.dat,justice. It's pretty darn close to the real thing.,51
scena/mp4000_ev.dat:0x244e47,scena/mp4000_ev.dat,"Well, I suppose calling it a sample doesn't do it",50
scena/mp4000_ev.dat:0x244e8d,scena/mp4000_ev.dat,"Wow, so this is it.",20
scena/mp4000_ev.dat:0x244ed6,scena/mp4000_ev.dat,Whoa! I can't believe it...,28
scena/mp4000_ev.dat:0x244f11,scena/mp4000_ev.dat,power when it's so compact?,28
scena/mp4000_ev.dat:0x244f2d,scena/mp4000_ev.dat,How can it produce so much,27
scena/mp4000_ev.dat:0x244f9c,scena/mp4000_ev.dat,"The design is both functional and cute, too...",47
scena/mp4000_ev.dat:0x244fe9,scena/mp4000_ev.dat,Aaah! It's just...so cool...!,30
scena/mp4000_ev.dat:0x245020,scena/mp4000_ev.dat,"Whoa, settle down, Tita.",25
scena/mp4000_ev.dat:0x245054,scena/mp4000_ev.dat,Don't get so excited you forget to breathe...,46
scena/mp4000_ev.dat:0x2450a1,scena/mp4000_ev.dat,Hehe... You're just like your grandfather.,43
scena/mp4000_ev.dat:0x2450ea,scena/mp4000_ev.dat,brought to the capital...,26
scena/mp4000_ev.dat:0x245104,scena/mp4000_ev.dat,"Anyway, if this is being",25
scena/mp4000_ev.dat:0x245149,scena/mp4000_ev.dat,given to the Erebonians and Calvardians?,41
scena/mp4000_ev.dat:0x245172,scena/mp4000_ev.dat,Is it one of the samples that will be,38
scena/mp4000_ev.dat:0x2451ba,scena/mp4000_ev.dat,"So, if this is being brought to the capital...",47
scena/mp4000_ev.dat:0x245215,scena/mp4000_ev.dat,given to the Erebonians and Calvardians?,41
scena/mp4000_ev.dat:0x24523e,scena/mp4000_ev.dat,Is it one of the samples that will be,38
scena/mp4000_ev.dat:0x2452ae,scena/mp4000_ev.dat,Hehe. Nothin' gets past you guys.,34
scena/mp4000_ev.dat:0x2452f1,scena/mp4000_ev.dat,"Arseille, so we're haulin' the others to the",45
scena/mp4000_ev.dat:0x24531e,scena/mp4000_ev.dat,We've finally finished installin' the one in the,49
scena/mp4000_ev.dat:0x245370,scena/mp4000_ev.dat,I see... Thank you so much for your hard work.,47
scena/mp4000_ev.dat:0x2453b2,scena/mp4000_ev.dat,"Yeah, er... Huh?",17
scena/mp4000_ev.dat:0x2453dc,scena/mp4000_ev.dat,"And you are, miss...?",22
scena/mp4000_ev.dat:0x245412,scena/mp4000_ev.dat,Forgive me.,12
scena/mp4000_ev.dat:0x24542e,scena/mp4000_ev.dat,My name is Klaudia von Auslese.,32
scena/mp4000_ev.dat:0x24545d,scena/mp4000_ev.dat,Auslese? You don't mean...the royal family?!,45
scena/mp4000_ev.dat:0x2454a8,scena/mp4000_ev.dat,That's right. She's the Queen's granddaughter.,47
scena/mp4000_ev.dat:0x2454ff,scena/mp4000_ev.dat,Since the Arseille is owned by the royal family...,51
scena/mp4000_ev.dat:0x245541,scena/mp4000_ev.dat,you on Her Majesty's behalf.,29
scena/mp4000_ev.dat:0x24555e,scena/mp4000_ev.dat,Please allow me to thank,25
scena/mp4000_ev.dat:0x245594,scena/mp4000_ev.dat,"O-Oh! That's, um, very kind of you.",36
scena/mp4000_ev.dat:0x2455d0,scena/mp4000_ev.dat,Ahaha. I don't blame you for being surprised.,46
scena/mp4000_ev.dat:0x245613,scena/mp4000_ev.dat,"Anyway, hope you get a break soon.",35
scena/mp4000_ev.dat:0x245657,scena/mp4000_ev.dat,are you taking the engines?,28
scena/mp4000_ev.dat:0x245673,scena/mp4000_ev.dat,"By the way, where exactly",26
scena/mp4000_ev.dat:0x2456d1,scena/mp4000_ev.dat,"Oh, to a warehouse by the docks.",33
scena/mp4000_ev.dat:0x245706,scena/mp4000_ev.dat,the non-aggression pact is signed.,35
scena/mp4000_ev.dat:0x245729,scena/mp4000_ev.dat,They'll be stored there until,30
scena/mp4000_ev.dat:0x245760,scena/mp4000_ev.dat,Huh. I see...,14
scena/mp4000_ev.dat:0x245781,scena/mp4000_ev.dat,"Um, Chief? When will you guys go back to Zeiss?",48
scena/mp4000_ev.dat:0x2457d7,scena/mp4000_ev.dat,as this here delivery is done.,31
scena/mp4000_ev.dat:0x2457f6,scena/mp4000_ev.dat,We'll leave as soon,20
scena/mp4000_ev.dat:0x24581d,scena/mp4000_ev.dat,"Tita... You be careful out there, okay?",40
scena/mp4000_ev.dat:0x24585d,scena/mp4000_ev.dat,"Uh, right! You too!",20
scena/mp4000_ev.dat:0x24588f,scena/mp4000_ev.dat,"So, Estelle and...Agate, right?",32
scena/mp4000_ev.dat:0x2458e4,scena/mp4000_ev.dat,Take good care of Tita.,24
scena/mp4000_ev.dat:0x24590b,scena/mp4000_ev.dat,"Sure, she's in safe hands!",27
scena/mp4000_ev.dat:0x24593a,scena/mp4000_ev.dat,"Yeah, don't worry about a thing.",33
scena/mp4000_ev.dat:0x24596f,scena/mp4000_ev.dat,"Estelle, take good care of Tita, okay?",39
scena/mp4000_ev.dat:0x2459a5,scena/mp4000_ev.dat,"Sure, she's in safe hands!",27
scena/mp4000_ev.dat:0x2459d4,scena/mp4000_ev.dat,"See you 'round, bracers!",25
scena/mp4000_ev.dat:0x245a50,scena/mp4000_ev.dat,"Wow, so that's the Arseille's new engine?",42
scena/mp4000_ev.dat:0x245a89,scena/mp4000_ev.dat,but it looks pretty impressive.,32
scena/mp4000_ev.dat:0x245aa9,scena/mp4000_ev.dat,"I don't know much about machinery,",35
scena/mp4000_ev.dat:0x245adb,scena/mp4000_ev.dat,"Yeah, even I was surprised.",28
scena/mp4000_ev.dat:0x245b16,scena/mp4000_ev.dat,"like that, too, someday.",25
scena/mp4000_ev.dat:0x245b2f,scena/mp4000_ev.dat,I hope I can build an amazing machine,38
scena/mp4000_ev.dat:0x245b71,scena/mp4000_ev.dat,"Oh, brother... You and your machines.",38
scena/mp4000_ev.dat:0x245bbd,scena/mp4000_ev.dat,But I guess it's good to have goals.,37
scena/mp4000_ev.dat:0x245c10,scena/mp4000_ev.dat,"Haha, yeah.",12
scena/mp4000_ev.dat:0x245d86,scena/mp4000_ev.dat,Woman's Voice,14
scena/mp4000_ev.dat:0x245d94,scena/mp4000_ev.dat,will depart shortly.,21
scena/mp4000_ev.dat:0x245da9,scena/mp4000_ev.dat,"<C1>The airliner Linde, bound for Zeiss,",41
scena/mp4000_ev.dat:0x245de1,scena/mp4000_ev.dat,"<C1>All passengers, please board now.",38
scena/mp4000_ev.dat:0x245e3d,scena/mp4000_ev.dat,"Well then, I'll be off. Olivier...",35
scena/mp4000_ev.dat:0x245e6f,scena/mp4000_ev.dat,Don't cause any trouble while I'm away.,40
scena/mp4000_ev.dat:0x245eb2,scena/mp4000_ev.dat,Heh. Worry not.,16
scena/mp4000_ev.dat:0x245ee1,scena/mp4000_ev.dat,"for concern, darling?",22
scena/mp4000_ev.dat:0x245ef7,scena/mp4000_ev.dat,Have I ever given you a reason,31
scena/mp4000_ev.dat:0x245f25,scena/mp4000_ev.dat,So many it's not worth keeping count.,38
scena/mp4000_ev.dat:0x245f5b,scena/mp4000_ev.dat,Just behave yourself. Understood?,34
scena/mp4000_ev.dat:0x246094,scena/mp4000_ev.dat,Estelle's Voice,16
scena/mp4000_ev.dat:0x2460a4,scena/mp4000_ev.dat,Yoo-hoo! Olivier!,18
scena/mp4000_ev.dat:0x246107,scena/mp4000_ev.dat,"Oh, it's you, my kittens.",26
scena/mp4000_ev.dat:0x24613a,scena/mp4000_ev.dat,you decided to look for me?,28
scena/mp4000_ev.dat:0x246156,scena/mp4000_ev.dat,Did you miss me so much,24
scena/mp4000_ev.dat:0x246182,scena/mp4000_ev.dat,As if.,7
scena/mp4000_ev.dat:0x246199,scena/mp4000_ev.dat,"More importantly, wasn't that Mueller just now?",48
scena/mp4000_ev.dat:0x2461dd,scena/mp4000_ev.dat,"using an airliner, huh?",24
scena/mp4000_ev.dat:0x2461f5,scena/mp4000_ev.dat,Why's an Erebonian soldier,27
scena/mp4000_ev.dat:0x246224,scena/mp4000_ev.dat,travel by airliner?,20
scena/mp4000_ev.dat:0x246238,scena/mp4000_ev.dat,Why would an Erebonian soldier,31
scena/mp4000_ev.dat:0x24626b,scena/mp4000_ev.dat,him to the Bose region.,24
scena/mp4000_ev.dat:0x246283,scena/mp4000_ev.dat,It just so happens that his duties have called,47
scena/mp4000_ev.dat:0x2462e4,scena/mp4000_ev.dat,Remember that airship the sky pirates were using?,50
scena/mp4000_ev.dat:0x24632a,scena/mp4000_ev.dat,It seems he's going to retrieve it.,36
scena/mp4000_ev.dat:0x2463a6,scena/mp4000_ev.dat,that little green one?,23
scena/mp4000_ev.dat:0x2463bd,scena/mp4000_ev.dat,The sky pirates' airship? You mean,35
scena/mp4000_ev.dat:0x246404,scena/mp4000_ev.dat,But why is Mueller going to get it?,36
scena/mp4000_ev.dat:0x24644e,scena/mp4000_ev.dat,that airship was made in Erebonia.,35
scena/mp4000_ev.dat:0x246471,scena/mp4000_ev.dat,"As you may already know,",25
scena/mp4000_ev.dat:0x2464a3,scena/mp4000_ev.dat,still haven't been captured.,29
scena/mp4000_ev.dat:0x2464c0,scena/mp4000_ev.dat,And the sky pirates who were using it,38
scena/mp4000_ev.dat:0x2464fa,scena/mp4000_ev.dat,the search for the criminals...,32
scena/mp4000_ev.dat:0x24651a,scena/mp4000_ev.dat,retrieve the evidence and assist with,38
scena/mp4000_ev.dat:0x246540,scena/mp4000_ev.dat,The Erebonian government wishes to,35
scena/mp4000_ev.dat:0x246573,scena/mp4000_ev.dat,"Or so I hear they've told the kingdom, at least.",49
scena/mp4000_ev.dat:0x2465c4,scena/mp4000_ev.dat,Hmm? That doesn't make much sense to me.,41
scena/mp4000_ev.dat:0x24660d,scena/mp4000_ev.dat,former Erebonian royalty doesn't help our image.,49
scena/mp4000_ev.dat:0x24663e,scena/mp4000_ev.dat,"Well, I suppose the fact that the pirates are",46
scena/mp4000_ev.dat:0x24667c,scena/mp4000_ev.dat,before the non-aggression pact is signed.,42
scena/mp4000_ev.dat:0x2466a6,scena/mp4000_ev.dat,They probably want to bury the issue,37
scena/mp4000_ev.dat:0x2466da,scena/mp4000_ev.dat,And before Calvard starts asking questions.,44
scena/mp4000_ev.dat:0x24673c,scena/mp4000_ev.dat,The sky pirates are former Erebonian royalty...?,49
scena/mp4000_ev.dat:0x24678e,scena/mp4000_ev.dat,"Wait, including that grubby little twerp?!",43
scena/mp4000_ev.dat:0x2467d2,scena/mp4000_ev.dat,"Oh, you didn't know?",21
scena/mp4000_ev.dat:0x24681f,scena/mp4000_ev.dat,had a small fiefdom in north-central Erebonia.,47
scena/mp4000_ev.dat:0x24684e,scena/mp4000_ev.dat,They were born to a baron named Capua who,42
scena/mp4000_ev.dat:0x246887,scena/mp4000_ev.dat,debt and were forced to give up their land.,44
scena/mp4000_ev.dat:0x2468b3,scena/mp4000_ev.dat,"Several years ago, they fell into massive",42
scena/mp4000_ev.dat:0x246930,scena/mp4000_ev.dat,S-So that's their story...,27
scena/mp4000_ev.dat:0x24695a,scena/mp4000_ev.dat,Now that I hear it... I feel a bit sorry for them.,51
scena/mp4000_ev.dat:0x2469aa,scena/mp4000_ev.dat,give them any sympathy.,24
scena/mp4000_ev.dat:0x2469c2,scena/mp4000_ev.dat,Pfft! Like that's a reason to,30
scena/mp4000_ev.dat:0x246a01,scena/mp4000_ev.dat,feel any sympathy for them.,28
scena/mp4000_ev.dat:0x246a1d,scena/mp4000_ev.dat,"Even so, I find it hard to",27
scena/mp4000_ev.dat:0x246a61,scena/mp4000_ev.dat,"Anyway, I'd come here to see off Mueller.",42
scena/mp4000_ev.dat:0x246a9b,scena/mp4000_ev.dat,What brings you all here?,26
scena/mp4000_ev.dat:0x246b13,scena/mp4000_ev.dat,"Um, actually, we were searching for Renne...",45
scena/mp4000_ev.dat:0x246b59,scena/mp4000_ev.dat,"Have you seen her, Olivier?",28
scena/mp4000_ev.dat:0x246bb7,scena/mp4000_ev.dat,Is that not her right there?,29
scena/mp4000_ev.dat:0x246cc5,scena/mp4000_ev.dat,Wh-When did she get here?,26
scena/mp4000_ev.dat:0x246d79,scena/mp4000_ev.dat,You can't just disappear like that!,36
scena/mp4000_ev.dat:0x246db2,scena/mp4000_ev.dat,sorts of people while you were running from us!,48
scena/mp4000_ev.dat:0x246de2,scena/mp4000_ev.dat,"Not only that, you made trouble for all",40
scena/mp4000_ev.dat:0x246e3d,scena/mp4000_ev.dat,I'm sorry... I was just bored.,31
scena/mp4000_ev.dat:0x246e6c,scena/mp4000_ev.dat,at the department store!,25
scena/mp4000_ev.dat:0x246e85,scena/mp4000_ev.dat,"Oh, but I bought tea and cookies",33
scena/mp4000_ev.dat:0x246eb5,scena/mp4000_ev.dat,so please don't be mad!,24
scena/mp4000_ev.dat:0x246ecd,scena/mp4000_ev.dat,"There's enough for everybody,",30
scena/mp4000_ev.dat:0x246f4d,scena/mp4000_ev.dat,it entertaining for us in a way.,33
scena/mp4000_ev.dat:0x246f6e,scena/mp4000_ev.dat,"Haha. Well, she did make",25
scena/mp4000_ev.dat:0x246f97,scena/mp4000_ev.dat,Can't we forgive her?,22
scena/mp4000_ev.dat:0x246fcf,scena/mp4000_ev.dat,it pretty fun for us...,24
scena/mp4000_ev.dat:0x246fe7,scena/mp4000_ev.dat,"Teehee. Well, she did make",27
scena/mp4000_ev.dat:0x247012,scena/mp4000_ev.dat,Maybe we could forgive her?,28
scena/mp4000_ev.dat:0x24705a,scena/mp4000_ev.dat,*Sigh* Alright...,18
scena/mp4000_ev.dat:0x247081,scena/mp4000_ev.dat,"You're getting off lightly, lucky girl.",40
scena/mp4000_ev.dat:0x2470cb,scena/mp4000_ev.dat,You mean it?!,14
scena/mp4000_ev.dat:0x2470e8,scena/mp4000_ev.dat,"That's a relief, huh!",22
scena/mp4000_ev.dat:0x24711f,scena/mp4000_ev.dat,to the guild office?,21
scena/mp4000_ev.dat:0x247134,scena/mp4000_ev.dat,"If we're done here, can we go back",35
scena/mp4000_ev.dat:0x247171,scena/mp4000_ev.dat,New info might have come in.,29
scena/mp4000_ev.dat:0x2471a9,scena/mp4000_ev.dat,the guild office?,18
scena/mp4000_ev.dat:0x2471bb,scena/mp4000_ev.dat,"If we're done here, can we go back to",38
scena/mp4000_ev.dat:0x2471fb,scena/mp4000_ev.dat,New info might have come in while we were away.,48
scena/mp4000_ev.dat:0x24728f,scena/mp4000_ev.dat,"Yeah, let's go.",16
scena/mp4000_ev.dat:0x2472b3,scena/mp4000_ev.dat,"Oh? Did something happen, by chance?",37
scena/mp4000_ev.dat:0x2472f7,scena/mp4000_ev.dat,"There was an incident in the Bose region, apparently.",54
scena/mp4000_ev.dat:0x247347,scena/mp4000_ev.dat,"Oh, wait. That's where Mueller's heading right now!",52
scena/mp4000_ev.dat:0x2473c5,scena/mp4000_ev.dat,"Yes, that's right.",19
scena/mp4000_ev.dat:0x2473e7,scena/mp4000_ev.dat,Hmm... I'd like to hear more about this incident.,50
scena/mp4000_ev.dat:0x247434,scena/mp4000_ev.dat,to the guild office.,21
scena/mp4000_ev.dat:0x247449,scena/mp4000_ev.dat,Fine. We'll brief you after we get back,40
scena/mp4000_ev.dat:0x247485,scena/mp4000_ev.dat,once we get back to the guild office.,38
scena/mp4000_ev.dat:0x2474ab,scena/mp4000_ev.dat,Very well. We'll explain everything,36
scena/mp4000_ev.dat:0x2475b7,scena/mp4000_ev.dat,"Hey, Estelle...",16
scena/mp4000_ev.dat:0x24760b,scena/mp4000_ev.dat,Yeah? What's up?,17
scena/mp4000_ev.dat:0x247630,scena/mp4000_ev.dat,I'm not mad.,13
scena/mp4000_ev.dat:0x24763d,scena/mp4000_ev.dat,"If this is about earlier, don't even worry.",44
scena/mp4000_ev.dat:0x247687,scena/mp4000_ev.dat,Haha! I wasn't worried!,24
scena/mp4000_ev.dat:0x2476af,scena/mp4000_ev.dat,"mad, you're not that scary.",28
scena/mp4000_ev.dat:0x2476cb,scena/mp4000_ev.dat,"After all, even if you get",27
scena/mp4000_ev.dat:0x247703,scena/mp4000_ev.dat,Urk... You got me there.,25
scena/mp4000_ev.dat:0x24772b,scena/mp4000_ev.dat,"So what is it, then?",21
scena/mp4000_ev.dat:0x247777,scena/mp4000_ev.dat,"Actually, I have a message to give you, Estelle.",49
scena/mp4000_ev.dat:0x2477cd,scena/mp4000_ev.dat,A message?,11
scena/mp4000_ev.dat:0x2477ec,scena/mp4000_ev.dat,"Yeah. Don't be too surprised, okay?",36
scena/mp4000_ev.dat:0x2478c5,scena/mp4000_ev.dat,"Wait, this is for me?",22
scena/mp4000_ev.dat:0x2478fa,scena/mp4000_ev.dat,"Yes, that's right.",19
scena/mp4000_ev.dat:0x247921,scena/mp4000_ev.dat,Who is it from?,16
scena/mp4000_ev.dat:0x247940,scena/mp4000_ev.dat,Teehee... You'll know when you read it.,40
scena/mp4000_ev.dat:0x24798a,scena/mp4000_ev.dat,"Oh, okay...",12
scena/mp4000_ev.dat:0x247a08,scena/mp4000_ev.dat,'Dear Estelle...',18
scena/mp4000_ev.dat:0x247a1a,scena/mp4000_ev.dat,but there's something I must tell you.',40
scena/mp4000_ev.dat:0x247a42,scena/mp4000_ev.dat,"'I was unsure about writing this,",34
scena/mp4000_ev.dat:0x247a64,scena/mp4000_ev.dat,of us?',8
scena/mp4000_ev.dat:0x247a6c,scena/mp4000_ev.dat,"I disappeared, but can we meet, just the two",45
scena/mp4000_ev.dat:0x247a99,scena/mp4000_ev.dat,"'I may be asking for too much, given the way",45
scena/mp4000_ev.dat:0x247ac6,scena/mp4000_ev.dat,of the Ahnenburg Wall at Gurune Gate.',39
scena/mp4000_ev.dat:0x247aed,scena/mp4000_ev.dat,'I'll be waiting for you tonight on top,40
scena/mp4000_ev.dat:0x247b29,scena/mp4000_ev.dat,... What...?,13
scena/mp4000_ev.dat:0x247b5a,scena/mp4000_ev.dat,Heehee! Looks like you've figured it out.,42
scena/mp4000_ev.dat:0x247bb7,scena/mp4000_ev.dat,"Since you told me about him, I",31
scena/mp4000_ev.dat:0x247bea,scena/mp4000_ev.dat,I can't believe it...,22
scena/mp4000_ev.dat:0x247c23,scena/mp4000_ev.dat,Who gave this to you?!,23
scena/mp4000_ev.dat:0x247c5f,scena/mp4000_ev.dat,black hair and amber eyes.,27
scena/mp4000_ev.dat:0x247c7a,scena/mp4000_ev.dat,A handsome boy with jet,24
scena/mp4000_ev.dat:0x247ca1,scena/mp4000_ev.dat,waiting for you all at the landing port.,41
scena/mp4000_ev.dat:0x247cca,scena/mp4000_ev.dat,He asked me to give it to you while I was,42
scena/mp4000_ev.dat:0x247d08,scena/mp4000_ev.dat,No way...,10
scena/mp4000_ev.dat:0x247d2e,scena/mp4000_ev.dat,It must've been Joshua!,24
scena/mp4000_ev.dat:0x247d46,scena/mp4000_ev.dat,"It's the boy you told me about, right?",39
scena/mp4000_ev.dat:0x247dbb,scena/mp4000_ev.dat,It's his handwriting. I'm sure it's from him...,48
scena/mp4000_ev.dat:0x247dff,scena/mp4000_ev.dat,Wall at the Gurune Gate...,27
scena/mp4000_ev.dat:0x247e1a,scena/mp4000_ev.dat,"Tonight, on top of the Ahnenburg",33
scena/mp4000_ev.dat:0x247e4f,scena/mp4000_ev.dat,Tonight... It's almost evening already...!,43
scena/mp4000_ev.dat:0x247f00,scena/mp4000_ev.dat,"Hey, what are you doin' over there?",36
scena/mp4000_ev.dat:0x247f33,scena/mp4000_ev.dat,about what's going on in the other regions.,44
scena/mp4000_ev.dat:0x247f5f,scena/mp4000_ev.dat,Seems Elnan's got some info for us,35
scena/mp4000_ev.dat:0x247fd2,scena/mp4000_ev.dat,What do I do... Ugh...,23
scena/mp4000_ev.dat:0x248015,scena/mp4000_ev.dat,Hey... What's wrong?,21
scena/mp4000_ev.dat:0x2480c6,scena/mp4000_ev.dat,Is this...from Joshua?,23
scena/mp4000_ev.dat:0x248149,scena/mp4000_ev.dat,Yeah... Seems like it.,23
scena/mp4000_ev.dat:0x248175,scena/mp4000_ev.dat,matches his description...,27
scena/mp4000_ev.dat:0x248190,scena/mp4000_ev.dat,Renne got it from someone who,30
scena/mp4000_ev.dat:0x2481c2,scena/mp4000_ev.dat,Ah. Now I get it.,18
scena/mp4000_ev.dat:0x2481f0,scena/mp4000_ev.dat,"Estelle, go. We'll take care of things here.",45
scena/mp4000_ev.dat:0x248242,scena/mp4000_ev.dat,"I said go, alright?",20
scena/mp4000_ev.dat:0x248266,scena/mp4000_ev.dat,I'll think of somethin' to tell the others.,44
scena/mp4000_ev.dat:0x2482cb,scena/mp4000_ev.dat,"Thanks, Agate!",15
scena/mp4000_ev.dat:0x24830e,scena/mp4000_ev.dat,giving me this message!,24
scena/mp4000_ev.dat:0x248326,scena/mp4000_ev.dat,"You too, Renne... Thanks for",29
scena/mp4000_ev.dat:0x248397,scena/mp4000_ev.dat,Aaand she's gone...,20
scena/mp4000_ev.dat:0x2483bf,scena/mp4000_ev.dat,Does she really want to see him that bad?,42
scena/mp4000_ev.dat:0x2483fd,scena/mp4000_ev.dat,Yeah... Sure looks like it.,28
scena/mp4000_ev.dat:0x248444,scena/mp4000_ev.dat,explain her absence to the others.,35
scena/mp4000_ev.dat:0x248467,scena/mp4000_ev.dat,Heh. Now I gotta think of how to,33
scena/mp4000_ev.dat:0x2484a2,scena/mp4000_ev.dat,"Estelle, what are you doing over there?",40
scena/mp4000_ev.dat:0x2484d9,scena/mp4000_ev.dat,Elnan's ready to give us info on each region.,46
scena/mp4000_ev.dat:0x248558,scena/mp4000_ev.dat,What do I do... Ugh...,23
scena/mp4000_ev.dat:0x2485bf,scena/mp4000_ev.dat,"What's wrong, Estelle?",23
scena/mp4000_ev.dat:0x24867b,scena/mp4000_ev.dat,...Is this from Joshua?,24
scena/mp4000_ev.dat:0x2486f4,scena/mp4000_ev.dat,Yeah... Seems like it.,23
scena/mp4000_ev.dat:0x248720,scena/mp4000_ev.dat,matches his description...,27
scena/mp4000_ev.dat:0x24873b,scena/mp4000_ev.dat,Renne got it from someone who,30
scena/mp4000_ev.dat:0x24876d,scena/mp4000_ev.dat,I see...,9
scena/mp4000_ev.dat:0x248794,scena/mp4000_ev.dat,Go. I understand.,18
scena/mp4000_ev.dat:0x2487f2,scena/mp4000_ev.dat,I'll think of something to tell the others.,44
scena/mp4000_ev.dat:0x248832,scena/mp4000_ev.dat,"You want to go and see him, don't you?",39
scena/mp4000_ev.dat:0x248892,scena/mp4000_ev.dat,"Thank you, Schera!",19
scena/mp4000_ev.dat:0x2488d9,scena/mp4000_ev.dat,giving me this message!,24
scena/mp4000_ev.dat:0x2488f1,scena/mp4000_ev.dat,"You too, Renne... Thanks for",29
scena/mp4000_ev.dat:0x248964,scena/mp4000_ev.dat,Aaand she's gone...,20
scena/mp4000_ev.dat:0x24898c,scena/mp4000_ev.dat,Does she really want to see him that bad?,42
scena/mp4000_ev.dat:0x2489d4,scena/mp4000_ev.dat,"Yes, absolutely.",17
scena/mp4000_ev.dat:0x2489f5,scena/mp4000_ev.dat,"After all, he's the reason she's on this journey.",50
scena/mp4000_ev.dat:0x248a6c,scena/mp4000_ev.dat,*Huff* *Huff*,14
scena/mp4000_ev.dat:0x248aa5,scena/mp4000_ev.dat,"On top of the Ahnenburg Wall, at the Gurune Gate...",52
scena/mp4000_ev.dat:0x248aed,scena/mp4000_ev.dat,I have to hurry...!,20
scena/mp4000_ev.dat:0x248b67,scena/mp4000_ev.dat,It's already evening...!,25
scena/mp4000_ev.dat:0x248bba,scena/mp4000_ev.dat,from the Gurune Gate side...,29
scena/mp4000_ev.dat:0x248bd7,scena/mp4000_ev.dat,I have to get on top of the Ahnenburg Wall,43
scena/mp4000_ev.dat:0x248c1a,scena/mp4000_ev.dat,I have to hurry...!,20
scena/mp4000_ev.dat:0x248d99,scena/mp4000_ev.dat,Phillip and his nagging...,27
scena/mp4000_ev.dat:0x248db4,scena/mp4000_ev.dat,That doddering old fool,24
scena/mp4000_ev.dat:0x248dee,scena/mp4000_ev.dat,Who does he think I am?!,25
scena/mp4000_ev.dat:0x248e20,scena/mp4000_ev.dat,Duke Dunan von Auslese...!,27
scena/mp4000_ev.dat:0x248e3b,scena/mp4000_ev.dat,I'm the heir to the throne...,30
scena/mp4000_ev.dat:0x248ed4,scena/mp4000_ev.dat,had all that beer...,21
scena/mp4000_ev.dat:0x248ee9,scena/mp4000_ev.dat,Urgh... Maybe I shouldn't have,31
scena/mp4000_ev.dat:0x248f2a,scena/mp4000_ev.dat,lip-smackingly delicious...,28
scena/mp4000_ev.dat:0x248f46,scena/mp4000_ev.dat,"But then, that curry was",25
scena/mp4000_ev.dat:0x248f78,scena/mp4000_ev.dat,"food isn't so bad, once in a while.",36
scena/mp4000_ev.dat:0x248f9c,scena/mp4000_ev.dat,I guess eating the commoners',30
scena/mp4000_ev.dat:0x24901e,scena/mp4000_ev.dat,...Damn it!,12
scena/mp4000_ev.dat:0x249043,scena/mp4000_ev.dat,Klaudia...and that stupid bracer girl...,41
scena/mp4000_ev.dat:0x249094,scena/mp4000_ev.dat,have to take nonsense from some wench...,41
scena/mp4000_ev.dat:0x2490bd,scena/mp4000_ev.dat,Why should someone of my stature,33
scena/mp4000_ev.dat:0x249120,scena/mp4000_ev.dat,words...make me feel so ashamed...,35
scena/mp4000_ev.dat:0x249143,scena/mp4000_ev.dat,Why should some simpleton's,28
scena/mp4000_ev.dat:0x24918b,scena/mp4000_ev.dat,Woman's Voice,14
scena/mp4000_ev.dat:0x249199,scena/mp4000_ev.dat,"You have my deepest sympathy, Your Grace.",42
scena/mp4000_ev.dat:0x249217,scena/mp4000_ev.dat,always with Colonel Richard...?,32
scena/mp4000_ev.dat:0x249237,scena/mp4000_ev.dat,Aren't you that girl who was,29
scena/mp4000_ev.dat:0x24927c,scena/mp4000_ev.dat,The name is Kanone Amalthea.,29
scena/mp4000_ev.dat:0x249299,scena/mp4000_ev.dat,"Yes, I was his adjutant.",25
scena/mp4000_ev.dat:0x2492c2,scena/mp4000_ev.dat,"I'm relieved to see you well, Your Grace.",42
scena/mp4000_ev.dat:0x249301,scena/mp4000_ev.dat,"to be in the best of moods, hm?",32
scena/mp4000_ev.dat:0x249321,scena/mp4000_ev.dat,"Although, you don't appear",27
scena/mp4000_ev.dat:0x249362,scena/mp4000_ev.dat,Wh-What do you want...?,24
scena/mp4000_ev.dat:0x249411,scena/mp4000_ev.dat,such words from your lips.,27
scena/mp4000_ev.dat:0x24942c,scena/mp4000_ev.dat,Hehe. Ah... It so pains me to hear,35
scena/mp4000_ev.dat:0x24948a,scena/mp4000_ev.dat,We want only to help you...my dear duke.,41
scena/mp4000_ev.dat:0x2494df,scena/mp4000_ev.dat,"Now, come with us quietly.",27
scena/mp4000_ev.dat:0x24962c,scena/mp4000_ev.dat,"Wait, is that you, Estelle?",28
scena/mp4000_ev.dat:0x249677,scena/mp4000_ev.dat,Wh-What are you doing here...?,31
scena/mp4000_ev.dat:0x2496d3,scena/mp4000_ev.dat,Wh-Where is...,15
scena/mp4000_ev.dat:0x2496f1,scena/mp4000_ev.dat,"Well, well! It's great to see ya.",34
scena/mp4000_ev.dat:0x24974e,scena/mp4000_ev.dat,"Ya know, for us to meet again in a",35
scena/mp4000_ev.dat:0x24979c,scena/mp4000_ev.dat,"Kevin, please tell me!",23
scena/mp4000_ev.dat:0x2497c7,scena/mp4000_ev.dat,Did you see someone else up here?!,35
scena/mp4000_ev.dat:0x2497fe,scena/mp4000_ev.dat,Huh...? Someone else?,22
scena/mp4000_ev.dat:0x24982d,scena/mp4000_ev.dat,Are you also meetin' up with someone here?,43
scena/mp4000_ev.dat:0x249895,scena/mp4000_ev.dat,"...Wait, you're here to meet someone too?",42
scena/mp4000_ev.dat:0x2498e4,scena/mp4000_ev.dat,Yeah... I got a letter that invited me here.,45
scena/mp4000_ev.dat:0x249920,scena/mp4000_ev.dat,M-Me too.,10
scena/mp4000_ev.dat:0x249939,scena/mp4000_ev.dat,"What a funny coincidence, right? Haha...",41
scena/mp4000_ev.dat:0x249994,scena/mp4000_ev.dat,"Haha! I know, right?!",22
scena/mp4000_ev.dat:0x2499d4,scena/mp4000_ev.dat,"...Yeah, like hell it's a coincidence!",39
scena/mp4000_ev.dat:0x249a1c,scena/mp4000_ev.dat,I-It's not?,12
scena/mp4000_ev.dat:0x249a37,scena/mp4000_ev.dat,"Then, were you called here by Joshua, too?",43
scena/mp4000_ev.dat:0x249a9c,scena/mp4000_ev.dat,"Who is... Oh, wait, that's your boyfriend.",43
scena/mp4000_ev.dat:0x249adb,scena/mp4000_ev.dat,Uh... Mhm.,11
scena/mp4000_ev.dat:0x249b00,scena/mp4000_ev.dat,"W-Well, that's a surprise.",27
scena/mp4000_ev.dat:0x249b30,scena/mp4000_ev.dat,I wasn't expecting Joshua to be a middle-aged man...,53
scena/mp4000_ev.dat:0x249b79,scena/mp4000_ev.dat,"Then again, they do say love conquers all...",45
scena/mp4000_ev.dat:0x249bbb,scena/mp4000_ev.dat,"And I guess that means I have a chance, too...",47
scena/mp4000_ev.dat:0x249bff,scena/mp4000_ev.dat,not talking about the same thing.,34
scena/mp4000_ev.dat:0x249c21,scena/mp4000_ev.dat,"Um, I get the feeling we're",28
scena/mp4000_ev.dat:0x249c53,scena/mp4000_ev.dat,Did you get a letter asking you to come here?,46
scena/mp4000_ev.dat:0x249cb0,scena/mp4000_ev.dat,was sent to Grancel Cathedral.,31
scena/mp4000_ev.dat:0x249ccf,scena/mp4000_ev.dat,"Yeah, a letter addressed to me",31
scena/mp4000_ev.dat:0x249d11,scena/mp4000_ev.dat,"a well-mannered, middle-aged man...",36
scena/mp4000_ev.dat:0x249d35,scena/mp4000_ev.dat,I heard it was delivered by,28
scena/mp4000_ev.dat:0x249d91,scena/mp4000_ev.dat,B-But Joshua is the same age as me!,36
scena/mp4000_ev.dat:0x249dcb,scena/mp4000_ev.dat,He's not a middle-aged dude!,29
scena/mp4000_ev.dat:0x249dfe,scena/mp4000_ev.dat,"Oh, well, that figures.",24
scena/mp4000_ev.dat:0x249e39,scena/mp4000_ev.dat,Heh. I knew somethin' was wrong!,33
scena/mp4000_ev.dat:0x249e79,scena/mp4000_ev.dat,"Yeah, right...",15
scena/mp4000_ev.dat:0x249e98,scena/mp4000_ev.dat,"But then, what's going on?",27
scena/mp4000_ev.dat:0x249ec2,scena/mp4000_ev.dat,Wh-What if...,14
scena/mp4000_ev.dat:0x249f19,scena/mp4000_ev.dat,"no chance at all, but...",25
scena/mp4000_ev.dat:0x249f32,scena/mp4000_ev.dat,"Well, it's not like there's",28
scena/mp4000_ev.dat:0x249f7b,scena/mp4000_ev.dat,Now that's thinkin' outside the box.,37
scena/mp4000_ev.dat:0x249fb4,scena/mp4000_ev.dat,Is Joshua a master of disguise or somethin'?,45
scena/mp4000_ev.dat:0x249ffb,scena/mp4000_ev.dat,"Um, I don't know about that...",31
scena/mp4000_ev.dat:0x24a0af,scena/mp4000_ev.dat,What the...?,13
scena/mp4000_ev.dat:0x24a120,scena/mp4000_ev.dat,like a mere case of mistaken identity...,41
scena/mp4000_ev.dat:0x24a149,scena/mp4000_ev.dat,"Darn it, this definitely doesn't seem",38
scena/mp4000_ev.dat:0x24a1b5,scena/mp4000_ev.dat,Yeah... Here they come!,24
scena/mp4000_ev.dat:0x24a22e,scena/mp4000_ev.dat,It really is just a coincidence?,33
scena/mp4000_ev.dat:0x24a24f,scena/mp4000_ev.dat,We've been lured into a deadly trap,36
scena/mp4000_ev.dat:0x24a273,scena/mp4000_ev.dat,The middle-aged man really was Joshua,38
scena/mp4000_ev.dat:0x24a30d,scena/mp4000_ev.dat,Wh-What are these things...?!,30
scena/mp4000_ev.dat:0x24a389,scena/mp4000_ev.dat,Wh-What was that all about...?,31
scena/mp4000_ev.dat:0x24a3bc,scena/mp4000_ev.dat,They didn't seem like monsters to me...,40
scena/mp4000_ev.dat:0x24a405,scena/mp4000_ev.dat,that were in the sealed area beneath the castle.,49
scena/mp4000_ev.dat:0x24a436,scena/mp4000_ev.dat,I agree. They looked like the archaisms,40
scena/mp4000_ev.dat:0x24a46d,scena/mp4000_ev.dat,like they were built recently.,31
scena/mp4000_ev.dat:0x24a48c,scena/mp4000_ev.dat,But the ones we just fought seemed,35
scena/mp4000_ev.dat:0x24a4be,scena/mp4000_ev.dat,What are you saying?,21
scena/mp4000_ev.dat:0x24a4fb,scena/mp4000_ev.dat,ancient times...,17
scena/mp4000_ev.dat:0x24a50c,scena/mp4000_ev.dat,"artifacts of some sort, somethin' left over from",49
scena/mp4000_ev.dat:0x24a53d,scena/mp4000_ev.dat,If the archaisms in the Sealed Area were,41
scena/mp4000_ev.dat:0x24a576,scena/mp4000_ev.dat,modern version runnin' on orbments.,36
scena/mp4000_ev.dat:0x24a59a,scena/mp4000_ev.dat,Then those things just now were a,34
scena/mp4000_ev.dat:0x24a5cb,scena/mp4000_ev.dat,"than the originals, mind you.",30
scena/mp4000_ev.dat:0x24a5e9,scena/mp4000_ev.dat,Though they didn't seem any less powerful,42
scena/mp4000_ev.dat:0x24a645,scena/mp4000_ev.dat,I...I see...,13
scena/mp4000_ev.dat:0x24a6af,scena/mp4000_ev.dat,"the Sealed Area, Kevin?",24
scena/mp4000_ev.dat:0x24a6c7,scena/mp4000_ev.dat,"Um, how did you know about",27
scena/mp4000_ev.dat:0x24a6ff,scena/mp4000_ev.dat,...! Uh...,11
scena/mp4000_ev.dat:0x24a738,scena/mp4000_ev.dat,Man's Voice,12
scena/mp4000_ev.dat:0x24a744,scena/mp4000_ev.dat,"Hey, what are you two doing?!",30
scena/mp4000_ev.dat:0x24a7e6,scena/mp4000_ev.dat,I thought I heard noises...,28
scena/mp4000_ev.dat:0x24a812,scena/mp4000_ev.dat,you two up to?!,16
scena/mp4000_ev.dat:0x24a822,scena/mp4000_ev.dat,What kind of shady business were,33
scena/mp4000_ev.dat:0x24a868,scena/mp4000_ev.dat,"Um, slow down a second!",24
scena/mp4000_ev.dat:0x24a894,scena/mp4000_ev.dat,by these weird machines...,27
scena/mp4000_ev.dat:0x24a8af,scena/mp4000_ev.dat,We happened to be attacked,27
scena/mp4000_ev.dat:0x24a8d9,scena/mp4000_ev.dat,Weird machines...?,19
scena/mp4000_ev.dat:0x24a90d,scena/mp4000_ev.dat,Yes. I'm awful sorry if we alarmed you.,40
scena/mp4000_ev.dat:0x24a969,scena/mp4000_ev.dat,"The young lady here is a bracer, ya see.",41
scena/mp4000_ev.dat:0x24a9a1,scena/mp4000_ev.dat,She's on the trail of some suspicious folks.,45
scena/mp4000_ev.dat:0x24aa1a,scena/mp4000_ev.dat,A bracer... Is that true?,26
scena/mp4000_ev.dat:0x24aa4e,scena/mp4000_ev.dat,"Go ahead, Estelle. Show them your badge.",41
scena/mp4000_ev.dat:0x24aaa0,scena/mp4000_ev.dat,"Oh, right...",13
scena/mp4000_ev.dat:0x24aafe,scena/mp4000_ev.dat,...Alright. I believe you now.,31
scena/mp4000_ev.dat:0x24ab3a,scena/mp4000_ev.dat,What sort of 'suspicious folks' are you after?,47
scena/mp4000_ev.dat:0x24ab92,scena/mp4000_ev.dat,It's this mysterious bunch called the Society.,47
scena/mp4000_ev.dat:0x24abff,scena/mp4000_ev.dat,experiments everywhere.,24
scena/mp4000_ev.dat:0x24ac17,scena/mp4000_ev.dat,They're runnin' around doin' crazy,35
scena/mp4000_ev.dat:0x24ac58,scena/mp4000_ev.dat,"here, those creepy machines attacked us.",41
scena/mp4000_ev.dat:0x24ac81,scena/mp4000_ev.dat,"We followed their trail, and when we got",41
scena/mp4000_ev.dat:0x24ad13,scena/mp4000_ev.dat,us about some group called the Society...,42
scena/mp4000_ev.dat:0x24ad3d,scena/mp4000_ev.dat,"Now that you mention it, command did warn",42
scena/mp4000_ev.dat:0x24ad77,scena/mp4000_ev.dat,"appeared on the scenic route, too...",37
scena/mp4000_ev.dat:0x24ad9c,scena/mp4000_ev.dat,Maybe they're the ones who,27
scena/mp4000_ev.dat:0x24add4,scena/mp4000_ev.dat,"Whoa, hold on a second!",24
scena/mp4000_ev.dat:0x24ae29,scena/mp4000_ev.dat,What exactly happened on the scenic route?,43
scena/mp4000_ev.dat:0x24ae7c,scena/mp4000_ev.dat,security headquarters at Erbe Royal Villa.,43
scena/mp4000_ev.dat:0x24aea7,scena/mp4000_ev.dat,"Well, we just got a message from",33
scena/mp4000_ev.dat:0x24aed7,scena/mp4000_ev.dat,It seems an armed group attacked the villa.,44
scena/mp4000_ev.dat:0x24af5a,scena/mp4000_ev.dat,was able to fight them off.,28
scena/mp4000_ev.dat:0x24af76,scena/mp4000_ev.dat,"Luckily, Lt. Colonel Cid",25
scena/mp4000_ev.dat:0x24af9f,scena/mp4000_ev.dat,are chasing after them as we speak.,36
scena/mp4000_ev.dat:0x24afc3,scena/mp4000_ev.dat,They've closed off the scenic route and,40
scena/mp4000_ev.dat:0x24b031,scena/mp4000_ev.dat,Man... Things sure are movin' fast.,36
scena/mp4000_ev.dat:0x24b089,scena/mp4000_ev.dat,Maybe we'd better go back to the guild.,40
scena/mp4000_ev.dat:0x24b0c0,scena/mp4000_ev.dat,"Huh? Oh, uh...",15
scena/mp4000_ev.dat:0x24b0e8,scena/mp4000_ev.dat,the same ones you were tracking...,35
scena/mp4000_ev.dat:0x24b10b,scena/mp4000_ev.dat,I suppose the armed group may be,33
scena/mp4000_ev.dat:0x24b16b,scena/mp4000_ev.dat,"Anyway, we'll keep watch in this area.",39
scena/mp4000_ev.dat:0x24b1ae,scena/mp4000_ev.dat,You two should hurry back to the guild in the capital.,55
scena/mp4000_ev.dat:0x24b232,scena/mp4000_ev.dat,"Come on, Estelle. Let's get moving!",36
scena/mp4000_ev.dat:0x24b2f3,scena/mp4000_ev.dat,"Oh, no... It's completely dark out now.",40
scena/mp4000_ev.dat:0x24b362,scena/mp4000_ev.dat,I wonder how things are at Erbe Royal Villa.,45
scena/mp4000_ev.dat:0x24b39f,scena/mp4000_ev.dat,"Well, maybe the guild has heard something.",43
scena/mp4000_ev.dat:0x24b3e4,scena/mp4000_ev.dat,"C'mon, let's hurry.",20
scena/mp4000_ev.dat:0x24b471,scena/mp4000_ev.dat,have taken stuff out on you.,29
scena/mp4000_ev.dat:0x24b48e,scena/mp4000_ev.dat,Sorry about earlier. I shouldn't,33
scena/mp4000_ev.dat:0x24b4be,scena/mp4000_ev.dat,No worries!,12
scena/mp4000_ev.dat:0x24b4da,scena/mp4000_ev.dat,"of your boyfriend, right?",26
scena/mp4000_ev.dat:0x24b4f4,scena/mp4000_ev.dat,You can't think straight because,33
scena/mp4000_ev.dat:0x24b524,scena/mp4000_ev.dat,"Don't worry, I get it.",23
scena/mp4000_ev.dat:0x24b568,scena/mp4000_ev.dat,"Heh, thanks.",13
scena/mp4000_ev.dat:0x24b594,scena/mp4000_ev.dat,I don't fully trust you yet.,29
scena/mp4000_ev.dat:0x24b5b1,scena/mp4000_ev.dat,But I did mean it when I said,30
scena/mp4000_ev.dat:0x24b604,scena/mp4000_ev.dat,"Oof. A bridge too far, eh?",27
scena/mp4000_ev.dat:0x24b64d,scena/mp4000_ev.dat,"No worries. In fact, when we",29
scena/mp4000_ev.dat:0x24b688,scena/mp4000_ev.dat,Man's Voice,12
scena/mp4000_ev.dat:0x24b694,scena/mp4000_ev.dat,Ms. Estelle...!,16
scena/mp4000_ev.dat:0x24b707,scena/mp4000_ev.dat,Huh? Phillip?,14
scena/mp4000_ev.dat:0x24b729,scena/mp4000_ev.dat,His Grace's attitude toward you this morning.,46
scena/mp4000_ev.dat:0x24b757,scena/mp4000_ev.dat,G-Good evening to you. I apologize again for,45
scena/mp4000_ev.dat:0x24b794,scena/mp4000_ev.dat,"But, Ms. Estelle...",20
scena/mp4000_ev.dat:0x24b7bc,scena/mp4000_ev.dat,Have you seen His Grace anywhere?,34
scena/mp4000_ev.dat:0x24b7ed,scena/mp4000_ev.dat,"Huh...? Um, not since this morning...",38
scena/mp4000_ev.dat:0x24b830,scena/mp4000_ev.dat,Is something wrong?,20
scena/mp4000_ev.dat:0x24b85f,scena/mp4000_ev.dat,"afternoon, he hasn't returned to the castle.",45
scena/mp4000_ev.dat:0x24b88c,scena/mp4000_ev.dat,Ever since His Grace went into town this,41
scena/mp4000_ev.dat:0x24b8c4,scena/mp4000_ev.dat,His Grace was likely to go...,30
scena/mp4000_ev.dat:0x24b8e2,scena/mp4000_ev.dat,I've checked all the places where,34
scena/mp4000_ev.dat:0x24b925,scena/mp4000_ev.dat,Urgh! Why now of all times...?,31
scena/mp4000_ev.dat:0x24b981,scena/mp4000_ev.dat,guild now. Will you come with us?,34
scena/mp4000_ev.dat:0x24b9a3,scena/mp4000_ev.dat,"Phillip, we're going back to the",33
scena/mp4000_ev.dat:0x24b9d3,scena/mp4000_ev.dat,"the guild has likely heard about it, too.",42
scena/mp4000_ev.dat:0x24b9fd,scena/mp4000_ev.dat,"If the Duke has caused trouble somewhere,",42
scena/mp4000_ev.dat:0x24ba3b,scena/mp4000_ev.dat,"R-Right... I'll accompany you, then.",37
scena/mp4000_ev.dat:0x24ba90,scena/mp4000_ev.dat,"...Um, and you are?",20
scena/mp4000_ev.dat:0x24bab8,scena/mp4000_ev.dat,priest of the Septian Church.,30
scena/mp4000_ev.dat:0x24bad6,scena/mp4000_ev.dat,"Oh, I'm Kevin Graham, a wandering",34
scena/mp4000_ev.dat:0x24bb0c,scena/mp4000_ev.dat,Nice to meet ya!,17
scena/mp4000_ev.dat:0x24bb3b,scena/mp4000_ev.dat,The pleasure is mine.,22
scena/mp4000_ev.dat:0x24bb61,scena/mp4000_ev.dat,My name is Phillip. I am His Grace's butler.,45
scena/mp4000_ev.dat:0x24bbb1,scena/mp4000_ev.dat,Let's save the pleasantries for later!,39
scena/mp4000_ev.dat:0x24bbf8,scena/mp4000_ev.dat,We've gotta get back to the guild!,35
scena/mp4000_ev.dat:0x24bc8c,scena/mp4000_ev.dat,'tea party' will be held?,26
scena/mp4000_ev.dat:0x24bca6,scena/mp4000_ev.dat,So where do you think this,27
scena/mp4000_ev.dat:0x24bcde,scena/mp4000_ev.dat,Grancel Castle comes to mind...,32
scena/mp4000_ev.dat:0x24bd11,scena/mp4000_ev.dat,But I heard they have a large force on guard.,46
scena/mp4000_ev.dat:0x24bd52,scena/mp4000_ev.dat,We should check elsewhere.,27
scena/mp4000_ev.dat:0x24bd80,scena/mp4000_ev.dat,Grancel Castle is a likely target...,37
scena/mp4000_ev.dat:0x24bdb8,scena/mp4000_ev.dat,But I heard they have a large force on guard.,46
scena/mp4000_ev.dat:0x24bdf9,scena/mp4000_ev.dat,We should check elsewhere.,27
scena/mp4000_ev.dat:0x24be38,scena/mp4000_ev.dat,"Hmm... You say that, but this city is huge.",44
scena/mp4000_ev.dat:0x24be79,scena/mp4000_ev.dat,"We've gotta narrow it down, somehow...",39
scena/mp4000_ev.dat:0x24bf93,scena/mp4000_ev.dat,"Whoa, what the...?!",20
scena/mp4000_ev.dat:0x24bfc0,scena/mp4000_ev.dat,Nice. Just in time!,20
scena/mp4000_ev.dat:0x24bfe8,scena/mp4000_ev.dat,Hehe. We couldn't ask for better help!,39
scena/mp4000_ev.dat:0x24c064,scena/mp4000_ev.dat,"It's just my guess, but...",27
scena/mp4000_ev.dat:0x24c092,scena/mp4000_ev.dat,I think Sieg wants to guide us somewhere?,42
scena/mp4000_ev.dat:0x24c17a,scena/mp4000_ev.dat,Toward the West Block...?,26
scena/mp4000_ev.dat:0x24c1a3,scena/mp4000_ev.dat,He's telling us to go to the West Block...?,44
scena/mp4000_ev.dat:0x24c1de,scena/mp4000_ev.dat,"Okay, let's check it out!",26
scena/mp4000_ev.dat:0x24c207,scena/mp4000_ev.dat,Wow... What a unique team.,27
scena/mp4000_ev.dat:0x24c39b,scena/mp4000_ev.dat,Huh... These pups look like they want to play...,49
scena/mp4000_ev.dat:0x24c3df,scena/mp4000_ev.dat,These are the Special Ops military dogs!,41
scena/mp4000_ev.dat:0x24c41c,scena/mp4000_ev.dat,...Watch out!,14
scena/mp4000_ev.dat:0x24c439,scena/mp4000_ev.dat,...Here they come!,19
scena/mp4000_ev.dat:0x24c4e5,scena/mp4000_ev.dat,Whew! I wasn't expectin' that at all.,38
scena/mp4000_ev.dat:0x24c528,scena/mp4000_ev.dat,"Anyhow, it seems we're goin' the right way.",44
scena/mp4000_ev.dat:0x24c57c,scena/mp4000_ev.dat,Yeah... You're right!,22
scena/mp4000_ev.dat:0x24c5a6,scena/mp4000_ev.dat,"Okay, don't let your guard down!",33
scena/mp4000_ev.dat:0x24c5e1,scena/mp4000_ev.dat,"Okay, let's proceed with caution!",34
scena/mp4000_ev.dat:0x24c7ad,scena/mp4000_ev.dat,Woman's Voice,14
scena/mp4000_ev.dat:0x24c7bb,scena/mp4000_ev.dat,Hmph. We've been expecting you.,32
scena/mp4000_ev.dat:0x24c805,scena/mp4000_ev.dat,Captain Amalthea!,18
scena/mp4000_ev.dat:0x24c826,scena/mp4000_ev.dat,Heh. That's 'former captain.',30
scena/mp4000_ev.dat:0x24c86d,scena/mp4000_ev.dat,were making such a fuss...,27
scena/mp4000_ev.dat:0x24c888,scena/mp4000_ev.dat,I wondered why the dogs,24
scena/mp4000_ev.dat:0x24c8b5,scena/mp4000_ev.dat,You bracers sniffed this place out quicker than I thought.,59
scena/mp4000_ev.dat:0x24c8ff,scena/mp4000_ev.dat,Don't even start! Not after what you did!,42
scena/mp4000_ev.dat:0x24c947,scena/mp4000_ev.dat,"young girl, too... You're a monster!",37
scena/mp4000_ev.dat:0x24c96c,scena/mp4000_ev.dat,How could you kidnap an innocent,33
scena/mp4000_ev.dat:0x24c9aa,scena/mp4000_ev.dat,What exactly is that supposed to mean?,39
scena/mp4000_ev.dat:0x24c9fd,scena/mp4000_ev.dat,Duke achieve his dreams of succession.,39
scena/mp4000_ev.dat:0x24ca24,scena/mp4000_ev.dat,We're simply helping His Grace the,35
scena/mp4000_ev.dat:0x24ca8d,scena/mp4000_ev.dat,to mind your own business?,27
scena/mp4000_ev.dat:0x24caa8,scena/mp4000_ev.dat,Has it ever occurred to you,28
scena/mp4000_ev.dat:0x24cb03,scena/mp4000_ev.dat,Duke Dunan! Haven't you learned anything...?!,46
scena/mp4000_ev.dat:0x24cb51,scena/mp4000_ev.dat,part in such a reckless plan?!,31
scena/mp4000_ev.dat:0x24cb70,scena/mp4000_ev.dat,D-Do you really think I'd take,31
scena/mp4000_ev.dat:0x24cba3,scena/mp4000_ev.dat,Th-These fools are trying to make me their patsy!,50
scena/mp4000_ev.dat:0x24cbf6,scena/mp4000_ev.dat,Well... He does really seem to be uncomfortable.,49
scena/mp4000_ev.dat:0x24cc5a,scena/mp4000_ev.dat,"Come on, you vixen... Out with the truth.",42
scena/mp4000_ev.dat:0x24ccbb,scena/mp4000_ev.dat,"You're trying to free Richard, aren't you?",43
scena/mp4000_ev.dat:0x24ccfa,scena/mp4000_ev.dat,you were straight with us.,27
scena/mp4000_ev.dat:0x24cd15,scena/mp4000_ev.dat,"Ms. former Captain, it's time",30
scena/mp4000_ev.dat:0x24cd6a,scena/mp4000_ev.dat,"Colonel Richard, isn't it?",27
scena/mp4000_ev.dat:0x24cd85,scena/mp4000_ev.dat,Your real objective is to free,31
scena/mp4000_ev.dat:0x24ce04,scena/mp4000_ev.dat,figured out that much...,25
scena/mp4000_ev.dat:0x24ce1d,scena/mp4000_ev.dat,"Heh... Well, if you've already",31
scena/mp4000_ev.dat:0x24ce9c,scena/mp4000_ev.dat,Commencing Operation Resurgence!,33
scena/mp4000_ev.dat:0x24cee9,scena/mp4000_ev.dat,Men! Hold them off for two minutes!,36
scena/mp4000_ev.dat:0x24cf3e,scena/mp4000_ev.dat,Special Ops Soldiers,21
scena/mp4000_ev.dat:0x24cf53,scena/mp4000_ev.dat,"<S5>Yes, ma'am!",16
scena/mp4000_ev.dat:0x24cfbe,scena/mp4000_ev.dat,"Hey, get back here!",20
scena/mp4000_ev.dat:0x24d001,scena/mp4000_ev.dat,"If not the Duke, you could",27
scena/mp4000_ev.dat:0x24d077,scena/mp4000_ev.dat,Special Ops Soldier,20
scena/mp4000_ev.dat:0x24d08b,scena/mp4000_ev.dat,way of the Captain's plan!,27
scena/mp4000_ev.dat:0x24d0a6,scena/mp4000_ev.dat,We won't let you get in the,28
scena/mp4000_ev.dat:0x24d0d1,scena/mp4000_ev.dat,Special Ops Soldier,20
scena/mp4000_ev.dat:0x24d0e5,scena/mp4000_ev.dat,"Come, you guild dogs!",22
scena/mp4000_ev.dat:0x24d10a,scena/mp4000_ev.dat,Wh-Who are you calling a dog?!,31
scena/mp4000_ev.dat:0x24d16e,scena/mp4000_ev.dat,You wanna get hurt? Deal!,26
scena/mp4000_ev.dat:0x24d1a2,scena/mp4000_ev.dat,if your bite matches your bark!,32
scena/mp4000_ev.dat:0x24d1c2,scena/mp4000_ev.dat,You've got some nerve... Let's see,35
scena/mp4000_ev.dat:0x24d55b,scena/mp4000_ev.dat,Special Ops Soldier,20
scena/mp4000_ev.dat:0x24d56f,scena/mp4000_ev.dat,<W700>D-Damn it...,19
scena/mp4000_ev.dat:0x24d592,scena/mp4000_ev.dat,Special Ops Soldier,20
scena/mp4000_ev.dat:0x24d5a6,scena/mp4000_ev.dat,<W700>How can you be so strong...?!,36
scena/mp4000_ev.dat:0x24d612,scena/mp4000_ev.dat,You just don't know when to quit!,34
scena/mp4000_ev.dat:0x24d648,scena/mp4000_ev.dat,Come on! Out of the way...,27
scena/mp4000_ev.dat:0x24d6fa,scena/mp4000_ev.dat,Wh-What was that?!,19
scena/mp4000_ev.dat:0x24d801,scena/mp4000_ev.dat,from the blueprints...,23
scena/mp4000_ev.dat:0x24d818,scena/mp4000_ev.dat,Damn it... It's the machine,28
scena/mp4000_ev.dat:0x24d848,scena/mp4000_ev.dat,machine from the blueprints...?,32
scena/mp4000_ev.dat:0x24d868,scena/mp4000_ev.dat,Don't tell me... Is this the,29
scena/mp4000_ev.dat:0x24d8be,scena/mp4000_ev.dat,<W500>Hahaha... Just in time...,32
scena/mp4000_ev.dat:0x24d900,scena/mp4000_ev.dat,<W500>F-For the honor of the Intelligence Division!,52
scena/mp4000_ev.dat:0x24da3b,scena/mp4000_ev.dat,I-Is that...,13
scena/mp4000_ev.dat:0x24daca,scena/mp4000_ev.dat,A t-tank...?!,14
scena/mp4000_ev.dat:0x24daf1,scena/mp4000_ev.dat,So this is the Orgueille...,28
scena/mp4000_ev.dat:0x24db1c,scena/mp4000_ev.dat,So this is the Orgueille...,28
scena/mp4000_ev.dat:0x24dba2,scena/mp4000_ev.dat,of our beautiful Orgueille?,28
scena/mp4000_ev.dat:0x24dbbe,scena/mp4000_ev.dat,Hahaha! Well? What do you make,31
scena/mp4000_ev.dat:0x24dc06,scena/mp4000_ev.dat,specially designed by the Intelligence Division.,49
scena/mp4000_ev.dat:0x24dc37,scena/mp4000_ev.dat,"It's a cutting edge, highly mobile orbal tank",46
scena/mp4000_ev.dat:0x24dc99,scena/mp4000_ev.dat,It could even compete with an armored airship.,47
scena/mp4000_ev.dat:0x24dcc8,scena/mp4000_ev.dat,Its firepower surpasses that of an Erebonian tank.,51
scena/mp4000_ev.dat:0x24dd19,scena/mp4000_ev.dat,Now that's a real doozy of a machine...,40
scena/mp4000_ev.dat:0x24dd51,scena/mp4000_ev.dat,Th-This is crazy...,20
scena/mp4000_ev.dat:0x24dd88,scena/mp4000_ev.dat,so it was locked away in the final phase of,44
scena/mp4000_ev.dat:0x24ddb4,scena/mp4000_ev.dat,"We didn't have an engine powerful enough for it,",49
scena/mp4000_ev.dat:0x24ddff,scena/mp4000_ev.dat,hands on the Arseille's new engine.,36
scena/mp4000_ev.dat:0x24de23,scena/mp4000_ev.dat,But we never dreamed we'd get our,34
scena/mp4000_ev.dat:0x24de61,scena/mp4000_ev.dat,Heh... The Goddess of the Sky has smiled upon us.,50
scena/mp4000_ev.dat:0x24dea8,scena/mp4000_ev.dat,H-Hold it...,13
scena/mp4000_ev.dat:0x24dec9,scena/mp4000_ev.dat,What do you need something like this for anyway?!,50
scena/mp4000_ev.dat:0x24df23,scena/mp4000_ev.dat,Duke Dunan ascend the throne.,30
scena/mp4000_ev.dat:0x24df41,scena/mp4000_ev.dat,"I told you, didn't I? We're helping",36
scena/mp4000_ev.dat:0x24df7f,scena/mp4000_ev.dat,the Queen's approval somehow.,30
scena/mp4000_ev.dat:0x24df9d,scena/mp4000_ev.dat,We need to win Her Majesty,27
scena/mp4000_ev.dat:0x24e017,scena/mp4000_ev.dat,Y-You've gotta be kidding me...,32
scena/mp4000_ev.dat:0x24e071,scena/mp4000_ev.dat,You're gonna threaten the Queen with this?!,44
scena/mp4000_ev.dat:0x24e0b6,scena/mp4000_ev.dat,You're gonna threaten the Queen with this?!,44
scena/mp4000_ev.dat:0x24e106,scena/mp4000_ev.dat,Hahaha! You're too late to stop us now.,40
scena/mp4000_ev.dat:0x24e14f,scena/mp4000_ev.dat,through the castle gates!,26
scena/mp4000_ev.dat:0x24e169,scena/mp4000_ev.dat,The Orgueille will easily break,32
scena/mp4000_ev.dat:0x24e199,scena/mp4000_ev.dat,And all the soldiers at the castle will be powerless before its might!,71
scena/mp4000_ev.dat:0x24e1f7,scena/mp4000_ev.dat,and watch the revolution unfold!,33
scena/mp4000_ev.dat:0x24e218,scena/mp4000_ev.dat,We can't be stopped. Just stand back,37
scena/mp4000_ev.dat:0x24e2fa,scena/mp4000_ev.dat,Oh crap...!,12
scena/mp4000_ev.dat:0x24e31a,scena/mp4000_ev.dat,After them!,12
scena/mp4000_ev.dat:0x24e335,scena/mp4000_ev.dat,Come on! After them!,21
scena/mp4000_ev.dat:0x24e7da,scena/mp4000_ev.dat,Hehe... We left them in the dust.,34
scena/mp4000_ev.dat:0x24e816,scena/mp4000_ev.dat,and capture the Queen...,25
scena/mp4000_ev.dat:0x24e82f,scena/mp4000_ev.dat,Once we take over the castle,29
scena/mp4000_ev.dat:0x24e8e0,scena/mp4000_ev.dat,Woman's Voice,14
scena/mp4000_ev.dat:0x24e8ee,scena/mp4000_ev.dat,Phew... We're not a second too late.,37
scena/mp4000_ev.dat:0x24e966,scena/mp4000_ev.dat,It's...the Royal Guard...!,27
scena/mp4000_ev.dat:0x24e99a,scena/mp4000_ev.dat,And...Julia Schwarz!,21
scena/mp4000_ev.dat:0x24e9c8,scena/mp4000_ev.dat,"Long time no see, Kanone.",26
scena/mp4000_ev.dat:0x24e9f2,scena/mp4000_ev.dat,chance to face off like this.,30
scena/mp4000_ev.dat:0x24ea10,scena/mp4000_ev.dat,I never thought we'd get the,29
scena/mp4000_ev.dat:0x24ea3c,scena/mp4000_ev.dat,It makes no sense... What are you doing here?!,47
scena/mp4000_ev.dat:0x24ea84,scena/mp4000_ev.dat,flight training at Leiston Fortress!,37
scena/mp4000_ev.dat:0x24eaa9,scena/mp4000_ev.dat,You were supposed to be doing,30
scena/mp4000_ev.dat:0x24eaef,scena/mp4000_ev.dat,call for support.,18
scena/mp4000_ev.dat:0x24eb01,scena/mp4000_ev.dat,Lt. Colonel Cid sent us an emergency,37
scena/mp4000_ev.dat:0x24eb35,scena/mp4000_ev.dat,was going to happen in Grancel.,32
scena/mp4000_ev.dat:0x24eb55,scena/mp4000_ev.dat,It seems he sensed that something,34
scena/mp4000_ev.dat:0x24eb87,scena/mp4000_ev.dat,That's why we flew straight here.,34
scena/mp4000_ev.dat:0x24ebb8,scena/mp4000_ev.dat,Tch... I didn't take that dunce to be a quick thinker...,57
scena/mp4000_ev.dat:0x24ec05,scena/mp4000_ev.dat,just like Colonel Richard did.,31
scena/mp4000_ev.dat:0x24ec24,scena/mp4000_ev.dat,The Lt. Colonel served under General Bright,44
scena/mp4000_ev.dat:0x24ec60,scena/mp4000_ev.dat,Underestimating him was a mistake on your part.,48
scena/mp4000_ev.dat:0x24ecb1,scena/mp4000_ev.dat,So it seems...,15
scena/mp4000_ev.dat:0x24eceb,scena/mp4000_ev.dat,think you're going to do?,26
scena/mp4000_ev.dat:0x24ed05,scena/mp4000_ev.dat,"Well, what exactly do you",26
scena/mp4000_ev.dat:0x24ed4b,scena/mp4000_ev.dat,installed in the Arseille.,27
scena/mp4000_ev.dat:0x24ed66,scena/mp4000_ev.dat,All you've got is that orbal howitzer,38
scena/mp4000_ev.dat:0x24ed9c,scena/mp4000_ev.dat,enough to defeat this tank?,28
scena/mp4000_ev.dat:0x24edb8,scena/mp4000_ev.dat,Do you really think that's,27
scena/mp4000_ev.dat:0x24ede2,scena/mp4000_ev.dat,We will at least keep you occupied.,36
scena/mp4000_ev.dat:0x24ee25,scena/mp4000_ev.dat,will arrive to back us up.,27
scena/mp4000_ev.dat:0x24ee40,scena/mp4000_ev.dat,"Eventually, Lt. Colonel Cid's squad",36
scena/mp4000_ev.dat:0x24ee74,scena/mp4000_ev.dat,It's in your best interest to surrender.,41
scena/mp4000_ev.dat:0x24ef23,scena/mp4000_ev.dat,...What's so funny?,20
scena/mp4000_ev.dat:0x24ef58,scena/mp4000_ev.dat,"You haven't changed, Julia...",30
scena/mp4000_ev.dat:0x24ef95,scena/mp4000_ev.dat,dignified aura you had in military school...,45
scena/mp4000_ev.dat:0x24efc2,scena/mp4000_ev.dat,"You possess the same straightforward,",38
scena/mp4000_ev.dat:0x24eff8,scena/mp4000_ev.dat,The two of us have never seen eye-to-eye...,44
scena/mp4000_ev.dat:0x24f034,scena/mp4000_ev.dat,"But in truth, I always admired you.",36
scena/mp4000_ev.dat:0x24f067,scena/mp4000_ev.dat,Kanone... It was the same for me.,34
scena/mp4000_ev.dat:0x24f0c9,scena/mp4000_ev.dat,Even so...,11
scena/mp4000_ev.dat:0x24f0e4,scena/mp4000_ev.dat,"Colonel Richard, I won't hold back!",36
scena/mp4000_ev.dat:0x24f108,scena/mp4000_ev.dat,If you're trying to stop me from freeing,41
scena/mp4000_ev.dat:0x24f1dc,scena/mp4000_ev.dat,You leave me no choice...,26
scena/mp4000_ev.dat:0x24f22d,scena/mp4000_ev.dat,Stop the tank in its tracks!,29
scena/mp4000_ev.dat:0x24f24a,scena/mp4000_ev.dat,"Ranks 1 and 2, prepare to fire!",32
scena/mp4000_ev.dat:0x24f285,scena/mp4000_ev.dat,"<S5>Yes, ma'am!",16
scena/mp4000_ev.dat:0x24f5f0,scena/mp4000_ev.dat,Royal Guards,13
scena/mp4000_ev.dat:0x24f5fd,scena/mp4000_ev.dat,I-It's no use! The weapons have shut down!,43
scena/mp4000_ev.dat:0x24f638,scena/mp4000_ev.dat,Urk... An Orbal Shutdown?!,27
scena/mp4000_ev.dat:0x24f66c,scena/mp4000_ev.dat,But that should affect the tank too...,39
scena/mp4000_ev.dat:0x24f6f4,scena/mp4000_ev.dat,It-It can't be! How is it still moving?!,41
scena/mp4000_ev.dat:0x24f8f5,scena/mp4000_ev.dat,Royal Guards,13
scena/mp4000_ev.dat:0x24fa97,scena/mp4000_ev.dat,while still shutting down surrounding orbments...,50
scena/mp4000_ev.dat:0x24fac9,scena/mp4000_ev.dat,This unit connects directly to the vehicle,43
scena/mp4000_ev.dat:0x24fb04,scena/mp4000_ev.dat,Heh... It's even more powerful than I expected.,48
scena/mp4000_ev.dat:0x24fb5b,scena/mp4000_ev.dat,"Damn it, Kanone...",19
scena/mp4000_ev.dat:0x24fb8d,scena/mp4000_ev.dat,Where did you get that Gospel...,33
scena/mp4000_ev.dat:0x24fbc2,scena/mp4000_ev.dat,I have my connections.,23
scena/mp4000_ev.dat:0x24fbe8,scena/mp4000_ev.dat,for helping with certain 'experiments.',40
scena/mp4000_ev.dat:0x24fc10,scena/mp4000_ev.dat,It was given to me in exchange,31
scena/mp4000_ev.dat:0x24fce9,scena/mp4000_ev.dat,Wh-What's that?!,17
scena/mp4000_ev.dat:0x24fd0e,scena/mp4000_ev.dat,Wh-What's that?!,17
scena/mp4000_ev.dat:0x24fd33,scena/mp4000_ev.dat,Ouroboros Gospel experiment!,29
scena/mp4000_ev.dat:0x24fd50,scena/mp4000_ev.dat,This must be the latest,24
scena/mp4000_ev.dat:0x24fd7c,scena/mp4000_ev.dat,S-So this was their plan?!,27
scena/mp4000_ev.dat:0x24fdab,scena/mp4000_ev.dat,"Well, damn...",14
scena/mp4000_ev.dat:0x24fde7,scena/mp4000_ev.dat,we can't use arts at all.,26
scena/mp4000_ev.dat:0x24fe01,scena/mp4000_ev.dat,"As long as that thing is runnin',",34
scena/mp4000_ev.dat:0x24fe4c,scena/mp4000_ev.dat,I guess...this calls for desperate measures.,45
scena/mp4000_ev.dat:0x24fed0,scena/mp4000_ev.dat,"Estelle, Agate.",16
scena/mp4000_ev.dat:0x24ff07,scena/mp4000_ev.dat,the Gospel for a short time.,29
scena/mp4000_ev.dat:0x24ff24,scena/mp4000_ev.dat,"If this works, it may shut down",32
scena/mp4000_ev.dat:0x24ff61,scena/mp4000_ev.dat,Use that chance to stop the tank.,34
scena/mp4000_ev.dat:0x24ff92,scena/mp4000_ev.dat,What are you on about?!,24
scena/mp4000_ev.dat:0x24ffbe,scena/mp4000_ev.dat,"Estelle, Schera.",17
scena/mp4000_ev.dat:0x24fff6,scena/mp4000_ev.dat,the Gospel for a short time.,29
scena/mp4000_ev.dat:0x250013,scena/mp4000_ev.dat,"If this works, it may shut down",32
scena/mp4000_ev.dat:0x250050,scena/mp4000_ev.dat,Use that chance to stop the tank.,34
scena/mp4000_ev.dat:0x25009c,scena/mp4000_ev.dat,Y-You can shut down the Gospel?!,33
scena/mp4000_ev.dat:0x2500e1,scena/mp4000_ev.dat,The chances are fifty-fifty...,31
scena/mp4000_ev.dat:0x250110,scena/mp4000_ev.dat,"Pray to the Goddess, both of you.",34
scena/mp4000_ev.dat:0x25018a,scena/mp4000_ev.dat,Hey... Isn't that...?!,23
scena/mp4000_ev.dat:0x2501b5,scena/mp4000_ev.dat,The Chronos Rod...,19
scena/mp4000_ev.dat:0x2501ea,scena/mp4000_ev.dat,belonged to Mayor Dalmore!,27
scena/mp4000_ev.dat:0x250205,scena/mp4000_ev.dat,The forbidden artifact that,28
scena/mp4000_ev.dat:0x250279,scena/mp4000_ev.dat,<S5>Take this!,15
scena/mp4000_ev.dat:0x2505b0,scena/mp4000_ev.dat,Th-The lights are back on...,29
scena/mp4000_ev.dat:0x2505e1,scena/mp4000_ev.dat,The orbments are working again!,32
scena/mp4000_ev.dat:0x25067b,scena/mp4000_ev.dat,What the hell did you just do?!,32
scena/mp4000_ev.dat:0x2506c0,scena/mp4000_ev.dat,Heh. Nothin' special.,22
scena/mp4000_ev.dat:0x2506e6,scena/mp4000_ev.dat,energy that's released when an artifact is broken.,51
scena/mp4000_ev.dat:0x250719,scena/mp4000_ev.dat,I simply hit you with the massive amount of,44
scena/mp4000_ev.dat:0x25077e,scena/mp4000_ev.dat,Looks like even a Gospel couldn't handle it.,45
scena/mp4000_ev.dat:0x2507f3,scena/mp4000_ev.dat,"Nice work, Kevin!",18
scena/mp4000_ev.dat:0x250814,scena/mp4000_ev.dat,Not bad for a shady priest!,28
scena/mp4000_ev.dat:0x25083f,scena/mp4000_ev.dat,"Way to go, Father!",19
scena/mp4000_ev.dat:0x250875,scena/mp4000_ev.dat,"Aw, it was nothin'.",20
scena/mp4000_ev.dat:0x250899,scena/mp4000_ev.dat,you achieved anything?!,24
scena/mp4000_ev.dat:0x2508b1,scena/mp4000_ev.dat,Grr...<w1700> You really think,31
scena/mp4000_ev.dat:0x250949,scena/mp4000_ev.dat,with the likes of you people!,30
scena/mp4000_ev.dat:0x250967,scena/mp4000_ev.dat,I don't need a Gospel to deal,30
scena/mp4000_ev.dat:0x25099e,scena/mp4000_ev.dat,Behold the power of the Orgueille!,35
scena/mp4000_ev.dat:0x250a0d,scena/mp4000_ev.dat,Captain Schwarz!,17
scena/mp4000_ev.dat:0x250a4a,scena/mp4000_ev.dat,Gospel. It should have damaged the tank too!,45
scena/mp4000_ev.dat:0x250a77,scena/mp4000_ev.dat,That was good enough to short out the,38
scena/mp4000_ev.dat:0x250ab1,scena/mp4000_ev.dat,Now's the time to attack!,26
scena/mp4000_ev.dat:0x250ae7,scena/mp4000_ev.dat,I see... Right!,16
scena/mp4000_ev.dat:0x250b23,scena/mp4000_ev.dat,"We're counting on you, Captain Schwarz!",40
scena/mp4000_ev.dat:0x250b5a,scena/mp4000_ev.dat,Show them what you learned from the old man!,45
scena/mp4000_ev.dat:0x250b96,scena/mp4000_ev.dat,Show them what you learned from Master Cassius!,48
scena/mp4000_ev.dat:0x250bd5,scena/mp4000_ev.dat,Heh... Certainly!,18
scena/mp4000_ev.dat:0x250eae,scena/mp4000_ev.dat,Did that... Did that do it...?!,32
scena/mp4000_ev.dat:0x250edd,scena/mp4000_ev.dat,Yes... It completely shut down.,32
scena/mp4000_ev.dat:0x250f3c,scena/mp4000_ev.dat,Grr... Damn you...,19
scena/mp4000_ev.dat:0x250f81,scena/mp4000_ev.dat,"It's over, Kanone.",19
scena/mp4000_ev.dat:0x250fa8,scena/mp4000_ev.dat,Accept your defeat with grace this time.,41
scena/mp4000_ev.dat:0x250fe0,scena/mp4000_ev.dat,Go to hell!,12
scena/mp4000_ev.dat:0x251005,scena/mp4000_ev.dat,the Colonel this easily!,25
scena/mp4000_ev.dat:0x25101e,scena/mp4000_ev.dat,We won't give up on freeing,28
scena/mp4000_ev.dat:0x2510b5,scena/mp4000_ev.dat,Julia! And you damn bracers! This is the end!,46
scena/mp4000_ev.dat:0x251113,scena/mp4000_ev.dat,Let's settle this once and for all!,36
scena/mp4000_ev.dat:0x251171,scena/mp4000_ev.dat,a tank to a sword fight...,27
scena/mp4000_ev.dat:0x25118c,scena/mp4000_ev.dat,You're the one who brought,27
scena/mp4000_ev.dat:0x251200,scena/mp4000_ev.dat,"But fine! You want it, you got it!",35
scena/mp4000_ev.dat:0x251250,scena/mp4000_ev.dat,It's time to end this rivalry between us...,44
scena/mp4000_ev.dat:0x2512b1,scena/mp4000_ev.dat,"...Here I come, Kanone!",24
scena/mp4000_ev.dat:0x25179d,scena/mp4000_ev.dat,<W700>Gah... Uh...,19
scena/mp4000_ev.dat:0x2517ea,scena/mp4000_ev.dat,<W700>Colonel Richard... Forgive...me...,41
scena/mp4000_ev.dat:0x251845,scena/mp4000_ev.dat,*Huff* *Huff*,14
scena/mp4000_ev.dat:0x25189e,scena/mp4000_ev.dat,W-We did it...,15
scena/mp4000_ev.dat:0x251905,scena/mp4000_ev.dat,I-I'm exhausted...,19
scena/mp4000_ev.dat:0x251928,scena/mp4000_ev.dat,*Pant* Back-to-back battles sure are tirin'...,47
scena/mp4000_ev.dat:0x25196b,scena/mp4000_ev.dat,Heh... So we pulled it off...?,31
scena/mp4000_ev.dat:0x2519b3,scena/mp4000_ev.dat,Phew... Looks like we managed to stop them...,46
scena/mp4000_ev.dat:0x251a24,scena/mp4000_ev.dat,Man's Voice,12
scena/mp4000_ev.dat:0x251a30,scena/mp4000_ev.dat,Is-Is it over...?,18
scena/mp4000_ev.dat:0x251ab0,scena/mp4000_ev.dat,"Oh, Duke Dunan...?",19
scena/mp4000_ev.dat:0x251ad7,scena/mp4000_ev.dat,"What the... They had ya in the tank, huh?",42
scena/mp4000_ev.dat:0x251b15,scena/mp4000_ev.dat,"Um, well, yes...",17
scena/mp4000_ev.dat:0x251b62,scena/mp4000_ev.dat,"This time, I really do owe you my thanks...",44
scena/mp4000_ev.dat:0x251bb4,scena/mp4000_ev.dat,a treasured set of comic books from my collection!,51
scena/mp4000_ev.dat:0x251be7,scena/mp4000_ev.dat,"As a token of my gratitude, I'll bestow upon you",49
scena/mp4000_ev.dat:0x251c4f,scena/mp4000_ev.dat,Um... I think I'll pass...,27
scena/mp4000_ev.dat:0x251c7a,scena/mp4000_ev.dat,"'thank you' from you, Duke Dunan...",36
scena/mp4000_ev.dat:0x251c9e,scena/mp4000_ev.dat,"But then, I never thought I'd hear a",37
scena/mp4000_ev.dat:0x251ce9,scena/mp4000_ev.dat,"Wait, what about Renne?!",25
scena/mp4000_ev.dat:0x251d79,scena/mp4000_ev.dat,Is she okay?!,14
scena/mp4000_ev.dat:0x251dbf,scena/mp4000_ev.dat,Wh-What are you talking about...?,34
scena/mp4000_ev.dat:0x251df5,scena/mp4000_ev.dat,Who is this Renne you speak of?,32
scena/mp4000_ev.dat:0x251e3d,scena/mp4000_ev.dat,A young girl! In a white dress!,32
scena/mp4000_ev.dat:0x251e71,scena/mp4000_ev.dat,Wasn't she inside the tank with you?!,38
scena/mp4000_ev.dat:0x251ebc,scena/mp4000_ev.dat,but me and those soldiers...,29
scena/mp4000_ev.dat:0x251ed9,scena/mp4000_ev.dat,Th-There wasn't anyone in there,32
scena/mp4000_ev.dat:0x251f46,scena/mp4000_ev.dat,What? Then where is she?!,26
scena/mp4000_ev.dat:0x251f74,scena/mp4000_ev.dat,Where did you lock her up?!,28
scena/mp4000_ev.dat:0x251f9f,scena/mp4000_ev.dat,<W700>We didn't lock up any girls...,37
scena/mp4000_ev.dat:0x251ff2,scena/mp4000_ev.dat,D-Don't try to play dumb now!,30
scena/mp4000_ev.dat:0x252024,scena/mp4000_ev.dat,Where is she?!,15
scena/mp4000_ev.dat:0x252033,scena/mp4000_ev.dat,You kidnapped a girl from the guild!,37
scena/mp4000_ev.dat:0x252067,scena/mp4000_ev.dat,Kidnapped from the guild?,26
scena/mp4000_ev.dat:0x2520eb,scena/mp4000_ev.dat,I see... So that's how it is...,32
scena/mp4000_ev.dat:0x252120,scena/mp4000_ev.dat,That's how what is?,20
scena/mp4000_ev.dat:0x2521cf,scena/mp4000_ev.dat,Wh-Why are you laughing?,25
scena/mp4000_ev.dat:0x2521fc,scena/mp4000_ev.dat,Kanone... What's going on?,27
scena/mp4000_ev.dat:0x252243,scena/mp4000_ev.dat,How can I not laugh?!,22
scena/mp4000_ev.dat:0x252292,scena/mp4000_ev.dat,What a joke!,13
scena/mp4000_ev.dat:0x2522bc,scena/mp4000_ev.dat,carried out for the Colonel!,29
scena/mp4000_ev.dat:0x2522d9,scena/mp4000_ev.dat,After all the schemes I've,27
scena/mp4000_ev.dat:0x252328,scena/mp4000_ev.dat,play me for a fool!,20
scena/mp4000_ev.dat:0x25233c,scena/mp4000_ev.dat,I can't believe I let that little runt,39
scena/mp4000_ev.dat:0x25247e,scena/mp4000_ev.dat,What the...,12
scena/mp4000_ev.dat:0x2524a2,scena/mp4000_ev.dat,A child...?!,13
scena/mp4000_ev.dat:0x2524c3,scena/mp4000_ev.dat,A little girl...?!,19
scena/mp4000_ev.dat:0x252508,scena/mp4000_ev.dat,<W800>Y-You shouldn't climb up high places like that...,56
scena/mp4000_ev.dat:0x25255d,scena/mp4000_ev.dat,<W800>Wh-What if you fall?!,28
scena/mp4000_ev.dat:0x2525cd,scena/mp4000_ev.dat,Unbelievable... You really are like a cat.,43
scena/mp4000_ev.dat:0x252608,scena/mp4000_ev.dat,Just wait there. I'll come help you down...,44
scena/mp4000_ev.dat:0x252656,scena/mp4000_ev.dat,Teehee... There's no need for that.,36
scena/mp4000_ev.dat:0x2526ae,scena/mp4000_ev.dat,This is the seat with the best view.,37
scena/mp4000_ev.dat:0x2526f0,scena/mp4000_ev.dat,don't I deserve that?,22
scena/mp4000_ev.dat:0x252706,scena/mp4000_ev.dat,"As the host of the tea party,",30
scena/mp4000_ev.dat:0x2527c3,scena/mp4000_ev.dat,"Renne, the Angel of Slaughter...",33
scena/mp4000_ev.dat:0x2527e4,scena/mp4000_ev.dat,I am Enforcer No. XV.,22
scena/mp4000_ev.dat:0x25288e,scena/mp4000_ev.dat,That's the name I've been given.,33
scena/mp4000_ev.dat:0x2528cc,scena/mp4000_ev.dat,"something more elegant, though.",32
scena/mp4000_ev.dat:0x2528ec,scena/mp4000_ev.dat,I would have preferred,23
scena/mp4000_ev.dat:0x25293f,scena/mp4000_ev.dat,<W600>No way...,16
scena/mp4000_ev.dat:0x25296d,scena/mp4000_ev.dat,A girl this young...is an agent of Ouroboros?!,47
scena/mp4000_ev.dat:0x2529da,scena/mp4000_ev.dat,"Renne, the Angel of Slaughter",30
scena/mp4000_ev.dat:0x2529f8,scena/mp4000_ev.dat,"The Society doesn't look at your age, you know?",48
scena/mp4000_ev.dat:0x252a4a,scena/mp4000_ev.dat,Only at your capability.,25
scena/mp4000_ev.dat:0x252aa0,scena/mp4000_ev.dat,"And I'm veeery capable, trust me.",34
scena/mp4000_ev.dat:0x252adf,scena/mp4000_ev.dat,Just like the Black Fang from long ago.,40
scena/mp4000_ev.dat:0x252b3e,scena/mp4000_ev.dat,Hang on... Have I got this right?,34
scena/mp4000_ev.dat:0x252b7d,scena/mp4000_ev.dat,who sent me that letter?!,26
scena/mp4000_ev.dat:0x252b97,scena/mp4000_ev.dat,This little girl was the one,29
scena/mp4000_ev.dat:0x252bdd,scena/mp4000_ev.dat,"Yes, it was me.",16
scena/mp4000_ev.dat:0x252bfd,scena/mp4000_ev.dat,I sent nine letters with threats...,36
scena/mp4000_ev.dat:0x252c31,scena/mp4000_ev.dat,One invitation to the church man...,36
scena/mp4000_ev.dat:0x252c65,scena/mp4000_ev.dat,the Intelligence Division...,29
scena/mp4000_ev.dat:0x252c82,scena/mp4000_ev.dat,Another to the lady from,25
scena/mp4000_ev.dat:0x252cab,scena/mp4000_ev.dat,"And one to you, Estelle.",25
scena/mp4000_ev.dat:0x252cd3,scena/mp4000_ev.dat,me ages to write them!,23
scena/mp4000_ev.dat:0x252cea,scena/mp4000_ev.dat,Twelve letters in all. It took,31
scena/mp4000_ev.dat:0x252d3a,scena/mp4000_ev.dat,I hope Loewe will be happy with me.,36
scena/mp4000_ev.dat:0x252d78,scena/mp4000_ev.dat,A-All of this is your doing...?,32
scena/mp4000_ev.dat:0x252da7,scena/mp4000_ev.dat,Y-You're responsible for all of this...?,41
scena/mp4000_ev.dat:0x252dec,scena/mp4000_ev.dat,"everyone to the tea party, after all.",38
scena/mp4000_ev.dat:0x252e12,scena/mp4000_ev.dat,Of course. I'm the one who invited,35
scena/mp4000_ev.dat:0x252e49,scena/mp4000_ev.dat,my guests to grow bored.,25
scena/mp4000_ev.dat:0x252e62,scena/mp4000_ev.dat,"As the host, I can't allow",27
scena/mp4000_ev.dat:0x252e8d,scena/mp4000_ev.dat,"I worked really hard, you know.",32
scena/mp4000_ev.dat:0x252eef,scena/mp4000_ev.dat,But wait...,12
scena/mp4000_ev.dat:0x252f1f,scena/mp4000_ev.dat,What about your mom and dad?,29
scena/mp4000_ev.dat:0x252f5d,scena/mp4000_ev.dat,Where are they? Do they know about this?!,42
scena/mp4000_ev.dat:0x252fb1,scena/mp4000_ev.dat,You still haven't figured it out?,34
scena/mp4000_ev.dat:0x25302c,scena/mp4000_ev.dat,Haha! I must have a special talent for acting...,49
scena/mp4000_ev.dat:0x25307a,scena/mp4000_ev.dat,Or maybe it's just that you're especially dense?,49
scena/mp4000_ev.dat:0x2530cd,scena/mp4000_ev.dat,Wh-What did you say?!,22
scena/mp4000_ev.dat:0x253119,scena/mp4000_ev.dat,Teehee... Watch your temper!,29
scena/mp4000_ev.dat:0x25316a,scena/mp4000_ev.dat,"...They're right here, see?",28
scena/mp4000_ev.dat:0x253251,scena/mp4000_ev.dat,I'm Renne's father.,20
scena/mp4000_ev.dat:0x2532a2,scena/mp4000_ev.dat,And I'm Renne's mother.,24
scena/mp4000_ev.dat:0x253327,scena/mp4000_ev.dat,They're not actually my parents.,33
scena/mp4000_ev.dat:0x253373,scena/mp4000_ev.dat,them... I can go like this!,28
scena/mp4000_ev.dat:0x25338f,scena/mp4000_ev.dat,Now that I no longer need,26
scena/mp4000_ev.dat:0x253579,scena/mp4000_ev.dat,Wh-Wh-What have you...,23
scena/mp4000_ev.dat:0x2535b8,scena/mp4000_ev.dat,<S5>WHAT HAVE YOU DONE?!,25
scena/mp4000_ev.dat:0x253613,scena/mp4000_ev.dat,"Get a grip, Estelle!",21
scena/mp4000_ev.dat:0x253643,scena/mp4000_ev.dat,Can't you see they're not bleeding?!,37
scena/mp4000_ev.dat:0x25367c,scena/mp4000_ev.dat,"Calm down, Estelle!",20
scena/mp4000_ev.dat:0x2536ab,scena/mp4000_ev.dat,"Look, there's no blood!",24
scena/mp4000_ev.dat:0x2536d8,scena/mp4000_ev.dat,Huh... Uh...,13
scena/mp4000_ev.dat:0x253768,scena/mp4000_ev.dat,Y-You're right...,18
scena/mp4000_ev.dat:0x25379c,scena/mp4000_ev.dat,Ones made to look just like real humans...,43
scena/mp4000_ev.dat:0x2537c7,scena/mp4000_ev.dat,They're automatons created by the Society.,43
scena/mp4000_ev.dat:0x253823,scena/mp4000_ev.dat,"Honestly, it's jaw-droppin' stuff...",37
scena/mp4000_ev.dat:0x25386f,scena/mp4000_ev.dat,"actually move like humans, though.",35
scena/mp4000_ev.dat:0x253892,scena/mp4000_ev.dat,"Heh, thanks! I've got to be close by to make them",50
scena/mp4000_ev.dat:0x25394d,scena/mp4000_ev.dat,with Pedro from The Doll Knight.,33
scena/mp4000_ev.dat:0x25396e,scena/mp4000_ev.dat,"Still, I think I could compete",31
scena/mp4000_ev.dat:0x2539a2,scena/mp4000_ev.dat,and hosted the tea party...,28
scena/mp4000_ev.dat:0x2539be,scena/mp4000_ev.dat,"Oh, but since I was kidnapped",30
scena/mp4000_ev.dat:0x2539f0,scena/mp4000_ev.dat,Maybe I was more like Princess Tia this time?,46
scena/mp4000_ev.dat:0x253a2e,scena/mp4000_ev.dat,You're ruinin' those books for me...,37
scena/mp4000_ev.dat:0x253dca,scena/mp4000_ev.dat,Man's Voice,12
scena/mp4000_ev.dat:0x253dd6,scena/mp4000_ev.dat,T-Target acquired!,19
scena/mp4000_ev.dat:0x253eba,scena/mp4000_ev.dat,Young Woman's Voice,20
scena/mp4000_ev.dat:0x253ece,scena/mp4000_ev.dat,"Whoa, what the heck is that thing?!",36
scena/mp4000_ev.dat:0x253fc3,scena/mp4000_ev.dat,A-A giant?!,12
scena/mp4000_ev.dat:0x254088,scena/mp4000_ev.dat,Is this for real?!,19
scena/mp4000_ev.dat:0x2540b4,scena/mp4000_ev.dat,Wh-What's going on?!,21
scena/mp4000_ev.dat:0x254108,scena/mp4000_ev.dat,You're awake!,14
scena/mp4000_ev.dat:0x254125,scena/mp4000_ev.dat,exactly as long as needed.,27
scena/mp4000_ev.dat:0x254140,scena/mp4000_ev.dat,Heh. The sleeping agent lasted,31
scena/mp4000_ev.dat:0x254178,scena/mp4000_ev.dat,all those years ago.,21
scena/mp4000_ev.dat:0x25418d,scena/mp4000_ev.dat,Joshua taught me how to dose it,32
scena/mp4000_ev.dat:0x25422b,scena/mp4000_ev.dat,"of just killing you, Estelle.",30
scena/mp4000_ev.dat:0x254249,scena/mp4000_ev.dat,"To be honest, I was thinking",29
scena/mp4000_ev.dat:0x25427b,scena/mp4000_ev.dat,fault that Joshua wasn't coming back.,38
scena/mp4000_ev.dat:0x2542a1,scena/mp4000_ev.dat,"After all, the Professor said it was your ",43
scena/mp4000_ev.dat:0x25430c,scena/mp4000_ev.dat,I'll let you off the hook this time.,37
scena/mp4000_ev.dat:0x254331,scena/mp4000_ev.dat,"But since I had so much fun,",29
scena/mp4000_ev.dat:0x25436d,scena/mp4000_ev.dat,"But just this once, okay? Teehee...",36
scena/mp4000_ev.dat:0x25456f,scena/mp4000_ev.dat,W-Wait! Renne!,15
scena/mp4000_ev.dat:0x25459d,scena/mp4000_ev.dat,R-Renne! I...I don't understand!,33
scena/mp4000_ev.dat:0x2545d3,scena/mp4000_ev.dat,"Hehe. Bye-bye, Tita.",21
scena/mp4000_ev.dat:0x2545f8,scena/mp4000_ev.dat,again some time.,17
scena/mp4000_ev.dat:0x254609,scena/mp4000_ev.dat,I had fun playing with you. Let's get ice cream,48
scena/mp4000_ev.dat:0x254665,scena/mp4000_ev.dat,"Well then, everyone...",23
scena/mp4000_ev.dat:0x25468c,scena/mp4000_ev.dat,my tea party tonight!,22
scena/mp4000_ev.dat:0x2546a2,scena/mp4000_ev.dat,Thank you very much for attending,34
scena/mp4000_ev.dat:0x2549b7,scena/mp4000_ev.dat,free to choose any two support members.,40
scena/mp4000_ev.dat:0x2549df,scena/mp4000_ev.dat,"While core members must remain, you are",40
scena/mp4000_ev.dat:0x254a07,scena/mp4000_ev.dat,<C1>You may now edit your party.,33
scena/mp4000_ev.dat:0x254a4e,scena/mp4000_ev.dat,Now then... Off to the Bose region.,36
scena/mp4000_ev.dat:0x254a8f,scena/mp4000_ev.dat,before we head to the landing port?,36
scena/mp4000_ev.dat:0x254ab3,scena/mp4000_ev.dat,Shall we take care of any errands here,39
scena/mp4000_ev.dat:0x254af5,scena/mp4000_ev.dat,already investigating the sky pirates.,39
scena/mp4000_ev.dat:0x254b1c,scena/mp4000_ev.dat,"Yeah, I bet the Royal Army is",30
scena/mp4000_ev.dat:0x254b4a,scena/mp4000_ev.dat,there's no need to rush.,25
scena/mp4000_ev.dat:0x254b63,scena/mp4000_ev.dat,"If there's no big emergency,",29
scena/mp4000_ev.dat:0x254b9d,scena/mp4000_ev.dat,already be investigating the sky pirates.,42
scena/mp4000_ev.dat:0x254bc7,scena/mp4000_ev.dat,"Well, the Royal Army should",28
scena/mp4000_ev.dat:0x254bf3,scena/mp4000_ev.dat,"at hand, so we don't need to rush.",35
scena/mp4000_ev.dat:0x254c16,scena/mp4000_ev.dat,There doesn't seem to be an emergency,38
scena/mp4000_ev.dat:0x254c7b,scena/mp4000_ev.dat,unfinished business before we go.,34
scena/mp4000_ev.dat:0x254c9d,scena/mp4000_ev.dat,Then it's okay to take care of,31
scena/mp4000_ev.dat:0x254d0f,scena/mp4000_ev.dat,"the City of Bose, aren't you?",30
scena/mp4000_ev.dat:0x254d2d,scena/mp4000_ev.dat,You're the bracers traveling to,32
scena/mp4000_ev.dat:0x254d61,scena/mp4000_ev.dat,"Oh, yup, that's us.",20
scena/mp4000_ev.dat:0x254da1,scena/mp4000_ev.dat,Elnan has already paid for your tickets.,41
scena/mp4000_ev.dat:0x254dde,scena/mp4000_ev.dat,Would you like to complete boarding procedures?,48
scena/mp4000_ev.dat:0x254e43,scena/mp4000_ev.dat,we should wait here for the ship.,34
scena/mp4000_ev.dat:0x254e65,scena/mp4000_ev.dat,"Once we've checked in,",23
scena/mp4000_ev.dat:0x254e90,scena/mp4000_ev.dat,"was to do in Grancel, right?",29
scena/mp4000_ev.dat:0x254ead,scena/mp4000_ev.dat,We've finished all there,25
scena/mp4000_ev.dat:0x254f00,scena/mp4000_ev.dat,we should wait here until the ship arrives.,44
scena/mp4000_ev.dat:0x254f2c,scena/mp4000_ev.dat,"Once we've checked in,",23
scena/mp4000_ev.dat:0x254f57,scena/mp4000_ev.dat,"in Grancel, is there?",22
scena/mp4000_ev.dat:0x254f6d,scena/mp4000_ev.dat,There's nothing left for us to do,34
scena/mp4000_ev.dat:0x254fb6,scena/mp4000_ev.dat,complete boarding procedures?,30
scena/mp4000_ev.dat:0x254fd4,scena/mp4000_ev.dat,Well? Are you ready to,23
scena/mp4000_ev.dat:0x254ffa,scena/mp4000_ev.dat,whenever you're ready.,23
scena/mp4000_ev.dat:0x255011,scena/mp4000_ev.dat,Just come back and let me know,31
scena/mp4000_ev.dat:0x25506f,scena/mp4000_ev.dat,"and call for the others, as well.",34
scena/mp4000_ev.dat:0x255091,scena/mp4000_ev.dat,"In that case, I'll contact the guild",37
scena/mp4000_ev.dat:0x2550d5,scena/mp4000_ev.dat,flight and waited for the airliner to arrive.,46
scena/mp4000_ev.dat:0x255103,scena/mp4000_ev.dat,<C1>They completed check-in procedures for their,49
scena/mp4000_ev.dat:0x255134,scena/mp4000_ev.dat,Check in,9
scena/mp4000_ev.dat:0x25513d,scena/mp4000_ev.dat,I still have things to do,26
scena/mp4000_ev.dat:0x25527d,scena/mp4000_ev.dat,Man's Voice,12
scena/mp4000_ev.dat:0x255289,scena/mp4000_ev.dat,We made it...!,15
scena/mp4000_ev.dat:0x25532c,scena/mp4000_ev.dat,Huh? It's Nial and Dorothy!,28
scena/mp4000_ev.dat:0x255371,scena/mp4000_ev.dat,they said you'd already left!,30
scena/mp4000_ev.dat:0x25538f,scena/mp4000_ev.dat,"Whew... When we went to the guild office,",42
scena/mp4000_ev.dat:0x2553de,scena/mp4000_ev.dat,we made it in time.,20
scena/mp4000_ev.dat:0x2553f2,scena/mp4000_ev.dat,So we ran all the way here. I'm glad,37
scena/mp4000_ev.dat:0x255426,scena/mp4000_ev.dat,"So, uh, what's up?",19
scena/mp4000_ev.dat:0x25544d,scena/mp4000_ev.dat,told you most of what we know.,31
scena/mp4000_ev.dat:0x25546c,scena/mp4000_ev.dat,"If it's about last night, we've already",40
scena/mp4000_ev.dat:0x2554a3,scena/mp4000_ev.dat,It's not that...,17
scena/mp4000_ev.dat:0x2554cb,scena/mp4000_ev.dat,Something we wanted to tell you directly.,42
scena/mp4000_ev.dat:0x2554f5,scena/mp4000_ev.dat,It's more of a personal matter.,32
scena/mp4000_ev.dat:0x25552e,scena/mp4000_ev.dat,Do you have time to talk before your flight?,45
scena/mp4000_ev.dat:0x25556a,scena/mp4000_ev.dat,With me? One on one?,21
scena/mp4000_ev.dat:0x2555a1,scena/mp4000_ev.dat,"Um, Schera...",14
scena/mp4000_ev.dat:0x25560d,scena/mp4000_ev.dat,I don't mind. Go hear what they have to say.,45
scena/mp4000_ev.dat:0x255664,scena/mp4000_ev.dat,"We'll reserve a seat for you, don't worry.",43
scena/mp4000_ev.dat:0x2556a3,scena/mp4000_ev.dat,Right. Thank you.,18
scena/mp4000_ev.dat:0x2556d7,scena/mp4000_ev.dat,"It was nice to see you, Nial and Dorothy.",42
scena/mp4000_ev.dat:0x255877,scena/mp4000_ev.dat,time. What's this all about?,29
scena/mp4000_ev.dat:0x255894,scena/mp4000_ev.dat,"Well, there isn't much",23
scena/mp4000_ev.dat:0x2558f7,scena/mp4000_ev.dat,"Wait, why are you still here, Olivier?",39
scena/mp4000_ev.dat:0x255939,scena/mp4000_ev.dat,or bush...,11
scena/mp4000_ev.dat:0x255944,scena/mp4000_ev.dat,"a part of the scenery, like any other stone",44
scena/mp4000_ev.dat:0x255970,scena/mp4000_ev.dat,"Oh, please don't mind me. Consider me",38
scena/mp4000_ev.dat:0x2559ba,scena/mp4000_ev.dat,"By all means, carry on with your conversation.",47
scena/mp4000_ev.dat:0x2559f9,scena/mp4000_ev.dat,Don't you ever quit?,21
scena/mp4000_ev.dat:0x255a1e,scena/mp4000_ev.dat,part of the scenery...,23
scena/mp4000_ev.dat:0x255a35,scena/mp4000_ev.dat,That's an awfully talkative,28
scena/mp4000_ev.dat:0x255a60,scena/mp4000_ev.dat,you that you were up to no good.,33
scena/mp4000_ev.dat:0x255a81,scena/mp4000_ev.dat,Aha. I knew when I lost sight of,33
scena/mp4000_ev.dat:0x255af3,scena/mp4000_ev.dat,Don't spoil my fun...,22
scena/mp4000_ev.dat:0x255b09,scena/mp4000_ev.dat,"O-Oh, Schera, please...",24
scena/mp4000_ev.dat:0x255b30,scena/mp4000_ev.dat,our seats and sit down.,24
scena/mp4000_ev.dat:0x255b48,scena/mp4000_ev.dat,"Yeah, yeah. Time to find",25
scena/mp4000_ev.dat:0x255bbd,scena/mp4000_ev.dat,Wow. That guy hasn't changed a bit.,36
scena/mp4000_ev.dat:0x255c0e,scena/mp4000_ev.dat,"Haha, I know what you mean.",28
scena/mp4000_ev.dat:0x255c7e,scena/mp4000_ev.dat,quieter than usual.,20
scena/mp4000_ev.dat:0x255c92,scena/mp4000_ev.dat,"Dorothy, I feel like you're",28
scena/mp4000_ev.dat:0x255cbd,scena/mp4000_ev.dat,in Bose for some assignment?,29
scena/mp4000_ev.dat:0x255cda,scena/mp4000_ev.dat,"Speaking of which, weren't you",31
scena/mp4000_ev.dat:0x255d1a,scena/mp4000_ev.dat,"back this morning, buuut...",28
scena/mp4000_ev.dat:0x255d36,scena/mp4000_ev.dat,"Um, yeah... I just got",23
scena/mp4000_ev.dat:0x255d5d,scena/mp4000_ev.dat,"Um, sooo, the thing is, Estelle, um...",39
scena/mp4000_ev.dat:0x255da3,scena/mp4000_ev.dat,"Oh, I remember!",16
scena/mp4000_ev.dat:0x255dc2,scena/mp4000_ev.dat,"base in Nebel Valley, didn't you?",34
scena/mp4000_ev.dat:0x255de4,scena/mp4000_ev.dat,You went to the sky pirates' old,33
scena/mp4000_ev.dat:0x255e14,scena/mp4000_ev.dat,"using to train pilots now, and...",34
scena/mp4000_ev.dat:0x255e36,scena/mp4000_ev.dat,The one the Royal Army is,26
scena/mp4000_ev.dat:0x255e8e,scena/mp4000_ev.dat,Huh? Hold on...,16
scena/mp4000_ev.dat:0x255eb9,scena/mp4000_ev.dat,Looks like you've caught on.,29
scena/mp4000_ev.dat:0x255ee6,scena/mp4000_ev.dat,pirates attacked the base.,27
scena/mp4000_ev.dat:0x255f01,scena/mp4000_ev.dat,"Last night, the remaining sky",30
scena/mp4000_ev.dat:0x255f3c,scena/mp4000_ev.dat,the scene and witnessed the crime.,35
scena/mp4000_ev.dat:0x255f5f,scena/mp4000_ev.dat,And Dorothy here happened to be on,35
scena/mp4000_ev.dat:0x255fae,scena/mp4000_ev.dat,to share information with us?,30
scena/mp4000_ev.dat:0x255fcc,scena/mp4000_ev.dat,So you came all this way,25
scena/mp4000_ev.dat:0x255ff9,scena/mp4000_ev.dat,"Haha, that's awfully nice of you!",34
scena/mp4000_ev.dat:0x25604d,scena/mp4000_ev.dat,something to share...,22
scena/mp4000_ev.dat:0x256063,scena/mp4000_ev.dat,"Well, it's true that we have",29
scena/mp4000_ev.dat:0x2560b6,scena/mp4000_ev.dat,"Dorothy, just give it to her.",30
scena/mp4000_ev.dat:0x2560d4,scena/mp4000_ev.dat,"Agh, let's get it over with.",29
scena/mp4000_ev.dat:0x256125,scena/mp4000_ev.dat,"Um, Estelle...",15
scena/mp4000_ev.dat:0x256143,scena/mp4000_ev.dat,"Promise me you won't get upset, pleeease~?",43
scena/mp4000_ev.dat:0x25617d,scena/mp4000_ev.dat,"whole truth, after all~",24
scena/mp4000_ev.dat:0x256195,scena/mp4000_ev.dat,A photo doesn't tell the,25
scena/mp4000_ev.dat:0x2561c3,scena/mp4000_ev.dat,What's with the serious face...?,33
scena/mp4000_ev.dat:0x2561e4,scena/mp4000_ev.dat,Wh-What could it possibly be?,30
scena/mp4000_ev.dat:0x256244,scena/mp4000_ev.dat,This...is a photo I took yesterday!,36
scena/mp4000_ev.dat:0x2562d5,scena/mp4000_ev.dat,troublemaker from the pirate gang.,35
scena/mp4000_ev.dat:0x2562f8,scena/mp4000_ev.dat,Let's see... It's that blue-haired,35
scena/mp4000_ev.dat:0x25632a,scena/mp4000_ev.dat,And over here...,17
scena/mp4000_ev.dat:0x2563eb,scena/mp4000_ev.dat,of handing this to the Royal Army.,35
scena/mp4000_ev.dat:0x25640e,scena/mp4000_ev.dat,"Right now, we have no intention",32
scena/mp4000_ev.dat:0x25644f,scena/mp4000_ev.dat,that we won't publish it.,26
scena/mp4000_ev.dat:0x256469,scena/mp4000_ev.dat,And it goes without saying,27
scena/mp4000_ev.dat:0x256493,scena/mp4000_ev.dat,We'll leave the rest for you to decide.,40
scena/mp4000_ev.dat:0x2565de,scena/mp4000_ev.dat,dash back to Erebonia?,23
scena/mp4000_ev.dat:0x2565f5,scena/mp4000_ev.dat,*Sigh* Why do you have to,26
scena/mp4000_ev.dat:0x256637,scena/mp4000_ev.dat,It does seem very sudden.,26
scena/mp4000_ev.dat:0x25666c,scena/mp4000_ev.dat,to return even sooner.,23
scena/mp4000_ev.dat:0x256683,scena/mp4000_ev.dat,"Truth be told, I had planned",29
scena/mp4000_ev.dat:0x2566c2,scena/mp4000_ev.dat,"were snatched away, Estelle.",29
scena/mp4000_ev.dat:0x2566df,scena/mp4000_ev.dat,I only extended my stay because you,36
scena/mp4000_ev.dat:0x256720,scena/mp4000_ev.dat,"Oh, I had no idea. I'm sorry, Olivier.",39
scena/mp4000_ev.dat:0x256778,scena/mp4000_ev.dat,"It's no problem, I assure you.",31
scena/mp4000_ev.dat:0x2567a6,scena/mp4000_ev.dat,able to reunite with my lovely Joshua again.,45
scena/mp4000_ev.dat:0x2567d3,scena/mp4000_ev.dat,"After all, in waiting for you to return, I was",47
scena/mp4000_ev.dat:0x256843,scena/mp4000_ev.dat,"Haha. Still the same, I see.",29
scena/mp4000_ev.dat:0x256879,scena/mp4000_ev.dat,Uh... Olivier?,15
scena/mp4000_ev.dat:0x2568b3,scena/mp4000_ev.dat,"Yes, what is it?",17
scena/mp4000_ev.dat:0x2568db,scena/mp4000_ev.dat,Are you...,11
scena/mp4000_ev.dat:0x256907,scena/mp4000_ev.dat,"...Actually, never mind.",25
scena/mp4000_ev.dat:0x25694c,scena/mp4000_ev.dat,Thanks for everything you've done for Estelle.,47
scena/mp4000_ev.dat:0x256992,scena/mp4000_ev.dat,"wish, not my obligation.",25
scena/mp4000_ev.dat:0x2569ab,scena/mp4000_ev.dat,No need to thank me. It was my,31
scena/mp4000_ev.dat:0x256a68,scena/mp4000_ev.dat,"Okay, that's NOT happening.",28
scena/mp4000_ev.dat:0x256b12,scena/mp4000_ev.dat,At least be serious when you're saying goodbye!,48
scena/mp4000_ev.dat:0x256b42,scena/mp4000_ev.dat,"Come on, Olivier...",20
scena/mp4000_ev.dat:0x256b7c,scena/mp4000_ev.dat,"Haha, you should know I'm always serious.",42
scena/mp4000_ev.dat:0x256bba,scena/mp4000_ev.dat,"Estelle, Joshua, Schera, everybody...",38
scena/mp4000_ev.dat:0x256bef,scena/mp4000_ev.dat,Please take care. ,19
scena/mp4000_ev.dat:0x256c02,scena/mp4000_ev.dat,You have a daunting task ahead.,32
scena/mp4000_ev.dat:0x256c3e,scena/mp4000_ev.dat,the skies of Erebonia.,23
scena/mp4000_ev.dat:0x256c55,scena/mp4000_ev.dat,I shall be praying for you all from,36
scena/mp4000_ev.dat:0x256cae,scena/mp4000_ev.dat,"Thank you, Olivier!",20
scena/mp4000_ev.dat:0x256cf1,scena/mp4000_ev.dat,"And you make sure you take care, too.",38
scena/mp4000_ev.dat:0x256d27,scena/mp4000_ev.dat,...Stay safe.,14
scena/mp4000_ev.dat:0x256d67,scena/mp4000_ev.dat,let's enjoy a drink together.,30
scena/mp4000_ev.dat:0x256d85,scena/mp4000_ev.dat,"If we get the chance to meet again,",36
scena/mp4000_ev.dat:0x256dc6,scena/mp4000_ev.dat,clueless weirdo next time.,27
scena/mp4000_ev.dat:0x256de1,scena/mp4000_ev.dat,"Yeah, try acting less like a",29
scena/mp4000_ev.dat:0x256e20,scena/mp4000_ev.dat,"Okay, bye!",11
scena/mp4000_ev.dat:0x256e2b,scena/mp4000_ev.dat,Hahaha... Um...,16
scena/mp4000_ev.dat:0x256e79,scena/mp4000_ev.dat,but it was a fun ride.,23
scena/mp4000_ev.dat:0x256e90,scena/mp4000_ev.dat,"Well, we didn't have long together,",36
scena/mp4000_ev.dat:0x256ed9,scena/mp4000_ev.dat,Thank you very much for everything.,36
scena/mp4000_ev.dat:0x256efd,scena/mp4000_ev.dat,Good luck.,11
scena/mp4000_ev.dat:0x257150,scena/mp4000_ev.dat,So the calm before the storm must end.,39
scena/mp4000_ev.dat:0x2571a5,scena/mp4000_ev.dat,"No, perhaps there's still one final hope.",42
scena/mp4000_ev.dat:0x2571df,scena/mp4000_ev.dat,Girl's Voice,13
scena/mp4000_ev.dat:0x2571ec,scena/mp4000_ev.dat,Heeey! Wait for uuusss!,24
scena/mp4000_ev.dat:0x25725a,scena/mp4000_ev.dat,"Oh, aren't you two...",22
scena/mp4000_ev.dat:0x25727f,scena/mp4000_ev.dat,Oh no! They're gone!,21
scena/mp4000_ev.dat:0x2572a9,scena/mp4000_ev.dat,We're too late...,18
scena/mp4000_ev.dat:0x2572bb,scena/mp4000_ev.dat,*Huff*... *Huff*...,20
scena/mp4000_ev.dat:0x2572de,scena/mp4000_ev.dat,"What's the matter, my reporter friends?",40
scena/mp4000_ev.dat:0x257322,scena/mp4000_ev.dat,for the ride like last time?,29
scena/mp4000_ev.dat:0x25733f,scena/mp4000_ev.dat,Were you planning to come along,32
scena/mp4000_ev.dat:0x257376,scena/mp4000_ev.dat,"had come back, too.",20
scena/mp4000_ev.dat:0x25738a,scena/mp4000_ev.dat,"Yeah, and we heard that Joshua",31
scena/mp4000_ev.dat:0x2573f3,scena/mp4000_ev.dat,"picture of the Arseille, on the double.",40
scena/mp4000_ev.dat:0x25741b,scena/mp4000_ev.dat,"Ah well, change of plans. Dorothy! Get a",41
scena/mp4000_ev.dat:0x257454,scena/mp4000_ev.dat,might still get something usable.,34
scena/mp4000_ev.dat:0x257476,scena/mp4000_ev.dat,Use a long-distance lens and we,32
scena/mp4000_ev.dat:0x2574b5,scena/mp4000_ev.dat,"Aye aye, sir!",14
scena/mp4000_ev.dat:0x25751e,scena/mp4000_ev.dat,Done saying goodbye?,21
scena/mp4000_ev.dat:0x25754e,scena/mp4000_ev.dat,"Er, I suppose so.",18
scena/mp4000_ev.dat:0x257582,scena/mp4000_ev.dat,How are preparations at your end?,34
scena/mp4000_ev.dat:0x2575b3,scena/mp4000_ev.dat,I managed to work things out with my uncle.,44
scena/mp4000_ev.dat:0x2575fb,scena/mp4000_ev.dat,"The Chancellor seemed very much in favor, too.",47
scena/mp4000_ev.dat:0x257639,scena/mp4000_ev.dat,"by Liberlians, at least.",25
scena/mp4000_ev.dat:0x257652,scena/mp4000_ev.dat,"Well, he should be well-received",33
scena/mp4000_ev.dat:0x257692,scena/mp4000_ev.dat,Heh... This could be great fun.,32
scena/mp4000_ev.dat:0x2576d0,scena/mp4000_ev.dat,fun at a time like this?,25
scena/mp4000_ev.dat:0x2576e9,scena/mp4000_ev.dat,Tch... How can you think about,31
scena/mp4000_ev.dat:0x257718,scena/mp4000_ev.dat,everyone will be.,18
scena/mp4000_ev.dat:0x25772a,scena/mp4000_ev.dat,I can already imagine how horrified,36
scena/mp4000_ev.dat:0x25775d,scena/mp4000_ev.dat,I've been looking forward to.,30
scena/mp4000_ev.dat:0x25777b,scena/mp4000_ev.dat,Hahaha! That's exactly what,28
scena/mp4000_ev.dat:0x2577c2,scena/mp4000_ev.dat,facing each other as enemies.),31
scena/mp4000_ev.dat:0x2577e1,scena/mp4000_ev.dat,"(Next time we meet, we'll find ourselves",41
scena/mp4000_ev.dat:0x257820,scena/mp4000_ev.dat,"before we reunite, my friends.)",32
scena/mp4000_ev.dat:0x257840,scena/mp4000_ev.dat,(Don't let the Society get the better of you,45
scena/mp4000_ev.dat:0x258445,scena/mp4000_ev.dat,those pesky creatures by nightfall.,36
scena/mp4000_ev.dat:0x258469,scena/mp4000_ev.dat,"So, we managed to take care of",31
scena/mp4000_ev.dat:0x2584a4,scena/mp4000_ev.dat,Now we can finally relax.,26
scena/mp4000_ev.dat:0x2584cd,scena/mp4000_ev.dat,"I imagine the troops are tired, too.",37
scena/mp4000_ev.dat:0x25850e,scena/mp4000_ev.dat,and make sure everyone gets some rest.,39
scena/mp4000_ev.dat:0x258535,scena/mp4000_ev.dat,"Leave security to the rearguard now,",37
scena/mp4000_ev.dat:0x2586a6,scena/mp4000_ev.dat,Wait... Do you hear that?,26
scena/mp4000_ev.dat:0x2586d4,scena/mp4000_ev.dat,an airship engine.,19
scena/mp4000_ev.dat:0x2586e7,scena/mp4000_ev.dat,"...Yeah, that's weird. Sounds like",35
scena/mp4000_ev.dat:0x25871e,scena/mp4000_ev.dat,like...an airship engine?,26
scena/mp4000_ev.dat:0x258738,scena/mp4000_ev.dat,"Hm, I'm hearing what sounds",28
scena/mp4000_ev.dat:0x258768,scena/mp4000_ev.dat,An airship engine?,19
scena/mp4000_ev.dat:0x25877b,scena/mp4000_ev.dat,I know that sound...,21
scena/mp4000_ev.dat:0x25888e,scena/mp4000_ev.dat,H-Hold on!,11
scena/mp4000_ev.dat:0x2588b2,scena/mp4000_ev.dat,Airships shouldn't be able to fly right now!,45
scena/mp4000_ev.dat:0x2588df,scena/mp4000_ev.dat,N-No way!,10
scena/mp4000_ev.dat:0x258902,scena/mp4000_ev.dat,"this situation, they must be..!",32
scena/mp4000_ev.dat:0x258922,scena/mp4000_ev.dat,If they're able to use airships in,35
scena/mp4000_ev.dat:0x25895e,scena/mp4000_ev.dat,time like this? Don't tell me...,33
scena/mp4000_ev.dat:0x25897f,scena/mp4000_ev.dat,An airship cruising around at a,32
scena/mp4000_ev.dat:0x2589b8,scena/mp4000_ev.dat,"There, look...!",16
scena/mp4000_ev.dat:0x258a09,scena/mp4000_ev.dat,What are they doing here?!,27
scena/mp4000_ev.dat:0x258a24,scena/mp4000_ev.dat,Th-Those are the Society's airships...!,40
scena/mp4000_ev.dat:0x258a60,scena/mp4000_ev.dat,They're heading to the capital!,32
scena/mp4000_ev.dat:0x258a80,scena/mp4000_ev.dat,This is bad...,15
scena/mp4000_ev.dat:0x258aa3,scena/mp4000_ev.dat,"C'mon, we're going after them!",31
scena/mp4000_ev.dat:0x258ac2,scena/mp4000_ev.dat,Damn it...,11
scena/mp4000_ev.dat:0x258aee,scena/mp4000_ev.dat,"Come on, after those ships!",28
scena/mp4000_ev.dat:0x258b0a,scena/mp4000_ev.dat,That can't be anything good.,29
scena/mp4000_ev.dat:0x258b36,scena/mp4000_ev.dat,We have to follow those ships!,31
scena/mp4000_ev.dat:0x258f4c,scena/mp4000_ev.dat,Let us commence.,17
scena/mp4000_ev.dat:0x258f5d,scena/mp4000_ev.dat,"Now, then...",13
scena/mp4000_ev.dat:0x258f85,scena/mp4000_ev.dat,Divine Blade were here.,24
scena/mp4000_ev.dat:0x258f9d,scena/mp4000_ev.dat,This'd be a lot more fun if the,32
scena/mp4000_ev.dat:0x258fcd,scena/mp4000_ev.dat,don't fire ain't even a warmup.,32
scena/mp4000_ev.dat:0x258fed,scena/mp4000_ev.dat,Takin' out soldiers whose guns,31
scena/mp4000_ev.dat:0x259035,scena/mp4000_ev.dat,Heehee! What's so bad about that?,34
scena/mp4000_ev.dat:0x259071,scena/mp4000_ev.dat,silly billies as we stroll around the capital!,47
scena/mp4000_ev.dat:0x2590a0,scena/mp4000_ev.dat,I think it'll be fun to take down these,40
scena/mp4000_ev.dat:0x2590dd,scena/mp4000_ev.dat,"call Pater-Mater, Renne.",25
scena/mp4000_ev.dat:0x2590f6,scena/mp4000_ev.dat,"If that's the case, you shouldn't",34
scena/mp4000_ev.dat:0x25914a,scena/mp4000_ev.dat,"Otherwise, everyone will flee in an instant.",45
scena/mp4000_ev.dat:0x259198,scena/mp4000_ev.dat,"Aw, that's no fun.",19
scena/mp4000_ev.dat:0x2591df,scena/mp4000_ev.dat,And I was so excited about smashing,36
scena/mp4000_ev.dat:0x259222,scena/mp4000_ev.dat,"Perhaps there is beauty in that, too.",38
scena/mp4000_ev.dat:0x259248,scena/mp4000_ev.dat,The aesthetic pleasure of destruction...,41
scena/mp4000_ev.dat:0x25959f,scena/mp4000_ev.dat,Royal Army Officer,19
scena/mp4000_ev.dat:0x2595b2,scena/mp4000_ev.dat,You! You're Ouroboros!,23
scena/mp4000_ev.dat:0x2595dd,scena/mp4000_ev.dat,still using airships?!,23
scena/mp4000_ev.dat:0x2595f4,scena/mp4000_ev.dat,How the hell are you guys,26
scena/mp4000_ev.dat:0x25963d,scena/mp4000_ev.dat,"Indeed, the pleasure is all ours.",34
scena/mp4000_ev.dat:0x259679,scena/mp4000_ev.dat,at your service.,17
scena/mp4000_ev.dat:0x25968a,scena/mp4000_ev.dat,"The Phantom Thief, Bleublanc,",30
scena/mp4000_ev.dat:0x2596b7,scena/mp4000_ev.dat,Heh! Walter the Direwolf here.,31
scena/mp4000_ev.dat:0x2596f1,scena/mp4000_ev.dat,like the worms you are.,24
scena/mp4000_ev.dat:0x259709,scena/mp4000_ev.dat,Can't wait to see you squirm,29
scena/mp4000_ev.dat:0x259740,scena/mp4000_ev.dat,"I am Luciola, the Bewitching Bell.",35
scena/mp4000_ev.dat:0x259792,scena/mp4000_ev.dat,it is a pleasure to make your acquaintance.,44
scena/mp4000_ev.dat:0x2597be,scena/mp4000_ev.dat,"However fleeting this encounter may be,",40
scena/mp4000_ev.dat:0x25981c,scena/mp4000_ev.dat,the Angel of Slaughter.,24
scena/mp4000_ev.dat:0x259834,scena/mp4000_ev.dat,"Teehee... And I'm Renne,",25
scena/mp4000_ev.dat:0x259886,scena/mp4000_ev.dat,how each of you will squeal...,31
scena/mp4000_ev.dat:0x2598a5,scena/mp4000_ev.dat,I look forward to hearing,26
scena/mp4000_ev.dat:0x2598dc,scena/mp4000_ev.dat,N-No one asked you to introduce yourselves!,44
scena/mp4000_ev.dat:0x25993c,scena/mp4000_ev.dat,<S5>All units!,15
scena/mp4000_ev.dat:0x259e02,scena/mp4000_ev.dat,Royal Army Officer,19
scena/mp4000_ev.dat:0x259e5e,scena/mp4000_ev.dat,world is naught but an illusion.,33
scena/mp4000_ev.dat:0x259e7f,scena/mp4000_ev.dat,"When all is said and done, this",32
scena/mp4000_ev.dat:0x25a566,scena/mp4000_ev.dat,Tch! Just a pack of nobodies.,30
scena/mp4000_ev.dat:0x25a5a7,scena/mp4000_ev.dat,Bleh... They break so easily.,30
scena/mp4000_ev.dat:0x25a5d5,scena/mp4000_ev.dat,"Now, now. Don't be greedy.",27
scena/mp4000_ev.dat:0x25a5ff,scena/mp4000_ev.dat,guards will provide a bit more amusement.,42
scena/mp4000_ev.dat:0x25a629,scena/mp4000_ev.dat,Though I suppose the Queen's personal,38
scena/mp4000_ev.dat:0x25a663,scena/mp4000_ev.dat,"Mm, one can only hope.",23
scena/mp4000_ev.dat:0x25a697,scena/mp4000_ev.dat,"Now, then...",13
scena/mp4000_ev.dat:0x25aa14,scena/mp4000_ev.dat,<R>We Enforcers shall head to Grancel Castle!,46
scena/mp4000_ev.dat:0x25aa51,scena/mp4000_ev.dat,Seize the city of Grancel!,27
scena/mp4000_ev.dat:0x25aa6c,scena/mp4000_ev.dat,"Jaegers, you know your orders.",31
scena/mp4000_ev.dat:0x25aa9a,scena/mp4000_ev.dat,Enhanced Jaegers,17
scena/mp4000_ev.dat:0x25aaab,scena/mp4000_ev.dat,<S6><R>Yes sir!,16
scena/mp4000_ev.dat:0x25ac00,scena/mp4000_ev.dat,...Let's hurry!,16
scena/mp4000_ev.dat:0x25ac43,scena/mp4000_ev.dat,"Sh-Shit, this is bad...",24
scena/mp4000_ev.dat:0x25ac6f,scena/mp4000_ev.dat,D-Dear Goddess...,18
scena/mp4000_ev.dat:0x25acaf,scena/mp4000_ev.dat,O-Oh no... Th-These people need treatment!,43
scena/mp4000_ev.dat:0x25acee,scena/mp4000_ev.dat,first aid where we can...,26
scena/mp4000_ev.dat:0x25ad08,scena/mp4000_ev.dat,We need to stop and administer,31
scena/mp4000_ev.dat:0x25ad3b,scena/mp4000_ev.dat,There's got to be something we can do to help...,49
scena/mp4000_ev.dat:0x25ad80,scena/mp4000_ev.dat,Royal Army Officer,19
scena/mp4000_ev.dat:0x25ad93,scena/mp4000_ev.dat,<W500>D-Don't waste your time...,33
scena/mp4000_ev.dat:0x25ae63,scena/mp4000_ev.dat,A-Are you okay?!,17
scena/mp4000_ev.dat:0x25ae95,scena/mp4000_ev.dat,<W500>You... You're bracers...,31
scena/mp4000_ev.dat:0x25aec8,scena/mp4000_ev.dat,moments ago...,15
scena/mp4000_ev.dat:0x25aed7,scena/mp4000_ev.dat,<W500>The Enforcers...just came through...,43
scena/mp4000_ev.dat:0x25af16,scena/mp4000_ev.dat,<W500>They're trying...to take the castle...,45
scena/mp4000_ev.dat:0x25af57,scena/mp4000_ev.dat,...I knew it.,14
scena/mp4000_ev.dat:0x25af74,scena/mp4000_ev.dat,spread out through the city...,31
scena/mp4000_ev.dat:0x25af93,scena/mp4000_ev.dat,<W500>Their other forces are...,32
scena/mp4000_ev.dat:0x25afe2,scena/mp4000_ev.dat,<W400>Please...you have...to...,32
scena/mp4000_ev.dat:0x25b081,scena/mp4000_ev.dat,but we've got to keep going!,29
scena/mp4000_ev.dat:0x25b09e,scena/mp4000_ev.dat,"I feel really bad for these soldiers,",38
scena/mp4000_ev.dat:0x25b1c6,scena/mp4000_ev.dat,Th-This is terrible...!,24
scena/mp4000_ev.dat:0x25b1fd,scena/mp4000_ev.dat,Why would they do this...?,27
scena/mp4000_ev.dat:0x25b227,scena/mp4000_ev.dat,The whole place is a mess...,29
scena/mp4000_ev.dat:0x25b258,scena/mp4000_ev.dat,"They took no prisoners, huh...",31
scena/mp4000_ev.dat:0x25b297,scena/mp4000_ev.dat,Son of a...,12
scena/mp4000_ev.dat:0x25b2c4,scena/mp4000_ev.dat,...Here they come!,19
scena/mp4000_ev.dat:0x25b45e,scena/mp4000_ev.dat,N-Now what...?,15
scena/mp4000_ev.dat:0x25b46d,scena/mp4000_ev.dat,*Huff* *Huff*...,17
scena/mp4000_ev.dat:0x25b4a6,scena/mp4000_ev.dat,could even do right now...!,28
scena/mp4000_ev.dat:0x25b4c2,scena/mp4000_ev.dat,I have no idea what we,23
scena/mp4000_ev.dat:0x25b4ed,scena/mp4000_ev.dat,Young Man's Voice,18
scena/mp4000_ev.dat:0x25b596,scena/mp4000_ev.dat,Your timing could not be better!,33
scena/mp4000_ev.dat:0x25b5c6,scena/mp4000_ev.dat,"with the Queen, as requested?",30
scena/mp4000_ev.dat:0x25b5e4,scena/mp4000_ev.dat,I take it you came here to meet,32
scena/mp4000_ev.dat:0x25b647,scena/mp4000_ev.dat,That's right. What's the situation?,36
scena/mp4000_ev.dat:0x25b688,scena/mp4000_ev.dat,West Blocks are currently under attack.,40
scena/mp4000_ev.dat:0x25b6b0,scena/mp4000_ev.dat,The army's garrisons in the East and,37
scena/mp4000_ev.dat:0x25b6e4,scena/mp4000_ev.dat,have to trust that they'll pull through.,41
scena/mp4000_ev.dat:0x25b70d,scena/mp4000_ev.dat,"They're in a tough spot, but we just",37
scena/mp4000_ev.dat:0x25b74f,scena/mp4000_ev.dat,headed for the castle.,23
scena/mp4000_ev.dat:0x25b766,scena/mp4000_ev.dat,I need you to pursue the Enforcers,35
scena/mp4000_ev.dat:0x25b79f,scena/mp4000_ev.dat, But!,6
scena/mp4000_ev.dat:0x25b7b9,scena/mp4000_ev.dat,What about the rest of the city?,33
scena/mp4000_ev.dat:0x25b7ee,scena/mp4000_ev.dat,Can we really leave the city alone?,36
scena/mp4000_ev.dat:0x25b821,scena/mp4000_ev.dat,As if we can just ignore the rest of the city!,47
scena/mp4000_ev.dat:0x25b85f,scena/mp4000_ev.dat,outdoors has been evacuated to the guild office.,49
scena/mp4000_ev.dat:0x25b890,scena/mp4000_ev.dat,Anyone nearby who had the misfortune of being,46
scena/mp4000_ev.dat:0x25b8cd,scena/mp4000_ev.dat,from other parts of the city.,30
scena/mp4000_ev.dat:0x25b8eb,scena/mp4000_ev.dat,The army will find shelter for residents,41
scena/mp4000_ev.dat:0x25b930,scena/mp4000_ev.dat,That's good to hear...,23
scena/mp4000_ev.dat:0x25b970,scena/mp4000_ev.dat,okay. We'll head to the castle!,32
scena/mp4000_ev.dat:0x25b990,scena/mp4000_ev.dat,"I hate to leave things like this, but",38
scena/mp4000_ev.dat:0x25b9e8,scena/mp4000_ev.dat,"Yes, please do.",16
scena/mp4000_ev.dat:0x25ba15,scena/mp4000_ev.dat,"Here, take these.",18
scena/mp4000_ev.dat:0x25ba27,scena/mp4000_ev.dat,"Oh, before you go...",21
scena/mp4000_ev.dat:0x25ba8d,scena/mp4000_ev.dat, x4.,5
scena/mp4000_ev.dat:0x25ba92,scena/mp4000_ev.dat,Received ,10
scena/mp4000_ev.dat:0x25baab,scena/mp4000_ev.dat,Thank you very much.,21
scena/mp4000_ev.dat:0x25bacf,scena/mp4000_ev.dat,"And above all, stay safe.",26
scena/mp4000_ev.dat:0x25bae9,scena/mp4000_ev.dat,"Good luck, everyone.",21
scena/mp4000_ev.dat:0x25bb55,scena/mp4000_ev.dat, x4.,5
scena/mp4000_ev.dat:0x25bb5a,scena/mp4000_ev.dat,Received ,10
scena/mp4000_ev.dat:0x25bc57,scena/mp4000_ev.dat,Huh... The gates are actually closed.,38
scena/mp4000_ev.dat:0x25bc91,scena/mp4000_ev.dat,these gates can be manually operated.,38
scena/mp4000_ev.dat:0x25bcb7,scena/mp4000_ev.dat,"Given the castle's age, it is possible that",44
scena/mp4000_ev.dat:0x25bcf2,scena/mp4000_ev.dat,no small feat.,15
scena/mp4000_ev.dat:0x25bd01,scena/mp4000_ev.dat,Though I'm sure closing them was,33
scena/mp4000_ev.dat:0x25bd31,scena/mp4000_ev.dat,deserve some praise.,21
scena/mp4000_ev.dat:0x25bd46,scena/mp4000_ev.dat,Heh... I suppose their efforts do,34
scena/mp4000_ev.dat:0x25bd95,scena/mp4000_ev.dat,So? NOW can I call for Pater-Mater?,36
scena/mp4000_ev.dat:0x25bde7,scena/mp4000_ev.dat,it'll take all the fun out of it.,34
scena/mp4000_ev.dat:0x25be09,scena/mp4000_ev.dat,"If ya summon that big ol' brute,",33
scena/mp4000_ev.dat:0x25be2a,scena/mp4000_ev.dat,"Whoa, pump the brakes.",23
scena/mp4000_ev.dat:0x25be7f,scena/mp4000_ev.dat,I got this one.,16
scena/mp4000_ev.dat:0x25be9e,scena/mp4000_ev.dat,"Uh, how?",9
scena/mp4000_ev.dat:0x25bed8,scena/mp4000_ev.dat,Heh! Just watch and learn.,27
scena/mp4000_ev.dat:0x25bfff,scena/mp4000_ev.dat,"Woooooow! Walter, that was amazing!",36
scena/mp4000_ev.dat:0x25c066,scena/mp4000_ev.dat,"The Shattering Fist, if I'm not mistaken.",42
scena/mp4000_ev.dat:0x25c090,scena/mp4000_ev.dat,"That was a Taito school technique, yes?",40
scena/mp4000_ev.dat:0x25c0d6,scena/mp4000_ev.dat,"Oh, bravo! Another splendid showing.",37
scena/mp4000_ev.dat:0x25c118,scena/mp4000_ev.dat,"Heh! Liked the show, huh?",26
scena/mp4000_ev.dat:0x25c154,scena/mp4000_ev.dat,But we've got one more gate to deal with.,42
scena/mp4000_ev.dat:0x25c24e,scena/mp4000_ev.dat,No way...,10
scena/mp4000_ev.dat:0x25c28c,scena/mp4000_ev.dat,pieces by someone's bare hands.,32
scena/mp4000_ev.dat:0x25c2ac,scena/mp4000_ev.dat,This...looks like it was blasted to,36
scena/mp4000_ev.dat:0x25c2df,scena/mp4000_ev.dat,Most likely the Direwolf's.,28
scena/mp4000_ev.dat:0x25c30a,scena/mp4000_ev.dat,from his Shattering Fist.,26
scena/mp4000_ev.dat:0x25c324,scena/mp4000_ev.dat,Yup...Looks like it took a direct hit,38
scena/mp4000_ev.dat:0x25c359,scena/mp4000_ev.dat,You've gotta be kiddin' me...,30
scena/mp4000_ev.dat:0x25c3b1,scena/mp4000_ev.dat,"...If you're joking, it's not very funny.",42
scena/mp4000_ev.dat:0x25c3ef,scena/mp4000_ev.dat,on a whole other level.,24
scena/mp4000_ev.dat:0x25c407,scena/mp4000_ev.dat,It's like... Their strength's really,37
scena/mp4000_ev.dat:0x25c44f,scena/mp4000_ev.dat,"...Wait, this isn't the time to be impressed!",46
scena/mp4000_ev.dat:0x25c496,scena/mp4000_ev.dat,"We need to catch up to them, or...",35
scena/mp4000_ev.dat:0x25c640,scena/mp4000_ev.dat,Seriously? Here?!,18
scena/mp4000_ev.dat:0x25c661,scena/mp4000_ev.dat,Let's smash 'em!,17
scena/mp4000_ev.dat:0x25c68b,scena/mp4000_ev.dat,You're going down!,19
scena/mp4000_ev.dat:0x25c6b7,scena/mp4000_ev.dat,Let's take them down!,22
scena/mp4000_ev.dat:0x25c8b3,scena/mp4000_ev.dat,Was that necessary?,20
scena/mp4000_ev.dat:0x25c8c7,scena/mp4000_ev.dat,*Huff* *Huff*...,17
scena/mp4000_ev.dat:0x25c912,scena/mp4000_ev.dat,We have to get inside!,23
scena/mp4000_ev.dat:0x25c929,scena/mp4000_ev.dat,There's no time...,19
scena/mp4000_ev.dat:0x25ca80,scena/mp4000_ev.dat,Hm... So this is the Royal Keep.,33
scena/mp4000_ev.dat:0x25cab0,scena/mp4000_ev.dat,I suppose our little tour ends here.,37
scena/mp4000_ev.dat:0x25caf0,scena/mp4000_ev.dat,"I was hopin' for more of a challenge, but...",45
scena/mp4000_ev.dat:0x25cb2d,scena/mp4000_ev.dat,kinda fight was that geezer.,29
scena/mp4000_ev.dat:0x25cb4a,scena/mp4000_ev.dat,The only one who put up any,28
scena/mp4000_ev.dat:0x25cb84,scena/mp4000_ev.dat,the command of his craft.,26
scena/mp4000_ev.dat:0x25cb9e,scena/mp4000_ev.dat,"Haha, indeed. He had quite",27
scena/mp4000_ev.dat:0x25cbe4,scena/mp4000_ev.dat,going to beat the four of us.,30
scena/mp4000_ev.dat:0x25cc02,scena/mp4000_ev.dat,"But, there was no way he was",29
scena/mp4000_ev.dat:0x25cc2e,scena/mp4000_ev.dat,What a dummy. He should learn to count.,40
scena/mp4000_ev.dat:0x25cc66,scena/mp4000_ev.dat,more credit than that.,23
scena/mp4000_ev.dat:0x25cc7d,scena/mp4000_ev.dat,"Well, I believe he deserves",28
scena/mp4000_ev.dat:0x25ccd3,scena/mp4000_ev.dat,devotion than besting the odds.,32
scena/mp4000_ev.dat:0x25ccf3,scena/mp4000_ev.dat,It was more a matter of pride and,34
scena/mp4000_ev.dat:0x25cd38,scena/mp4000_ev.dat,from what the rumors suggested.,32
scena/mp4000_ev.dat:0x25cd58,scena/mp4000_ev.dat,That duke was also a bit different,35
scena/mp4000_ev.dat:0x25cd9a,scena/mp4000_ev.dat,the impression of a shameless narcissist.,42
scena/mp4000_ev.dat:0x25cdc4,scena/mp4000_ev.dat,"True. At the very least, he didn't give off",44
scena/mp4000_ev.dat:0x25ce00,scena/mp4000_ev.dat,how quickly he fainted.,24
scena/mp4000_ev.dat:0x25ce18,scena/mp4000_ev.dat,"Though, it was charming",24
scena/mp4000_ev.dat:0x25ce53,scena/mp4000_ev.dat,Royal Guardsman,16
scena/mp4000_ev.dat:0x25ce63,scena/mp4000_ev.dat,Th-They're here!,17
scena/mp4000_ev.dat:0x25d00c,scena/mp4000_ev.dat,Royal Guardsman,16
scena/mp4000_ev.dat:0x25d01c,scena/mp4000_ev.dat,Ngh...! If only Captain Schwarz was around!,44
scena/mp4000_ev.dat:0x25d066,scena/mp4000_ev.dat,them what the Royal Guard can do!,34
scena/mp4000_ev.dat:0x25d088,scena/mp4000_ev.dat,Quit your grumbling! It's time to show,39
scena/mp4000_ev.dat:0x25d0c3,scena/mp4000_ev.dat,Hmph! More nobodies.,21
scena/mp4000_ev.dat:0x25d0e7,scena/mp4000_ev.dat,...How predictably dull.,25
scena/mp4000_ev.dat:0x25d122,scena/mp4000_ev.dat,You can say that again.,24
scena/mp4000_ev.dat:0x25d17f,scena/mp4000_ev.dat,Fastest to capture the Queen wins.,35
scena/mp4000_ev.dat:0x25d1a2,scena/mp4000_ev.dat,"Oh, I know! Let's have a race!",31
scena/mp4000_ev.dat:0x25d1ef,scena/mp4000_ev.dat,Oh? Now that does sound amusing.,33
scena/mp4000_ev.dat:0x25d23f,scena/mp4000_ev.dat,Hahaha! You're on!,19
scena/mp4000_ev.dat:0x25d27a,scena/mp4000_ev.dat,"On your marks, then. Get ready...",34
scena/mp4000_ev.dat:0x25d3a5,scena/mp4000_ev.dat,Princess Klaudia,17
scena/mp4000_ev.dat:0x25d503,scena/mp4000_ev.dat,Man's Voice,12
scena/mp4000_ev.dat:0x25d50f,scena/mp4000_ev.dat,"Oh...? So, we meet again.",26
scena/mp4000_ev.dat:0x25d5d3,scena/mp4000_ev.dat,Kloe! Your Majesty!,20
scena/mp4000_ev.dat:0x25d5fb,scena/mp4000_ev.dat,Estelle... Joshua...,21
scena/mp4000_ev.dat:0x25d61f,scena/mp4000_ev.dat,done well to make it here.,27
scena/mp4000_ev.dat:0x25d63a,scena/mp4000_ev.dat,Everyone...you have truly,26
scena/mp4000_ev.dat:0x25d69c,scena/mp4000_ev.dat,O-Oh no...!,12
scena/mp4000_ev.dat:0x25d6d3,scena/mp4000_ev.dat,I don't believe it...,22
scena/mp4000_ev.dat:0x25d6fd,scena/mp4000_ev.dat,...We were too late.,21
scena/mp4000_ev.dat:0x25d72f,scena/mp4000_ev.dat,"What do you even want, you jerks?!",35
scena/mp4000_ev.dat:0x25d766,scena/mp4000_ev.dat,Let them go!,13
scena/mp4000_ev.dat:0x25d79e,scena/mp4000_ev.dat,Teehee! That's not happening.,30
scena/mp4000_ev.dat:0x25d81e,scena/mp4000_ev.dat,"request, straight from the Professor!",38
scena/mp4000_ev.dat:0x25d844,scena/mp4000_ev.dat,"After all, this was an extra special personal",46
scena/mp4000_ev.dat:0x25d891,scena/mp4000_ev.dat,From the Professor?!,21
scena/mp4000_ev.dat:0x25d8ba,scena/mp4000_ev.dat,nothing to do with the Gospel Plan?,36
scena/mp4000_ev.dat:0x25d8de,scena/mp4000_ev.dat,'Personal'...? Do you mean this has,36
scena/mp4000_ev.dat:0x25d911,scena/mp4000_ev.dat,"Yeah, exactly!",15
scena/mp4000_ev.dat:0x25d930,scena/mp4000_ev.dat,so we should go make your lives more difficult.,48
scena/mp4000_ev.dat:0x25d960,scena/mp4000_ev.dat,"He said that everyone seemed too cheerful,",43
scena/mp4000_ev.dat:0x25d99a,scena/mp4000_ev.dat,Wh-What is that supposed to mean?,34
scena/mp4000_ev.dat:0x25d9d6,scena/mp4000_ev.dat,"back up and runnin', right?",28
scena/mp4000_ev.dat:0x25d9f2,scena/mp4000_ev.dat,Heh! Ya got your communicators,31
scena/mp4000_ev.dat:0x25da50,scena/mp4000_ev.dat,The Prof wasn't too thrilled about that.,41
scena/mp4000_ev.dat:0x25da89,scena/mp4000_ev.dat,He'd rather see ya wailin' and moanin'.,40
scena/mp4000_ev.dat:0x25dace,scena/mp4000_ev.dat,restore communications...,26
scena/mp4000_ev.dat:0x25dae8,scena/mp4000_ev.dat,It seems like you were able to partially,41
scena/mp4000_ev.dat:0x25db51,scena/mp4000_ev.dat,That did not sit well with the Professor.,42
scena/mp4000_ev.dat:0x25db8a,scena/mp4000_ev.dat,you suffer for a while longer.,31
scena/mp4000_ev.dat:0x25dba9,scena/mp4000_ev.dat,He would much rather watch,27
scena/mp4000_ev.dat:0x25dbda,scena/mp4000_ev.dat, ! You've gotta be kidding me!,31
scena/mp4000_ev.dat:0x25dc1e,scena/mp4000_ev.dat,you attacked the capital!,26
scena/mp4000_ev.dat:0x25dc38,scena/mp4000_ev.dat,That can't seriously be why,28
scena/mp4000_ev.dat:0x25dc7a,scena/mp4000_ev.dat,"...No, I can imagine him requesting that.",42
scena/mp4000_ev.dat:0x25dcb8,scena/mp4000_ev.dat,be rather mean-spirited.,25
scena/mp4000_ev.dat:0x25dcd1,scena/mp4000_ev.dat,"Hehe... Yes, he can",20
scena/mp4000_ev.dat:0x25dd03,scena/mp4000_ev.dat,with securing the floating city.,33
scena/mp4000_ev.dat:0x25dd24,scena/mp4000_ev.dat,"You see, only Loewe was tasked",31
scena/mp4000_ev.dat:0x25dd53,scena/mp4000_ev.dat,The rest of us have had an abundance of free time.,51
scena/mp4000_ev.dat:0x25ddac,scena/mp4000_ev.dat,"Heh! Yeah, he's got one hell of a mean streak.",47
scena/mp4000_ev.dat:0x25ddf5,scena/mp4000_ev.dat,the floating city locked down.,31
scena/mp4000_ev.dat:0x25de14,scena/mp4000_ev.dat,"But, Loewe's the one gettin'",29
scena/mp4000_ev.dat:0x25de41,scena/mp4000_ev.dat,nothin' but time to kill.,26
scena/mp4000_ev.dat:0x25de5b,scena/mp4000_ev.dat,"So, the rest of us've got",26
scena/mp4000_ev.dat:0x25de84,scena/mp4000_ev.dat,"Damn it, Walter...",19
scena/mp4000_ev.dat:0x25deb8,scena/mp4000_ev.dat,...I see.,10
scena/mp4000_ev.dat:0x25dee3,scena/mp4000_ev.dat,need to take anyone other than myself hostage.,47
scena/mp4000_ev.dat:0x25df12,scena/mp4000_ev.dat,"In that case, I see no reason why you should",45
scena/mp4000_ev.dat:0x25e016,scena/mp4000_ev.dat,see fit to release Klaudia?,28
scena/mp4000_ev.dat:0x25e032,scena/mp4000_ev.dat,"Surely, you could at least",27
scena/mp4000_ev.dat:0x25e07e,scena/mp4000_ev.dat,"Grandmother, please don't!",27
scena/mp4000_ev.dat:0x25e0bd,scena/mp4000_ev.dat,I refuse to let you you go in my stead!,40
scena/mp4000_ev.dat:0x25e100,scena/mp4000_ev.dat,only requested one of them.,28
scena/mp4000_ev.dat:0x25e11c,scena/mp4000_ev.dat,"Hm... Well, it is true the Professor",37
scena/mp4000_ev.dat:0x25e168,scena/mp4000_ev.dat,"Now then, how shall we proceed?",32
scena/mp4000_ev.dat:0x25e1e8,scena/mp4000_ev.dat,taken by the princess.,23
scena/mp4000_ev.dat:0x25e1ff,scena/mp4000_ev.dat,Oh? I thought you were quite,29
scena/mp4000_ev.dat:0x25e248,scena/mp4000_ev.dat,not as enamored by caged birds.,32
scena/mp4000_ev.dat:0x25e268,scena/mp4000_ev.dat,Heheh... Allow me to clarify that I am,39
scena/mp4000_ev.dat:0x25e2ac,scena/mp4000_ev.dat,radiance that comes from said entrapment...,44
scena/mp4000_ev.dat:0x25e2d8,scena/mp4000_ev.dat,"Although, I wouldn't mind basking in the unique",48
scena/mp4000_ev.dat:0x25e34c,scena/mp4000_ev.dat,Y-You psycho...! This has gone on long enough!,47
scena/mp4000_ev.dat:0x25e38b,scena/mp4000_ev.dat,You're not taking them away on our watch!,42
scena/mp4000_ev.dat:0x25e427,scena/mp4000_ev.dat,Heh! I'd like to see you try.,30
scena/mp4000_ev.dat:0x25e46a,scena/mp4000_ev.dat,stand a chance against all of us?,34
scena/mp4000_ev.dat:0x25e48c,scena/mp4000_ev.dat,"Hostages aside, do ya really think you'd",41
scena/mp4000_ev.dat:0x25e4c4,scena/mp4000_ev.dat,"we meet, I'd kill you all off.",31
scena/mp4000_ev.dat:0x25e4e3,scena/mp4000_ev.dat,"Remember, I promised. The next time",36
scena/mp4000_ev.dat:0x25e54e,scena/mp4000_ev.dat,Shall I slaughter you here and now?,36
scena/mp4000_ev.dat:0x25e572,scena/mp4000_ev.dat,This would be the perfect chance...,36
scena/mp4000_ev.dat:0x25e5e8,scena/mp4000_ev.dat,"(...Careful, Estelle.)",23
scena/mp4000_ev.dat:0x25e626,scena/mp4000_ev.dat,They have us outclassed.),26
scena/mp4000_ev.dat:0x25e640,scena/mp4000_ev.dat,(They aren't wrong...,22
scena/mp4000_ev.dat:0x25e66a,scena/mp4000_ev.dat,(We can't win against them here.),34
scena/mp4000_ev.dat:0x25e6b5,scena/mp4000_ev.dat,"Indeed. You've lost, Joshua.",29
scena/mp4000_ev.dat:0x25e6e1,scena/mp4000_ev.dat,able to find a moment to strike. However...,44
scena/mp4000_ev.dat:0x25e70d,scena/mp4000_ev.dat,"Had you remained out of sight, you might have been",51
scena/mp4000_ev.dat:0x25e74f,scena/mp4000_ev.dat,any hope of catching us off guard.,35
scena/mp4000_ev.dat:0x25e772,scena/mp4000_ev.dat,"By showing yourself, you've lost",33
scena/mp4000_ev.dat:0x25e7ba,scena/mp4000_ev.dat,"You're cornered, Black Fang.",29
scena/mp4000_ev.dat:0x25e7f8,scena/mp4000_ev.dat,...You're right about that.,28
scena/mp4000_ev.dat:0x25e828,scena/mp4000_ev.dat,surprise...but he hasn't.,26
scena/mp4000_ev.dat:0x25e842,scena/mp4000_ev.dat,I may have lost the element of,31
scena/mp4000_ev.dat:0x25e9b4,scena/mp4000_ev.dat,Lt. Colonel Cid...,19
scena/mp4000_ev.dat:0x25e9e0,scena/mp4000_ev.dat,...Thank you for coming all this way.,38
scena/mp4000_ev.dat:0x25ea15,scena/mp4000_ev.dat,Oh...? One of the Divine Blade's coterie.,42
scena/mp4000_ev.dat:0x25ea66,scena/mp4000_ev.dat,Heh heh... You must be so frustrated.,38
scena/mp4000_ev.dat:0x25eaa1,scena/mp4000_ev.dat,"Just a little bit more, and you would've had us!",49
scena/mp4000_ev.dat:0x25eae1,scena/mp4000_ev.dat,"Honestly, I'm just as shocked as you are.",42
scena/mp4000_ev.dat:0x25eb1b,scena/mp4000_ev.dat,I wasn't expecting anyone to counter that.,43
scena/mp4000_ev.dat:0x25eb5a,scena/mp4000_ev.dat,Ha! Not bad.,13
scena/mp4000_ev.dat:0x25eb76,scena/mp4000_ev.dat,'bout we have a little fun?,28
scena/mp4000_ev.dat:0x25eb92,scena/mp4000_ev.dat,"Since you're here, how",23
scena/mp4000_ev.dat:0x25ebcf,scena/mp4000_ev.dat,"Thank you for the offer, but I'll pass.",40
scena/mp4000_ev.dat:0x25ec1e,scena/mp4000_ev.dat,"I'm just supposed to be the distraction, anyway.",49
scena/mp4000_ev.dat:0x25eeb5,scena/mp4000_ev.dat,You've gotta be kidding me...,30
scena/mp4000_ev.dat:0x25eeec,scena/mp4000_ev.dat,"...Well, I'll be.",18
scena/mp4000_ev.dat:0x25ef3d,scena/mp4000_ev.dat,<S6>COLONEL RICHARD?!,22
scena/mp4000_ev.dat:0x25ef6c,scena/mp4000_ev.dat,"Haha... It certainly has been a while, Estelle.",48
scena/mp4000_ev.dat:0x25efc2,scena/mp4000_ev.dat,"sentence, I have been stripped of my rank.",43
scena/mp4000_ev.dat:0x25efed,scena/mp4000_ev.dat,"That being said, as I am still serving out my",46
scena/mp4000_ev.dat:0x25f02c,scena/mp4000_ev.dat,I would prefer that you do not call me 'Colonel.',50
scena/mp4000_ev.dat:0x25f073,scena/mp4000_ev.dat,Th-That's easier said than done...,35
scena/mp4000_ev.dat:0x25f0aa,scena/mp4000_ev.dat,...Richard. It's certainly been a while.,41
scena/mp4000_ev.dat:0x25f129,scena/mp4000_ev.dat,It is a pleasure to see you both well.,39
scena/mp4000_ev.dat:0x25f150,scena/mp4000_ev.dat,Your Majesty. Your Highness.,29
scena/mp4000_ev.dat:0x25f182,scena/mp4000_ev.dat,"from General Bright already, but...",36
scena/mp4000_ev.dat:0x25f1a6,scena/mp4000_ev.dat,I presume you've heard the details,35
scena/mp4000_ev.dat:0x25f261,scena/mp4000_ev.dat,"my meager life, if only for a moment.",38
scena/mp4000_ev.dat:0x25f287,scena/mp4000_ev.dat,Please allow me to guard you with,34
scena/mp4000_ev.dat:0x25f2d8,scena/mp4000_ev.dat,"Why, how could I refuse?",25
scena/mp4000_ev.dat:0x25f314,scena/mp4000_ev.dat,"We'll be depending on you, then.",33
scena/mp4000_ev.dat:0x25f344,scena/mp4000_ev.dat,...You honor me.,17
scena/mp4000_ev.dat:0x25f39a,scena/mp4000_ev.dat,Wh-What is even going on...?,29
scena/mp4000_ev.dat:0x25f3c7,scena/mp4000_ev.dat,behind the scenes than we realized.,36
scena/mp4000_ev.dat:0x25f3eb,scena/mp4000_ev.dat,I guess more has been happening,32
scena/mp4000_ev.dat:0x25f41a,scena/mp4000_ev.dat,Two of the Divine Blade's disciples...,39
scena/mp4000_ev.dat:0x25f4b9,scena/mp4000_ev.dat,some rather capable bracers.,29
scena/mp4000_ev.dat:0x25f4d6,scena/mp4000_ev.dat,In addition to the Black Fang and,34
scena/mp4000_ev.dat:0x25f507,scena/mp4000_ev.dat,too long playing with our food.,32
scena/mp4000_ev.dat:0x25f527,scena/mp4000_ev.dat,Heheh... Perhaps we spent slightly,35
scena/mp4000_ev.dat:0x25f586,scena/mp4000_ev.dat,"Haha... Well, that did work out in our favor.",46
scena/mp4000_ev.dat:0x25f5ce,scena/mp4000_ev.dat,already been taken care of.,28
scena/mp4000_ev.dat:0x25f5ea,scena/mp4000_ev.dat,"By the way, the city itself has",32
scena/mp4000_ev.dat:0x25fc2c,scena/mp4000_ev.dat,Special Ops Soldier,20
scena/mp4000_ev.dat:0x25fc40,scena/mp4000_ev.dat,Special Ops Soldier,20
scena/mp4000_ev.dat:0x25fc54,scena/mp4000_ev.dat,Special Ops Soldier,20
scena/mp4000_ev.dat:0x25fc68,scena/mp4000_ev.dat,Special Ops Soldier,20
scena/mp4000_ev.dat:0x25fc7c,scena/mp4000_ev.dat,Special Ops Soldier,20
scena/mp4000_ev.dat:0x25fc90,scena/mp4000_ev.dat,Special Ops Soldier,20
scena/mp4000_ev.dat:0x25fca4,scena/mp4000_ev.dat,Special Ops Soldier,20
scena/mp4000_ev.dat:0x25fcb8,scena/mp4000_ev.dat,Special Ops Soldier,20
scena/mp4000_ev.dat:0x25fecb,scena/mp4000_ev.dat,Eradicate the jaegers and archaisms!,37
scena/mp4000_ev.dat:0x25fef0,scena/mp4000_ev.dat,Commence the cleanup operation!,32
scena/mp4000_ev.dat:0x25ff2e,scena/mp4000_ev.dat,and assist any soldiers in need!,33
scena/mp4000_ev.dat:0x25ff4f,scena/mp4000_ev.dat,"Prioritize the citizens' safety,",33
scena/mp4000_ev.dat:0x25ff8e,scena/mp4000_ev.dat,Special Ops Soldiers,21
scena/mp4000_ev.dat:0x25ffa3,scena/mp4000_ev.dat,"<S6>Yes, ma'am!",16
scena/mp4000_ev.dat:0x26072e,scena/mp4000_ev.dat,Am I daydreaming or something?!,32
scena/mp4000_ev.dat:0x260771,scena/mp4000_ev.dat,popping out of the woodwork?!,30
scena/mp4000_ev.dat:0x26078f,scena/mp4000_ev.dat,Why are all these Special Ops soldiers,39
scena/mp4000_ev.dat:0x2607ca,scena/mp4000_ev.dat,attacking the Society's goons!,31
scena/mp4000_ev.dat:0x2607e9,scena/mp4000_ev.dat,"Plus, it looks like they're",28
scena/mp4000_ev.dat:0x26085f,scena/mp4000_ev.dat,"Ehehe! Obviously, they felt bad about what",43
scena/mp4000_ev.dat:0x2608be,scena/mp4000_ev.dat,demean themselves!,19
scena/mp4000_ev.dat:0x2608d1,scena/mp4000_ev.dat,Maybe this is how they're gonna,32
scena/mp4000_ev.dat:0x260925,scena/mp4000_ev.dat,'redeem' themselves?,21
scena/mp4000_ev.dat:0x26093a,scena/mp4000_ev.dat,'Demean'...? Do you mean,25
scena/mp4000_ev.dat:0x26097b,scena/mp4000_ev.dat,you new words!,15
scena/mp4000_ev.dat:0x26098a,scena/mp4000_ev.dat,"Augh, no! This isn't the time to teach",39
scena/mp4000_ev.dat:0x2609ca,scena/mp4000_ev.dat,camera working again!,22
scena/mp4000_ev.dat:0x2609e0,scena/mp4000_ev.dat,Especially since we got your,29
scena/mp4000_ev.dat:0x260a11,scena/mp4000_ev.dat,the absolute last possible second!,35
scena/mp4000_ev.dat:0x260a34,scena/mp4000_ev.dat,We've gotta snap shots like crazy until,40
scena/mp4000_ev.dat:0x260a7b,scena/mp4000_ev.dat,"Aye aye, sir!",14
scena/mp4000_ev.dat:0x260b05,scena/mp4000_ev.dat,Princess Klaudia,17
scena/mp4000_ev.dat:0x260bfc,scena/mp4000_ev.dat,No way...! They're pushing the jaegers back?!,46
scena/mp4000_ev.dat:0x260c39,scena/mp4000_ev.dat,I wouldn't expect anything less.,33
scena/mp4000_ev.dat:0x260c69,scena/mp4000_ev.dat,Haha! That's what I like to hear!,34
scena/mp4000_ev.dat:0x260caa,scena/mp4000_ev.dat,Heh...! Not bad.,17
scena/mp4000_ev.dat:0x260ce5,scena/mp4000_ev.dat,Hm... Not bad at all.,22
scena/mp4000_ev.dat:0x260d1c,scena/mp4000_ev.dat,from Ouroboros like to proceed?,32
scena/mp4000_ev.dat:0x260d3c,scena/mp4000_ev.dat,"Now, then. How would our guests",32
scena/mp4000_ev.dat:0x260dd0,scena/mp4000_ev.dat,do you still plan on fighting us?,34
scena/mp4000_ev.dat:0x260df2,scena/mp4000_ev.dat,"Now that the tables have turned,",33
scena/mp4000_ev.dat:0x260e4b,scena/mp4000_ev.dat,"...Well, I'M not putting up with this.",39
scena/mp4000_ev.dat:0x260ee5,scena/mp4000_ev.dat,particular opportunity has passed.,35
scena/mp4000_ev.dat:0x260f08,scena/mp4000_ev.dat,"Absolutely not, Renne. Alas, that",34
scena/mp4000_ev.dat:0x260f51,scena/mp4000_ev.dat,would be rather unbecoming.,28
scena/mp4000_ev.dat:0x260f6d,scena/mp4000_ev.dat,Prolonging this encounter any further,38
scena/mp4000_ev.dat:0x260fb0,scena/mp4000_ev.dat,hostages if the situation allowed for it.,42
scena/mp4000_ev.dat:0x260fda,scena/mp4000_ev.dat,"Besides, we were only meant to take",36
scena/mp4000_ev.dat:0x26100d,scena/mp4000_ev.dat,"Come along, you two. We're withdrawing.",40
scena/mp4000_ev.dat:0x26105d,scena/mp4000_ev.dat,Hmph! Fine...,14
scena/mp4000_ev.dat:0x2610e5,scena/mp4000_ev.dat,It's high time we took our leave.,34
scena/mp4000_ev.dat:0x261107,scena/mp4000_ev.dat,"Now then, if you'll excuse us.",31
scena/mp4000_ev.dat:0x261135,scena/mp4000_ev.dat,another trial lurks behind the corner.,39
scena/mp4000_ev.dat:0x261193,scena/mp4000_ev.dat,Do keep that in mind.,22
scena/mp4000_ev.dat:0x2611f6,scena/mp4000_ev.dat,Another trial...?,18
scena/mp4000_ev.dat:0x26121c,scena/mp4000_ev.dat,Wh-What's that supposed to mean?!,34
scena/mp4000_ev.dat:0x26125e,scena/mp4000_ev.dat,"Haha... Why, you'll soon find out.",35
scena/mp4000_ev.dat:0x2612a3,scena/mp4000_ev.dat,"And with that, we must bid you farewell!",41
scena/mp4000_ev.dat:0x26130d,scena/mp4000_ev.dat,They're gone...,16
scena/mp4000_ev.dat:0x261382,scena/mp4000_ev.dat,jaegers in town will follow suit.,34
scena/mp4000_ev.dat:0x2613a4,scena/mp4000_ev.dat,"Hm, which should ensure that the",33
scena/mp4000_ev.dat:0x2613e7,scena/mp4000_ev.dat,"in earnest, let us be satisfied with what we have.",51
scena/mp4000_ev.dat:0x26141a,scena/mp4000_ev.dat,While it's a shame that we can't pursue them,45
scena/mp4000_ev.dat:0x261461,scena/mp4000_ev.dat,"Yeah... <w1000>Wait, that's not important!",43
scena/mp4000_ev.dat:0x2614b8,scena/mp4000_ev.dat,"What are you even doing here, Colonel?!",40
scena/mp4000_ev.dat:0x261503,scena/mp4000_ev.dat,Aren't you supposed to be in jail?!,36
scena/mp4000_ev.dat:0x2615a2,scena/mp4000_ev.dat,"me that... Well, no matter.",28
scena/mp4000_ev.dat:0x2615be,scena/mp4000_ev.dat,I already asked you not to call,32
scena/mp4000_ev.dat:0x261604,scena/mp4000_ev.dat,current crisis has been handled.,33
scena/mp4000_ev.dat:0x261625,scena/mp4000_ev.dat,Explanations can wait until after the,38
scena/mp4000_ev.dat:0x2616ab,scena/mp4000_ev.dat,Would you mind lending a hand?,31
scena/mp4000_ev.dat:0x2616eb,scena/mp4000_ev.dat,"W-Well, sure... Of course we can.",34
scena/mp4000_ev.dat:0x261730,scena/mp4000_ev.dat,treating anyone in need of first aid.,38
scena/mp4000_ev.dat:0x261756,scena/mp4000_ev.dat,We'll start by putting out the fires and,41
scena/mp4000_ev.dat:0x26179e,scena/mp4000_ev.dat,Grancel was just barely thwarted.,34
scena/mp4000_ev.dat:0x2617c0,scena/mp4000_ev.dat,"<C1>And so, the Society's invasion of",38
scena/mp4000_ev.dat:0x2617e6,scena/mp4000_ev.dat,group offered help wherever it was needed.,43
scena/mp4000_ev.dat:0x261811,scena/mp4000_ev.dat,"<C1>Together with the Royal Army, Estelle and her",50
scena/mp4000_ev.dat:0x261843,scena/mp4000_ev.dat,being contacted and filled in.,31
scena/mp4000_ev.dat:0x261862,scena/mp4000_ev.dat,"their other allies, who rushed to join them after",50
scena/mp4000_ev.dat:0x261894,scena/mp4000_ev.dat,"<C1>And before long, they were able to rendezvous with",55
scena/mp4000_ev.dat:0x261919,scena/mp4000_ev.dat,"Will you be entering the embassy, Olivier?",43
scena/mp4000_ev.dat:0x261953,scena/mp4000_ev.dat,"Yes, I think I shall.",22
scena/mp4000_ev.dat:0x2619a4,scena/mp4000_ev.dat,"Please, go right ahead!",24
scena/mp4000_ev.dat:0x261a0c,scena/mp4000_ev.dat,"Going into the embassy, Zin?",29
scena/mp4000_ev.dat:0x261a38,scena/mp4000_ev.dat,"Yeah, that's the plan.",23
scena/mp4000_ev.dat:0x261a88,scena/mp4000_ev.dat,Go right ahead!,16
scena/mp4000_ev.dat:0x261b00,scena/mp4000_ev.dat,"Will you be entering the castle, Princess?",43
scena/mp4000_ev.dat:0x261b3a,scena/mp4000_ev.dat,"Yes, thank you.",16
scena/mp4000_ev.dat:0x261b65,scena/mp4000_ev.dat,As Her Highness commands!,26
scena/mp4000_ev.dat:0x261c0c,scena/mp4000_ev.dat,"Please, go right ahead!",24
scena/mp4000_ev.dat:0x261c33,scena/mp4000_ev.dat,"Please, go right ahead!",24
scena/mp4000_ev.dat:0x261c88,scena/mp4000_ev.dat,"A 'symbol rooted in the Land,' huh?",36
scena/mp4000_ev.dat:0x261cc0,scena/mp4000_ev.dat,looks pretty sketchy to me...,30
scena/mp4000_ev.dat:0x261cde,scena/mp4000_ev.dat,This white falcon statue,25
scena/mp4000_ev.dat:0x261d0a,scena/mp4000_ev.dat,"Well, the falcon is indeed the symbol of Liberl.",49
scena/mp4000_ev.dat:0x261d56,scena/mp4000_ev.dat,<K3>Should we check it out?,28
scena/mp4000_ev.dat:0x261eb7,scena/mp4000_ev.dat,Aha! Found it!,15
scena/mp4000_ev.dat:0x261f53,scena/mp4000_ev.dat,Behold the Blue Knight's Resolve.,34
scena/mp4000_ev.dat:0x261f75,scena/mp4000_ev.dat,<C1>The third key lies in a foreign edifice.,45
scena/mp4000_ev.dat:0x261fb9,scena/mp4000_ev.dat,But what the heck could this 'Blue Knight' be?,47
scena/mp4000_ev.dat:0x261ff7,scena/mp4000_ev.dat,Is he talking about soldiers in the Royal Guard?,49
scena/mp4000_ev.dat:0x262038,scena/mp4000_ev.dat,Perhaps... Their uniforms certainly are blue.,46
scena/mp4000_ev.dat:0x262075,scena/mp4000_ev.dat,"the Royal Guard, given the 'foreign edifice' part.",51
scena/mp4000_ev.dat:0x2620a8,scena/mp4000_ev.dat,"No, I don't think it has anything to do with",45
scena/mp4000_ev.dat:0x2620f7,scena/mp4000_ev.dat,a second thought.,18
scena/mp4000_ev.dat:0x262109,scena/mp4000_ev.dat,so I doubt Bleubanc would give them,36
scena/mp4000_ev.dat:0x26212d,scena/mp4000_ev.dat,"Also, there's nothing elegant about them,",42
scena/mp4000_ev.dat:0x26216b,scena/mp4000_ev.dat,I-If you say so...,19
scena/mp4000_ev.dat:0x262192,scena/mp4000_ev.dat,so we should probably listen to him...),40
scena/mp4000_ev.dat:0x2621ba,scena/mp4000_ev.dat,"(They're basically two peas in a pod,",38
scena/mp4000_ev.dat:0x262217,scena/mp4000_ev.dat,Huh? It's unlocked?,20
scena/mp4000_ev.dat:0x26224b,scena/mp4000_ev.dat,barring an event like the Royal Tournament.,44
scena/mp4000_ev.dat:0x262277,scena/mp4000_ev.dat,"This entrance is usually always locked,",40
scena/mp4000_ev.dat:0x2622c2,scena/mp4000_ev.dat,Which means...,15
scena/mp4000_ev.dat:0x2622f8,scena/mp4000_ev.dat,Heh! This seems to be our final destination.,45
scena/mp4000_ev.dat:0x262325,scena/mp4000_ev.dat,Okay... Let's get this over with.,34
scena/mp4000_ev.dat:0x26239a,scena/mp4000_ev.dat,<C1>A large monster is roaming around.,39
scena/mp4000_ev.dat:0x2623e7,scena/mp4000_ev.dat,Eliminate it,13
scena/mp4000_ev.dat:0x26243c,scena/mp4000_ev.dat,<C1>A large monster is roaming around.,39
scena/mp4000_ev.dat:0x262489,scena/mp4000_ev.dat,Eliminate it,13
scena/mp4000_ev.dat:0x2624de,scena/mp4000_ev.dat,<C1>A large monster is roaming around.,39
scena/mp4000_ev.dat:0x26252b,scena/mp4000_ev.dat,Eliminate it,13
scena/mp4000_ev.dat:0x262bcb,scena/mp4000_ev.dat,Girl's Voice,13
scena/mp4000_ev.dat:0x262bd8,scena/mp4000_ev.dat,Who are you calling a little runt?,35
scena/mp4000_ev.dat:0x262e85,scena/mp4000_ev.dat,What a beautiful moonlit night!,32
scena/mp4000_ev.dat:0x262ea5,scena/mp4000_ev.dat,"Teehee! Good evening, everyone.",32
scena/mp4000_ev.dat:0x262f9f,scena/mp4000_ev.dat,Did you enjoy the tea party?,29
scena/mp4000_ev.dat:0x263f6f,scena/mp4000_ev.dat,my real mama and papa.,23
scena/mp4000_ev.dat:0x263f86,scena/mp4000_ev.dat,"Now then, it's time to call",28
scena/mp4000_ev.dat:0x264082,scena/mp4000_ev.dat,"Come, Pater-Mater!",19
scena/mp4000_ev.dat:0x264215,scena/mp4000_ev.dat,Wh-What's that sound...?,25
scena/mp4000_ev.dat:0x26422f,scena/mp4000_ev.dat,Above you! Watch out!,22
scena/mp4000_ev.dat:0x264694,scena/mp4000_ev.dat,It-It's huge...!,17
scena/mp4000_ev.dat:0x2646a5,scena/mp4000_ev.dat,It-It's gigantic...!,21
scena/mp4000_ev.dat:0x2646be,scena/mp4000_ev.dat,Wh-What the heck is that thing?!,33
scena/mp4000_ev.dat:0x264772,scena/mp4000_ev.dat,Heh heh... Ahaha!,18
scena/mp4000_ev.dat:0x264827,scena/mp4000_ev.dat,It took the Gospel...?!,24
scena/mp4000_ev.dat:0x26495d,scena/mp4000_ev.dat,It's big like papa and kind like mama.,39
scena/mp4000_ev.dat:0x2649ea,scena/mp4000_ev.dat,I don't need any other parents at all.,39
scena/mp4000_ev.dat:0x265f33,scena/mp4000_ev.dat,"I'm impressed. Nice work, everyone!",36
scena/mp4000_ev.dat:0x266019,scena/mp4000_ev.dat,I apologize for the late arrival.,34
scena/mp4000_ev.dat:0x26603b,scena/mp4000_ev.dat,"...Your Majesty, Your Highness.",32
scena/mp4000_ev.dat:0x2676e4,scena/mp4000_ev.dat,Military Man,13
scena/mp4000_ev.dat:0x26797a,scena/mp4000_ev.dat,Military Man,13
scena/mp4000_ev.dat:0x267987,scena/mp4000_ev.dat,"Hm, just in time.",18
scena/mp4000_ev.dat:0x26849a,scena/mp4000_ev.dat,"Our story begins in Rolent, in the kingdom of Liberl.",54
scena/mp4000_ev.dat:0x2684d0,scena/mp4000_ev.dat,father took in five years ago.,31
scena/mp4000_ev.dat:0x2684ef,scena/mp4000_ev.dat,"been to become a bracer with Joshua, a boy my",46
scena/mp4000_ev.dat:0x26851d,scena/mp4000_ev.dat,My name is Estelle Bright. And my dream has always,51
scena/mp4000_ev.dat:0x268550,scena/mp4000_ev.dat,are sworn to help and protect ordinary citizens.,49
scena/mp4000_ev.dat:0x268581,scena/mp4000_ev.dat,Bracers are a dedicated group of peacekeepers who,50
scena/mp4000_ev.dat:0x2685b3,scena/mp4000_ev.dat,And we officially became junior bracers!,41
scena/mp4000_ev.dat:0x2685dc,scena/mp4000_ev.dat,"Scherazard, who's also known as the 'Silver Streak.'",53
scena/mp4000_ev.dat:0x268611,scena/mp4000_ev.dat,"Joshua and I passed our exam thanks to our mentor,",51
scena/mp4000_ev.dat:0x268644,scena/mp4000_ev.dat,But we barely had time to celebrate before...,46
scena/mp4000_ev.dat:0x268672,scena/mp4000_ev.dat,assignment and just...vanished into thin air.,46
scena/mp4000_ev.dat:0x2686a0,scena/mp4000_ev.dat,"My dad, Cassius Bright, went out on a bracer",45
scena/mp4000_ev.dat:0x2686e7,scena/mp4000_ev.dat,So Joshua and I left on a journey.,35
scena/mp4000_ev.dat:0x26870a,scena/mp4000_ev.dat,to become senior bracers ourselves.,36
scena/mp4000_ev.dat:0x26872e,scena/mp4000_ev.dat,But also to learn the skills we needed,39
scena/mp4000_ev.dat:0x268755,scena/mp4000_ev.dat,lots of new people and made tons of new friends.,49
scena/mp4000_ev.dat:0x268786,scena/mp4000_ev.dat,"During our travels around the kingdom, we met",46
scena/mp4000_ev.dat:0x2687b4,scena/mp4000_ev.dat,been there for us.,19
scena/mp4000_ev.dat:0x2687c7,scena/mp4000_ev.dat,"Obviously there was Schera, who's always",41
scena/mp4000_ev.dat:0x2687f0,scena/mp4000_ev.dat,or so he says.,15
scena/mp4000_ev.dat:0x2687ff,scena/mp4000_ev.dat,"Olivier, a traveling musician from Erebonia...",47
scena/mp4000_ev.dat:0x26882e,scena/mp4000_ev.dat,fighting with his trusty heavy blade.,38
scena/mp4000_ev.dat:0x268854,scena/mp4000_ev.dat,"Agate, a senior bracer who's really good at",44
scena/mp4000_ev.dat:0x268880,scena/mp4000_ev.dat,of Liberl!,11
scena/mp4000_ev.dat:0x26888b,scena/mp4000_ev.dat,And she's secretly the princess of the Kingdom,47
scena/mp4000_ev.dat:0x2688ba,scena/mp4000_ev.dat,"Kloe, a student at the Jenis Royal Academy.",44
scena/mp4000_ev.dat:0x2688e6,scena/mp4000_ev.dat,our younger sister.,20
scena/mp4000_ev.dat:0x2688fa,scena/mp4000_ev.dat,father of the Orbal Revolution. She's basically,48
scena/mp4000_ev.dat:0x26892a,scena/mp4000_ev.dat,"Tita, the granddaughter of Professor Russell, the",50
scena/mp4000_ev.dat:0x26895c,scena/mp4000_ev.dat,A-rank bracer from Calvard.,28
scena/mp4000_ev.dat:0x268978,scena/mp4000_ev.dat,"And 'The Immovable' Zin, a martial artist and",46
scena/mp4000_ev.dat:0x2689a6,scena/mp4000_ev.dat,of course.,11
scena/mp4000_ev.dat:0x2689b1,scena/mp4000_ev.dat,"of cases as junior bracers. With everyone's help,",50
scena/mp4000_ev.dat:0x2689e3,scena/mp4000_ev.dat,"Believe it or not, we managed to solve a bunch",47
scena/mp4000_ev.dat:0x268a12,scena/mp4000_ev.dat,as the Capua sky pirates stole an airliner.,44
scena/mp4000_ev.dat:0x268a3e,scena/mp4000_ev.dat,It all began when some troublemakers known,43
scena/mp4000_ev.dat:0x268a9e,scena/mp4000_ev.dat,"After that, we realized that everything that was",49
scena/mp4000_ev.dat:0x268acf,scena/mp4000_ev.dat,hair and a red mask.,21
scena/mp4000_ev.dat:0x268ae4,scena/mp4000_ev.dat,"led by Lt. Lorence, a mysterious man with silver",49
scena/mp4000_ev.dat:0x268b15,scena/mp4000_ev.dat,"The 'Special Ops,' elite soldiers in jet-black armor",53
scena/mp4000_ev.dat:0x268b4a,scena/mp4000_ev.dat,Royal Army's Intelligence Division.,36
scena/mp4000_ev.dat:0x268b6e,scena/mp4000_ev.dat,"operation was Colonel Alan Richard, head of the",48
scena/mp4000_ev.dat:0x268b9e,scena/mp4000_ev.dat,And we discovered that the leader of the whole,47
scena/mp4000_ev.dat:0x268bd9,scena/mp4000_ev.dat,consume the whole kingdom and bring down the,45
scena/mp4000_ev.dat:0x268c2b,scena/mp4000_ev.dat,tat that would,15
scena/mp4000_ev.dat:0x268c3a,scena/mp4000_ev.dat,in a sealed area under Grancel Castle.,39
scena/mp4000_ev.dat:0x268c61,scena/mp4000_ev.dat,"Aureole, which was rumored to be hidden",40
scena/mp4000_ev.dat:0x268c89,scena/mp4000_ev.dat,But what he really wanted was to awaken the,44
scena/mp4000_ev.dat:0x268cb5,scena/mp4000_ev.dat,of Liberl's future.,20
scena/mp4000_ev.dat:0x268cc9,scena/mp4000_ev.dat,He believed it was all for the good,36
scena/mp4000_ev.dat:0x268ced,scena/mp4000_ev.dat,and snapped him back to reality!,33
scena/mp4000_ev.dat:0x268d0e,scena/mp4000_ev.dat,manipulate him. But we defeated the Colonel,44
scena/mp4000_ev.dat:0x268d3a,scena/mp4000_ev.dat,"Behind it all, someone was using those beliefs to",50
scena/mp4000_ev.dat:0x268d6c,scena/mp4000_ev.dat,and together we kicked some orbal butt!,40
scena/mp4000_ev.dat:0x268d94,scena/mp4000_ev.dat,"guardian showed up. Thankfully, so did my dad,",47
scena/mp4000_ev.dat:0x268dc3,scena/mp4000_ev.dat,Which is when the Aureole's ancient mechanical,47
scena/mp4000_ev.dat:0x268df2,scena/mp4000_ev.dat,"coup, and officially became senior bracers.",44
scena/mp4000_ev.dat:0x268e1e,scena/mp4000_ev.dat,"In the end, Joshua and I managed to prevent the",48
scena/mp4000_ev.dat:0x268e4e,scena/mp4000_ev.dat,"Thanks to that journey, I grew a lot.",38
scena/mp4000_ev.dat:0x268e74,scena/mp4000_ev.dat,"also as a girl, I guess.",25
scena/mp4000_ev.dat:0x268e8d,scena/mp4000_ev.dat,"As a bracer, of course, but um...",34
scena/mp4000_ev.dat:0x268eaf,scena/mp4000_ev.dat,capital of Grancel.,20
scena/mp4000_ev.dat:0x268ec3,scena/mp4000_ev.dat,Queen's Birthday Festival in the now peaceful,46
scena/mp4000_ev.dat:0x268ef1,scena/mp4000_ev.dat,"To celebrate our victory, we all attended the",46
scena/mp4000_ev.dat:0x268f1f,scena/mp4000_ev.dat,coming from the castle gardens.,32
scena/mp4000_ev.dat:0x268f3f,scena/mp4000_ev.dat,I suddenly heard the sound of his harmonica ,45
scena/mp4000_ev.dat:0x268f6c,scena/mp4000_ev.dat,"Later that night, as I was looking for Joshua,",47
scena/mp4000_ev.dat:0x268f9b,scena/mp4000_ev.dat,"When I found him, he told me everything.",41
scena/mp4000_ev.dat:0x268fc4,scena/mp4000_ev.dat,for five years without even knowing it.,40
scena/mp4000_ev.dat:0x268ffe,scena/mp4000_ev.dat, and how he betrayed us,24
scena/mp4000_ev.dat:0x269016,scena/mp4000_ev.dat,and he gave me his harmonica as a keepsake.,44
scena/mp4000_ev.dat:0x269042,scena/mp4000_ev.dat,He said he had to go stop some evil magician...,48
scena/mp4000_ev.dat:0x269072,scena/mp4000_ev.dat,"approached me, and kissed me...",32
scena/mp4000_ev.dat:0x269092,scena/mp4000_ev.dat,I begged him to stay. But he just gently,41
scena/mp4000_ev.dat:0x2690bb,scena/mp4000_ev.dat,"And then, Joshua disappeared into the night.",45
scena/mp4000_ev.dat:0x2690e8,scena/mp4000_ev.dat,"Our story begins in Rolent, in the kingdom of Liberl.",54
scena/mp4000_ev.dat:0x26911e,scena/mp4000_ev.dat,father took in five years ago.,31
scena/mp4000_ev.dat:0x26913d,scena/mp4000_ev.dat,"been to become a bracer with Joshua, a boy my",46
scena/mp4000_ev.dat:0x26916b,scena/mp4000_ev.dat,My name is Estelle Bright. And my dream has always,51
scena/mp4000_ev.dat:0x26919e,scena/mp4000_ev.dat,are sworn to help and protect ordinary citizens.,49
scena/mp4000_ev.dat:0x2691cf,scena/mp4000_ev.dat,Bracers are a dedicated group of peacekeepers who,50
scena/mp4000_ev.dat:0x269201,scena/mp4000_ev.dat,And we officially became junior bracers!,41
scena/mp4000_ev.dat:0x26922a,scena/mp4000_ev.dat,"Scherazard, who's also known as the 'Silver Streak.'",53
scena/mp4000_ev.dat:0x26925f,scena/mp4000_ev.dat,"Joshua and I passed our exam thanks to our mentor,",51
scena/mp4000_ev.dat:0x269292,scena/mp4000_ev.dat,But we barely had time to celebrate before...,46
scena/mp4000_ev.dat:0x2692c0,scena/mp4000_ev.dat,assignment and just...vanished into thin air.,46
scena/mp4000_ev.dat:0x2692ee,scena/mp4000_ev.dat,"My dad, Cassius Bright, went out on a bracer",45
scena/mp4000_ev.dat:0x269335,scena/mp4000_ev.dat,So Joshua and I left on a journey.,35
scena/mp4000_ev.dat:0x269358,scena/mp4000_ev.dat,to become senior bracers ourselves.,36
scena/mp4000_ev.dat:0x26937c,scena/mp4000_ev.dat,But also to learn the skills we needed,39
scena/mp4000_ev.dat:0x2693a3,scena/mp4000_ev.dat,lots of new people and made tons of new friends.,49
scena/mp4000_ev.dat:0x2693d4,scena/mp4000_ev.dat,"During our travels around the kingdom, we met",46
scena/mp4000_ev.dat:0x269402,scena/mp4000_ev.dat,been there for us.,19
scena/mp4000_ev.dat:0x269415,scena/mp4000_ev.dat,"Obviously there was Schera, who's always",41
scena/mp4000_ev.dat:0x26943e,scena/mp4000_ev.dat,or so he says.,15
scena/mp4000_ev.dat:0x26944d,scena/mp4000_ev.dat,"Olivier, a traveling musician from Erebonia...",47
scena/mp4000_ev.dat:0x26947c,scena/mp4000_ev.dat,fighting with his trusty heavy blade.,38
scena/mp4000_ev.dat:0x2694a2,scena/mp4000_ev.dat,"Agate, a senior bracer who's really good at",44
scena/mp4000_ev.dat:0x2694ce,scena/mp4000_ev.dat,of Liberl!,11
scena/mp4000_ev.dat:0x2694d9,scena/mp4000_ev.dat,And she's secretly the princess of the Kingdom,47
scena/mp4000_ev.dat:0x269508,scena/mp4000_ev.dat,"Kloe, a student at the Jenis Royal Academy.",44
scena/mp4000_ev.dat:0x269534,scena/mp4000_ev.dat,our younger sister.,20
scena/mp4000_ev.dat:0x269548,scena/mp4000_ev.dat,father of the Orbal Revolution. She's basically,48
scena/mp4000_ev.dat:0x269578,scena/mp4000_ev.dat,"Tita, the granddaughter of Professor Russell, the",50
scena/mp4000_ev.dat:0x2695aa,scena/mp4000_ev.dat,A-rank bracer from Calvard.,28
scena/mp4000_ev.dat:0x2695c6,scena/mp4000_ev.dat,"And 'The Immovable' Zin, a martial artist and",46
scena/mp4000_ev.dat:0x2695f4,scena/mp4000_ev.dat,of course.,11
scena/mp4000_ev.dat:0x2695ff,scena/mp4000_ev.dat,"of cases as junior bracers. With everyone's help,",50
scena/mp4000_ev.dat:0x269631,scena/mp4000_ev.dat,"Believe it or not, we managed to solve a bunch",47
scena/mp4000_ev.dat:0x269660,scena/mp4000_ev.dat,as the Capua sky pirates stole an airliner.,44
scena/mp4000_ev.dat:0x26968c,scena/mp4000_ev.dat,It all began when some troublemakers known,43
scena/mp4000_ev.dat:0x2696ec,scena/mp4000_ev.dat,"After that, we realized that everything that was",49
scena/mp4000_ev.dat:0x26971d,scena/mp4000_ev.dat,hair and a red mask.,21
scena/mp4000_ev.dat:0x269732,scena/mp4000_ev.dat,"led by Lt. Lorence, a mysterious man with silver",49
scena/mp4000_ev.dat:0x269763,scena/mp4000_ev.dat,"The 'Special Ops,' elite soldiers in jet-black armor",53
scena/mp4000_ev.dat:0x269798,scena/mp4000_ev.dat,Royal Army's Intelligence Division.,36
scena/mp4000_ev.dat:0x2697bc,scena/mp4000_ev.dat,"operation was Colonel Alan Richard, head of the",48
scena/mp4000_ev.dat:0x2697ec,scena/mp4000_ev.dat,And we discovered that the leader of the whole,47
scena/mp4000_ev.dat:0x269827,scena/mp4000_ev.dat,consume the whole kingdom and bring down the,45
scena/mp4000_ev.dat:0x269879,scena/mp4000_ev.dat,tat that would,15
scena/mp4000_ev.dat:0x269888,scena/mp4000_ev.dat,in a sealed area under Grancel Castle.,39
scena/mp4000_ev.dat:0x2698af,scena/mp4000_ev.dat,"Aureole, which was rumored to be hidden",40
scena/mp4000_ev.dat:0x2698d7,scena/mp4000_ev.dat,But what he really wanted was to awaken the,44
scena/mp4000_ev.dat:0x269903,scena/mp4000_ev.dat,of Liberl's future.,20
scena/mp4000_ev.dat:0x269917,scena/mp4000_ev.dat,He believed it was all for the good,36
scena/mp4000_ev.dat:0x26993b,scena/mp4000_ev.dat,and snapped him back to reality!,33
scena/mp4000_ev.dat:0x26995c,scena/mp4000_ev.dat,manipulate him. But we defeated the Colonel,44
scena/mp4000_ev.dat:0x269988,scena/mp4000_ev.dat,"Behind it all, someone was using those beliefs to",50
scena/mp4000_ev.dat:0x2699ba,scena/mp4000_ev.dat,and together we kicked some orbal butt!,40
scena/mp4000_ev.dat:0x2699e2,scena/mp4000_ev.dat,"guardian showed up. Thankfully, so did my dad,",47
scena/mp4000_ev.dat:0x269a11,scena/mp4000_ev.dat,Which is when the Aureole's ancient mechanical,47
scena/mp4000_ev.dat:0x269a40,scena/mp4000_ev.dat,"coup, and officially became senior bracers.",44
scena/mp4000_ev.dat:0x269a6c,scena/mp4000_ev.dat,"In the end, Joshua and I managed to prevent the",48
scena/mp4000_ev.dat:0x269a9c,scena/mp4000_ev.dat,"Thanks to that journey, I grew a lot.",38
scena/mp4000_ev.dat:0x269ac2,scena/mp4000_ev.dat,"also as a girl, I guess.",25
scena/mp4000_ev.dat:0x269adb,scena/mp4000_ev.dat,"As a bracer, of course, but um...",34
scena/mp4000_ev.dat:0x269afd,scena/mp4000_ev.dat,capital of Grancel.,20
scena/mp4000_ev.dat:0x269b11,scena/mp4000_ev.dat,Queen's Birthday Festival in the now peaceful,46
scena/mp4000_ev.dat:0x269b3f,scena/mp4000_ev.dat,"To celebrate our victory, we all attended the",46
scena/mp4000_ev.dat:0x269b6d,scena/mp4000_ev.dat,coming from the castle gardens.,32
scena/mp4000_ev.dat:0x269b8d,scena/mp4000_ev.dat,I suddenly heard the sound of his harmonica ,45
scena/mp4000_ev.dat:0x269bba,scena/mp4000_ev.dat,"Later that night, as I was looking for Joshua,",47
scena/mp4000_ev.dat:0x269be9,scena/mp4000_ev.dat,"When I found him, he told me everything.",41
scena/mp4000_ev.dat:0x269c12,scena/mp4000_ev.dat,for five years without even knowing it.,40
scena/mp4000_ev.dat:0x269c4c,scena/mp4000_ev.dat, and how he betrayed us,24
scena/mp4000_ev.dat:0x269c64,scena/mp4000_ev.dat,and he gave me his harmonica as a keepsake.,44
scena/mp4000_ev.dat:0x269c90,scena/mp4000_ev.dat,He said he had to go stop some evil magician...,48
scena/mp4000_ev.dat:0x269cc0,scena/mp4000_ev.dat,"approached me, and kissed me...",32
scena/mp4000_ev.dat:0x269ce0,scena/mp4000_ev.dat,I begged him to stay. But he just gently,41
scena/mp4000_ev.dat:0x269d09,scena/mp4000_ev.dat,"And then, Joshua disappeared into the night.",45
