offset,file,text_en,byte_budget
scena/mp0010_05.dat:0x54039,scena/mp0010_05.dat,"@&"" ",5
scena/mp0010_05.dat:0x541ec,scena/mp0010_05.dat,@&? ,5
scena/mp0010_05.dat:0x5424c,scena/mp0010_05.dat,@&O ,5
scena/mp0010_05.dat:0x542ac,scena/mp0010_05.dat,@&a ,5
scena/mp0010_05.dat:0x543ea,scena/mp0010_05.dat,@&y ,5
scena/mp0010_05.dat:0x57ade,scena/mp0010_05.dat,@& %,5
scena/mp0010_05.dat:0x5b3a6,scena/mp0010_05.dat,@& ),5
scena/mp0010_05.dat:0x62128,scena/mp0010_05.dat,@& 1,5
scena/mp0010_05.dat:0x7674f,scena/mp0010_05.dat,@& K,5
scena/mp0010_05.dat:0x7fe67,scena/mp0010_05.dat,Contact the castle<I426>,25
scena/mp0010_05.dat:0x7fe80,scena/mp0010_05.dat,Not right now,14
scena/mp0010_05.dat:0x7fe8f,scena/mp0010_05.dat,Are you sure?,14
scena/mp0010_05.dat:0x7fe9d,scena/mp0010_05.dat,able to freely travel around the Grancel region.,49
scena/mp0010_05.dat:0x7fece,scena/mp0010_05.dat,"<C1>If you contact the castle, you will no longer be",53
scena/mp0010_05.dat:0x7ff03,scena/mp0010_05.dat,Ask to be connected to the castle<I426>,40
scena/mp0010_05.dat:0x7ff2b,scena/mp0010_05.dat,Not right now,14
scena/mp0010_05.dat:0x7ff55,scena/mp0010_05.dat,to the castle right away.,26
scena/mp0010_05.dat:0x7ff6f,scena/mp0010_05.dat,"In that case, I'll put you through",35
scena/mp0010_05.dat:0x7ffd1,scena/mp0010_05.dat,supposed to be in the capital?,31
scena/mp0010_05.dat:0x7fff0,scena/mp0010_05.dat,What happened? Aren't you,26
scena/mp0010_05.dat:0x80019,scena/mp0010_05.dat,"had gone home, so...",21
scena/mp0010_05.dat:0x8002e,scena/mp0010_05.dat,"Uh, well, I heard that Joshua",30
scena/mp0010_05.dat:0x8005f,scena/mp0010_05.dat,...He isn't with you?,22
scena/mp0010_05.dat:0x800b1,scena/mp0010_05.dat,And you're...with the Septian Church?,38
scena/mp0010_05.dat:0x800e6,scena/mp0010_05.dat,at your service.,17
scena/mp0010_05.dat:0x800f7,scena/mp0010_05.dat,"Yep, that's right. Kevin Graham,",33
scena/mp0010_05.dat:0x8012b,scena/mp0010_05.dat,never seen Estelle like this before...),40
scena/mp0010_05.dat:0x80153,scena/mp0010_05.dat,"(I don't know what happened, but I've",38
scena/mp0010_05.dat:0x80189,scena/mp0010_05.dat,her for the time being?),25
scena/mp0010_05.dat:0x801a2,scena/mp0010_05.dat,"(I hate to ask, but could you accompany",40
scena/mp0010_05.dat:0x801d9,scena/mp0010_05.dat,"(No worries, that was always the plan.)",40
scena/mp0010_05.dat:0x80215,scena/mp0010_05.dat,"I'll be counting on you, then.",31
scena/mp0010_05.dat:0x8025c,scena/mp0010_05.dat,"Estelle, you should go home and rest for today.",48
scena/mp0010_05.dat:0x8029b,scena/mp0010_05.dat,how far the fog has spread.,28
scena/mp0010_05.dat:0x802b7,scena/mp0010_05.dat,"For now, I'd like you to confirm",33
scena/mp0010_05.dat:0x802e7,scena/mp0010_05.dat,Malga Trail to the north.,26
scena/mp0010_05.dat:0x80301,scena/mp0010_05.dat,"the Milch Main Road to the west, and the",41
scena/mp0010_05.dat:0x8032a,scena/mp0010_05.dat,"Specifically, down the Elize Highway to the south,",51
scena/mp0010_05.dat:0x8036c,scena/mp0010_05.dat,much of each of those areas is affected.,41
scena/mp0010_05.dat:0x80395,scena/mp0010_05.dat,"Please take a look, and let me know how",40
scena/mp0010_05.dat:0x803cc,scena/mp0010_05.dat,likely going to be very low. Do take care.,43
scena/mp0010_05.dat:0x803f7,scena/mp0010_05.dat,"Though, I'm sorry to say that visibility is",44
scena/mp0010_05.dat:0x80432,scena/mp0010_05.dat,Thank you for all your hard work.,34
scena/mp0010_05.dat:0x80454,scena/mp0010_05.dat,It looks like your survey is going well.,41
scena/mp0010_05.dat:0x8048c,scena/mp0010_05.dat,and the Malga Trail.,21
scena/mp0010_05.dat:0x804a1,scena/mp0010_05.dat,Now for the Milch Main Road,28
scena/mp0010_05.dat:0x804cc,scena/mp0010_05.dat,Thank you in advance for your efforts.,39
scena/mp0010_05.dat:0x80502,scena/mp0010_05.dat,Thank you for all your hard work.,34
scena/mp0010_05.dat:0x80524,scena/mp0010_05.dat,It looks like your survey is going well.,41
scena/mp0010_05.dat:0x8055c,scena/mp0010_05.dat,and the Malga Trail.,21
scena/mp0010_05.dat:0x80571,scena/mp0010_05.dat,Now for the Elize Highway,26
scena/mp0010_05.dat:0x8059a,scena/mp0010_05.dat,Good luck with the rest of your survey.,40
scena/mp0010_05.dat:0x805d1,scena/mp0010_05.dat,Thank you for all your hard work.,34
scena/mp0010_05.dat:0x805f3,scena/mp0010_05.dat,It looks like your survey is going well.,41
scena/mp0010_05.dat:0x8062b,scena/mp0010_05.dat,and the Milch Main Road.,25
scena/mp0010_05.dat:0x80644,scena/mp0010_05.dat,Now for the Elize Highway,26
scena/mp0010_05.dat:0x8066d,scena/mp0010_05.dat,Thank you in advance for your efforts.,39
scena/mp0010_05.dat:0x806a3,scena/mp0010_05.dat,The only one left now is the Malga Trail.,42
scena/mp0010_05.dat:0x806dc,scena/mp0010_05.dat,I'll be looking forward to your last report.,45
scena/mp0010_05.dat:0x80718,scena/mp0010_05.dat,The only one left now is the Elize Highway.,44
scena/mp0010_05.dat:0x80753,scena/mp0010_05.dat,I'll be looking forward to your last report.,45
scena/mp0010_05.dat:0x8078f,scena/mp0010_05.dat,The only one left now is the Milch Main Road.,46
scena/mp0010_05.dat:0x807cc,scena/mp0010_05.dat,I'll be looking forward to your last report.,45
scena/mp0010_05.dat:0x80808,scena/mp0010_05.dat,to visit your own home yet?,28
scena/mp0010_05.dat:0x80824,scena/mp0010_05.dat,Oh? You haven't had a chance,29
scena/mp0010_05.dat:0x80851,scena/mp0010_05.dat,until after you've done that.,30
scena/mp0010_05.dat:0x8086f,scena/mp0010_05.dat,"It's fine, your report can wait",32
scena/mp0010_05.dat:0x8089e,scena/mp0010_05.dat,"have started, at Mayor Klaus' request.",39
scena/mp0010_05.dat:0x808c5,scena/mp0010_05.dat,It seems investigations into the comas,39
scena/mp0010_05.dat:0x808fb,scena/mp0010_05.dat,accepted the job.,18
scena/mp0010_05.dat:0x8090d,scena/mp0010_05.dat,The guild just officially,26
scena/mp0010_05.dat:0x80937,scena/mp0010_05.dat,I hope that you manage to uncover something.,45
scena/mp0010_05.dat:0x80973,scena/mp0010_05.dat,I hope that your investigation goes well.,42
scena/mp0010_05.dat:0x809ac,scena/mp0010_05.dat,"No matter what, though, your safety comes first.",49
scena/mp0010_05.dat:0x809ec,scena/mp0010_05.dat,"the people at Perzel Farm, yes?",32
scena/mp0010_05.dat:0x80a0c,scena/mp0010_05.dat,You're going to help evacuate,30
scena/mp0010_05.dat:0x80a39,scena/mp0010_05.dat,"When you reach the fork, take the southern branch.",51
scena/mp0010_05.dat:0x80a6c,scena/mp0010_05.dat,"The farm is down Milch Main Road, to the west.",47
scena/mp0010_05.dat:0x80aaa,scena/mp0010_05.dat,which means that visibility has only gotten worse.,51
scena/mp0010_05.dat:0x80add,scena/mp0010_05.dat,"The fog is even thicker than it was yesterday,",47
scena/mp0010_05.dat:0x80b1b,scena/mp0010_05.dat,but don't do anything reckless.,32
scena/mp0010_05.dat:0x80b3b,scena/mp0010_05.dat,"I know it's a road you are familiar with,",42
scena/mp0010_05.dat:0x80b74,scena/mp0010_05.dat,"When you reach the fork, take the southern branch.",51
scena/mp0010_05.dat:0x80ba7,scena/mp0010_05.dat,"The farm is down Milch Main Road, to the west.",47
scena/mp0010_05.dat:0x80be5,scena/mp0010_05.dat,but don't do anything reckless.,32
scena/mp0010_05.dat:0x80c05,scena/mp0010_05.dat,"I know it's a road you are familiar with,",42
scena/mp0010_05.dat:0x80c3e,scena/mp0010_05.dat,whatever decision you may make.,32
scena/mp0010_05.dat:0x80c5e,scena/mp0010_05.dat,"As the receptionist, I support",31
scena/mp0010_05.dat:0x80c95,scena/mp0010_05.dat,"However, the situation has left us with no other",49
scena/mp0010_05.dat:0x80cc6,scena/mp0010_05.dat,Going to Mistwald is akin to leaping into a trap.,50
scena/mp0010_05.dat:0x80d07,scena/mp0010_05.dat,when you willingly step into the snare.,40
scena/mp0010_05.dat:0x80d2f,scena/mp0010_05.dat,"I hardly need to tell you to be on your guard,",47
scena/mp0010_05.dat:0x80d6e,scena/mp0010_05.dat,criminals a bracer's true might.,33
scena/mp0010_05.dat:0x80d8f,scena/mp0010_05.dat,"But, I trust you will show those",33
scena/mp0010_05.dat:0x80dbf,scena/mp0010_05.dat,...That is all.,16
scena/mp0010_05.dat:0x80dde,scena/mp0010_05.dat,when you willingly step into the snare.,40
scena/mp0010_05.dat:0x80e06,scena/mp0010_05.dat,"I hardly need to tell you to be on your guard,",47
scena/mp0010_05.dat:0x80e45,scena/mp0010_05.dat,criminals a bracer's true might.,33
scena/mp0010_05.dat:0x80e66,scena/mp0010_05.dat,"But, I trust you will show those",33
scena/mp0010_05.dat:0x80eaa,scena/mp0010_05.dat, everything has been arranged.,31
scena/mp0010_05.dat:0x80ec9,scena/mp0010_05.dat,You don't need to worry about the,34
scena/mp0010_05.dat:0x80efa,scena/mp0010_05.dat,and he will handle the rest.,29
scena/mp0010_05.dat:0x80f17,scena/mp0010_05.dat,"Just talk to Alan at the landing port,",39
scena/mp0010_05.dat:0x80f4d,scena/mp0010_05.dat,not included in the experiments.,33
scena/mp0010_05.dat:0x80f6e,scena/mp0010_05.dat,Bose was the only region that was,34
scena/mp0010_05.dat:0x80fa0,scena/mp0010_05.dat,most difficult journey to date...,34
scena/mp0010_05.dat:0x80fc2,scena/mp0010_05.dat,While this may end up being your,33
scena/mp0010_05.dat:0x80ff2,scena/mp0010_05.dat,I have no doubt that you will prevail.,39
scena/mp0010_05.dat:0x81028,scena/mp0010_05.dat,"Good luck, and may success soon follow.",40
scena/mp0010_05.dat:0x8105f,scena/mp0010_05.dat,been taken care of.,20
scena/mp0010_05.dat:0x81073,scena/mp0010_05.dat,The tickets to Bose have already,33
scena/mp0010_05.dat:0x810a3,scena/mp0010_05.dat,see that you're all taken care of.,35
scena/mp0010_05.dat:0x810c6,scena/mp0010_05.dat,"Just talk to Alan, and he'll",29
scena/mp0010_05.dat:0x810f2,scena/mp0010_05.dat,"Take care, and have a safe journey.",36
scena/mp0010_05.dat:0x81125,scena/mp0010_05.dat,"Oh, Olivier. Are you fully recovered?",38
scena/mp0010_05.dat:0x8115a,scena/mp0010_05.dat,"Heh! Why, I'm as fit as two fiddles!",37
scena/mp0010_05.dat:0x81193,scena/mp0010_05.dat,that could not waylay a man like me.,37
scena/mp0010_05.dat:0x811b8,scena/mp0010_05.dat,"After all, a trifling amount of alcohol like",45
scena/mp0010_05.dat:0x811fe,scena/mp0010_05.dat,"Good, I'm glad to hear it.",27
scena/mp0010_05.dat:0x81228,scena/mp0010_05.dat,sometime. I did not quite drink my fill.,41
scena/mp0010_05.dat:0x81251,scena/mp0010_05.dat,I do hope that you'll extend another invitation,48
scena/mp0010_05.dat:0x81291,scena/mp0010_05.dat,Ha...haha... I relish the opportunity.,39
scena/mp0010_05.dat:0x812d1,scena/mp0010_05.dat,NOT reaching those eyes.),26
scena/mp0010_05.dat:0x812eb,scena/mp0010_05.dat,(O-Oooh boy... That smile is,29
scena/mp0010_05.dat:0x8131d,scena/mp0010_05.dat,I did have a wonderful time drinking.,38
scena/mp0010_05.dat:0x81343,scena/mp0010_05.dat,"Regardless of the reasons for it,",34
scena/mp0010_05.dat:0x81374,scena/mp0010_05.dat,"Well, then. Please take care on your way.",42
scena/mp0010_05.dat:0x813ad,scena/mp0010_05.dat,he is waiting on the second floor.,35
scena/mp0010_05.dat:0x813d0,scena/mp0010_05.dat,"If you are looking for Olivier,",32
scena/mp0010_05.dat:0x81400,scena/mp0010_05.dat,Please feel free to take him along with you.,45
scena/mp0010_05.dat:0x8142d,scena/mp0010_05.dat,his physical condition is otherwise fine.,42
scena/mp0010_05.dat:0x81457,scena/mp0010_05.dat,"While he appears to be somewhat listless,",42
scena/mp0010_05.dat:0x81490,scena/mp0010_05.dat,"Take care, and have a safe journey.",36
scena/mp0010_05.dat:0x814c3,scena/mp0010_05.dat,it doesn't seem to be an immediate concern.,44
scena/mp0010_05.dat:0x814ef,scena/mp0010_05.dat,"With regard to that earlier message,",37
scena/mp0010_05.dat:0x81523,scena/mp0010_05.dat,be sure to stop in at their branch office.,43
scena/mp0010_05.dat:0x8154e,scena/mp0010_05.dat,"If you happen to be near the capital,",38
scena/mp0010_05.dat:0x81583,scena/mp0010_05.dat,"bulletin board, and continue your local patrols.",49
scena/mp0010_05.dat:0x815b4,scena/mp0010_05.dat,"But, for the time being, keep an eye on the",44
scena/mp0010_05.dat:0x815ef,scena/mp0010_05.dat,so Ridge went to act as a guard.,33
scena/mp0010_05.dat:0x81610,scena/mp0010_05.dat,"They just started some construction work,",42
scena/mp0010_05.dat:0x8163a,scena/mp0010_05.dat,I'm especially concerned about the Malga Mine.,47
scena/mp0010_05.dat:0x81678,scena/mp0010_05.dat,in the unlikely event that something goes wrong.,49
scena/mp0010_05.dat:0x816a9,scena/mp0010_05.dat,"It would help if you happened to stop by,",42
scena/mp0010_05.dat:0x816e2,scena/mp0010_05.dat,"bulletin board, and continue your local patrols.",49
scena/mp0010_05.dat:0x81713,scena/mp0010_05.dat,"But, for the time being, keep an eye on the",44
scena/mp0010_05.dat:0x8174e,scena/mp0010_05.dat,check on the planned construction in the mine.,47
scena/mp0010_05.dat:0x8177d,scena/mp0010_05.dat,"In particular, I'd appreciate it if you went to",48
scena/mp0010_05.dat:0x817bc,scena/mp0010_05.dat,above and beyond today.,24
scena/mp0010_05.dat:0x817d4,scena/mp0010_05.dat,Both you all and Ridge went,28
scena/mp0010_05.dat:0x817ff,scena/mp0010_05.dat,Be sure to keep up the good work.,34
scena/mp0010_05.dat:0x81830,scena/mp0010_05.dat,some rather unexpected places.,31
scena/mp0010_05.dat:0x8184f,scena/mp0010_05.dat,The orbal shutdown appears to be affecting,43
scena/mp0010_05.dat:0x8188a,scena/mp0010_05.dat,one at the Malga Mine could happen again.,42
scena/mp0010_05.dat:0x818b4,scena/mp0010_05.dat,We have to consider that incidents like the,44
scena/mp0010_05.dat:0x818ef,scena/mp0010_05.dat,Be sure to always stay alert and on your guard.,48
scena/mp0010_05.dat:0x8192e,scena/mp0010_05.dat,"Hey there, Estelle.",20
scena/mp0010_05.dat:0x81951,scena/mp0010_05.dat,Congrats on making senior bracer!,34
scena/mp0010_05.dat:0x81973,scena/mp0010_05.dat,Aina gave me the good news.,28
scena/mp0010_05.dat:0x8199e,scena/mp0010_05.dat,"Aw, thanks!",12
scena/mp0010_05.dat:0x819be,scena/mp0010_05.dat,"By the way, what happened to Joshua and Schera?",48
scena/mp0010_05.dat:0x819fd,scena/mp0010_05.dat,"I don't see them anywhere, though...",37
scena/mp0010_05.dat:0x81a22,scena/mp0010_05.dat,Weren't they supposed to be with you?,38
scena/mp0010_05.dat:0x81a57,scena/mp0010_05.dat,Schera's still in the capital.,31
scena/mp0010_05.dat:0x81a89,scena/mp0010_05.dat,And Joshua just went home a bit ahead of me.,45
scena/mp0010_05.dat:0x81ac9,scena/mp0010_05.dat,to working with you guys again.,32
scena/mp0010_05.dat:0x81ae9,scena/mp0010_05.dat,"Ah, gotcha. Well, I'm looking forward",38
scena/mp0010_05.dat:0x81b1e,scena/mp0010_05.dat,Congrats on advancing to senior bracer.,40
scena/mp0010_05.dat:0x81b55,scena/mp0010_05.dat,with you guys here again.,26
scena/mp0010_05.dat:0x81b6f,scena/mp0010_05.dat,I'm looking forward to working,31
scena/mp0010_05.dat:0x81b9d,scena/mp0010_05.dat,was coming from Mistwald.,26
scena/mp0010_05.dat:0x81bb7,scena/mp0010_05.dat,That ringing sounded like it,29
scena/mp0010_05.dat:0x81be3,scena/mp0010_05.dat,bell had a beautiful tone.,27
scena/mp0010_05.dat:0x81bfe,scena/mp0010_05.dat,"It was really faint, but that",30
scena/mp0010_05.dat:0x81c2b,scena/mp0010_05.dat,would go down while I was gone.,32
scena/mp0010_05.dat:0x81c4b,scena/mp0010_05.dat,"Anyway, I never thought all this",33
scena/mp0010_05.dat:0x81c7b,scena/mp0010_05.dat,"Man, I've got the worst timing.",32
scena/mp0010_05.dat:0x81caa,scena/mp0010_05.dat,coming from Mistwald.,22
scena/mp0010_05.dat:0x81cc0,scena/mp0010_05.dat,That ringing was definitely,28
scena/mp0010_05.dat:0x81ceb,scena/mp0010_05.dat,never heard anything like it.,30
scena/mp0010_05.dat:0x81d09,scena/mp0010_05.dat,"It was really faint, but I've",30
scena/mp0010_05.dat:0x81d36,scena/mp0010_05.dat,"Oh! Hey, Schera. Aina told me everything.",42
scena/mp0010_05.dat:0x81d6f,scena/mp0010_05.dat,"You're heading straight on to Bose, right?",43
scena/mp0010_05.dat:0x81da9,scena/mp0010_05.dat,"Yep, that's the plan.",22
scena/mp0010_05.dat:0x81dd2,scena/mp0010_05.dat,"Sorry, Ridge.",14
scena/mp0010_05.dat:0x81df3,scena/mp0010_05.dat,you to hold down the fort.,27
scena/mp0010_05.dat:0x81e0e,scena/mp0010_05.dat,It feels like we're always leaving,35
scena/mp0010_05.dat:0x81e45,scena/mp0010_05.dat,"Nah, that's alright.",21
scena/mp0010_05.dat:0x81e69,scena/mp0010_05.dat,Cassius handle all the work.,29
scena/mp0010_05.dat:0x81e86,scena/mp0010_05.dat,I used to always let Schera and,32
scena/mp0010_05.dat:0x81eb5,scena/mp0010_05.dat,"my own, if I want to make it as a bracer.",42
scena/mp0010_05.dat:0x81edf,scena/mp0010_05.dat,I've got to be able to handle that much on,43
scena/mp0010_05.dat:0x81f19,scena/mp0010_05.dat,Haha! I couldn't have said it better myself.,45
scena/mp0010_05.dat:0x81f5a,scena/mp0010_05.dat,so we'll leave the rest to you.,32
scena/mp0010_05.dat:0x81f7a,scena/mp0010_05.dat,"We'll be away for a while,",27
scena/mp0010_05.dat:0x81fa8,scena/mp0010_05.dat,"No worries, you can count on me.",33
scena/mp0010_05.dat:0x81fd8,scena/mp0010_05.dat,"Have a safe trip to Bose, okay?",32
scena/mp0010_05.dat:0x82007,scena/mp0010_05.dat,hands full with other important stuff.,39
scena/mp0010_05.dat:0x8202e,scena/mp0010_05.dat,I already know that you've got your,36
scena/mp0010_05.dat:0x82061,scena/mp0010_05.dat,I'd rather see you focusing on your main jobs.,47
scena/mp0010_05.dat:0x82090,scena/mp0010_05.dat,"So, just leave all the local guild stuff to me.",48
scena/mp0010_05.dat:0x820cf,scena/mp0010_05.dat,local guild gigs come my way.,30
scena/mp0010_05.dat:0x820ed,scena/mp0010_05.dat,I'm pretty sure I can handle whatever,38
scena/mp0010_05.dat:0x82138,scena/mp0010_05.dat,"Fog, huh...? Keep your eyes peeled for trouble.",48
scena/mp0010_05.dat:0x82177,scena/mp0010_05.dat,my Heavy Blade's ready and waitin'.,36
scena/mp0010_05.dat:0x821c4,scena/mp0010_05.dat,This is turnin' into a real goat rodeo...,42
scena/mp0010_05.dat:0x821fe,scena/mp0010_05.dat,"We may be in the city, but stay alert.",39
scena/mp0010_05.dat:0x82225,scena/mp0010_05.dat,Things have changed since this afternoon.,42
scena/mp0010_05.dat:0x8225e,scena/mp0010_05.dat,So our next stop's Bose?,25
scena/mp0010_05.dat:0x82286,scena/mp0010_05.dat,Wish we could beat 'em to the punch...,39
scena/mp0010_05.dat:0x822ad,scena/mp0010_05.dat,I'm sick of always bein' one step behind.,42
scena/mp0010_05.dat:0x822fc,scena/mp0010_05.dat,have a certain je ne sais quoi to them...,42
scena/mp0010_05.dat:0x82326,scena/mp0010_05.dat,The fog-shrouded streets of Rolent,35
scena/mp0010_05.dat:0x82359,scena/mp0010_05.dat,"to pine for bright, blue skies.",32
scena/mp0010_05.dat:0x82379,scena/mp0010_05.dat,Though I must say I am starting,32
scena/mp0010_05.dat:0x823a8,scena/mp0010_05.dat,Could this night be any more awful?,36
scena/mp0010_05.dat:0x823e8,scena/mp0010_05.dat,to a rousing reel to lift the spirits?,39
scena/mp0010_05.dat:0x8240f,scena/mp0010_05.dat,"On that note, what would you say",33
scena/mp0010_05.dat:0x8243f,scena/mp0010_05.dat,"O-Oh, it's you fine folks...",29
scena/mp0010_05.dat:0x8246c,scena/mp0010_05.dat,D-Did you need me for something...?,36
scena/mp0010_05.dat:0x8249f,scena/mp0010_05.dat,where fate brought us together.,32
scena/mp0010_05.dat:0x824bf,scena/mp0010_05.dat,"Speaking of Bose, that's the place",35
scena/mp0010_05.dat:0x824f1,scena/mp0010_05.dat,the cold chill of a prison cell...,35
scena/mp0010_05.dat:0x82514,scena/mp0010_05.dat,flavors of a glass of Grand Chardonnay and,43
scena/mp0010_05.dat:0x8253f,scena/mp0010_05.dat,Hmm... My memories are tinged with the bold,44
scena/mp0010_05.dat:0x8257b,scena/mp0010_05.dat,protect your and Joshua's hometown.,36
scena/mp0010_05.dat:0x8259f,scena/mp0010_05.dat,I want to do my part in helping to,35
scena/mp0010_05.dat:0x825d1,scena/mp0010_05.dat,"I'll be waiting, so call me anytime.",37
scena/mp0010_05.dat:0x82605,scena/mp0010_05.dat,"Goodness, that fog is something else...",40
scena/mp0010_05.dat:0x8263c,scena/mp0010_05.dat,"Though, I do hope we've seen the worst of it.",46
scena/mp0010_05.dat:0x8267a,scena/mp0010_05.dat,"Once things calm down, I'd like to visit again.",48
scena/mp0010_05.dat:0x826b9,scena/mp0010_05.dat,I'm sure Joshua will be back again.,36
scena/mp0010_05.dat:0x826dd,scena/mp0010_05.dat,And when I do...,17
scena/mp0010_05.dat:0x826fd,scena/mp0010_05.dat,Although I guess now's not the time.,37
scena/mp0010_05.dat:0x82722,scena/mp0010_05.dat,like stories from your past...,31
scena/mp0010_05.dat:0x82741,scena/mp0010_05.dat,"There's so much I'd love to hear about,",40
scena/mp0010_05.dat:0x82778,scena/mp0010_05.dat,"I'm ready to do my best, so call me anytime.",45
scena/mp0010_05.dat:0x827b4,scena/mp0010_05.dat,"Try not to push yourselves too hard, okay?",43
scena/mp0010_05.dat:0x827ee,scena/mp0010_05.dat,over someone who's fallen unconscious...,41
scena/mp0010_05.dat:0x82817,scena/mp0010_05.dat,I know exactly how it feels to worry,37
scena/mp0010_05.dat:0x8284c,scena/mp0010_05.dat,I wonder what this Gospel experiment is about...?,50
scena/mp0010_05.dat:0x8288d,scena/mp0010_05.dat,This whole thing has only made me more confused.,49
scena/mp0010_05.dat:0x828e1,scena/mp0010_05.dat,The fog is so thick... It doesn't feel right.,46
scena/mp0010_05.dat:0x8291e,scena/mp0010_05.dat,I want to catch them red-handed.,33
scena/mp0010_05.dat:0x8293f,scena/mp0010_05.dat,"If they're behind this,",24
scena/mp0010_05.dat:0x82966,scena/mp0010_05.dat,"back home, but try not to stress too much.",43
scena/mp0010_05.dat:0x82991,scena/mp0010_05.dat,You two must be worried about what's happening,47
scena/mp0010_05.dat:0x829cf,scena/mp0010_05.dat,here in Rolent smiling again.,30
scena/mp0010_05.dat:0x829ed,scena/mp0010_05.dat,It's nice to see the folks,27
scena/mp0010_05.dat:0x82a18,scena/mp0010_05.dat,to say your goodbyes before we leave.,38
scena/mp0010_05.dat:0x82a3e,scena/mp0010_05.dat,"This is your hometown, so make sure",36
scena/mp0010_05.dat:0x82b15,scena/mp0010_05.dat,coming at a time like this.,28
scena/mp0010_05.dat:0x82b31,scena/mp0010_05.dat,"Talk about impeccable timing,",30
scena/mp0010_05.dat:0x82b72,scena/mp0010_05.dat,"the Bose branch, weren't you?",30
scena/mp0010_05.dat:0x82b90,scena/mp0010_05.dat,You guys were on your way to,29
scena/mp0010_05.dat:0x82bbc,scena/mp0010_05.dat,"Mmhm, that's right.",20
scena/mp0010_05.dat:0x82be0,scena/mp0010_05.dat,this fog was waiting to target us.,35
scena/mp0010_05.dat:0x82c03,scena/mp0010_05.dat,Now we're stuck here. It's like,32
scena/mp0010_05.dat:0x82c32,scena/mp0010_05.dat,the help around here right now.,32
scena/mp0010_05.dat:0x82c52,scena/mp0010_05.dat,"Well, we certainly could use",29
scena/mp0010_05.dat:0x82c82,scena/mp0010_05.dat,"you went to the training grounds, Estelle.",43
scena/mp0010_05.dat:0x82cad,scena/mp0010_05.dat,"You know, I don't think I've seen you since",44
scena/mp0010_05.dat:0x82ce8,scena/mp0010_05.dat,Your new outfit suits you wonderfully!,39
scena/mp0010_05.dat:0x82d2c,scena/mp0010_05.dat,"Oh, uh, thanks.",16
scena/mp0010_05.dat:0x82d4f,scena/mp0010_05.dat,"Highness, I don't believe we've met.",37
scena/mp0010_05.dat:0x82d74,scena/mp0010_05.dat,"As for Zin, Tita, and Her Royal",32
scena/mp0010_05.dat:0x82db3,scena/mp0010_05.dat,here at the Rolent Bracer Guild.,33
scena/mp0010_05.dat:0x82dd4,scena/mp0010_05.dat,I'm Aina. I'm the receptionist,31
scena/mp0010_05.dat:0x82e07,scena/mp0010_05.dat,It's nice to meet you all.,27
scena/mp0010_05.dat:0x82e36,scena/mp0010_05.dat,It's a pleasure to meet you.,29
scena/mp0010_05.dat:0x82e70,scena/mp0010_05.dat,"Um, um... Nice to meet you, too!",33
scena/mp0010_05.dat:0x82eb4,scena/mp0010_05.dat,about you through the grapevine.,33
scena/mp0010_05.dat:0x82ed5,scena/mp0010_05.dat,Likewise. I've heard plenty of stories,39
scena/mp0010_05.dat:0x82f1a,scena/mp0010_05.dat,"Oh, have you now? Interesting.",31
scena/mp0010_05.dat:0x82fe3,scena/mp0010_05.dat,"doing over there, Olivier?",27
scena/mp0010_05.dat:0x82ffe,scena/mp0010_05.dat,"And what, may I ask, are you",29
scena/mp0010_05.dat:0x8302e,scena/mp0010_05.dat,"Haha, ha... Oh, pay no attention to me.",40
scena/mp0010_05.dat:0x83065,scena/mp0010_05.dat,Certainly not!,15
scena/mp0010_05.dat:0x83074,scena/mp0010_05.dat,particular traumatic night in this town or anything.,53
scena/mp0010_05.dat:0x830a9,scena/mp0010_05.dat,"It's not as though I was just, say, reliving a",47
scena/mp0010_05.dat:0x83101,scena/mp0010_05.dat,I wouldn't ask any more questions if I were you.,49
scena/mp0010_05.dat:0x83142,scena/mp0010_05.dat,"two know each other, Agate?",28
scena/mp0010_05.dat:0x8315e,scena/mp0010_05.dat,"Come to think of it, do you",28
scena/mp0010_05.dat:0x8319e,scena/mp0010_05.dat,"Eh, well enough.",17
scena/mp0010_05.dat:0x831c3,scena/mp0010_05.dat,"often, but I've seen her here and there.",41
scena/mp0010_05.dat:0x831ec,scena/mp0010_05.dat,I don't come through Rolent all that,37
scena/mp0010_05.dat:0x83224,scena/mp0010_05.dat,"Indeed. Nice to see you again, too.",36
scena/mp0010_05.dat:0x8326c,scena/mp0010_05.dat,so I can fill you in on what's going on?,41
scena/mp0010_05.dat:0x83295,scena/mp0010_05.dat,"Anyway, why don't we get down to business",42
scena/mp0010_05.dat:0x8333b,scena/mp0010_05.dat,Please. We're all ears.,24
scena/mp0010_05.dat:0x83366,scena/mp0010_05.dat,around daybreak this morning.,30
scena/mp0010_05.dat:0x83384,scena/mp0010_05.dat,This fog first showed up,25
scena/mp0010_05.dat:0x833ad,scena/mp0010_05.dat,"than a thin, fine mist.",24
scena/mp0010_05.dat:0x833c5,scena/mp0010_05.dat,"At first, it wasn't much more",30
scena/mp0010_05.dat:0x833f2,scena/mp0010_05.dat,and started to greatly impact visibility.,42
scena/mp0010_05.dat:0x8341c,scena/mp0010_05.dat,"However, before long, it got thicker",37
scena/mp0010_05.dat:0x83450,scena/mp0010_05.dat,remains unknown as of yet?,27
scena/mp0010_05.dat:0x8346b,scena/mp0010_05.dat,I take it the cause of the fog,31
scena/mp0010_05.dat:0x834ae,scena/mp0010_05.dat,"Yes, Your Highness. That is correct.",37
scena/mp0010_05.dat:0x834e2,scena/mp0010_05.dat,has enveloped the entirety of Rolent.,38
scena/mp0010_05.dat:0x83508,scena/mp0010_05.dat,What we can say is that this fog,33
scena/mp0010_05.dat:0x83539,scena/mp0010_05.dat,"Not all fog looks and acts the same, though.",45
scena/mp0010_05.dat:0x83576,scena/mp0010_05.dat,in the basins between mountain ranges.,39
scena/mp0010_05.dat:0x8359d,scena/mp0010_05.dat,That's pretty different from the kind that occurs,50
scena/mp0010_05.dat:0x835cf,scena/mp0010_05.dat,Fog can appear out at sea before moving inland.,48
scena/mp0010_05.dat:0x8360e,scena/mp0010_05.dat,"Rolent lies more in the latter, yes?",37
scena/mp0010_05.dat:0x83633,scena/mp0010_05.dat,"Hmm... Judging by the map of Liberl,",37
scena/mp0010_05.dat:0x8366f,scena/mp0010_05.dat,I would say so.,16
scena/mp0010_05.dat:0x83693,scena/mp0010_05.dat,of this being a natural occurrence as of yet.,46
scena/mp0010_05.dat:0x836c1,scena/mp0010_05.dat,It's true that we can't rule out the possibility,49
scena/mp0010_05.dat:0x83705,scena/mp0010_05.dat,"But in the meantime, it's best to stay on alert.",49
scena/mp0010_05.dat:0x8374c,scena/mp0010_05.dat,this time to have a look around and see what we,48
scena/mp0010_05.dat:0x8377c,scena/mp0010_05.dat,"Seeing as we're stuck anyway, maybe we should take",51
scena/mp0010_05.dat:0x837e6,scena/mp0010_05.dat,"Probably a good idea, yeah.",28
scena/mp0010_05.dat:0x83828,scena/mp0010_05.dat,the fog dissipates anyway. Gotta do something.,47
scena/mp0010_05.dat:0x83857,scena/mp0010_05.dat,Not like the airliner's going anywhere until,45
scena/mp0010_05.dat:0x838a3,scena/mp0010_05.dat,Um... Uh...,12
scena/mp0010_05.dat:0x838f5,scena/mp0010_05.dat,"What's up, Estelle?",20
scena/mp0010_05.dat:0x8392e,scena/mp0010_05.dat,We can't just ignore them...,29
scena/mp0010_05.dat:0x8394b,scena/mp0010_05.dat,What about the sky pirates?,28
scena/mp0010_05.dat:0x839c4,scena/mp0010_05.dat,because we had nothing else to go off of. Right?,49
scena/mp0010_05.dat:0x839f5,scena/mp0010_05.dat,We were only looking into that whole thing,43
scena/mp0010_05.dat:0x83a3d,scena/mp0010_05.dat,to stick our noses in if we don't have to.,43
scena/mp0010_05.dat:0x83a68,scena/mp0010_05.dat,"Plus, it's the Royal Army's case. No need",42
scena/mp0010_05.dat:0x83aa1,scena/mp0010_05.dat,But... But...,14
scena/mp0010_05.dat:0x83ac2,scena/mp0010_05.dat,What? Something bothering you about it?,40
scena/mp0010_05.dat:0x83af9,scena/mp0010_05.dat,say it's 'bothering' me.,25
scena/mp0010_05.dat:0x83b12,scena/mp0010_05.dat,"No, it's not that. I wouldn't",30
scena/mp0010_05.dat:0x83b84,scena/mp0010_05.dat,I don't know what's on your mind right now.,44
scena/mp0010_05.dat:0x83bcc,scena/mp0010_05.dat,"But think about it rationally, won't you?",42
scena/mp0010_05.dat:0x83c2b,scena/mp0010_05.dat,"done and over with, in a sense.",32
scena/mp0010_05.dat:0x83c4b,scena/mp0010_05.dat,stealing back their ship... It's already,41
scena/mp0010_05.dat:0x83c74,scena/mp0010_05.dat,That whole incident with the sky pirates,41
scena/mp0010_05.dat:0x83cad,scena/mp0010_05.dat,out there. They didn't take hostages or anything.,50
scena/mp0010_05.dat:0x83cdf,scena/mp0010_05.dat,There's no urgent need for the guild to deploy,47
scena/mp0010_05.dat:0x83d1d,scena/mp0010_05.dat,around anywhere near Bose is pretty low.,41
scena/mp0010_05.dat:0x83d46,scena/mp0010_05.dat,And the likelihood of those people staying,43
scena/mp0010_05.dat:0x83d81,scena/mp0010_05.dat,"I mean, yeah, but...",21
scena/mp0010_05.dat:0x83db7,scena/mp0010_05.dat,in what's become a string of incidents.,40
scena/mp0010_05.dat:0x83ddf,scena/mp0010_05.dat,"This, on the other hand, is the latest",39
scena/mp0010_05.dat:0x83e16,scena/mp0010_05.dat,this could very well not be the end of it.,43
scena/mp0010_05.dat:0x83e41,scena/mp0010_05.dat,"And if the Society's behind this,",34
scena/mp0010_05.dat:0x83e73,scena/mp0010_05.dat,is more important right now?,29
scena/mp0010_05.dat:0x83e90,scena/mp0010_05.dat,"Knowing that, which do YOU think",33
scena/mp0010_05.dat:0x83f3c,scena/mp0010_05.dat,"Um, excuse me, Ms. Schera!",27
scena/mp0010_05.dat:0x83f74,scena/mp0010_05.dat,to keep looking into them.,27
scena/mp0010_05.dat:0x83f8f,scena/mp0010_05.dat,I'm sure Estelle has a good reason,35
scena/mp0010_05.dat:0x83fc2,scena/mp0010_05.dat,"Can't we, I don't know...",26
scena/mp0010_05.dat:0x83fec,scena/mp0010_05.dat,"No, it's okay, Tita.",21
scena/mp0010_05.dat:0x84011,scena/mp0010_05.dat,Schera's right. This comes first.,34
scena/mp0010_05.dat:0x84053,scena/mp0010_05.dat,If you say so...,17
scena/mp0010_05.dat:0x8407b,scena/mp0010_05.dat,"I'm sorry, Schera.",19
scena/mp0010_05.dat:0x8409e,scena/mp0010_05.dat,I guess I lost sight of the big picture.,41
scena/mp0010_05.dat:0x840f4,scena/mp0010_05.dat,That's okay. You don't need to say sorry.,42
scena/mp0010_05.dat:0x84133,scena/mp0010_05.dat,lose sight of what's in front of them.,39
scena/mp0010_05.dat:0x8415a,scena/mp0010_05.dat,Everybody has moments where they,33
scena/mp0010_05.dat:0x8418f,scena/mp0010_05.dat,and especially to our friend Agate here.,41
scena/mp0010_05.dat:0x841b8,scena/mp0010_05.dat,"Aidios knows it happens to me,",31
scena/mp0010_05.dat:0x84212,scena/mp0010_05.dat,best way forward while staying true to yourself.,49
scena/mp0010_05.dat:0x84243,scena/mp0010_05.dat,Part of being a good bracer is finding the,43
scena/mp0010_05.dat:0x84289,scena/mp0010_05.dat,"said than done, to be sure.",28
scena/mp0010_05.dat:0x842a5,scena/mp0010_05.dat,Even if that's often easier,28
scena/mp0010_05.dat:0x842e4,scena/mp0010_05.dat,"in progress on that front, too.",32
scena/mp0010_05.dat:0x84304,scena/mp0010_05.dat,Take it from me. I'm still a work,34
scena/mp0010_05.dat:0x84336,scena/mp0010_05.dat,a real role model in that regard.,34
scena/mp0010_05.dat:0x84358,scena/mp0010_05.dat,"Your father, on the other hand, is",35
scena/mp0010_05.dat:0x8438a,scena/mp0010_05.dat,He is? How?,12
scena/mp0010_05.dat:0x843b8,scena/mp0010_05.dat,"inner spirit, and even his sense of humor.",43
scena/mp0010_05.dat:0x843e3,scena/mp0010_05.dat,"When the going gets tough, he maintains a strong",49
scena/mp0010_05.dat:0x84424,scena/mp0010_05.dat,visiting Calvard.,18
scena/mp0010_05.dat:0x84436,scena/mp0010_05.dat,saved me from the brink of death when he was,45
scena/mp0010_05.dat:0x84463,scena/mp0010_05.dat,I couldn't count the number of times that man,46
scena/mp0010_05.dat:0x844a0,scena/mp0010_05.dat,"Wow, I never knew...",21
scena/mp0010_05.dat:0x844c8,scena/mp0010_05.dat,act for most anyone to follow.,31
scena/mp0010_05.dat:0x844e7,scena/mp0010_05.dat,"To be fair, your dad's a tough",31
scena/mp0010_05.dat:0x84522,scena/mp0010_05.dat,at a time and grow at our own pace.,36
scena/mp0010_05.dat:0x84546,scena/mp0010_05.dat,All any of us can do is take it one step,41
scena/mp0010_05.dat:0x8457e,scena/mp0010_05.dat,"Yeah, I guess you're right...",30
scena/mp0010_05.dat:0x845c5,scena/mp0010_05.dat,"Anyway, sorry for getting us off-topic, Aina.",46
scena/mp0010_05.dat:0x84602,scena/mp0010_05.dat,That's okay. No problem.,25
scena/mp0010_05.dat:0x8462f,scena/mp0010_05.dat,"Now, as for what I'd like you all to do...",43
scena/mp0010_05.dat:0x846bd,scena/mp0010_05.dat,specific that needs to get done.,33
scena/mp0010_05.dat:0x846de,scena/mp0010_05.dat,"Right now, I don't have anything",33
scena/mp0010_05.dat:0x8471d,scena/mp0010_05.dat,in case anything else happens.,31
scena/mp0010_05.dat:0x8473c,scena/mp0010_05.dat,Just keep yourselves available,31
scena/mp0010_05.dat:0x8476a,scena/mp0010_05.dat,Can I ask you to remain on standby at your house?,50
scena/mp0010_05.dat:0x847bc,scena/mp0010_05.dat,Okay. I was planning to head over there anyway.,48
scena/mp0010_05.dat:0x8480a,scena/mp0010_05.dat,us to check in the meantime?,29
scena/mp0010_05.dat:0x84827,scena/mp0010_05.dat,Is there anything else you want,32
scena/mp0010_05.dat:0x84869,scena/mp0010_05.dat,Hmm... Good question.,22
scena/mp0010_05.dat:0x8488f,scena/mp0010_05.dat,"roadways and check on them, but that's about it.",49
scena/mp0010_05.dat:0x848c0,scena/mp0010_05.dat,I suppose it'd be nice if you could patrol the,47
scena/mp0010_05.dat:0x848fe,scena/mp0010_05.dat,Alright. But why the roads?,28
scena/mp0010_05.dat:0x8492d,scena/mp0010_05.dat,it's not solely concentrated around town.,42
scena/mp0010_05.dat:0x84957,scena/mp0010_05.dat,"While I said the fog is covering all of Rolent,",48
scena/mp0010_05.dat:0x84997,scena/mp0010_05.dat,"deep into the outskirts, as well.",34
scena/mp0010_05.dat:0x849b9,scena/mp0010_05.dat,It also looks like it's spread pretty,38
scena/mp0010_05.dat:0x84a00,scena/mp0010_05.dat,"what we're dealing with, in case it sticks around.",51
scena/mp0010_05.dat:0x84a33,scena/mp0010_05.dat,It would be good to know the exact extent of,45
scena/mp0010_05.dat:0x84a7b,scena/mp0010_05.dat,"routes to compensate, yes?",27
scena/mp0010_05.dat:0x84a96,scena/mp0010_05.dat,"commission, the town will need to secure land",46
scena/mp0010_05.dat:0x84ac4,scena/mp0010_05.dat,Indeed. I suppose if the airliner remains out of,49
scena/mp0010_05.dat:0x84b04,scena/mp0010_05.dat,"Right, exactly. We have three options.",39
scena/mp0010_05.dat:0x84b3e,scena/mp0010_05.dat,"to the west, and Malga Trail to the north.",43
scena/mp0010_05.dat:0x84b69,scena/mp0010_05.dat,"Elize Highway to the south, Milch Main Road",44
scena/mp0010_05.dat:0x84ba5,scena/mp0010_05.dat,how far the fog stretches out for me?,38
scena/mp0010_05.dat:0x84bcb,scena/mp0010_05.dat,Can you visit those roads and see,34
scena/mp0010_05.dat:0x84c1b,scena/mp0010_05.dat,No problem! It'll be a walk in the park.,41
scena/mp0010_05.dat:0x84c57,scena/mp0010_05.dat,In that case...,16
scena/mp0010_05.dat:0x84c77,scena/mp0010_05.dat,"take point and lead the way, then.",35
scena/mp0010_05.dat:0x84c9a,scena/mp0010_05.dat,I suppose Estelle and I should,31
scena/mp0010_05.dat:0x84cc8,scena/mp0010_05.dat,Rolent better than everyone else.,34
scena/mp0010_05.dat:0x84cea,scena/mp0010_05.dat,Yeah. We know our way around,29
scena/mp0010_05.dat:0x84d2b,scena/mp0010_05.dat,"True enough. Alright, pick who's comin' with you.",50
scena/mp0010_05.dat:0x84d99,scena/mp0010_05.dat,free to choose any two support members.,40
scena/mp0010_05.dat:0x84dc1,scena/mp0010_05.dat,"While core members must remain, you are",40
scena/mp0010_05.dat:0x84de9,scena/mp0010_05.dat,<C1>You may now edit your party.,33
scena/mp0010_05.dat:0x84e0b,scena/mp0010_05.dat,with Estelle and Scherazard.,29
scena/mp0010_05.dat:0x84e28,scena/mp0010_05.dat,<C1>Select two members to go,29
scena/mp0010_05.dat:0x84e8b,scena/mp0010_05.dat,"Welcome back, everyone.",24
scena/mp0010_05.dat:0x84eb3,scena/mp0010_05.dat,pay you for a job well done.,29
scena/mp0010_05.dat:0x84ed0,scena/mp0010_05.dat,"First things first, let me",27
scena/mp0010_05.dat:0x84f15,scena/mp0010_05.dat,to come back with such concrete details.,41
scena/mp0010_05.dat:0x84f3e,scena/mp0010_05.dat,"To be honest, I didn't expect you all",38
scena/mp0010_05.dat:0x84fcf,scena/mp0010_05.dat,has clear and distinct boundaries?,35
scena/mp0010_05.dat:0x84ff2,scena/mp0010_05.dat,You're telling me the fog out there,36
scena/mp0010_05.dat:0x85033,scena/mp0010_05.dat,"Yeah, and they hardly look natural, to boot.",45
scena/mp0010_05.dat:0x8507c,scena/mp0010_05.dat,you put it all on a map?,25
scena/mp0010_05.dat:0x85095,scena/mp0010_05.dat,How does the fog look when,27
scena/mp0010_05.dat:0x850bf,scena/mp0010_05.dat,Give me just a sec...,22
scena/mp0010_05.dat:0x85101,scena/mp0010_05.dat,"Milch Main Road, and 140 selge on Malga Trail...",49
scena/mp0010_05.dat:0x85132,scena/mp0010_05.dat,"60 selge along Elize Highway, 80 selge on",42
scena/mp0010_05.dat:0x8516b,scena/mp0010_05.dat,It looks something like this.,30
scena/mp0010_05.dat:0x85198,scena/mp0010_05.dat,"a whole lot by itself, does it?",32
scena/mp0010_05.dat:0x851b8,scena/mp0010_05.dat,Hmm... That doesn't tell us,28
scena/mp0010_05.dat:0x851e3,scena/mp0010_05.dat,"Unfortunately not, it seems.",29
scena/mp0010_05.dat:0x8520f,scena/mp0010_05.dat,it first appears and the way the wind is blowing.,50
scena/mp0010_05.dat:0x85241,scena/mp0010_05.dat,"After all, the way fog spreads is dictated by how",50
scena/mp0010_05.dat:0x852df,scena/mp0010_05.dat,we're in the dark about here.,30
scena/mp0010_05.dat:0x852fd,scena/mp0010_05.dat,"Yeah, there's still a lot",26
scena/mp0010_05.dat:0x8532e,scena/mp0010_05.dat,"here and be ready for anything, huh?",37
scena/mp0010_05.dat:0x85353,scena/mp0010_05.dat,Guess we have no choice but to hunker down,43
scena/mp0010_05.dat:0x85398,scena/mp0010_05.dat,I think you might be right.,28
scena/mp0010_05.dat:0x853c4,scena/mp0010_05.dat,"decided whether to deploy, either.",35
scena/mp0010_05.dat:0x853e7,scena/mp0010_05.dat,Especially since the Royal Army hasn't,39
scena/mp0010_05.dat:0x8541d,scena/mp0010_05.dat,"Wait, I have an idea!",22
scena/mp0010_05.dat:0x85491,scena/mp0010_05.dat,"Hey, Tita!",11
scena/mp0010_05.dat:0x854bc,scena/mp0010_05.dat,"that can remove fog? He did, didn't he?!",41
scena/mp0010_05.dat:0x854e5,scena/mp0010_05.dat,Didn't your grandpa invent some kinda doohickey,48
scena/mp0010_05.dat:0x8553e,scena/mp0010_05.dat,Um... Er...,12
scena/mp0010_05.dat:0x85565,scena/mp0010_05.dat,dehumidifier that he came up with.,35
scena/mp0010_05.dat:0x85588,scena/mp0010_05.dat,I think you're remembering the,31
scena/mp0010_05.dat:0x855b6,scena/mp0010_05.dat,from the air. That's...why it's called that.,45
scena/mp0010_05.dat:0x855e3,scena/mp0010_05.dat,That machine only removes humidity,35
scena/mp0010_05.dat:0x8561a,scena/mp0010_05.dat,"Well, could we use that?",25
scena/mp0010_05.dat:0x85646,scena/mp0010_05.dat,Hmm... I don't think it'd help.,32
scena/mp0010_05.dat:0x8567b,scena/mp0010_05.dat,to treat the outside atmosphere.,33
scena/mp0010_05.dat:0x8569c,scena/mp0010_05.dat,You'd need hundreds of devices,31
scena/mp0010_05.dat:0x856de,scena/mp0010_05.dat,only be a temporary fix.,25
scena/mp0010_05.dat:0x856f7,scena/mp0010_05.dat,"And even if you could, it'd probably",37
scena/mp0010_05.dat:0x85745,scena/mp0010_05.dat,"Aw, man. So much for that brilliant plan.",42
scena/mp0010_05.dat:0x85791,scena/mp0010_05.dat,proof of the Society's involvement.,36
scena/mp0010_05.dat:0x857b5,scena/mp0010_05.dat,It'd be one thing if we even had,33
scena/mp0010_05.dat:0x857e6,scena/mp0010_05.dat,to be one of their jobs.,25
scena/mp0010_05.dat:0x857ff,scena/mp0010_05.dat,But this feels a little too undercooked,40
scena/mp0010_05.dat:0x85836,scena/mp0010_05.dat,What makes you say that?,25
scena/mp0010_05.dat:0x85889,scena/mp0010_05.dat,"until now, there's been some inexplicable phenomenon.",54
scena/mp0010_05.dat:0x858bf,scena/mp0010_05.dat,Think about it. Whenever they've used the Gospels,50
scena/mp0010_05.dat:0x85913,scena/mp0010_05.dat,isn't quite as dramatic.,25
scena/mp0010_05.dat:0x8592c,scena/mp0010_05.dat,"Compared to all of that, this fog",34
scena/mp0010_05.dat:0x85972,scena/mp0010_05.dat,That's true.,13
scena/mp0010_05.dat:0x8599a,scena/mp0010_05.dat,If I may also add...,21
scena/mp0010_05.dat:0x859bf,scena/mp0010_05.dat,"left us with a 'signal,' of one kind or another.",49
scena/mp0010_05.dat:0x859f0,scena/mp0010_05.dat,"In every other instance, they've always",40
scena/mp0010_05.dat:0x85a39,scena/mp0010_05.dat,of the sort this time around.,30
scena/mp0010_05.dat:0x85a57,scena/mp0010_05.dat,But we have yet to see anything,32
scena/mp0010_05.dat:0x85a96,scena/mp0010_05.dat,A signal? Like what?,21
scena/mp0010_05.dat:0x85abe,scena/mp0010_05.dat,arouse our suspicion and compel us to act.,43
scena/mp0010_05.dat:0x85ae9,scena/mp0010_05.dat,I'm talking about things that deliberately,43
scena/mp0010_05.dat:0x85b33,scena/mp0010_05.dat,"in the sunglasses, and those threatening letters.",50
scena/mp0010_05.dat:0x85b65,scena/mp0010_05.dat,"Things such as the so-called 'ghost,' the man",46
scena/mp0010_05.dat:0x85ba2,scena/mp0010_05.dat,"Oh, yeah. Good point...",24
scena/mp0010_05.dat:0x85bce,scena/mp0010_05.dat,feel lackluster in comparison.,31
scena/mp0010_05.dat:0x85bed,scena/mp0010_05.dat,Hmm... You're right. This does,31
scena/mp0010_05.dat:0x85c7f,scena/mp0010_05.dat,"Is something the matter, Scherazard?",37
scena/mp0010_05.dat:0x85cb3,scena/mp0010_05.dat,"About those signals, actually...",33
scena/mp0010_05.dat:0x85d05,scena/mp0010_05.dat,Who's to say we haven't received one already?,46
scena/mp0010_05.dat:0x85d68,scena/mp0010_05.dat,I-I don't understand.,22
scena/mp0010_05.dat:0x85dcb,scena/mp0010_05.dat,Old Man's Voice,16
scena/mp0010_05.dat:0x85ddb,scena/mp0010_05.dat,<S5>Th-There's trouble!,24
scena/mp0010_05.dat:0x85eb0,scena/mp0010_05.dat,M-Mayor Klaus?!,16
scena/mp0010_05.dat:0x85ecf,scena/mp0010_05.dat,*Wheeze* *Huff* *Huff*...,26
scena/mp0010_05.dat:0x85ef9,scena/mp0010_05.dat,"O-Oh, Estelle. I didn't know you were in town.",47
scena/mp0010_05.dat:0x85f37,scena/mp0010_05.dat,"For now, at least. Uh, nice to see you again.",46
scena/mp0010_05.dat:0x85f7c,scena/mp0010_05.dat,What's got you so worked up?,29
scena/mp0010_05.dat:0x85f99,scena/mp0010_05.dat,"A-Anyway, what happened?",25
scena/mp0010_05.dat:0x85fc1,scena/mp0010_05.dat,"Oh, I'm so glad that you're all already here!",46
scena/mp0010_05.dat:0x85ffe,scena/mp0010_05.dat,What happened? What's got you so worked up?,44
scena/mp0010_05.dat:0x86039,scena/mp0010_05.dat,had this conversation before...,32
scena/mp0010_05.dat:0x86059,scena/mp0010_05.dat,Wait a minute. I feel like we've,33
scena/mp0010_05.dat:0x8609d,scena/mp0010_05.dat,"Calm down, Mayor Klaus. Let's take it easy.",44
scena/mp0010_05.dat:0x860eb,scena/mp0010_05.dat,Did something happen?,22
scena/mp0010_05.dat:0x86160,scena/mp0010_05.dat,"O-Oh, something happened, alright!",35
scena/mp0010_05.dat:0x8619a,scena/mp0010_05.dat,be fine. That's a relief.,26
scena/mp0010_05.dat:0x861b4,scena/mp0010_05.dat,At least you all appear to,27
scena/mp0010_05.dat:0x861f2,scena/mp0010_05.dat,"Uh... Could you explain what you mean, Mayor?",46
scena/mp0010_05.dat:0x86245,scena/mp0010_05.dat,of a sudden just a little while ago.,37
scena/mp0010_05.dat:0x8626a,scena/mp0010_05.dat,"You see, our maid Rita collapsed all",37
scena/mp0010_05.dat:0x8629f,scena/mp0010_05.dat,in town to have had a fainting spell.,38
scena/mp0010_05.dat:0x862c5,scena/mp0010_05.dat,And it seems she's not the only one,36
scena/mp0010_05.dat:0x86333,scena/mp0010_05.dat,What did you say?!,19
scena/mp0010_05.dat:0x86394,scena/mp0010_05.dat,investigating all of those fainting spells for the mayor.,58
scena/mp0010_05.dat:0x863ce,scena/mp0010_05.dat,Seems like you've been hard at work,36
scena/mp0010_05.dat:0x86401,scena/mp0010_05.dat,"Great work on that investigation, everyone.",44
scena/mp0010_05.dat:0x86448,scena/mp0010_05.dat,How are things coming along?,29
scena/mp0010_05.dat:0x8647c,scena/mp0010_05.dat,"Okay, I guess.",15
scena/mp0010_05.dat:0x8649b,scena/mp0010_05.dat,the people who are in a coma right now.,40
scena/mp0010_05.dat:0x864c3,scena/mp0010_05.dat,We've talked to all of the families of,39
scena/mp0010_05.dat:0x864fa,scena/mp0010_05.dat,Alright. Understood.,21
scena/mp0010_05.dat:0x86526,scena/mp0010_05.dat,come back here and we'll talk.,31
scena/mp0010_05.dat:0x86545,scena/mp0010_05.dat,"Once you feel you have enough information,",43
scena/mp0010_05.dat:0x8658f,scena/mp0010_05.dat,Alright. Understood.,21
scena/mp0010_05.dat:0x865bb,scena/mp0010_05.dat,over so we can all compare notes.,34
scena/mp0010_05.dat:0x865dd,scena/mp0010_05.dat,"In that case, I'll call everyone else",38
scena/mp0010_05.dat:0x86689,scena/mp0010_05.dat,You two have put in a lot of legwork.,38
scena/mp0010_05.dat:0x866af,scena/mp0010_05.dat,...So that's what we know.,27
scena/mp0010_05.dat:0x866e7,scena/mp0010_05.dat,"interesting, in my opinion.",28
scena/mp0010_05.dat:0x86703,scena/mp0010_05.dat,related to the victims were particularly,41
scena/mp0010_05.dat:0x8672c,scena/mp0010_05.dat,The testimonies you heard from those,37
scena/mp0010_05.dat:0x86760,scena/mp0010_05.dat,all seem to have one thing in common.,38
scena/mp0010_05.dat:0x86786,scena/mp0010_05.dat,"I don't know if you've noticed, but they",41
scena/mp0010_05.dat:0x867be,scena/mp0010_05.dat,"Oh, you must mean...",21
scena/mp0010_05.dat:0x8680b,scena/mp0010_05.dat,"a bit different, if you'll recall.",35
scena/mp0010_05.dat:0x8682e,scena/mp0010_05.dat,"No, everyone said something",28
scena/mp0010_05.dat:0x8686b,scena/mp0010_05.dat,5 PM. She actually collapsed sometime around 4:30.,51
scena/mp0010_05.dat:0x8689e,scena/mp0010_05.dat,Rita was found by the mayor's wife around,42
scena/mp0010_05.dat:0x868dd,scena/mp0010_05.dat,to have passed out an hour later.,34
scena/mp0010_05.dat:0x868ff,scena/mp0010_05.dat,"On the other hand, Mr. Lao was said",36
scena/mp0010_05.dat:0x86937,scena/mp0010_05.dat,"Oh, yeah. That's an hour apart.",32
scena/mp0010_05.dat:0x86979,scena/mp0010_05.dat,What all four cases share in common...,39
scena/mp0010_05.dat:0x869b0,scena/mp0010_05.dat,the victims fell into their comas.,35
scena/mp0010_05.dat:0x869d3,scena/mp0010_05.dat,...is that nobody witnessed the moment,39
scena/mp0010_05.dat:0x86a20,scena/mp0010_05.dat,Mm-hm. That's exactly right.,29
scena/mp0010_05.dat:0x86a54,scena/mp0010_05.dat,What all four cases share in common...,39
scena/mp0010_05.dat:0x86a8b,scena/mp0010_05.dat,the victims fell into their comas.,35
scena/mp0010_05.dat:0x86aae,scena/mp0010_05.dat,...is that nobody witnessed the moment,39
scena/mp0010_05.dat:0x86af0,scena/mp0010_05.dat,"True, we can't forget that.",28
scena/mp0010_05.dat:0x86b1c,scena/mp0010_05.dat,thing came up with Tabitha or Luke's cases.,44
scena/mp0010_05.dat:0x86b48,scena/mp0010_05.dat,That part does stand out. But no such,38
scena/mp0010_05.dat:0x86b7d,scena/mp0010_05.dat,"Oh yeah, I guess not.",22
scena/mp0010_05.dat:0x86bb5,scena/mp0010_05.dat,What all four cases share in common...,39
scena/mp0010_05.dat:0x86bec,scena/mp0010_05.dat,the victims fell into their comas.,35
scena/mp0010_05.dat:0x86c0f,scena/mp0010_05.dat,...is that nobody witnessed the moment,39
scena/mp0010_05.dat:0x86c69,scena/mp0010_05.dat,Good point.,12
scena/mp0010_05.dat:0x86c85,scena/mp0010_05.dat,Almost sounds deliberate.,26
scena/mp0010_05.dat:0x86c9f,scena/mp0010_05.dat,Talk about convenient timing.,30
scena/mp0010_05.dat:0x86ccc,scena/mp0010_05.dat,"fog suddenly appeared, as well.",32
scena/mp0010_05.dat:0x86cec,scena/mp0010_05.dat,That would explain why this,28
scena/mp0010_05.dat:0x86d26,scena/mp0010_05.dat,reduce the number of witnesses.,32
scena/mp0010_05.dat:0x86d46,scena/mp0010_05.dat,"With visibility reduced, it would",34
scena/mp0010_05.dat:0x86d81,scena/mp0010_05.dat,emerges from the mist to devour souls.,39
scena/mp0010_05.dat:0x86da8,scena/mp0010_05.dat,I can picture it now: a demon who,34
scena/mp0010_05.dat:0x86dee,scena/mp0010_05.dat,"Truly, the stuff of fairy tales.",33
scena/mp0010_05.dat:0x86e0f,scena/mp0010_05.dat,And the townsfolk are none the wiser.,38
scena/mp0010_05.dat:0x86e66,scena/mp0010_05.dat,"HUH?! Oh, no...",16
scena/mp0010_05.dat:0x86e95,scena/mp0010_05.dat,"Great, now I'm creeped out. Thanks, Olivier.",45
scena/mp0010_05.dat:0x86ed2,scena/mp0010_05.dat,Let's stay on that train of thought.,37
scena/mp0010_05.dat:0x86f37,scena/mp0010_05.dat,help us determine who this 'demon' is.,39
scena/mp0010_05.dat:0x86f5e,scena/mp0010_05.dat,You two found some details that could,38
scena/mp0010_05.dat:0x86fb7,scena/mp0010_05.dat,bell and the woman in black.,29
scena/mp0010_05.dat:0x86fd4,scena/mp0010_05.dat,Right. The sound of that,25
scena/mp0010_05.dat:0x8704f,scena/mp0010_05.dat,somehow related to this whole outbreak.,40
scena/mp0010_05.dat:0x87077,scena/mp0010_05.dat,I think it's safe to say they're both,38
scena/mp0010_05.dat:0x870ad,scena/mp0010_05.dat,"one who saw that woman was Elissa, right?",42
scena/mp0010_05.dat:0x870d7,scena/mp0010_05.dat,"Putting the bell aside for now, the only",41
scena/mp0010_05.dat:0x87120,scena/mp0010_05.dat,"That probably wasn't just dumb luck, was it?",45
scena/mp0010_05.dat:0x8715c,scena/mp0010_05.dat,"No, I can't imagine it was.",28
scena/mp0010_05.dat:0x8718d,scena/mp0010_05.dat,the location where she was spotted.,36
scena/mp0010_05.dat:0x871b1,scena/mp0010_05.dat,Let's think about what happened in,35
scena/mp0010_05.dat:0x87235,scena/mp0010_05.dat,the chairs out on the tavern's terrace.,40
scena/mp0010_05.dat:0x8725d,scena/mp0010_05.dat,Tabitha was found slouched in one of,37
scena/mp0010_05.dat:0x87291,scena/mp0010_05.dat,emerged from the clock tower.,30
scena/mp0010_05.dat:0x872af,scena/mp0010_05.dat,"Then, the woman in black",25
scena/mp0010_05.dat:0x872d8,scena/mp0010_05.dat,the entrance outside his home.,31
scena/mp0010_05.dat:0x872f7,scena/mp0010_05.dat,"Remember, Mr. Lao collapsed at",31
scena/mp0010_05.dat:0x87325,scena/mp0010_05.dat,emerged from the clock tower.,30
scena/mp0010_05.dat:0x87343,scena/mp0010_05.dat,"Then, the woman in black",25
scena/mp0010_05.dat:0x8736c,scena/mp0010_05.dat,emerged from the clock tower...,32
scena/mp0010_05.dat:0x8738c,scena/mp0010_05.dat,Right. The woman in black,26
scena/mp0010_05.dat:0x873d1,scena/mp0010_05.dat,...Which is where Pat found Luke unconscious.,46
scena/mp0010_05.dat:0x8740e,scena/mp0010_05.dat,That's true. That can't be a coincidence.,42
scena/mp0010_05.dat:0x87448,scena/mp0010_05.dat,we're talking about is...?,27
scena/mp0010_05.dat:0x87463,scena/mp0010_05.dat,Then does that mean the woman,30
scena/mp0010_05.dat:0x87490,scena/mp0010_05.dat,Yes. No doubt about it.,24
scena/mp0010_05.dat:0x874ca,scena/mp0010_05.dat,on our hands running loose.,28
scena/mp0010_05.dat:0x874e6,scena/mp0010_05.dat,It seems we have a new Enforcer,32
scena/mp0010_05.dat:0x8752b,scena/mp0010_05.dat,"Gah, I was afraid of that.",27
scena/mp0010_05.dat:0x87556,scena/mp0010_05.dat,comas are the 'inexplicable phenomenon.',41
scena/mp0010_05.dat:0x8757f,scena/mp0010_05.dat,That would mean this fog and these,35
scena/mp0010_05.dat:0x875bd,scena/mp0010_05.dat,Making the bell we heard their signal this time.,49
scena/mp0010_05.dat:0x87618,scena/mp0010_05.dat,is starting to come into view.,31
scena/mp0010_05.dat:0x87637,scena/mp0010_05.dat,It sounds like our enemy,25
scena/mp0010_05.dat:0x87660,scena/mp0010_05.dat,guild branches and the Royal Army.,35
scena/mp0010_05.dat:0x87683,scena/mp0010_05.dat,I'll get in touch with the other,33
scena/mp0010_05.dat:0x876c1,scena/mp0010_05.dat,What will you all do?,22
scena/mp0010_05.dat:0x876e6,scena/mp0010_05.dat,Good question.,15
scena/mp0010_05.dat:0x87705,scena/mp0010_05.dat,in town might get targeted.,28
scena/mp0010_05.dat:0x87721,scena/mp0010_05.dat,"If we don't act, someone else",30
scena/mp0010_05.dat:0x8774f,scena/mp0010_05.dat,I think we should patrol the town all night.,45
scena/mp0010_05.dat:0x8779c,scena/mp0010_05.dat,Yeah. We can't leave things to chance.,39
scena/mp0010_05.dat:0x877d3,scena/mp0010_05.dat,all still get some rest.,25
scena/mp0010_05.dat:0x877ec,scena/mp0010_05.dat,"If we patrol in shifts, we can",31
scena/mp0010_05.dat:0x87842,scena/mp0010_05.dat,"Nah, no need for all of that.",30
scena/mp0010_05.dat:0x878d4,scena/mp0010_05.dat,What? Why?,11
scena/mp0010_05.dat:0x878ee,scena/mp0010_05.dat,Let us guys keep an eye on things tonight.,43
scena/mp0010_05.dat:0x8793b,scena/mp0010_05.dat,house and get some good sleep.,31
scena/mp0010_05.dat:0x8795a,scena/mp0010_05.dat,You girls head back to the,27
scena/mp0010_05.dat:0x87984,scena/mp0010_05.dat,But... But...,14
scena/mp0010_05.dat:0x879ae,scena/mp0010_05.dat,after everything we did today.,31
scena/mp0010_05.dat:0x879cd,scena/mp0010_05.dat,He's right. You must be tired,30
scena/mp0010_05.dat:0x879fb,scena/mp0010_05.dat,"with you, while you're at it.",30
scena/mp0010_05.dat:0x87a19,scena/mp0010_05.dat,Make sure to bring Tita and Her Highness,41
scena/mp0010_05.dat:0x87a7c,scena/mp0010_05.dat,Alright. Fine then.,20
scena/mp0010_05.dat:0x87ab7,scena/mp0010_05.dat,gettin' it.,12
scena/mp0010_05.dat:0x87ac3,scena/mp0010_05.dat,"Wait, Scherazard. You're not",29
scena/mp0010_05.dat:0x87af7,scena/mp0010_05.dat,I said let us GUYS patrol the town tonight.,44
scena/mp0010_05.dat:0x87b46,scena/mp0010_05.dat,was out doing detective work today.,36
scena/mp0010_05.dat:0x87b6a,scena/mp0010_05.dat,Estelle's not the only one who,31
scena/mp0010_05.dat:0x87baa,scena/mp0010_05.dat,Leave things here to us.,25
scena/mp0010_05.dat:0x87bc3,scena/mp0010_05.dat,You should go rest up as well.,31
scena/mp0010_05.dat:0x87c38,scena/mp0010_05.dat,Now hold on a minute.,22
scena/mp0010_05.dat:0x87c89,scena/mp0010_05.dat,I can handle an overnight shift! ,34
scena/mp0010_05.dat:0x87cab,scena/mp0010_05.dat,"I'm a B-rank bracer, you know!",31
scena/mp0010_05.dat:0x87d06,scena/mp0010_05.dat,for your own sake.,19
scena/mp0010_05.dat:0x87d19,scena/mp0010_05.dat,"Schera, you should take heed",29
scena/mp0010_05.dat:0x87d46,scena/mp0010_05.dat,your exhaustion is clear as day.,33
scena/mp0010_05.dat:0x87d67,scena/mp0010_05.dat,"You may act as if you're fine, but",35
scena/mp0010_05.dat:0x87dd3,scena/mp0010_05.dat,"is also part of a bracer's duties, is it not?",46
scena/mp0010_05.dat:0x87e01,scena/mp0010_05.dat,"Surely, knowing when to rest",29
scena/mp0010_05.dat:0x87e63,scena/mp0010_05.dat,You're not wrong.,18
scena/mp0010_05.dat:0x87eb0,scena/mp0010_05.dat,"Alright, Zin, Agate.",21
scena/mp0010_05.dat:0x87eee,scena/mp0010_05.dat,Good luck patrolling.,22
scena/mp0010_05.dat:0x87f04,scena/mp0010_05.dat,The town's in your hands tonight.,34
scena/mp0010_05.dat:0x87f5c,scena/mp0010_05.dat,Thanks. Leave it to us.,24
scena/mp0010_05.dat:0x87f97,scena/mp0010_05.dat,to work tomorrow morning. ,27
scena/mp0010_05.dat:0x87fb2,scena/mp0010_05.dat,"But in return, you better be up and ready",42
scena/mp0010_05.dat:0x88003,scena/mp0010_05.dat,Report to Aina,15
scena/mp0010_05.dat:0x88012,scena/mp0010_05.dat,Continue investigating,23
scena/mp0010_05.dat:0x8802a,scena/mp0010_05.dat,<C1>What do all four testimonies have in common?,49
scena/mp0010_05.dat:0x8805b,scena/mp0010_05.dat,The time the victims collapsed,31
scena/mp0010_05.dat:0x8807a,scena/mp0010_05.dat,The lack of witnesses,22
scena/mp0010_05.dat:0x88090,scena/mp0010_05.dat,The sound that was heard,25
scena/mp0010_05.dat:0x880aa,scena/mp0010_05.dat,<C1>What happened where the woman in black was seen?,53
scena/mp0010_05.dat:0x880df,scena/mp0010_05.dat,Tabitha collapsed,18
scena/mp0010_05.dat:0x880f1,scena/mp0010_05.dat,Mr. Lao passed out,19
scena/mp0010_05.dat:0x88104,scena/mp0010_05.dat,Luke fell asleep,17
scena/mp0010_05.dat:0x88150,scena/mp0010_05.dat,"Morning, folks!",16
scena/mp0010_05.dat:0x8817d,scena/mp0010_05.dat,Good morning!,14
scena/mp0010_05.dat:0x881a7,scena/mp0010_05.dat,"Oh, good morning, everyone.",28
scena/mp0010_05.dat:0x881d2,scena/mp0010_05.dat,Nice. You made it.,19
scena/mp0010_05.dat:0x881f4,scena/mp0010_05.dat,Did you get some good sleep last night?,40
scena/mp0010_05.dat:0x8822b,scena/mp0010_05.dat,"Yeah, I'd say so. I feel nice and refreshed now.",49
scena/mp0010_05.dat:0x8827c,scena/mp0010_05.dat,"Thanks again for stepping in, you two.",39
scena/mp0010_05.dat:0x882b2,scena/mp0010_05.dat,That must've been a long night you boys had.,45
scena/mp0010_05.dat:0x882fc,scena/mp0010_05.dat,Yeah! You must feel exhausted now!,35
scena/mp0010_05.dat:0x88359,scena/mp0010_05.dat,got some naps in. We'll be fine.,33
scena/mp0010_05.dat:0x8837a,scena/mp0010_05.dat,"We worked in shifts, so we still",33
scena/mp0010_05.dat:0x883ab,scena/mp0010_05.dat,his beauty sleep at the hotel as we speak.,43
scena/mp0010_05.dat:0x883d6,scena/mp0010_05.dat,Except for a certain someone who's getting,43
scena/mp0010_05.dat:0x8842b,scena/mp0010_05.dat,"Oh, you must mean Olivier.",27
scena/mp0010_05.dat:0x88455,scena/mp0010_05.dat,we came through earlier.,25
scena/mp0010_05.dat:0x8846e,scena/mp0010_05.dat,We saw him passed out when,27
scena/mp0010_05.dat:0x88499,scena/mp0010_05.dat,and patrol the town?,21
scena/mp0010_05.dat:0x884ae,scena/mp0010_05.dat,Did he at least do his fair share,34
scena/mp0010_05.dat:0x884df,scena/mp0010_05.dat,"Oh, are you talking about Olivier?",35
scena/mp0010_05.dat:0x88511,scena/mp0010_05.dat,and patrolled the town after all?,34
scena/mp0010_05.dat:0x88533,scena/mp0010_05.dat,No kidding? So he did his fair share,37
scena/mp0010_05.dat:0x88567,scena/mp0010_05.dat,More or less.,14
scena/mp0010_05.dat:0x885a3,scena/mp0010_05.dat,held up his end of the bargain.,32
scena/mp0010_05.dat:0x885c3,scena/mp0010_05.dat,"He was no happy camper, but he",31
scena/mp0010_05.dat:0x88606,scena/mp0010_05.dat,him later for his noble sacrifice.,35
scena/mp0010_05.dat:0x88629,scena/mp0010_05.dat,That's good. We'll have to thank,33
scena/mp0010_05.dat:0x8865e,scena/mp0010_05.dat,"Anyway, how were things with the town last night?",50
scena/mp0010_05.dat:0x88729,scena/mp0010_05.dat,Perhaps we have our patrols to thank.,38
scena/mp0010_05.dat:0x8874f,scena/mp0010_05.dat,"Thankfully, nobody else fell unconscious.",42
scena/mp0010_05.dat:0x8878c,scena/mp0010_05.dat,"yesterday have woken up from their comas, either.",50
scena/mp0010_05.dat:0x887be,scena/mp0010_05.dat,"But, unfortunately, none of the victims from",45
scena/mp0010_05.dat:0x887fb,scena/mp0010_05.dat,"Oh, bummer.",12
scena/mp0010_05.dat:0x8882f,scena/mp0010_05.dat,That's worrying.,17
scena/mp0010_05.dat:0x8885d,scena/mp0010_05.dat,What about the fog?,20
scena/mp0010_05.dat:0x88880,scena/mp0010_05.dat,denser compared to yesterday.,30
scena/mp0010_05.dat:0x8889e,scena/mp0010_05.dat,It seems like it's gotten,26
scena/mp0010_05.dat:0x888e0,scena/mp0010_05.dat,"Yes, that certainly looks to be the case.",42
scena/mp0010_05.dat:0x88921,scena/mp0010_05.dat,spread out even further now.,29
scena/mp0010_05.dat:0x8893e,scena/mp0010_05.dat,"Not only that, but it's",24
scena/mp0010_05.dat:0x88965,scena/mp0010_05.dat,Almost the entire region is covered by it.,43
scena/mp0010_05.dat:0x88990,scena/mp0010_05.dat,Now it stretches all the way into Malga Trail.,47
scena/mp0010_05.dat:0x889ce,scena/mp0010_05.dat,That's not good news...,24
scena/mp0010_05.dat:0x88a01,scena/mp0010_05.dat,"a serious situation, isn't it?",31
scena/mp0010_05.dat:0x88a20,scena/mp0010_05.dat,This is starting to turn into,30
scena/mp0010_05.dat:0x88a4e,scena/mp0010_05.dat,"Well, it's not all bad news.",29
scena/mp0010_05.dat:0x88ade,scena/mp0010_05.dat,have agreed to send a unit out to Rolent.,42
scena/mp0010_05.dat:0x88b08,scena/mp0010_05.dat,The army read through our report and,37
scena/mp0010_05.dat:0x88b3c,scena/mp0010_05.dat,They're coming in to guard the city.,37
scena/mp0010_05.dat:0x88b88,scena/mp0010_05.dat,on their way from Verte Bridge.,32
scena/mp0010_05.dat:0x88ba8,scena/mp0010_05.dat,Mm-hm. They already have two squads,36
scena/mp0010_05.dat:0x88bfc,scena/mp0010_05.dat,That'll definitely be appreciated.,35
scena/mp0010_05.dat:0x88c32,scena/mp0010_05.dat,we'll have room to operate more freely.,40
scena/mp0010_05.dat:0x88c5a,scena/mp0010_05.dat,"If they can take care of things around here,",45
scena/mp0010_05.dat:0x88c9b,scena/mp0010_05.dat,"Yeah, we could sure use the extra help.",40
scena/mp0010_05.dat:0x88cd8,scena/mp0010_05.dat,"kick their ass to the curb, the better.",40
scena/mp0010_05.dat:0x88d00,scena/mp0010_05.dat,The sooner we find this Society goon and,41
scena/mp0010_05.dat:0x88d3d,scena/mp0010_05.dat,somewhere on the outskirts of town.,36
scena/mp0010_05.dat:0x88d61,scena/mp0010_05.dat,My guess is that they're laying low,36
scena/mp0010_05.dat:0x88d9a,scena/mp0010_05.dat,"Where exactly, though, I couldn't even guess.",46
scena/mp0010_05.dat:0x88ddc,scena/mp0010_05.dat,but it's not like we can comb ALL of it.,41
scena/mp0010_05.dat:0x88e05,scena/mp0010_05.dat,"Yeah. The region itself isn't all that big,",44
scena/mp0010_05.dat:0x88e44,scena/mp0010_05.dat,in the meantime? I'm not sure.,31
scena/mp0010_05.dat:0x88e63,scena/mp0010_05.dat,What should we even do,23
scena/mp0010_05.dat:0x88e8e,scena/mp0010_05.dat,I can think of something.,26
scena/mp0010_05.dat:0x88ef9,scena/mp0010_05.dat,some civilians for the time being?,35
scena/mp0010_05.dat:0x88f1c,scena/mp0010_05.dat,Could you lend a hand in evacuating,36
scena/mp0010_05.dat:0x88f4f,scena/mp0010_05.dat,You want to evacuate people? Why?,34
scena/mp0010_05.dat:0x88f80,scena/mp0010_05.dat,comas are correlated with the fog appearing.,45
scena/mp0010_05.dat:0x88fad,scena/mp0010_05.dat,Because there's a high possibility that these,46
scena/mp0010_05.dat:0x88ff6,scena/mp0010_05.dat,only gotten bigger and bigger.,31
scena/mp0010_05.dat:0x89015,scena/mp0010_05.dat,"As I said, now its reach has",29
scena/mp0010_05.dat:0x89042,scena/mp0010_05.dat,to Perzel Farm and Malga Mine.,31
scena/mp0010_05.dat:0x89061,scena/mp0010_05.dat,It's made it all the way out,29
scena/mp0010_05.dat:0x890a3,scena/mp0010_05.dat,I see...,9
scena/mp0010_05.dat:0x890c8,scena/mp0010_05.dat,miners out to safety is what you're saying.,44
scena/mp0010_05.dat:0x890f4,scena/mp0010_05.dat,So we need to get the Perzels and those,40
scena/mp0010_05.dat:0x8913a,scena/mp0010_05.dat,"an official order for it, as well.",35
scena/mp0010_05.dat:0x8915d,scena/mp0010_05.dat,Exactly. The guild has put out,31
scena/mp0010_05.dat:0x89193,scena/mp0010_05.dat,that before you go searching for the culprit?,46
scena/mp0010_05.dat:0x891c1,scena/mp0010_05.dat,Can I task you guys with taking care of,40
scena/mp0010_05.dat:0x89207,scena/mp0010_05.dat,guess this oughta come first.,30
scena/mp0010_05.dat:0x89225,scena/mp0010_05.dat,"I hate having to wait, but I",29
scena/mp0010_05.dat:0x89252,scena/mp0010_05.dat,to be located pretty far apart.,32
scena/mp0010_05.dat:0x89272,scena/mp0010_05.dat,The farm and the mine appear,29
scena/mp0010_05.dat:0x8929e,scena/mp0010_05.dat,two teams to get it done faster.,33
scena/mp0010_05.dat:0x892bf,scena/mp0010_05.dat,It may be best if we split into,32
scena/mp0010_05.dat:0x89329,scena/mp0010_05.dat,Agreed. That'll be more efficient.,35
scena/mp0010_05.dat:0x8936b,scena/mp0010_05.dat,"Then, uh, do you mind if we head to the farm?",46
scena/mp0010_05.dat:0x893a8,scena/mp0010_05.dat,"It's run by my friend's family, so...",38
scena/mp0010_05.dat:0x893dd,scena/mp0010_05.dat,"Oh, really?",12
scena/mp0010_05.dat:0x893fc,scena/mp0010_05.dat,"That's fine. I guess we'll take the mines, then.",49
scena/mp0010_05.dat:0x89443,scena/mp0010_05.dat,"Yeah, might as well.",21
scena/mp0010_05.dat:0x89467,scena/mp0010_05.dat,we'll go straight there.,25
scena/mp0010_05.dat:0x89480,scena/mp0010_05.dat,"Once we wake up ol' blondie,",29
scena/mp0010_05.dat:0x894d0,scena/mp0010_05.dat,Young Man's Voice,18
scena/mp0010_05.dat:0x894e2,scena/mp0010_05.dat,Did somebody say 'blondie?',28
scena/mp0010_05.dat:0x895f1,scena/mp0010_05.dat,Speak of the devil.,20
scena/mp0010_05.dat:0x89638,scena/mp0010_05.dat,yourself with that lute.,25
scena/mp0010_05.dat:0x89651,scena/mp0010_05.dat,Not sure why you had to announce,33
scena/mp0010_05.dat:0x89682,scena/mp0010_05.dat,"Haha! With weather such as this, why shouldn't I?",50
scena/mp0010_05.dat:0x896c4,scena/mp0010_05.dat,it falls on me to do so with a ditty or two.,45
scena/mp0010_05.dat:0x896f1,scena/mp0010_05.dat,"If the skies won't brighten the mood, then",43
scena/mp0010_05.dat:0x8978a,scena/mp0010_05.dat,"my talents, if I do say so myself.",35
scena/mp0010_05.dat:0x897ad,scena/mp0010_05.dat,"Frankly, it's quite a noble use of",35
scena/mp0010_05.dat:0x897e5,scena/mp0010_05.dat,*Sigh* Look who's back on his schtick already.,47
scena/mp0010_05.dat:0x89838,scena/mp0010_05.dat,"like we asked you to, though.",30
scena/mp0010_05.dat:0x89856,scena/mp0010_05.dat,I heard you patrolled the town,31
scena/mp0010_05.dat:0x89884,scena/mp0010_05.dat,actually put in the work.,26
scena/mp0010_05.dat:0x8989e,scena/mp0010_05.dat,I underestimated your ability to,33
scena/mp0010_05.dat:0x898ce,scena/mp0010_05.dat,Same here. Color me proud.,27
scena/mp0010_05.dat:0x898f9,scena/mp0010_05.dat,upstanding gentleman should.,29
scena/mp0010_05.dat:0x89916,scena/mp0010_05.dat,"Oh, I simply did what any proper,",34
scena/mp0010_05.dat:0x8994c,scena/mp0010_05.dat,my dear Estelle.,17
scena/mp0010_05.dat:0x8995d,scena/mp0010_05.dat,"your house whilst I was making my rounds,",42
scena/mp0010_05.dat:0x89987,scena/mp0010_05.dat,"Mind you, I was perhaps planning a visit to",44
scena/mp0010_05.dat:0x899c2,scena/mp0010_05.dat,I tearfully gave up searching for it in this fog.,50
scena/mp0010_05.dat:0x899f4,scena/mp0010_05.dat,"Alas, the visibility was so poor,",34
scena/mp0010_05.dat:0x89a37,scena/mp0010_05.dat,"Oh, nice. I take back everything I said.",41
scena/mp0010_05.dat:0x89a76,scena/mp0010_05.dat,I'll quickly summarize what we've discussed.,45
scena/mp0010_05.dat:0x89aa3,scena/mp0010_05.dat,"Anyway, now that you're here,",30
scena/mp0010_05.dat:0x89b4c,scena/mp0010_05.dat,guild would request such a thing.,34
scena/mp0010_05.dat:0x89b6e,scena/mp0010_05.dat,"Yes, I'm not surprised that the",32
scena/mp0010_05.dat:0x89bab,scena/mp0010_05.dat,Very well! I shall gladly lend my assistance.,46
scena/mp0010_05.dat:0x89bf2,scena/mp0010_05.dat,"Now then, lead the way to this family farm!",44
scena/mp0010_05.dat:0x89c6e,scena/mp0010_05.dat,"No way, bub. You're coming with us.",36
scena/mp0010_05.dat:0x89ca2,scena/mp0010_05.dat,"You made that mistake on purpose, didn't you?",46
scena/mp0010_05.dat:0x89cef,scena/mp0010_05.dat,"yourself away from me, can you?",32
scena/mp0010_05.dat:0x89d0f,scena/mp0010_05.dat,"Goodness me, you can't keep",28
scena/mp0010_05.dat:0x89dba,scena/mp0010_05.dat,"THE HELL I AM, dirtbag!",24
scena/mp0010_05.dat:0x89e41,scena/mp0010_05.dat,"NO! Don't listen to him, Tita! Seriously!",42
scena/mp0010_05.dat:0x89e80,scena/mp0010_05.dat,He did say he came to lighten the mood...,42
scena/mp0010_05.dat:0x89eba,scena/mp0010_05.dat,"Hehe, well, we can't be too serious all the time.",50
scena/mp0010_05.dat:0x89f69,scena/mp0010_05.dat,We shouldn't waste time.,25
scena/mp0010_05.dat:0x89f82,scena/mp0010_05.dat,"Still, let's make these evacuations quick.",43
scena/mp0010_05.dat:0x89fcb,scena/mp0010_05.dat,"Yeah, I agree.",15
scena/mp0010_05.dat:0x89fea,scena/mp0010_05.dat,"Alright, in that case, we're going to those mines.",51
scena/mp0010_05.dat:0x8a048,scena/mp0010_05.dat,"Take care, my lovely little kittens!",37
scena/mp0010_05.dat:0x8a06d,scena/mp0010_05.dat,I suppose I must bid you all farewell.,39
scena/mp0010_05.dat:0x8a0aa,scena/mp0010_05.dat,Estelle! What about their present?,35
scena/mp0010_05.dat:0x8a0fb,scena/mp0010_05.dat,"Oh, I forgot all about that.",29
scena/mp0010_05.dat:0x8a14c,scena/mp0010_05.dat,What present?,14
scena/mp0010_05.dat:0x8a175,scena/mp0010_05.dat,<C1>Estelle handed the wrapped chocolate to Tita.,50
scena/mp0010_05.dat:0x8a1b6,scena/mp0010_05.dat,You give it to them. It was your idea.,39
scena/mp0010_05.dat:0x8a23c,scena/mp0010_05.dat,"Mr. Agate, Mr. Zin, Mr. Olivier...",35
scena/mp0010_05.dat:0x8a26e,scena/mp0010_05.dat,Thank you for going out on patrol last night.,46
scena/mp0010_05.dat:0x8a2b1,scena/mp0010_05.dat,We... We brought you a little gift.,36
scena/mp0010_05.dat:0x8a309,scena/mp0010_05.dat,<C1>Tita handed the bitter chocolate to the three men.,55
scena/mp0010_05.dat:0x8a378,scena/mp0010_05.dat,Oh my...,9
scena/mp0010_05.dat:0x8a3ab,scena/mp0010_05.dat,We just wanted to show our appreciation.,41
scena/mp0010_05.dat:0x8a3e4,scena/mp0010_05.dat,purchase these chocolates.,27
scena/mp0010_05.dat:0x8a3ff,scena/mp0010_05.dat,Yes. We all chipped in to,26
scena/mp0010_05.dat:0x8a436,scena/mp0010_05.dat,Enjoy them. They're all yours!,31
scena/mp0010_05.dat:0x8a476,scena/mp0010_05.dat,"sweets after a long, tiring night working.",43
scena/mp0010_05.dat:0x8a4a1,scena/mp0010_05.dat,"Thanks, ladies. Nothing beats a nice box of",44
scena/mp0010_05.dat:0x8a4e9,scena/mp0010_05.dat,and affection with each delicious bite.,40
scena/mp0010_05.dat:0x8a511,scena/mp0010_05.dat,Indeed! I shall cherish this token of love,43
scena/mp0010_05.dat:0x8a5d8,scena/mp0010_05.dat,"Uh, Mr. Agate...?",18
scena/mp0010_05.dat:0x8a60a,scena/mp0010_05.dat,Do you not enjoy sweets very much?,35
scena/mp0010_05.dat:0x8a63c,scena/mp0010_05.dat,"No, it ain't that.",19
scena/mp0010_05.dat:0x8a67d,scena/mp0010_05.dat,"embarrassing crap like this, ya know?",38
scena/mp0010_05.dat:0x8a6a3,scena/mp0010_05.dat,You guys have a real knack for doing,37
scena/mp0010_05.dat:0x8a6f6,scena/mp0010_05.dat,"Haha, somebody's blushiiing!",29
scena/mp0010_05.dat:0x8a723,scena/mp0010_05.dat,"Not such a tough guy now, are you?",35
scena/mp0010_05.dat:0x8a755,scena/mp0010_05.dat,Shut it.,9
scena/mp0010_05.dat:0x8a78c,scena/mp0010_05.dat,whenever I get hungry. Sound good?,35
scena/mp0010_05.dat:0x8a7af,scena/mp0010_05.dat,"Anyway, I'll snack on these",28
scena/mp0010_05.dat:0x8a89b,scena/mp0010_05.dat,mosey on over to Perzel Farm.,30
scena/mp0010_05.dat:0x8a8b9,scena/mp0010_05.dat,"On that note, guess we'd better",32
scena/mp0010_05.dat:0x8a8f6,scena/mp0010_05.dat,"Yes, we really should.",23
scena/mp0010_05.dat:0x8a928,scena/mp0010_05.dat,"You know the family that lives there, don't you?",49
scena/mp0010_05.dat:0x8a968,scena/mp0010_05.dat,and I went to Sunday School together.,38
scena/mp0010_05.dat:0x8a98e,scena/mp0010_05.dat,"Yep. They're the family of my friend, Tio. She",47
scena/mp0010_05.dat:0x8a9d0,scena/mp0010_05.dat,twin siblings and their parents.,33
scena/mp0010_05.dat:0x8a9f1,scena/mp0010_05.dat,She lives at the farm with her,31
scena/mp0010_05.dat:0x8aa23,scena/mp0010_05.dat,more reason this demands our attention.,40
scena/mp0010_05.dat:0x8aa4b,scena/mp0010_05.dat,"Those siblings are little, too. All the",40
scena/mp0010_05.dat:0x8aa83,scena/mp0010_05.dat,Aina. We'll catch you later.,29
scena/mp0010_05.dat:0x8aaa0,scena/mp0010_05.dat,"We're going to take off now,",29
scena/mp0010_05.dat:0x8aad1,scena/mp0010_05.dat,Alright. Good luck out there.,30
scena/mp0010_05.dat:0x8ab92,scena/mp0010_05.dat,There you girls are. About damn time.,38
scena/mp0010_05.dat:0x8abc7,scena/mp0010_05.dat,Did something happen? You're awfully late.,43
scena/mp0010_05.dat:0x8ac01,scena/mp0010_05.dat,"You could say something did, yeah.",35
scena/mp0010_05.dat:0x8ac33,scena/mp0010_05.dat,What about you guys? Did you reach the mines?,46
scena/mp0010_05.dat:0x8ac7d,scena/mp0010_05.dat,"about the situation, which made things easy.",45
scena/mp0010_05.dat:0x8acaa,scena/mp0010_05.dat,Yeah. Seems miners had actually already heard,46
scena/mp0010_05.dat:0x8acf7,scena/mp0010_05.dat,so we got back here before long.,33
scena/mp0010_05.dat:0x8ad18,scena/mp0010_05.dat,"They were able to leave in no time flat,",41
scena/mp0010_05.dat:0x8ad50,scena/mp0010_05.dat,strange monsters on the return trip.,37
scena/mp0010_05.dat:0x8ad75,scena/mp0010_05.dat,"Although, we did run into some",31
scena/mp0010_05.dat:0x8adbe,scena/mp0010_05.dat,We were just discussing it before you came in.,47
scena/mp0010_05.dat:0x8adfc,scena/mp0010_05.dat,Strange monsters? Like what?,29
scena/mp0010_05.dat:0x8ae46,scena/mp0010_05.dat,only to vanish once slain.,27
scena/mp0010_05.dat:0x8ae61,scena/mp0010_05.dat,"Creatures that emerged from the fog,",37
scena/mp0010_05.dat:0x8ae96,scena/mp0010_05.dat,"One might call them 'fog beasts,' perhaps.",43
scena/mp0010_05.dat:0x8aef4,scena/mp0010_05.dat,The same ones that we encountered.,35
scena/mp0010_05.dat:0x8af50,scena/mp0010_05.dat,"So it wasn't just us that they bothered, huh?",46
scena/mp0010_05.dat:0x8af8d,scena/mp0010_05.dat,"They didn't hurt you, did they?",32
scena/mp0010_05.dat:0x8afbc,scena/mp0010_05.dat,"Um, we're all fine, but...",27
scena/mp0010_05.dat:0x8b077,scena/mp0010_05.dat,I sense there's more to this.,30
scena/mp0010_05.dat:0x8b0a5,scena/mp0010_05.dat,Why don't you give us your official report?,44
scena/mp0010_05.dat:0x8b0e0,scena/mp0010_05.dat,Alright. Well...,17
scena/mp0010_05.dat:0x8b12b,scena/mp0010_05.dat,that took place at Perzel Farm.,32
scena/mp0010_05.dat:0x8b14b,scena/mp0010_05.dat,<C1>They recounted everything,30
scena/mp0010_05.dat:0x8b169,scena/mp0010_05.dat,So you just barely missed the culprit?,39
scena/mp0010_05.dat:0x8b190,scena/mp0010_05.dat,That's a shame...,18
scena/mp0010_05.dat:0x8b1d4,scena/mp0010_05.dat,...It was all my fault.,24
scena/mp0010_05.dat:0x8b1fb,scena/mp0010_05.dat,we could've caught her red-handed.,35
scena/mp0010_05.dat:0x8b21e,scena/mp0010_05.dat,"If I had handled things a little better,",41
scena/mp0010_05.dat:0x8b257,scena/mp0010_05.dat,"Don't say that, Schera. You did nothing wrong.",47
scena/mp0010_05.dat:0x8b29b,scena/mp0010_05.dat,act when I needed to the most.,31
scena/mp0010_05.dat:0x8b2ba,scena/mp0010_05.dat,"If anything, I'm the one who failed to",39
scena/mp0010_05.dat:0x8b2f5,scena/mp0010_05.dat,<P2>It's nobody's fault here.,30
scena/mp0010_05.dat:0x8b34a,scena/mp0010_05.dat,all were caught in a trap.,27
scena/mp0010_05.dat:0x8b365,scena/mp0010_05.dat,"<P2>If anything, it seems you",30
scena/mp0010_05.dat:0x8b392,scena/mp0010_05.dat,Trap? What trap?!,18
scena/mp0010_05.dat:0x8b3c0,scena/mp0010_05.dat,as you stepped onto the farm...,32
scena/mp0010_05.dat:0x8b3e0,scena/mp0010_05.dat,The bell that you heard as soon,32
scena/mp0010_05.dat:0x8b410,scena/mp0010_05.dat,and then the front entrance being locked...,44
scena/mp0010_05.dat:0x8b43c,scena/mp0010_05.dat,"The fog monsters that ambushed you all,",40
scena/mp0010_05.dat:0x8b47c,scena/mp0010_05.dat,in time.,9
scena/mp0010_05.dat:0x8b485,scena/mp0010_05.dat,guys would just barely fail to reach the family,48
scena/mp0010_05.dat:0x8b4b5,scena/mp0010_05.dat,All of that sounds carefully planned to ensure you,51
scena/mp0010_05.dat:0x8b503,scena/mp0010_05.dat,C-Couldn't it just be bad luck?,32
scena/mp0010_05.dat:0x8b537,scena/mp0010_05.dat,this woman in black seems quite adroit.,40
scena/mp0010_05.dat:0x8b55f,scena/mp0010_05.dat,"Hardly. In light of all of the comas,",38
scena/mp0010_05.dat:0x8b599,scena/mp0010_05.dat,you attempted to reach them.,29
scena/mp0010_05.dat:0x8b5b6,scena/mp0010_05.dat,Now she's struck down a family while,37
scena/mp0010_05.dat:0x8b5fc,scena/mp0010_05.dat,attempting to provoke us.,26
scena/mp0010_05.dat:0x8b616,scena/mp0010_05.dat,"Dare I say, she could be",25
scena/mp0010_05.dat:0x8b65e,scena/mp0010_05.dat,we're dealing with could possibly be.,38
scena/mp0010_05.dat:0x8b684,scena/mp0010_05.dat,<P1>I have no idea who this woman,34
scena/mp0010_05.dat:0x8b6b6,scena/mp0010_05.dat,anything in particular to provoke us...,40
scena/mp0010_05.dat:0x8b6de,scena/mp0010_05.dat,<P1>And I don't remember her doing,35
scena/mp0010_05.dat:0x8b769,scena/mp0010_05.dat,Young Man's Voice,18
scena/mp0010_05.dat:0x8b77b,scena/mp0010_05.dat,"Phew, I'm finally back.",24
scena/mp0010_05.dat:0x8b8b2,scena/mp0010_05.dat,Huh? Ridge?,12
scena/mp0010_05.dat:0x8b8d5,scena/mp0010_05.dat,"escort duty to the capital, right?",35
scena/mp0010_05.dat:0x8b8f8,scena/mp0010_05.dat,"Oh, that's right, you were on",30
scena/mp0010_05.dat:0x8b925,scena/mp0010_05.dat,morning and just got back into town.,37
scena/mp0010_05.dat:0x8b94a,scena/mp0010_05.dat,Yeah. I left the city first thing this,39
scena/mp0010_05.dat:0x8b984,scena/mp0010_05.dat,Did something happen?,22
scena/mp0010_05.dat:0x8b99a,scena/mp0010_05.dat,"What's going on here, though?",30
scena/mp0010_05.dat:0x8b9c7,scena/mp0010_05.dat,and now we have soldiers on patrol.,36
scena/mp0010_05.dat:0x8b9eb,scena/mp0010_05.dat,I noticed the fog's spread further out,39
scena/mp0010_05.dat:0x8ba21,scena/mp0010_05.dat,"yesterday evening, if you can believe it.",42
scena/mp0010_05.dat:0x8ba4b,scena/mp0010_05.dat,It's been one thing after another since,40
scena/mp0010_05.dat:0x8ba86,scena/mp0010_05.dat,that's taken place while Ridge was absent.,43
scena/mp0010_05.dat:0x8bab1,scena/mp0010_05.dat,<C1>Aina succinctly recounted everything,41
scena/mp0010_05.dat:0x8bada,scena/mp0010_05.dat,"Damn, I never imagined it'd be anything like that.",51
scena/mp0010_05.dat:0x8bb2b,scena/mp0010_05.dat,What an awful time for me to take off like that.,49
scena/mp0010_05.dat:0x8bb6c,scena/mp0010_05.dat,"Don't beat yourself up, Ridge.",31
scena/mp0010_05.dat:0x8bbad,scena/mp0010_05.dat,ever now that the airliners have stopped.,42
scena/mp0010_05.dat:0x8bbd7,scena/mp0010_05.dat,Escort requests are more important than,40
scena/mp0010_05.dat:0x8bc13,scena/mp0010_05.dat,"have the room to take them, either.",36
scena/mp0010_05.dat:0x8bc37,scena/mp0010_05.dat,"Exactly, and the rest of us here don't",39
scena/mp0010_05.dat:0x8bc6e,scena/mp0010_05.dat,You're doing us a big solid right now.,39
scena/mp0010_05.dat:0x8bca4,scena/mp0010_05.dat,Th-That's kind of you both to say.,35
scena/mp0010_05.dat:0x8bcda,scena/mp0010_05.dat,"Oh, about that bell you guys have mentioned.",45
scena/mp0010_05.dat:0x8bd16,scena/mp0010_05.dat,"from across the fog, didn't you?",33
scena/mp0010_05.dat:0x8bd37,scena/mp0010_05.dat,You said you've heard it coming,32
scena/mp0010_05.dat:0x8bd66,scena/mp0010_05.dat,"Mm-hm, that's right.",21
scena/mp0010_05.dat:0x8bd8e,scena/mp0010_05.dat,"though, we have no clue.",25
scena/mp0010_05.dat:0x8bda7,scena/mp0010_05.dat,"Why it keeps ringing when it does,",35
scena/mp0010_05.dat:0x8bdde,scena/mp0010_05.dat,"Oh, okay...",12
scena/mp0010_05.dat:0x8bdf9,scena/mp0010_05.dat,Do you have any thoughts about it?,35
scena/mp0010_05.dat:0x8be2f,scena/mp0010_05.dat,"Elize Highway, I heard it.",27
scena/mp0010_05.dat:0x8be4a,scena/mp0010_05.dat,"Well, as I was walking along",29
scena/mp0010_05.dat:0x8be77,scena/mp0010_05.dat,"It was faint, but definitely a bell.",37
scena/mp0010_05.dat:0x8bf1f,scena/mp0010_05.dat,"What the heck? You, too?!",26
scena/mp0010_05.dat:0x8bf54,scena/mp0010_05.dat,Where was it? Do you remember what vicinity?,45
scena/mp0010_05.dat:0x8bfc5,scena/mp0010_05.dat,I walked through Gurune Gate.,30
scena/mp0010_05.dat:0x8bfe3,scena/mp0010_05.dat,I think it was right after,27
scena/mp0010_05.dat:0x8c00e,scena/mp0010_05.dat,It was in the direction of Mistwald.,37
scena/mp0010_05.dat:0x8c076,scena/mp0010_05.dat,"south of Rolent proper, isn't it?",34
scena/mp0010_05.dat:0x8c098,scena/mp0010_05.dat,That's the forest located,26
scena/mp0010_05.dat:0x8c0c1,scena/mp0010_05.dat,for them.,10
scena/mp0010_05.dat:0x8c0cb,scena/mp0010_05.dat,tried heading in that direction and calling out,48
scena/mp0010_05.dat:0x8c0fb,scena/mp0010_05.dat,"I thought there had to be somebody around, so I",48
scena/mp0010_05.dat:0x8c13f,scena/mp0010_05.dat,I thought maybe I was just hearing things.,43
scena/mp0010_05.dat:0x8c16a,scena/mp0010_05.dat,But I didn't get any response.,31
scena/mp0010_05.dat:0x8c1bf,scena/mp0010_05.dat,that we would catch wind of it.,32
scena/mp0010_05.dat:0x8c1df,scena/mp0010_05.dat,Perhaps she rang the bell with the expectation,47
scena/mp0010_05.dat:0x8c21d,scena/mp0010_05.dat,As if...to provoke us.,23
scena/mp0010_05.dat:0x8c250,scena/mp0010_05.dat,"Gah, she's mocking us!",23
scena/mp0010_05.dat:0x8c2b5,scena/mp0010_05.dat,"What do we do, Schera?",23
scena/mp0010_05.dat:0x8c31a,scena/mp0010_05.dat,Good question.,15
scena/mp0010_05.dat:0x8c339,scena/mp0010_05.dat,we'll have to walk straight into it.,37
scena/mp0010_05.dat:0x8c35e,scena/mp0010_05.dat,"This could be another trap, but I think",40
scena/mp0010_05.dat:0x8c3a4,scena/mp0010_05.dat,Let's take her up on her invitation.,37
scena/mp0010_05.dat:0x8c3ed,scena/mp0010_05.dat,free to choose any two support members.,40
scena/mp0010_05.dat:0x8c415,scena/mp0010_05.dat,"While core members must remain, you are",40
scena/mp0010_05.dat:0x8c43d,scena/mp0010_05.dat,<C1>You may now edit your party.,33
scena/mp0010_05.dat:0x8c537,scena/mp0010_05.dat,I see... So that's what happened.,34
scena/mp0010_05.dat:0x8c58d,scena/mp0010_05.dat,"I'm sorry, Aina.",17
scena/mp0010_05.dat:0x8c5ae,scena/mp0010_05.dat,I had a hunch it was her.,26
scena/mp0010_05.dat:0x8c5c8,scena/mp0010_05.dat,I should've told you sooner,28
scena/mp0010_05.dat:0x8c5fc,scena/mp0010_05.dat,"Oh, no need to apologize.",26
scena/mp0010_05.dat:0x8c625,scena/mp0010_05.dat,anything different with that knowledge.,40
scena/mp0010_05.dat:0x8c64d,scena/mp0010_05.dat,It's not like we could've done,31
scena/mp0010_05.dat:0x8c696,scena/mp0010_05.dat,and we'll call it even.,24
scena/mp0010_05.dat:0x8c6ae,scena/mp0010_05.dat,"Just treat me to some drinks,",30
scena/mp0010_05.dat:0x8c6dc,scena/mp0010_05.dat,Huh... That's all? Works for me.,33
scena/mp0010_05.dat:0x8c740,scena/mp0010_05.dat,gone by the morning...,23
scena/mp0010_05.dat:0x8c757,scena/mp0010_05.dat,"way you both drink, all your mira will be",42
scena/mp0010_05.dat:0x8c781,scena/mp0010_05.dat,"What do you mean, 'that's all?' With the",41
scena/mp0010_05.dat:0x8c7e4,scena/mp0010_05.dat,*Shiver* *Shiver*,18
scena/mp0010_05.dat:0x8c890,scena/mp0010_05.dat,And everyone who was put to sleep is awake now.,48
scena/mp0010_05.dat:0x8c8c0,scena/mp0010_05.dat,"At any rate, the fog has completely lifted.",44
scena/mp0010_05.dat:0x8c90c,scena/mp0010_05.dat,Thank you all for your enormous help.,38
scena/mp0010_05.dat:0x8c94c,scena/mp0010_05.dat,"requests, so I'll pay you guys in one lump sum.",48
scena/mp0010_05.dat:0x8c97c,scena/mp0010_05.dat,That ended up turning into multiple,36
scena/mp0010_05.dat:0x8c9e0,scena/mp0010_05.dat,"It's not exactly case closed, though.",38
scena/mp0010_05.dat:0x8caaa,scena/mp0010_05.dat,"mess with people's minds, too.",31
scena/mp0010_05.dat:0x8cac9,scena/mp0010_05.dat,Now we've seen the Gospel can straight up,42
scena/mp0010_05.dat:0x8cb03,scena/mp0010_05.dat,"with modern orbal technology, right?",37
scena/mp0010_05.dat:0x8cb28,scena/mp0010_05.dat,There's no way we can do that,30
scena/mp0010_05.dat:0x8cb79,scena/mp0010_05.dat,Y-Yeah... That might be our biggest mystery yet.,49
scena/mp0010_05.dat:0x8cbd8,scena/mp0010_05.dat,a report to Grandpa after this.,32
scena/mp0010_05.dat:0x8cbf8,scena/mp0010_05.dat,I'm going to have to send,26
scena/mp0010_05.dat:0x8cc2d,scena/mp0010_05.dat,"the old man has to say about all this, huh?",44
scena/mp0010_05.dat:0x8cc59,scena/mp0010_05.dat,Guess we've got to wait and see what,37
scena/mp0010_05.dat:0x8cc8e,scena/mp0010_05.dat,an idea what the Society's capable of.,39
scena/mp0010_05.dat:0x8ccb5,scena/mp0010_05.dat,"But hey, least we're starting to get",37
scena/mp0010_05.dat:0x8cd1f,scena/mp0010_05.dat,the identities of five of their Enforcers.,43
scena/mp0010_05.dat:0x8cd4a,scena/mp0010_05.dat,Based on what we know... We can confirm,40
scena/mp0010_05.dat:0x8ce0b,scena/mp0010_05.dat,"Enforcer No. X: Bleublanc, the Phantom Thief.",46
scena/mp0010_05.dat:0x8ce48,scena/mp0010_05.dat,"Enforcer No. VIII: Walter, the Direwolf.",41
scena/mp0010_05.dat:0x8ce80,scena/mp0010_05.dat,"Enforcer No. XV: Renne, the Angel of Slaughter.",48
scena/mp0010_05.dat:0x8cebf,scena/mp0010_05.dat,"Enforcer No. VI: Luciola, the Bewitching Bell.",47
scena/mp0010_05.dat:0x8cefd,scena/mp0010_05.dat,"And Enforcer No. 0: Campanella, the Fool.",42
scena/mp0010_05.dat:0x8cf36,scena/mp0010_05.dat,and Loewe.,11
scena/mp0010_05.dat:0x8cf41,scena/mp0010_05.dat,"unidentified individuals, known as the Professor",49
scena/mp0010_05.dat:0x8cf72,scena/mp0010_05.dat,"In addition to those five, it seems there are two",50
scena/mp0010_05.dat:0x8cfb3,scena/mp0010_05.dat,Either one of them might be Lt. Lorence.,41
scena/mp0010_05.dat:0x8cfeb,scena/mp0010_05.dat,Yeah... It seems like it.,26
scena/mp0010_05.dat:0x8d014,scena/mp0010_05.dat,"should already know, too.",26
scena/mp0010_05.dat:0x8d02e,scena/mp0010_05.dat,Luciola said that they're people we,36
scena/mp0010_05.dat:0x8d061,scena/mp0010_05.dat,simply a pseudonym.,20
scena/mp0010_05.dat:0x8d075,scena/mp0010_05.dat,It could be the case that 'Lorence' is,39
scena/mp0010_05.dat:0x8d0b7,scena/mp0010_05.dat,have made a huge mess.,23
scena/mp0010_05.dat:0x8d0ce,scena/mp0010_05.dat,"For such a small group, those seven",36
scena/mp0010_05.dat:0x8d101,scena/mp0010_05.dat,Talk about some serious pains in the ass.,42
scena/mp0010_05.dat:0x8d13b,scena/mp0010_05.dat,You're telling me.,19
scena/mp0010_05.dat:0x8d16b,scena/mp0010_05.dat,something bigger than we thought.,34
scena/mp0010_05.dat:0x8d18d,scena/mp0010_05.dat,"Clearly, we have to be prepared to deal with",45
scena/mp0010_05.dat:0x8d1f5,scena/mp0010_05.dat,"Will you be okay, Schera...?",29
scena/mp0010_05.dat:0x8d23e,scena/mp0010_05.dat,I said Liberl is my home now.,30
scena/mp0010_05.dat:0x8d25c,scena/mp0010_05.dat,I will. I wasn't lying when,28
scena/mp0010_05.dat:0x8d2b2,scena/mp0010_05.dat,reason to protect it.,22
scena/mp0010_05.dat:0x8d2c8,scena/mp0010_05.dat,And I don't need any special,29
scena/mp0010_05.dat:0x8d300,scena/mp0010_05.dat,of the home I had before.,26
scena/mp0010_05.dat:0x8d31a,scena/mp0010_05.dat,Even if I have to fight the memory,35
scena/mp0010_05.dat:0x8d3bc,scena/mp0010_05.dat,"Hold on, Scherazard.",21
scena/mp0010_05.dat:0x8d412,scena/mp0010_05.dat,to any conclusions too soon.,29
scena/mp0010_05.dat:0x8d42f,scena/mp0010_05.dat,I don't think you should rush,30
scena/mp0010_05.dat:0x8d490,scena/mp0010_05.dat,to fight Walter.,17
scena/mp0010_05.dat:0x8d4a1,scena/mp0010_05.dat,"Listen, I've made my peace about having",40
scena/mp0010_05.dat:0x8d4e5,scena/mp0010_05.dat,and it's with our fists.,25
scena/mp0010_05.dat:0x8d4fe,scena/mp0010_05.dat,"There's only one way he and I communicate,",43
scena/mp0010_05.dat:0x8d539,scena/mp0010_05.dat,and your old friend.,21
scena/mp0010_05.dat:0x8d54e,scena/mp0010_05.dat,But that doesn't have to be true with you,42
scena/mp0010_05.dat:0x8d5d6,scena/mp0010_05.dat,"Zin's right, Schera.",21
scena/mp0010_05.dat:0x8d61f,scena/mp0010_05.dat,to figure out what you want to do.,35
scena/mp0010_05.dat:0x8d642,scena/mp0010_05.dat,I think you should take your time,34
scena/mp0010_05.dat:0x8d699,scena/mp0010_05.dat,the answer I was looking for.,30
scena/mp0010_05.dat:0x8d6b7,scena/mp0010_05.dat,"After all, I finally found",27
scena/mp0010_05.dat:0x8d70b,scena/mp0010_05.dat,"Listen, guys.",14
scena/mp0010_05.dat:0x8d769,scena/mp0010_05.dat,something I want you to see.,29
scena/mp0010_05.dat:0x8d786,scena/mp0010_05.dat,"I know this isn't the best time, but there's",45
scena/mp0010_05.dat:0x8d7fc,scena/mp0010_05.dat,"What is it, Estelle?",21
scena/mp0010_05.dat:0x8d820,scena/mp0010_05.dat,You don't mean...,18
scena/mp0010_05.dat:0x8d859,scena/mp0010_05.dat,Nial and Dorothy.,18
scena/mp0010_05.dat:0x8d86b,scena/mp0010_05.dat,Take a look at this photo I got from,37
scena/mp0010_05.dat:0x8d8d2,scena/mp0010_05.dat,their airship.,15
scena/mp0010_05.dat:0x8d8e1,scena/mp0010_05.dat,This looks like...the Capuas taking back,41
scena/mp0010_05.dat:0x8d919,scena/mp0010_05.dat,Intriguing. So we have photographic evidence.,46
scena/mp0010_05.dat:0x8d956,scena/mp0010_05.dat,the Royal Tournament.,22
scena/mp0010_05.dat:0x8d96c,scena/mp0010_05.dat,I remember seeing that girl on the left in,43
scena/mp0010_05.dat:0x8d9a6,scena/mp0010_05.dat,And as for who's on the right...,33
scena/mp0010_05.dat:0x8d9fd,scena/mp0010_05.dat,Is... Is that Joshua?!,23
scena/mp0010_05.dat:0x8da86,scena/mp0010_05.dat,"Uh, sorry for keeping this from you guys.",42
scena/mp0010_05.dat:0x8dae7,scena/mp0010_05.dat,to talk about it.,18
scena/mp0010_05.dat:0x8daf9,scena/mp0010_05.dat,"I was just so shocked, I didn't really want",44
scena/mp0010_05.dat:0x8db6a,scena/mp0010_05.dat,Joshua's trying to do.,23
scena/mp0010_05.dat:0x8db81,scena/mp0010_05.dat,I don't know what exactly,26
scena/mp0010_05.dat:0x8dbab,scena/mp0010_05.dat,after Ouroboros in his own way.,32
scena/mp0010_05.dat:0x8dbcb,scena/mp0010_05.dat,But I think he's trying to go,30
scena/mp0010_05.dat:0x8dc0d,scena/mp0010_05.dat,bad with those sky pirates.,28
scena/mp0010_05.dat:0x8dc29,scena/mp0010_05.dat,And I don't think he's up to anything,38
scena/mp0010_05.dat:0x8dc81,scena/mp0010_05.dat,"Yes, I can tell as much.",25
scena/mp0010_05.dat:0x8dcb1,scena/mp0010_05.dat,It's not definitive proof.,27
scena/mp0010_05.dat:0x8dccc,scena/mp0010_05.dat,His face is partially obscured anyway.,39
scena/mp0010_05.dat:0x8dd03,scena/mp0010_05.dat,to ourselves within the guild.,31
scena/mp0010_05.dat:0x8dd22,scena/mp0010_05.dat,We'll keep this knowledge,26
scena/mp0010_05.dat:0x8dd4b,scena/mp0010_05.dat,"Thanks, Aina.",14
scena/mp0010_05.dat:0x8dd68,scena/mp0010_05.dat,after him right now?,21
scena/mp0010_05.dat:0x8dd7d,scena/mp0010_05.dat,Are you sure you shouldn't go,30
scena/mp0010_05.dat:0x8ddaa,scena/mp0010_05.dat,This could be your chance.,27
scena/mp0010_05.dat:0x8ddc5,scena/mp0010_05.dat,You've finally got a lead.,27
scena/mp0010_05.dat:0x8de09,scena/mp0010_05.dat,Yeah... I've decided.,22
scena/mp0010_05.dat:0x8de2f,scena/mp0010_05.dat,It's part of who I am.,23
scena/mp0010_05.dat:0x8de46,scena/mp0010_05.dat,Our bond isn't going anywhere.,31
scena/mp0010_05.dat:0x8de74,scena/mp0010_05.dat,not to rush the whole process.,31
scena/mp0010_05.dat:0x8de93,scena/mp0010_05.dat,"Once I realized that, I decided",32
scena/mp0010_05.dat:0x8df4e,scena/mp0010_05.dat,but our destination's the same. I know it.,43
scena/mp0010_05.dat:0x8df79,scena/mp0010_05.dat,"We might be walking different paths for now,",45
scena/mp0010_05.dat:0x8dfd0,scena/mp0010_05.dat,"So for now, I'm gonna keep going my way.",41
scena/mp0010_05.dat:0x8e034,scena/mp0010_05.dat,on my own terms.,17
scena/mp0010_05.dat:0x8e045,scena/mp0010_05.dat,"Otherwise, I'll never get stronger",35
scena/mp0010_05.dat:0x8e09e,scena/mp0010_05.dat,That makes sense.,18
scena/mp0010_05.dat:0x8e0de,scena/mp0010_05.dat,"Haha... I'm trying to keep my head up, but...",46
scena/mp0010_05.dat:0x8e11c,scena/mp0010_05.dat,that pesky pirate girl DOES annoy me.,38
scena/mp0010_05.dat:0x8e142,scena/mp0010_05.dat,I'm not gonna lie. His whole thing with,40
scena/mp0010_05.dat:0x8e190,scena/mp0010_05.dat,"Guess I've still got some growing to do, huh?",46
scena/mp0010_05.dat:0x8e1dd,scena/mp0010_05.dat,Hehe... That's more like it.,29
scena/mp0010_05.dat:0x8e217,scena/mp0010_05.dat,Huh... Look at you. You're figuring things out!,48
scena/mp0010_05.dat:0x8e263,scena/mp0010_05.dat,really put things into perspective.,36
scena/mp0010_05.dat:0x8e287,scena/mp0010_05.dat,That dream you had in the forest must've,41
scena/mp0010_05.dat:0x8e2db,scena/mp0010_05.dat,my bond with Joshua is.,24
scena/mp0010_05.dat:0x8e2f3,scena/mp0010_05.dat,It reminded me how strong,26
scena/mp0010_05.dat:0x8e348,scena/mp0010_05.dat,"with my mom again, too.",24
scena/mp0010_05.dat:0x8e360,scena/mp0010_05.dat,And I got to spend some quality time,37
scena/mp0010_05.dat:0x8e3a1,scena/mp0010_05.dat,we ran into one of those Gospels.,34
scena/mp0010_05.dat:0x8e3c3,scena/mp0010_05.dat,"For once, maybe I'm kinda glad",31
scena/mp0010_05.dat:0x8e3f7,scena/mp0010_05.dat,"Hehe, only you would say that.",31
scena/mp0010_05.dat:0x8e442,scena/mp0010_05.dat,For real. You sure are somethin'...,36
scena/mp0010_05.dat:0x8e494,scena/mp0010_05.dat,match for Estelle's fortitude.,31
scena/mp0010_05.dat:0x8e4b3,scena/mp0010_05.dat,It would seem the Gospel was no,32
scena/mp0010_05.dat:0x8e5b4,scena/mp0010_05.dat,My goodness...,15
scena/mp0010_05.dat:0x8e632,scena/mp0010_05.dat,"Hey, Aina.",11
scena/mp0010_05.dat:0x8e656,scena/mp0010_05.dat,"Aina, we're back!",18
scena/mp0010_05.dat:0x8e67c,scena/mp0010_05.dat,...It's been a while.,22
scena/mp0010_05.dat:0x8e6ab,scena/mp0010_05.dat,"Scherazard...! And Estelle, and Joshua!",40
scena/mp0010_05.dat:0x8e72e,scena/mp0010_05.dat,"Thank the Goddess, you're all safe...",38
scena/mp0010_05.dat:0x8e76d,scena/mp0010_05.dat,went out.,10
scena/mp0010_05.dat:0x8e777,scena/mp0010_05.dat,left for the towers when all the orbments,42
scena/mp0010_05.dat:0x8e7a1,scena/mp0010_05.dat,I was worried half to death! You'd just,40
scena/mp0010_05.dat:0x8e7e9,scena/mp0010_05.dat,but we pulled through somehow.,31
scena/mp0010_05.dat:0x8e808,scena/mp0010_05.dat,"It was touch and go for a while,",33
scena/mp0010_05.dat:0x8e850,scena/mp0010_05.dat,tougher time handling things here.,35
scena/mp0010_05.dat:0x8e873,scena/mp0010_05.dat,"Honestly, I bet you had a much",31
scena/mp0010_05.dat:0x8e8ef,scena/mp0010_05.dat,"Hello, Aina!",13
scena/mp0010_05.dat:0x8e915,scena/mp0010_05.dat,...It's been a while.,22
scena/mp0010_05.dat:0x8e950,scena/mp0010_05.dat,"Thank the Goddess, you're all safe...",38
scena/mp0010_05.dat:0x8e995,scena/mp0010_05.dat,went out.,10
scena/mp0010_05.dat:0x8e99f,scena/mp0010_05.dat,left for the towers when all the orbments,42
scena/mp0010_05.dat:0x8e9c9,scena/mp0010_05.dat,I was worried half to death! You'd just,40
scena/mp0010_05.dat:0x8ea00,scena/mp0010_05.dat,"Things got a little dicey, but we managed!",43
scena/mp0010_05.dat:0x8ea56,scena/mp0010_05.dat,for you here.,14
scena/mp0010_05.dat:0x8ea64,scena/mp0010_05.dat,"Besides, I bet things were way rougher",39
scena/mp0010_05.dat:0x8eae1,scena/mp0010_05.dat,but nothing seriously concerning.,34
scena/mp0010_05.dat:0x8eb03,scena/mp0010_05.dat,"and uncertainty, as you would expect,",38
scena/mp0010_05.dat:0x8eb29,scena/mp0010_05.dat,"Yes, I suppose so... There was confusion",41
scena/mp0010_05.dat:0x8eb79,scena/mp0010_05.dat,a lot to keep the chaos to a minimum.,38
scena/mp0010_05.dat:0x8eb9f,scena/mp0010_05.dat,Mayor Klaus and Father Divine have done,40
scena/mp0010_05.dat:0x8ec0e,scena/mp0010_05.dat,That's good.,13
scena/mp0010_05.dat:0x8ec38,scena/mp0010_05.dat,"But, that aside... Joshua.",27
scena/mp0010_05.dat:0x8ec7b,scena/mp0010_05.dat,I'm so glad to see you again.,30
scena/mp0010_05.dat:0x8ecad,scena/mp0010_05.dat,I know...,10
scena/mp0010_05.dat:0x8ecd0,scena/mp0010_05.dat,I'm sorry for all the worry I've caused you.,45
scena/mp0010_05.dat:0x8ed17,scena/mp0010_05.dat,That's alright.,16
scena/mp0010_05.dat:0x8ed5d,scena/mp0010_05.dat,"In a way, we guild receptionists think of bracers as our own children.",71
scena/mp0010_05.dat:0x8edbd,scena/mp0010_05.dat,we watched over since the beginning. ,38
scena/mp0010_05.dat:0x8ede3,scena/mp0010_05.dat,Especially when they're someone,32
scena/mp0010_05.dat:0x8ee17,scena/mp0010_05.dat,"Truly, I couldn't be happier to see you again.",47
scena/mp0010_05.dat:0x8eeaa,scena/mp0010_05.dat,"Ahaha...! Good for you, huh, Joshua.",37
scena/mp0010_05.dat:0x8eef1,scena/mp0010_05.dat,"So, Aina...",12
scena/mp0010_05.dat:0x8ef6c,scena/mp0010_05.dat,that we need to get you up to speed on.,40
scena/mp0010_05.dat:0x8ef94,scena/mp0010_05.dat,There's actually a whole bunch of stuff,40
scena/mp0010_05.dat:0x8efdd,scena/mp0010_05.dat,"Such as that floating island, I take it?",41
scena/mp0010_05.dat:0x8f01e,scena/mp0010_05.dat,Would you care to enlighten me?,32
scena/mp0010_05.dat:0x8f051,scena/mp0010_05.dat,"Of course. So, you see...",26
scena/mp0010_05.dat:0x8f07a,scena/mp0010_05.dat,counteracts it.,16
scena/mp0010_05.dat:0x8f08a,scena/mp0010_05.dat,"orbments, and how the Zero Field Generator",43
scena/mp0010_05.dat:0x8f0b5,scena/mp0010_05.dat,<C1>They explain the floating city's influence on,50
scena/mp0010_05.dat:0x8f0f1,scena/mp0010_05.dat,"I see. So, that is the Aureole...",34
scena/mp0010_05.dat:0x8f123,scena/mp0010_05.dat,While it isn't quite what I had imagined...,44
scena/mp0010_05.dat:0x8f15f,scena/mp0010_05.dat,are in a position to do much about.,36
scena/mp0010_05.dat:0x8f183,scena/mp0010_05.dat,Neither is it anything that any of us,38
scena/mp0010_05.dat:0x8f1cd,scena/mp0010_05.dat,"Mhm, making it extra frustrating.",34
scena/mp0010_05.dat:0x8f204,scena/mp0010_05.dat,getting things back up and running.,36
scena/mp0010_05.dat:0x8f228,scena/mp0010_05.dat,"But for now, we need to prioritize",35
scena/mp0010_05.dat:0x8f25f,scena/mp0010_05.dat,Yep... Though it's annoying to admit.,38
scena/mp0010_05.dat:0x8f29a,scena/mp0010_05.dat,"For now, all we can do is pick up the pieces.",46
scena/mp0010_05.dat:0x8f2dc,scena/mp0010_05.dat,"Nope... It's frustrating, but it is what it is.",48
scena/mp0010_05.dat:0x8f321,scena/mp0010_05.dat,getting things up and running again.,37
scena/mp0010_05.dat:0x8f346,scena/mp0010_05.dat,"For now, we should work on",27
scena/mp0010_05.dat:0x8f382,scena/mp0010_05.dat,communicator again would be a huge help.,41
scena/mp0010_05.dat:0x8f3ab,scena/mp0010_05.dat,"Right. And to that end, being able to use the",46
scena/mp0010_05.dat:0x8f3ec,scena/mp0010_05.dat,communicator again would be a big help there.,46
scena/mp0010_05.dat:0x8f41a,scena/mp0010_05.dat,"Right, and so being able to use the",36
scena/mp0010_05.dat:0x8f452,scena/mp0010_05.dat,that device installed for me?,30
scena/mp0010_05.dat:0x8f470,scena/mp0010_05.dat,Could I trouble you to get,27
scena/mp0010_05.dat:0x8f4e5,scena/mp0010_05.dat,Can do! I'll just be a minute.,31
scena/mp0010_05.dat:0x8f55d,scena/mp0010_05.dat,"...Yep, that looks okay.",25
scena/mp0010_05.dat:0x8f593,scena/mp0010_05.dat,"Right, then if you'll just let me...",37
scena/mp0010_05.dat:0x8f606,scena/mp0010_05.dat,"...There, that should do it.",29
scena/mp0010_05.dat:0x8f664,scena/mp0010_05.dat,It's working...,16
scena/mp0010_05.dat:0x8f6df,scena/mp0010_05.dat,use the communicator again.,28
scena/mp0010_05.dat:0x8f6fb,scena/mp0010_05.dat,Now you should be able to,26
scena/mp0010_05.dat:0x8f736,scena/mp0010_05.dat,"places that've had theirs fixed, too...",40
scena/mp0010_05.dat:0x8f75e,scena/mp0010_05.dat,"Oh, but you'll only be able to contact",39
scena/mp0010_05.dat:0x8f799,scena/mp0010_05.dat,"There, the communicator should be back to normal.",50
scena/mp0010_05.dat:0x8f7ec,scena/mp0010_05.dat,places whose communicators have also been fixed.,49
scena/mp0010_05.dat:0x8f81d,scena/mp0010_05.dat,"That being said, you'll only be able to reach",46
scena/mp0010_05.dat:0x8f864,scena/mp0010_05.dat,This truly is a blessing...,28
scena/mp0010_05.dat:0x8f91b,scena/mp0010_05.dat,not let this favor go unpaid.,30
scena/mp0010_05.dat:0x8f939,scena/mp0010_05.dat,"Thank you, everyone. I will",28
scena/mp0010_05.dat:0x8f97c,scena/mp0010_05.dat,Our next visit to the tavern's on you!,39
scena/mp0010_05.dat:0x8f9a3,scena/mp0010_05.dat,"Well, in that case...",22
scena/mp0010_05.dat:0x8fa31,scena/mp0010_05.dat,"Haha, I suppose that could be arranged.",40
scena/mp0010_05.dat:0x8fa78,scena/mp0010_05.dat,Those two sure haven't changed...,34
scena/mp0010_05.dat:0x8fab9,scena/mp0010_05.dat,"C'mon, Aina! You don't have to be so stuffy!",45
scena/mp0010_05.dat:0x8fafb,scena/mp0010_05.dat,"Really, this is all part of a day's work.",42
scena/mp0010_05.dat:0x8fb39,scena/mp0010_05.dat,office communicators restored.,31
scena/mp0010_05.dat:0x8fb58,scena/mp0010_05.dat,"So, that should be all the guild",33
scena/mp0010_05.dat:0x8fbb3,scena/mp0010_05.dat,what's been happening at the other branches.,45
scena/mp0010_05.dat:0x8fbe0,scena/mp0010_05.dat,Which means we can give you the rundown of,43
scena/mp0010_05.dat:0x8fc43,scena/mp0010_05.dat,communicator to get back online.,33
scena/mp0010_05.dat:0x8fc64,scena/mp0010_05.dat,"Right, that was the last branch",32
scena/mp0010_05.dat:0x8fca6,scena/mp0010_05.dat,been going on in the other areas.,34
scena/mp0010_05.dat:0x8fcc8,scena/mp0010_05.dat,"So, we can give you an update on what's",40
scena/mp0010_05.dat:0x8fd04,scena/mp0010_05.dat,communicators working across the board.,40
scena/mp0010_05.dat:0x8fd2c,scena/mp0010_05.dat,"And with that, we've got the guild",35
scena/mp0010_05.dat:0x8fd88,scena/mp0010_05.dat,"going on at the other branches, too.",37
scena/mp0010_05.dat:0x8fdad,scena/mp0010_05.dat,We'll get ya up to speed on what's,35
scena/mp0010_05.dat:0x8fe5f,scena/mp0010_05.dat,Thank you very much for your hard work.,40
scena/mp0010_05.dat:0x8fe9c,scena/mp0010_05.dat,a considerably more timely manner.,35
scena/mp0010_05.dat:0x8febf,scena/mp0010_05.dat,Now we can respond to issues in,32
scena/mp0010_05.dat:0x8fef8,scena/mp0010_05.dat,"Really, I cannot thank you enough.",35
scena/mp0010_05.dat:0x8ff30,scena/mp0010_05.dat,issues promptly again.,23
scena/mp0010_05.dat:0x8ff47,scena/mp0010_05.dat,Now the branch can handle,26
scena/mp0010_05.dat:0x8ff86,scena/mp0010_05.dat,Is there anything else we can help you with?,45
scena/mp0010_05.dat:0x8ffd3,scena/mp0010_05.dat,Can we lend you a hand with anything else?,43
scena/mp0010_05.dat:0x9001e,scena/mp0010_05.dat,Got anythin' else that needs doing?,36
scena/mp0010_05.dat:0x9005d,scena/mp0010_05.dat,fixing up the communicators...,31
scena/mp0010_05.dat:0x9007c,scena/mp0010_05.dat,Discounting our ongoing work,29
scena/mp0010_05.dat:0x900ae,scena/mp0010_05.dat,Is there anything else we can help you with?,45
scena/mp0010_05.dat:0x900fb,scena/mp0010_05.dat,with fixing the communicators...,33
scena/mp0010_05.dat:0x9011c,scena/mp0010_05.dat,Ignoring our remaining work,28
scena/mp0010_05.dat:0x9014d,scena/mp0010_05.dat,Got anythin' else that needs doing?,36
scena/mp0010_05.dat:0x90197,scena/mp0010_05.dat,fixing up all the communicators...,35
scena/mp0010_05.dat:0x901ba,scena/mp0010_05.dat,While we still haven't finished,32
scena/mp0010_05.dat:0x901ea,scena/mp0010_05.dat,Can we lend you a hand with anything else?,43
scena/mp0010_05.dat:0x90270,scena/mp0010_05.dat,Now that you mention it...,27
scena/mp0010_05.dat:0x9029b,scena/mp0010_05.dat,to check the bulletin board?,29
scena/mp0010_05.dat:0x902b8,scena/mp0010_05.dat,Have you taken a moment,24
scena/mp0010_05.dat:0x902df,scena/mp0010_05.dat,aren't experiencing any trouble.,33
scena/mp0010_05.dat:0x90300,scena/mp0010_05.dat,that those on the outskirts of Rolent,38
scena/mp0010_05.dat:0x90326,scena/mp0010_05.dat,It would also be prudent to ensure,35
scena/mp0010_05.dat:0x90358,scena/mp0010_05.dat,He should still be at the Malga Mine...,40
scena/mp0010_05.dat:0x90380,scena/mp0010_05.dat,I'm especially concerned about Ridge.,38
scena/mp0010_05.dat:0x903b6,scena/mp0010_05.dat,Let me see...,14
scena/mp0010_05.dat:0x903d4,scena/mp0010_05.dat,bulletin board for any new requests?,37
scena/mp0010_05.dat:0x903f9,scena/mp0010_05.dat,Have you considered checking the,33
scena/mp0010_05.dat:0x90429,scena/mp0010_05.dat,are managing.,14
scena/mp0010_05.dat:0x90437,scena/mp0010_05.dat,those on the outskirts of Rolent,33
scena/mp0010_05.dat:0x90458,scena/mp0010_05.dat,It would also be nice to know how,34
scena/mp0010_05.dat:0x90489,scena/mp0010_05.dat,He should still be at the Malga Mine...,40
scena/mp0010_05.dat:0x904b1,scena/mp0010_05.dat,I'm especially concerned about Ridge.,38
scena/mp0010_05.dat:0x90562,scena/mp0010_05.dat,Did something happen there?,28
scena/mp0010_05.dat:0x905a8,scena/mp0010_05.dat,"No, he was going there for patrol work, you see.",49
scena/mp0010_05.dat:0x905ed,scena/mp0010_05.dat,that opened up during the previous cave-in?,44
scena/mp0010_05.dat:0x90619,scena/mp0010_05.dat,Do you recall the monster-infested tunnel,42
scena/mp0010_05.dat:0x90657,scena/mp0010_05.dat,proper barricade a few days ago.,33
scena/mp0010_05.dat:0x90678,scena/mp0010_05.dat,They began construction on a,29
scena/mp0010_05.dat:0x906ea,scena/mp0010_05.dat,orbments stopped working.,26
scena/mp0010_05.dat:0x90704,scena/mp0010_05.dat,...Which is exactly when the,29
scena/mp0010_05.dat:0x90731,scena/mp0010_05.dat,"Yeah, I can see why you're worried.",36
scena/mp0010_05.dat:0x90769,scena/mp0010_05.dat,please do pay them a visit.,28
scena/mp0010_05.dat:0x90785,scena/mp0010_05.dat,"Should you happen to have a spare moment,",42
scena/mp0010_05.dat:0x907ee,scena/mp0010_05.dat,"Yep, will do.",14
scena/mp0010_05.dat:0x9081b,scena/mp0010_05.dat,everywhere else we think someone might be!,43
scena/mp0010_05.dat:0x90846,scena/mp0010_05.dat,"We'll stop by Tio's house, and the mine, and",45
scena/mp0010_05.dat:0x90895,scena/mp0010_05.dat,to stay vigilant out there.,28
scena/mp0010_05.dat:0x908b1,scena/mp0010_05.dat,Good plan. We'll make sure,27
scena/mp0010_05.dat:0x908e0,scena/mp0010_05.dat,I would expect nothing less.,29
scena/mp0010_05.dat:0x90931,scena/mp0010_05.dat,<C1>Called allies who were on standby at another branch!,57
scena/mp0010_05.dat:0x90a23,scena/mp0010_05.dat,soon after the thing was repaired...,37
scena/mp0010_05.dat:0x90a48,scena/mp0010_05.dat,"Goodness, to think we'd get a call so",38
scena/mp0010_05.dat:0x90ad0,scena/mp0010_05.dat,"Hello, this is the Rolent Bracer Guild.",40
scena/mp0010_05.dat:0x90b07,scena/mp0010_05.dat,has also been restored!,24
scena/mp0010_05.dat:0x90b1f,scena/mp0010_05.dat,"Ah, so your communicator",25
scena/mp0010_05.dat:0x90b4c,scena/mp0010_05.dat,"Wonderful, ours was only just repaired.",40
scena/mp0010_05.dat:0x90b83,scena/mp0010_05.dat,"...Estelle's group? Why yes, they are here.",44
scena/mp0010_05.dat:0x90bf9,scena/mp0010_05.dat,(Someone's asking about us?),29
scena/mp0010_05.dat:0x90c31,scena/mp0010_05.dat,(They must have a message to pass along.),42
scena/mp0010_05.dat:0x90c6a,scena/mp0010_05.dat,...Mhm. ...I see.,18
scena/mp0010_05.dat:0x90cd1,scena/mp0010_05.dat,I'll be sure to let them know.,31
scena/mp0010_05.dat:0x90cf0,scena/mp0010_05.dat,"...Yes, absolutely.",20
scena/mp0010_05.dat:0x90d17,scena/mp0010_05.dat,give you a proper update.,26
scena/mp0010_05.dat:0x90d31,scena/mp0010_05.dat,"I'll call again later, so I can",32
scena/mp0010_05.dat:0x90d61,scena/mp0010_05.dat,"...Of course. My best to you, as well.",39
scena/mp0010_05.dat:0x90e21,scena/mp0010_05.dat,"Who was that, Aina?",20
scena/mp0010_05.dat:0x90e55,scena/mp0010_05.dat,"Hey, Aina? Who just called?",28
scena/mp0010_05.dat:0x90e9e,scena/mp0010_05.dat,"That was Elnan, at the capital branch.",39
scena/mp0010_05.dat:0x90f01,scena/mp0010_05.dat,that they wish to relay to you.,32
scena/mp0010_05.dat:0x90f21,scena/mp0010_05.dat,Grancel Castle has a message,29
scena/mp0010_05.dat:0x90f5d,scena/mp0010_05.dat,you could contact her through the guild.,41
scena/mp0010_05.dat:0x90f86,scena/mp0010_05.dat,"Lady Hilda, their head maid, has asked if",42
scena/mp0010_05.dat:0x90fd4,scena/mp0010_05.dat,Is she an acquaintance of yours?,33
scena/mp0010_05.dat:0x91035,scena/mp0010_05.dat,"Sure, Hilda's helped us out a bunch of times.",46
scena/mp0010_05.dat:0x9108a,scena/mp0010_05.dat,"But, a message straight from the castle...?",44
scena/mp0010_05.dat:0x910c5,scena/mp0010_05.dat,that is a little concerning.,29
scena/mp0010_05.dat:0x910e2,scena/mp0010_05.dat,"Circumstances being what they are,",35
scena/mp0010_05.dat:0x91131,scena/mp0010_05.dat,not a particularly pressing matter.,36
scena/mp0010_05.dat:0x91155,scena/mp0010_05.dat,"I should mention that it is, apparently,",41
scena/mp0010_05.dat:0x9118d,scena/mp0010_05.dat,that should remain your priority.,34
scena/mp0010_05.dat:0x911af,scena/mp0010_05.dat,"If you have any other business to attend to,",45
scena/mp0010_05.dat:0x91217,scena/mp0010_05.dat,"Right, gotcha.",15
scena/mp0010_05.dat:0x9123a,scena/mp0010_05.dat,got a moment to spare.,23
scena/mp0010_05.dat:0x91251,scena/mp0010_05.dat,We'll get in touch when we've,30
scena/mp0010_05.dat:0x91283,scena/mp0010_05.dat,we've tied up some loose ends.,31
scena/mp0010_05.dat:0x912a2,scena/mp0010_05.dat,We'll check in with her once,29
scena/mp0010_05.dat:0x91339,scena/mp0010_05.dat,Hilda's Voice,14
scena/mp0010_05.dat:0x91347,scena/mp0010_05.dat,guilds have been restored to some degree.,42
scena/mp0010_05.dat:0x91371,scena/mp0010_05.dat,"<C1>Ah, so the lines of communication between",46
scena/mp0010_05.dat:0x913ae,scena/mp0010_05.dat,<C1>Thank you for all your service.,36
scena/mp0010_05.dat:0x913e1,scena/mp0010_05.dat,so allow me to be brief.,25
scena/mp0010_05.dat:0x913fa,scena/mp0010_05.dat,"<C1>I understand that you must be terribly busy,",49
scena/mp0010_05.dat:0x9143a,scena/mp0010_05.dat,to discuss a particular matter in person.,42
scena/mp0010_05.dat:0x91464,scena/mp0010_05.dat,"<C1>Queen Alicia has requested an audience with you,",53
scena/mp0010_05.dat:0x914cf,scena/mp0010_05.dat,Queen Alicia's asking for us?!,31
scena/mp0010_05.dat:0x9153b,scena/mp0010_05.dat,What's all the fuss about?,27
scena/mp0010_05.dat:0x91556,scena/mp0010_05.dat,We gotta be present in-person for this?,40
scena/mp0010_05.dat:0x91592,scena/mp0010_05.dat,What would be that important?,30
scena/mp0010_05.dat:0x915b0,scena/mp0010_05.dat,<R>We need to pay a visit to the castle?,41
scena/mp0010_05.dat:0x915ed,scena/mp0010_05.dat,Just what is this all about?,29
scena/mp0010_05.dat:0x9160a,scena/mp0010_05.dat,"That's all well and good, but...",33
scena/mp0010_05.dat:0x9163f,scena/mp0010_05.dat,tell you any more than that.,29
scena/mp0010_05.dat:0x9165c,scena/mp0010_05.dat,"<C1>I'm sorry, but I'm afraid I can't",38
scena/mp0010_05.dat:0x91691,scena/mp0010_05.dat,for this particular channel.,29
scena/mp0010_05.dat:0x916ae,scena/mp0010_05.dat,<C1>It's something that's simply too sensitive,47
scena/mp0010_05.dat:0x916fa,scena/mp0010_05.dat,You can't tell us over the communicator...?,44
scena/mp0010_05.dat:0x9173b,scena/mp0010_05.dat,"So, that means...",18
scena/mp0010_05.dat:0x9174d,scena/mp0010_05.dat,"Oh! Right, these calls can be intercepted.",43
scena/mp0010_05.dat:0x9179a,scena/mp0010_05.dat,degree of confidentiality involved.,36
scena/mp0010_05.dat:0x917be,scena/mp0010_05.dat,"That whatever it is, there's a high",36
scena/mp0010_05.dat:0x917f1,scena/mp0010_05.dat,"<C1>That being said, this matter isn't an urgent one.",54
scena/mp0010_05.dat:0x91836,scena/mp0010_05.dat,your ventures bring you to the capital.,40
scena/mp0010_05.dat:0x9185e,scena/mp0010_05.dat,<C1>Feel free to come to the castle whenever,45
scena/mp0010_05.dat:0x918c1,scena/mp0010_05.dat,"...Okay. That's good to know, thanks!",38
scena/mp0010_05.dat:0x918fb,scena/mp0010_05.dat,when we've got the chance.,27
scena/mp0010_05.dat:0x91916,scena/mp0010_05.dat,"In that case, we'll stop in",28
scena/mp0010_05.dat:0x919a7,scena/mp0010_05.dat,I had a wonderful time today. Thank you.,41
scena/mp0010_05.dat:0x919e0,scena/mp0010_05.dat,been a while since I could drink so freely.,44
scena/mp0010_05.dat:0x91a0c,scena/mp0010_05.dat,"The...'unique' circumstances aside, it's",41
scena/mp0010_05.dat:0x91a44,scena/mp0010_05.dat,"H-Hey, if you're happy, so are we.",35
scena/mp0010_05.dat:0x91a77,scena/mp0010_05.dat,So what happened to Olivier after all that?,44
scena/mp0010_05.dat:0x91ac1,scena/mp0010_05.dat,and left him upstairs to rest.,31
scena/mp0010_05.dat:0x91ae0,scena/mp0010_05.dat,Father Divine gave him a stern talking to,42
scena/mp0010_05.dat:0x91b1e,scena/mp0010_05.dat,Feel free to restore him to party duty.,40
scena/mp0010_05.dat:0x91b46,scena/mp0010_05.dat,"He's a bit groggy, but otherwise fine, it seems.",49
scena/mp0010_05.dat:0x91bce,scena/mp0010_05.dat,...I see. So that's what happened.,35
scena/mp0010_05.dat:0x91c12,scena/mp0010_05.dat,"One misstep, and it could have been a disaster.",48
scena/mp0010_05.dat:0x91c51,scena/mp0010_05.dat,we would've been toast.,24
scena/mp0010_05.dat:0x91c69,scena/mp0010_05.dat,"Yeah, if it weren't for you guys,",34
scena/mp0010_05.dat:0x91c9a,scena/mp0010_05.dat,"I was kinda worried, to be honest...",37
scena/mp0010_05.dat:0x91cbf,scena/mp0010_05.dat,"Estelle, the first time you came to help us,",45
scena/mp0010_05.dat:0x91cfc,scena/mp0010_05.dat,decisive. Like a whole new person.,35
scena/mp0010_05.dat:0x91d1f,scena/mp0010_05.dat,"But today, you were confident and",34
scena/mp0010_05.dat:0x91d50,scena/mp0010_05.dat,Huh? Y-You think so...?,24
scena/mp0010_05.dat:0x91d86,scena/mp0010_05.dat,I-I don't think I've changed all that much.,44
scena/mp0010_05.dat:0x91dc1,scena/mp0010_05.dat,There's no need to be humble.,30
scena/mp0010_05.dat:0x91df3,scena/mp0010_05.dat,I'm telling you the truth as I saw it.,39
scena/mp0010_05.dat:0x91e2d,scena/mp0010_05.dat,"Oh, she's not being humble...",30
scena/mp0010_05.dat:0x91e5b,scena/mp0010_05.dat,"Typically for Estelle, she's just unaware.",43
scena/mp0010_05.dat:0x91e95,scena/mp0010_05.dat,"Haha, yeah, that's probably true!",34
scena/mp0010_05.dat:0x91ec7,scena/mp0010_05.dat,"Hehe, yeah, sounds about right.",32
scena/mp0010_05.dat:0x91ef6,scena/mp0010_05.dat,No doubt about it. She's just dense like that.,47
scena/mp0010_05.dat:0x91f4e,scena/mp0010_05.dat,a compliment feel unflattering...,34
scena/mp0010_05.dat:0x91f70,scena/mp0010_05.dat,Leave it to you guys to make,29
scena/mp0010_05.dat:0x91f9d,scena/mp0010_05.dat,recognizing changes in themselves.,35
scena/mp0010_05.dat:0x91fc0,scena/mp0010_05.dat,Every person has trouble,25
scena/mp0010_05.dat:0x91fe9,scena/mp0010_05.dat,little by little.,18
scena/mp0010_05.dat:0x91ffb,scena/mp0010_05.dat,"That's because we change gradually,",36
scena/mp0010_05.dat:0x9203f,scena/mp0010_05.dat,because it'd been a while.,27
scena/mp0010_05.dat:0x9205a,scena/mp0010_05.dat,"Yeah, maybe it was more obvious to me",38
scena/mp0010_05.dat:0x9208f,scena/mp0010_05.dat,"In any case, you bracers did a terrific job.",45
scena/mp0010_05.dat:0x920d7,scena/mp0010_05.dat,"Estelle, Joshua...",19
scena/mp0010_05.dat:0x920f9,scena/mp0010_05.dat,"And you too, Scherazard and Agate...",37
scena/mp0010_05.dat:0x9212d,scena/mp0010_05.dat,"Estelle, Joshua...",19
scena/mp0010_05.dat:0x9214f,scena/mp0010_05.dat,"And you too, Scherazard and Zin...",35
scena/mp0010_05.dat:0x92181,scena/mp0010_05.dat,"Estelle, Joshua...",19
scena/mp0010_05.dat:0x921a3,scena/mp0010_05.dat,"And you too, Scherazard and Tita...",36
scena/mp0010_05.dat:0x921d6,scena/mp0010_05.dat,"Estelle, Joshua, Zin, Agate...",31
scena/mp0010_05.dat:0x92204,scena/mp0010_05.dat,"Estelle, Joshua...",19
scena/mp0010_05.dat:0x92226,scena/mp0010_05.dat,"And you too, Agate and Tita...",31
scena/mp0010_05.dat:0x92254,scena/mp0010_05.dat,"Estelle, Joshua, Zin, Tita.",28
scena/mp0010_05.dat:0x9227f,scena/mp0010_05.dat,Hats off to all of you.,24
scena/mp0010_05.dat:0x922a7,scena/mp0010_05.dat,you've all made me proud.,26
scena/mp0010_05.dat:0x922c1,scena/mp0010_05.dat,"On behalf of the guild,",24
scena/mp0010_05.dat:0x92328,scena/mp0010_05.dat,It was no problem!,19
scena/mp0010_05.dat:0x9234b,scena/mp0010_05.dat,"<P1>We're grateful for your support, Aina.",43
scena/mp0010_05.dat:0x9239f,scena/mp0010_05.dat,We merely did our duty.,24
scena/mp0010_05.dat:0x923c6,scena/mp0010_05.dat,Heh. Did you expect any less?,30
scena/mp0010_05.dat:0x923f4,scena/mp0010_05.dat,"this time, you owe me a drink for sure.",40
scena/mp0010_05.dat:0x9241c,scena/mp0010_05.dat,"If you really think that way, Aina...then",42
scena/mp0010_05.dat:0x92455,scena/mp0010_05.dat,Oh? Just one?,14
scena/mp0010_05.dat:0x92476,scena/mp0010_05.dat,Heheh. That's right. As long as it's Steinrose.,48
scena/mp0010_05.dat:0x924c8,scena/mp0010_05.dat,"Uh, they're talking about drinking again...",44
scena/mp0010_05.dat:0x92505,scena/mp0010_05.dat,conversations always lead there eventually...,46
scena/mp0010_05.dat:0x92533,scena/mp0010_05.dat,"No matter where they start, their",34
scena/mp0010_05.dat:0x92593,scena/mp0010_05.dat,"for saving me and my crew, but for now...",42
scena/mp0010_05.dat:0x925bd,scena/mp0010_05.dat,"Well, I still feel like I owe you guys",39
scena/mp0010_05.dat:0x925f4,scena/mp0010_05.dat,I'd better get back to the mines.,34
scena/mp0010_05.dat:0x92625,scena/mp0010_05.dat,keeping the mines running for now.,35
scena/mp0010_05.dat:0x92648,scena/mp0010_05.dat,"Even right after the incident, we're still",43
scena/mp0010_05.dat:0x92682,scena/mp0010_05.dat,"Dang, really?",14
scena/mp0010_05.dat:0x926a4,scena/mp0010_05.dat,the upper floors of the mine.,30
scena/mp0010_05.dat:0x926c2,scena/mp0010_05.dat,"Yeah, we can still do work on",30
scena/mp0010_05.dat:0x926fb,scena/mp0010_05.dat,"guy who helped us out, as well.",32
scena/mp0010_05.dat:0x9271b,scena/mp0010_05.dat,Give my thanks to the other bracer,35
scena/mp0010_05.dat:0x9274d,scena/mp0010_05.dat,like he took a lot of damage...,32
scena/mp0010_05.dat:0x9276d,scena/mp0010_05.dat,"By the way, was he okay? It looked",35
scena/mp0010_05.dat:0x927ad,scena/mp0010_05.dat,light work for a bracer.,25
scena/mp0010_05.dat:0x927c6,scena/mp0010_05.dat,"He was a bit battered, but it's",32
scena/mp0010_05.dat:0x927f6,scena/mp0010_05.dat,and is resting at the hotel.,29
scena/mp0010_05.dat:0x92813,scena/mp0010_05.dat,He's already regained consciousness,36
scena/mp0010_05.dat:0x92846,scena/mp0010_05.dat,I see... That's a relief.,26
scena/mp0010_05.dat:0x9286f,scena/mp0010_05.dat,I really owe you for today.,28
scena/mp0010_05.dat:0x9288b,scena/mp0010_05.dat,"Well, I'll be going then.",26
scena/mp0010_05.dat:0x928b4,scena/mp0010_05.dat,"You take care, Mr. Garton!",27
scena/mp0010_05.dat:0x928e3,scena/mp0010_05.dat,Good luck with your work.,26
scena/mp0010_05.dat:0x92911,scena/mp0010_05.dat,Yeah. Until next time.,23
scena/mp0010_05.dat:0x92976,scena/mp0010_05.dat,"<P2>Well, that's another one down.",35
scena/mp0010_05.dat:0x929ba,scena/mp0010_05.dat,above and beyond today.,24
scena/mp0010_05.dat:0x929d2,scena/mp0010_05.dat,Both you all and Ridge went,28
scena/mp0010_05.dat:0x929fd,scena/mp0010_05.dat,I do hope that you maintain that vigor.,40
scena/mp0010_05.dat:0x92a4e,scena/mp0010_05.dat,"your evaluations, too.",23
scena/mp0010_05.dat:0x92a65,scena/mp0010_05.dat,"Oh, and I've already performed",31
scena/mp0010_05.dat:0x92a94,scena/mp0010_05.dat,simply report to me again.,27
scena/mp0010_05.dat:0x92aaf,scena/mp0010_05.dat,"When you're ready to be paid,",30
scena/mp0010_05.dat:0x92adc,scena/mp0010_05.dat,Right! Thanks.,15
