offset,file,text_en,byte_budget
scena/mp2000.dat:0x33852,scena/mp2000.dat,@&* ,5
scena/mp2000.dat:0x338b4,scena/mp2000.dat,@&K ,5
scena/mp2000.dat:0x33946,scena/mp2000.dat,@&x ,5
scena/mp2000.dat:0x4a1c1,scena/mp2000.dat,often. Did you walk all the way here?,38
scena/mp2000.dat:0x4a1e7,scena/mp2000.dat,"Well, now. We don't get travelers here",39
scena/mp2000.dat:0x4a21d,scena/mp2000.dat,stronger lately. You should take a rest first.,47
scena/mp2000.dat:0x4a24c,scena/mp2000.dat,It seems the monsters have gotten,34
scena/mp2000.dat:0x4a27d,scena/mp2000.dat,around. You should have a rest.,32
scena/mp2000.dat:0x4a29d,scena/mp2000.dat,There are a lot of strong monsters,35
scena/mp2000.dat:0x4a2cf,scena/mp2000.dat,through here nowadays.,23
scena/mp2000.dat:0x4a2e6,scena/mp2000.dat,"Because of the airliners, not many people pass",47
scena/mp2000.dat:0x4a324,scena/mp2000.dat,"the sky pirates have gone, though.",35
scena/mp2000.dat:0x4a347,scena/mp2000.dat,No idea where the Intelligence Division guys or,48
scena/mp2000.dat:0x4a386,scena/mp2000.dat,Got to keep my eyes wide open.,31
scena/mp2000.dat:0x4a3b4,scena/mp2000.dat,"pirates are caught, I'll be able to take it easy again.",56
scena/mp2000.dat:0x4a3ec,scena/mp2000.dat,Once the Intelligence Division guys and the sky,48
scena/mp2000.dat:0x4a42b,scena/mp2000.dat,"But for now, I've got to be extra watchful.",44
scena/mp2000.dat:0x4a466,scena/mp2000.dat,Hey. You must be tired.,24
scena/mp2000.dat:0x4a48d,scena/mp2000.dat,I bet it took a long while just to walk here.,46
scena/mp2000.dat:0x4a4ca,scena/mp2000.dat,pretty well from here.,23
scena/mp2000.dat:0x4a4e1,scena/mp2000.dat,You can see that flying object,31
scena/mp2000.dat:0x4a50f,scena/mp2000.dat,to be some sorta manmade structure.,36
scena/mp2000.dat:0x4a533,scena/mp2000.dat,"No matter how you look at it, it has",37
scena/mp2000.dat:0x4a567,scena/mp2000.dat,anything about it?,19
scena/mp2000.dat:0x4a57a,scena/mp2000.dat,Is it really okay to not be doing,34
scena/mp2000.dat:0x4a5ab,scena/mp2000.dat,to be some sorta manmade structure.,36
scena/mp2000.dat:0x4a5cf,scena/mp2000.dat,"No matter how you look at it, it has",37
scena/mp2000.dat:0x4a603,scena/mp2000.dat,anything about it?,19
scena/mp2000.dat:0x4a616,scena/mp2000.dat,Is it really okay to not be doing,34
scena/mp2000.dat:0x4a647,scena/mp2000.dat,something to do with what's going on?,38
scena/mp2000.dat:0x4a66d,scena/mp2000.dat,You think that flying object over the lake has,47
scena/mp2000.dat:0x4a6ab,scena/mp2000.dat,out of the sky...,18
scena/mp2000.dat:0x4a6bd,scena/mp2000.dat,"Man, we should just blow that thing",36
scena/mp2000.dat:0x4a6f0,scena/mp2000.dat,cannons not functioning.,25
scena/mp2000.dat:0x4a709,scena/mp2000.dat,"Not that we could, with the orbal",34
scena/mp2000.dat:0x4a73a,scena/mp2000.dat,reach that far. And airships are out.,38
scena/mp2000.dat:0x4a760,scena/mp2000.dat,We don't have any weapon that could,36
scena/mp2000.dat:0x4a793,scena/mp2000.dat,might be nigh impossible.,26
scena/mp2000.dat:0x4a7ad,scena/mp2000.dat,So shooting that thing out of the sky,38
scena/mp2000.dat:0x4a7e2,scena/mp2000.dat,meanings behind people's names.,32
scena/mp2000.dat:0x4a802,scena/mp2000.dat,I can't help but wonder about the hidden,41
scena/mp2000.dat:0x4a83a,scena/mp2000.dat,A name shouldn't define who we are...,38
scena/mp2000.dat:0x4a86f,scena/mp2000.dat,myself by assuming a new name?,31
scena/mp2000.dat:0x4a88e,scena/mp2000.dat,So why is it so tempting to reinvent,37
scena/mp2000.dat:0x4a8c2,scena/mp2000.dat,weren't burdened with names at all...,38
scena/mp2000.dat:0x4a8e8,scena/mp2000.dat,Imagine how free we'd be if only we,36
scena/mp2000.dat:0x4a91b,scena/mp2000.dat,"its chrysalis, unbound and beautiful.",38
scena/mp2000.dat:0x4a941,scena/mp2000.dat,I'd cast away my name like a butterfly leaving,47
scena/mp2000.dat:0x4a97f,scena/mp2000.dat,in weather as nice as today's.,31
scena/mp2000.dat:0x4a99e,scena/mp2000.dat,"Ah, the sky is so clear and majestic",37
scena/mp2000.dat:0x4a9d2,scena/mp2000.dat,Just have a look yourself.,27
scena/mp2000.dat:0x4a9fc,scena/mp2000.dat,It's looking down on us from high above.,41
scena/mp2000.dat:0x4aa34,scena/mp2000.dat,casting reflections of others we meet.,39
scena/mp2000.dat:0x4aa5b,scena/mp2000.dat,"The human heart is like a mirror,",34
scena/mp2000.dat:0x4aa8c,scena/mp2000.dat,would eventually grow to hate me.,34
scena/mp2000.dat:0x4aaae,scena/mp2000.dat,"If I had hatred toward you, you",32
scena/mp2000.dat:0x4aadd,scena/mp2000.dat,for you grow that much stronger.,33
scena/mp2000.dat:0x4aafe,scena/mp2000.dat,And that in turn would make my hatred,38
scena/mp2000.dat:0x4ab33,scena/mp2000.dat,casting reflections of others we meet.,39
scena/mp2000.dat:0x4ab5a,scena/mp2000.dat,"The human heart is like a mirror,",34
scena/mp2000.dat:0x4ab8b,scena/mp2000.dat,"reflected, the more intense they become.",41
scena/mp2000.dat:0x4abb4,scena/mp2000.dat,And the more emotions like love or hate are,44
scena/mp2000.dat:0x4ac18,scena/mp2000.dat,"hoping to get something from me, were you?",43
scena/mp2000.dat:0x4ac43,scena/mp2000.dat,That look in your eyes. You weren't,36
scena/mp2000.dat:0x4ac76,scena/mp2000.dat,an unjustified expectation in your heart.,42
scena/mp2000.dat:0x4aca0,scena/mp2000.dat,What led to that line of thinking is,37
scena/mp2000.dat:0x4acd4,scena/mp2000.dat,heart is in any way selfish.,29
scena/mp2000.dat:0x4acf1,scena/mp2000.dat,"It does not, however, mean that your",37
scena/mp2000.dat:0x4ad25,scena/mp2000.dat,experienced before to repeat themselves.,41
scena/mp2000.dat:0x4ad4e,scena/mp2000.dat,You simply expect for things you've,36
scena/mp2000.dat:0x4ad81,scena/mp2000.dat,governing it are mostly very simple.,37
scena/mp2000.dat:0x4ada6,scena/mp2000.dat,"The human heart is well made, but the principles",49
scena/mp2000.dat:0x4ade6,scena/mp2000.dat,it is nothing but sand in the end.,35
scena/mp2000.dat:0x4ae09,scena/mp2000.dat,"If you build a palace out of sand,",35
scena/mp2000.dat:0x4ae3b,scena/mp2000.dat,A single rainstorm will wash it all away.,42
scena/mp2000.dat:0x4ae74,scena/mp2000.dat,is easy to gain.,17
scena/mp2000.dat:0x4ae85,scena/mp2000.dat,"to lose, and that which is easy to lose",40
scena/mp2000.dat:0x4aead,scena/mp2000.dat,That which is hard to gain is hard,35
scena/mp2000.dat:0x4aedf,scena/mp2000.dat,That is simply the natural way of things.,42
scena/mp2000.dat:0x4af18,scena/mp2000.dat,it is nothing but sand in the end.,35
scena/mp2000.dat:0x4af3b,scena/mp2000.dat,"If you build a palace out of sand,",35
scena/mp2000.dat:0x4af6d,scena/mp2000.dat,A single rainstorm will wash it all away.,42
scena/mp2000.dat:0x4afa6,scena/mp2000.dat,"golden light, as always.",25
scena/mp2000.dat:0x4afbf,scena/mp2000.dat,The floating island is filled with,35
scena/mp2000.dat:0x4aff1,scena/mp2000.dat,Is that golden shine a door to the future?,43
scena/mp2000.dat:0x4b02b,scena/mp2000.dat,Or could it be an omen of the apocalypse?,42
scena/mp2000.dat:0x4b064,scena/mp2000.dat,"golden light, as always.",25
scena/mp2000.dat:0x4b07d,scena/mp2000.dat,The floating island is filled with,35
scena/mp2000.dat:0x4b0af,scena/mp2000.dat,Those men sure are shouting a lot.,35
scena/mp2000.dat:0x4b0e1,scena/mp2000.dat,said it was because of an e-lec-tion.,38
scena/mp2000.dat:0x4b107,scena/mp2000.dat,"I asked my momma about it, and she",35
scena/mp2000.dat:0x4b139,scena/mp2000.dat,voice becomes the next mayor?,30
scena/mp2000.dat:0x4b157,scena/mp2000.dat,Does that mean whoever has the loudest,39
scena/mp2000.dat:0x4b1bd,scena/mp2000.dat,I get to spend time with friends!,34
scena/mp2000.dat:0x4b1df,scena/mp2000.dat,I'm really looking forward to it.,34
scena/mp2000.dat:0x4b210,scena/mp2000.dat,Momma? What's wrong?,21
scena/mp2000.dat:0x4b234,scena/mp2000.dat,My mom's been staring at those posters for a while.,52
scena/mp2000.dat:0x4b277,scena/mp2000.dat,the posters are cool or anything...,36
scena/mp2000.dat:0x4b29b,scena/mp2000.dat,But I don't think the people in,32
scena/mp2000.dat:0x4b2ca,scena/mp2000.dat,"Hey, Mom?",10
scena/mp2000.dat:0x4b2e3,scena/mp2000.dat,What is that big thing floating in the sky?,44
scena/mp2000.dat:0x4b31e,scena/mp2000.dat,Is that some new kind of airship?,34
scena/mp2000.dat:0x4b34f,scena/mp2000.dat,"Hey, Mom?",10
scena/mp2000.dat:0x4b368,scena/mp2000.dat,What is that big thing floating in the sky?,44
scena/mp2000.dat:0x4b3a3,scena/mp2000.dat,floating high in the sky?,26
scena/mp2000.dat:0x4b3bd,scena/mp2000.dat,What is that giant thing,25
scena/mp2000.dat:0x4b3e5,scena/mp2000.dat,Why won't anyone tell me what it is?,37
scena/mp2000.dat:0x4b419,scena/mp2000.dat,Sunday School next time.,25
scena/mp2000.dat:0x4b432,scena/mp2000.dat,Hmm. I guess I'll bring it up during,37
scena/mp2000.dat:0x4b466,scena/mp2000.dat,big thing floating in the sky is?,34
scena/mp2000.dat:0x4b488,scena/mp2000.dat,Why can't anyone tell me what that,35
scena/mp2000.dat:0x4b4ba,scena/mp2000.dat,Sunday School next time.,25
scena/mp2000.dat:0x4b4d3,scena/mp2000.dat,Hmm. I guess I'll bring it up during,37
scena/mp2000.dat:0x4b507,scena/mp2000.dat,season really gets on my nerves.,33
scena/mp2000.dat:0x4b528,scena/mp2000.dat,"Man, the non-stop campaigning during election",46
scena/mp2000.dat:0x4b565,scena/mp2000.dat,but to just endure it for now.,31
scena/mp2000.dat:0x4b584,scena/mp2000.dat,Ugh. I guess I have no choice,30
scena/mp2000.dat:0x4b5b1,scena/mp2000.dat,Hmm. Who should I vote for...?,31
scena/mp2000.dat:0x4b5df,scena/mp2000.dat,something that would draw me in.,33
scena/mp2000.dat:0x4b600,scena/mp2000.dat,Neither candidate has that special,35
scena/mp2000.dat:0x4b632,scena/mp2000.dat,"Portos is younger, and a good man, but...",42
scena/mp2000.dat:0x4b66b,scena/mp2000.dat,based solely on that.,22
scena/mp2000.dat:0x4b681,scena/mp2000.dat,I shouldn't vote for someone,29
scena/mp2000.dat:0x4b6ad,scena/mp2000.dat,going on at the bridge.,24
scena/mp2000.dat:0x4b6c5,scena/mp2000.dat,Huh. Seems there's an argument,31
scena/mp2000.dat:0x4b6f3,scena/mp2000.dat,a full-blown fight.,20
scena/mp2000.dat:0x4b707,scena/mp2000.dat,"At this rate, it might turn into",33
scena/mp2000.dat:0x4b745,scena/mp2000.dat,They were really on the verge of a brawl...,44
scena/mp2000.dat:0x4b780,scena/mp2000.dat,went and cooled their heads.,29
scena/mp2000.dat:0x4b79d,scena/mp2000.dat,I'd really like it if both sides,33
scena/mp2000.dat:0x4b7db,scena/mp2000.dat,They were really on the verge of a brawl...,44
scena/mp2000.dat:0x4b816,scena/mp2000.dat,"character, after all.",22
scena/mp2000.dat:0x4b82c,scena/mp2000.dat,The most important thing is someone's,38
scena/mp2000.dat:0x4b861,scena/mp2000.dat,which candidate I vote for.,28
scena/mp2000.dat:0x4b87d,scena/mp2000.dat,I've decided that will help decide,35
scena/mp2000.dat:0x4b8af,scena/mp2000.dat,"character, after all.",22
scena/mp2000.dat:0x4b8c5,scena/mp2000.dat,The most important thing is someone's,38
scena/mp2000.dat:0x4b8fa,scena/mp2000.dat,better person based on posters alone.,38
scena/mp2000.dat:0x4b920,scena/mp2000.dat,"Though, it's hard to tell who is the",37
scena/mp2000.dat:0x4b954,scena/mp2000.dat,difficult to get to the South Block.,37
scena/mp2000.dat:0x4b979,scena/mp2000.dat,"With the bridge not moving, it's really",40
scena/mp2000.dat:0x4b9b0,scena/mp2000.dat,"all of this, anyway...?",24
scena/mp2000.dat:0x4b9c8,scena/mp2000.dat,Just what is Mayor Norman doing about,38
scena/mp2000.dat:0x4b9fd,scena/mp2000.dat,to just set up a ferry.,24
scena/mp2000.dat:0x4ba15,scena/mp2000.dat,I hope he doesn't think it's enough,36
scena/mp2000.dat:0x4ba48,scena/mp2000.dat,difficult to get to the South Block.,37
scena/mp2000.dat:0x4ba6d,scena/mp2000.dat,"With the bridge not moving, it's really",40
scena/mp2000.dat:0x4baa4,scena/mp2000.dat,"all of this, anyway...?",24
scena/mp2000.dat:0x4babc,scena/mp2000.dat,Just what is Mayor Norman doing about,38
scena/mp2000.dat:0x4baf1,scena/mp2000.dat,rushed off somewhere just now.,31
scena/mp2000.dat:0x4bb10,scena/mp2000.dat,Several people from the Bracer Guild,37
scena/mp2000.dat:0x4bb44,scena/mp2000.dat,There might have been some new incident...,43
scena/mp2000.dat:0x4bb7e,scena/mp2000.dat,we can rely on the most.,25
scena/mp2000.dat:0x4bb97,scena/mp2000.dat,"At times like this, it's the bracers that",42
scena/mp2000.dat:0x4bbd0,scena/mp2000.dat,we can rely on the most.,25
scena/mp2000.dat:0x4bbe9,scena/mp2000.dat,"At times like this, it's the bracers that",42
scena/mp2000.dat:0x4bc22,scena/mp2000.dat,everywhere. That makes a difference.,37
scena/mp2000.dat:0x4bc47,scena/mp2000.dat,"Unlike the Royal Army, they have branches",42
scena/mp2000.dat:0x4bc80,scena/mp2000.dat,support the tourism industry!,30
scena/mp2000.dat:0x4bc9e,scena/mp2000.dat,Mayoral candidate Norman promises to,37
scena/mp2000.dat:0x4bcd2,scena/mp2000.dat,Vote for Norman!,17
scena/mp2000.dat:0x4bcf2,scena/mp2000.dat,tourism industry! Vote for Norman!,35
scena/mp2000.dat:0x4bd15,scena/mp2000.dat,Norman is the chief supporter of Ruan's,40
scena/mp2000.dat:0x4bd4c,scena/mp2000.dat,I've taken a break to support Norman.,38
scena/mp2000.dat:0x4bd72,scena/mp2000.dat,"I work as a tourist guide normally, but",40
scena/mp2000.dat:0x4bda9,scena/mp2000.dat,customers in the middle of an election anyway.,47
scena/mp2000.dat:0x4bdd8,scena/mp2000.dat,It's not like I'm gonna have many,34
scena/mp2000.dat:0x4be09,scena/mp2000.dat,at the top of my lungs!,24
scena/mp2000.dat:0x4be21,scena/mp2000.dat,I'll get back to shouting my support for Norman,48
scena/mp2000.dat:0x4be51,scena/mp2000.dat,"Okay. I'm gonna take a bit of a break, and then",48
scena/mp2000.dat:0x4be90,scena/mp2000.dat,again and hand out flyers for Norman!,38
scena/mp2000.dat:0x4beb6,scena/mp2000.dat,"I'm gonna take a break, then get my voice going",48
scena/mp2000.dat:0x4bef5,scena/mp2000.dat,the mayoral election.,22
scena/mp2000.dat:0x4bf0b,scena/mp2000.dat,I have to make sure that Norman wins,37
scena/mp2000.dat:0x4bf3f,scena/mp2000.dat,"Man, things were really tense back there!",42
scena/mp2000.dat:0x4bf78,scena/mp2000.dat,We were seconds away from an all-out brawl.,44
scena/mp2000.dat:0x4bfa4,scena/mp2000.dat,Everyone looked like they were out for blood.,46
scena/mp2000.dat:0x4bfe1,scena/mp2000.dat,gets everyone in town that riled up.,37
scena/mp2000.dat:0x4c006,scena/mp2000.dat,We're in for real trouble if this election business,52
scena/mp2000.dat:0x4c049,scena/mp2000.dat,"that antagonistic, we're in for serious trouble.",49
scena/mp2000.dat:0x4c07a,scena/mp2000.dat,If everyone in town were to become,35
scena/mp2000.dat:0x4c0ac,scena/mp2000.dat,put more effort into understanding each other.,47
scena/mp2000.dat:0x4c0db,scena/mp2000.dat,I think both sides really need to,34
scena/mp2000.dat:0x4c10c,scena/mp2000.dat,with the port lightly.,23
scena/mp2000.dat:0x4c123,scena/mp2000.dat,It's not like Norman is taking the issues,42
scena/mp2000.dat:0x4c15c,scena/mp2000.dat,him in the first place.,24
scena/mp2000.dat:0x4c174,scena/mp2000.dat,"If he were, I wouldn't be supporting",37
scena/mp2000.dat:0x4c1a8,scena/mp2000.dat,"I was a fisherman before, after all.",37
scena/mp2000.dat:0x4c1dc,scena/mp2000.dat,the port problems lightly.,27
scena/mp2000.dat:0x4c1f7,scena/mp2000.dat,It's not like Norman is taking,31
scena/mp2000.dat:0x4c225,scena/mp2000.dat,were aware of this.,20
scena/mp2000.dat:0x4c239,scena/mp2000.dat,I wish more of the townsfolk,29
scena/mp2000.dat:0x4c265,scena/mp2000.dat,to put my voice to good use!,29
scena/mp2000.dat:0x4c282,scena/mp2000.dat,"Okay, we're in the final stretch. Time",39
scena/mp2000.dat:0x4c2b8,scena/mp2000.dat,Vote for Norman for mayor!,27
scena/mp2000.dat:0x4c2e2,scena/mp2000.dat,Ruan's economy!,16
scena/mp2000.dat:0x4c2f2,scena/mp2000.dat,Norman will use tourism to revitalize,38
scena/mp2000.dat:0x4c33f,scena/mp2000.dat,Just what is that thing floating in the sky?,45
scena/mp2000.dat:0x4c37b,scena/mp2000.dat,"the mayor, we'd at least feel safe...",38
scena/mp2000.dat:0x4c3a1,scena/mp2000.dat,If we had some sort of statement from,38
scena/mp2000.dat:0x4c3d6,scena/mp2000.dat,"But so far, we haven't heard anything.",39
scena/mp2000.dat:0x4c40c,scena/mp2000.dat,floating in the sky?,21
scena/mp2000.dat:0x4c421,scena/mp2000.dat,What in the world is that thing that's,39
scena/mp2000.dat:0x4c457,scena/mp2000.dat,"the mayor, we'd at least feel safe...",38
scena/mp2000.dat:0x4c47d,scena/mp2000.dat,If we had some sort of statement from,38
scena/mp2000.dat:0x4c4b2,scena/mp2000.dat,floating in the sky?,21
scena/mp2000.dat:0x4c4c7,scena/mp2000.dat,What in the world is that thing that's,39
scena/mp2000.dat:0x4c4fd,scena/mp2000.dat,"It's not a new Erebonian weapon, right...?",43
scena/mp2000.dat:0x4c537,scena/mp2000.dat,"N-Nah, no way...",17
scena/mp2000.dat:0x4c557,scena/mp2000.dat,Even Erebonia couldn't make something like that.,49
scena/mp2000.dat:0x4c597,scena/mp2000.dat,floating in the sky?,21
scena/mp2000.dat:0x4c5ac,scena/mp2000.dat,What in the world is that thing that's,39
scena/mp2000.dat:0x4c5e2,scena/mp2000.dat,Erebonian weapon isn't that unlikely after all...,50
scena/mp2000.dat:0x4c614,scena/mp2000.dat,I guess the theory that it's a new,35
scena/mp2000.dat:0x4c646,scena/mp2000.dat,"Oh, hey there!",15
scena/mp2000.dat:0x4c664,scena/mp2000.dat,who came to check in on things here.,37
scena/mp2000.dat:0x4c689,scena/mp2000.dat,I'm working as a bodyguard for a merchant,42
scena/mp2000.dat:0x4c6c2,scena/mp2000.dat,protect someone in the town.,29
scena/mp2000.dat:0x4c6df,scena/mp2000.dat,I never thought I'd wind up having to,38
scena/mp2000.dat:0x4c714,scena/mp2000.dat,affiliated with Ruan!,22
scena/mp2000.dat:0x4c72a,scena/mp2000.dat,Makes me feel responsible as a bracer,38
scena/mp2000.dat:0x4c750,scena/mp2000.dat,Public safety is pretty bad right now.,39
scena/mp2000.dat:0x4c786,scena/mp2000.dat,"Oh, hey there!",15
scena/mp2000.dat:0x4c7a4,scena/mp2000.dat,reporting for duty!,20
scena/mp2000.dat:0x4c7b8,scena/mp2000.dat,"Junior bracer Melvin of the Ruan branch,",41
scena/mp2000.dat:0x4c7f0,scena/mp2000.dat,and checking things out!,25
scena/mp2000.dat:0x4c809,scena/mp2000.dat,"Right now, I'm just patrolling around",38
scena/mp2000.dat:0x4c83e,scena/mp2000.dat,"It's exhausting, but it's the perfect job for me!",50
scena/mp2000.dat:0x4c87f,scena/mp2000.dat,Right now I'm patrolling duty!,31
scena/mp2000.dat:0x4c8ad,scena/mp2000.dat,of stamina any time soon!,26
scena/mp2000.dat:0x4c8c7,scena/mp2000.dat,"It's exhausting, but I won't run out",37
scena/mp2000.dat:0x4c8fb,scena/mp2000.dat,"Heya, champs!",14
scena/mp2000.dat:0x4c918,scena/mp2000.dat,what happened at the academy.,30
scena/mp2000.dat:0x4c936,scena/mp2000.dat,I just briefed the mayor about,31
scena/mp2000.dat:0x4c964,scena/mp2000.dat,I head back to the guild.,26
scena/mp2000.dat:0x4c97e,scena/mp2000.dat,I'm taking a bit of a break here before,40
scena/mp2000.dat:0x4c9b5,scena/mp2000.dat,what happened at the academy.,30
scena/mp2000.dat:0x4c9d3,scena/mp2000.dat,I just briefed the mayor about,31
scena/mp2000.dat:0x4ca01,scena/mp2000.dat,I knew you guys would get that case solved. Nice!,50
scena/mp2000.dat:0x4ca42,scena/mp2000.dat,"quite a while, has it not?",27
scena/mp2000.dat:0x4ca5d,scena/mp2000.dat,"Well now, look who it is... It's been",38
scena/mp2000.dat:0x4ca92,scena/mp2000.dat,Yeah. How have you been doing?,31
scena/mp2000.dat:0x4cac4,scena/mp2000.dat,"we were trying to find Clem, aren't you?",41
scena/mp2000.dat:0x4caed,scena/mp2000.dat,You're the one who loaned us your boat when,44
scena/mp2000.dat:0x4cb2c,scena/mp2000.dat,Thanks again for that! You were a big help.,44
scena/mp2000.dat:0x4cb6b,scena/mp2000.dat,"Oh, come now. That was no big deal at all.",43
scena/mp2000.dat:0x4cba5,scena/mp2000.dat,and relax on the water?,24
scena/mp2000.dat:0x4cbbd,scena/mp2000.dat,Would you like to get on the boat again,40
scena/mp2000.dat:0x4cbf4,scena/mp2000.dat,"I wish! We've got work to do, though.",38
scena/mp2000.dat:0x4cc2d,scena/mp2000.dat,"I guess there's no rush with this job, though.",47
scena/mp2000.dat:0x4cc6f,scena/mp2000.dat,don't you relax for a while?,29
scena/mp2000.dat:0x4cc8c,scena/mp2000.dat,"Is that so? Well then, why",27
scena/mp2000.dat:0x4ccb6,scena/mp2000.dat,You can borrow my boat as long as you like.,44
scena/mp2000.dat:0x4cce2,scena/mp2000.dat,Not a lot of customers with the election and all.,50
scena/mp2000.dat:0x4cd23,scena/mp2000.dat,Thanks! We might do just that!,31
scena/mp2000.dat:0x4cd56,scena/mp2000.dat,have many customers.,21
scena/mp2000.dat:0x4cd6b,scena/mp2000.dat,"Since the election is going on, I don't",40
scena/mp2000.dat:0x4cda2,scena/mp2000.dat,I might as well go fishing.,28
scena/mp2000.dat:0x4cdbe,scena/mp2000.dat,I've got so much free time,27
scena/mp2000.dat:0x4cde8,scena/mp2000.dat,"and all, but I wish they'd stop it with the yelling.",53
scena/mp2000.dat:0x4ce1d,scena/mp2000.dat,I get that the election is important,37
scena/mp2000.dat:0x4ce51,scena/mp2000.dat,"just by reading the posters, after all.",40
scena/mp2000.dat:0x4ce79,scena/mp2000.dat,You can figure out the candidates' stances,43
scena/mp2000.dat:0x4ceb3,scena/mp2000.dat,You narrowly missed it.,24
scena/mp2000.dat:0x4cecb,scena/mp2000.dat,I just loaned out my boat.,27
scena/mp2000.dat:0x4cef5,scena/mp2000.dat,as a traveler. He looked very elegant.,39
scena/mp2000.dat:0x4cf1c,scena/mp2000.dat,One of the customers introduced himself,40
scena/mp2000.dat:0x4cf53,scena/mp2000.dat,while out on the boat.,23
scena/mp2000.dat:0x4cf6a,scena/mp2000.dat,He said he was going to compose poetry,39
scena/mp2000.dat:0x4cfa0,scena/mp2000.dat,to write a poem... Hmm...,26
scena/mp2000.dat:0x4cfba,scena/mp2000.dat,To set out on the water just,29
scena/mp2000.dat:0x4cfe6,scena/mp2000.dat,One of the customers struck me as very elegant.,48
scena/mp2000.dat:0x4d025,scena/mp2000.dat,"Oh, what in the...?",20
scena/mp2000.dat:0x4d048,scena/mp2000.dat,They're up to something over by the bridge.,44
scena/mp2000.dat:0x4d074,scena/mp2000.dat,Would you look at that!,24
scena/mp2000.dat:0x4d09b,scena/mp2000.dat,my boat to earlier!,20
scena/mp2000.dat:0x4d0af,scena/mp2000.dat,"Well now, you're the person I rented",37
scena/mp2000.dat:0x4d0e3,scena/mp2000.dat,for a good poem?,17
scena/mp2000.dat:0x4d0f4,scena/mp2000.dat,How was it? Did you find inspiration,37
scena/mp2000.dat:0x4d128,scena/mp2000.dat,"Indeed, I did! Thank you so much, kind sir.",44
scena/mp2000.dat:0x4d168,scena/mp2000.dat,You could say it's my life's work!,35
scena/mp2000.dat:0x4d1a4,scena/mp2000.dat,"Hohoho! Glad to hear it, my boy.",33
scena/mp2000.dat:0x4d1d4,scena/mp2000.dat,feel free to drop by.,22
scena/mp2000.dat:0x4d1ea,scena/mp2000.dat,"If you ever need my boat again,",32
scena/mp2000.dat:0x4d219,scena/mp2000.dat,a whole day if you wanted to.,30
scena/mp2000.dat:0x4d237,scena/mp2000.dat,"Right now, you could have it for",33
scena/mp2000.dat:0x4d267,scena/mp2000.dat,"out, I'll still be here doing my job.",38
scena/mp2000.dat:0x4d28d,scena/mp2000.dat,Regardless of how the election turns,37
scena/mp2000.dat:0x4d2c1,scena/mp2000.dat,and I don't see that changing.,31
scena/mp2000.dat:0x4d2e0,scena/mp2000.dat,"That's how things have always been,",36
scena/mp2000.dat:0x4d313,scena/mp2000.dat,"man who works down by the docks, isn't he?",43
scena/mp2000.dat:0x4d33e,scena/mp2000.dat,"Oh, yes, I know that name. He's the young",42
scena/mp2000.dat:0x4d377,scena/mp2000.dat,seems pretty invested in the upcoming election.,48
scena/mp2000.dat:0x4d3a7,scena/mp2000.dat,"As with so many other people around here, he",45
scena/mp2000.dat:0x4d3e3,scena/mp2000.dat,it just about drowned out the bell.,36
scena/mp2000.dat:0x4d407,scena/mp2000.dat,"That noise was so loud, why,",29
scena/mp2000.dat:0x4d433,scena/mp2000.dat,the commotion was all about. But...,36
scena/mp2000.dat:0x4d457,scena/mp2000.dat,"Initially, I was curious what",30
scena/mp2000.dat:0x4d48e,scena/mp2000.dat,thoughts to the side and grabbed a bite to eat at,50
scena/mp2000.dat:0x4d4c0,scena/mp2000.dat,"I have to admit, I was so hungry, I pushed those",49
scena/mp2000.dat:0x4d500,scena/mp2000.dat,"exactly, but I remember it came from up above.",47
scena/mp2000.dat:0x4d52f,scena/mp2000.dat,"I can't say I remember when that loud noise was,",49
scena/mp2000.dat:0x4d56f,scena/mp2000.dat,of some sort. I can tell you that much.,40
scena/mp2000.dat:0x4d597,scena/mp2000.dat,"It sounded like a big, hard collision",38
scena/mp2000.dat:0x4d5cc,scena/mp2000.dat,You want to know about the noise I heard?,42
scena/mp2000.dat:0x4d605,scena/mp2000.dat,was loud and it came from somewhere up above.,46
scena/mp2000.dat:0x4d633,scena/mp2000.dat,"Well, one thing I do remember is that it",41
scena/mp2000.dat:0x4d66b,scena/mp2000.dat,like up on the hotel balconies?,32
scena/mp2000.dat:0x4d68b,scena/mp2000.dat,"When you say 'above,' do you mean",34
scena/mp2000.dat:0x4d6c0,scena/mp2000.dat,"Yes, I think that's probably where it came from.",49
scena/mp2000.dat:0x4d700,scena/mp2000.dat,of some sort. I can tell you that much.,40
scena/mp2000.dat:0x4d728,scena/mp2000.dat,"It sounded like a big, hard collision",38
scena/mp2000.dat:0x4d75d,scena/mp2000.dat,tell you. I don't remember. Sorry.,35
scena/mp2000.dat:0x4d780,scena/mp2000.dat,"When it happened, though, I couldn't",37
scena/mp2000.dat:0x4d7b4,scena/mp2000.dat,That's a bit of a bummer...,28
scena/mp2000.dat:0x4d7e4,scena/mp2000.dat,"Anyway, thanks for sharing that with us.",41
scena/mp2000.dat:0x4d820,scena/mp2000.dat,You gave us some valuable clues to work with.,46
scena/mp2000.dat:0x4d862,scena/mp2000.dat,"I heard the bell go off, just like I always do.",48
scena/mp2000.dat:0x4d892,scena/mp2000.dat,I remember paying a visit to Lavantar after,44
scena/mp2000.dat:0x4d8cd,scena/mp2000.dat,the hotel basement. That much I know.,38
scena/mp2000.dat:0x4d8f3,scena/mp2000.dat,"At that point, there was nobody in",35
scena/mp2000.dat:0x4d925,scena/mp2000.dat,"When I got back, Norman's son was there.",41
scena/mp2000.dat:0x4d95d,scena/mp2000.dat,I went to Lavantar for lunch today.,36
scena/mp2000.dat:0x4d990,scena/mp2000.dat,"lunch once I hear the bell toll, you see.",42
scena/mp2000.dat:0x4d9ba,scena/mp2000.dat,It's a habit of mine to always grab,36
scena/mp2000.dat:0x4d9ed,scena/mp2000.dat,routine to have. I like it.,28
scena/mp2000.dat:0x4da09,scena/mp2000.dat,"Aw, that's a nice little",25
scena/mp2000.dat:0x4da35,scena/mp2000.dat,"the hotel as you were heading out, right?",42
scena/mp2000.dat:0x4da5f,scena/mp2000.dat,"Anyway, that would mean you passed through",43
scena/mp2000.dat:0x4da9d,scena/mp2000.dat,"Yes, of course.",16
scena/mp2000.dat:0x4dabc,scena/mp2000.dat,"to get to where I was going, now, could I?",43
scena/mp2000.dat:0x4dae7,scena/mp2000.dat,I couldn't exactly jump across the sea,39
scena/mp2000.dat:0x4db1d,scena/mp2000.dat,"Haha, yeah, I guess not.",25
scena/mp2000.dat:0x4db4a,scena/mp2000.dat,the hotel on your way out?,27
scena/mp2000.dat:0x4db65,scena/mp2000.dat,Did you see anyone inside,26
scena/mp2000.dat:0x4db92,scena/mp2000.dat,Ernest working the reception desk.,35
scena/mp2000.dat:0x4dbb5,scena/mp2000.dat,"Obviously, there was good old",30
scena/mp2000.dat:0x4dbe2,scena/mp2000.dat,were as quiet as could be.,27
scena/mp2000.dat:0x4dbfd,scena/mp2000.dat,"But other than him, things",27
scena/mp2000.dat:0x4dc27,scena/mp2000.dat,Meaning...you didn't run into anyone else?,43
scena/mp2000.dat:0x4dc65,scena/mp2000.dat,and first floor were completely quiet.,39
scena/mp2000.dat:0x4dc8c,scena/mp2000.dat,"Right. When I left, both the basement",38
scena/mp2000.dat:0x4dcc1,scena/mp2000.dat,"When I got back, Norman's son was there.",41
scena/mp2000.dat:0x4dcf9,scena/mp2000.dat,"Oh, I get it. You're talking about Belden, huh?",48
scena/mp2000.dat:0x4dd29,scena/mp2000.dat,"Wait, who do you mean by Norman's son...?",42
scena/mp2000.dat:0x4dd66,scena/mp2000.dat,Thanks for talking to us.,26
scena/mp2000.dat:0x4dd80,scena/mp2000.dat,"Okay, now it all makes sense.",30
scena/mp2000.dat:0x4ddb1,scena/mp2000.dat,with your investigation.,25
scena/mp2000.dat:0x4ddca,scena/mp2000.dat,Don't mention it. Good luck,28
scena/mp2000.dat:0x4ddf5,scena/mp2000.dat,I went to Lavantar for lunch today.,36
scena/mp2000.dat:0x4de28,scena/mp2000.dat,"lunch once I hear the bell toll, you see.",42
scena/mp2000.dat:0x4de52,scena/mp2000.dat,It's a habit of mine to always grab,36
scena/mp2000.dat:0x4de85,scena/mp2000.dat,"You want to know about my lunch, eh?",37
scena/mp2000.dat:0x4deb9,scena/mp2000.dat,"Well, I went to Lavantar to eat today.",39
scena/mp2000.dat:0x4deef,scena/mp2000.dat,"lunch once I hear the bell toll, you see.",42
scena/mp2000.dat:0x4df19,scena/mp2000.dat,It's a habit of mine to always grab,36
scena/mp2000.dat:0x4df4c,scena/mp2000.dat,"Wait, bell? What bell?",23
scena/mp2000.dat:0x4df76,scena/mp2000.dat,The one on the Langland Bridge.,32
scena/mp2000.dat:0x4dfa9,scena/mp2000.dat,whenever the drawbridge went up.,33
scena/mp2000.dat:0x4dfca,scena/mp2000.dat,Do you remember? The bell would ring,37
scena/mp2000.dat:0x4e002,scena/mp2000.dat,"Oh, now that you mention it!",29
scena/mp2000.dat:0x4e032,scena/mp2000.dat,"Yeah, it was definitely ringing.",33
scena/mp2000.dat:0x4e067,scena/mp2000.dat,"of day. It's like a clock to us locals, more or less.",54
scena/mp2000.dat:0x4e09d,scena/mp2000.dat,That's because it always goes off at specific times,52
scena/mp2000.dat:0x4e0e0,scena/mp2000.dat,"Huh, that's pretty neat.",25
scena/mp2000.dat:0x4e10c,scena/mp2000.dat,but I guess it gets the job done.,34
scena/mp2000.dat:0x4e12e,scena/mp2000.dat,"Bit big for a clock, if you ask me,",36
scena/mp2000.dat:0x4e165,scena/mp2000.dat,"You know, Estelle...",21
scena/mp2000.dat:0x4e18e,scena/mp2000.dat,as we go about our investigation.,34
scena/mp2000.dat:0x4e1b0,scena/mp2000.dat,It may be a good idea to inquire about <C2>the bell<C0>,56
scena/mp2000.dat:0x4e1fb,scena/mp2000.dat,Huh? What makes you say that?,30
scena/mp2000.dat:0x4e22c,scena/mp2000.dat,they were doing when they last heard it.,41
scena/mp2000.dat:0x4e255,scena/mp2000.dat,Because people are bound to remember what,42
scena/mp2000.dat:0x4e2a0,scena/mp2000.dat,"a person's memory, as this kind gentleman has",46
scena/mp2000.dat:0x4e2ce,scena/mp2000.dat,Sound has a way of leaving an imprint on,41
scena/mp2000.dat:0x4e30a,scena/mp2000.dat,"Hey, that's a good point!",26
scena/mp2000.dat:0x4e337,scena/mp2000.dat,You're way smarter than I'll ever be.,38
scena/mp2000.dat:0x4e35d,scena/mp2000.dat,"See, this is why I like having you around.",43
scena/mp2000.dat:0x4e39b,scena/mp2000.dat,"Haha, you flatter me.",22
scena/mp2000.dat:0x4e3c5,scena/mp2000.dat,been helpful.,14
scena/mp2000.dat:0x4e3d3,scena/mp2000.dat,"about, but it sounds like our conversation has",47
scena/mp2000.dat:0x4e402,scena/mp2000.dat,Hmm... I'm not sure what you ladies are going on,49
scena/mp2000.dat:0x4e44f,scena/mp2000.dat,"Yeah, really helpful. Thank you, sir.",38
scena/mp2000.dat:0x4e489,scena/mp2000.dat,and ask around about that bell!,32
scena/mp2000.dat:0x4e4a9,scena/mp2000.dat,Now to pound the pavement,26
scena/mp2000.dat:0x4e4d6,scena/mp2000.dat,Very well. Lead the way!,25
scena/mp2000.dat:0x4e502,scena/mp2000.dat,it just about drowned out the bell.,36
scena/mp2000.dat:0x4e526,scena/mp2000.dat,"That noise was so loud, why,",29
scena/mp2000.dat:0x4e552,scena/mp2000.dat,the commotion was all about. But...,36
scena/mp2000.dat:0x4e576,scena/mp2000.dat,"Initially, I was curious what",30
scena/mp2000.dat:0x4e5ad,scena/mp2000.dat,thoughts to the side and grabbed a bite to eat at,50
scena/mp2000.dat:0x4e5df,scena/mp2000.dat,"I have to admit, I was so hungry, I pushed those",49
scena/mp2000.dat:0x4e61f,scena/mp2000.dat,on top of the Langland Bridge.,31
scena/mp2000.dat:0x4e63e,scena/mp2000.dat,"Oh, you must mean the bell",27
scena/mp2000.dat:0x4e668,scena/mp2000.dat,live my life without that thing.,33
scena/mp2000.dat:0x4e689,scena/mp2000.dat,"I'm telling you, I couldn't",28
scena/mp2000.dat:0x4e6b4,scena/mp2000.dat,"Actually, speaking of that old bell...",39
scena/mp2000.dat:0x4e6ea,scena/mp2000.dat,Did you remember something else?,33
scena/mp2000.dat:0x4e71e,scena/mp2000.dat,this conversation earlier?,27
scena/mp2000.dat:0x4e739,scena/mp2000.dat,Not exactly. Did we just have,30
scena/mp2000.dat:0x4e766,scena/mp2000.dat,"About that loud noise I heard earlier, I mean.",47
scena/mp2000.dat:0x4e7a4,scena/mp2000.dat,"a big, hard collision, didn't you, sir?",40
scena/mp2000.dat:0x4e7cc,scena/mp2000.dat,"Oh, right, we did. You said it was like",40
scena/mp2000.dat:0x4e807,scena/mp2000.dat,"Yes, that's the one!",21
scena/mp2000.dat:0x4e82b,scena/mp2000.dat,it just about drowned out the bell.,36
scena/mp2000.dat:0x4e84f,scena/mp2000.dat,"That noise was so loud, why,",29
scena/mp2000.dat:0x4e87b,scena/mp2000.dat,knowing how that bell sounds.,30
scena/mp2000.dat:0x4e899,scena/mp2000.dat,"Dang, that must've been loud,",30
scena/mp2000.dat:0x4e8cb,scena/mp2000.dat,noise at basically the same time as the bell?,46
scena/mp2000.dat:0x4e8f9,scena/mp2000.dat,So what you mean to tell me is you heard this,46
scena/mp2000.dat:0x4e93a,scena/mp2000.dat,"Well, I guess I did, now that you mention it.",46
scena/mp2000.dat:0x4e977,scena/mp2000.dat,"noise, then it could only mean one thing.",42
scena/mp2000.dat:0x4e9a1,scena/mp2000.dat,If we suppose the culprit made that,36
scena/mp2000.dat:0x4e9d8,scena/mp2000.dat,the time the bell went off is our attacker.,44
scena/mp2000.dat:0x4ea04,scena/mp2000.dat,Yeah. Whoever doesn't have an alibi at,39
scena/mp2000.dat:0x4ea3f,scena/mp2000.dat,with our current suspects so far.,34
scena/mp2000.dat:0x4ea61,scena/mp2000.dat,Time for some follow-up questions,34
scena/mp2000.dat:0x4ea96,scena/mp2000.dat,on top of the Langland Bridge.,31
scena/mp2000.dat:0x4eab5,scena/mp2000.dat,"Oh, you must mean the bell",27
scena/mp2000.dat:0x4eadf,scena/mp2000.dat,live my life without that thing.,33
scena/mp2000.dat:0x4eb00,scena/mp2000.dat,"I'm telling you, I couldn't",28
scena/mp2000.dat:0x4eb2b,scena/mp2000.dat,Belden? You mean that boy of Norman's?,39
scena/mp2000.dat:0x4eb61,scena/mp2000.dat,"inside the basement with me, at least.",39
scena/mp2000.dat:0x4eb88,scena/mp2000.dat,Hmm... I don't recall him being,32
scena/mp2000.dat:0x4ebb7,scena/mp2000.dat,"Hohoho! You've solved the case, haven't you?",45
scena/mp2000.dat:0x4ebf3,scena/mp2000.dat,"Ah, now that is wonderful.",27
scena/mp2000.dat:0x4ec1d,scena/mp2000.dat,"Hohoho! You've solved the case, haven't you?",45
scena/mp2000.dat:0x4ec59,scena/mp2000.dat,Was my testimony any useful?,29
scena/mp2000.dat:0x4ec85,scena/mp2000.dat,What will you ask?,19
scena/mp2000.dat:0x4ec98,scena/mp2000.dat,Ask about Kooper,17
scena/mp2000.dat:0x4eca9,scena/mp2000.dat,Ask about the noise,20
scena/mp2000.dat:0x4ecbd,scena/mp2000.dat,Ask about lunch,16
scena/mp2000.dat:0x4eccd,scena/mp2000.dat,Ask about the bell,19
scena/mp2000.dat:0x4ece0,scena/mp2000.dat,Ask about Belden,17
scena/mp2000.dat:0x4ecf2,scena/mp2000.dat,I'm gonna play outside with Atget today.,41
scena/mp2000.dat:0x4ed4f,scena/mp2000.dat,not fond of his campaign promises.,35
scena/mp2000.dat:0x4ed72,scena/mp2000.dat,"Norman is a great guy and all, but I'm",39
scena/mp2000.dat:0x4eda8,scena/mp2000.dat,always a town of sailors and fishermen.,40
scena/mp2000.dat:0x4edd0,scena/mp2000.dat,Ruan isn't all about tourism. It was,37
scena/mp2000.dat:0x4ee04,scena/mp2000.dat,I really wish he wouldn't forget that.,39
scena/mp2000.dat:0x4ee3a,scena/mp2000.dat,not fond of his campaign promises.,35
scena/mp2000.dat:0x4ee5d,scena/mp2000.dat,"Norman is a great guy and all, but I'm",39
scena/mp2000.dat:0x4ee93,scena/mp2000.dat,"Hey now, what's going on?",26
scena/mp2000.dat:0x4eebc,scena/mp2000.dat,There's something going on over at the bridge.,47
scena/mp2000.dat:0x4eefa,scena/mp2000.dat,Arguments are best settled in fights.,38
scena/mp2000.dat:0x4ef20,scena/mp2000.dat,I guess a free-for-all wouldn't be that bad.,45
scena/mp2000.dat:0x4ef5c,scena/mp2000.dat,you'll never understand one another.,37
scena/mp2000.dat:0x4ef81,scena/mp2000.dat,"If you avoid physical confrontation,",37
scena/mp2000.dat:0x4efb5,scena/mp2000.dat,you'll never understand one another.,37
scena/mp2000.dat:0x4efda,scena/mp2000.dat,"If you avoid physical confrontation,",37
scena/mp2000.dat:0x4f00e,scena/mp2000.dat,"At least, that's what I think.",31
scena/mp2000.dat:0x4f03c,scena/mp2000.dat,to get into the Royal Academy.,31
scena/mp2000.dat:0x4f05b,scena/mp2000.dat,My son apparently wants to take the exam,41
scena/mp2000.dat:0x4f093,scena/mp2000.dat,tons of mira for tuition.,26
scena/mp2000.dat:0x4f0ad,scena/mp2000.dat,"If he's gonna go there, I'm gonna need",39
scena/mp2000.dat:0x4f0e3,scena/mp2000.dat,to save up mira on the next voyage.,36
scena/mp2000.dat:0x4f107,scena/mp2000.dat,*Sigh* I guess I'll have to do my best,39
scena/mp2000.dat:0x4f13d,scena/mp2000.dat,I'll need tons of mira.,24
scena/mp2000.dat:0x4f155,scena/mp2000.dat,"If he's gonna go to the Royal Academy,",39
scena/mp2000.dat:0x4f18b,scena/mp2000.dat,paid extra during the next voyage.,35
scena/mp2000.dat:0x4f1ae,scena/mp2000.dat,So I guess I gotta do my best to get,37
scena/mp2000.dat:0x4f1e2,scena/mp2000.dat,"*Yawn* Man, I've just got nothing to do lately.",48
scena/mp2000.dat:0x4f221,scena/mp2000.dat,town during the election.,26
scena/mp2000.dat:0x4f23b,scena/mp2000.dat,Looks like tourists are avoiding our,37
scena/mp2000.dat:0x4f26f,scena/mp2000.dat,should be an attraction of itself.,35
scena/mp2000.dat:0x4f292,scena/mp2000.dat,I personally think the election,32
scena/mp2000.dat:0x4f2c1,scena/mp2000.dat,big impact on the docks.,25
scena/mp2000.dat:0x4f2da,scena/mp2000.dat,The election will have a,25
scena/mp2000.dat:0x4f302,scena/mp2000.dat,say things they think we want to hear.,39
scena/mp2000.dat:0x4f329,scena/mp2000.dat,Candidates are always careful to,33
scena/mp2000.dat:0x4f359,scena/mp2000.dat,with his focus on tourism and all!,35
scena/mp2000.dat:0x4f37c,scena/mp2000.dat,"Though, we're definitely backing Norman,",41
scena/mp2000.dat:0x4f3b4,scena/mp2000.dat,"a comeback. It's so old-fashioned, I tell ya!",46
scena/mp2000.dat:0x4f3e2,scena/mp2000.dat,I don't see the shipping business making,41
scena/mp2000.dat:0x4f41a,scena/mp2000.dat,got into a fight recently.,27
scena/mp2000.dat:0x4f435,scena/mp2000.dat,"Man, I heard that the two factions",35
scena/mp2000.dat:0x4f467,scena/mp2000.dat,been over to help in a split second!,37
scena/mp2000.dat:0x4f48c,scena/mp2000.dat,Sad to hear it's over. I would've,34
scena/mp2000.dat:0x4f4bd,scena/mp2000.dat,been over to help in a split second!,37
scena/mp2000.dat:0x4f4e2,scena/mp2000.dat,Sad to hear it's over. I would've,34
scena/mp2000.dat:0x4f513,scena/mp2000.dat,"Huh, is something the matter?",30
scena/mp2000.dat:0x4f540,scena/mp2000.dat,the airliners will be back up.,31
scena/mp2000.dat:0x4f55f,scena/mp2000.dat,"Sorry, but we don't have any idea when",39
scena/mp2000.dat:0x4f595,scena/mp2000.dat,so above the timetable.,24
scena/mp2000.dat:0x4f5ad,scena/mp2000.dat,"In fact, I just posted a flyer saying",38
scena/mp2000.dat:0x4f5e2,scena/mp2000.dat,stuck at their docks.,22
scena/mp2000.dat:0x4f5f8,scena/mp2000.dat,Apparently all the airliners are,33
scena/mp2000.dat:0x4f628,scena/mp2000.dat,lucky that there weren't any crashes.,38
scena/mp2000.dat:0x4f64e,scena/mp2000.dat,I suppose we should consider ourselves,39
scena/mp2000.dat:0x4f684,scena/mp2000.dat,Liberl Orbalship Co. yet either.,33
scena/mp2000.dat:0x4f6a5,scena/mp2000.dat,We haven't heard anything from,31
scena/mp2000.dat:0x4f6d3,scena/mp2000.dat,"communication, that's only to be expected.",43
scena/mp2000.dat:0x4f6fe,scena/mp2000.dat,Without being able to use orbments for,39
scena/mp2000.dat:0x4f734,scena/mp2000.dat,Liberl Orbalship Co. yet either.,33
scena/mp2000.dat:0x4f755,scena/mp2000.dat,We haven't heard anything from,31
scena/mp2000.dat:0x4f783,scena/mp2000.dat,Orbal mechanism locks all good!,32
scena/mp2000.dat:0x4f7b2,scena/mp2000.dat,Everything's working just fine.,32
scena/mp2000.dat:0x4f7e1,scena/mp2000.dat,I'm a mechanic in training.,28
scena/mp2000.dat:0x4f80c,scena/mp2000.dat,really wants to be a researcher.,33
scena/mp2000.dat:0x4f82d,scena/mp2000.dat,"Deep down, I think my brother Clive",36
scena/mp2000.dat:0x4f860,scena/mp2000.dat,a first-rate mechanic as soon as I can!,40
scena/mp2000.dat:0x4f888,scena/mp2000.dat,I'm gonna do my best and become,32
scena/mp2000.dat:0x4f8b7,scena/mp2000.dat,a first-rate mechanic as soon as I can!,40
scena/mp2000.dat:0x4f8df,scena/mp2000.dat,I'm gonna do my best and become,32
scena/mp2000.dat:0x4f90e,scena/mp2000.dat,"to study before I get there, though.",37
scena/mp2000.dat:0x4f933,scena/mp2000.dat,I've still got tons of things I need,37
scena/mp2000.dat:0x4f967,scena/mp2000.dat,Orbment mechanisms in the ramp are good!,41
scena/mp2000.dat:0x4f99f,scena/mp2000.dat,"With that, we're ready to dock.",32
scena/mp2000.dat:0x4f9ce,scena/mp2000.dat,More and more work has been coming my way.,43
scena/mp2000.dat:0x4fa08,scena/mp2000.dat,become a first-rate mechanic!,30
scena/mp2000.dat:0x4fa26,scena/mp2000.dat,I'm gonna keep learning and,28
scena/mp2000.dat:0x4fa51,scena/mp2000.dat,My brother Clive is aboard the Arseille.,41
scena/mp2000.dat:0x4fa89,scena/mp2000.dat,he's already repaired their orbments.,38
scena/mp2000.dat:0x4faaf,scena/mp2000.dat,"He's an amazing mechanic, so I'm sure",38
scena/mp2000.dat:0x4fae4,scena/mp2000.dat,"I-I'll do my best over here, too!",34
scena/mp2000.dat:0x4fb15,scena/mp2000.dat,orbments where he works.,25
scena/mp2000.dat:0x4fb2e,scena/mp2000.dat,I'm sure Clive has already fixed the,37
scena/mp2000.dat:0x4fb62,scena/mp2000.dat,"I'll do my best over here, too!",32
scena/mp2000.dat:0x4fb91,scena/mp2000.dat,I can't seem to find anything wrong.,37
scena/mp2000.dat:0x4fbb6,scena/mp2000.dat,"I've checked dozens of times, and",34
scena/mp2000.dat:0x4fbe7,scena/mp2000.dat,"And yet, the orbments just won't work...",41
scena/mp2000.dat:0x4fc1f,scena/mp2000.dat,But I'd fail as a mechanic if I just gave up now.,50
scena/mp2000.dat:0x4fc60,scena/mp2000.dat,have to! I'll figure out the the cause!,40
scena/mp2000.dat:0x4fc88,scena/mp2000.dat,I'll check everything a thousand times if I,44
scena/mp2000.dat:0x4fcc3,scena/mp2000.dat,mechanic is checking things thoroughly.,40
scena/mp2000.dat:0x4fceb,scena/mp2000.dat,Clive told me that the key to being a good,43
scena/mp2000.dat:0x4fd25,scena/mp2000.dat,have to! I'll figure out the the cause!,40
scena/mp2000.dat:0x4fd4d,scena/mp2000.dat,I'll check everything a thousand times if I,44
scena/mp2000.dat:0x4fd88,scena/mp2000.dat,"Sorry, but I'm in the middle of a meeting.",43
scena/mp2000.dat:0x4fdc2,scena/mp2000.dat,Clive is highly regarded as a researcher.,42
scena/mp2000.dat:0x4fdfb,scena/mp2000.dat,being considered at the Central Factory.,41
scena/mp2000.dat:0x4fe24,scena/mp2000.dat,So much so that his new engine designs were,44
scena/mp2000.dat:0x4fe5f,scena/mp2000.dat,he could look after Todd.,26
scena/mp2000.dat:0x4fe79,scena/mp2000.dat,But he put a stop to all of that so,36
scena/mp2000.dat:0x4feac,scena/mp2000.dat,why Todd is working so hard.,29
scena/mp2000.dat:0x4fec9,scena/mp2000.dat,I get the feeling that's the reason,36
scena/mp2000.dat:0x4fefc,scena/mp2000.dat,he'll make a great mechanic.,29
scena/mp2000.dat:0x4ff19,scena/mp2000.dat,"With a bit more time and work, I think",39
scena/mp2000.dat:0x4ff4f,scena/mp2000.dat,Clive won't have to look after him.,36
scena/mp2000.dat:0x4ff73,scena/mp2000.dat,Todd is working incredibly hard so his brother,47
scena/mp2000.dat:0x4ffb1,scena/mp2000.dat,he'll make a great mechanic.,29
scena/mp2000.dat:0x4ffce,scena/mp2000.dat,"With a bit more time and work, I think",39
scena/mp2000.dat:0x50004,scena/mp2000.dat,prep for the next flight by ourselves.,39
scena/mp2000.dat:0x5002b,scena/mp2000.dat,Phew... We'll have to take care of docking,43
scena/mp2000.dat:0x50065,scena/mp2000.dat,"Todd's at Sunday School, after all.",36
scena/mp2000.dat:0x50098,scena/mp2000.dat,mechanic in his own right.,27
scena/mp2000.dat:0x500b3,scena/mp2000.dat,Todd is pretty close to becoming a great,41
scena/mp2000.dat:0x500eb,scena/mp2000.dat,start working as a researcher.,31
scena/mp2000.dat:0x5010a,scena/mp2000.dat,"Once that happens, Clive will officially",41
scena/mp2000.dat:0x50142,scena/mp2000.dat,We've got a real team spirit here.,35
scena/mp2000.dat:0x50165,scena/mp2000.dat,"It'll get busier for us, but we'll manage.",43
scena/mp2000.dat:0x5019f,scena/mp2000.dat,why the orbments stopped working.,34
scena/mp2000.dat:0x501c1,scena/mp2000.dat,Not even us mechanics have any idea,36
scena/mp2000.dat:0x501f4,scena/mp2000.dat,figured something out...,25
scena/mp2000.dat:0x5020d,scena/mp2000.dat,"If Clive were here, he might have",34
scena/mp2000.dat:0x5023e,scena/mp2000.dat,on the Arseille crew.,22
scena/mp2000.dat:0x50272,scena/mp2000.dat, he's,6
scena/mp2000.dat:0x50287,scena/mp2000.dat,it is that we can.,19
scena/mp2000.dat:0x5029a,scena/mp2000.dat,We'll just have to do whatever,31
scena/mp2000.dat:0x502c8,scena/mp2000.dat,suddenly stopped working.,26
scena/mp2000.dat:0x502e2,scena/mp2000.dat,We still don't know why the orbments,37
scena/mp2000.dat:0x50316,scena/mp2000.dat,aboard the Arseille trying to figure things out.,49
scena/mp2000.dat:0x50347,scena/mp2000.dat,I'm sure Clive is racking his brain,36
scena/mp2000.dat:0x5037a,scena/mp2000.dat,And there's nothing wrong mechanically.,40
scena/mp2000.dat:0x503a2,scena/mp2000.dat,Yep. The quartz is still working fine.,39
scena/mp2000.dat:0x503d8,scena/mp2000.dat,But the device at the core just won't work.,44
scena/mp2000.dat:0x50413,scena/mp2000.dat,that we don't understand yet.,30
scena/mp2000.dat:0x50431,scena/mp2000.dat,It might be some more fundamental error,40
scena/mp2000.dat:0x50468,scena/mp2000.dat,anything wrong with them.,26
scena/mp2000.dat:0x50482,scena/mp2000.dat,None of the orbments appear to have,36
scena/mp2000.dat:0x504b5,scena/mp2000.dat,But...they still won't work.,29
scena/mp2000.dat:0x504e1,scena/mp2000.dat,Hmm. They both look pretty handsome.,37
scena/mp2000.dat:0x50515,scena/mp2000.dat,knows what they're doing.,26
scena/mp2000.dat:0x5052f,scena/mp2000.dat,Whoever took these pictures,28
scena/mp2000.dat:0x5055a,scena/mp2000.dat,Norman's house is right over there. Look.,42
scena/mp2000.dat:0x50593,scena/mp2000.dat,It's that building there.,26
scena/mp2000.dat:0x505bc,scena/mp2000.dat,To think the day would come...,31
scena/mp2000.dat:0x505db,scena/mp2000.dat,The famed Dalmore family is finished.,38
scena/mp2000.dat:0x50610,scena/mp2000.dat,mean by a 'watershed moment.',30
scena/mp2000.dat:0x5062e,scena/mp2000.dat,I suppose this must be what they,33
scena/mp2000.dat:0x5065e,scena/mp2000.dat,something of a sight.,22
scena/mp2000.dat:0x50674,scena/mp2000.dat,"Goodness, that disturbance earlier was",39
scena/mp2000.dat:0x506aa,scena/mp2000.dat,a matter of time before a brawl broke out.,43
scena/mp2000.dat:0x506d5,scena/mp2000.dat,"With all those sailors, it was only",36
scena/mp2000.dat:0x50708,scena/mp2000.dat,having so much energy.,23
scena/mp2000.dat:0x5071f,scena/mp2000.dat,"Though, it's nice to see the youngsters",40
scena/mp2000.dat:0x50756,scena/mp2000.dat,good thing to see.,19
scena/mp2000.dat:0x50769,scena/mp2000.dat,Youngsters having so much energy is a,38
scena/mp2000.dat:0x5079e,scena/mp2000.dat,had street stalls and a market.,32
scena/mp2000.dat:0x507be,scena/mp2000.dat,This place used to be so lively. We,36
scena/mp2000.dat:0x507f1,scena/mp2000.dat,"their all for the election, but...",35
scena/mp2000.dat:0x50814,scena/mp2000.dat,Seems like the youngsters are giving,37
scena/mp2000.dat:0x50848,scena/mp2000.dat,return to its former glory.,28
scena/mp2000.dat:0x50864,scena/mp2000.dat,I doubt the town will ever,27
scena/mp2000.dat:0x5088e,scena/mp2000.dat,had street stalls and a market.,32
scena/mp2000.dat:0x508ae,scena/mp2000.dat,This place used to be so lively. We,36
scena/mp2000.dat:0x508e1,scena/mp2000.dat,return to its former glory.,28
scena/mp2000.dat:0x508fd,scena/mp2000.dat,I doubt the town will ever,27
scena/mp2000.dat:0x50927,scena/mp2000.dat,like I've taken a trip back in time.,37
scena/mp2000.dat:0x5094c,scena/mp2000.dat,Not being able to use the bridge feels,39
scena/mp2000.dat:0x50982,scena/mp2000.dat,rides across. But it's such a hassle.,38
scena/mp2000.dat:0x509a8,scena/mp2000.dat,"Sure, there's a ferry giving free",34
scena/mp2000.dat:0x509d9,scena/mp2000.dat,the comforts of modern life.,29
scena/mp2000.dat:0x509f6,scena/mp2000.dat,I suppose I've gotten too used to,34
scena/mp2000.dat:0x50a27,scena/mp2000.dat,like I've taken a trip back in time.,37
scena/mp2000.dat:0x50a4c,scena/mp2000.dat,Not being able to use the bridge feels,39
scena/mp2000.dat:0x50a82,scena/mp2000.dat,rides across. But it's such a hassle.,38
scena/mp2000.dat:0x50aa8,scena/mp2000.dat,"Sure, there's a ferry giving free",34
scena/mp2000.dat:0x50ad9,scena/mp2000.dat,than it used to be back in the day.,36
scena/mp2000.dat:0x50afd,scena/mp2000.dat,The ferry landing's even more crowded,38
scena/mp2000.dat:0x50b32,scena/mp2000.dat,their own boats back then.,27
scena/mp2000.dat:0x50b4d,scena/mp2000.dat,"You see, most families had",27
scena/mp2000.dat:0x50b77,scena/mp2000.dat,to get where they wanted to go.,32
scena/mp2000.dat:0x50b97,scena/mp2000.dat,That way no one had to rely on a ferry,39
scena/mp2000.dat:0x50bcd,scena/mp2000.dat,than it used to be back in the day.,36
scena/mp2000.dat:0x50bf1,scena/mp2000.dat,The ferry landing's even more crowded,38
scena/mp2000.dat:0x50c26,scena/mp2000.dat,made me exhausted.,19
scena/mp2000.dat:0x50c39,scena/mp2000.dat,My word. Just standing around there,36
scena/mp2000.dat:0x50c6c,scena/mp2000.dat,"Um, excuse me!",15
scena/mp2000.dat:0x50c8e,scena/mp2000.dat,Is there something I can help you with?,40
scena/mp2000.dat:0x50cc5,scena/mp2000.dat,"of your time, if that's alright.",33
scena/mp2000.dat:0x50ce6,scena/mp2000.dat,"Yes, we just wanted to have a minute",37
scena/mp2000.dat:0x50d1e,scena/mp2000.dat,before showing him Murdock's letter.,37
scena/mp2000.dat:0x50d43,scena/mp2000.dat,<C1>Estelle and the others explained the situation,51
scena/mp2000.dat:0x50d76,scena/mp2000.dat,as it just so happens.,23
scena/mp2000.dat:0x50d8d,scena/mp2000.dat,"Well, I am the harbormaster,",29
scena/mp2000.dat:0x50db9,scena/mp2000.dat,talking to Harg instead.,25
scena/mp2000.dat:0x50dd2,scena/mp2000.dat,But I think you might be better off,36
scena/mp2000.dat:0x50e05,scena/mp2000.dat,Harg? Who's he?,16
scena/mp2000.dat:0x50e28,scena/mp2000.dat,the freight itself in this city's harbor.,42
scena/mp2000.dat:0x50e52,scena/mp2000.dat,He's the man in charge of processing,37
scena/mp2000.dat:0x50e86,scena/mp2000.dat,along this embankment.,23
scena/mp2000.dat:0x50e9d,scena/mp2000.dat,You should find him further,28
scena/mp2000.dat:0x50ec8,scena/mp2000.dat,Got it. We'll go search for him over there.,44
scena/mp2000.dat:0x50f07,scena/mp2000.dat,"Thanks for taking the time to talk to us, sir.",47
scena/mp2000.dat:0x50f49,scena/mp2000.dat,We'll get out of your way now.,31
scena/mp2000.dat:0x50f7b,scena/mp2000.dat,We don't need you kids falling into the sea.,45
scena/mp2000.dat:0x50fa8,scena/mp2000.dat,Don't mention it. Just don't run near the water.,49
scena/mp2000.dat:0x50fe8,scena/mp2000.dat,about what you're looking for.,31
scena/mp2000.dat:0x51007,scena/mp2000.dat,Harg's the guy you want to talk to,35
scena/mp2000.dat:0x51039,scena/mp2000.dat,along this embankment.,23
scena/mp2000.dat:0x51050,scena/mp2000.dat,You should find him further,28
scena/mp2000.dat:0x5107b,scena/mp2000.dat,"Hey, find what you were looking for, did you?",46
scena/mp2000.dat:0x510b8,scena/mp2000.dat,in a rush. Just be careful out there.,38
scena/mp2000.dat:0x510de,scena/mp2000.dat,I won't keep you all. I can tell you're,40
scena/mp2000.dat:0x51115,scena/mp2000.dat,at a warehouse.,16
scena/mp2000.dat:0x51125,scena/mp2000.dat,that we're going to stockpile daily necessities,48
scena/mp2000.dat:0x51155,scena/mp2000.dat,"I had a talk with Mayor Norman, and we decided",47
scena/mp2000.dat:0x51193,scena/mp2000.dat,continue living normal lives for the time being.,49
scena/mp2000.dat:0x511c4,scena/mp2000.dat,"With this, at least the locals will be able to",47
scena/mp2000.dat:0x51202,scena/mp2000.dat,has been pretty severe...,26
scena/mp2000.dat:0x5121c,scena/mp2000.dat,Public criticism of the new mayor,34
scena/mp2000.dat:0x5124d,scena/mp2000.dat,protect Ruan as much as we can.,32
scena/mp2000.dat:0x5126d,scena/mp2000.dat,But both myself and Norman honestly want to,44
scena/mp2000.dat:0x512a8,scena/mp2000.dat,after the people of Ruan.,26
scena/mp2000.dat:0x512c2,scena/mp2000.dat,We're planning to join forces in looking,41
scena/mp2000.dat:0x512fa,scena/mp2000.dat,necessities and put them in a warehouse.,41
scena/mp2000.dat:0x51323,scena/mp2000.dat,"For now, we decided to get everyday",36
scena/mp2000.dat:0x51356,scena/mp2000.dat,continue living normal lives for the time being.,49
scena/mp2000.dat:0x51387,scena/mp2000.dat,"With this, at least the locals will be able to",47
scena/mp2000.dat:0x513c5,scena/mp2000.dat,I've got a good relationship with Mayor Norman.,48
scena/mp2000.dat:0x51404,scena/mp2000.dat,but we both love our hometown.,31
scena/mp2000.dat:0x51423,scena/mp2000.dat,"We were rivals in the race for mayor,",38
scena/mp2000.dat:0x51458,scena/mp2000.dat,secure a good future for the port.,35
scena/mp2000.dat:0x5147b,scena/mp2000.dat,"If we work together, I'm sure we can",37
scena/mp2000.dat:0x514af,scena/mp2000.dat,"the current situation first, though.",37
scena/mp2000.dat:0x514d4,scena/mp2000.dat,Of course we need to figure out,32
scena/mp2000.dat:0x51503,scena/mp2000.dat,I've got a good relationship with Mayor Norman.,48
scena/mp2000.dat:0x51542,scena/mp2000.dat,right now is cooperation.,26
scena/mp2000.dat:0x5155c,scena/mp2000.dat,I think what we need most,26
scena/mp2000.dat:0x51585,scena/mp2000.dat,"Hey, we're with Portos. Vote for Portos!",41
scena/mp2000.dat:0x515bd,scena/mp2000.dat,Vote for Portos!,17
scena/mp2000.dat:0x515dd,scena/mp2000.dat,Yep. No one's coming through here.,35
scena/mp2000.dat:0x5160f,scena/mp2000.dat,"to the other side of the bridge, too.",38
scena/mp2000.dat:0x51635,scena/mp2000.dat,Might be a good idea for you to head,37
scena/mp2000.dat:0x51669,scena/mp2000.dat,"Well, now. The next ship is about to arrive.",45
scena/mp2000.dat:0x516a5,scena/mp2000.dat,and focus on campaigning.,26
scena/mp2000.dat:0x516bf,scena/mp2000.dat,It's really hard to slip away from work,40
scena/mp2000.dat:0x516f6,scena/mp2000.dat,Benoit's gonna get angry.,26
scena/mp2000.dat:0x51710,scena/mp2000.dat,"If I slack off at work too much,",33
scena/mp2000.dat:0x51740,scena/mp2000.dat,And you wouldn't like him when he gets angry.,46
scena/mp2000.dat:0x5177d,scena/mp2000.dat,and almost got dragged into the fight!,39
scena/mp2000.dat:0x517a4,scena/mp2000.dat,"I went to check out the disturbance,",37
scena/mp2000.dat:0x517d8,scena/mp2000.dat,*Sigh* It sure was a mistake on my part.,41
scena/mp2000.dat:0x51810,scena/mp2000.dat,I should've just watched from farther away.,44
scena/mp2000.dat:0x5184b,scena/mp2000.dat,That took some years off my life.,34
scena/mp2000.dat:0x5187c,scena/mp2000.dat,"port for a long, long time.",28
scena/mp2000.dat:0x51898,scena/mp2000.dat,Portos has been managing the,29
scena/mp2000.dat:0x518c4,scena/mp2000.dat,expect he'd help fix it up.,28
scena/mp2000.dat:0x518e0,scena/mp2000.dat,"So if he becomes mayor, you can",32
scena/mp2000.dat:0x5190f,scena/mp2000.dat,get back to campaigning!,25
scena/mp2000.dat:0x51928,scena/mp2000.dat,"Alright, break time's over. Time to",36
scena/mp2000.dat:0x5195b,scena/mp2000.dat,for Portos in the upcoming election!,37
scena/mp2000.dat:0x51980,scena/mp2000.dat,"Hey, we're rooting for Portos. Vote",36
scena/mp2000.dat:0x519b3,scena/mp2000.dat,in mind. Vote for Portos!,26
scena/mp2000.dat:0x519cd,scena/mp2000.dat,Portos has the future of the port,34
scena/mp2000.dat:0x519fe,scena/mp2000.dat,"If you need any more gasoline, give me a holler.",49
scena/mp2000.dat:0x51a3e,scena/mp2000.dat,than your typical oil. You can't use it in lamps.,50
scena/mp2000.dat:0x51a70,scena/mp2000.dat,Just keep in mind that it's even more combustible,50
scena/mp2000.dat:0x51ab1,scena/mp2000.dat,I've gotten such good exercise.,32
scena/mp2000.dat:0x51ad1,scena/mp2000.dat,"*Sigh* Man, it's been a while since",36
scena/mp2000.dat:0x51b04,scena/mp2000.dat,"exhausting, for sure.",22
scena/mp2000.dat:0x51b1a,scena/mp2000.dat,Carrying that much is definitely,33
scena/mp2000.dat:0x51b4a,scena/mp2000.dat,we can do about it for now.,28
scena/mp2000.dat:0x51b66,scena/mp2000.dat,"With the cranes not working, not much",38
scena/mp2000.dat:0x51b9b,scena/mp2000.dat,to rely on 100% manpower for a job.,36
scena/mp2000.dat:0x51bbf,scena/mp2000.dat,It's been a while since we've had,34
scena/mp2000.dat:0x51bf0,scena/mp2000.dat,this sorta thing.,18
scena/mp2000.dat:0x51c02,scena/mp2000.dat,"I mean, usually we'd use cranes for",36
scena/mp2000.dat:0x51c35,scena/mp2000.dat,things that much worse.,24
scena/mp2000.dat:0x51c4d,scena/mp2000.dat,But without ships coming in? That makes,40
scena/mp2000.dat:0x51c84,scena/mp2000.dat,"the warehouse, after all...",28
scena/mp2000.dat:0x51ca0,scena/mp2000.dat,We only have so many supplies in,33
scena/mp2000.dat:0x51cd0,scena/mp2000.dat,about what'll happen.,22
scena/mp2000.dat:0x51ce6,scena/mp2000.dat,Ugh. I don't really want to think,34
scena/mp2000.dat:0x51d17,scena/mp2000.dat,everything that much worse.,28
scena/mp2000.dat:0x51d33,scena/mp2000.dat,Not having ships come over just makes,38
scena/mp2000.dat:0x51d68,scena/mp2000.dat,what might happen in the future.,33
scena/mp2000.dat:0x51d89,scena/mp2000.dat,Ugh. I'm just not going to think about,39
scena/mp2000.dat:0x51dbf,scena/mp2000.dat,Please vote for Portos for mayor!,34
scena/mp2000.dat:0x51de1,scena/mp2000.dat,"We're with Portos, a true sailor!",34
scena/mp2000.dat:0x51e12,scena/mp2000.dat,"Please vote for Portos, a true sailor!",39
scena/mp2000.dat:0x51e39,scena/mp2000.dat,Portos will protect your port!,31
scena/mp2000.dat:0x51e67,scena/mp2000.dat,Please vote for Portos for mayor!,34
scena/mp2000.dat:0x51e89,scena/mp2000.dat,"We're with Portos, a true sailor!",34
scena/mp2000.dat:0x51eba,scena/mp2000.dat,campaigners working for him.,29
scena/mp2000.dat:0x51ed7,scena/mp2000.dat,"Man, Norman certainly has a lot of",35
scena/mp2000.dat:0x51f09,scena/mp2000.dat,the sea win because of our fighting spirit!,44
scena/mp2000.dat:0x51f35,scena/mp2000.dat,"Meanwhile, here it's just me, but we men of",44
scena/mp2000.dat:0x51f88,scena/mp2000.dat,Please vote for Portos!,24
scena/mp2000.dat:0x51fa0,scena/mp2000.dat,Portos is running for mayor!,29
scena/mp2000.dat:0x51fcc,scena/mp2000.dat,Portos is running for mayor! Vote for Portos!,46
scena/mp2000.dat:0x52009,scena/mp2000.dat,and a man of the people!,25
scena/mp2000.dat:0x52022,scena/mp2000.dat,Portos is a man of the sea,27
scena/mp2000.dat:0x5204c,scena/mp2000.dat,to meet everyone's expectations!,33
scena/mp2000.dat:0x5206d,scena/mp2000.dat,Portos has the burning passion necessary,41
scena/mp2000.dat:0x520a5,scena/mp2000.dat,Chief Portos told me to apologize to Norman...,47
scena/mp2000.dat:0x520e3,scena/mp2000.dat,Why the hell do I gotta apologize?,35
scena/mp2000.dat:0x52106,scena/mp2000.dat,But it was his side that was picking a fight!,46
scena/mp2000.dat:0x52143,scena/mp2000.dat,Ugh. I really can't get behind this.,37
scena/mp2000.dat:0x52177,scena/mp2000.dat,try to make the ghost thing our fault too?!,44
scena/mp2000.dat:0x521a3,scena/mp2000.dat,"Speaking of which, didn't they even",36
scena/mp2000.dat:0x521d6,scena/mp2000.dat,Ugh. Just thinking about it pisses me off.,43
scena/mp2000.dat:0x52210,scena/mp2000.dat,rely on good ol' manpower.,27
scena/mp2000.dat:0x5222b,scena/mp2000.dat,"Without the cranes working, we've gotta",40
scena/mp2000.dat:0x52262,scena/mp2000.dat,by and help us carry some of this stuff!,41
scena/mp2000.dat:0x5228b,scena/mp2000.dat,That new mayor of ours should come,35
scena/mp2000.dat:0x522bd,scena/mp2000.dat,with Mayor Norman.,19
scena/mp2000.dat:0x522d0,scena/mp2000.dat,Apparently the Chief plans on working,38
scena/mp2000.dat:0x52305,scena/mp2000.dat,been the mature one.,21
scena/mp2000.dat:0x5231a,scena/mp2000.dat,That's our Chief for you. He's always,38
scena/mp2000.dat:0x5234f,scena/mp2000.dat,It really is a shame he didn't get elected...,46
scena/mp2000.dat:0x5238c,scena/mp2000.dat,with Mayor Norman.,19
scena/mp2000.dat:0x5239f,scena/mp2000.dat,Apparently the Chief plans on working,38
scena/mp2000.dat:0x523d4,scena/mp2000.dat,forming an alliance makes sense.,33
scena/mp2000.dat:0x523f5,scena/mp2000.dat,"Well, it is an emergency. So I guess",37
scena/mp2000.dat:0x52429,scena/mp2000.dat,right about now.,17
scena/mp2000.dat:0x5243a,scena/mp2000.dat,Chief Portos is busy with his campaign,39
scena/mp2000.dat:0x52470,scena/mp2000.dat,his place for the time being.,30
scena/mp2000.dat:0x5248e,scena/mp2000.dat,So I've been running the port in,33
scena/mp2000.dat:0x524be,scena/mp2000.dat,around here.,13
scena/mp2000.dat:0x524cb,scena/mp2000.dat,but I wish people would do more work,37
scena/mp2000.dat:0x524f0,scena/mp2000.dat,"I think it's fine to help out with the campaign,",49
scena/mp2000.dat:0x52530,scena/mp2000.dat,and screaming their heads off?,31
scena/mp2000.dat:0x5254f,scena/mp2000.dat,"I mean, is there really a point in going around",48
scena/mp2000.dat:0x5258e,scena/mp2000.dat,them around here are the seagulls.,35
scena/mp2000.dat:0x525b1,scena/mp2000.dat,The only ones that can hear,28
scena/mp2000.dat:0x525dc,scena/mp2000.dat,to become mayor as much as the next guy.,41
scena/mp2000.dat:0x52605,scena/mp2000.dat,"But don't get me wrong, I want Chief Portos",44
scena/mp2000.dat:0x52640,scena/mp2000.dat,esteem as the Chief.,21
scena/mp2000.dat:0x52655,scena/mp2000.dat,No one around is held in as high,33
scena/mp2000.dat:0x52685,scena/mp2000.dat,being made our fault?,22
scena/mp2000.dat:0x5269b,scena/mp2000.dat,Why did the whole ghost thing wind up,38
scena/mp2000.dat:0x526d0,scena/mp2000.dat,"Give us a break, man.",22
scena/mp2000.dat:0x526f5,scena/mp2000.dat,Tch! It just ticks me off...,29
scena/mp2000.dat:0x52721,scena/mp2000.dat,apologizing for all the commotion he caused.,45
scena/mp2000.dat:0x5274e,scena/mp2000.dat,"Sounds like Kooper's going around,",35
scena/mp2000.dat:0x52780,scena/mp2000.dat,"I wouldn't say they were exactly calm, either.",47
scena/mp2000.dat:0x527af,scena/mp2000.dat,"Sure, he was pretty worked up before...but",43
scena/mp2000.dat:0x527e9,scena/mp2000.dat,making him go on his little apology tour...,44
scena/mp2000.dat:0x52815,scena/mp2000.dat,Though it seems like Portos is the one actually,48
scena/mp2000.dat:0x52854,scena/mp2000.dat,apologizing for all the commotion he caused.,45
scena/mp2000.dat:0x52881,scena/mp2000.dat,"Sounds like Kooper's going around,",35
scena/mp2000.dat:0x528b3,scena/mp2000.dat,"I wouldn't say they were exactly calm, either.",47
scena/mp2000.dat:0x528e2,scena/mp2000.dat,"Sure, he was pretty worked up before...but",43
scena/mp2000.dat:0x5291c,scena/mp2000.dat,and stockpiled daily necessities in the warehouse.,51
scena/mp2000.dat:0x5294f,scena/mp2000.dat,"At any rate, we followed the Chief's instructions",50
scena/mp2000.dat:0x52990,scena/mp2000.dat,fuel and food? We're done for.,31
scena/mp2000.dat:0x529af,scena/mp2000.dat,Because if we run out of,25
scena/mp2000.dat:0x529d7,scena/mp2000.dat,doing about any of this?,25
scena/mp2000.dat:0x529f0,scena/mp2000.dat,And just what is the mayor,27
scena/mp2000.dat:0x52a1a,scena/mp2000.dat,dock is Chief Portos in the end anyway!,40
scena/mp2000.dat:0x52a42,scena/mp2000.dat,The one running everything at the,34
scena/mp2000.dat:0x52a73,scena/mp2000.dat,shown his true colors.,23
scena/mp2000.dat:0x52a8a,scena/mp2000.dat,That new mayor of ours has already,35
scena/mp2000.dat:0x52abc,scena/mp2000.dat,And our Chief is saving us all.,32
scena/mp2000.dat:0x52adc,scena/mp2000.dat,"In the end, he was more bark than bite.",40
scena/mp2000.dat:0x52b13,scena/mp2000.dat,getting involved in some activism.,35
scena/mp2000.dat:0x52b36,scena/mp2000.dat,I hear those Raven guys have started,37
scena/mp2000.dat:0x52b6a,scena/mp2000.dat,made them open their eyes?,27
scena/mp2000.dat:0x52b85,scena/mp2000.dat,Does that mean the emergency has finally,41
scena/mp2000.dat:0x52bbd,scena/mp2000.dat,mayor was arrested...,22
scena/mp2000.dat:0x52bd3,scena/mp2000.dat,It's been a while since the old,32
scena/mp2000.dat:0x52c02,scena/mp2000.dat,Is it really ok for me just to keep working here?,50
scena/mp2000.dat:0x52c43,scena/mp2000.dat,kept at it without thinking too hard...,40
scena/mp2000.dat:0x52c6b,scena/mp2000.dat,"Nobody told me to leave, so I've just kinda",44
scena/mp2000.dat:0x52ca6,scena/mp2000.dat,taken over the mansion.,24
scena/mp2000.dat:0x52cbe,scena/mp2000.dat,It seems the Royal Army has,28
scena/mp2000.dat:0x52ce9,scena/mp2000.dat,"Which makes Queen Alicia my employer, I suppose.",49
scena/mp2000.dat:0x52d29,scena/mp2000.dat,Hehe. I feel so lucky to have this job.,40
scena/mp2000.dat:0x52d60,scena/mp2000.dat,I feel even more motivated than ever before.,45
scena/mp2000.dat:0x52d8d,scena/mp2000.dat,"With the garden now belonging to Her Majesty,",46
scena/mp2000.dat:0x52dca,scena/mp2000.dat,soldiers hanging around...,27
scena/mp2000.dat:0x52de5,scena/mp2000.dat,Hmm. Since we've got all these young,37
scena/mp2000.dat:0x52e19,scena/mp2000.dat,It might be fun to make a topiary soldier.,43
scena/mp2000.dat:0x52e53,scena/mp2000.dat,Oh. My stomach is telling me that it's lunchtime.,50
scena/mp2000.dat:0x52e94,scena/mp2000.dat,I guess I'll stop by the kitchen later.,40
scena/mp2000.dat:0x52ecb,scena/mp2000.dat,has nearly doubled!,20
scena/mp2000.dat:0x52edf,scena/mp2000.dat,"With the new mayor elected, my motivation",42
scena/mp2000.dat:0x52f18,scena/mp2000.dat,doesn't require orbments.,26
scena/mp2000.dat:0x52f32,scena/mp2000.dat,"And thankfully, doing landscape work",37
scena/mp2000.dat:0x52f66,scena/mp2000.dat,Those bracers sure ran past in a hurry just now.,49
scena/mp2000.dat:0x52fa6,scena/mp2000.dat,I wonder if there's something going on.,40
scena/mp2000.dat:0x52fdd,scena/mp2000.dat,Everything from patrols to acting as a guide.,46
scena/mp2000.dat:0x5300b,scena/mp2000.dat,I've got stuff to do from dusk till dawn.,42
scena/mp2000.dat:0x53044,scena/mp2000.dat,how hard bracers have it.,26
scena/mp2000.dat:0x5305e,scena/mp2000.dat,*Sigh* I think I understand now just,37
scena/mp2000.dat:0x53093,scena/mp2000.dat,to go to the South Block by boat.,34
scena/mp2000.dat:0x530b5,scena/mp2000.dat,"With the bridge not working, you'll have",41
scena/mp2000.dat:0x530ee,scena/mp2000.dat,the basement of the hotel.,27
scena/mp2000.dat:0x53109,scena/mp2000.dat,You can get to the dock from,29
scena/mp2000.dat:0x53135,scena/mp2000.dat,the basement of the hotel.,27
scena/mp2000.dat:0x53150,scena/mp2000.dat,You can get to the dock from,29
scena/mp2000.dat:0x5317c,scena/mp2000.dat,ready to show you the way if you need it.,42
scena/mp2000.dat:0x531a6,scena/mp2000.dat,"One of our members is sure to be there,",40
scena/mp2000.dat:0x53200,scena/mp2000.dat,have to get to the South Block by boat.,40
scena/mp2000.dat:0x53228,scena/mp2000.dat,"I'm sure you know already, but you'll",38
scena/mp2000.dat:0x5325d,scena/mp2000.dat,directions all day.,20
scena/mp2000.dat:0x53271,scena/mp2000.dat,"*Sigh* Man, it's hard giving people",36
scena/mp2000.dat:0x532a4,scena/mp2000.dat,"I mean, look. I'm a pretty nice guy, right?",44
scena/mp2000.dat:0x532df,scena/mp2000.dat,"for help, I can't turn them down.",34
scena/mp2000.dat:0x53301,scena/mp2000.dat,No matter how many people ask me,33
scena/mp2000.dat:0x53332,scena/mp2000.dat,it's way more taxing than I thought.,37
scena/mp2000.dat:0x53357,scena/mp2000.dat,"I just sorta went with the flow, but",37
scena/mp2000.dat:0x5338b,scena/mp2000.dat,turn down anyone who asks for help.,36
scena/mp2000.dat:0x533af,scena/mp2000.dat,"I'm such a people pleaser, I can't",35
scena/mp2000.dat:0x533e2,scena/mp2000.dat,Hah! Hyah!,11
scena/mp2000.dat:0x533fc,scena/mp2000.dat,It's not over yet...!,22
scena/mp2000.dat:0x53421,scena/mp2000.dat,Hah! Hyah!,11
scena/mp2000.dat:0x5343b,scena/mp2000.dat,"part, but you never know what might happen next.",49
scena/mp2000.dat:0x5346c,scena/mp2000.dat,Things have settled down in town for the most,46
scena/mp2000.dat:0x534aa,scena/mp2000.dat,and stay vigilant!,19
scena/mp2000.dat:0x534bd,scena/mp2000.dat,"We have to remain on our guard,",32
scena/mp2000.dat:0x534ec,scena/mp2000.dat,even take your eyes off them.,30
scena/mp2000.dat:0x5350a,scena/mp2000.dat,Our guys start to grow listless if you,39
scena/mp2000.dat:0x53540,scena/mp2000.dat,now and again and get them motivated.,38
scena/mp2000.dat:0x53566,scena/mp2000.dat,"So, I come over to check on them every",39
scena/mp2000.dat:0x5359c,scena/mp2000.dat,is about to depart from over here!,35
scena/mp2000.dat:0x535bf,scena/mp2000.dat,The boat headed to the North Block,35
scena/mp2000.dat:0x535f1,scena/mp2000.dat,Please form an orderly line and wait here!,43
scena/mp2000.dat:0x5362b,scena/mp2000.dat,is about to depart from over here!,35
scena/mp2000.dat:0x5364e,scena/mp2000.dat,The boat headed to the North Block,35
scena/mp2000.dat:0x53680,scena/mp2000.dat,should get use of it while you can!,36
scena/mp2000.dat:0x536a4,scena/mp2000.dat,"The mayor is paying for this, so you",37
scena/mp2000.dat:0x536d8,scena/mp2000.dat,been super nice lately.,24
scena/mp2000.dat:0x536f0,scena/mp2000.dat,"Man, seems like the townsfolk have",35
scena/mp2000.dat:0x53722,scena/mp2000.dat,I don't know thank me.,23
scena/mp2000.dat:0x53739,scena/mp2000.dat,I just had some random girl,28
scena/mp2000.dat:0x53764,scena/mp2000.dat,"down on us from somewhere, huh?",32
scena/mp2000.dat:0x53784,scena/mp2000.dat,I guess the Goddess really is looking,38
scena/mp2000.dat:0x537b9,scena/mp2000.dat,been super nice lately.,24
scena/mp2000.dat:0x537d1,scena/mp2000.dat,"Man, seems like the townsfolk have",35
scena/mp2000.dat:0x53803,scena/mp2000.dat,"down on us from somewhere, huh?",32
scena/mp2000.dat:0x53823,scena/mp2000.dat,I guess the Goddess really is looking,38
scena/mp2000.dat:0x53858,scena/mp2000.dat,"down, so you can't get through here.",37
scena/mp2000.dat:0x5387d,scena/mp2000.dat,The bridge is stuck and won't come,35
scena/mp2000.dat:0x538af,scena/mp2000.dat,a ferry from the Warehouse District you can use.,49
scena/mp2000.dat:0x538e0,scena/mp2000.dat,"If you want to get to the North Block, there's",47
scena/mp2000.dat:0x5391e,scena/mp2000.dat,One of us will be nearby to guide you there.,45
scena/mp2000.dat:0x5395a,scena/mp2000.dat,the ferry from the Warehouse District.,39
scena/mp2000.dat:0x53981,scena/mp2000.dat,"If you want to get to the North Block, use",43
scena/mp2000.dat:0x539bb,scena/mp2000.dat,"bandanas, so keep an eye out!",30
scena/mp2000.dat:0x539d9,scena/mp2000.dat,Us guides are wearing stylish red,34
scena/mp2000.dat:0x53a0a,scena/mp2000.dat,I'd slack off for a bit.,25
scena/mp2000.dat:0x53a23,scena/mp2000.dat,"No one was looking, so I thought",33
scena/mp2000.dat:0x53a53,scena/mp2000.dat,check on me at that exact moment.,34
scena/mp2000.dat:0x53a75,scena/mp2000.dat,And Rocco just HAD to come by to,33
scena/mp2000.dat:0x53aa5,scena/mp2000.dat,"I swear, Rocco's been super enthusiastic lately.",49
scena/mp2000.dat:0x53ae5,scena/mp2000.dat,I wonder what the world is going on with Rocco.,48
scena/mp2000.dat:0x53b24,scena/mp2000.dat,He's been in really high spirits lately.,41
scena/mp2000.dat:0x53b5c,scena/mp2000.dat,I went to the North Block looking for a job...,47
scena/mp2000.dat:0x53b9a,scena/mp2000.dat,was temping as an election campaigner.,39
scena/mp2000.dat:0x53bc1,scena/mp2000.dat,But the world is rough. The only job I could find,50
scena/mp2000.dat:0x53c02,scena/mp2000.dat,Better than nothing.,21
scena/mp2000.dat:0x53c17,scena/mp2000.dat,"I mean, nothing wrong with temping.",36
scena/mp2000.dat:0x53c4a,scena/mp2000.dat,But it'd mean working at my old man's office...,48
scena/mp2000.dat:0x53c89,scena/mp2000.dat,"Hey, sorry! Right now the bridge out of use!",45
scena/mp2000.dat:0x53cc5,scena/mp2000.dat,make your way to this hotel!,29
scena/mp2000.dat:0x53ce2,scena/mp2000.dat,"Anyone headed to the South Block, please",41
scena/mp2000.dat:0x53d1a,scena/mp2000.dat,basement that'll take you right over.,38
scena/mp2000.dat:0x53d40,scena/mp2000.dat,You can board a ferry from the,31
scena/mp2000.dat:0x53d6e,scena/mp2000.dat,make your way to this hotel!,29
scena/mp2000.dat:0x53d8b,scena/mp2000.dat,"Anyone headed to the South Block, please",41
scena/mp2000.dat:0x53dc3,scena/mp2000.dat,basement that'll take you right over.,38
scena/mp2000.dat:0x53de9,scena/mp2000.dat,You can board a ferry from the,31
scena/mp2000.dat:0x53e17,scena/mp2000.dat,make your way to this hotel!,29
scena/mp2000.dat:0x53e34,scena/mp2000.dat,"Anyone headed to the South Block, please",41
scena/mp2000.dat:0x53e6c,scena/mp2000.dat,basement that'll take you right over.,38
scena/mp2000.dat:0x53e92,scena/mp2000.dat,You can board a ferry from the,31
scena/mp2000.dat:0x53ec0,scena/mp2000.dat,I'm definitely glad to have things to do.,42
scena/mp2000.dat:0x53ef9,scena/mp2000.dat,At least I won't be bored. That's for sure.,44
scena/mp2000.dat:0x53f34,scena/mp2000.dat,Please vote for Norman for mayor!,34
scena/mp2000.dat:0x53f65,scena/mp2000.dat,race! Cast your vote for Norman!,33
scena/mp2000.dat:0x53f86,scena/mp2000.dat,Please vote for Norman in the mayoral,38
scena/mp2000.dat:0x53fbb,scena/mp2000.dat,Please vote for Norman for mayor!,34
scena/mp2000.dat:0x53fec,scena/mp2000.dat,help bring us back as a tourist destination!,45
scena/mp2000.dat:0x54019,scena/mp2000.dat,He'll revitalize the City of Ruan and,38
scena/mp2000.dat:0x5404e,scena/mp2000.dat,Please vote for Norman in the upcoming election!,49
scena/mp2000.dat:0x5408e,scena/mp2000.dat,It seems campaigners for Portos have arrived.,46
scena/mp2000.dat:0x540cb,scena/mp2000.dat,"Okay, time to fire myself up and go even harder!",49
scena/mp2000.dat:0x5410b,scena/mp2000.dat,Please vote for Norman for mayor!,34
scena/mp2000.dat:0x5413c,scena/mp2000.dat,race! Cast your vote for Norman!,33
scena/mp2000.dat:0x5415d,scena/mp2000.dat,Please vote for Norman in the mayoral,38
scena/mp2000.dat:0x54192,scena/mp2000.dat,Please vote for Norman for mayor!,34
scena/mp2000.dat:0x541c3,scena/mp2000.dat,help bring us back as a tourist destination!,45
scena/mp2000.dat:0x541f0,scena/mp2000.dat,He'll revitalize the City of Ruan and,38
scena/mp2000.dat:0x54225,scena/mp2000.dat,Please vote for Norman in the upcoming election!,49
scena/mp2000.dat:0x54265,scena/mp2000.dat,appearing at the hotel is true.,32
scena/mp2000.dat:0x54285,scena/mp2000.dat,The rumor about a ghostly shadow,33
scena/mp2000.dat:0x542b5,scena/mp2000.dat,campaign was a bit silly.,26
scena/mp2000.dat:0x542cf,scena/mp2000.dat,I'll admit that blaming it on the Portos,41
scena/mp2000.dat:0x54307,scena/mp2000.dat,to disparage Norman's son.,27
scena/mp2000.dat:0x54322,scena/mp2000.dat,"Still, that's no reason",24
scena/mp2000.dat:0x5434a,scena/mp2000.dat,Ugh. Just remembering it ticks me off.,39
scena/mp2000.dat:0x54381,scena/mp2000.dat,campaign was a bit rash.,25
scena/mp2000.dat:0x5439a,scena/mp2000.dat,Blaming the ghost on the Portos,32
scena/mp2000.dat:0x543c9,scena/mp2000.dat,But that's no reason to disparage Norman's son.,48
scena/mp2000.dat:0x54409,scena/mp2000.dat,that were for my trip home...,30
scena/mp2000.dat:0x54427,scena/mp2000.dat,I kind of gambled away the funds,33
scena/mp2000.dat:0x54457,scena/mp2000.dat,Dang... What do I do now...?,29
scena/mp2000.dat:0x54483,scena/mp2000.dat,gambling what I'd made on the side...,38
scena/mp2000.dat:0x544a9,scena/mp2000.dat,I tried to get money for travel by,35
scena/mp2000.dat:0x544db,scena/mp2000.dat,B-But I lost it all...,23
scena/mp2000.dat:0x54501,scena/mp2000.dat,Haha... What am I gonna do now...?,35
scena/mp2000.dat:0x54533,scena/mp2000.dat,Pfft. Haha... Haha... Ahahaha...,33
scena/mp2000.dat:0x54563,scena/mp2000.dat,the pay from that side gig...,30
scena/mp2000.dat:0x54581,scena/mp2000.dat,I-I've already blown through all of,36
scena/mp2000.dat:0x545b4,scena/mp2000.dat,Now I'm down to zero again. Pfft. Hahahaha...,46
scena/mp2000.dat:0x545f1,scena/mp2000.dat,of the Royal Army.,19
scena/mp2000.dat:0x54604,scena/mp2000.dat,This mansion is under the control,34
scena/mp2000.dat:0x54635,scena/mp2000.dat,the plan is to use it as the town hall.,40
scena/mp2000.dat:0x5465d,scena/mp2000.dat,"Once the next mayor is elected,",32
scena/mp2000.dat:0x5468c,scena/mp2000.dat,of the Royal Army.,19
scena/mp2000.dat:0x5469f,scena/mp2000.dat,This mansion is under the control,34
scena/mp2000.dat:0x546d0,scena/mp2000.dat,there are all sorts of valuable objects inside.,48
scena/mp2000.dat:0x54700,scena/mp2000.dat,"I won't stop you from going in, but keep in mind",49
scena/mp2000.dat:0x54740,scena/mp2000.dat,Best make sure you don't damage anything.,42
scena/mp2000.dat:0x54779,scena/mp2000.dat,friendly. She even brings us tea.,34
scena/mp2000.dat:0x5479b,scena/mp2000.dat,The maid that works here is very,33
scena/mp2000.dat:0x547cb,scena/mp2000.dat,"Man, I don't want to go back to the fortress.",46
scena/mp2000.dat:0x547f9,scena/mp2000.dat,"The meals we get here are first-rate, too.",43
scena/mp2000.dat:0x54833,scena/mp2000.dat,everything is fine here.,25
scena/mp2000.dat:0x5484c,scena/mp2000.dat,"I heard there was a disturbance, but",37
scena/mp2000.dat:0x54880,scena/mp2000.dat,contact the Bracer Guild right away.,37
scena/mp2000.dat:0x548a5,scena/mp2000.dat,"If anything alarming happens, we'll",36
scena/mp2000.dat:0x548d8,scena/mp2000.dat,"with the guild more often, after all.",38
scena/mp2000.dat:0x548fe,scena/mp2000.dat,The armed forces are trying to work,36
scena/mp2000.dat:0x54931,scena/mp2000.dat,instructing us to cooperate with you.,38
scena/mp2000.dat:0x54957,scena/mp2000.dat,"Lately, the higher-ups have been",33
scena/mp2000.dat:0x54987,scena/mp2000.dat,the City of Ruan.,18
scena/mp2000.dat:0x54999,scena/mp2000.dat,the mansion will be transferred back to,40
scena/mp2000.dat:0x549c1,scena/mp2000.dat,"Once the next mayor is elected, the ownership of",49
scena/mp2000.dat:0x54a01,scena/mp2000.dat,time the mayor will be a commoner.,35
scena/mp2000.dat:0x54a24,scena/mp2000.dat,"No matter who wins, it'll be the first",39
scena/mp2000.dat:0x54a5a,scena/mp2000.dat,rule in the region.,20
scena/mp2000.dat:0x54a6e,scena/mp2000.dat,"So, it will be the end of the aristocratic",43
scena/mp2000.dat:0x54aa8,scena/mp2000.dat,the City of Ruan.,18
scena/mp2000.dat:0x54aba,scena/mp2000.dat,the mansion will be transferred back to,40
scena/mp2000.dat:0x54ae2,scena/mp2000.dat,"Once the next mayor is elected, the ownership of",49
scena/mp2000.dat:0x54b22,scena/mp2000.dat,will get an outstanding mayor this time.,41
scena/mp2000.dat:0x54b4b,scena/mp2000.dat,Even us soldiers are hoping that Ruan,38
scena/mp2000.dat:0x54b80,scena/mp2000.dat,Hm... So you guys are bracers?,31
scena/mp2000.dat:0x54bae,scena/mp2000.dat,ship is grounded.,18
scena/mp2000.dat:0x54bc0,scena/mp2000.dat,"I'm sure you can tell, but our patrol",38
scena/mp2000.dat:0x54bf5,scena/mp2000.dat,know how long it'll take to get here.,38
scena/mp2000.dat:0x54c1b,scena/mp2000.dat,"We've already requested backup, but we don't",45
scena/mp2000.dat:0x54c57,scena/mp2000.dat,We plan on waiting here until backup arrives.,46
scena/mp2000.dat:0x54c94,scena/mp2000.dat,guys make sure you do the same.,32
scena/mp2000.dat:0x54cb4,scena/mp2000.dat,We can watch out for ourselves. You,36
scena/mp2000.dat:0x54ce7,scena/mp2000.dat,over by the enemy.,19
scena/mp2000.dat:0x54cfa,scena/mp2000.dat,"Apparently, the Royal Academy was taken",40
scena/mp2000.dat:0x54d38,scena/mp2000.dat,can't be sure something like this won't happen,47
scena/mp2000.dat:0x54d67,scena/mp2000.dat,We don't know what they're planning... And we,46
scena/mp2000.dat:0x54da4,scena/mp2000.dat,and the orphanage as well.,27
scena/mp2000.dat:0x54dbf,scena/mp2000.dat,"Just in case, we sent some guards to the village",49
scena/mp2000.dat:0x54dff,scena/mp2000.dat,set up barricades.,19
scena/mp2000.dat:0x54e12,scena/mp2000.dat,to evacuate everyone into the patrol ship and,46
scena/mp2000.dat:0x54e40,scena/mp2000.dat,"If things get bad, we might have no choice but",47
scena/mp2000.dat:0x54e7e,scena/mp2000.dat,get some use out of the thing.,31
scena/mp2000.dat:0x54e9d,scena/mp2000.dat,"Even without orbal cannons, we can still",41
scena/mp2000.dat:0x54ed5,scena/mp2000.dat,fortress when things shut down.,32
scena/mp2000.dat:0x54ef5,scena/mp2000.dat,We were on our way back to the,31
scena/mp2000.dat:0x54f23,scena/mp2000.dat,make an emergency landing.,27
scena/mp2000.dat:0x54f3e,scena/mp2000.dat,"It was tricky, but we managed to",33
scena/mp2000.dat:0x54f6e,scena/mp2000.dat,be over a beach at the time.,29
scena/mp2000.dat:0x54f8b,scena/mp2000.dat,We're so lucky that we happened to,35
scena/mp2000.dat:0x54fbd,scena/mp2000.dat,worse than just minor injuries.,32
scena/mp2000.dat:0x54fdd,scena/mp2000.dat,"Thanks to that, nobody suffered anything",41
scena/mp2000.dat:0x55015,scena/mp2000.dat,to a nearby village.,21
scena/mp2000.dat:0x5502a,scena/mp2000.dat,One of the injured was carried,31
scena/mp2000.dat:0x55058,scena/mp2000.dat,in a place with an actual bed.,31
scena/mp2000.dat:0x55077,scena/mp2000.dat,Probably best for them to get rest,35
scena/mp2000.dat:0x550a9,scena/mp2000.dat,to guard this area.,20
scena/mp2000.dat:0x550bd,scena/mp2000.dat,Th-The Captain told me that I need,35
scena/mp2000.dat:0x550ef,scena/mp2000.dat,the kids and run back to the patrol ship.,42
scena/mp2000.dat:0x55119,scena/mp2000.dat,"He said if things get bad, I'm to take",39
scena/mp2000.dat:0x5514f,scena/mp2000.dat,*Sigh* Those are some serious responsibilities.,48
scena/mp2000.dat:0x5518e,scena/mp2000.dat,be out on the road at a time like this.,40
scena/mp2000.dat:0x551b6,scena/mp2000.dat,"Hey, it's kinda odd for someone to",35
scena/mp2000.dat:0x551e8,scena/mp2000.dat,take care of yourself.,23
scena/mp2000.dat:0x551ff,scena/mp2000.dat,"Well, just make sure that you can",34
scena/mp2000.dat:0x55230,scena/mp2000.dat,"Sorry, but we've got our hands full here.",42
scena/mp2000.dat:0x55269,scena/mp2000.dat,ever gonna show up?,20
scena/mp2000.dat:0x5527d,scena/mp2000.dat,*Sigh* Are those reinforcements,32
scena/mp2000.dat:0x552ac,scena/mp2000.dat,"the monsters forever, y'know.",30
scena/mp2000.dat:0x552ca,scena/mp2000.dat,I don't want to be out here with,33
scena/mp2000.dat:0x552fa,scena/mp2000.dat,Those crimson soldiers showed up nearby.,41
scena/mp2000.dat:0x55332,scena/mp2000.dat,using guns despite our orbments not working.,45
scena/mp2000.dat:0x5535f,scena/mp2000.dat,"And, believe it or not, apparently they were",45
scena/mp2000.dat:0x5539b,scena/mp2000.dat,them with just my bayonet...,29
scena/mp2000.dat:0x553b8,scena/mp2000.dat,I don't see how I'd stand a chance against,43
scena/mp2000.dat:0x553f2,scena/mp2000.dat,"Ah, Father Kevin!",18
scena/mp2000.dat:0x55413,scena/mp2000.dat,Please come read to me again.,30
scena/mp2000.dat:0x55440,scena/mp2000.dat,Sure. No problem.,18
scena/mp2000.dat:0x55466,scena/mp2000.dat,"Be a good girl, Lucia.",23
scena/mp2000.dat:0x55490,scena/mp2000.dat,I will! Come back soon!,24
scena/mp2000.dat:0x554b7,scena/mp2000.dat,Please read to me again next time!,35
scena/mp2000.dat:0x55526,scena/mp2000.dat,Teehee! I can't wait for the next Sunday School!,49
scena/mp2000.dat:0x55566,scena/mp2000.dat,tavern who drinks like crazy!,30
scena/mp2000.dat:0x55584,scena/mp2000.dat,Mom and Dad have this customer at the,38
scena/mp2000.dat:0x555b9,scena/mp2000.dat,he's having a hard time.,25
scena/mp2000.dat:0x555d2,scena/mp2000.dat,He's an old man. Mom says,26
scena/mp2000.dat:0x555fb,scena/mp2000.dat,Hmm... I wonder why he doesn't want to go home?,48
scena/mp2000.dat:0x5563a,scena/mp2000.dat,Teehee! I can't wait for the next school day.,46
scena/mp2000.dat:0x55677,scena/mp2000.dat,my other friends outside!,26
scena/mp2000.dat:0x55691,scena/mp2000.dat,I'll get to play with Polly and,32
scena/mp2000.dat:0x556c0,scena/mp2000.dat,"I'm not just playing around right now, you know.",49
scena/mp2000.dat:0x55700,scena/mp2000.dat,My mom sent me to collect firewood.,36
scena/mp2000.dat:0x55733,scena/mp2000.dat,Umm... Which are the good sticks...,36
scena/mp2000.dat:0x55766,scena/mp2000.dat,Mom asked me to go out and gather firewood.,44
scena/mp2000.dat:0x557a1,scena/mp2000.dat,"I'm a good kid, right? Teehee!",31
scena/mp2000.dat:0x557cf,scena/mp2000.dat,at the orphanage...,20
scena/mp2000.dat:0x557e3,scena/mp2000.dat,I wanna go play with everyone,30
scena/mp2000.dat:0x55810,scena/mp2000.dat,But my mom said I can't...,27
scena/mp2000.dat:0x5583a,scena/mp2000.dat,She said there's some scaaary monsters out there.,50
scena/mp2000.dat:0x5587b,scena/mp2000.dat,Mom said I can't leave the village.,36
scena/mp2000.dat:0x558ae,scena/mp2000.dat,She said there's some scaaary monsters out there.,50
scena/mp2000.dat:0x558ef,scena/mp2000.dat,An oddly-dressed priest just passed through here.,50
scena/mp2000.dat:0x55930,scena/mp2000.dat,Maybe it's the new wandering priest?,37
scena/mp2000.dat:0x55964,scena/mp2000.dat,"Oh, the sun is high in the sky now.",36
scena/mp2000.dat:0x55997,scena/mp2000.dat,Sunday School will be ending soon.,35
scena/mp2000.dat:0x559c9,scena/mp2000.dat,Looks like the kids are nice and happy again.,46
scena/mp2000.dat:0x55a06,scena/mp2000.dat,gone a lot worse...,20
scena/mp2000.dat:0x55a1a,scena/mp2000.dat,That arson felt like it could've,33
scena/mp2000.dat:0x55a4a,scena/mp2000.dat,The Goddess is definitely watching over us.,44
scena/mp2000.dat:0x55a85,scena/mp2000.dat,Looks like the kids are nice and happy again.,46
scena/mp2000.dat:0x55ac2,scena/mp2000.dat,The Goddess is definitely watching over us.,44
scena/mp2000.dat:0x55afd,scena/mp2000.dat,Welcome. Would you like some flowers?,38
scena/mp2000.dat:0x55b32,scena/mp2000.dat,decoration. You can use them in cooking!,41
scena/mp2000.dat:0x55b5b,scena/mp2000.dat,I have some that aren't just for,33
scena/mp2000.dat:0x55b8b,scena/mp2000.dat,first time I'll be voting.,27
scena/mp2000.dat:0x55ba6,scena/mp2000.dat,This election is going to be the,33
scena/mp2000.dat:0x55bd6,scena/mp2000.dat,by their character and vote that way.,38
scena/mp2000.dat:0x55bfc,scena/mp2000.dat,I'd like to judge both candidates,34
scena/mp2000.dat:0x55c2d,scena/mp2000.dat,"Last election, I was only a child.",35
scena/mp2000.dat:0x55c5f,scena/mp2000.dat,I get to participate in.,25
scena/mp2000.dat:0x55c78,scena/mp2000.dat,So this time will be the first election,40
scena/mp2000.dat:0x55caf,scena/mp2000.dat,an emergency landing on the beach near here.,45
scena/mp2000.dat:0x55cdc,scena/mp2000.dat,The army's patrol ship apparently made,39
scena/mp2000.dat:0x55d12,scena/mp2000.dat,They're recovering at the inn.,31
scena/mp2000.dat:0x55d31,scena/mp2000.dat,Someone was injured.,21
scena/mp2000.dat:0x55d55,scena/mp2000.dat,the orbments not working...,28
scena/mp2000.dat:0x55d71,scena/mp2000.dat,We're also inconvenienced by,29
scena/mp2000.dat:0x55d9d,scena/mp2000.dat,bothered by it at all.,23
scena/mp2000.dat:0x55db4,scena/mp2000.dat,But my grandma doesn't seem,28
scena/mp2000.dat:0x55ddf,scena/mp2000.dat,folk sure is something.,24
scena/mp2000.dat:0x55df7,scena/mp2000.dat,The experience and wisdom of the older,39
scena/mp2000.dat:0x55e2d,scena/mp2000.dat,living without orbments.,25
scena/mp2000.dat:0x55e46,scena/mp2000.dat,My grandma seems completely fine,33
scena/mp2000.dat:0x55e76,scena/mp2000.dat,"The older, the wiser, as they say.",35
scena/mp2000.dat:0x55ea8,scena/mp2000.dat,Welcome to Manoria.,20
scena/mp2000.dat:0x55ebc,scena/mp2000.dat,"Well, now. We don't see travelers often.",41
scena/mp2000.dat:0x55ef4,scena/mp2000.dat,and we're getting back to normal life.,39
scena/mp2000.dat:0x55f1b,scena/mp2000.dat,"We've rebuilt the burnt-down orphanage,",40
scena/mp2000.dat:0x55f52,scena/mp2000.dat,is going to take over as mayor.,32
scena/mp2000.dat:0x55f72,scena/mp2000.dat,Now we just have to wait to see who,36
scena/mp2000.dat:0x55fa5,scena/mp2000.dat,very hard on Manoria.,22
scena/mp2000.dat:0x55fbb,scena/mp2000.dat,The incident with the old mayor was,36
scena/mp2000.dat:0x55fee,scena/mp2000.dat,like a lot of tourists will come by.,37
scena/mp2000.dat:0x56013,scena/mp2000.dat,"After an incident like that, it's not",38
scena/mp2000.dat:0x56048,scena/mp2000.dat,"Aw, it stinks that Joshua isn't with you.",42
scena/mp2000.dat:0x56082,scena/mp2000.dat,working and all...,19
scena/mp2000.dat:0x56095,scena/mp2000.dat,I wanted to show him how hard I was,36
scena/mp2000.dat:0x56103,scena/mp2000.dat,"Hey, Estelle?",14
scena/mp2000.dat:0x56120,scena/mp2000.dat,"Can you let Joshua know, if you see him soon?",46
scena/mp2000.dat:0x5615d,scena/mp2000.dat,"Y'know, about how we're all trying really hard?",48
scena/mp2000.dat:0x5619c,scena/mp2000.dat,"Oh, Clem...",12
scena/mp2000.dat:0x561d9,scena/mp2000.dat,I'll tell him that!,20
scena/mp2000.dat:0x56200,scena/mp2000.dat,"Cool. You promised, remember!",30
scena/mp2000.dat:0x5622e,scena/mp2000.dat,And tell Joshua I said hi!,27
scena/mp2000.dat:0x56259,scena/mp2000.dat,"Okay, then. I guess I should do some weeding.",46
scena/mp2000.dat:0x56296,scena/mp2000.dat,they'll just grow back again!,30
scena/mp2000.dat:0x562b4,scena/mp2000.dat,"If you don't pull out weeds with the root,",43
scena/mp2000.dat:0x562ef,scena/mp2000.dat,the power of the great Clem!,29
scena/mp2000.dat:0x5630c,scena/mp2000.dat,"Just you wait, weeds! I'll show you",36
scena/mp2000.dat:0x5633f,scena/mp2000.dat,The seedlings here just got planted.,37
scena/mp2000.dat:0x56373,scena/mp2000.dat,getting rid of the weeds just in case.,39
scena/mp2000.dat:0x5639a,scena/mp2000.dat,"They're still tiny and weak, so I'm",36
scena/mp2000.dat:0x563cd,scena/mp2000.dat,"Hmm. Yep, wood-chopping sure is rough work!",44
scena/mp2000.dat:0x56409,scena/mp2000.dat,Matron's gonna have to deal with it...,39
scena/mp2000.dat:0x56430,scena/mp2000.dat,"But if I don't take care of it,",32
scena/mp2000.dat:0x56460,scena/mp2000.dat,"Hey, Clem. You seem to be doing well.",38
scena/mp2000.dat:0x564cb,scena/mp2000.dat,"Nice to see you, Clem.",23
scena/mp2000.dat:0x564f6,scena/mp2000.dat,"hard around here, helping out.",31
scena/mp2000.dat:0x56515,scena/mp2000.dat,Estelle told me you've been working,36
scena/mp2000.dat:0x5654c,scena/mp2000.dat,O-Of course I have!,20
scena/mp2000.dat:0x56570,scena/mp2000.dat,the chickens without slacking off at all!,42
scena/mp2000.dat:0x5659a,scena/mp2000.dat,I've been weeding and watching,31
scena/mp2000.dat:0x565c8,scena/mp2000.dat,and everyone else.,19
scena/mp2000.dat:0x565db,scena/mp2000.dat,I gotta to work hard for the Matron,36
scena/mp2000.dat:0x5660e,scena/mp2000.dat,Yeah. That's the spirit!,25
scena/mp2000.dat:0x5663a,scena/mp2000.dat,to help out however you can.,29
scena/mp2000.dat:0x56657,scena/mp2000.dat,"I'm sure it's not easy, but I want you",39
scena/mp2000.dat:0x56691,scena/mp2000.dat,make things better for everyone.,33
scena/mp2000.dat:0x566b2,scena/mp2000.dat,Just like we're gonna work hard to,35
scena/mp2000.dat:0x566e8,scena/mp2000.dat,Hehe. Sure thing!,18
scena/mp2000.dat:0x5670a,scena/mp2000.dat,"look like a lazy bum, Joshua!",30
scena/mp2000.dat:0x56728,scena/mp2000.dat,I'm gonna work so hard it'll make you,38
scena/mp2000.dat:0x5675d,scena/mp2000.dat,at the beach near here.,24
scena/mp2000.dat:0x56775,scena/mp2000.dat,I heard there's an airship stopped,35
scena/mp2000.dat:0x567a7,scena/mp2000.dat,got some chores left to do...,30
scena/mp2000.dat:0x567c5,scena/mp2000.dat,"I really wanna go see it, but I've still",41
scena/mp2000.dat:0x567fd,scena/mp2000.dat,"Ugh. I really wanna go, but I shouldn't...",43
scena/mp2000.dat:0x56838,scena/mp2000.dat,I'm gonna make you look bad!,29
scena/mp2000.dat:0x56855,scena/mp2000.dat,I'm gonna put in so much work that,35
scena/mp2000.dat:0x56887,scena/mp2000.dat,myself! Just you watch!,24
scena/mp2000.dat:0x5689f,scena/mp2000.dat,I'm gonna protect everyone at the orphanage,44
scena/mp2000.dat:0x568da,scena/mp2000.dat,"capital, and that she's working super hard.",44
scena/mp2000.dat:0x56906,scena/mp2000.dat,Matron said Kloe went back to the,34
scena/mp2000.dat:0x56937,scena/mp2000.dat,Okay! No way I'm lettin' anyone outwork me!,44
scena/mp2000.dat:0x56972,scena/mp2000.dat,"Oh, it's Father Kevin!",23
scena/mp2000.dat:0x56999,scena/mp2000.dat,that man in white again?,25
scena/mp2000.dat:0x569b2,scena/mp2000.dat,"Father Kevin, Father Kevin! Will we see",40
scena/mp2000.dat:0x56a06,scena/mp2000.dat,"U-Uh, hard to say.",19
scena/mp2000.dat:0x56a2c,scena/mp2000.dat,schedule or anything.,22
scena/mp2000.dat:0x56a42,scena/mp2000.dat,"I mean, it's not like I know his",33
scena/mp2000.dat:0x56a77,scena/mp2000.dat,Aw. I really want to see him again!,36
scena/mp2000.dat:0x56aaa,scena/mp2000.dat,All that spinning around was super fun!,40
scena/mp2000.dat:0x56ae2,scena/mp2000.dat,I wonder if the man in white will come back.,45
scena/mp2000.dat:0x56b1f,scena/mp2000.dat,I'd love to see the man in white again.,40
scena/mp2000.dat:0x56b56,scena/mp2000.dat,All that spinning around was super fun!,40
scena/mp2000.dat:0x56b8e,scena/mp2000.dat,Clem's been working hard on chores lately.,43
scena/mp2000.dat:0x56bc8,scena/mp2000.dat,"But he works really hard on teasing people, too...",51
scena/mp2000.dat:0x56c0a,scena/mp2000.dat,Clem's been working hard on chores lately.,43
scena/mp2000.dat:0x56c44,scena/mp2000.dat,"Nice to see you, Polly.",24
scena/mp2000.dat:0x56c6f,scena/mp2000.dat,Huh? Joshua?!,14
scena/mp2000.dat:0x56c8d,scena/mp2000.dat,Hmm... There's something different about you.,46
scena/mp2000.dat:0x56cca,scena/mp2000.dat,more awesomer now!,19
scena/mp2000.dat:0x56cdd,scena/mp2000.dat,Whatever! You look even cooler and,35
scena/mp2000.dat:0x56d10,scena/mp2000.dat,Haha... Thanks.,16
scena/mp2000.dat:0x56d33,scena/mp2000.dat,"fly in the sky, right?",23
scena/mp2000.dat:0x56d4a,scena/mp2000.dat,"Um, so! Airships are the ones that",35
scena/mp2000.dat:0x56d7d,scena/mp2000.dat,So why is there one sitting on the beach?,42
scena/mp2000.dat:0x56db7,scena/mp2000.dat,They looked kinda worried...,29
scena/mp2000.dat:0x56dd4,scena/mp2000.dat,There were soldiers around it.,31
scena/mp2000.dat:0x56e02,scena/mp2000.dat,"said hi, and it made him jump!",31
scena/mp2000.dat:0x56e21,scena/mp2000.dat,I walked up to one from behind and,35
scena/mp2000.dat:0x56e53,scena/mp2000.dat,It was sooo funny!,19
scena/mp2000.dat:0x56e76,scena/mp2000.dat,in white again...,18
scena/mp2000.dat:0x56e88,scena/mp2000.dat,Polly says she wants to see that man,37
scena/mp2000.dat:0x56ebc,scena/mp2000.dat,"I swear, she has no clue about anything...",43
scena/mp2000.dat:0x56ef7,scena/mp2000.dat,too innocent...,16
scena/mp2000.dat:0x56f07,scena/mp2000.dat,Polly might just be a little,29
scena/mp2000.dat:0x56f34,scena/mp2000.dat,I need to collect the eggs.,28
scena/mp2000.dat:0x56f5f,scena/mp2000.dat,stomp all over them.,21
scena/mp2000.dat:0x56f74,scena/mp2000.dat,"If I don't, everyone is going to",33
scena/mp2000.dat:0x56fa4,scena/mp2000.dat,"delicious, you know.",21
scena/mp2000.dat:0x56fb9,scena/mp2000.dat,The eggs our chickens lay are really,37
scena/mp2000.dat:0x56fee,scena/mp2000.dat,around happy and free?,23
scena/mp2000.dat:0x57005,scena/mp2000.dat,Maybe it's because we let them run,35
scena/mp2000.dat:0x5704e,scena/mp2000.dat,Um... You really are Joshua...right?,37
scena/mp2000.dat:0x57082,scena/mp2000.dat,"Yeah, it's me. Nice to see you again, Mary.",44
scena/mp2000.dat:0x570c1,scena/mp2000.dat,Did I surprise you because I'm dressed funny?,46
scena/mp2000.dat:0x57102,scena/mp2000.dat,N-Not at all!,14
scena/mp2000.dat:0x57120,scena/mp2000.dat,I mean... Those clothes are pretty cool!,41
scena/mp2000.dat:0x57158,scena/mp2000.dat,Haha... Thanks.,16
scena/mp2000.dat:0x5717c,scena/mp2000.dat,inside. You should go see her.,31
scena/mp2000.dat:0x5719b,scena/mp2000.dat,"Oh, if you're looking for Matron Theresa, she's",48
scena/mp2000.dat:0x571da,scena/mp2000.dat,She's sure to be happy to see you!,35
scena/mp2000.dat:0x5720d,scena/mp2000.dat,doing just fine.,17
scena/mp2000.dat:0x5721e,scena/mp2000.dat,"Even without orbments, everyone's",34
scena/mp2000.dat:0x5724f,scena/mp2000.dat,"there's wood, we can make a fire...",36
scena/mp2000.dat:0x57273,scena/mp2000.dat,"We've got eggs and veggies, and as long as",43
scena/mp2000.dat:0x572ae,scena/mp2000.dat,but we can clean with a broom.,31
scena/mp2000.dat:0x572cd,scena/mp2000.dat,"We might not be able to use vacuums,",37
scena/mp2000.dat:0x57301,scena/mp2000.dat,"showed up, we haven't been getting mail.",41
scena/mp2000.dat:0x5732a,scena/mp2000.dat,Ever since that weird shell thing,34
scena/mp2000.dat:0x5735b,scena/mp2000.dat,the way over in the capital.,29
scena/mp2000.dat:0x57378,scena/mp2000.dat,I wonder if Kloe is doing okay all,35
scena/mp2000.dat:0x573aa,scena/mp2000.dat,Hmm. What the heck was that white shadow thing?,48
scena/mp2000.dat:0x573ea,scena/mp2000.dat,"If it were a ghost, it'd be more spooky, right?",48
scena/mp2000.dat:0x57429,scena/mp2000.dat,Hmm. What the heck was that white shadow thing?,48
scena/mp2000.dat:0x57469,scena/mp2000.dat,play with us again soon!,25
scena/mp2000.dat:0x57482,scena/mp2000.dat,I wish Kloe would come by and,30
scena/mp2000.dat:0x574af,scena/mp2000.dat,I'm gonna eat it until I'm super full!,39
scena/mp2000.dat:0x574d6,scena/mp2000.dat,I want Kloe to bake a pie and then,35
scena/mp2000.dat:0x57509,scena/mp2000.dat,play with us again soon!,25
scena/mp2000.dat:0x57522,scena/mp2000.dat,I wish Kloe would come by and,30
scena/mp2000.dat:0x5756b,scena/mp2000.dat,"Hey, nice to see you.",22
scena/mp2000.dat:0x57590,scena/mp2000.dat,"It's so boring, I've been getting sleepy.",42
scena/mp2000.dat:0x575ba,scena/mp2000.dat,"Lately, we haven't had many tourists.",38
scena/mp2000.dat:0x575ef,scena/mp2000.dat,"It's so boring, I've been getting sleepy.",42
scena/mp2000.dat:0x57619,scena/mp2000.dat,"Lately, we haven't had many tourists.",38
scena/mp2000.dat:0x5764e,scena/mp2000.dat,Nix apparently really did see something.,41
scena/mp2000.dat:0x57686,scena/mp2000.dat,...Glad it wasn't me.,22
scena/mp2000.dat:0x576ab,scena/mp2000.dat,Hey there.,11
scena/mp2000.dat:0x576c5,scena/mp2000.dat,Hunting a wanted monster?,26
scena/mp2000.dat:0x576df,scena/mp2000.dat,What brings you all the way out here?,38
scena/mp2000.dat:0x57714,scena/mp2000.dat,here are on the rise.,22
scena/mp2000.dat:0x5772a,scena/mp2000.dat,It feels like dangerous monsters around,40
scena/mp2000.dat:0x57761,scena/mp2000.dat,"Well, anyway. Have a good rest.",32
scena/mp2000.dat:0x57790,scena/mp2000.dat,patrol occasionally.,21
scena/mp2000.dat:0x577a5,scena/mp2000.dat,Bracers from the guild come by on,34
scena/mp2000.dat:0x577d6,scena/mp2000.dat,Must be really hard work.,26
scena/mp2000.dat:0x577f0,scena/mp2000.dat,I hear you bracers travel all over the place.,46
scena/mp2000.dat:0x5782d,scena/mp2000.dat,to our patrols.,16
scena/mp2000.dat:0x5783d,scena/mp2000.dat,That's a whole other league compared,37
scena/mp2000.dat:0x57871,scena/mp2000.dat,I get it that patrolling is really important...,48
scena/mp2000.dat:0x578a1,scena/mp2000.dat,"With things being the way they are,",36
scena/mp2000.dat:0x578d4,scena/mp2000.dat,Just thinking about it makes me tense.,39
scena/mp2000.dat:0x578fb,scena/mp2000.dat,But having to do it to that extent?,36
scena/mp2000.dat:0x5792e,scena/mp2000.dat,like I can fire it...,22
scena/mp2000.dat:0x57944,scena/mp2000.dat,"I've got my gun and all, but it's not",38
scena/mp2000.dat:0x57979,scena/mp2000.dat,it does is make me anxious.,28
scena/mp2000.dat:0x57995,scena/mp2000.dat,"I try not to think about it, because all",41
scena/mp2000.dat:0x579cd,scena/mp2000.dat,like I can fire it...,22
scena/mp2000.dat:0x579e3,scena/mp2000.dat,"I've got my gun and all, but it's not",38
scena/mp2000.dat:0x57a18,scena/mp2000.dat,I haven't even practiced with one in forever.,46
scena/mp2000.dat:0x57a46,scena/mp2000.dat,They want us to fight with bayonets?,37
scena/mp2000.dat:0x57a7a,scena/mp2000.dat,This is the entrance to Kaldia Tunnel.,39
scena/mp2000.dat:0x57ab0,scena/mp2000.dat,You can't go further without a travel pass.,44
scena/mp2000.dat:0x57aeb,scena/mp2000.dat,We haven't had many people through lately.,43
scena/mp2000.dat:0x57b16,scena/mp2000.dat,"It's for safety, since the tunnel is vast and dark.",52
scena/mp2000.dat:0x57b59,scena/mp2000.dat,I've already gotten chewed out for it.,39
scena/mp2000.dat:0x57b80,scena/mp2000.dat,It doesn't help knowing it wasn't a dream now.,47
scena/mp2000.dat:0x57bbe,scena/mp2000.dat,me nothing but trouble.,24
scena/mp2000.dat:0x57bd6,scena/mp2000.dat,*Sigh* Seeing that thing has caused,36
scena/mp2000.dat:0x57c09,scena/mp2000.dat,"Hey there, bracers. How did the investigation go?",50
scena/mp2000.dat:0x57c4a,scena/mp2000.dat,I don't wanna see that thing again.,36
scena/mp2000.dat:0x57c6e,scena/mp2000.dat,I hope you get this case solved soon.,38
scena/mp2000.dat:0x57ca3,scena/mp2000.dat,worrying it might show up.,27
scena/mp2000.dat:0x57cbe,scena/mp2000.dat,"Every night I'm on edge,",25
scena/mp2000.dat:0x57ce6,scena/mp2000.dat,"Please, handle this ghost case quickly.",40
scena/mp2000.dat:0x57d1d,scena/mp2000.dat,"Hey, you guys.",15
scena/mp2000.dat:0x57d3b,scena/mp2000.dat,"that must mean you've got another job, right?",46
scena/mp2000.dat:0x57d69,scena/mp2000.dat,"<R>For you to come through the tunnel,",39
scena/mp2000.dat:0x57d9f,scena/mp2000.dat,some time to rest.,19
scena/mp2000.dat:0x57db2,scena/mp2000.dat,"Well, you're here now. Give yourself",37
scena/mp2000.dat:0x57de6,scena/mp2000.dat,in the Zeiss region.,21
scena/mp2000.dat:0x57dfb,scena/mp2000.dat,I hear they're getting some earthquakes,40
scena/mp2000.dat:0x57e32,scena/mp2000.dat,"Liberl, aren't they?",21
scena/mp2000.dat:0x57e47,scena/mp2000.dat,Earthquakes are pretty uncommon in,35
scena/mp2000.dat:0x57e79,scena/mp2000.dat,"is supposed to be pretty stable, too.",38
scena/mp2000.dat:0x57e9f,scena/mp2000.dat,The ground in the Kaldia Hills area,36
scena/mp2000.dat:0x57ed2,scena/mp2000.dat,ever happening here.,21
scena/mp2000.dat:0x57ee7,scena/mp2000.dat,I can't really remember an earthquake,38
scena/mp2000.dat:0x57f1c,scena/mp2000.dat,passed through not long ago.,29
scena/mp2000.dat:0x57f39,scena/mp2000.dat,Two people I thought were bracers,34
scena/mp2000.dat:0x57f6a,scena/mp2000.dat,<R>Did you run into them in the tunnel?,40
scena/mp2000.dat:0x57fa1,scena/mp2000.dat,"They were in a real rush, too.",31
scena/mp2000.dat:0x57fcf,scena/mp2000.dat,Phew. Bracers always seem super busy.,38
scena/mp2000.dat:0x5800e,scena/mp2000.dat,because of the non-aggression pact signing,43
scena/mp2000.dat:0x58039,scena/mp2000.dat,I hear they're upping security at checkpoints,46
scena/mp2000.dat:0x58076,scena/mp2000.dat,but here? I doubt we need it.,30
scena/mp2000.dat:0x58094,scena/mp2000.dat,"I can see how it makes sense close to the capital,",51
scena/mp2000.dat:0x580d6,scena/mp2000.dat,of the signing ceremony.,25
scena/mp2000.dat:0x580ef,scena/mp2000.dat,They're upping security because,32
scena/mp2000.dat:0x5811e,scena/mp2000.dat,but why should it affect us out here?,38
scena/mp2000.dat:0x58144,scena/mp2000.dat,"I get that it's an important event,",36
scena/mp2000.dat:0x58177,scena/mp2000.dat,Good Goddess... The tunnel is pitch black!,43
scena/mp2000.dat:0x581b1,scena/mp2000.dat,"jump out at me. I'm on edge, man.",34
scena/mp2000.dat:0x581d3,scena/mp2000.dat,It feels like a monster is just gonna,38
scena/mp2000.dat:0x58208,scena/mp2000.dat,went into the tunnel!,22
scena/mp2000.dat:0x5821e,scena/mp2000.dat,I-I can't believe it. Someone just,35
scena/mp2000.dat:0x58250,scena/mp2000.dat,back to Zeiss because of urgent business.,42
scena/mp2000.dat:0x5827a,scena/mp2000.dat,Apparently they were on their way,34
scena/mp2000.dat:0x582ab,scena/mp2000.dat,"I might fall for him...if I was a girl, I mean.",48
scena/mp2000.dat:0x582db,scena/mp2000.dat,"B-But man, that dude has to be real brave.",43
scena/mp2000.dat:0x58315,scena/mp2000.dat,who has to stand guard.,24
scena/mp2000.dat:0x5832d,scena/mp2000.dat,"With Nix off duty, now I'm the one",35
scena/mp2000.dat:0x5835f,scena/mp2000.dat,it's part of the job. Duty is duty.,36
scena/mp2000.dat:0x58383,scena/mp2000.dat,"*Sigh* I dunno what's going on, but",36
scena/mp2000.dat:0x583b6,scena/mp2000.dat,I'm standing guard today.,26
scena/mp2000.dat:0x583df,scena/mp2000.dat,here in the first place?,25
scena/mp2000.dat:0x583f8,scena/mp2000.dat,"But, just who is letting people through",40
scena/mp2000.dat:0x5842f,scena/mp2000.dat,After-school clubs are starting tomorrow.,42
scena/mp2000.dat:0x58468,scena/mp2000.dat,to check if anything is off.,29
scena/mp2000.dat:0x58485,scena/mp2000.dat,I'm inspecting the school courtyard,36
scena/mp2000.dat:0x584b8,scena/mp2000.dat,Phew. Seems the courtyard is fine.,35
scena/mp2000.dat:0x584f2,scena/mp2000.dat, inspections of club equipment.,32
scena/mp2000.dat:0x58521,scena/mp2000.dat,a boy hiding in one of the classrooms.,39
scena/mp2000.dat:0x58548,scena/mp2000.dat,"When I was doing the rounds last night, I found",48
scena/mp2000.dat:0x58587,scena/mp2000.dat,He nearly gave me a heart attack!,34
scena/mp2000.dat:0x585b8,scena/mp2000.dat,"I swear, every school has its jokers.",38
scena/mp2000.dat:0x585ed,scena/mp2000.dat,"School clubs are restarting tomorrow, at last.",47
scena/mp2000.dat:0x5862b,scena/mp2000.dat,now to get used to it...,25
scena/mp2000.dat:0x58644,scena/mp2000.dat,I better get some good running in,34
scena/mp2000.dat:0x58675,scena/mp2000.dat,*Pant* *Pant*,14
scena/mp2000.dat:0x58692,scena/mp2000.dat,Whew. Sunset already?,22
scena/mp2000.dat:0x586b7,scena/mp2000.dat,can be ready for club activities tomorrow.,43
scena/mp2000.dat:0x586e2,scena/mp2000.dat,I guess I'll go to bed early so I,34
scena/mp2000.dat:0x58713,scena/mp2000.dat,Awright! Today's the day clubs start up again.,47
scena/mp2000.dat:0x58751,scena/mp2000.dat,Gotta get this weak body back into tip-top shape!,50
scena/mp2000.dat:0x58792,scena/mp2000.dat,work out there.,16
scena/mp2000.dat:0x587a2,scena/mp2000.dat,"Hey there, bracers. Absolutely incredible",42
scena/mp2000.dat:0x587db,scena/mp2000.dat,since classes are starting up again.,37
scena/mp2000.dat:0x58800,scena/mp2000.dat,It's gonna get busy from here on out,37
scena/mp2000.dat:0x58834,scena/mp2000.dat,"Let's all do our best, yeah?",29
scena/mp2000.dat:0x58860,scena/mp2000.dat,since classes are starting up again.,37
scena/mp2000.dat:0x58885,scena/mp2000.dat,It's gonna get busy from here on out,37
scena/mp2000.dat:0x588b9,scena/mp2000.dat,"Let's all do our best, yeah?",29
scena/mp2000.dat:0x588e5,scena/mp2000.dat,Something strange happened during exams...?,44
scena/mp2000.dat:0x58920,scena/mp2000.dat,You'll have to ask someone else.,33
scena/mp2000.dat:0x58941,scena/mp2000.dat,"Sorry, I don't know anything about it.",39
scena/mp2000.dat:0x58977,scena/mp2000.dat,"I didn't notice anything unusual, to be honest.",48
scena/mp2000.dat:0x589b6,scena/mp2000.dat,You should probably ask someone else.,38
scena/mp2000.dat:0x58a0b,scena/mp2000.dat,the art club to work with.,27
scena/mp2000.dat:0x58a26,scena/mp2000.dat,I'm looking for some good themes for,37
scena/mp2000.dat:0x58a5a,scena/mp2000.dat,not be a bad idea.,19
scena/mp2000.dat:0x58a6d,scena/mp2000.dat,Oh! 'Nighttime at the Schoolhouse' might,41
scena/mp2000.dat:0x58aa5,scena/mp2000.dat,Been a while since I've relaxed outside.,41
scena/mp2000.dat:0x58add,scena/mp2000.dat,amazing piece right now.,25
scena/mp2000.dat:0x58af6,scena/mp2000.dat,I feel like I could paint an,29
scena/mp2000.dat:0x58b22,scena/mp2000.dat,Today we're doing some sketching in the art club.,50
scena/mp2000.dat:0x58b63,scena/mp2000.dat,Except that...there's nobody else here so far.,47
scena/mp2000.dat:0x58ba1,scena/mp2000.dat,Did I get here too early?,26
scena/mp2000.dat:0x58bca,scena/mp2000.dat,Today we're doing some sketching in the art club.,50
scena/mp2000.dat:0x58c0b,scena/mp2000.dat,Ahh. The academy festival was so much fun.,43
scena/mp2000.dat:0x58c45,scena/mp2000.dat,and do cool stuff like that again soon.,40
scena/mp2000.dat:0x58c6d,scena/mp2000.dat,I hope we'll get a chance to group up,38
scena/mp2000.dat:0x58ca2,scena/mp2000.dat,Ahh. The academy festival was so much fun.,43
scena/mp2000.dat:0x58cdc,scena/mp2000.dat,with fun club activities.,26
scena/mp2000.dat:0x58cf6,scena/mp2000.dat,"Well, I'll fill my time until the next festival",48
scena/mp2000.dat:0x58d35,scena/mp2000.dat,Something strange during exams...?,35
scena/mp2000.dat:0x58d67,scena/mp2000.dat,"No, I don't think anything odd happened.",41
scena/mp2000.dat:0x58d9f,scena/mp2000.dat,really was taking place at our academy?,40
scena/mp2000.dat:0x58dc7,scena/mp2000.dat,But wouldn't it be cool if some strange phenomenon,51
scena/mp2000.dat:0x58e09,scena/mp2000.dat,a novel I'm working on.,24
scena/mp2000.dat:0x58e21,scena/mp2000.dat,I might even use that in the plot of,37
scena/mp2000.dat:0x58e55,scena/mp2000.dat,really was taking place at our academy.,40
scena/mp2000.dat:0x58e7d,scena/mp2000.dat,It would be pretty cool if some strange phenomenon,51
scena/mp2000.dat:0x58ebf,scena/mp2000.dat,a novel I'm working on.,24
scena/mp2000.dat:0x58ed7,scena/mp2000.dat,I might even use that in the plot of,37
scena/mp2000.dat:0x58f0b,scena/mp2000.dat,a novel when we go on break next.,34
scena/mp2000.dat:0x58f2d,scena/mp2000.dat,I've been thinking about writing,33
scena/mp2000.dat:0x58f5d,scena/mp2000.dat,much like our very own.,24
scena/mp2000.dat:0x58f75,scena/mp2000.dat,"I plan on setting it at an academy,",36
scena/mp2000.dat:0x58fa8,scena/mp2000.dat,That's all I've come up with so far.,37
scena/mp2000.dat:0x58fdc,scena/mp2000.dat,a novel when we go on break next.,34
scena/mp2000.dat:0x58ffe,scena/mp2000.dat,I've been thinking about writing,33
scena/mp2000.dat:0x5902e,scena/mp2000.dat,like our very own.,19
scena/mp2000.dat:0x59041,scena/mp2000.dat,"I plan on setting it at an academy, much",41
scena/mp2000.dat:0x5909b,scena/mp2000.dat,the sailors' tavern in the South Block.,40
scena/mp2000.dat:0x590c3,scena/mp2000.dat,"For food, I think we should check",34
scena/mp2000.dat:0x590f4,scena/mp2000.dat,"over the casino, Uncle.",24
scena/mp2000.dat:0x5910c,scena/mp2000.dat,I think you'd prefer that place,32
scena/mp2000.dat:0x5913b,scena/mp2000.dat,doubting things again...,25
scena/mp2000.dat:0x59154,scena/mp2000.dat,"With the incident over, I find myself",38
scena/mp2000.dat:0x59189,scena/mp2000.dat,"The culprits were using orbal guns, right?",43
scena/mp2000.dat:0x591c3,scena/mp2000.dat,working during an orbal outage?,32
scena/mp2000.dat:0x591e3,scena/mp2000.dat,But how come their guns were,29
scena/mp2000.dat:0x5920f,scena/mp2000.dat,Hmm... That's so strange...,28
scena/mp2000.dat:0x5923a,scena/mp2000.dat,working during an orbal outage?,32
scena/mp2000.dat:0x5925a,scena/mp2000.dat,But how come their guns were,29
scena/mp2000.dat:0x59286,scena/mp2000.dat,Hmm... That's so strange...,28
scena/mp2000.dat:0x592b1,scena/mp2000.dat,"Hey, I heard what's going on.",30
scena/mp2000.dat:0x592de,scena/mp2000.dat,"out in the old schoolhouse, right?",35
scena/mp2000.dat:0x59301,scena/mp2000.dat,Some shady weirdo was hiding,29
scena/mp2000.dat:0x5932d,scena/mp2000.dat,had something to do with him.,30
scena/mp2000.dat:0x5934b,scena/mp2000.dat,I wonder if that white shadow I saw,36
scena/mp2000.dat:0x5937e,scena/mp2000.dat,that white shadow?,19
scena/mp2000.dat:0x59391,scena/mp2000.dat,"Even so, just what in the world was",36
scena/mp2000.dat:0x593c4,scena/mp2000.dat,"Regardless, that weirdo was definitely involved.",49
scena/mp2000.dat:0x5941e,scena/mp2000.dat,We'll take care of security from now on!,41
scena/mp2000.dat:0x59456,scena/mp2000.dat,Apologies for our late arrival.,32
scena/mp2000.dat:0x59485,scena/mp2000.dat,patrol ships are out of commission.,36
scena/mp2000.dat:0x594a9,scena/mp2000.dat,Everything takes longer while,30
scena/mp2000.dat:0x594d6,scena/mp2000.dat,We'll handle security here from now on.,40
scena/mp2000.dat:0x594fe,scena/mp2000.dat,Apologies for our late arrival.,32
scena/mp2000.dat:0x5952d,scena/mp2000.dat,"Well, well! If it isn't my dear Estelle!",41
scena/mp2000.dat:0x59565,scena/mp2000.dat,"Hey, Olivier. Find any witnesses yet?",38
scena/mp2000.dat:0x5959e,scena/mp2000.dat,"Well, well! If it isn't Her Highness!",38
scena/mp2000.dat:0x595d3,scena/mp2000.dat,speak with any witnesses yet?,30
scena/mp2000.dat:0x595f1,scena/mp2000.dat,"Hello, Olivier. Did you manage to",34
scena/mp2000.dat:0x59626,scena/mp2000.dat,charge of talking to people.,29
scena/mp2000.dat:0x59643,scena/mp2000.dat,Haha! I'm letting Dorothy be in,32
scena/mp2000.dat:0x59673,scena/mp2000.dat,there's a girls' dorm here.,28
scena/mp2000.dat:0x5968f,scena/mp2000.dat,"Meanwhile, I've established that",33
scena/mp2000.dat:0x596bf,scena/mp2000.dat,trying to locate it.,21
scena/mp2000.dat:0x596d4,scena/mp2000.dat,I'm currently preoccupied with,31
scena/mp2000.dat:0x59702,scena/mp2000.dat,"Huh, what for...?",18
scena/mp2000.dat:0x59728,scena/mp2000.dat,What business do you have at the girls' dorm...?,49
scena/mp2000.dat:0x5976c,scena/mp2000.dat,what's drawing you there...,28
scena/mp2000.dat:0x59788,scena/mp2000.dat,Oh. Right. I think I can guess,31
scena/mp2000.dat:0x597bb,scena/mp2000.dat,"Heh, there can be but one reason!",34
scena/mp2000.dat:0x597ed,scena/mp2000.dat,bedchambers of the young maidens!,34
scena/mp2000.dat:0x5980f,scena/mp2000.dat,I must make haste to guard ,28
scena/mp2000.dat:0x5983a,scena/mp2000.dat,Ugh... Figures...,18
scena/mp2000.dat:0x59860,scena/mp2000.dat,O-Old habits die hard...,25
scena/mp2000.dat:0x5988d,scena/mp2000.dat,the clutches of evildoers...!,30
scena/mp2000.dat:0x598ab,scena/mp2000.dat,We can't wait until they fall into,35
scena/mp2000.dat:0x598dd,scena/mp2000.dat,"Oh, hang on. That reminds me, Estelle...",41
scena/mp2000.dat:0x59916,scena/mp2000.dat,"before, correct?",17
scena/mp2000.dat:0x59927,scena/mp2000.dat,You had stayed at this academy,31
scena/mp2000.dat:0x59955,scena/mp2000.dat,Would you mind directing me to the dorm?,41
scena/mp2000.dat:0x599aa,scena/mp2000.dat,I-I'll have to do it later. I'm busy.,38
scena/mp2000.dat:0x599e3,scena/mp2000.dat,would be catastrophic...!),27
scena/mp2000.dat:0x599fe,scena/mp2000.dat,(Letting Olivier near the girls' dorm,38
scena/mp2000.dat:0x59a39,scena/mp2000.dat,Academy's girls' dorm be...,28
scena/mp2000.dat:0x59a55,scena/mp2000.dat,Hmm... Where could the Royal,29
scena/mp2000.dat:0x59a82,scena/mp2000.dat,beauties await me there...,27
scena/mp2000.dat:0x59a9d,scena/mp2000.dat,"I'm sure plenty of sweet, budding",34
scena/mp2000.dat:0x59ace,scena/mp2000.dat,Heh... Hehehehe...,19
scena/mp2000.dat:0x59af1,scena/mp2000.dat,(...I cannot tell him where it is. EVER.),42
scena/mp2000.dat:0x59b30,scena/mp2000.dat,"There's not much time, but be careful, okay?",45
scena/mp2000.dat:0x59b6c,scena/mp2000.dat,There will be another boat coming shortly.,43
scena/mp2000.dat:0x59ba6,scena/mp2000.dat,rolled out a new type of engine!,33
scena/mp2000.dat:0x59bc7,scena/mp2000.dat,The Central Factory has apparently,35
scena/mp2000.dat:0x59bf9,scena/mp2000.dat,the Arseille's full potential!,31
scena/mp2000.dat:0x59c18,scena/mp2000.dat,This new engine is sure to unlock,34
scena/mp2000.dat:0x59c49,scena/mp2000.dat,rolled out a new type of engine!,33
scena/mp2000.dat:0x59c6a,scena/mp2000.dat,The Central Factory has apparently,35
scena/mp2000.dat:0x59c9c,scena/mp2000.dat,certainly love to get a chance to see it.,42
scena/mp2000.dat:0x59cc6,scena/mp2000.dat,A humble engineer like myself would,36
scena/mp2000.dat:0x59cf9,scena/mp2000.dat,a very skilled mechanic.,25
scena/mp2000.dat:0x59d12,scena/mp2000.dat,Todd has come a long way toward becoming,41
scena/mp2000.dat:0x59d4a,scena/mp2000.dat,needing detailed instructions.,31
scena/mp2000.dat:0x59d69,scena/mp2000.dat,He can get most jobs done without,34
scena/mp2000.dat:0x59d9a,scena/mp2000.dat,"a while, it strikes me how much Todd has improved.",51
scena/mp2000.dat:0x59dcd,scena/mp2000.dat,Whenever I come back after being away for,42
scena/mp2000.dat:0x59e06,scena/mp2000.dat,the Cecilia.,13
scena/mp2000.dat:0x59e13,scena/mp2000.dat,Now then... The next arrival is,32
scena/mp2000.dat:0x59e42,scena/mp2000.dat,arrived in Ruan on time.,25
scena/mp2000.dat:0x59e5b,scena/mp2000.dat,We've received word that it,28
scena/mp2000.dat:0x59e86,scena/mp2000.dat,complete the boarding procedures quickly.,42
scena/mp2000.dat:0x59eb0,scena/mp2000.dat,"If you're planning to get on, you'd better",43
scena/mp2000.dat:0x59eea,scena/mp2000.dat,the Cecilia.,13
scena/mp2000.dat:0x59ef7,scena/mp2000.dat,Now then... The next arrival is,32
scena/mp2000.dat:0x59f26,scena/mp2000.dat,complete the boarding procedures quickly.,42
scena/mp2000.dat:0x59f50,scena/mp2000.dat,"If you're planning to get on, you'd better",43
scena/mp2000.dat:0x59f8a,scena/mp2000.dat,"Well, if it isn't the bracers!",31
scena/mp2000.dat:0x59fb8,scena/mp2000.dat,I came here for a break.,25
scena/mp2000.dat:0x59fd1,scena/mp2000.dat,"I'm kinda stuck in my research, so",35
scena/mp2000.dat:0x5a003,scena/mp2000.dat,What in the world is going on with that tower?,47
scena/mp2000.dat:0x5a041,scena/mp2000.dat,I hope the town is safe...,27
scena/mp2000.dat:0x5a05c,scena/mp2000.dat,I'm worried about my brother in Ruan.,38
scena/mp2000.dat:0x5a091,scena/mp2000.dat,What in the world is going on with that tower?,47
scena/mp2000.dat:0x5a0cf,scena/mp2000.dat,I hope the town is safe...,27
scena/mp2000.dat:0x5a0ea,scena/mp2000.dat,I'm worried about my brother in Ruan.,38
scena/mp2000.dat:0x5a11f,scena/mp2000.dat,"Samario, check the guide lights.",33
scena/mp2000.dat:0x5a14f,scena/mp2000.dat,Where's Todd?,14
scena/mp2000.dat:0x5a16c,scena/mp2000.dat,of the docking mechanism.,26
scena/mp2000.dat:0x5a186,scena/mp2000.dat,He's performing an inspection,30
scena/mp2000.dat:0x5a1b3,scena/mp2000.dat,"Ok, then I'll leave this to you.",33
scena/mp2000.dat:0x5a1e3,scena/mp2000.dat,"There's not much time, but be careful, okay?",45
scena/mp2000.dat:0x5a234,scena/mp2000.dat,Huh? Antoine?!,15
scena/mp2000.dat:0x5a257,scena/mp2000.dat,Teehee... Surprised?,21
scena/mp2000.dat:0x5a280,scena/mp2000.dat,I heard Mr. Ray brought him...,31
scena/mp2000.dat:0x5a2b2,scena/mp2000.dat,Factory bring him here...?,27
scena/mp2000.dat:0x5a2cd,scena/mp2000.dat,Did someone from the Central,29
scena/mp2000.dat:0x5a312,scena/mp2000.dat,appear in tense situations like this?,38
scena/mp2000.dat:0x5a338,scena/mp2000.dat,"Um, why do you always seem to",30
scena/mp2000.dat:0x5a369,scena/mp2000.dat,"Well, anyway, it's good to have you here.",42
scena/mp2000.dat:0x5a3a6,scena/mp2000.dat,"Antoine, what're you doing here?",33
scena/mp2000.dat:0x5a3ef,scena/mp2000.dat,"Nyao, nyao, nyao, nyao, nya!",29
scena/mp2000.dat:0x5a41b,scena/mp2000.dat,Haha. It's like he's trying to say something.,46
scena/mp2000.dat:0x5a45c,scena/mp2000.dat,It seems like he wants to give us something.,45
scena/mp2000.dat:0x5a4b1,scena/mp2000.dat,Oh...? You're giving us this book?,35
scena/mp2000.dat:0x5a4e9,scena/mp2000.dat,Obtained ,10
scena/mp2000.dat:0x5a4f3,scena/mp2000.dat,Hehe. Thank you!,17
scena/mp2000.dat:0x5a54f,scena/mp2000.dat,who can talk to animals?,25
scena/mp2000.dat:0x5a568,scena/mp2000.dat,Uh... Was there someone we know,32
scena/mp2000.dat:0x5a59b,scena/mp2000.dat,*Sigh* Nyafu.,14
scena/mp2000.dat:0x5a5b8,scena/mp2000.dat,It seems he was here to bask in the sun.,41
scena/mp2000.dat:0x5a5f5,scena/mp2000.dat,"Hey, guys. You already on another job?",39
scena/mp2000.dat:0x5a62b,scena/mp2000.dat,"craze really has taken over the entire town, huh?",50
scena/mp2000.dat:0x5a65d,scena/mp2000.dat,Seems like the rumors were true. The election,46
scena/mp2000.dat:0x5a69a,scena/mp2000.dat,scare the fish away!,21
scena/mp2000.dat:0x5a6af,scena/mp2000.dat,It's so noisy I'm worried it will,34
scena/mp2000.dat:0x5a6e0,scena/mp2000.dat,"election craze, huh? Just like the rumors said.",48
scena/mp2000.dat:0x5a710,scena/mp2000.dat,The entire town really is caught up in the,43
scena/mp2000.dat:0x5a74a,scena/mp2000.dat,scare the fish away!,21
scena/mp2000.dat:0x5a75f,scena/mp2000.dat,It's so noisy I'm worried it will,34
scena/mp2000.dat:0x5a790,scena/mp2000.dat,before getting started.,24
scena/mp2000.dat:0x5a7a8,scena/mp2000.dat,"Well, I'll have a quick break",30
scena/mp2000.dat:0x5a7d5,scena/mp2000.dat,an urban area.,15
scena/mp2000.dat:0x5a7e4,scena/mp2000.dat,Hmm. This is a pretty good spot for,36
scena/mp2000.dat:0x5a817,scena/mp2000.dat,"Not a huge variety of fish, but they bite easily!",50
scena/mp2000.dat:0x5a858,scena/mp2000.dat,Everything's just like Pecheur said.,37
scena/mp2000.dat:0x5a88c,scena/mp2000.dat,"It's a pretty good spot, like my friends said.",47
scena/mp2000.dat:0x5a8ca,scena/mp2000.dat,Hehehe... I'm getting pretty excited.,38
scena/mp2000.dat:0x5a8ff,scena/mp2000.dat,What the... Is that some sorta commotion?,42
scena/mp2000.dat:0x5a96a,scena/mp2000.dat,"...What's the matter? Here, eat up.",36
scena/mp2000.dat:0x5a99d,scena/mp2000.dat,"trial of endurance, eh?",24
scena/mp2000.dat:0x5a9b5,scena/mp2000.dat,Hmm. So this is going to be a,30
scena/mp2000.dat:0x5a9e2,scena/mp2000.dat,your challenge!,16
scena/mp2000.dat:0x5a9f2,scena/mp2000.dat,Very well. That sounds fun. I accept,37
scena/mp2000.dat:0x5aa48,scena/mp2000.dat,"Well, I can't be fishing on an empty stomach.",46
scena/mp2000.dat:0x5aa85,scena/mp2000.dat,You know any good places to grab a bite?,41
scena/mp2000.dat:0x5aabd,scena/mp2000.dat,Hmm. This certainly is a great view.,37
scena/mp2000.dat:0x5aaf1,scena/mp2000.dat,a new tourist attraction.,26
scena/mp2000.dat:0x5ab0b,scena/mp2000.dat,"I'm a merchant from Bose, looking for",38
scena/mp2000.dat:0x5ab40,scena/mp2000.dat,So developing the South Block is key.,38
scena/mp2000.dat:0x5ab66,scena/mp2000.dat,The big draw to this town is the port.,39
scena/mp2000.dat:0x5ab9c,scena/mp2000.dat,soon to check it out.,22
scena/mp2000.dat:0x5abb2,scena/mp2000.dat,I'll be heading over to the South Block,40
scena/mp2000.dat:0x5abe9,scena/mp2000.dat,heard some parts of the port are quite rough.,46
scena/mp2000.dat:0x5ac17,scena/mp2000.dat,"I'm a little wary, though, since I've",38
scena/mp2000.dat:0x5ac4c,scena/mp2000.dat,District. Buncha lowlifes hanging around too.,46
scena/mp2000.dat:0x5ac7a,scena/mp2000.dat,So this is the problematic Warehouse,37
scena/mp2000.dat:0x5acae,scena/mp2000.dat,that after all.,16
scena/mp2000.dat:0x5acbe,scena/mp2000.dat,"bodyguards, but maybe there was no need for",44
scena/mp2000.dat:0x5acea,scena/mp2000.dat,"I was told it might be dangerous here, so I hired",50
scena/mp2000.dat:0x5ad2b,scena/mp2000.dat,So this is the problematic Warehouse District.,47
scena/mp2000.dat:0x5ad69,scena/mp2000.dat,in order to develop tourist attractions.,41
scena/mp2000.dat:0x5ad92,scena/mp2000.dat,Gotta do something about this place,36
scena/mp2000.dat:0x5adc5,scena/mp2000.dat,That was a very fruitful field trip.,37
scena/mp2000.dat:0x5adf9,scena/mp2000.dat,featuring on guided tours.,27
scena/mp2000.dat:0x5ae14,scena/mp2000.dat,I've found quite a few spots worth,35
scena/mp2000.dat:0x5ae46,scena/mp2000.dat,negotiate with the Liberl Orbalship Corporation.,49
scena/mp2000.dat:0x5ae77,scena/mp2000.dat,"Next up, I gotta head back to the capital and",46
scena/mp2000.dat:0x5aeb4,scena/mp2000.dat,The ship bound for the capital will be here soon.,50
scena/mp2000.dat:0x5aef5,scena/mp2000.dat,of late flights these days either.,35
scena/mp2000.dat:0x5af18,scena/mp2000.dat,Airliners sure are convenient. Not a lot,41
scena/mp2000.dat:0x5af50,scena/mp2000.dat,Hehehe... Lucky me!,20
scena/mp2000.dat:0x5af73,scena/mp2000.dat,before returning home!,23
scena/mp2000.dat:0x5af8a,scena/mp2000.dat,I get to spend some time in Bose,33
scena/mp2000.dat:0x5afba,scena/mp2000.dat,should be enough to enjoy a bit of sightseeing.,48
scena/mp2000.dat:0x5afea,scena/mp2000.dat,"We won't be staying there long, but it",39
scena/mp2000.dat:0x5b020,scena/mp2000.dat,"Thanks for negotiating that for me, Reina.",43
scena/mp2000.dat:0x5b05a,scena/mp2000.dat,before returning home!,23
scena/mp2000.dat:0x5b071,scena/mp2000.dat,I get to spend some time in Bose,33
scena/mp2000.dat:0x5b0a1,scena/mp2000.dat,"can be useful at times, Reina.",31
scena/mp2000.dat:0x5b0c0,scena/mp2000.dat,Teehee. Having you around,26
scena/mp2000.dat:0x5b0e9,scena/mp2000.dat,F-For now... I owe you my thanks.,34
scena/mp2000.dat:0x5b11a,scena/mp2000.dat,studies or activities.,23
scena/mp2000.dat:0x5b131,scena/mp2000.dat,students are determined not to let it derail our,49
scena/mp2000.dat:0x5b162,scena/mp2000.dat,"Liberl might be in a crisis of sorts, but we",45
scena/mp2000.dat:0x5b19e,scena/mp2000.dat,control their life.,20
scena/mp2000.dat:0x5b1b2,scena/mp2000.dat,No one wants to feel like they can't,37
scena/mp2000.dat:0x5b1e6,scena/mp2000.dat,"white like you do, Reina.",26
scena/mp2000.dat:0x5b200,scena/mp2000.dat,I don't see things in black and,32
scena/mp2000.dat:0x5b22f,scena/mp2000.dat,"Well, if it isn't Estelle and Joshua.",38
scena/mp2000.dat:0x5b264,scena/mp2000.dat,Nice to see you all again...,29
scena/mp2000.dat:0x5b290,scena/mp2000.dat,I'm ever so grateful to you for saving Felicity.,49
scena/mp2000.dat:0x5b2d0,scena/mp2000.dat,I offer you my sincerest thanks.,33
scena/mp2000.dat:0x5b2f1,scena/mp2000.dat,"As a representative of her family,",35
scena/mp2000.dat:0x5b323,scena/mp2000.dat,Y-You don't have to be so formal...!,37
scena/mp2000.dat:0x5b35b,scena/mp2000.dat,Yeah. We were just doing our job.,34
scena/mp2000.dat:0x5b390,scena/mp2000.dat,Heehee. You bracers are always so humble.,42
scena/mp2000.dat:0x5b3c9,scena/mp2000.dat,But I am truly grateful to you all.,36
scena/mp2000.dat:0x5b3fc,scena/mp2000.dat,"able to mend our relationship, too...",38
scena/mp2000.dat:0x5b422,scena/mp2000.dat,"And thanks to you solving that case, we were",45
scena/mp2000.dat:0x5b45e,scena/mp2000.dat,Oh... You mean...?,19
scena/mp2000.dat:0x5b485,scena/mp2000.dat,The two of you are friends again?,34
scena/mp2000.dat:0x5b4ba,scena/mp2000.dat,"Yes, for now, at least.",24
scena/mp2000.dat:0x5b4e1,scena/mp2000.dat,perspective on things.,23
scena/mp2000.dat:0x5b4f8,scena/mp2000.dat,Felicity has at least learned about my,39
scena/mp2000.dat:0x5b52e,scena/mp2000.dat,Not that she agrees with it...,31
scena/mp2000.dat:0x5b55c,scena/mp2000.dat,"Well, that's only normal, isn't it?",36
scena/mp2000.dat:0x5b58f,scena/mp2000.dat,arrangements for me without asking me first?!,46
scena/mp2000.dat:0x5b5bd,scena/mp2000.dat,How could I be okay with people making marriage,48
scena/mp2000.dat:0x5b5fc,scena/mp2000.dat,Why must you dwell on the small details?,41
scena/mp2000.dat:0x5b634,scena/mp2000.dat,"outlook on life, Felicity.",27
scena/mp2000.dat:0x5b64f,scena/mp2000.dat,I want you to learn to have a larger,37
scena/mp2000.dat:0x5b683,scena/mp2000.dat,getting married is SMALL?!,27
scena/mp2000.dat:0x5b69e,scena/mp2000.dat,B-But it's marriage! What about me,35
scena/mp2000.dat:0x5b6d0,scena/mp2000.dat,O-Okay... Both of you settle down...,37
scena/mp2000.dat:0x5b709,scena/mp2000.dat,(Are they really friends again...?),36
scena/mp2000.dat:0x5b740,scena/mp2000.dat,(Hm...Kinda hard to say here.),31
scena/mp2000.dat:0x5b773,scena/mp2000.dat,are back to normal between them?),34
scena/mp2000.dat:0x5b795,scena/mp2000.dat,"(Well, at least it looks like things",37
scena/mp2000.dat:0x5b7cd,scena/mp2000.dat,"my point of view, at least...",30
scena/mp2000.dat:0x5b7eb,scena/mp2000.dat,"Well, it's good that you understand",36
scena/mp2000.dat:0x5b82d,scena/mp2000.dat,picture instead of dwelling on details of no,45
scena/mp2000.dat:0x5b85a,scena/mp2000.dat,"But, milady, I need you to learn to see the big",48
scena/mp2000.dat:0x5b899,scena/mp2000.dat,a perfectly natural thing to dwell on.,39
scena/mp2000.dat:0x5b8c0,scena/mp2000.dat,"Oh, please. I think those 'details' are",40
scena/mp2000.dat:0x5b8f7,scena/mp2000.dat,control their life.,20
scena/mp2000.dat:0x5b90b,scena/mp2000.dat,No one wants to feel like they can't,37
scena/mp2000.dat:0x5b93f,scena/mp2000.dat,"is too narrow, milady.",23
scena/mp2000.dat:0x5b956,scena/mp2000.dat,And I'm saying that your vision,32
scena/mp2000.dat:0x5b985,scena/mp2000.dat,*Sigh* Oh dear...,18
scena/mp2000.dat:0x5b9a6,scena/mp2000.dat,"your thinking, regrettable as it is.",37
scena/mp2000.dat:0x5b9cb,scena/mp2000.dat,Perhaps you are just naturally limited in,42
scena/mp2000.dat:0x5ba04,scena/mp2000.dat,I-I beg your pardon!,21
scena/mp2000.dat:0x5ba28,scena/mp2000.dat,(Aaand they're fighting again...),34
scena/mp2000.dat:0x5ba5d,scena/mp2000.dat,(Y-Yeah... These two never change.),36
scena/mp2000.dat:0x5ba94,scena/mp2000.dat,how they show affection for each other?),41
scena/mp2000.dat:0x5babd,scena/mp2000.dat,(They're always like this... Maybe it's just,45
scena/mp2000.dat:0x5bafd,scena/mp2000.dat,*Sigh* Oh dear.,16
scena/mp2000.dat:0x5bb1c,scena/mp2000.dat,Felicity has kicked me out of her room.,40
scena/mp2000.dat:0x5bb53,scena/mp2000.dat,"I expected resistance, but not to this extent.",47
scena/mp2000.dat:0x5bb91,scena/mp2000.dat,secret weapon.,15
scena/mp2000.dat:0x5bba0,scena/mp2000.dat,Hmm. It may be time for me to use my,37
scena/mp2000.dat:0x5bbd4,scena/mp2000.dat,until things cool down.,24
scena/mp2000.dat:0x5bbec,scena/mp2000.dat,I can't exactly go back to the dorm,36
scena/mp2000.dat:0x5bc1f,scena/mp2000.dat,secret weapon.,15
scena/mp2000.dat:0x5bc2e,scena/mp2000.dat,It may be time for me to use my,32
scena/mp2000.dat:0x5bc5d,scena/mp2000.dat,special permission from Erebonia...),37
scena/mp2000.dat:0x5bc82,scena/mp2000.dat,(It seems like Felicity thinks I negotiated,44
scena/mp2000.dat:0x5bcbd,scena/mp2000.dat,already in our return itinerary...),36
scena/mp2000.dat:0x5bce1,scena/mp2000.dat,(But sightseeing in Bose was actually,38
scena/mp2000.dat:0x5bd16,scena/mp2000.dat,have airships flying directly to Erebonia...),46
scena/mp2000.dat:0x5bd44,scena/mp2000.dat,"(There are great restaurants there, and they",45
scena/mp2000.dat:0x5bd80,scena/mp2000.dat,the royal-born Felicity and a potential suitor.),49
scena/mp2000.dat:0x5bdb1,scena/mp2000.dat,(It's the perfect place for a meetup between,45
scena/mp2000.dat:0x5bded,scena/mp2000.dat,(...But she doesn't need to know that yet.),44
scena/mp2000.dat:0x5be28,scena/mp2000.dat,of an Erebonian noble...),26
scena/mp2000.dat:0x5be42,scena/mp2000.dat,"(This time, her suitor is the son",34
scena/mp2000.dat:0x5be73,scena/mp2000.dat,modern views and is studying in Liberl.),41
scena/mp2000.dat:0x5be9c,scena/mp2000.dat,(He apparently liked that she has,34
scena/mp2000.dat:0x5becd,scena/mp2000.dat,a bigger outlook on life.,26
scena/mp2000.dat:0x5bee7,scena/mp2000.dat,I need to have Felicity learn to have,38
scena/mp2000.dat:0x5bf1c,scena/mp2000.dat,the burden of that lineage.,28
scena/mp2000.dat:0x5bf38,scena/mp2000.dat,Those born into noble families bear,36
scena/mp2000.dat:0x5bf9e,scena/mp2000.dat,"Oh, dear. Is something the matter?",35
scena/mp2000.dat:0x5bfd0,scena/mp2000.dat,ask you about. For work.,25
scena/mp2000.dat:0x5bfe9,scena/mp2000.dat,"Y-Yeah, I have something I need to",35
scena/mp2000.dat:0x5c020,scena/mp2000.dat,whole arranged marriage thing?),32
scena/mp2000.dat:0x5c040,scena/mp2000.dat,"(So, what exactly...happened with the",38
scena/mp2000.dat:0x5c079,scena/mp2000.dat,(Hold on a sec... How is this about work?),43
scena/mp2000.dat:0x5c0b8,scena/mp2000.dat,"(This is just you gossiping, Estelle!)",39
scena/mp2000.dat:0x5c0f3,scena/mp2000.dat,"(Oh, it's fine. It does relate to work. A little.)",51
scena/mp2000.dat:0x5c139,scena/mp2000.dat,"(Well, I don't particularly mind...)",37
scena/mp2000.dat:0x5c16d,scena/mp2000.dat,"(Anyway, as expected, it was a big success!)",45
scena/mp2000.dat:0x5c1a9,scena/mp2000.dat,(No way! It was?!),19
scena/mp2000.dat:0x5c1d0,scena/mp2000.dat,"(Wait, does that mean...Felicity is...?)",41
scena/mp2000.dat:0x5c20c,scena/mp2000.dat,be taken. So she is not engaged yet.),38
scena/mp2000.dat:0x5c232,scena/mp2000.dat,(There are proper steps that need to,37
scena/mp2000.dat:0x5c266,scena/mp2000.dat,have taken a liking to one another.),37
scena/mp2000.dat:0x5c28b,scena/mp2000.dat,"(All it means is that, for now, the two",40
scena/mp2000.dat:0x5c2c2,scena/mp2000.dat,"(Oh, I see...)",15
scena/mp2000.dat:0x5c2e4,scena/mp2000.dat,"stuff, I got worked up thinking about it.)",43
scena/mp2000.dat:0x5c30f,scena/mp2000.dat,(Whoa... Even though it's someone else's marriage,50
scena/mp2000.dat:0x5c355,scena/mp2000.dat,"(And why are you so concerned about it, Estelle?)",50
scena/mp2000.dat:0x5c39a,scena/mp2000.dat,roughly the same age as me...),31
scena/mp2000.dat:0x5c3b9,scena/mp2000.dat,(N-No big reason. It's just that she's,39
scena/mp2000.dat:0x5c3f3,scena/mp2000.dat,(Huh? Why do you even care?),29
scena/mp2000.dat:0x5c424,scena/mp2000.dat,roughly the same age as me...),31
scena/mp2000.dat:0x5c443,scena/mp2000.dat,(N-No big reason. It's just that she's,39
scena/mp2000.dat:0x5c47d,scena/mp2000.dat,their relationship through correspondence.),44
scena/mp2000.dat:0x5c4a9,scena/mp2000.dat,(They apparently intend on developing,38
scena/mp2000.dat:0x5c4de,scena/mp2000.dat,(So marriage is much further down the road.),45
scena/mp2000.dat:0x5c51a,scena/mp2000.dat,a bigger outlook on life.,26
scena/mp2000.dat:0x5c534,scena/mp2000.dat,I need to have Felicity learn to have,38
scena/mp2000.dat:0x5c569,scena/mp2000.dat,the burden of that lineage.,28
scena/mp2000.dat:0x5c585,scena/mp2000.dat,Those born into noble families bear,36
scena/mp2000.dat:0x5c5b8,scena/mp2000.dat,Whoa. What an impressive bridge!,33
scena/mp2000.dat:0x5c5e8,scena/mp2000.dat,I sure would like to see it in action.,39
scena/mp2000.dat:0x5c61e,scena/mp2000.dat,I made the trip here mostly for the casino...,46
scena/mp2000.dat:0x5c65b,scena/mp2000.dat,"But I definitely want to do some sightseeing, too.",51
scena/mp2000.dat:0x5c69d,scena/mp2000.dat,because of this whole election business.,41
scena/mp2000.dat:0x5c6c6,scena/mp2000.dat,"The scenery is nice, but it's so noisy",39
scena/mp2000.dat:0x5c6fc,scena/mp2000.dat,the mayoral election.,22
scena/mp2000.dat:0x5c712,scena/mp2000.dat,"but I suppose it's understandable, given",41
scena/mp2000.dat:0x5c73b,scena/mp2000.dat,"It doesn't feel much like a peaceful resort town,",50
scena/mp2000.dat:0x5c77c,scena/mp2000.dat,really grating on my nerves.,29
scena/mp2000.dat:0x5c799,scena/mp2000.dat,The campaigners' shouting is,29
scena/mp2000.dat:0x5c7c5,scena/mp2000.dat,No wonder this tour was so cheap.,34
scena/mp2000.dat:0x5c7f6,scena/mp2000.dat,"Oh, good to see you all. Still working, I take it?",51
scena/mp2000.dat:0x5c838,scena/mp2000.dat,moment until my ship home arrives.,35
scena/mp2000.dat:0x5c85b,scena/mp2000.dat,"Me, I'm just taking it easy for a brief",40
scena/mp2000.dat:0x5c892,scena/mp2000.dat,"sea breeze, don't you think?",29
scena/mp2000.dat:0x5c8af,scena/mp2000.dat,*Sigh* Nothing like a good,27
scena/mp2000.dat:0x5c8d9,scena/mp2000.dat,no place in Liberl quite like Ruan.,36
scena/mp2000.dat:0x5c8fd,scena/mp2000.dat,"Man, I'm telling you guys, there's",35
scena/mp2000.dat:0x5c92f,scena/mp2000.dat,"after a long, hard day's work.",31
scena/mp2000.dat:0x5c94e,scena/mp2000.dat,Even the drinks here taste better,34
scena/mp2000.dat:0x5c97f,scena/mp2000.dat,if I could. I really would.,28
scena/mp2000.dat:0x5c99b,scena/mp2000.dat,*Sigh* I'd stay here forever,29
scena/mp2000.dat:0x5c9c7,scena/mp2000.dat,"just...stopped working for a while, you know?",46
scena/mp2000.dat:0x5c9f5,scena/mp2000.dat,I wouldn't complain if the ship headed for Grancel,51
scena/mp2000.dat:0x5ca37,scena/mp2000.dat,to kill until the ship arrives.,32
scena/mp2000.dat:0x5ca57,scena/mp2000.dat,I've still got plenty of time,30
scena/mp2000.dat:0x5ca84,scena/mp2000.dat,something in the meantime. Hmm...,34
scena/mp2000.dat:0x5caa6,scena/mp2000.dat,Maybe I'll grab a bite to eat or,33
scena/mp2000.dat:0x5cad6,scena/mp2000.dat,off about Langland Bridge?,27
scena/mp2000.dat:0x5caf1,scena/mp2000.dat,Have I noticed anything,24
scena/mp2000.dat:0x5cb18,scena/mp2000.dat,by on a tour the other day...?,31
scena/mp2000.dat:0x5cb37,scena/mp2000.dat,stuck in a weird position when I stopped,41
scena/mp2000.dat:0x5cb60,scena/mp2000.dat,"Now that you mention it, I think it was",40
scena/mp2000.dat:0x5cb97,scena/mp2000.dat,else that you noticed at the time?,35
scena/mp2000.dat:0x5cbba,scena/mp2000.dat,That sounds just like...! Was there anything,45
scena/mp2000.dat:0x5cbfa,scena/mp2000.dat,"to mind, at least. Sorry.",26
scena/mp2000.dat:0x5cc14,scena/mp2000.dat,Hmm... Nothing that comes,26
scena/mp2000.dat:0x5cc3e,scena/mp2000.dat,"a little while back, but that's about it.",42
scena/mp2000.dat:0x5cc68,scena/mp2000.dat,there was some maintenance work done on it,43
scena/mp2000.dat:0x5cc93,scena/mp2000.dat,I wonder what's going on with that thing. I know,49
scena/mp2000.dat:0x5ccd3,scena/mp2000.dat,"now, so I really have to go. Sorry about that.",47
scena/mp2000.dat:0x5cd02,scena/mp2000.dat,"Anyways, I'm actually in the middle of a tour right",52
scena/mp2000.dat:0x5cd45,scena/mp2000.dat,go. Thanks for your help.,26
scena/mp2000.dat:0x5cd5f,scena/mp2000.dat,No worries. We'll let you,26
scena/mp2000.dat:0x5cd8c,scena/mp2000.dat,in your way. Thanks for helping.,33
scena/mp2000.dat:0x5cdad,scena/mp2000.dat,That's okay. We won't get,26
scena/mp2000.dat:0x5cdda,scena/mp2000.dat,one of Ruan's most iconic landmarks!,37
scena/mp2000.dat:0x5cdff,scena/mp2000.dat,"This is the Langland Bridge,",29
scena/mp2000.dat:0x5ce2b,scena/mp2000.dat,bridge? Uh... Nope. I don't think so.,38
scena/mp2000.dat:0x5ce51,scena/mp2000.dat,Have we seen anything wrong with the,37
scena/mp2000.dat:0x5ce85,scena/mp2000.dat,you seen the weird fish swimming around here?,46
scena/mp2000.dat:0x5ceb3,scena/mp2000.dat,I couldn't tell you about the bridge. But have,47
scena/mp2000.dat:0x5cef1,scena/mp2000.dat,Weird fish? What do you mean?,30
scena/mp2000.dat:0x5cf22,scena/mp2000.dat,the surface.,13
scena/mp2000.dat:0x5cf2f,scena/mp2000.dat,"when I saw this big, black shadow moving around",48
scena/mp2000.dat:0x5cf5f,scena/mp2000.dat,I mean literally. I was just taking her picture,48
scena/mp2000.dat:0x5cf9e,scena/mp2000.dat,I was lucky.,13
scena/mp2000.dat:0x5cfab,scena/mp2000.dat,didn't. That could've made for a nice payday if,48
scena/mp2000.dat:0x5cfdb,scena/mp2000.dat,"I wish I could've snapped a photo of it, but I",47
scena/mp2000.dat:0x5d019,scena/mp2000.dat,"I'm RIGHT here, baby! Take more pictures of ME!",48
scena/mp2000.dat:0x5d049,scena/mp2000.dat,"Oh, will you shut up about that dumb fish already!",51
scena/mp2000.dat:0x5d08b,scena/mp2000.dat,there's still a chance if I wait long enough!,46
scena/mp2000.dat:0x5d0b9,scena/mp2000.dat,"Aw, man, now you've got me curious! Maybe",42
scena/mp2000.dat:0x5d0f7,scena/mp2000.dat,"you do that, just so you know.",31
scena/mp2000.dat:0x5d116,scena/mp2000.dat,I'm not sticking around if,27
scena/mp2000.dat:0x5d144,scena/mp2000.dat,the surface.,13
scena/mp2000.dat:0x5d151,scena/mp2000.dat,"when I saw this big, black shadow moving around",48
scena/mp2000.dat:0x5d181,scena/mp2000.dat,I mean literally. I was just taking her picture,48
scena/mp2000.dat:0x5d1c0,scena/mp2000.dat,I was lucky.,13
scena/mp2000.dat:0x5d1cd,scena/mp2000.dat,didn't. That could've made for a nice payday if,48
scena/mp2000.dat:0x5d1fd,scena/mp2000.dat,"I wish I could've snapped a photo of it, but I",47
scena/mp2000.dat:0x5d23b,scena/mp2000.dat,"I'm RIGHT here, baby! Take more pictures of ME!",48
scena/mp2000.dat:0x5d26b,scena/mp2000.dat,"Oh, will you shut up about that dumb fish already!",51
scena/mp2000.dat:0x5d2ad,scena/mp2000.dat,Has anything gone wrong with the bridge?,41
scena/mp2000.dat:0x5d2e5,scena/mp2000.dat,"count, now that I think about it.",34
scena/mp2000.dat:0x5d307,scena/mp2000.dat,Hmm... I guess 'that' might,28
scena/mp2000.dat:0x5d332,scena/mp2000.dat,What do you mean?,18
scena/mp2000.dat:0x5d357,scena/mp2000.dat,a little.,10
scena/mp2000.dat:0x5d361,scena/mp2000.dat,the bridge and just admire the ocean. Zone out,47
scena/mp2000.dat:0x5d390,scena/mp2000.dat,"Well, every day, I like to stand in the middle of",50
scena/mp2000.dat:0x5d3d1,scena/mp2000.dat,feet go out from under me where I was standing.,48
scena/mp2000.dat:0x5d401,scena/mp2000.dat,"But one time recently, I suddenly felt my",42
scena/mp2000.dat:0x5d43a,scena/mp2000.dat,to where I was before.,23
scena/mp2000.dat:0x5d451,scena/mp2000.dat,"But then, the next thing I knew, I was back",44
scena/mp2000.dat:0x5d47d,scena/mp2000.dat,I could see the water right underneath me.,43
scena/mp2000.dat:0x5d4b7,scena/mp2000.dat,thought I was about to sleep with the fishes.,46
scena/mp2000.dat:0x5d4e5,scena/mp2000.dat,I was as pale as a ghost after that. I really,46
scena/mp2000.dat:0x5d522,scena/mp2000.dat,that could've gone badly. You got lucky.,41
scena/mp2000.dat:0x5d54b,scena/mp2000.dat,"the bridge when they started pulling it up? Dang,",50
scena/mp2000.dat:0x5d57d,scena/mp2000.dat,"Wait, are you telling me you were standing ON",46
scena/mp2000.dat:0x5d5be,scena/mp2000.dat,go out from under me where I was standing.,43
scena/mp2000.dat:0x5d5e9,scena/mp2000.dat,"One time recently, I suddenly felt my feet",43
scena/mp2000.dat:0x5d623,scena/mp2000.dat,thought I was about to sleep with the fishes.,46
scena/mp2000.dat:0x5d651,scena/mp2000.dat,I was as pale as a ghost after that. I really,46
scena/mp2000.dat:0x5d68e,scena/mp2000.dat,the bridge? Why? Has something happened?,41
scena/mp2000.dat:0x5d6b7,scena/mp2000.dat,You're asking about problems I've seen with,44
scena/mp2000.dat:0x5d6f2,scena/mp2000.dat,We just came here on a little vacation.,40
scena/mp2000.dat:0x5d71a,scena/mp2000.dat,"Sorry, I'm definitely not the guy you should ask.",50
scena/mp2000.dat:0x5d75b,scena/mp2000.dat,out of the water? It was HUGE!,31
scena/mp2000.dat:0x5d77a,scena/mp2000.dat,"Daddy, did you see that fish jump",34
scena/mp2000.dat:0x5d7ac,scena/mp2000.dat,It sure was! I couldn't believe it!,36
scena/mp2000.dat:0x5d7df,scena/mp2000.dat,"Haha, guess I must've missed it. That's a bummer.",50
scena/mp2000.dat:0x5d821,scena/mp2000.dat,on a family retreat? How wonderful!,36
scena/mp2000.dat:0x5d845,scena/mp2000.dat,"Oh my, would you all happen to be",34
scena/mp2000.dat:0x5d87b,scena/mp2000.dat,"It's a lovely city, if I do say so myself.",43
scena/mp2000.dat:0x5d8a6,scena/mp2000.dat,May you all enjoy your stay here in Ruan!,42
scena/mp2000.dat:0x5d8e3,scena/mp2000.dat,"from around here either, mister.",33
scena/mp2000.dat:0x5d904,scena/mp2000.dat,"Last I checked, you're not",27
scena/mp2000.dat:0x5d933,scena/mp2000.dat,I'm really not the right person to ask.,40
scena/mp2000.dat:0x5d95b,scena/mp2000.dat,"Issues with the bridge, huh... Sorry, but",42
scena/mp2000.dat:0x5d994,scena/mp2000.dat,"family vacation, that's all.",29
scena/mp2000.dat:0x5d9b1,scena/mp2000.dat,We just came here on a little,30
scena/mp2000.dat:0x5d9de,scena/mp2000.dat,"In fact, I saw something happen myself.",40
scena/mp2000.dat:0x5da06,scena/mp2000.dat,things going on with the bridge.,33
scena/mp2000.dat:0x5da27,scena/mp2000.dat,"You know, there have been some weird",37
scena/mp2000.dat:0x5da5b,scena/mp2000.dat,"the ship got through safely, but still...",42
scena/mp2000.dat:0x5da85,scena/mp2000.dat,still passing through underneath. Fortunately,46
scena/mp2000.dat:0x5dab3,scena/mp2000.dat,The bridge began to lower while a ship was,43
scena/mp2000.dat:0x5daed,scena/mp2000.dat,the wrong lever on accident or something.,42
scena/mp2000.dat:0x5db17,scena/mp2000.dat,Whoever's controlling it must've pulled,40
scena/mp2000.dat:0x5db4e,scena/mp2000.dat,Who DOES control the bridge?,29
scena/mp2000.dat:0x5db6b,scena/mp2000.dat,"Actually, that's a good point.",31
scena/mp2000.dat:0x5db9d,scena/mp2000.dat,when needed.,13
scena/mp2000.dat:0x5dbaa,scena/mp2000.dat,on a timer. But it can be overridden manually,46
scena/mp2000.dat:0x5dbd8,scena/mp2000.dat,"As far as I know, ordinarily, it runs automatically",52
scena/mp2000.dat:0x5dc1b,scena/mp2000.dat,"somewhere around town, I hear.",31
scena/mp2000.dat:0x5dc3a,scena/mp2000.dat,The control panel is located,29
scena/mp2000.dat:0x5dc66,scena/mp2000.dat,huge bridge whenever you want~?,32
scena/mp2000.dat:0x5dc86,scena/mp2000.dat,you can use it to move this,28
scena/mp2000.dat:0x5dca2,scena/mp2000.dat,"Wow, that's incredible! And",28
scena/mp2000.dat:0x5dcd1,scena/mp2000.dat,not bringing Dorothy along...),31
scena/mp2000.dat:0x5dcf0,scena/mp2000.dat,"(Even if we find it, I'm definitely",36
scena/mp2000.dat:0x5dd2d,scena/mp2000.dat,"the ship got through safely, but still...",42
scena/mp2000.dat:0x5dd57,scena/mp2000.dat,still passing through underneath. Fortunately,46
scena/mp2000.dat:0x5dd85,scena/mp2000.dat,The bridge began to lower while a ship was,43
scena/mp2000.dat:0x5ddbf,scena/mp2000.dat,the wrong lever on accident or something.,42
scena/mp2000.dat:0x5dde9,scena/mp2000.dat,Whoever's controlling it must've pulled,40
scena/mp2000.dat:0x5dfb2,scena/mp2000.dat,                Information Desk,33
scena/mp2000.dat:0x5dfd3,scena/mp2000.dat,*All flights suspended until further notice.,45
scena/mp2000.dat:0x5e000,scena/mp2000.dat,<C1>Airliner Terminal,22
scena/mp2000.dat:0x5e019,scena/mp2000.dat, To City of Zeiss,18
scena/mp2000.dat:0x5e02e,scena/mp2000.dat, To City of Bose,17
scena/mp2000.dat:0x5e03f,scena/mp2000.dat,<C1>Airliner Terminal,22
scena/mp2000.dat:0x5e05e,scena/mp2000.dat,[Liberl Orbalship Co.],23
scena/mp2000.dat:0x5e075,scena/mp2000.dat,<C1>*Carrying flammable or hazardous materials is strictly prohibited.,71
scena/mp2000.dat:0x5e0bc,scena/mp2000.dat,<C1>The door is locked.,24
scena/mp2000.dat:0x5e0d4,scena/mp2000.dat,<C1>The door is locked.,24
scena/mp2000.dat:0x5e0ec,scena/mp2000.dat,<C1>The door is locked.,24
scena/mp2000.dat:0x5e104,scena/mp2000.dat,<C1>The door is locked.,24
scena/mp2000.dat:0x5e11c,scena/mp2000.dat,<C1>The door is locked.,24
scena/mp2000.dat:0x5e134,scena/mp2000.dat,<C1>The door is locked.,24
scena/mp2000.dat:0x5e14c,scena/mp2000.dat,<C1>The door is locked.,24
scena/mp2000.dat:0x5e164,scena/mp2000.dat,Northeast - City of Bose - 441 selge,37
scena/mp2000.dat:0x5e189,scena/mp2000.dat,Manoria Village - 357 selge,28
scena/mp2000.dat:0x5e1a5,scena/mp2000.dat,<C1>Southwest - City of Ruan - 669 selge,41
scena/mp2000.dat:0x5e1ce,scena/mp2000.dat, Manoria Village - 63 selge,28
scena/mp2000.dat:0x5e1ea,scena/mp2000.dat,<C1>East - City of Ruan - 374 selge,36
scena/mp2000.dat:0x5e20e,scena/mp2000.dat,<C1>South - Varenne Lighthouse - 70 selge,42
scena/mp2000.dat:0x5e238,scena/mp2000.dat,<C1>North - Mercia Orphanage,29
scena/mp2000.dat:0x5e255,scena/mp2000.dat, West - Manoria Village - 74 selge,35
scena/mp2000.dat:0x5e278,scena/mp2000.dat,<C1>East - City of Ruan - 238 selge,36
scena/mp2000.dat:0x5e29c,scena/mp2000.dat,North - Manoria Village - 312 selge,36
scena/mp2000.dat:0x5e2c0,scena/mp2000.dat,<C1>South - City of Ruan,25
scena/mp2000.dat:0x5e2d9,scena/mp2000.dat,<C1>East - Jenis Royal Academy - 252 selge,43
scena/mp2000.dat:0x5e304,scena/mp2000.dat, South - Air-Letten - 175 selge,32
scena/mp2000.dat:0x5e324,scena/mp2000.dat,<C1>North - City of Ruan,25
scena/mp2000.dat:0x5e33d,scena/mp2000.dat, South - Air-Letten - 70 selge,31
scena/mp2000.dat:0x5e35c,scena/mp2000.dat,<C1>North - City of Ruan - 105 selge,37
scena/mp2000.dat:0x5e381,scena/mp2000.dat,*Danger! High monster activity!,32
scena/mp2000.dat:0x5e3a1,scena/mp2000.dat,<C1>West - Sapphirl Tower,26
scena/mp2000.dat:0x5e3bb,scena/mp2000.dat,<C1>The door is locked.,24
scena/mp2000.dat:0x5e3d3,scena/mp2000.dat, East - City of Zeiss - 448 selge,34
scena/mp2000.dat:0x5e3f5,scena/mp2000.dat,<C1>West - City of Ruan - 175 selge,36
scena/mp2000.dat:0x5e419,scena/mp2000.dat,Class in Progress,18
scena/mp2000.dat:0x5e42b,scena/mp2000.dat,<C1>Sunday School,18
scena/mp2000.dat:0x5e43d,scena/mp2000.dat,<C1>The back gate appears to be unlocked.,42
scena/mp2000.dat:0x5e467,scena/mp2000.dat,(There's not much reason to go any further.),45
scena/mp2000.dat:0x5e4a9,scena/mp2000.dat,(Got to head back inside the school.),38
scena/mp2000.dat:0x5e4e3,scena/mp2000.dat,<C1>The back gate is locked.,29
scena/mp2000.dat:0x5e587,scena/mp2000.dat,Am I...standing too close?,27
scena/mp2000.dat:0x5e5b5,scena/mp2000.dat,"couple steps back, huh?",24
scena/mp2000.dat:0x5e5cd,scena/mp2000.dat,I should probably take another,31
scena/mp2000.dat:0x5e5ff,scena/mp2000.dat,How does this look?,20
scena/mp2000.dat:0x5e626,scena/mp2000.dat,"Hmm... No, now I'm standing too far.",37
scena/mp2000.dat:0x5e6f5,scena/mp2000.dat,press <I1542> to take the picture.,35
scena/mp2000.dat:0x5e718,scena/mp2000.dat,<C1>*Make Estelle the leader and,33
scena/mp2000.dat:0x5e752,scena/mp2000.dat,something here before...,25
scena/mp2000.dat:0x5e76b,scena/mp2000.dat,Huh? I feel like there was,27
scena/mp2000.dat:0x5e799,scena/mp2000.dat,"Eh, must be my imagination.",28
scena/mp2000.dat:0x5e857,scena/mp2000.dat,<K><#E_2#M_4#B_0><#E_2#M_4#B_0>It's reactin'!,46
scena/mp2000.dat:0x5e885,scena/mp2000.dat,<K><#E_E#M_4#B_0><#E_E#M_4#B_0>Looks like we're gettin' close!,63
scena/mp2000.dat:0x5e8c4,scena/mp2000.dat,<K><#E_0#M_0#B_0><#E_0#M_0#B_0>It should be somewhere 'round here.,67
scena/mp2000.dat:0x5e9cc,scena/mp2000.dat,stuck between the boards.,26
scena/mp2000.dat:0x5e9e6,scena/mp2000.dat,"Hey, I see somethin' shiny",27
scena/mp2000.dat:0x5ea14,scena/mp2000.dat,<C1>Kevin picked up a 10 mira coin.,36
scena/mp2000.dat:0x5ea75,scena/mp2000.dat,"Well, what have we got here?",29
scena/mp2000.dat:0x5eaa5,scena/mp2000.dat,of a local tourist brochure.,29
scena/mp2000.dat:0x5eac2,scena/mp2000.dat,<C1>Kevin found a torn off piece,33
scena/mp2000.dat:0x5eae3,scena/mp2000.dat,"Eh, just trash. Guess I'll throw it away.",42
scena/mp2000.dat:0x5eb2d,scena/mp2000.dat,somethin' written on that fence.,33
scena/mp2000.dat:0x5eb4e,scena/mp2000.dat,"Oho, looks like there's",24
scena/mp2000.dat:0x5eb79,scena/mp2000.dat,<C1>'The Ravens were here! Ruan rules!',40
scena/mp2000.dat:0x5eba1,scena/mp2000.dat,public property. Better clean that up quick.,45
scena/mp2000.dat:0x5ebce,scena/mp2000.dat,Hmm... Tsk tsk. Shouldn't go around taggin',44
scena/mp2000.dat:0x5ec0e,scena/mp2000.dat,          Election Commission,30
scena/mp2000.dat:0x5ec2c,scena/mp2000.dat,polling place on election day.,31
scena/mp2000.dat:0x5ec4b,scena/mp2000.dat,Make sure to visit your,24
scena/mp2000.dat:0x5ec6a,scena/mp2000.dat,Ruan Mayoral Election,22
scena/mp2000.dat:0x5ec80,scena/mp2000.dat,<C1>The door is locked.,24
scena/mp2000.dat:0x5ec98,scena/mp2000.dat,          Jenis Royal Academy,30
scena/mp2000.dat:0x5ecb6,scena/mp2000.dat,during final examination season.,33
scena/mp2000.dat:0x5ecd7,scena/mp2000.dat,<C1>Outside visitors not allowed,33
scena/mp2000.dat:0x5ecf8,scena/mp2000.dat,<C1>The door is locked.,24
scena/mp2000.dat:0x5ed10,scena/mp2000.dat,<C1>The door is shut tight.,28
scena/mp2000.dat:0x5ed2c,scena/mp2000.dat,"(They're still talking, huh?)",30
scena/mp2000.dat:0x5ed5e,scena/mp2000.dat,(Let's search someplace else.),31
scena/mp2000.dat:0x5ed91,scena/mp2000.dat,"too long, someone might catch us.)",35
scena/mp2000.dat:0x5edb4,scena/mp2000.dat,(If we stand around talking for,32
scena/mp2000.dat:0x5ede9,scena/mp2000.dat,(Let's search someplace else.),31
